topology,point_idx,load,cdf_percent,num_edges,num_zeros,first_positive_load,global_x_start
Fat Tree,0,107374182.4,0.0,9252,6144,4294967296.0,107374182.4
Fat Tree,1,4294967296.0,0.0,9252,6144,4294967296.0,107374182.4
Fat Tree,2,4294967296.0,66.41807176826632,9252,6144,4294967296.0,107374182.4
Fat Tree,3,4294967296.0,66.42888024210981,9252,6144,4294967296.0,107374182.4
Fat Tree,4,4294967296.0,66.43968871595331,9252,6144,4294967296.0,107374182.4
Fat Tree,5,4294967296.0,66.45049718979679,9252,6144,4294967296.0,107374182.4
Fat Tree,6,4294967296.0,66.46130566364029,9252,6144,4294967296.0,107374182.4
Fat Tree,7,4294967296.0,66.47211413748379,9252,6144,4294967296.0,107374182.4
Fat Tree,8,4294967296.0,66.48292261132728,9252,6144,4294967296.0,107374182.4
Fat Tree,9,4294967296.0,66.49373108517077,9252,6144,4294967296.0,107374182.4
Fat Tree,10,4294967296.0,66.50453955901426,9252,6144,4294967296.0,107374182.4
Fat Tree,11,4294967296.0,66.51534803285776,9252,6144,4294967296.0,107374182.4
Fat Tree,12,4294967296.0,66.52615650670126,9252,6144,4294967296.0,107374182.4
Fat Tree,13,4294967296.0,66.53696498054474,9252,6144,4294967296.0,107374182.4
Fat Tree,14,4294967296.0,66.54777345438823,9252,6144,4294967296.0,107374182.4
Fat Tree,15,4294967296.0,66.55858192823173,9252,6144,4294967296.0,107374182.4
Fat Tree,16,4294967296.0,66.56939040207523,9252,6144,4294967296.0,107374182.4
Fat Tree,17,4294967296.0,66.58019887591871,9252,6144,4294967296.0,107374182.4
Fat Tree,18,4294967296.0,66.59100734976221,9252,6144,4294967296.0,107374182.4
Fat Tree,19,4294967296.0,66.6018158236057,9252,6144,4294967296.0,107374182.4
Fat Tree,20,4294967296.0,66.6126242974492,9252,6144,4294967296.0,107374182.4
Fat Tree,21,4294967296.0,66.62343277129268,9252,6144,4294967296.0,107374182.4
Fat Tree,22,4294967296.0,66.63424124513618,9252,6144,4294967296.0,107374182.4
Fat Tree,23,4294967296.0,66.64504971897968,9252,6144,4294967296.0,107374182.4
Fat Tree,24,4294967296.0,66.65585819282317,9252,6144,4294967296.0,107374182.4
Fat Tree,25,4294967296.0,66.66666666666666,9252,6144,4294967296.0,107374182.4
Fat Tree,26,4294967296.0,66.67747514051015,9252,6144,4294967296.0,107374182.4
Fat Tree,27,4294967296.0,66.68828361435365,9252,6144,4294967296.0,107374182.4
Fat Tree,28,4294967296.0,66.69909208819715,9252,6144,4294967296.0,107374182.4
Fat Tree,29,4294967296.0,66.70990056204063,9252,6144,4294967296.0,107374182.4
Fat Tree,30,4294967296.0,66.72070903588413,9252,6144,4294967296.0,107374182.4
Fat Tree,31,4294967296.0,66.73151750972762,9252,6144,4294967296.0,107374182.4
Fat Tree,32,4294967296.0,66.74232598357112,9252,6144,4294967296.0,107374182.4
Fat Tree,33,4294967296.0,66.7531344574146,9252,6144,4294967296.0,107374182.4
Fat Tree,34,11640209408.0,66.7639429312581,9252,6144,4294967296.0,107374182.4
Fat Tree,35,11640209408.0,66.7747514051016,9252,6144,4294967296.0,107374182.4
Fat Tree,36,11640209408.0,66.7855598789451,9252,6144,4294967296.0,107374182.4
Fat Tree,37,11640209408.0,66.79636835278858,9252,6144,4294967296.0,107374182.4
Fat Tree,38,11640209408.0,66.80717682663207,9252,6144,4294967296.0,107374182.4
Fat Tree,39,11640209408.0,66.81798530047557,9252,6144,4294967296.0,107374182.4
Fat Tree,40,11640209408.0,66.82879377431907,9252,6144,4294967296.0,107374182.4
Fat Tree,41,11640209408.0,66.83960224816255,9252,6144,4294967296.0,107374182.4
Fat Tree,42,11640209408.0,66.85041072200605,9252,6144,4294967296.0,107374182.4
Fat Tree,43,11640209408.0,66.86121919584954,9252,6144,4294967296.0,107374182.4
Fat Tree,44,11640209408.0,66.87202766969304,9252,6144,4294967296.0,107374182.4
Fat Tree,45,11640209408.0,66.88283614353652,9252,6144,4294967296.0,107374182.4
Fat Tree,46,11640209408.0,66.89364461738002,9252,6144,4294967296.0,107374182.4
Fat Tree,47,11640209408.0,66.90445309122352,9252,6144,4294967296.0,107374182.4
Fat Tree,48,11640209408.0,66.91526156506701,9252,6144,4294967296.0,107374182.4
Fat Tree,49,11640209408.0,66.9260700389105,9252,6144,4294967296.0,107374182.4
Fat Tree,50,11640209408.0,66.93687851275399,9252,6144,4294967296.0,107374182.4
Fat Tree,51,11640209408.0,66.94768698659749,9252,6144,4294967296.0,107374182.4
Fat Tree,52,11640209408.0,66.95849546044099,9252,6144,4294967296.0,107374182.4
Fat Tree,53,11640209408.0,66.96930393428447,9252,6144,4294967296.0,107374182.4
Fat Tree,54,11640209408.0,66.98011240812797,9252,6144,4294967296.0,107374182.4
Fat Tree,55,11640209408.0,66.99092088197146,9252,6144,4294967296.0,107374182.4
Fat Tree,56,11640209408.0,67.00172935581496,9252,6144,4294967296.0,107374182.4
Fat Tree,57,11640209408.0,67.01253782965844,9252,6144,4294967296.0,107374182.4
Fat Tree,58,11640209408.0,67.02334630350194,9252,6144,4294967296.0,107374182.4
Fat Tree,59,11640209408.0,67.03415477734544,9252,6144,4294967296.0,107374182.4
Fat Tree,60,11640209408.0,67.04496325118893,9252,6144,4294967296.0,107374182.4
Fat Tree,61,11640209408.0,67.05577172503241,9252,6144,4294967296.0,107374182.4
Fat Tree,62,11640209408.0,67.06658019887591,9252,6144,4294967296.0,107374182.4
Fat Tree,63,11640209408.0,67.07738867271941,9252,6144,4294967296.0,107374182.4
Fat Tree,64,11640209408.0,67.0881971465629,9252,6144,4294967296.0,107374182.4
Fat Tree,65,11640209408.0,67.09900562040639,9252,6144,4294967296.0,107374182.4
Fat Tree,66,11640209408.0,67.10981409424988,9252,6144,4294967296.0,107374182.4
Fat Tree,67,11640209408.0,67.12062256809338,9252,6144,4294967296.0,107374182.4
Fat Tree,68,11640209408.0,67.13143104193688,9252,6144,4294967296.0,107374182.4
Fat Tree,69,11640209408.0,67.14223951578036,9252,6144,4294967296.0,107374182.4
Fat Tree,70,11640209408.0,67.15304798962386,9252,6144,4294967296.0,107374182.4
Fat Tree,71,11640209408.0,67.16385646346735,9252,6144,4294967296.0,107374182.4
Fat Tree,72,11640209408.0,67.17466493731085,9252,6144,4294967296.0,107374182.4
Fat Tree,73,11640209408.0,67.18547341115433,9252,6144,4294967296.0,107374182.4
Fat Tree,74,11640209408.0,67.19628188499784,9252,6144,4294967296.0,107374182.4
Fat Tree,75,11640209408.0,67.20709035884134,9252,6144,4294967296.0,107374182.4
Fat Tree,76,11640209408.0,67.21789883268482,9252,6144,4294967296.0,107374182.4
Fat Tree,77,11640209408.0,67.22870730652832,9252,6144,4294967296.0,107374182.4
Fat Tree,78,11640209408.0,67.23951578037182,9252,6144,4294967296.0,107374182.4
Fat Tree,79,11640209408.0,67.25032425421531,9252,6144,4294967296.0,107374182.4
Fat Tree,80,11640209408.0,67.2611327280588,9252,6144,4294967296.0,107374182.4
Fat Tree,81,11640209408.0,67.2719412019023,9252,6144,4294967296.0,107374182.4
Fat Tree,82,11640209408.0,67.28274967574579,9252,6144,4294967296.0,107374182.4
Fat Tree,83,11640209408.0,67.29355814958929,9252,6144,4294967296.0,107374182.4
Fat Tree,84,11640209408.0,67.30436662343277,9252,6144,4294967296.0,107374182.4
Fat Tree,85,11640209408.0,67.31517509727627,9252,6144,4294967296.0,107374182.4
Fat Tree,86,11640209408.0,67.32598357111976,9252,6144,4294967296.0,107374182.4
Fat Tree,87,11640209408.0,67.33679204496326,9252,6144,4294967296.0,107374182.4
Fat Tree,88,11640209408.0,67.34760051880674,9252,6144,4294967296.0,107374182.4
Fat Tree,89,11640209408.0,67.35840899265024,9252,6144,4294967296.0,107374182.4
Fat Tree,90,11640209408.0,67.36921746649374,9252,6144,4294967296.0,107374182.4
Fat Tree,91,11640209408.0,67.38002594033723,9252,6144,4294967296.0,107374182.4
Fat Tree,92,11640209408.0,67.39083441418072,9252,6144,4294967296.0,107374182.4
Fat Tree,93,11640209408.0,67.40164288802421,9252,6144,4294967296.0,107374182.4
Fat Tree,94,11640209408.0,67.41245136186771,9252,6144,4294967296.0,107374182.4
Fat Tree,95,11640209408.0,67.4232598357112,9252,6144,4294967296.0,107374182.4
Fat Tree,96,11640209408.0,67.43406830955469,9252,6144,4294967296.0,107374182.4
Fat Tree,97,11640209408.0,67.44487678339819,9252,6144,4294967296.0,107374182.4
Fat Tree,98,11640209408.0,67.45568525724168,9252,6144,4294967296.0,107374182.4
Fat Tree,99,11640209408.0,67.46649373108518,9252,6144,4294967296.0,107374182.4
Fat Tree,100,11640209408.0,67.47730220492866,9252,6144,4294967296.0,107374182.4
Fat Tree,101,11640209408.0,67.48811067877216,9252,6144,4294967296.0,107374182.4
Fat Tree,102,11640209408.0,67.49891915261566,9252,6144,4294967296.0,107374182.4
Fat Tree,103,11640209408.0,67.50972762645915,9252,6144,4294967296.0,107374182.4
Fat Tree,104,11640209408.0,67.52053610030264,9252,6144,4294967296.0,107374182.4
Fat Tree,105,11640209408.0,67.53134457414613,9252,6144,4294967296.0,107374182.4
Fat Tree,106,11640209408.0,67.54215304798963,9252,6144,4294967296.0,107374182.4
Fat Tree,107,11640209408.0,67.55296152183313,9252,6144,4294967296.0,107374182.4
Fat Tree,108,11640209408.0,67.56376999567661,9252,6144,4294967296.0,107374182.4
Fat Tree,109,11640209408.0,67.5745784695201,9252,6144,4294967296.0,107374182.4
Fat Tree,110,11640209408.0,67.5853869433636,9252,6144,4294967296.0,107374182.4
Fat Tree,111,11640209408.0,67.5961954172071,9252,6144,4294967296.0,107374182.4
Fat Tree,112,11640209408.0,67.60700389105058,9252,6144,4294967296.0,107374182.4
Fat Tree,113,11640209408.0,67.61781236489408,9252,6144,4294967296.0,107374182.4
Fat Tree,114,11640209408.0,67.62862083873758,9252,6144,4294967296.0,107374182.4
Fat Tree,115,11640209408.0,67.63942931258107,9252,6144,4294967296.0,107374182.4
Fat Tree,116,11640209408.0,67.65023778642455,9252,6144,4294967296.0,107374182.4
Fat Tree,117,11640209408.0,67.66104626026805,9252,6144,4294967296.0,107374182.4
Fat Tree,118,11640209408.0,67.67185473411155,9252,6144,4294967296.0,107374182.4
Fat Tree,119,11640209408.0,67.68266320795504,9252,6144,4294967296.0,107374182.4
Fat Tree,120,11640209408.0,67.69347168179853,9252,6144,4294967296.0,107374182.4
Fat Tree,121,11640209408.0,67.70428015564202,9252,6144,4294967296.0,107374182.4
Fat Tree,122,11640209408.0,67.71508862948552,9252,6144,4294967296.0,107374182.4
Fat Tree,123,11640209408.0,67.72589710332902,9252,6144,4294967296.0,107374182.4
Fat Tree,124,11640209408.0,67.7367055771725,9252,6144,4294967296.0,107374182.4
Fat Tree,125,11640209408.0,67.747514051016,9252,6144,4294967296.0,107374182.4
Fat Tree,126,11640209408.0,67.7583225248595,9252,6144,4294967296.0,107374182.4
Fat Tree,127,11640209408.0,67.76913099870299,9252,6144,4294967296.0,107374182.4
Fat Tree,128,11640209408.0,67.77993947254647,9252,6144,4294967296.0,107374182.4
Fat Tree,129,11640209408.0,67.79074794638997,9252,6144,4294967296.0,107374182.4
Fat Tree,130,11640209408.0,67.80155642023347,9252,6144,4294967296.0,107374182.4
Fat Tree,131,11640209408.0,67.81236489407696,9252,6144,4294967296.0,107374182.4
Fat Tree,132,11640209408.0,67.82317336792045,9252,6144,4294967296.0,107374182.4
Fat Tree,133,11640209408.0,67.83398184176394,9252,6144,4294967296.0,107374182.4
Fat Tree,134,11640209408.0,67.84479031560744,9252,6144,4294967296.0,107374182.4
Fat Tree,135,11640209408.0,67.85559878945094,9252,6144,4294967296.0,107374182.4
Fat Tree,136,11640209408.0,67.86640726329442,9252,6144,4294967296.0,107374182.4
Fat Tree,137,11640209408.0,67.87721573713792,9252,6144,4294967296.0,107374182.4
Fat Tree,138,11640209408.0,67.88802421098141,9252,6144,4294967296.0,107374182.4
Fat Tree,139,11640209408.0,67.89883268482491,9252,6144,4294967296.0,107374182.4
Fat Tree,140,11640209408.0,67.90964115866839,9252,6144,4294967296.0,107374182.4
Fat Tree,141,11640209408.0,67.92044963251189,9252,6144,4294967296.0,107374182.4
Fat Tree,142,11640209408.0,67.93125810635539,9252,6144,4294967296.0,107374182.4
Fat Tree,143,11640209408.0,67.94206658019888,9252,6144,4294967296.0,107374182.4
Fat Tree,144,11640209408.0,67.95287505404237,9252,6144,4294967296.0,107374182.4
Fat Tree,145,11640209408.0,67.96368352788586,9252,6144,4294967296.0,107374182.4
Fat Tree,146,11640209408.0,67.97449200172936,9252,6144,4294967296.0,107374182.4
Fat Tree,147,11640209408.0,67.98530047557286,9252,6144,4294967296.0,107374182.4
Fat Tree,148,11640209408.0,67.99610894941634,9252,6144,4294967296.0,107374182.4
Fat Tree,149,11640209408.0,68.00691742325984,9252,6144,4294967296.0,107374182.4
Fat Tree,150,11640209408.0,68.01772589710333,9252,6144,4294967296.0,107374182.4
Fat Tree,151,11640209408.0,68.02853437094683,9252,6144,4294967296.0,107374182.4
Fat Tree,152,11640209408.0,68.03934284479031,9252,6144,4294967296.0,107374182.4
Fat Tree,153,11640209408.0,68.05015131863381,9252,6144,4294967296.0,107374182.4
Fat Tree,154,11640209408.0,68.0609597924773,9252,6144,4294967296.0,107374182.4
Fat Tree,155,11640209408.0,68.0717682663208,9252,6144,4294967296.0,107374182.4
Fat Tree,156,11640209408.0,68.08257674016428,9252,6144,4294967296.0,107374182.4
Fat Tree,157,11640209408.0,68.09338521400778,9252,6144,4294967296.0,107374182.4
Fat Tree,158,11640209408.0,68.10419368785128,9252,6144,4294967296.0,107374182.4
Fat Tree,159,11640209408.0,68.11500216169478,9252,6144,4294967296.0,107374182.4
Fat Tree,160,11640209408.0,68.12581063553826,9252,6144,4294967296.0,107374182.4
Fat Tree,161,11640209408.0,68.13661910938175,9252,6144,4294967296.0,107374182.4
Fat Tree,162,11640209408.0,68.14742758322525,9252,6144,4294967296.0,107374182.4
Fat Tree,163,11640209408.0,68.15823605706875,9252,6144,4294967296.0,107374182.4
Fat Tree,164,11640209408.0,68.16904453091223,9252,6144,4294967296.0,107374182.4
Fat Tree,165,11640209408.0,68.17985300475573,9252,6144,4294967296.0,107374182.4
Fat Tree,166,11640209408.0,68.19066147859922,9252,6144,4294967296.0,107374182.4
Fat Tree,167,11640209408.0,68.20146995244272,9252,6144,4294967296.0,107374182.4
Fat Tree,168,11640209408.0,68.2122784262862,9252,6144,4294967296.0,107374182.4
Fat Tree,169,11640209408.0,68.2230869001297,9252,6144,4294967296.0,107374182.4
Fat Tree,170,11640209408.0,68.2338953739732,9252,6144,4294967296.0,107374182.4
Fat Tree,171,11640209408.0,68.2447038478167,9252,6144,4294967296.0,107374182.4
Fat Tree,172,11640209408.0,68.25551232166018,9252,6144,4294967296.0,107374182.4
Fat Tree,173,11640209408.0,68.26632079550367,9252,6144,4294967296.0,107374182.4
Fat Tree,174,11640209408.0,68.27712926934717,9252,6144,4294967296.0,107374182.4
Fat Tree,175,11640209408.0,68.28793774319067,9252,6144,4294967296.0,107374182.4
Fat Tree,176,11640209408.0,68.29874621703415,9252,6144,4294967296.0,107374182.4
Fat Tree,177,11640209408.0,68.30955469087765,9252,6144,4294967296.0,107374182.4
Fat Tree,178,11640209408.0,68.32036316472114,9252,6144,4294967296.0,107374182.4
Fat Tree,179,11640209408.0,68.33117163856464,9252,6144,4294967296.0,107374182.4
Fat Tree,180,11640209408.0,68.34198011240812,9252,6144,4294967296.0,107374182.4
Fat Tree,181,11640209408.0,68.35278858625162,9252,6144,4294967296.0,107374182.4
Fat Tree,182,11640209408.0,68.36359706009512,9252,6144,4294967296.0,107374182.4
Fat Tree,183,11640209408.0,68.37440553393861,9252,6144,4294967296.0,107374182.4
Fat Tree,184,11640209408.0,68.3852140077821,9252,6144,4294967296.0,107374182.4
Fat Tree,185,11640209408.0,68.3960224816256,9252,6144,4294967296.0,107374182.4
Fat Tree,186,11640209408.0,68.40683095546909,9252,6144,4294967296.0,107374182.4
Fat Tree,187,11640209408.0,68.41763942931259,9252,6144,4294967296.0,107374182.4
Fat Tree,188,11640209408.0,68.42844790315607,9252,6144,4294967296.0,107374182.4
Fat Tree,189,11640209408.0,68.43925637699957,9252,6144,4294967296.0,107374182.4
Fat Tree,190,11640209408.0,68.45006485084306,9252,6144,4294967296.0,107374182.4
Fat Tree,191,11640209408.0,68.46087332468656,9252,6144,4294967296.0,107374182.4
Fat Tree,192,11640209408.0,68.47168179853004,9252,6144,4294967296.0,107374182.4
Fat Tree,193,11640209408.0,68.48249027237354,9252,6144,4294967296.0,107374182.4
Fat Tree,194,11640209408.0,68.49329874621704,9252,6144,4294967296.0,107374182.4
Fat Tree,195,11640209408.0,68.50410722006053,9252,6144,4294967296.0,107374182.4
Fat Tree,196,11640209408.0,68.51491569390402,9252,6144,4294967296.0,107374182.4
Fat Tree,197,11640209408.0,68.52572416774751,9252,6144,4294967296.0,107374182.4
Fat Tree,198,11640209408.0,68.53653264159101,9252,6144,4294967296.0,107374182.4
Fat Tree,199,11640209408.0,68.5473411154345,9252,6144,4294967296.0,107374182.4
Fat Tree,200,11640209408.0,68.55814958927799,9252,6144,4294967296.0,107374182.4
Fat Tree,201,11640209408.0,68.56895806312149,9252,6144,4294967296.0,107374182.4
Fat Tree,202,11640209408.0,68.57976653696498,9252,6144,4294967296.0,107374182.4
Fat Tree,203,11640209408.0,68.59057501080848,9252,6144,4294967296.0,107374182.4
Fat Tree,204,11640209408.0,68.60138348465196,9252,6144,4294967296.0,107374182.4
Fat Tree,205,11640209408.0,68.61219195849546,9252,6144,4294967296.0,107374182.4
Fat Tree,206,11640209408.0,68.62300043233896,9252,6144,4294967296.0,107374182.4
Fat Tree,207,11640209408.0,68.63380890618245,9252,6144,4294967296.0,107374182.4
Fat Tree,208,11640209408.0,68.64461738002593,9252,6144,4294967296.0,107374182.4
Fat Tree,209,11640209408.0,68.65542585386943,9252,6144,4294967296.0,107374182.4
Fat Tree,210,11640209408.0,68.66623432771293,9252,6144,4294967296.0,107374182.4
Fat Tree,211,11640209408.0,68.67704280155642,9252,6144,4294967296.0,107374182.4
Fat Tree,212,11640209408.0,68.68785127539991,9252,6144,4294967296.0,107374182.4
Fat Tree,213,11640209408.0,68.6986597492434,9252,6144,4294967296.0,107374182.4
Fat Tree,214,11640209408.0,68.7094682230869,9252,6144,4294967296.0,107374182.4
Fat Tree,215,11640209408.0,68.7202766969304,9252,6144,4294967296.0,107374182.4
Fat Tree,216,11640209408.0,68.73108517077388,9252,6144,4294967296.0,107374182.4
Fat Tree,217,11640209408.0,68.74189364461738,9252,6144,4294967296.0,107374182.4
Fat Tree,218,11640209408.0,68.75270211846087,9252,6144,4294967296.0,107374182.4
Fat Tree,219,11640209408.0,68.76351059230437,9252,6144,4294967296.0,107374182.4
Fat Tree,220,11640209408.0,68.77431906614785,9252,6144,4294967296.0,107374182.4
Fat Tree,221,11640209408.0,68.78512753999135,9252,6144,4294967296.0,107374182.4
Fat Tree,222,11640209408.0,68.79593601383485,9252,6144,4294967296.0,107374182.4
Fat Tree,223,11640209408.0,68.80674448767834,9252,6144,4294967296.0,107374182.4
Fat Tree,224,11640209408.0,68.81755296152183,9252,6144,4294967296.0,107374182.4
Fat Tree,225,11640209408.0,68.82836143536532,9252,6144,4294967296.0,107374182.4
Fat Tree,226,11640209408.0,68.83916990920882,9252,6144,4294967296.0,107374182.4
Fat Tree,227,11640209408.0,68.84997838305232,9252,6144,4294967296.0,107374182.4
Fat Tree,228,11640209408.0,68.8607868568958,9252,6144,4294967296.0,107374182.4
Fat Tree,229,11640209408.0,68.8715953307393,9252,6144,4294967296.0,107374182.4
Fat Tree,230,11640209408.0,68.8824038045828,9252,6144,4294967296.0,107374182.4
Fat Tree,231,11640209408.0,68.89321227842629,9252,6144,4294967296.0,107374182.4
Fat Tree,232,11640209408.0,68.90402075226977,9252,6144,4294967296.0,107374182.4
Fat Tree,233,11640209408.0,68.91482922611327,9252,6144,4294967296.0,107374182.4
Fat Tree,234,11640209408.0,68.92563769995677,9252,6144,4294967296.0,107374182.4
Fat Tree,235,11640209408.0,68.93644617380026,9252,6144,4294967296.0,107374182.4
Fat Tree,236,11640209408.0,68.94725464764375,9252,6144,4294967296.0,107374182.4
Fat Tree,237,11640209408.0,68.95806312148724,9252,6144,4294967296.0,107374182.4
Fat Tree,238,11640209408.0,68.96887159533074,9252,6144,4294967296.0,107374182.4
Fat Tree,239,11640209408.0,68.97968006917424,9252,6144,4294967296.0,107374182.4
Fat Tree,240,11640209408.0,68.99048854301772,9252,6144,4294967296.0,107374182.4
Fat Tree,241,11640209408.0,69.00129701686122,9252,6144,4294967296.0,107374182.4
Fat Tree,242,11640209408.0,69.01210549070471,9252,6144,4294967296.0,107374182.4
Fat Tree,243,11640209408.0,69.02291396454821,9252,6144,4294967296.0,107374182.4
Fat Tree,244,11640209408.0,69.03372243839169,9252,6144,4294967296.0,107374182.4
Fat Tree,245,11640209408.0,69.04453091223519,9252,6144,4294967296.0,107374182.4
Fat Tree,246,11640209408.0,69.05533938607869,9252,6144,4294967296.0,107374182.4
Fat Tree,247,11640209408.0,69.06614785992218,9252,6144,4294967296.0,107374182.4
Fat Tree,248,11640209408.0,69.07695633376566,9252,6144,4294967296.0,107374182.4
Fat Tree,249,11640209408.0,69.08776480760916,9252,6144,4294967296.0,107374182.4
Fat Tree,250,11640209408.0,69.09857328145266,9252,6144,4294967296.0,107374182.4
Fat Tree,251,11640209408.0,69.10938175529616,9252,6144,4294967296.0,107374182.4
Fat Tree,252,11640209408.0,69.12019022913964,9252,6144,4294967296.0,107374182.4
Fat Tree,253,11640209408.0,69.13099870298313,9252,6144,4294967296.0,107374182.4
Fat Tree,254,11640209408.0,69.14180717682663,9252,6144,4294967296.0,107374182.4
Fat Tree,255,11640209408.0,69.15261565067013,9252,6144,4294967296.0,107374182.4
Fat Tree,256,11640209408.0,69.16342412451361,9252,6144,4294967296.0,107374182.4
Fat Tree,257,11640209408.0,69.17423259835711,9252,6144,4294967296.0,107374182.4
Fat Tree,258,11640209408.0,69.1850410722006,9252,6144,4294967296.0,107374182.4
Fat Tree,259,11640209408.0,69.1958495460441,9252,6144,4294967296.0,107374182.4
Fat Tree,260,11640209408.0,69.20665801988758,9252,6144,4294967296.0,107374182.4
Fat Tree,261,11640209408.0,69.21746649373108,9252,6144,4294967296.0,107374182.4
Fat Tree,262,11640209408.0,69.22827496757458,9252,6144,4294967296.0,107374182.4
Fat Tree,263,11640209408.0,69.23908344141807,9252,6144,4294967296.0,107374182.4
Fat Tree,264,11640209408.0,69.24989191526156,9252,6144,4294967296.0,107374182.4
Fat Tree,265,11640209408.0,69.26070038910505,9252,6144,4294967296.0,107374182.4
Fat Tree,266,11640209408.0,69.27150886294855,9252,6144,4294967296.0,107374182.4
Fat Tree,267,11640209408.0,69.28231733679205,9252,6144,4294967296.0,107374182.4
Fat Tree,268,11640209408.0,69.29312581063553,9252,6144,4294967296.0,107374182.4
Fat Tree,269,11640209408.0,69.30393428447903,9252,6144,4294967296.0,107374182.4
Fat Tree,270,11640209408.0,69.31474275832252,9252,6144,4294967296.0,107374182.4
Fat Tree,271,11640209408.0,69.32555123216602,9252,6144,4294967296.0,107374182.4
Fat Tree,272,11640209408.0,69.3363597060095,9252,6144,4294967296.0,107374182.4
Fat Tree,273,11640209408.0,69.347168179853,9252,6144,4294967296.0,107374182.4
Fat Tree,274,11640209408.0,69.3579766536965,9252,6144,4294967296.0,107374182.4
Fat Tree,275,11640209408.0,69.36878512754,9252,6144,4294967296.0,107374182.4
Fat Tree,276,11640209408.0,69.37959360138348,9252,6144,4294967296.0,107374182.4
Fat Tree,277,11640209408.0,69.39040207522697,9252,6144,4294967296.0,107374182.4
Fat Tree,278,11640209408.0,69.40121054907047,9252,6144,4294967296.0,107374182.4
Fat Tree,279,11640209408.0,69.41201902291397,9252,6144,4294967296.0,107374182.4
Fat Tree,280,11640209408.0,69.42282749675745,9252,6144,4294967296.0,107374182.4
Fat Tree,281,11640209408.0,69.43363597060095,9252,6144,4294967296.0,107374182.4
Fat Tree,282,11640209408.0,69.44444444444444,9252,6144,4294967296.0,107374182.4
Fat Tree,283,11640209408.0,69.45525291828794,9252,6144,4294967296.0,107374182.4
Fat Tree,284,11640209408.0,69.46606139213142,9252,6144,4294967296.0,107374182.4
Fat Tree,285,11640209408.0,69.47686986597492,9252,6144,4294967296.0,107374182.4
Fat Tree,286,11640209408.0,69.48767833981842,9252,6144,4294967296.0,107374182.4
Fat Tree,287,11640209408.0,69.49848681366191,9252,6144,4294967296.0,107374182.4
Fat Tree,288,11640209408.0,69.5092952875054,9252,6144,4294967296.0,107374182.4
Fat Tree,289,11640209408.0,69.52010376134889,9252,6144,4294967296.0,107374182.4
Fat Tree,290,11640209408.0,69.53091223519239,9252,6144,4294967296.0,107374182.4
Fat Tree,291,11640209408.0,69.54172070903589,9252,6144,4294967296.0,107374182.4
Fat Tree,292,11640209408.0,69.55252918287937,9252,6144,4294967296.0,107374182.4
Fat Tree,293,11640209408.0,69.56333765672287,9252,6144,4294967296.0,107374182.4
Fat Tree,294,11640209408.0,69.57414613056636,9252,6144,4294967296.0,107374182.4
Fat Tree,295,11640209408.0,69.58495460440986,9252,6144,4294967296.0,107374182.4
Fat Tree,296,11640209408.0,69.59576307825334,9252,6144,4294967296.0,107374182.4
Fat Tree,297,11640209408.0,69.60657155209684,9252,6144,4294967296.0,107374182.4
Fat Tree,298,11640209408.0,69.61738002594034,9252,6144,4294967296.0,107374182.4
Fat Tree,299,11640209408.0,69.62818849978383,9252,6144,4294967296.0,107374182.4
Fat Tree,300,11640209408.0,69.63899697362731,9252,6144,4294967296.0,107374182.4
Fat Tree,301,11640209408.0,69.64980544747081,9252,6144,4294967296.0,107374182.4
Fat Tree,302,11640209408.0,69.66061392131431,9252,6144,4294967296.0,107374182.4
Fat Tree,303,11640209408.0,69.6714223951578,9252,6144,4294967296.0,107374182.4
Fat Tree,304,11640209408.0,69.68223086900129,9252,6144,4294967296.0,107374182.4
Fat Tree,305,11640209408.0,69.69303934284478,9252,6144,4294967296.0,107374182.4
Fat Tree,306,11640209408.0,69.70384781668828,9252,6144,4294967296.0,107374182.4
Fat Tree,307,11640209408.0,69.71465629053178,9252,6144,4294967296.0,107374182.4
Fat Tree,308,11640209408.0,69.72546476437526,9252,6144,4294967296.0,107374182.4
Fat Tree,309,11640209408.0,69.73627323821876,9252,6144,4294967296.0,107374182.4
Fat Tree,310,11640209408.0,69.74708171206225,9252,6144,4294967296.0,107374182.4
Fat Tree,311,11640209408.0,69.75789018590575,9252,6144,4294967296.0,107374182.4
Fat Tree,312,11640209408.0,69.76869865974923,9252,6144,4294967296.0,107374182.4
Fat Tree,313,11640209408.0,69.77950713359273,9252,6144,4294967296.0,107374182.4
Fat Tree,314,11640209408.0,69.79031560743623,9252,6144,4294967296.0,107374182.4
Fat Tree,315,11640209408.0,69.80112408127972,9252,6144,4294967296.0,107374182.4
Fat Tree,316,11640209408.0,69.8119325551232,9252,6144,4294967296.0,107374182.4
Fat Tree,317,11640209408.0,69.8227410289667,9252,6144,4294967296.0,107374182.4
Fat Tree,318,11640209408.0,69.8335495028102,9252,6144,4294967296.0,107374182.4
Fat Tree,319,11640209408.0,69.8443579766537,9252,6144,4294967296.0,107374182.4
Fat Tree,320,11640209408.0,69.85516645049718,9252,6144,4294967296.0,107374182.4
Fat Tree,321,11640209408.0,69.86597492434068,9252,6144,4294967296.0,107374182.4
Fat Tree,322,11640209408.0,69.87678339818417,9252,6144,4294967296.0,107374182.4
Fat Tree,323,11640209408.0,69.88759187202767,9252,6144,4294967296.0,107374182.4
Fat Tree,324,11640209408.0,69.89840034587115,9252,6144,4294967296.0,107374182.4
Fat Tree,325,11640209408.0,69.90920881971465,9252,6144,4294967296.0,107374182.4
Fat Tree,326,11640209408.0,69.92001729355815,9252,6144,4294967296.0,107374182.4
Fat Tree,327,11640209408.0,69.93082576740164,9252,6144,4294967296.0,107374182.4
Fat Tree,328,11640209408.0,69.94163424124513,9252,6144,4294967296.0,107374182.4
Fat Tree,329,11640209408.0,69.95244271508862,9252,6144,4294967296.0,107374182.4
Fat Tree,330,11640209408.0,69.96325118893212,9252,6144,4294967296.0,107374182.4
Fat Tree,331,11640209408.0,69.97405966277562,9252,6144,4294967296.0,107374182.4
Fat Tree,332,11640209408.0,69.9848681366191,9252,6144,4294967296.0,107374182.4
Fat Tree,333,11640209408.0,69.9956766104626,9252,6144,4294967296.0,107374182.4
Fat Tree,334,11640209408.0,70.00648508430609,9252,6144,4294967296.0,107374182.4
Fat Tree,335,11640209408.0,70.01729355814959,9252,6144,4294967296.0,107374182.4
Fat Tree,336,11640209408.0,70.02810203199307,9252,6144,4294967296.0,107374182.4
Fat Tree,337,11640209408.0,70.03891050583657,9252,6144,4294967296.0,107374182.4
Fat Tree,338,11640209408.0,70.04971897968007,9252,6144,4294967296.0,107374182.4
Fat Tree,339,11640209408.0,70.06052745352356,9252,6144,4294967296.0,107374182.4
Fat Tree,340,11640209408.0,70.07133592736704,9252,6144,4294967296.0,107374182.4
Fat Tree,341,11640209408.0,70.08214440121054,9252,6144,4294967296.0,107374182.4
Fat Tree,342,11640209408.0,70.09295287505404,9252,6144,4294967296.0,107374182.4
Fat Tree,343,11640209408.0,70.10376134889754,9252,6144,4294967296.0,107374182.4
Fat Tree,344,11640209408.0,70.11456982274102,9252,6144,4294967296.0,107374182.4
Fat Tree,345,11640209408.0,70.12537829658451,9252,6144,4294967296.0,107374182.4
Fat Tree,346,11640209408.0,70.13618677042801,9252,6144,4294967296.0,107374182.4
Fat Tree,347,11640209408.0,70.14699524427151,9252,6144,4294967296.0,107374182.4
Fat Tree,348,11640209408.0,70.15780371811499,9252,6144,4294967296.0,107374182.4
Fat Tree,349,11640209408.0,70.16861219195849,9252,6144,4294967296.0,107374182.4
Fat Tree,350,11640209408.0,70.17942066580198,9252,6144,4294967296.0,107374182.4
Fat Tree,351,11640209408.0,70.19022913964548,9252,6144,4294967296.0,107374182.4
Fat Tree,352,11640209408.0,70.20103761348896,9252,6144,4294967296.0,107374182.4
Fat Tree,353,11640209408.0,70.21184608733246,9252,6144,4294967296.0,107374182.4
Fat Tree,354,11640209408.0,70.22265456117596,9252,6144,4294967296.0,107374182.4
Fat Tree,355,11640209408.0,70.23346303501945,9252,6144,4294967296.0,107374182.4
Fat Tree,356,11640209408.0,70.24427150886294,9252,6144,4294967296.0,107374182.4
Fat Tree,357,11640209408.0,70.25507998270643,9252,6144,4294967296.0,107374182.4
Fat Tree,358,11640209408.0,70.26588845654993,9252,6144,4294967296.0,107374182.4
Fat Tree,359,11640209408.0,70.27669693039343,9252,6144,4294967296.0,107374182.4
Fat Tree,360,11640209408.0,70.28750540423691,9252,6144,4294967296.0,107374182.4
Fat Tree,361,11640209408.0,70.2983138780804,9252,6144,4294967296.0,107374182.4
Fat Tree,362,11640209408.0,70.3091223519239,9252,6144,4294967296.0,107374182.4
Fat Tree,363,11640209408.0,70.3199308257674,9252,6144,4294967296.0,107374182.4
Fat Tree,364,11640209408.0,70.3307392996109,9252,6144,4294967296.0,107374182.4
Fat Tree,365,11640209408.0,70.3415477734544,9252,6144,4294967296.0,107374182.4
Fat Tree,366,11640209408.0,70.35235624729789,9252,6144,4294967296.0,107374182.4
Fat Tree,367,11640209408.0,70.36316472114137,9252,6144,4294967296.0,107374182.4
Fat Tree,368,11640209408.0,70.37397319498487,9252,6144,4294967296.0,107374182.4
Fat Tree,369,11640209408.0,70.38478166882837,9252,6144,4294967296.0,107374182.4
Fat Tree,370,11640209408.0,70.39559014267186,9252,6144,4294967296.0,107374182.4
Fat Tree,371,11640209408.0,70.40639861651535,9252,6144,4294967296.0,107374182.4
Fat Tree,372,11640209408.0,70.41720709035884,9252,6144,4294967296.0,107374182.4
Fat Tree,373,11640209408.0,70.42801556420234,9252,6144,4294967296.0,107374182.4
Fat Tree,374,11640209408.0,70.43882403804584,9252,6144,4294967296.0,107374182.4
Fat Tree,375,11640209408.0,70.44963251188932,9252,6144,4294967296.0,107374182.4
Fat Tree,376,11640209408.0,70.46044098573282,9252,6144,4294967296.0,107374182.4
Fat Tree,377,11640209408.0,70.47124945957631,9252,6144,4294967296.0,107374182.4
Fat Tree,378,11640209408.0,70.48205793341981,9252,6144,4294967296.0,107374182.4
Fat Tree,379,11640209408.0,70.49286640726329,9252,6144,4294967296.0,107374182.4
Fat Tree,380,11640209408.0,70.50367488110679,9252,6144,4294967296.0,107374182.4
Fat Tree,381,11640209408.0,70.51448335495029,9252,6144,4294967296.0,107374182.4
Fat Tree,382,11640209408.0,70.52529182879378,9252,6144,4294967296.0,107374182.4
Fat Tree,383,11640209408.0,70.53610030263727,9252,6144,4294967296.0,107374182.4
Fat Tree,384,11640209408.0,70.54690877648076,9252,6144,4294967296.0,107374182.4
Fat Tree,385,11640209408.0,70.55771725032426,9252,6144,4294967296.0,107374182.4
Fat Tree,386,11640209408.0,70.56852572416776,9252,6144,4294967296.0,107374182.4
Fat Tree,387,11640209408.0,70.57933419801124,9252,6144,4294967296.0,107374182.4
Fat Tree,388,11640209408.0,70.59014267185474,9252,6144,4294967296.0,107374182.4
Fat Tree,389,11640209408.0,70.60095114569823,9252,6144,4294967296.0,107374182.4
Fat Tree,390,11640209408.0,70.61175961954173,9252,6144,4294967296.0,107374182.4
Fat Tree,391,11640209408.0,70.62256809338521,9252,6144,4294967296.0,107374182.4
Fat Tree,392,11640209408.0,70.63337656722871,9252,6144,4294967296.0,107374182.4
Fat Tree,393,11640209408.0,70.6441850410722,9252,6144,4294967296.0,107374182.4
Fat Tree,394,11640209408.0,70.6549935149157,9252,6144,4294967296.0,107374182.4
Fat Tree,395,11640209408.0,70.66580198875918,9252,6144,4294967296.0,107374182.4
Fat Tree,396,11640209408.0,70.67661046260268,9252,6144,4294967296.0,107374182.4
Fat Tree,397,11640209408.0,70.68741893644618,9252,6144,4294967296.0,107374182.4
Fat Tree,398,11640209408.0,70.69822741028968,9252,6144,4294967296.0,107374182.4
Fat Tree,399,11640209408.0,70.70903588413316,9252,6144,4294967296.0,107374182.4
Fat Tree,400,11640209408.0,70.71984435797665,9252,6144,4294967296.0,107374182.4
Fat Tree,401,11640209408.0,70.73065283182015,9252,6144,4294967296.0,107374182.4
Fat Tree,402,11640209408.0,70.74146130566365,9252,6144,4294967296.0,107374182.4
Fat Tree,403,11640209408.0,70.75226977950713,9252,6144,4294967296.0,107374182.4
Fat Tree,404,11640209408.0,70.76307825335063,9252,6144,4294967296.0,107374182.4
Fat Tree,405,11640209408.0,70.77388672719412,9252,6144,4294967296.0,107374182.4
Fat Tree,406,11640209408.0,70.78469520103762,9252,6144,4294967296.0,107374182.4
Fat Tree,407,11640209408.0,70.7955036748811,9252,6144,4294967296.0,107374182.4
Fat Tree,408,11640209408.0,70.8063121487246,9252,6144,4294967296.0,107374182.4
Fat Tree,409,11640209408.0,70.8171206225681,9252,6144,4294967296.0,107374182.4
Fat Tree,410,11640209408.0,70.8279290964116,9252,6144,4294967296.0,107374182.4
Fat Tree,411,11640209408.0,70.83873757025508,9252,6144,4294967296.0,107374182.4
Fat Tree,412,11640209408.0,70.84954604409857,9252,6144,4294967296.0,107374182.4
Fat Tree,413,11640209408.0,70.86035451794207,9252,6144,4294967296.0,107374182.4
Fat Tree,414,11640209408.0,70.87116299178557,9252,6144,4294967296.0,107374182.4
Fat Tree,415,11640209408.0,70.88197146562905,9252,6144,4294967296.0,107374182.4
Fat Tree,416,11640209408.0,70.89277993947255,9252,6144,4294967296.0,107374182.4
Fat Tree,417,11640209408.0,70.90358841331604,9252,6144,4294967296.0,107374182.4
Fat Tree,418,11640209408.0,70.91439688715954,9252,6144,4294967296.0,107374182.4
Fat Tree,419,11640209408.0,70.92520536100302,9252,6144,4294967296.0,107374182.4
Fat Tree,420,11640209408.0,70.93601383484652,9252,6144,4294967296.0,107374182.4
Fat Tree,421,11640209408.0,70.94682230869002,9252,6144,4294967296.0,107374182.4
Fat Tree,422,11640209408.0,70.95763078253351,9252,6144,4294967296.0,107374182.4
Fat Tree,423,11640209408.0,70.968439256377,9252,6144,4294967296.0,107374182.4
Fat Tree,424,11640209408.0,70.9792477302205,9252,6144,4294967296.0,107374182.4
Fat Tree,425,11640209408.0,70.99005620406399,9252,6144,4294967296.0,107374182.4
Fat Tree,426,11640209408.0,71.00086467790749,9252,6144,4294967296.0,107374182.4
Fat Tree,427,11640209408.0,71.01167315175097,9252,6144,4294967296.0,107374182.4
Fat Tree,428,11640209408.0,71.02248162559447,9252,6144,4294967296.0,107374182.4
Fat Tree,429,11640209408.0,71.03329009943796,9252,6144,4294967296.0,107374182.4
Fat Tree,430,11640209408.0,71.04409857328146,9252,6144,4294967296.0,107374182.4
Fat Tree,431,11640209408.0,71.05490704712494,9252,6144,4294967296.0,107374182.4
Fat Tree,432,11640209408.0,71.06571552096844,9252,6144,4294967296.0,107374182.4
Fat Tree,433,11640209408.0,71.07652399481194,9252,6144,4294967296.0,107374182.4
Fat Tree,434,11640209408.0,71.08733246865543,9252,6144,4294967296.0,107374182.4
Fat Tree,435,11640209408.0,71.09814094249892,9252,6144,4294967296.0,107374182.4
Fat Tree,436,11640209408.0,71.10894941634241,9252,6144,4294967296.0,107374182.4
Fat Tree,437,11640209408.0,71.11975789018591,9252,6144,4294967296.0,107374182.4
Fat Tree,438,11640209408.0,71.1305663640294,9252,6144,4294967296.0,107374182.4
Fat Tree,439,11640209408.0,71.14137483787289,9252,6144,4294967296.0,107374182.4
Fat Tree,440,11640209408.0,71.15218331171639,9252,6144,4294967296.0,107374182.4
Fat Tree,441,11640209408.0,71.16299178555988,9252,6144,4294967296.0,107374182.4
Fat Tree,442,11640209408.0,71.17380025940338,9252,6144,4294967296.0,107374182.4
Fat Tree,443,11640209408.0,71.18460873324686,9252,6144,4294967296.0,107374182.4
Fat Tree,444,11640209408.0,71.19541720709036,9252,6144,4294967296.0,107374182.4
Fat Tree,445,11640209408.0,71.20622568093385,9252,6144,4294967296.0,107374182.4
Fat Tree,446,11640209408.0,71.21703415477735,9252,6144,4294967296.0,107374182.4
Fat Tree,447,11640209408.0,71.22784262862083,9252,6144,4294967296.0,107374182.4
Fat Tree,448,11640209408.0,71.23865110246433,9252,6144,4294967296.0,107374182.4
Fat Tree,449,11640209408.0,71.24945957630783,9252,6144,4294967296.0,107374182.4
Fat Tree,450,11640209408.0,71.26026805015132,9252,6144,4294967296.0,107374182.4
Fat Tree,451,11640209408.0,71.27107652399481,9252,6144,4294967296.0,107374182.4
Fat Tree,452,11640209408.0,71.2818849978383,9252,6144,4294967296.0,107374182.4
Fat Tree,453,11640209408.0,71.2926934716818,9252,6144,4294967296.0,107374182.4
Fat Tree,454,11640209408.0,71.3035019455253,9252,6144,4294967296.0,107374182.4
Fat Tree,455,11640209408.0,71.31431041936878,9252,6144,4294967296.0,107374182.4
Fat Tree,456,11640209408.0,71.32511889321228,9252,6144,4294967296.0,107374182.4
Fat Tree,457,11640209408.0,71.33592736705577,9252,6144,4294967296.0,107374182.4
Fat Tree,458,11640209408.0,71.34673584089927,9252,6144,4294967296.0,107374182.4
Fat Tree,459,11640209408.0,71.35754431474275,9252,6144,4294967296.0,107374182.4
Fat Tree,460,11640209408.0,71.36835278858625,9252,6144,4294967296.0,107374182.4
Fat Tree,461,11640209408.0,71.37916126242975,9252,6144,4294967296.0,107374182.4
Fat Tree,462,11640209408.0,71.38996973627324,9252,6144,4294967296.0,107374182.4
Fat Tree,463,11640209408.0,71.40077821011673,9252,6144,4294967296.0,107374182.4
Fat Tree,464,11640209408.0,71.41158668396022,9252,6144,4294967296.0,107374182.4
Fat Tree,465,11640209408.0,71.42239515780372,9252,6144,4294967296.0,107374182.4
Fat Tree,466,11640209408.0,71.43320363164722,9252,6144,4294967296.0,107374182.4
Fat Tree,467,11640209408.0,71.4440121054907,9252,6144,4294967296.0,107374182.4
Fat Tree,468,11640209408.0,71.4548205793342,9252,6144,4294967296.0,107374182.4
Fat Tree,469,11640209408.0,71.4656290531777,9252,6144,4294967296.0,107374182.4
Fat Tree,470,11640209408.0,71.47643752702119,9252,6144,4294967296.0,107374182.4
Fat Tree,471,11640209408.0,71.48724600086467,9252,6144,4294967296.0,107374182.4
Fat Tree,472,11640209408.0,71.49805447470817,9252,6144,4294967296.0,107374182.4
Fat Tree,473,11640209408.0,71.50886294855167,9252,6144,4294967296.0,107374182.4
Fat Tree,474,11640209408.0,71.51967142239516,9252,6144,4294967296.0,107374182.4
Fat Tree,475,11640209408.0,71.53047989623865,9252,6144,4294967296.0,107374182.4
Fat Tree,476,11640209408.0,71.54128837008214,9252,6144,4294967296.0,107374182.4
Fat Tree,477,11640209408.0,71.55209684392564,9252,6144,4294967296.0,107374182.4
Fat Tree,478,11640209408.0,71.56290531776914,9252,6144,4294967296.0,107374182.4
Fat Tree,479,11640209408.0,71.57371379161262,9252,6144,4294967296.0,107374182.4
Fat Tree,480,11640209408.0,71.58452226545612,9252,6144,4294967296.0,107374182.4
Fat Tree,481,11640209408.0,71.59533073929961,9252,6144,4294967296.0,107374182.4
Fat Tree,482,11640209408.0,71.60613921314311,9252,6144,4294967296.0,107374182.4
Fat Tree,483,11640209408.0,71.61694768698659,9252,6144,4294967296.0,107374182.4
Fat Tree,484,11640209408.0,71.62775616083009,9252,6144,4294967296.0,107374182.4
Fat Tree,485,11640209408.0,71.63856463467359,9252,6144,4294967296.0,107374182.4
Fat Tree,486,11640209408.0,71.64937310851708,9252,6144,4294967296.0,107374182.4
Fat Tree,487,11640209408.0,71.66018158236056,9252,6144,4294967296.0,107374182.4
Fat Tree,488,11640209408.0,71.67099005620406,9252,6144,4294967296.0,107374182.4
Fat Tree,489,11640209408.0,71.68179853004756,9252,6144,4294967296.0,107374182.4
Fat Tree,490,11640209408.0,71.69260700389106,9252,6144,4294967296.0,107374182.4
Fat Tree,491,11640209408.0,71.70341547773454,9252,6144,4294967296.0,107374182.4
Fat Tree,492,11640209408.0,71.71422395157803,9252,6144,4294967296.0,107374182.4
Fat Tree,493,11640209408.0,71.72503242542153,9252,6144,4294967296.0,107374182.4
Fat Tree,494,11640209408.0,71.73584089926503,9252,6144,4294967296.0,107374182.4
Fat Tree,495,11640209408.0,71.74664937310851,9252,6144,4294967296.0,107374182.4
Fat Tree,496,11640209408.0,71.75745784695201,9252,6144,4294967296.0,107374182.4
Fat Tree,497,11640209408.0,71.7682663207955,9252,6144,4294967296.0,107374182.4
Fat Tree,498,11640209408.0,71.779074794639,9252,6144,4294967296.0,107374182.4
Fat Tree,499,11640209408.0,71.78988326848248,9252,6144,4294967296.0,107374182.4
Fat Tree,500,11640209408.0,71.80069174232598,9252,6144,4294967296.0,107374182.4
Fat Tree,501,11640209408.0,71.81150021616948,9252,6144,4294967296.0,107374182.4
Fat Tree,502,11640209408.0,71.82230869001297,9252,6144,4294967296.0,107374182.4
Fat Tree,503,11640209408.0,71.83311716385646,9252,6144,4294967296.0,107374182.4
Fat Tree,504,11640209408.0,71.84392563769995,9252,6144,4294967296.0,107374182.4
Fat Tree,505,11640209408.0,71.85473411154345,9252,6144,4294967296.0,107374182.4
Fat Tree,506,11640209408.0,71.86554258538695,9252,6144,4294967296.0,107374182.4
Fat Tree,507,11640209408.0,71.87635105923043,9252,6144,4294967296.0,107374182.4
Fat Tree,508,11640209408.0,71.88715953307393,9252,6144,4294967296.0,107374182.4
Fat Tree,509,11640209408.0,71.89796800691742,9252,6144,4294967296.0,107374182.4
Fat Tree,510,11640209408.0,71.90877648076092,9252,6144,4294967296.0,107374182.4
Fat Tree,511,11640209408.0,71.9195849546044,9252,6144,4294967296.0,107374182.4
Fat Tree,512,11640209408.0,71.9303934284479,9252,6144,4294967296.0,107374182.4
Fat Tree,513,11640209408.0,71.9412019022914,9252,6144,4294967296.0,107374182.4
Fat Tree,514,11640209408.0,71.9520103761349,9252,6144,4294967296.0,107374182.4
Fat Tree,515,11640209408.0,71.96281884997838,9252,6144,4294967296.0,107374182.4
Fat Tree,516,11640209408.0,71.97362732382187,9252,6144,4294967296.0,107374182.4
Fat Tree,517,11640209408.0,71.98443579766537,9252,6144,4294967296.0,107374182.4
Fat Tree,518,11640209408.0,71.99524427150887,9252,6144,4294967296.0,107374182.4
Fat Tree,519,11640209408.0,72.00605274535235,9252,6144,4294967296.0,107374182.4
Fat Tree,520,11640209408.0,72.01686121919585,9252,6144,4294967296.0,107374182.4
Fat Tree,521,11640209408.0,72.02766969303934,9252,6144,4294967296.0,107374182.4
Fat Tree,522,11640209408.0,72.03847816688284,9252,6144,4294967296.0,107374182.4
Fat Tree,523,11640209408.0,72.04928664072632,9252,6144,4294967296.0,107374182.4
Fat Tree,524,11640209408.0,72.06009511456982,9252,6144,4294967296.0,107374182.4
Fat Tree,525,11640209408.0,72.07090358841332,9252,6144,4294967296.0,107374182.4
Fat Tree,526,11640209408.0,72.08171206225681,9252,6144,4294967296.0,107374182.4
Fat Tree,527,11640209408.0,72.0925205361003,9252,6144,4294967296.0,107374182.4
Fat Tree,528,11640209408.0,72.10332900994379,9252,6144,4294967296.0,107374182.4
Fat Tree,529,11640209408.0,72.11413748378729,9252,6144,4294967296.0,107374182.4
Fat Tree,530,11640209408.0,72.12494595763079,9252,6144,4294967296.0,107374182.4
Fat Tree,531,11640209408.0,72.13575443147427,9252,6144,4294967296.0,107374182.4
Fat Tree,532,11640209408.0,72.14656290531777,9252,6144,4294967296.0,107374182.4
Fat Tree,533,11640209408.0,72.15737137916126,9252,6144,4294967296.0,107374182.4
Fat Tree,534,11640209408.0,72.16817985300476,9252,6144,4294967296.0,107374182.4
Fat Tree,535,11640209408.0,72.17898832684824,9252,6144,4294967296.0,107374182.4
Fat Tree,536,11640209408.0,72.18979680069174,9252,6144,4294967296.0,107374182.4
Fat Tree,537,11640209408.0,72.20060527453523,9252,6144,4294967296.0,107374182.4
Fat Tree,538,11640209408.0,72.21141374837873,9252,6144,4294967296.0,107374182.4
Fat Tree,539,11640209408.0,72.22222222222221,9252,6144,4294967296.0,107374182.4
Fat Tree,540,11640209408.0,72.23303069606571,9252,6144,4294967296.0,107374182.4
Fat Tree,541,11640209408.0,72.24383916990921,9252,6144,4294967296.0,107374182.4
Fat Tree,542,11640209408.0,72.2546476437527,9252,6144,4294967296.0,107374182.4
Fat Tree,543,11640209408.0,72.26545611759619,9252,6144,4294967296.0,107374182.4
Fat Tree,544,11640209408.0,72.27626459143968,9252,6144,4294967296.0,107374182.4
Fat Tree,545,11640209408.0,72.28707306528318,9252,6144,4294967296.0,107374182.4
Fat Tree,546,11640209408.0,72.29788153912668,9252,6144,4294967296.0,107374182.4
Fat Tree,547,11640209408.0,72.30869001297016,9252,6144,4294967296.0,107374182.4
Fat Tree,548,11640209408.0,72.31949848681366,9252,6144,4294967296.0,107374182.4
Fat Tree,549,11640209408.0,72.33030696065715,9252,6144,4294967296.0,107374182.4
Fat Tree,550,11640209408.0,72.34111543450065,9252,6144,4294967296.0,107374182.4
Fat Tree,551,11640209408.0,72.35192390834413,9252,6144,4294967296.0,107374182.4
Fat Tree,552,11640209408.0,72.36273238218763,9252,6144,4294967296.0,107374182.4
Fat Tree,553,11640209408.0,72.37354085603113,9252,6144,4294967296.0,107374182.4
Fat Tree,554,11640209408.0,72.38434932987462,9252,6144,4294967296.0,107374182.4
Fat Tree,555,11640209408.0,72.3951578037181,9252,6144,4294967296.0,107374182.4
Fat Tree,556,11640209408.0,72.4059662775616,9252,6144,4294967296.0,107374182.4
Fat Tree,557,11640209408.0,72.4167747514051,9252,6144,4294967296.0,107374182.4
Fat Tree,558,11640209408.0,72.4275832252486,9252,6144,4294967296.0,107374182.4
Fat Tree,559,11640209408.0,72.43839169909208,9252,6144,4294967296.0,107374182.4
Fat Tree,560,11640209408.0,72.44920017293558,9252,6144,4294967296.0,107374182.4
Fat Tree,561,11640209408.0,72.46000864677907,9252,6144,4294967296.0,107374182.4
Fat Tree,562,11640209408.0,72.47081712062257,9252,6144,4294967296.0,107374182.4
Fat Tree,563,11640209408.0,72.48162559446605,9252,6144,4294967296.0,107374182.4
Fat Tree,564,11640209408.0,72.49243406830955,9252,6144,4294967296.0,107374182.4
Fat Tree,565,11640209408.0,72.50324254215305,9252,6144,4294967296.0,107374182.4
Fat Tree,566,11640209408.0,72.51405101599654,9252,6144,4294967296.0,107374182.4
Fat Tree,567,11640209408.0,72.52485948984003,9252,6144,4294967296.0,107374182.4
Fat Tree,568,11640209408.0,72.53566796368352,9252,6144,4294967296.0,107374182.4
Fat Tree,569,11640209408.0,72.54647643752702,9252,6144,4294967296.0,107374182.4
Fat Tree,570,11640209408.0,72.55728491137052,9252,6144,4294967296.0,107374182.4
Fat Tree,571,11640209408.0,72.568093385214,9252,6144,4294967296.0,107374182.4
Fat Tree,572,11640209408.0,72.5789018590575,9252,6144,4294967296.0,107374182.4
Fat Tree,573,11640209408.0,72.58971033290099,9252,6144,4294967296.0,107374182.4
Fat Tree,574,11640209408.0,72.60051880674449,9252,6144,4294967296.0,107374182.4
Fat Tree,575,11640209408.0,72.61132728058797,9252,6144,4294967296.0,107374182.4
Fat Tree,576,11640209408.0,72.62213575443147,9252,6144,4294967296.0,107374182.4
Fat Tree,577,11640209408.0,72.63294422827497,9252,6144,4294967296.0,107374182.4
Fat Tree,578,11640209408.0,72.64375270211846,9252,6144,4294967296.0,107374182.4
Fat Tree,579,11640209408.0,72.65456117596194,9252,6144,4294967296.0,107374182.4
Fat Tree,580,11640209408.0,72.66536964980544,9252,6144,4294967296.0,107374182.4
Fat Tree,581,11640209408.0,72.67617812364894,9252,6144,4294967296.0,107374182.4
Fat Tree,582,11640209408.0,72.68698659749244,9252,6144,4294967296.0,107374182.4
Fat Tree,583,11640209408.0,72.69779507133592,9252,6144,4294967296.0,107374182.4
Fat Tree,584,11640209408.0,72.70860354517941,9252,6144,4294967296.0,107374182.4
Fat Tree,585,11640209408.0,72.71941201902291,9252,6144,4294967296.0,107374182.4
Fat Tree,586,11640209408.0,72.73022049286641,9252,6144,4294967296.0,107374182.4
Fat Tree,587,11640209408.0,72.74102896670989,9252,6144,4294967296.0,107374182.4
Fat Tree,588,11640209408.0,72.75183744055339,9252,6144,4294967296.0,107374182.4
Fat Tree,589,11640209408.0,72.76264591439688,9252,6144,4294967296.0,107374182.4
Fat Tree,590,11640209408.0,72.77345438824038,9252,6144,4294967296.0,107374182.4
Fat Tree,591,11640209408.0,72.78426286208386,9252,6144,4294967296.0,107374182.4
Fat Tree,592,11640209408.0,72.79507133592736,9252,6144,4294967296.0,107374182.4
Fat Tree,593,11640209408.0,72.80587980977086,9252,6144,4294967296.0,107374182.4
Fat Tree,594,11640209408.0,72.81668828361435,9252,6144,4294967296.0,107374182.4
Fat Tree,595,11640209408.0,72.82749675745784,9252,6144,4294967296.0,107374182.4
Fat Tree,596,11640209408.0,72.83830523130133,9252,6144,4294967296.0,107374182.4
Fat Tree,597,11640209408.0,72.84911370514483,9252,6144,4294967296.0,107374182.4
Fat Tree,598,11640209408.0,72.85992217898833,9252,6144,4294967296.0,107374182.4
Fat Tree,599,11640209408.0,72.87073065283181,9252,6144,4294967296.0,107374182.4
Fat Tree,600,11640209408.0,72.8815391266753,9252,6144,4294967296.0,107374182.4
Fat Tree,601,11640209408.0,72.8923476005188,9252,6144,4294967296.0,107374182.4
Fat Tree,602,11640209408.0,72.9031560743623,9252,6144,4294967296.0,107374182.4
Fat Tree,603,11640209408.0,72.91396454820578,9252,6144,4294967296.0,107374182.4
Fat Tree,604,11640209408.0,72.92477302204928,9252,6144,4294967296.0,107374182.4
Fat Tree,605,11640209408.0,72.93558149589278,9252,6144,4294967296.0,107374182.4
Fat Tree,606,11640209408.0,72.94638996973627,9252,6144,4294967296.0,107374182.4
Fat Tree,607,11640209408.0,72.95719844357976,9252,6144,4294967296.0,107374182.4
Fat Tree,608,11640209408.0,72.96800691742325,9252,6144,4294967296.0,107374182.4
Fat Tree,609,11640209408.0,72.97881539126675,9252,6144,4294967296.0,107374182.4
Fat Tree,610,11640209408.0,72.98962386511025,9252,6144,4294967296.0,107374182.4
Fat Tree,611,11640209408.0,73.00043233895373,9252,6144,4294967296.0,107374182.4
Fat Tree,612,11640209408.0,73.01124081279723,9252,6144,4294967296.0,107374182.4
Fat Tree,613,11640209408.0,73.02204928664072,9252,6144,4294967296.0,107374182.4
Fat Tree,614,11640209408.0,73.03285776048422,9252,6144,4294967296.0,107374182.4
Fat Tree,615,11640209408.0,73.0436662343277,9252,6144,4294967296.0,107374182.4
Fat Tree,616,11640209408.0,73.0544747081712,9252,6144,4294967296.0,107374182.4
Fat Tree,617,11640209408.0,73.0652831820147,9252,6144,4294967296.0,107374182.4
Fat Tree,618,11640209408.0,73.07609165585819,9252,6144,4294967296.0,107374182.4
Fat Tree,619,11640209408.0,73.08690012970168,9252,6144,4294967296.0,107374182.4
Fat Tree,620,11640209408.0,73.09770860354517,9252,6144,4294967296.0,107374182.4
Fat Tree,621,11640209408.0,73.10851707738867,9252,6144,4294967296.0,107374182.4
Fat Tree,622,11640209408.0,73.11932555123217,9252,6144,4294967296.0,107374182.4
Fat Tree,623,11640209408.0,73.13013402507565,9252,6144,4294967296.0,107374182.4
Fat Tree,624,11640209408.0,73.14094249891915,9252,6144,4294967296.0,107374182.4
Fat Tree,625,11640209408.0,73.15175097276264,9252,6144,4294967296.0,107374182.4
Fat Tree,626,11640209408.0,73.16255944660614,9252,6144,4294967296.0,107374182.4
Fat Tree,627,11640209408.0,73.17336792044962,9252,6144,4294967296.0,107374182.4
Fat Tree,628,11640209408.0,73.18417639429312,9252,6144,4294967296.0,107374182.4
Fat Tree,629,11640209408.0,73.19498486813661,9252,6144,4294967296.0,107374182.4
Fat Tree,630,11640209408.0,73.20579334198011,9252,6144,4294967296.0,107374182.4
Fat Tree,631,11640209408.0,73.2166018158236,9252,6144,4294967296.0,107374182.4
Fat Tree,632,11640209408.0,73.22741028966709,9252,6144,4294967296.0,107374182.4
Fat Tree,633,11640209408.0,73.23821876351059,9252,6144,4294967296.0,107374182.4
Fat Tree,634,11640209408.0,73.24902723735408,9252,6144,4294967296.0,107374182.4
Fat Tree,635,11640209408.0,73.25983571119757,9252,6144,4294967296.0,107374182.4
Fat Tree,636,11640209408.0,73.27064418504106,9252,6144,4294967296.0,107374182.4
Fat Tree,637,11640209408.0,73.28145265888456,9252,6144,4294967296.0,107374182.4
Fat Tree,638,11640209408.0,73.29226113272806,9252,6144,4294967296.0,107374182.4
Fat Tree,639,11640209408.0,73.30306960657154,9252,6144,4294967296.0,107374182.4
Fat Tree,640,11640209408.0,73.31387808041504,9252,6144,4294967296.0,107374182.4
Fat Tree,641,11640209408.0,73.32468655425853,9252,6144,4294967296.0,107374182.4
Fat Tree,642,11640209408.0,73.33549502810203,9252,6144,4294967296.0,107374182.4
Fat Tree,643,11640209408.0,73.34630350194551,9252,6144,4294967296.0,107374182.4
Fat Tree,644,11640209408.0,73.35711197578901,9252,6144,4294967296.0,107374182.4
Fat Tree,645,11640209408.0,73.3679204496325,9252,6144,4294967296.0,107374182.4
Fat Tree,646,11640209408.0,73.378728923476,9252,6144,4294967296.0,107374182.4
Fat Tree,647,11640209408.0,73.38953739731949,9252,6144,4294967296.0,107374182.4
Fat Tree,648,11640209408.0,73.40034587116298,9252,6144,4294967296.0,107374182.4
Fat Tree,649,11640209408.0,73.41115434500648,9252,6144,4294967296.0,107374182.4
Fat Tree,650,11640209408.0,73.42196281884998,9252,6144,4294967296.0,107374182.4
Fat Tree,651,11640209408.0,73.43277129269346,9252,6144,4294967296.0,107374182.4
Fat Tree,652,11640209408.0,73.44357976653697,9252,6144,4294967296.0,107374182.4
Fat Tree,653,11640209408.0,73.45438824038047,9252,6144,4294967296.0,107374182.4
Fat Tree,654,11640209408.0,73.46519671422396,9252,6144,4294967296.0,107374182.4
Fat Tree,655,11640209408.0,73.47600518806745,9252,6144,4294967296.0,107374182.4
Fat Tree,656,11640209408.0,73.48681366191094,9252,6144,4294967296.0,107374182.4
Fat Tree,657,11640209408.0,73.49762213575444,9252,6144,4294967296.0,107374182.4
Fat Tree,658,11640209408.0,73.50843060959792,9252,6144,4294967296.0,107374182.4
Fat Tree,659,11640209408.0,73.51923908344142,9252,6144,4294967296.0,107374182.4
Fat Tree,660,11640209408.0,73.53004755728492,9252,6144,4294967296.0,107374182.4
Fat Tree,661,11640209408.0,73.54085603112841,9252,6144,4294967296.0,107374182.4
Fat Tree,662,11640209408.0,73.55166450497191,9252,6144,4294967296.0,107374182.4
Fat Tree,663,11640209408.0,73.56247297881539,9252,6144,4294967296.0,107374182.4
Fat Tree,664,11640209408.0,73.57328145265889,9252,6144,4294967296.0,107374182.4
Fat Tree,665,11640209408.0,73.58408992650239,9252,6144,4294967296.0,107374182.4
Fat Tree,666,11640209408.0,73.59489840034587,9252,6144,4294967296.0,107374182.4
Fat Tree,667,11640209408.0,73.60570687418937,9252,6144,4294967296.0,107374182.4
Fat Tree,668,11640209408.0,73.61651534803286,9252,6144,4294967296.0,107374182.4
Fat Tree,669,11640209408.0,73.62732382187636,9252,6144,4294967296.0,107374182.4
Fat Tree,670,11640209408.0,73.63813229571986,9252,6144,4294967296.0,107374182.4
Fat Tree,671,11640209408.0,73.64894076956334,9252,6144,4294967296.0,107374182.4
Fat Tree,672,11640209408.0,73.65974924340684,9252,6144,4294967296.0,107374182.4
Fat Tree,673,11640209408.0,73.67055771725033,9252,6144,4294967296.0,107374182.4
Fat Tree,674,11640209408.0,73.68136619109382,9252,6144,4294967296.0,107374182.4
Fat Tree,675,11640209408.0,73.69217466493731,9252,6144,4294967296.0,107374182.4
Fat Tree,676,11640209408.0,73.70298313878081,9252,6144,4294967296.0,107374182.4
Fat Tree,677,11640209408.0,73.7137916126243,9252,6144,4294967296.0,107374182.4
Fat Tree,678,11640209408.0,73.7246000864678,9252,6144,4294967296.0,107374182.4
Fat Tree,679,11640209408.0,73.73540856031128,9252,6144,4294967296.0,107374182.4
Fat Tree,680,11640209408.0,73.74621703415478,9252,6144,4294967296.0,107374182.4
Fat Tree,681,11640209408.0,73.75702550799828,9252,6144,4294967296.0,107374182.4
Fat Tree,682,11640209408.0,73.76783398184176,9252,6144,4294967296.0,107374182.4
Fat Tree,683,11640209408.0,73.77864245568526,9252,6144,4294967296.0,107374182.4
Fat Tree,684,11640209408.0,73.78945092952875,9252,6144,4294967296.0,107374182.4
Fat Tree,685,11640209408.0,73.80025940337225,9252,6144,4294967296.0,107374182.4
Fat Tree,686,11640209408.0,73.81106787721575,9252,6144,4294967296.0,107374182.4
Fat Tree,687,11640209408.0,73.82187635105923,9252,6144,4294967296.0,107374182.4
Fat Tree,688,11640209408.0,73.83268482490273,9252,6144,4294967296.0,107374182.4
Fat Tree,689,11640209408.0,73.84349329874622,9252,6144,4294967296.0,107374182.4
Fat Tree,690,11640209408.0,73.85430177258971,9252,6144,4294967296.0,107374182.4
Fat Tree,691,11640209408.0,73.8651102464332,9252,6144,4294967296.0,107374182.4
Fat Tree,692,11640209408.0,73.8759187202767,9252,6144,4294967296.0,107374182.4
Fat Tree,693,11640209408.0,73.8867271941202,9252,6144,4294967296.0,107374182.4
Fat Tree,694,11640209408.0,73.8975356679637,9252,6144,4294967296.0,107374182.4
Fat Tree,695,11640209408.0,73.90834414180718,9252,6144,4294967296.0,107374182.4
Fat Tree,696,11640209408.0,73.91915261565067,9252,6144,4294967296.0,107374182.4
Fat Tree,697,11640209408.0,73.92996108949417,9252,6144,4294967296.0,107374182.4
Fat Tree,698,11640209408.0,73.94076956333765,9252,6144,4294967296.0,107374182.4
Fat Tree,699,11640209408.0,73.95157803718115,9252,6144,4294967296.0,107374182.4
Fat Tree,700,11640209408.0,73.96238651102465,9252,6144,4294967296.0,107374182.4
Fat Tree,701,11640209408.0,73.97319498486814,9252,6144,4294967296.0,107374182.4
Fat Tree,702,11640209408.0,73.98400345871164,9252,6144,4294967296.0,107374182.4
Fat Tree,703,11640209408.0,73.99481193255512,9252,6144,4294967296.0,107374182.4
Fat Tree,704,11640209408.0,74.00562040639862,9252,6144,4294967296.0,107374182.4
Fat Tree,705,11640209408.0,74.01642888024212,9252,6144,4294967296.0,107374182.4
Fat Tree,706,11640209408.0,74.0272373540856,9252,6144,4294967296.0,107374182.4
Fat Tree,707,11640209408.0,74.0380458279291,9252,6144,4294967296.0,107374182.4
Fat Tree,708,11640209408.0,74.0488543017726,9252,6144,4294967296.0,107374182.4
Fat Tree,709,11640209408.0,74.05966277561609,9252,6144,4294967296.0,107374182.4
Fat Tree,710,11640209408.0,74.07047124945959,9252,6144,4294967296.0,107374182.4
Fat Tree,711,11640209408.0,74.08127972330307,9252,6144,4294967296.0,107374182.4
Fat Tree,712,11640209408.0,74.09208819714657,9252,6144,4294967296.0,107374182.4
Fat Tree,713,11640209408.0,74.10289667099006,9252,6144,4294967296.0,107374182.4
Fat Tree,714,11640209408.0,74.11370514483355,9252,6144,4294967296.0,107374182.4
Fat Tree,715,11640209408.0,74.12451361867704,9252,6144,4294967296.0,107374182.4
Fat Tree,716,11640209408.0,74.13532209252054,9252,6144,4294967296.0,107374182.4
Fat Tree,717,11640209408.0,74.14613056636404,9252,6144,4294967296.0,107374182.4
Fat Tree,718,11640209408.0,74.15693904020753,9252,6144,4294967296.0,107374182.4
Fat Tree,719,11640209408.0,74.16774751405102,9252,6144,4294967296.0,107374182.4
Fat Tree,720,11640209408.0,74.17855598789451,9252,6144,4294967296.0,107374182.4
Fat Tree,721,11640209408.0,74.18936446173801,9252,6144,4294967296.0,107374182.4
Fat Tree,722,11640209408.0,74.20017293558149,9252,6144,4294967296.0,107374182.4
Fat Tree,723,11640209408.0,74.21098140942499,9252,6144,4294967296.0,107374182.4
Fat Tree,724,11640209408.0,74.22178988326849,9252,6144,4294967296.0,107374182.4
Fat Tree,725,11640209408.0,74.23259835711198,9252,6144,4294967296.0,107374182.4
Fat Tree,726,11640209408.0,74.24340683095548,9252,6144,4294967296.0,107374182.4
Fat Tree,727,11640209408.0,74.25421530479896,9252,6144,4294967296.0,107374182.4
Fat Tree,728,11640209408.0,74.26502377864246,9252,6144,4294967296.0,107374182.4
Fat Tree,729,11640209408.0,74.27583225248596,9252,6144,4294967296.0,107374182.4
Fat Tree,730,11640209408.0,74.28664072632944,9252,6144,4294967296.0,107374182.4
Fat Tree,731,11640209408.0,74.29744920017293,9252,6144,4294967296.0,107374182.4
Fat Tree,732,11640209408.0,74.30825767401643,9252,6144,4294967296.0,107374182.4
Fat Tree,733,11640209408.0,74.31906614785993,9252,6144,4294967296.0,107374182.4
Fat Tree,734,11640209408.0,74.32987462170342,9252,6144,4294967296.0,107374182.4
Fat Tree,735,11640209408.0,74.34068309554691,9252,6144,4294967296.0,107374182.4
Fat Tree,736,11640209408.0,74.3514915693904,9252,6144,4294967296.0,107374182.4
Fat Tree,737,11640209408.0,74.3623000432339,9252,6144,4294967296.0,107374182.4
Fat Tree,738,11640209408.0,74.37310851707738,9252,6144,4294967296.0,107374182.4
Fat Tree,739,11640209408.0,74.38391699092088,9252,6144,4294967296.0,107374182.4
Fat Tree,740,11640209408.0,74.39472546476438,9252,6144,4294967296.0,107374182.4
Fat Tree,741,11640209408.0,74.40553393860787,9252,6144,4294967296.0,107374182.4
Fat Tree,742,11640209408.0,74.41634241245137,9252,6144,4294967296.0,107374182.4
Fat Tree,743,11640209408.0,74.42715088629485,9252,6144,4294967296.0,107374182.4
Fat Tree,744,11640209408.0,74.43795936013835,9252,6144,4294967296.0,107374182.4
Fat Tree,745,11640209408.0,74.44876783398185,9252,6144,4294967296.0,107374182.4
Fat Tree,746,11640209408.0,74.45957630782533,9252,6144,4294967296.0,107374182.4
Fat Tree,747,11640209408.0,74.47038478166883,9252,6144,4294967296.0,107374182.4
Fat Tree,748,11640209408.0,74.48119325551232,9252,6144,4294967296.0,107374182.4
Fat Tree,749,11640209408.0,74.49200172935582,9252,6144,4294967296.0,107374182.4
Fat Tree,750,11640209408.0,74.50281020319932,9252,6144,4294967296.0,107374182.4
Fat Tree,751,11640209408.0,74.5136186770428,9252,6144,4294967296.0,107374182.4
Fat Tree,752,11640209408.0,74.5244271508863,9252,6144,4294967296.0,107374182.4
Fat Tree,753,11640209408.0,74.5352356247298,9252,6144,4294967296.0,107374182.4
Fat Tree,754,11640209408.0,74.54604409857328,9252,6144,4294967296.0,107374182.4
Fat Tree,755,11640209408.0,74.55685257241677,9252,6144,4294967296.0,107374182.4
Fat Tree,756,11640209408.0,74.56766104626027,9252,6144,4294967296.0,107374182.4
Fat Tree,757,11640209408.0,74.57846952010377,9252,6144,4294967296.0,107374182.4
Fat Tree,758,11640209408.0,74.58927799394726,9252,6144,4294967296.0,107374182.4
Fat Tree,759,11640209408.0,74.60008646779075,9252,6144,4294967296.0,107374182.4
Fat Tree,760,11640209408.0,74.61089494163424,9252,6144,4294967296.0,107374182.4
Fat Tree,761,11640209408.0,74.62170341547774,9252,6144,4294967296.0,107374182.4
Fat Tree,762,11640209408.0,74.63251188932122,9252,6144,4294967296.0,107374182.4
Fat Tree,763,11640209408.0,74.64332036316472,9252,6144,4294967296.0,107374182.4
Fat Tree,764,11640209408.0,74.65412883700822,9252,6144,4294967296.0,107374182.4
Fat Tree,765,11640209408.0,74.66493731085171,9252,6144,4294967296.0,107374182.4
Fat Tree,766,11640209408.0,74.67574578469521,9252,6144,4294967296.0,107374182.4
Fat Tree,767,11640209408.0,74.68655425853869,9252,6144,4294967296.0,107374182.4
Fat Tree,768,11640209408.0,74.69736273238219,9252,6144,4294967296.0,107374182.4
Fat Tree,769,11640209408.0,74.70817120622569,9252,6144,4294967296.0,107374182.4
Fat Tree,770,11640209408.0,74.71897968006917,9252,6144,4294967296.0,107374182.4
Fat Tree,771,11640209408.0,74.72978815391266,9252,6144,4294967296.0,107374182.4
Fat Tree,772,11640209408.0,74.74059662775616,9252,6144,4294967296.0,107374182.4
Fat Tree,773,11640209408.0,74.75140510159966,9252,6144,4294967296.0,107374182.4
Fat Tree,774,11640209408.0,74.76221357544316,9252,6144,4294967296.0,107374182.4
Fat Tree,775,11640209408.0,74.77302204928664,9252,6144,4294967296.0,107374182.4
Fat Tree,776,11640209408.0,74.78383052313013,9252,6144,4294967296.0,107374182.4
Fat Tree,777,11640209408.0,74.79463899697363,9252,6144,4294967296.0,107374182.4
Fat Tree,778,11640209408.0,74.80544747081711,9252,6144,4294967296.0,107374182.4
Fat Tree,779,11640209408.0,74.81625594466061,9252,6144,4294967296.0,107374182.4
Fat Tree,780,11640209408.0,74.82706441850411,9252,6144,4294967296.0,107374182.4
Fat Tree,781,11640209408.0,74.8378728923476,9252,6144,4294967296.0,107374182.4
Fat Tree,782,11640209408.0,74.8486813661911,9252,6144,4294967296.0,107374182.4
Fat Tree,783,11640209408.0,74.85948984003458,9252,6144,4294967296.0,107374182.4
Fat Tree,784,11640209408.0,74.87029831387808,9252,6144,4294967296.0,107374182.4
Fat Tree,785,11640209408.0,74.88110678772158,9252,6144,4294967296.0,107374182.4
Fat Tree,786,11640209408.0,74.89191526156506,9252,6144,4294967296.0,107374182.4
Fat Tree,787,11640209408.0,74.90272373540856,9252,6144,4294967296.0,107374182.4
Fat Tree,788,11640209408.0,74.91353220925205,9252,6144,4294967296.0,107374182.4
Fat Tree,789,11640209408.0,74.92434068309555,9252,6144,4294967296.0,107374182.4
Fat Tree,790,11640209408.0,74.93514915693905,9252,6144,4294967296.0,107374182.4
Fat Tree,791,11640209408.0,74.94595763078253,9252,6144,4294967296.0,107374182.4
Fat Tree,792,11640209408.0,74.95676610462603,9252,6144,4294967296.0,107374182.4
Fat Tree,793,11640209408.0,74.96757457846952,9252,6144,4294967296.0,107374182.4
Fat Tree,794,11640209408.0,74.978383052313,9252,6144,4294967296.0,107374182.4
Fat Tree,795,11640209408.0,74.9891915261565,9252,6144,4294967296.0,107374182.4
Fat Tree,796,11640209408.0,75.0,9252,6144,4294967296.0,107374182.4
Fat Tree,797,11640209408.0,75.0108084738435,9252,6144,4294967296.0,107374182.4
Fat Tree,798,11640209408.0,75.021616947687,9252,6144,4294967296.0,107374182.4
Fat Tree,799,11640209408.0,75.03242542153048,9252,6144,4294967296.0,107374182.4
Fat Tree,800,11640209408.0,75.04323389537397,9252,6144,4294967296.0,107374182.4
Fat Tree,801,11640209408.0,75.05404236921747,9252,6144,4294967296.0,107374182.4
Fat Tree,802,11640209408.0,75.06485084306095,9252,6144,4294967296.0,107374182.4
Fat Tree,803,11640209408.0,75.07565931690445,9252,6144,4294967296.0,107374182.4
Fat Tree,804,11640209408.0,75.08646779074795,9252,6144,4294967296.0,107374182.4
Fat Tree,805,11640209408.0,75.09727626459144,9252,6144,4294967296.0,107374182.4
Fat Tree,806,11640209408.0,75.10808473843494,9252,6144,4294967296.0,107374182.4
Fat Tree,807,11640209408.0,75.11889321227842,9252,6144,4294967296.0,107374182.4
Fat Tree,808,11640209408.0,75.12970168612192,9252,6144,4294967296.0,107374182.4
Fat Tree,809,11640209408.0,75.14051015996542,9252,6144,4294967296.0,107374182.4
Fat Tree,810,11640209408.0,75.1513186338089,9252,6144,4294967296.0,107374182.4
Fat Tree,811,11640209408.0,75.1621271076524,9252,6144,4294967296.0,107374182.4
Fat Tree,812,11640209408.0,75.17293558149589,9252,6144,4294967296.0,107374182.4
Fat Tree,813,11640209408.0,75.18374405533939,9252,6144,4294967296.0,107374182.4
Fat Tree,814,11640209408.0,75.19455252918289,9252,6144,4294967296.0,107374182.4
Fat Tree,815,11640209408.0,75.20536100302637,9252,6144,4294967296.0,107374182.4
Fat Tree,816,11640209408.0,75.21616947686987,9252,6144,4294967296.0,107374182.4
Fat Tree,817,11640209408.0,75.22697795071336,9252,6144,4294967296.0,107374182.4
Fat Tree,818,11640209408.0,75.23778642455684,9252,6144,4294967296.0,107374182.4
Fat Tree,819,11640209408.0,75.24859489840034,9252,6144,4294967296.0,107374182.4
Fat Tree,820,11640209408.0,75.25940337224384,9252,6144,4294967296.0,107374182.4
Fat Tree,821,11640209408.0,75.27021184608734,9252,6144,4294967296.0,107374182.4
Fat Tree,822,11640209408.0,75.28102031993083,9252,6144,4294967296.0,107374182.4
Fat Tree,823,11640209408.0,75.29182879377431,9252,6144,4294967296.0,107374182.4
Fat Tree,824,11640209408.0,75.30263726761781,9252,6144,4294967296.0,107374182.4
Fat Tree,825,11640209408.0,75.31344574146131,9252,6144,4294967296.0,107374182.4
Fat Tree,826,11640209408.0,75.32425421530479,9252,6144,4294967296.0,107374182.4
Fat Tree,827,11640209408.0,75.33506268914829,9252,6144,4294967296.0,107374182.4
Fat Tree,828,11640209408.0,75.34587116299178,9252,6144,4294967296.0,107374182.4
Fat Tree,829,11640209408.0,75.35667963683528,9252,6144,4294967296.0,107374182.4
Fat Tree,830,11640209408.0,75.36748811067878,9252,6144,4294967296.0,107374182.4
Fat Tree,831,11640209408.0,75.37829658452226,9252,6144,4294967296.0,107374182.4
Fat Tree,832,11640209408.0,75.38910505836576,9252,6144,4294967296.0,107374182.4
Fat Tree,833,11640209408.0,75.39991353220925,9252,6144,4294967296.0,107374182.4
Fat Tree,834,11640209408.0,75.41072200605274,9252,6144,4294967296.0,107374182.4
Fat Tree,835,11640209408.0,75.42153047989623,9252,6144,4294967296.0,107374182.4
Fat Tree,836,11640209408.0,75.43233895373973,9252,6144,4294967296.0,107374182.4
Fat Tree,837,11640209408.0,75.44314742758323,9252,6144,4294967296.0,107374182.4
Fat Tree,838,11640209408.0,75.45395590142672,9252,6144,4294967296.0,107374182.4
Fat Tree,839,11640209408.0,75.4647643752702,9252,6144,4294967296.0,107374182.4
Fat Tree,840,11640209408.0,75.4755728491137,9252,6144,4294967296.0,107374182.4
Fat Tree,841,11640209408.0,75.4863813229572,9252,6144,4294967296.0,107374182.4
Fat Tree,842,11640209408.0,75.49718979680068,9252,6144,4294967296.0,107374182.4
Fat Tree,843,11640209408.0,75.50799827064418,9252,6144,4294967296.0,107374182.4
Fat Tree,844,11640209408.0,75.51880674448768,9252,6144,4294967296.0,107374182.4
Fat Tree,845,11640209408.0,75.52961521833117,9252,6144,4294967296.0,107374182.4
Fat Tree,846,11640209408.0,75.54042369217467,9252,6144,4294967296.0,107374182.4
Fat Tree,847,11640209408.0,75.55123216601815,9252,6144,4294967296.0,107374182.4
Fat Tree,848,11640209408.0,75.56204063986165,9252,6144,4294967296.0,107374182.4
Fat Tree,849,11640209408.0,75.57284911370515,9252,6144,4294967296.0,107374182.4
Fat Tree,850,11640209408.0,75.58365758754863,9252,6144,4294967296.0,107374182.4
Fat Tree,851,11640209408.0,75.59446606139213,9252,6144,4294967296.0,107374182.4
Fat Tree,852,11640209408.0,75.60527453523562,9252,6144,4294967296.0,107374182.4
Fat Tree,853,11640209408.0,75.61608300907912,9252,6144,4294967296.0,107374182.4
Fat Tree,854,11640209408.0,75.62689148292262,9252,6144,4294967296.0,107374182.4
Fat Tree,855,11640209408.0,75.6376999567661,9252,6144,4294967296.0,107374182.4
Fat Tree,856,11640209408.0,75.6485084306096,9252,6144,4294967296.0,107374182.4
Fat Tree,857,11640209408.0,75.65931690445309,9252,6144,4294967296.0,107374182.4
Fat Tree,858,11640209408.0,75.67012537829658,9252,6144,4294967296.0,107374182.4
Fat Tree,859,11640209408.0,75.68093385214007,9252,6144,4294967296.0,107374182.4
Fat Tree,860,11640209408.0,75.69174232598357,9252,6144,4294967296.0,107374182.4
Fat Tree,861,11640209408.0,75.70255079982707,9252,6144,4294967296.0,107374182.4
Fat Tree,862,11640209408.0,75.71335927367056,9252,6144,4294967296.0,107374182.4
Fat Tree,863,11640209408.0,75.72416774751404,9252,6144,4294967296.0,107374182.4
Fat Tree,864,11640209408.0,75.73497622135754,9252,6144,4294967296.0,107374182.4
Fat Tree,865,11640209408.0,75.74578469520104,9252,6144,4294967296.0,107374182.4
Fat Tree,866,11640209408.0,75.75659316904452,9252,6144,4294967296.0,107374182.4
Fat Tree,867,11640209408.0,75.76740164288802,9252,6144,4294967296.0,107374182.4
Fat Tree,868,11640209408.0,75.77821011673151,9252,6144,4294967296.0,107374182.4
Fat Tree,869,11640209408.0,75.78901859057501,9252,6144,4294967296.0,107374182.4
Fat Tree,870,11640209408.0,75.79982706441851,9252,6144,4294967296.0,107374182.4
Fat Tree,871,11640209408.0,75.81063553826199,9252,6144,4294967296.0,107374182.4
Fat Tree,872,11640209408.0,75.82144401210549,9252,6144,4294967296.0,107374182.4
Fat Tree,873,11640209408.0,75.83225248594898,9252,6144,4294967296.0,107374182.4
Fat Tree,874,11640209408.0,75.84306095979247,9252,6144,4294967296.0,107374182.4
Fat Tree,875,11640209408.0,75.85386943363596,9252,6144,4294967296.0,107374182.4
Fat Tree,876,11640209408.0,75.86467790747946,9252,6144,4294967296.0,107374182.4
Fat Tree,877,11640209408.0,75.87548638132296,9252,6144,4294967296.0,107374182.4
Fat Tree,878,11640209408.0,75.88629485516645,9252,6144,4294967296.0,107374182.4
Fat Tree,879,11640209408.0,75.89710332900994,9252,6144,4294967296.0,107374182.4
Fat Tree,880,11640209408.0,75.90791180285343,9252,6144,4294967296.0,107374182.4
Fat Tree,881,11640209408.0,75.91872027669693,9252,6144,4294967296.0,107374182.4
Fat Tree,882,11640209408.0,75.92952875054041,9252,6144,4294967296.0,107374182.4
Fat Tree,883,11640209408.0,75.94033722438391,9252,6144,4294967296.0,107374182.4
Fat Tree,884,11640209408.0,75.9511456982274,9252,6144,4294967296.0,107374182.4
Fat Tree,885,11640209408.0,75.9619541720709,9252,6144,4294967296.0,107374182.4
Fat Tree,886,11640209408.0,75.9727626459144,9252,6144,4294967296.0,107374182.4
Fat Tree,887,11640209408.0,75.98357111975788,9252,6144,4294967296.0,107374182.4
Fat Tree,888,11640209408.0,75.99437959360138,9252,6144,4294967296.0,107374182.4
Fat Tree,889,11640209408.0,76.00518806744488,9252,6144,4294967296.0,107374182.4
Fat Tree,890,11640209408.0,76.01599654128836,9252,6144,4294967296.0,107374182.4
Fat Tree,891,11640209408.0,76.02680501513186,9252,6144,4294967296.0,107374182.4
Fat Tree,892,11640209408.0,76.03761348897535,9252,6144,4294967296.0,107374182.4
Fat Tree,893,11640209408.0,76.04842196281885,9252,6144,4294967296.0,107374182.4
Fat Tree,894,11640209408.0,76.05923043666235,9252,6144,4294967296.0,107374182.4
Fat Tree,895,11640209408.0,76.07003891050583,9252,6144,4294967296.0,107374182.4
Fat Tree,896,11640209408.0,76.08084738434933,9252,6144,4294967296.0,107374182.4
Fat Tree,897,11640209408.0,76.09165585819282,9252,6144,4294967296.0,107374182.4
Fat Tree,898,11640209408.0,76.1024643320363,9252,6144,4294967296.0,107374182.4
Fat Tree,899,11640209408.0,76.1132728058798,9252,6144,4294967296.0,107374182.4
Fat Tree,900,11640209408.0,76.1240812797233,9252,6144,4294967296.0,107374182.4
Fat Tree,901,11640209408.0,76.1348897535668,9252,6144,4294967296.0,107374182.4
Fat Tree,902,11640209408.0,76.14569822741029,9252,6144,4294967296.0,107374182.4
Fat Tree,903,11640209408.0,76.15650670125378,9252,6144,4294967296.0,107374182.4
Fat Tree,904,11640209408.0,76.16731517509727,9252,6144,4294967296.0,107374182.4
Fat Tree,905,11640209408.0,76.17812364894077,9252,6144,4294967296.0,107374182.4
Fat Tree,906,11640209408.0,76.18893212278425,9252,6144,4294967296.0,107374182.4
Fat Tree,907,11640209408.0,76.19974059662775,9252,6144,4294967296.0,107374182.4
Fat Tree,908,11640209408.0,76.21054907047125,9252,6144,4294967296.0,107374182.4
Fat Tree,909,11640209408.0,76.22135754431474,9252,6144,4294967296.0,107374182.4
Fat Tree,910,11640209408.0,76.23216601815824,9252,6144,4294967296.0,107374182.4
Fat Tree,911,11640209408.0,76.24297449200172,9252,6144,4294967296.0,107374182.4
Fat Tree,912,11640209408.0,76.25378296584522,9252,6144,4294967296.0,107374182.4
Fat Tree,913,11640209408.0,76.26459143968872,9252,6144,4294967296.0,107374182.4
Fat Tree,914,11640209408.0,76.2753999135322,9252,6144,4294967296.0,107374182.4
Fat Tree,915,11640209408.0,76.2862083873757,9252,6144,4294967296.0,107374182.4
Fat Tree,916,11640209408.0,76.29701686121919,9252,6144,4294967296.0,107374182.4
Fat Tree,917,11640209408.0,76.30782533506269,9252,6144,4294967296.0,107374182.4
Fat Tree,918,11640209408.0,76.31863380890618,9252,6144,4294967296.0,107374182.4
Fat Tree,919,11640209408.0,76.32944228274967,9252,6144,4294967296.0,107374182.4
Fat Tree,920,11640209408.0,76.34025075659316,9252,6144,4294967296.0,107374182.4
Fat Tree,921,11640209408.0,76.35105923043666,9252,6144,4294967296.0,107374182.4
Fat Tree,922,11640209408.0,76.36186770428014,9252,6144,4294967296.0,107374182.4
Fat Tree,923,11640209408.0,76.37267617812364,9252,6144,4294967296.0,107374182.4
Fat Tree,924,11640209408.0,76.38348465196714,9252,6144,4294967296.0,107374182.4
Fat Tree,925,11640209408.0,76.39429312581063,9252,6144,4294967296.0,107374182.4
Fat Tree,926,11640209408.0,76.40510159965413,9252,6144,4294967296.0,107374182.4
Fat Tree,927,11640209408.0,76.41591007349761,9252,6144,4294967296.0,107374182.4
Fat Tree,928,11640209408.0,76.42671854734111,9252,6144,4294967296.0,107374182.4
Fat Tree,929,11640209408.0,76.43752702118461,9252,6144,4294967296.0,107374182.4
Fat Tree,930,11640209408.0,76.44833549502809,9252,6144,4294967296.0,107374182.4
Fat Tree,931,11640209408.0,76.45914396887159,9252,6144,4294967296.0,107374182.4
Fat Tree,932,11640209408.0,76.46995244271508,9252,6144,4294967296.0,107374182.4
Fat Tree,933,11640209408.0,76.48076091655858,9252,6144,4294967296.0,107374182.4
Fat Tree,934,11640209408.0,76.49156939040208,9252,6144,4294967296.0,107374182.4
Fat Tree,935,11640209408.0,76.50237786424556,9252,6144,4294967296.0,107374182.4
Fat Tree,936,11640209408.0,76.51318633808906,9252,6144,4294967296.0,107374182.4
Fat Tree,937,11640209408.0,76.52399481193255,9252,6144,4294967296.0,107374182.4
Fat Tree,938,11640209408.0,76.53480328577604,9252,6144,4294967296.0,107374182.4
Fat Tree,939,11640209408.0,76.54561175961953,9252,6144,4294967296.0,107374182.4
Fat Tree,940,11640209408.0,76.55642023346303,9252,6144,4294967296.0,107374182.4
Fat Tree,941,11640209408.0,76.56722870730654,9252,6144,4294967296.0,107374182.4
Fat Tree,942,11640209408.0,76.57803718115002,9252,6144,4294967296.0,107374182.4
Fat Tree,943,11640209408.0,76.58884565499352,9252,6144,4294967296.0,107374182.4
Fat Tree,944,11640209408.0,76.59965412883702,9252,6144,4294967296.0,107374182.4
Fat Tree,945,11640209408.0,76.61046260268051,9252,6144,4294967296.0,107374182.4
Fat Tree,946,11640209408.0,76.621271076524,9252,6144,4294967296.0,107374182.4
Fat Tree,947,11640209408.0,76.6320795503675,9252,6144,4294967296.0,107374182.4
Fat Tree,948,11640209408.0,76.64288802421099,9252,6144,4294967296.0,107374182.4
Fat Tree,949,11640209408.0,76.65369649805449,9252,6144,4294967296.0,107374182.4
Fat Tree,950,11640209408.0,76.66450497189797,9252,6144,4294967296.0,107374182.4
Fat Tree,951,11640209408.0,76.67531344574147,9252,6144,4294967296.0,107374182.4
Fat Tree,952,11640209408.0,76.68612191958496,9252,6144,4294967296.0,107374182.4
Fat Tree,953,11640209408.0,76.69693039342846,9252,6144,4294967296.0,107374182.4
Fat Tree,954,11640209408.0,76.70773886727194,9252,6144,4294967296.0,107374182.4
Fat Tree,955,11640209408.0,76.71854734111544,9252,6144,4294967296.0,107374182.4
Fat Tree,956,11640209408.0,76.72935581495894,9252,6144,4294967296.0,107374182.4
Fat Tree,957,11640209408.0,76.74016428880243,9252,6144,4294967296.0,107374182.4
Fat Tree,958,11640209408.0,76.75097276264592,9252,6144,4294967296.0,107374182.4
Fat Tree,959,11640209408.0,76.76178123648941,9252,6144,4294967296.0,107374182.4
Fat Tree,960,11640209408.0,76.77258971033291,9252,6144,4294967296.0,107374182.4
Fat Tree,961,11640209408.0,76.7833981841764,9252,6144,4294967296.0,107374182.4
Fat Tree,962,11640209408.0,76.79420665801989,9252,6144,4294967296.0,107374182.4
Fat Tree,963,11640209408.0,76.80501513186339,9252,6144,4294967296.0,107374182.4
Fat Tree,964,11640209408.0,76.81582360570688,9252,6144,4294967296.0,107374182.4
Fat Tree,965,11640209408.0,76.82663207955038,9252,6144,4294967296.0,107374182.4
Fat Tree,966,11640209408.0,76.83744055339386,9252,6144,4294967296.0,107374182.4
Fat Tree,967,11640209408.0,76.84824902723736,9252,6144,4294967296.0,107374182.4
Fat Tree,968,11640209408.0,76.85905750108085,9252,6144,4294967296.0,107374182.4
Fat Tree,969,11640209408.0,76.86986597492435,9252,6144,4294967296.0,107374182.4
Fat Tree,970,11640209408.0,76.88067444876783,9252,6144,4294967296.0,107374182.4
Fat Tree,971,11640209408.0,76.89148292261133,9252,6144,4294967296.0,107374182.4
Fat Tree,972,11640209408.0,76.90229139645483,9252,6144,4294967296.0,107374182.4
Fat Tree,973,11640209408.0,76.91309987029832,9252,6144,4294967296.0,107374182.4
Fat Tree,974,11640209408.0,76.92390834414181,9252,6144,4294967296.0,107374182.4
Fat Tree,975,11640209408.0,76.9347168179853,9252,6144,4294967296.0,107374182.4
Fat Tree,976,11640209408.0,76.9455252918288,9252,6144,4294967296.0,107374182.4
Fat Tree,977,11640209408.0,76.9563337656723,9252,6144,4294967296.0,107374182.4
Fat Tree,978,11640209408.0,76.96714223951578,9252,6144,4294967296.0,107374182.4
Fat Tree,979,11640209408.0,76.97795071335928,9252,6144,4294967296.0,107374182.4
Fat Tree,980,11640209408.0,76.98875918720277,9252,6144,4294967296.0,107374182.4
Fat Tree,981,11640209408.0,76.99956766104627,9252,6144,4294967296.0,107374182.4
Fat Tree,982,11640209408.0,77.01037613488975,9252,6144,4294967296.0,107374182.4
Fat Tree,983,11640209408.0,77.02118460873325,9252,6144,4294967296.0,107374182.4
Fat Tree,984,11640209408.0,77.03199308257675,9252,6144,4294967296.0,107374182.4
Fat Tree,985,11640209408.0,77.04280155642024,9252,6144,4294967296.0,107374182.4
Fat Tree,986,11640209408.0,77.05361003026373,9252,6144,4294967296.0,107374182.4
Fat Tree,987,11640209408.0,77.06441850410722,9252,6144,4294967296.0,107374182.4
Fat Tree,988,11640209408.0,77.07522697795072,9252,6144,4294967296.0,107374182.4
Fat Tree,989,11640209408.0,77.08603545179422,9252,6144,4294967296.0,107374182.4
Fat Tree,990,11640209408.0,77.0968439256377,9252,6144,4294967296.0,107374182.4
Fat Tree,991,11640209408.0,77.1076523994812,9252,6144,4294967296.0,107374182.4
Fat Tree,992,11640209408.0,77.1184608733247,9252,6144,4294967296.0,107374182.4
Fat Tree,993,11640209408.0,77.12926934716819,9252,6144,4294967296.0,107374182.4
Fat Tree,994,11640209408.0,77.14007782101167,9252,6144,4294967296.0,107374182.4
Fat Tree,995,11640209408.0,77.15088629485517,9252,6144,4294967296.0,107374182.4
Fat Tree,996,11640209408.0,77.16169476869867,9252,6144,4294967296.0,107374182.4
Fat Tree,997,11640209408.0,77.17250324254216,9252,6144,4294967296.0,107374182.4
Fat Tree,998,11640209408.0,77.18331171638565,9252,6144,4294967296.0,107374182.4
Fat Tree,999,11640209408.0,77.19412019022914,9252,6144,4294967296.0,107374182.4
Fat Tree,1000,11640209408.0,77.20492866407264,9252,6144,4294967296.0,107374182.4
Fat Tree,1001,11640209408.0,77.21573713791614,9252,6144,4294967296.0,107374182.4
Fat Tree,1002,11640209408.0,77.22654561175962,9252,6144,4294967296.0,107374182.4
Fat Tree,1003,11640209408.0,77.23735408560312,9252,6144,4294967296.0,107374182.4
Fat Tree,1004,11640209408.0,77.24816255944661,9252,6144,4294967296.0,107374182.4
Fat Tree,1005,11640209408.0,77.25897103329011,9252,6144,4294967296.0,107374182.4
Fat Tree,1006,11640209408.0,77.26977950713359,9252,6144,4294967296.0,107374182.4
Fat Tree,1007,11640209408.0,77.28058798097709,9252,6144,4294967296.0,107374182.4
Fat Tree,1008,11640209408.0,77.29139645482059,9252,6144,4294967296.0,107374182.4
Fat Tree,1009,11640209408.0,77.30220492866408,9252,6144,4294967296.0,107374182.4
Fat Tree,1010,11640209408.0,77.31301340250756,9252,6144,4294967296.0,107374182.4
Fat Tree,1011,11640209408.0,77.32382187635106,9252,6144,4294967296.0,107374182.4
Fat Tree,1012,11640209408.0,77.33463035019456,9252,6144,4294967296.0,107374182.4
Fat Tree,1013,11640209408.0,77.34543882403806,9252,6144,4294967296.0,107374182.4
Fat Tree,1014,11640209408.0,77.35624729788154,9252,6144,4294967296.0,107374182.4
Fat Tree,1015,11640209408.0,77.36705577172503,9252,6144,4294967296.0,107374182.4
Fat Tree,1016,11640209408.0,77.37786424556853,9252,6144,4294967296.0,107374182.4
Fat Tree,1017,11640209408.0,77.38867271941203,9252,6144,4294967296.0,107374182.4
Fat Tree,1018,11640209408.0,77.39948119325551,9252,6144,4294967296.0,107374182.4
Fat Tree,1019,11640209408.0,77.41028966709901,9252,6144,4294967296.0,107374182.4
Fat Tree,1020,11640209408.0,77.4210981409425,9252,6144,4294967296.0,107374182.4
Fat Tree,1021,11640209408.0,77.431906614786,9252,6144,4294967296.0,107374182.4
Fat Tree,1022,11640209408.0,77.44271508862948,9252,6144,4294967296.0,107374182.4
Fat Tree,1023,11640209408.0,77.45352356247298,9252,6144,4294967296.0,107374182.4
Fat Tree,1024,11640209408.0,77.46433203631648,9252,6144,4294967296.0,107374182.4
Fat Tree,1025,11640209408.0,77.47514051015997,9252,6144,4294967296.0,107374182.4
Fat Tree,1026,11640209408.0,77.48594898400346,9252,6144,4294967296.0,107374182.4
Fat Tree,1027,11640209408.0,77.49675745784695,9252,6144,4294967296.0,107374182.4
Fat Tree,1028,11640209408.0,77.50756593169045,9252,6144,4294967296.0,107374182.4
Fat Tree,1029,11640209408.0,77.51837440553395,9252,6144,4294967296.0,107374182.4
Fat Tree,1030,11640209408.0,77.52918287937743,9252,6144,4294967296.0,107374182.4
Fat Tree,1031,11640209408.0,77.53999135322093,9252,6144,4294967296.0,107374182.4
Fat Tree,1032,11640209408.0,77.55079982706442,9252,6144,4294967296.0,107374182.4
Fat Tree,1033,11640209408.0,77.56160830090792,9252,6144,4294967296.0,107374182.4
Fat Tree,1034,11640209408.0,77.5724167747514,9252,6144,4294967296.0,107374182.4
Fat Tree,1035,11640209408.0,77.5832252485949,9252,6144,4294967296.0,107374182.4
Fat Tree,1036,11640209408.0,77.5940337224384,9252,6144,4294967296.0,107374182.4
Fat Tree,1037,11640209408.0,77.6048421962819,9252,6144,4294967296.0,107374182.4
Fat Tree,1038,11640209408.0,77.61565067012538,9252,6144,4294967296.0,107374182.4
Fat Tree,1039,11640209408.0,77.62645914396887,9252,6144,4294967296.0,107374182.4
Fat Tree,1040,11640209408.0,77.63726761781237,9252,6144,4294967296.0,107374182.4
Fat Tree,1041,11640209408.0,77.64807609165587,9252,6144,4294967296.0,107374182.4
Fat Tree,1042,11640209408.0,77.65888456549935,9252,6144,4294967296.0,107374182.4
Fat Tree,1043,11640209408.0,77.66969303934285,9252,6144,4294967296.0,107374182.4
Fat Tree,1044,11640209408.0,77.68050151318634,9252,6144,4294967296.0,107374182.4
Fat Tree,1045,11640209408.0,77.69130998702984,9252,6144,4294967296.0,107374182.4
Fat Tree,1046,11640209408.0,77.70211846087332,9252,6144,4294967296.0,107374182.4
Fat Tree,1047,11640209408.0,77.71292693471682,9252,6144,4294967296.0,107374182.4
Fat Tree,1048,11640209408.0,77.72373540856032,9252,6144,4294967296.0,107374182.4
Fat Tree,1049,11640209408.0,77.73454388240381,9252,6144,4294967296.0,107374182.4
Fat Tree,1050,11640209408.0,77.7453523562473,9252,6144,4294967296.0,107374182.4
Fat Tree,1051,11640209408.0,77.75616083009079,9252,6144,4294967296.0,107374182.4
Fat Tree,1052,11640209408.0,77.76696930393429,9252,6144,4294967296.0,107374182.4
Fat Tree,1053,11640209408.0,77.77777777777779,9252,6144,4294967296.0,107374182.4
Fat Tree,1054,11640209408.0,77.78858625162127,9252,6144,4294967296.0,107374182.4
Fat Tree,1055,11640209408.0,77.79939472546477,9252,6144,4294967296.0,107374182.4
Fat Tree,1056,11640209408.0,77.81020319930826,9252,6144,4294967296.0,107374182.4
Fat Tree,1057,11640209408.0,77.82101167315176,9252,6144,4294967296.0,107374182.4
Fat Tree,1058,11774427136.0,77.83182014699524,9252,6144,4294967296.0,107374182.4
Fat Tree,1059,11774427136.0,77.84262862083874,9252,6144,4294967296.0,107374182.4
Fat Tree,1060,11774427136.0,77.85343709468223,9252,6144,4294967296.0,107374182.4
Fat Tree,1061,11774427136.0,77.86424556852573,9252,6144,4294967296.0,107374182.4
Fat Tree,1062,11774427136.0,77.87505404236921,9252,6144,4294967296.0,107374182.4
Fat Tree,1063,11774427136.0,77.88586251621271,9252,6144,4294967296.0,107374182.4
Fat Tree,1064,11774427136.0,77.89667099005621,9252,6144,4294967296.0,107374182.4
Fat Tree,1065,11774427136.0,77.9074794638997,9252,6144,4294967296.0,107374182.4
Fat Tree,1066,11774427136.0,77.91828793774319,9252,6144,4294967296.0,107374182.4
Fat Tree,1067,11774427136.0,77.92909641158668,9252,6144,4294967296.0,107374182.4
Fat Tree,1068,11774427136.0,77.93990488543018,9252,6144,4294967296.0,107374182.4
Fat Tree,1069,11774427136.0,77.95071335927368,9252,6144,4294967296.0,107374182.4
Fat Tree,1070,11774427136.0,77.96152183311716,9252,6144,4294967296.0,107374182.4
Fat Tree,1071,11774427136.0,77.97233030696066,9252,6144,4294967296.0,107374182.4
Fat Tree,1072,11774427136.0,77.98313878080415,9252,6144,4294967296.0,107374182.4
Fat Tree,1073,11774427136.0,77.99394725464765,9252,6144,4294967296.0,107374182.4
Fat Tree,1074,11774427136.0,78.00475572849113,9252,6144,4294967296.0,107374182.4
Fat Tree,1075,11774427136.0,78.01556420233463,9252,6144,4294967296.0,107374182.4
Fat Tree,1076,11774427136.0,78.02637267617813,9252,6144,4294967296.0,107374182.4
Fat Tree,1077,11774427136.0,78.03718115002162,9252,6144,4294967296.0,107374182.4
Fat Tree,1078,11774427136.0,78.0479896238651,9252,6144,4294967296.0,107374182.4
Fat Tree,1079,11774427136.0,78.0587980977086,9252,6144,4294967296.0,107374182.4
Fat Tree,1080,11774427136.0,78.0696065715521,9252,6144,4294967296.0,107374182.4
Fat Tree,1081,11774427136.0,78.0804150453956,9252,6144,4294967296.0,107374182.4
Fat Tree,1082,11774427136.0,78.09122351923908,9252,6144,4294967296.0,107374182.4
Fat Tree,1083,11774427136.0,78.10203199308258,9252,6144,4294967296.0,107374182.4
Fat Tree,1084,11774427136.0,78.11284046692607,9252,6144,4294967296.0,107374182.4
Fat Tree,1085,11774427136.0,78.12364894076957,9252,6144,4294967296.0,107374182.4
Fat Tree,1086,11774427136.0,78.13445741461305,9252,6144,4294967296.0,107374182.4
Fat Tree,1087,11774427136.0,78.14526588845655,9252,6144,4294967296.0,107374182.4
Fat Tree,1088,11774427136.0,78.15607436230005,9252,6144,4294967296.0,107374182.4
Fat Tree,1089,11774427136.0,78.16688283614354,9252,6144,4294967296.0,107374182.4
Fat Tree,1090,11774427136.0,78.17769130998703,9252,6144,4294967296.0,107374182.4
Fat Tree,1091,11774427136.0,78.18849978383052,9252,6144,4294967296.0,107374182.4
Fat Tree,1092,11774427136.0,78.19930825767402,9252,6144,4294967296.0,107374182.4
Fat Tree,1093,11774427136.0,78.21011673151752,9252,6144,4294967296.0,107374182.4
Fat Tree,1094,11774427136.0,78.220925205361,9252,6144,4294967296.0,107374182.4
Fat Tree,1095,11774427136.0,78.2317336792045,9252,6144,4294967296.0,107374182.4
Fat Tree,1096,11774427136.0,78.24254215304799,9252,6144,4294967296.0,107374182.4
Fat Tree,1097,11774427136.0,78.25335062689149,9252,6144,4294967296.0,107374182.4
Fat Tree,1098,11774427136.0,78.26415910073497,9252,6144,4294967296.0,107374182.4
Fat Tree,1099,11774427136.0,78.27496757457847,9252,6144,4294967296.0,107374182.4
Fat Tree,1100,11774427136.0,78.28577604842197,9252,6144,4294967296.0,107374182.4
Fat Tree,1101,11774427136.0,78.29658452226546,9252,6144,4294967296.0,107374182.4
Fat Tree,1102,11774427136.0,78.30739299610894,9252,6144,4294967296.0,107374182.4
Fat Tree,1103,11774427136.0,78.31820146995244,9252,6144,4294967296.0,107374182.4
Fat Tree,1104,11774427136.0,78.32900994379594,9252,6144,4294967296.0,107374182.4
Fat Tree,1105,11774427136.0,78.33981841763944,9252,6144,4294967296.0,107374182.4
Fat Tree,1106,11774427136.0,78.35062689148292,9252,6144,4294967296.0,107374182.4
Fat Tree,1107,11774427136.0,78.36143536532641,9252,6144,4294967296.0,107374182.4
Fat Tree,1108,11774427136.0,78.37224383916991,9252,6144,4294967296.0,107374182.4
Fat Tree,1109,11774427136.0,78.38305231301341,9252,6144,4294967296.0,107374182.4
Fat Tree,1110,11774427136.0,78.39386078685689,9252,6144,4294967296.0,107374182.4
Fat Tree,1111,11774427136.0,78.40466926070039,9252,6144,4294967296.0,107374182.4
Fat Tree,1112,11774427136.0,78.41547773454388,9252,6144,4294967296.0,107374182.4
Fat Tree,1113,11774427136.0,78.42628620838738,9252,6144,4294967296.0,107374182.4
Fat Tree,1114,11774427136.0,78.43709468223086,9252,6144,4294967296.0,107374182.4
Fat Tree,1115,11774427136.0,78.44790315607436,9252,6144,4294967296.0,107374182.4
Fat Tree,1116,11774427136.0,78.45871162991786,9252,6144,4294967296.0,107374182.4
Fat Tree,1117,11774427136.0,78.46952010376135,9252,6144,4294967296.0,107374182.4
Fat Tree,1118,11774427136.0,78.48032857760484,9252,6144,4294967296.0,107374182.4
Fat Tree,1119,11774427136.0,78.49113705144833,9252,6144,4294967296.0,107374182.4
Fat Tree,1120,11774427136.0,78.50194552529183,9252,6144,4294967296.0,107374182.4
Fat Tree,1121,11774427136.0,78.51275399913533,9252,6144,4294967296.0,107374182.4
Fat Tree,1122,11774427136.0,78.52356247297881,9252,6144,4294967296.0,107374182.4
Fat Tree,1123,11774427136.0,78.5343709468223,9252,6144,4294967296.0,107374182.4
Fat Tree,1124,11774427136.0,78.5451794206658,9252,6144,4294967296.0,107374182.4
Fat Tree,1125,11774427136.0,78.5559878945093,9252,6144,4294967296.0,107374182.4
Fat Tree,1126,11774427136.0,78.56679636835278,9252,6144,4294967296.0,107374182.4
Fat Tree,1127,11774427136.0,78.57760484219628,9252,6144,4294967296.0,107374182.4
Fat Tree,1128,11774427136.0,78.58841331603978,9252,6144,4294967296.0,107374182.4
Fat Tree,1129,11774427136.0,78.59922178988327,9252,6144,4294967296.0,107374182.4
Fat Tree,1130,11774427136.0,78.61003026372676,9252,6144,4294967296.0,107374182.4
Fat Tree,1131,11774427136.0,78.62083873757025,9252,6144,4294967296.0,107374182.4
Fat Tree,1132,11774427136.0,78.63164721141375,9252,6144,4294967296.0,107374182.4
Fat Tree,1133,11774427136.0,78.64245568525725,9252,6144,4294967296.0,107374182.4
Fat Tree,1134,11774427136.0,78.65326415910073,9252,6144,4294967296.0,107374182.4
Fat Tree,1135,11774427136.0,78.66407263294423,9252,6144,4294967296.0,107374182.4
Fat Tree,1136,11774427136.0,78.67488110678772,9252,6144,4294967296.0,107374182.4
Fat Tree,1137,11774427136.0,78.68568958063122,9252,6144,4294967296.0,107374182.4
Fat Tree,1138,11774427136.0,78.6964980544747,9252,6144,4294967296.0,107374182.4
Fat Tree,1139,11774427136.0,78.7073065283182,9252,6144,4294967296.0,107374182.4
Fat Tree,1140,11774427136.0,78.7181150021617,9252,6144,4294967296.0,107374182.4
Fat Tree,1141,11774427136.0,78.72892347600519,9252,6144,4294967296.0,107374182.4
Fat Tree,1142,11774427136.0,78.73973194984868,9252,6144,4294967296.0,107374182.4
Fat Tree,1143,11774427136.0,78.75054042369217,9252,6144,4294967296.0,107374182.4
Fat Tree,1144,11774427136.0,78.76134889753567,9252,6144,4294967296.0,107374182.4
Fat Tree,1145,11774427136.0,78.77215737137917,9252,6144,4294967296.0,107374182.4
Fat Tree,1146,11774427136.0,78.78296584522265,9252,6144,4294967296.0,107374182.4
Fat Tree,1147,11774427136.0,78.79377431906615,9252,6144,4294967296.0,107374182.4
Fat Tree,1148,11774427136.0,78.80458279290964,9252,6144,4294967296.0,107374182.4
Fat Tree,1149,11774427136.0,78.81539126675314,9252,6144,4294967296.0,107374182.4
Fat Tree,1150,11774427136.0,78.82619974059662,9252,6144,4294967296.0,107374182.4
Fat Tree,1151,11774427136.0,78.83700821444012,9252,6144,4294967296.0,107374182.4
Fat Tree,1152,11774427136.0,78.84781668828361,9252,6144,4294967296.0,107374182.4
Fat Tree,1153,11774427136.0,78.85862516212711,9252,6144,4294967296.0,107374182.4
Fat Tree,1154,11774427136.0,78.8694336359706,9252,6144,4294967296.0,107374182.4
Fat Tree,1155,11774427136.0,78.88024210981409,9252,6144,4294967296.0,107374182.4
Fat Tree,1156,11774427136.0,78.89105058365759,9252,6144,4294967296.0,107374182.4
Fat Tree,1157,11774427136.0,78.90185905750108,9252,6144,4294967296.0,107374182.4
Fat Tree,1158,11774427136.0,78.91266753134457,9252,6144,4294967296.0,107374182.4
Fat Tree,1159,11774427136.0,78.92347600518806,9252,6144,4294967296.0,107374182.4
Fat Tree,1160,11774427136.0,78.93428447903156,9252,6144,4294967296.0,107374182.4
Fat Tree,1161,11774427136.0,78.94509295287506,9252,6144,4294967296.0,107374182.4
Fat Tree,1162,11774427136.0,78.95590142671854,9252,6144,4294967296.0,107374182.4
Fat Tree,1163,11774427136.0,78.96670990056204,9252,6144,4294967296.0,107374182.4
Fat Tree,1164,11774427136.0,78.97751837440553,9252,6144,4294967296.0,107374182.4
Fat Tree,1165,11774427136.0,78.98832684824903,9252,6144,4294967296.0,107374182.4
Fat Tree,1166,11774427136.0,78.99913532209251,9252,6144,4294967296.0,107374182.4
Fat Tree,1167,11774427136.0,79.00994379593601,9252,6144,4294967296.0,107374182.4
Fat Tree,1168,11774427136.0,79.0207522697795,9252,6144,4294967296.0,107374182.4
Fat Tree,1169,11774427136.0,79.031560743623,9252,6144,4294967296.0,107374182.4
Fat Tree,1170,11774427136.0,79.04236921746649,9252,6144,4294967296.0,107374182.4
Fat Tree,1171,11774427136.0,79.05317769130998,9252,6144,4294967296.0,107374182.4
Fat Tree,1172,11774427136.0,79.06398616515348,9252,6144,4294967296.0,107374182.4
Fat Tree,1173,11774427136.0,79.07479463899698,9252,6144,4294967296.0,107374182.4
Fat Tree,1174,11774427136.0,79.08560311284046,9252,6144,4294967296.0,107374182.4
Fat Tree,1175,11774427136.0,79.09641158668396,9252,6144,4294967296.0,107374182.4
Fat Tree,1176,11774427136.0,79.10722006052745,9252,6144,4294967296.0,107374182.4
Fat Tree,1177,11774427136.0,79.11802853437095,9252,6144,4294967296.0,107374182.4
Fat Tree,1178,11774427136.0,79.12883700821443,9252,6144,4294967296.0,107374182.4
Fat Tree,1179,11774427136.0,79.13964548205793,9252,6144,4294967296.0,107374182.4
Fat Tree,1180,11774427136.0,79.15045395590143,9252,6144,4294967296.0,107374182.4
Fat Tree,1181,11774427136.0,79.16126242974492,9252,6144,4294967296.0,107374182.4
Fat Tree,1182,11774427136.0,79.1720709035884,9252,6144,4294967296.0,107374182.4
Fat Tree,1183,11774427136.0,79.1828793774319,9252,6144,4294967296.0,107374182.4
Fat Tree,1184,11774427136.0,79.1936878512754,9252,6144,4294967296.0,107374182.4
Fat Tree,1185,11774427136.0,79.2044963251189,9252,6144,4294967296.0,107374182.4
Fat Tree,1186,11774427136.0,79.21530479896238,9252,6144,4294967296.0,107374182.4
Fat Tree,1187,11774427136.0,79.22611327280588,9252,6144,4294967296.0,107374182.4
Fat Tree,1188,11774427136.0,79.23692174664937,9252,6144,4294967296.0,107374182.4
Fat Tree,1189,11774427136.0,79.24773022049287,9252,6144,4294967296.0,107374182.4
Fat Tree,1190,11774427136.0,79.25853869433635,9252,6144,4294967296.0,107374182.4
Fat Tree,1191,11774427136.0,79.26934716817985,9252,6144,4294967296.0,107374182.4
Fat Tree,1192,11774427136.0,79.28015564202335,9252,6144,4294967296.0,107374182.4
Fat Tree,1193,11774427136.0,79.29096411586684,9252,6144,4294967296.0,107374182.4
Fat Tree,1194,11774427136.0,79.30177258971032,9252,6144,4294967296.0,107374182.4
Fat Tree,1195,11774427136.0,79.31258106355382,9252,6144,4294967296.0,107374182.4
Fat Tree,1196,11774427136.0,79.32338953739732,9252,6144,4294967296.0,107374182.4
Fat Tree,1197,11774427136.0,79.33419801124082,9252,6144,4294967296.0,107374182.4
Fat Tree,1198,11774427136.0,79.3450064850843,9252,6144,4294967296.0,107374182.4
Fat Tree,1199,11774427136.0,79.3558149589278,9252,6144,4294967296.0,107374182.4
Fat Tree,1200,11774427136.0,79.36662343277129,9252,6144,4294967296.0,107374182.4
Fat Tree,1201,11774427136.0,79.37743190661479,9252,6144,4294967296.0,107374182.4
Fat Tree,1202,11774427136.0,79.38824038045827,9252,6144,4294967296.0,107374182.4
Fat Tree,1203,11774427136.0,79.39904885430177,9252,6144,4294967296.0,107374182.4
Fat Tree,1204,11774427136.0,79.40985732814526,9252,6144,4294967296.0,107374182.4
Fat Tree,1205,11774427136.0,79.42066580198876,9252,6144,4294967296.0,107374182.4
Fat Tree,1206,11774427136.0,79.43147427583224,9252,6144,4294967296.0,107374182.4
Fat Tree,1207,11774427136.0,79.44228274967574,9252,6144,4294967296.0,107374182.4
Fat Tree,1208,11774427136.0,79.45309122351924,9252,6144,4294967296.0,107374182.4
Fat Tree,1209,11774427136.0,79.46389969736273,9252,6144,4294967296.0,107374182.4
Fat Tree,1210,11774427136.0,79.47470817120622,9252,6144,4294967296.0,107374182.4
Fat Tree,1211,11774427136.0,79.48551664504971,9252,6144,4294967296.0,107374182.4
Fat Tree,1212,11774427136.0,79.49632511889321,9252,6144,4294967296.0,107374182.4
Fat Tree,1213,11774427136.0,79.50713359273671,9252,6144,4294967296.0,107374182.4
Fat Tree,1214,11774427136.0,79.51794206658019,9252,6144,4294967296.0,107374182.4
Fat Tree,1215,11774427136.0,79.52875054042369,9252,6144,4294967296.0,107374182.4
Fat Tree,1216,11774427136.0,79.53955901426718,9252,6144,4294967296.0,107374182.4
Fat Tree,1217,11774427136.0,79.55036748811068,9252,6144,4294967296.0,107374182.4
Fat Tree,1218,11774427136.0,79.56117596195416,9252,6144,4294967296.0,107374182.4
Fat Tree,1219,11774427136.0,79.57198443579766,9252,6144,4294967296.0,107374182.4
Fat Tree,1220,11774427136.0,79.58279290964116,9252,6144,4294967296.0,107374182.4
Fat Tree,1221,11774427136.0,79.59360138348465,9252,6144,4294967296.0,107374182.4
Fat Tree,1222,11774427136.0,79.60440985732814,9252,6144,4294967296.0,107374182.4
Fat Tree,1223,11774427136.0,79.61521833117163,9252,6144,4294967296.0,107374182.4
Fat Tree,1224,11774427136.0,79.62602680501513,9252,6144,4294967296.0,107374182.4
Fat Tree,1225,11774427136.0,79.63683527885863,9252,6144,4294967296.0,107374182.4
Fat Tree,1226,11774427136.0,79.64764375270211,9252,6144,4294967296.0,107374182.4
Fat Tree,1227,11774427136.0,79.6584522265456,9252,6144,4294967296.0,107374182.4
Fat Tree,1228,11774427136.0,79.6692607003891,9252,6144,4294967296.0,107374182.4
Fat Tree,1229,11774427136.0,79.6800691742326,9252,6144,4294967296.0,107374182.4
Fat Tree,1230,11774427136.0,79.6908776480761,9252,6144,4294967296.0,107374182.4
Fat Tree,1231,11774427136.0,79.7016861219196,9252,6144,4294967296.0,107374182.4
Fat Tree,1232,11774427136.0,79.71249459576309,9252,6144,4294967296.0,107374182.4
Fat Tree,1233,11774427136.0,79.72330306960657,9252,6144,4294967296.0,107374182.4
Fat Tree,1234,11774427136.0,79.73411154345007,9252,6144,4294967296.0,107374182.4
Fat Tree,1235,11774427136.0,79.74492001729357,9252,6144,4294967296.0,107374182.4
Fat Tree,1236,11774427136.0,79.75572849113706,9252,6144,4294967296.0,107374182.4
Fat Tree,1237,11774427136.0,79.76653696498055,9252,6144,4294967296.0,107374182.4
Fat Tree,1238,11774427136.0,79.77734543882404,9252,6144,4294967296.0,107374182.4
Fat Tree,1239,11774427136.0,79.78815391266754,9252,6144,4294967296.0,107374182.4
Fat Tree,1240,11774427136.0,79.79896238651104,9252,6144,4294967296.0,107374182.4
Fat Tree,1241,11774427136.0,79.80977086035452,9252,6144,4294967296.0,107374182.4
Fat Tree,1242,11774427136.0,79.82057933419802,9252,6144,4294967296.0,107374182.4
Fat Tree,1243,11774427136.0,79.83138780804151,9252,6144,4294967296.0,107374182.4
Fat Tree,1244,11774427136.0,79.84219628188501,9252,6144,4294967296.0,107374182.4
Fat Tree,1245,11774427136.0,79.85300475572849,9252,6144,4294967296.0,107374182.4
Fat Tree,1246,11774427136.0,79.86381322957199,9252,6144,4294967296.0,107374182.4
Fat Tree,1247,11774427136.0,79.87462170341549,9252,6144,4294967296.0,107374182.4
Fat Tree,1248,11774427136.0,79.88543017725898,9252,6144,4294967296.0,107374182.4
Fat Tree,1249,11774427136.0,79.89623865110246,9252,6144,4294967296.0,107374182.4
Fat Tree,1250,11774427136.0,79.90704712494596,9252,6144,4294967296.0,107374182.4
Fat Tree,1251,11774427136.0,79.91785559878946,9252,6144,4294967296.0,107374182.4
Fat Tree,1252,11774427136.0,79.92866407263296,9252,6144,4294967296.0,107374182.4
Fat Tree,1253,11774427136.0,79.93947254647644,9252,6144,4294967296.0,107374182.4
Fat Tree,1254,11774427136.0,79.95028102031993,9252,6144,4294967296.0,107374182.4
Fat Tree,1255,11774427136.0,79.96108949416343,9252,6144,4294967296.0,107374182.4
Fat Tree,1256,11774427136.0,79.97189796800693,9252,6144,4294967296.0,107374182.4
Fat Tree,1257,11774427136.0,79.98270644185041,9252,6144,4294967296.0,107374182.4
Fat Tree,1258,11774427136.0,79.99351491569391,9252,6144,4294967296.0,107374182.4
Fat Tree,1259,11774427136.0,80.0043233895374,9252,6144,4294967296.0,107374182.4
Fat Tree,1260,11774427136.0,80.0151318633809,9252,6144,4294967296.0,107374182.4
Fat Tree,1261,11774427136.0,80.02594033722438,9252,6144,4294967296.0,107374182.4
Fat Tree,1262,11774427136.0,80.03674881106788,9252,6144,4294967296.0,107374182.4
Fat Tree,1263,11774427136.0,80.04755728491138,9252,6144,4294967296.0,107374182.4
Fat Tree,1264,11774427136.0,80.05836575875487,9252,6144,4294967296.0,107374182.4
Fat Tree,1265,11774427136.0,80.06917423259836,9252,6144,4294967296.0,107374182.4
Fat Tree,1266,11774427136.0,80.07998270644185,9252,6144,4294967296.0,107374182.4
Fat Tree,1267,11774427136.0,80.09079118028535,9252,6144,4294967296.0,107374182.4
Fat Tree,1268,11774427136.0,80.10159965412885,9252,6144,4294967296.0,107374182.4
Fat Tree,1269,11774427136.0,80.11240812797233,9252,6144,4294967296.0,107374182.4
Fat Tree,1270,11774427136.0,80.12321660181583,9252,6144,4294967296.0,107374182.4
Fat Tree,1271,11774427136.0,80.13402507565932,9252,6144,4294967296.0,107374182.4
Fat Tree,1272,11774427136.0,80.14483354950282,9252,6144,4294967296.0,107374182.4
Fat Tree,1273,11774427136.0,80.1556420233463,9252,6144,4294967296.0,107374182.4
Fat Tree,1274,11774427136.0,80.1664504971898,9252,6144,4294967296.0,107374182.4
Fat Tree,1275,11774427136.0,80.1772589710333,9252,6144,4294967296.0,107374182.4
Fat Tree,1276,11774427136.0,80.1880674448768,9252,6144,4294967296.0,107374182.4
Fat Tree,1277,11774427136.0,80.19887591872028,9252,6144,4294967296.0,107374182.4
Fat Tree,1278,11774427136.0,80.20968439256377,9252,6144,4294967296.0,107374182.4
Fat Tree,1279,11774427136.0,80.22049286640727,9252,6144,4294967296.0,107374182.4
Fat Tree,1280,11774427136.0,80.23130134025077,9252,6144,4294967296.0,107374182.4
Fat Tree,1281,11774427136.0,80.24210981409425,9252,6144,4294967296.0,107374182.4
Fat Tree,1282,11774427136.0,80.25291828793775,9252,6144,4294967296.0,107374182.4
Fat Tree,1283,11774427136.0,80.26372676178124,9252,6144,4294967296.0,107374182.4
Fat Tree,1284,11774427136.0,80.27453523562474,9252,6144,4294967296.0,107374182.4
Fat Tree,1285,11774427136.0,80.28534370946822,9252,6144,4294967296.0,107374182.4
Fat Tree,1286,11774427136.0,80.29615218331172,9252,6144,4294967296.0,107374182.4
Fat Tree,1287,11774427136.0,80.30696065715522,9252,6144,4294967296.0,107374182.4
Fat Tree,1288,11774427136.0,80.31776913099871,9252,6144,4294967296.0,107374182.4
Fat Tree,1289,11774427136.0,80.3285776048422,9252,6144,4294967296.0,107374182.4
Fat Tree,1290,11774427136.0,80.33938607868569,9252,6144,4294967296.0,107374182.4
Fat Tree,1291,11774427136.0,80.35019455252919,9252,6144,4294967296.0,107374182.4
Fat Tree,1292,11774427136.0,80.36100302637269,9252,6144,4294967296.0,107374182.4
Fat Tree,1293,11774427136.0,80.37181150021617,9252,6144,4294967296.0,107374182.4
Fat Tree,1294,11774427136.0,80.38261997405966,9252,6144,4294967296.0,107374182.4
Fat Tree,1295,11774427136.0,80.39342844790316,9252,6144,4294967296.0,107374182.4
Fat Tree,1296,11774427136.0,80.40423692174666,9252,6144,4294967296.0,107374182.4
Fat Tree,1297,11774427136.0,80.41504539559014,9252,6144,4294967296.0,107374182.4
Fat Tree,1298,11774427136.0,80.42585386943364,9252,6144,4294967296.0,107374182.4
Fat Tree,1299,11774427136.0,80.43666234327713,9252,6144,4294967296.0,107374182.4
Fat Tree,1300,11774427136.0,80.44747081712063,9252,6144,4294967296.0,107374182.4
Fat Tree,1301,11774427136.0,80.45827929096411,9252,6144,4294967296.0,107374182.4
Fat Tree,1302,11774427136.0,80.46908776480761,9252,6144,4294967296.0,107374182.4
Fat Tree,1303,11774427136.0,80.47989623865111,9252,6144,4294967296.0,107374182.4
Fat Tree,1304,11774427136.0,80.4907047124946,9252,6144,4294967296.0,107374182.4
Fat Tree,1305,11774427136.0,80.50151318633809,9252,6144,4294967296.0,107374182.4
Fat Tree,1306,11774427136.0,80.51232166018158,9252,6144,4294967296.0,107374182.4
Fat Tree,1307,11774427136.0,80.52313013402508,9252,6144,4294967296.0,107374182.4
Fat Tree,1308,11774427136.0,80.53393860786858,9252,6144,4294967296.0,107374182.4
Fat Tree,1309,11774427136.0,80.54474708171206,9252,6144,4294967296.0,107374182.4
Fat Tree,1310,11774427136.0,80.55555555555556,9252,6144,4294967296.0,107374182.4
Fat Tree,1311,11774427136.0,80.56636402939905,9252,6144,4294967296.0,107374182.4
Fat Tree,1312,11774427136.0,80.57717250324255,9252,6144,4294967296.0,107374182.4
Fat Tree,1313,11774427136.0,80.58798097708603,9252,6144,4294967296.0,107374182.4
Fat Tree,1314,11774427136.0,80.59878945092953,9252,6144,4294967296.0,107374182.4
Fat Tree,1315,11774427136.0,80.60959792477303,9252,6144,4294967296.0,107374182.4
Fat Tree,1316,11774427136.0,80.62040639861652,9252,6144,4294967296.0,107374182.4
Fat Tree,1317,11774427136.0,80.63121487246,9252,6144,4294967296.0,107374182.4
Fat Tree,1318,11774427136.0,80.6420233463035,9252,6144,4294967296.0,107374182.4
Fat Tree,1319,11774427136.0,80.652831820147,9252,6144,4294967296.0,107374182.4
Fat Tree,1320,11774427136.0,80.6636402939905,9252,6144,4294967296.0,107374182.4
Fat Tree,1321,11774427136.0,80.67444876783398,9252,6144,4294967296.0,107374182.4
Fat Tree,1322,11774427136.0,80.68525724167748,9252,6144,4294967296.0,107374182.4
Fat Tree,1323,11774427136.0,80.69606571552097,9252,6144,4294967296.0,107374182.4
Fat Tree,1324,11774427136.0,80.70687418936447,9252,6144,4294967296.0,107374182.4
Fat Tree,1325,11774427136.0,80.71768266320795,9252,6144,4294967296.0,107374182.4
Fat Tree,1326,11774427136.0,80.72849113705145,9252,6144,4294967296.0,107374182.4
Fat Tree,1327,11774427136.0,80.73929961089495,9252,6144,4294967296.0,107374182.4
Fat Tree,1328,11774427136.0,80.75010808473844,9252,6144,4294967296.0,107374182.4
Fat Tree,1329,11774427136.0,80.76091655858193,9252,6144,4294967296.0,107374182.4
Fat Tree,1330,11774427136.0,80.77172503242542,9252,6144,4294967296.0,107374182.4
Fat Tree,1331,11774427136.0,80.78253350626892,9252,6144,4294967296.0,107374182.4
Fat Tree,1332,11774427136.0,80.79334198011242,9252,6144,4294967296.0,107374182.4
Fat Tree,1333,11774427136.0,80.8041504539559,9252,6144,4294967296.0,107374182.4
Fat Tree,1334,11774427136.0,80.8149589277994,9252,6144,4294967296.0,107374182.4
Fat Tree,1335,11774427136.0,80.82576740164289,9252,6144,4294967296.0,107374182.4
Fat Tree,1336,11774427136.0,80.83657587548639,9252,6144,4294967296.0,107374182.4
Fat Tree,1337,11774427136.0,80.84738434932987,9252,6144,4294967296.0,107374182.4
Fat Tree,1338,11774427136.0,80.85819282317337,9252,6144,4294967296.0,107374182.4
Fat Tree,1339,11774427136.0,80.86900129701687,9252,6144,4294967296.0,107374182.4
Fat Tree,1340,11774427136.0,80.87980977086036,9252,6144,4294967296.0,107374182.4
Fat Tree,1341,11774427136.0,80.89061824470384,9252,6144,4294967296.0,107374182.4
Fat Tree,1342,11774427136.0,80.90142671854734,9252,6144,4294967296.0,107374182.4
Fat Tree,1343,11774427136.0,80.91223519239084,9252,6144,4294967296.0,107374182.4
Fat Tree,1344,11774427136.0,80.92304366623434,9252,6144,4294967296.0,107374182.4
Fat Tree,1345,11774427136.0,80.93385214007782,9252,6144,4294967296.0,107374182.4
Fat Tree,1346,11774427136.0,80.94466061392131,9252,6144,4294967296.0,107374182.4
Fat Tree,1347,11774427136.0,80.95546908776481,9252,6144,4294967296.0,107374182.4
Fat Tree,1348,11774427136.0,80.96627756160831,9252,6144,4294967296.0,107374182.4
Fat Tree,1349,11774427136.0,80.97708603545179,9252,6144,4294967296.0,107374182.4
Fat Tree,1350,11774427136.0,80.98789450929529,9252,6144,4294967296.0,107374182.4
Fat Tree,1351,11774427136.0,80.99870298313878,9252,6144,4294967296.0,107374182.4
Fat Tree,1352,11774427136.0,81.00951145698228,9252,6144,4294967296.0,107374182.4
Fat Tree,1353,11774427136.0,81.02031993082576,9252,6144,4294967296.0,107374182.4
Fat Tree,1354,11774427136.0,81.03112840466926,9252,6144,4294967296.0,107374182.4
Fat Tree,1355,11774427136.0,81.04193687851276,9252,6144,4294967296.0,107374182.4
Fat Tree,1356,11774427136.0,81.05274535235625,9252,6144,4294967296.0,107374182.4
Fat Tree,1357,11774427136.0,81.06355382619974,9252,6144,4294967296.0,107374182.4
Fat Tree,1358,11774427136.0,81.07436230004323,9252,6144,4294967296.0,107374182.4
Fat Tree,1359,11774427136.0,81.08517077388673,9252,6144,4294967296.0,107374182.4
Fat Tree,1360,11774427136.0,81.09597924773023,9252,6144,4294967296.0,107374182.4
Fat Tree,1361,11774427136.0,81.10678772157371,9252,6144,4294967296.0,107374182.4
Fat Tree,1362,11774427136.0,81.1175961954172,9252,6144,4294967296.0,107374182.4
Fat Tree,1363,11774427136.0,81.1284046692607,9252,6144,4294967296.0,107374182.4
Fat Tree,1364,11774427136.0,81.1392131431042,9252,6144,4294967296.0,107374182.4
Fat Tree,1365,11774427136.0,81.15002161694768,9252,6144,4294967296.0,107374182.4
Fat Tree,1366,11774427136.0,81.16083009079118,9252,6144,4294967296.0,107374182.4
Fat Tree,1367,11774427136.0,81.17163856463468,9252,6144,4294967296.0,107374182.4
Fat Tree,1368,11774427136.0,81.18244703847817,9252,6144,4294967296.0,107374182.4
Fat Tree,1369,11774427136.0,81.19325551232166,9252,6144,4294967296.0,107374182.4
Fat Tree,1370,11774427136.0,81.20406398616515,9252,6144,4294967296.0,107374182.4
Fat Tree,1371,11774427136.0,81.21487246000865,9252,6144,4294967296.0,107374182.4
Fat Tree,1372,11774427136.0,81.22568093385215,9252,6144,4294967296.0,107374182.4
Fat Tree,1373,11774427136.0,81.23648940769563,9252,6144,4294967296.0,107374182.4
Fat Tree,1374,11774427136.0,81.24729788153913,9252,6144,4294967296.0,107374182.4
Fat Tree,1375,11774427136.0,81.25810635538262,9252,6144,4294967296.0,107374182.4
Fat Tree,1376,11774427136.0,81.26891482922612,9252,6144,4294967296.0,107374182.4
Fat Tree,1377,11774427136.0,81.2797233030696,9252,6144,4294967296.0,107374182.4
Fat Tree,1378,11774427136.0,81.2905317769131,9252,6144,4294967296.0,107374182.4
Fat Tree,1379,11774427136.0,81.3013402507566,9252,6144,4294967296.0,107374182.4
Fat Tree,1380,11774427136.0,81.31214872460009,9252,6144,4294967296.0,107374182.4
Fat Tree,1381,11774427136.0,81.32295719844358,9252,6144,4294967296.0,107374182.4
Fat Tree,1382,11774427136.0,81.33376567228707,9252,6144,4294967296.0,107374182.4
Fat Tree,1383,11774427136.0,81.34457414613057,9252,6144,4294967296.0,107374182.4
Fat Tree,1384,11774427136.0,81.35538261997407,9252,6144,4294967296.0,107374182.4
Fat Tree,1385,11774427136.0,81.36619109381755,9252,6144,4294967296.0,107374182.4
Fat Tree,1386,11774427136.0,81.37699956766104,9252,6144,4294967296.0,107374182.4
Fat Tree,1387,11774427136.0,81.38780804150454,9252,6144,4294967296.0,107374182.4
Fat Tree,1388,11774427136.0,81.39861651534804,9252,6144,4294967296.0,107374182.4
Fat Tree,1389,11774427136.0,81.40942498919152,9252,6144,4294967296.0,107374182.4
Fat Tree,1390,11774427136.0,81.42023346303502,9252,6144,4294967296.0,107374182.4
Fat Tree,1391,11774427136.0,81.43104193687851,9252,6144,4294967296.0,107374182.4
Fat Tree,1392,11774427136.0,81.44185041072201,9252,6144,4294967296.0,107374182.4
Fat Tree,1393,11774427136.0,81.4526588845655,9252,6144,4294967296.0,107374182.4
Fat Tree,1394,11774427136.0,81.46346735840899,9252,6144,4294967296.0,107374182.4
Fat Tree,1395,11774427136.0,81.47427583225249,9252,6144,4294967296.0,107374182.4
Fat Tree,1396,11774427136.0,81.48508430609598,9252,6144,4294967296.0,107374182.4
Fat Tree,1397,11774427136.0,81.49589277993947,9252,6144,4294967296.0,107374182.4
Fat Tree,1398,11774427136.0,81.50670125378296,9252,6144,4294967296.0,107374182.4
Fat Tree,1399,11774427136.0,81.51750972762646,9252,6144,4294967296.0,107374182.4
Fat Tree,1400,11774427136.0,81.52831820146996,9252,6144,4294967296.0,107374182.4
Fat Tree,1401,11774427136.0,81.53912667531344,9252,6144,4294967296.0,107374182.4
Fat Tree,1402,11774427136.0,81.54993514915694,9252,6144,4294967296.0,107374182.4
Fat Tree,1403,11774427136.0,81.56074362300043,9252,6144,4294967296.0,107374182.4
Fat Tree,1404,11774427136.0,81.57155209684393,9252,6144,4294967296.0,107374182.4
Fat Tree,1405,11774427136.0,81.58236057068741,9252,6144,4294967296.0,107374182.4
Fat Tree,1406,11774427136.0,81.59316904453091,9252,6144,4294967296.0,107374182.4
Fat Tree,1407,11774427136.0,81.6039775183744,9252,6144,4294967296.0,107374182.4
Fat Tree,1408,11774427136.0,81.6147859922179,9252,6144,4294967296.0,107374182.4
Fat Tree,1409,11774427136.0,81.62559446606139,9252,6144,4294967296.0,107374182.4
Fat Tree,1410,11774427136.0,81.63640293990488,9252,6144,4294967296.0,107374182.4
Fat Tree,1411,11774427136.0,81.64721141374838,9252,6144,4294967296.0,107374182.4
Fat Tree,1412,11774427136.0,81.65801988759188,9252,6144,4294967296.0,107374182.4
Fat Tree,1413,11774427136.0,81.66882836143536,9252,6144,4294967296.0,107374182.4
Fat Tree,1414,11774427136.0,81.67963683527886,9252,6144,4294967296.0,107374182.4
Fat Tree,1415,11774427136.0,81.69044530912235,9252,6144,4294967296.0,107374182.4
Fat Tree,1416,11774427136.0,81.70125378296585,9252,6144,4294967296.0,107374182.4
Fat Tree,1417,11774427136.0,81.71206225680933,9252,6144,4294967296.0,107374182.4
Fat Tree,1418,11774427136.0,81.72287073065283,9252,6144,4294967296.0,107374182.4
Fat Tree,1419,11774427136.0,81.73367920449633,9252,6144,4294967296.0,107374182.4
Fat Tree,1420,11774427136.0,81.74448767833982,9252,6144,4294967296.0,107374182.4
Fat Tree,1421,11774427136.0,81.7552961521833,9252,6144,4294967296.0,107374182.4
Fat Tree,1422,11774427136.0,81.7661046260268,9252,6144,4294967296.0,107374182.4
Fat Tree,1423,11774427136.0,81.7769130998703,9252,6144,4294967296.0,107374182.4
Fat Tree,1424,11774427136.0,81.7877215737138,9252,6144,4294967296.0,107374182.4
Fat Tree,1425,11774427136.0,81.79853004755728,9252,6144,4294967296.0,107374182.4
Fat Tree,1426,11774427136.0,81.80933852140078,9252,6144,4294967296.0,107374182.4
Fat Tree,1427,11774427136.0,81.82014699524427,9252,6144,4294967296.0,107374182.4
Fat Tree,1428,11774427136.0,81.83095546908777,9252,6144,4294967296.0,107374182.4
Fat Tree,1429,11774427136.0,81.84176394293125,9252,6144,4294967296.0,107374182.4
Fat Tree,1430,11774427136.0,81.85257241677475,9252,6144,4294967296.0,107374182.4
Fat Tree,1431,11774427136.0,81.86338089061825,9252,6144,4294967296.0,107374182.4
Fat Tree,1432,11774427136.0,81.87418936446174,9252,6144,4294967296.0,107374182.4
Fat Tree,1433,11774427136.0,81.88499783830522,9252,6144,4294967296.0,107374182.4
Fat Tree,1434,11774427136.0,81.89580631214872,9252,6144,4294967296.0,107374182.4
Fat Tree,1435,11774427136.0,81.90661478599222,9252,6144,4294967296.0,107374182.4
Fat Tree,1436,11774427136.0,81.91742325983572,9252,6144,4294967296.0,107374182.4
Fat Tree,1437,11774427136.0,81.9282317336792,9252,6144,4294967296.0,107374182.4
Fat Tree,1438,11774427136.0,81.9390402075227,9252,6144,4294967296.0,107374182.4
Fat Tree,1439,11774427136.0,81.94984868136619,9252,6144,4294967296.0,107374182.4
Fat Tree,1440,11774427136.0,81.96065715520969,9252,6144,4294967296.0,107374182.4
Fat Tree,1441,11774427136.0,81.97146562905317,9252,6144,4294967296.0,107374182.4
Fat Tree,1442,11774427136.0,81.98227410289667,9252,6144,4294967296.0,107374182.4
Fat Tree,1443,11774427136.0,81.99308257674016,9252,6144,4294967296.0,107374182.4
Fat Tree,1444,11774427136.0,82.00389105058366,9252,6144,4294967296.0,107374182.4
Fat Tree,1445,11774427136.0,82.01469952442714,9252,6144,4294967296.0,107374182.4
Fat Tree,1446,11774427136.0,82.02550799827064,9252,6144,4294967296.0,107374182.4
Fat Tree,1447,11774427136.0,82.03631647211414,9252,6144,4294967296.0,107374182.4
Fat Tree,1448,11774427136.0,82.04712494595763,9252,6144,4294967296.0,107374182.4
Fat Tree,1449,11774427136.0,82.05793341980112,9252,6144,4294967296.0,107374182.4
Fat Tree,1450,11774427136.0,82.06874189364461,9252,6144,4294967296.0,107374182.4
Fat Tree,1451,11774427136.0,82.07955036748811,9252,6144,4294967296.0,107374182.4
Fat Tree,1452,11774427136.0,82.09035884133161,9252,6144,4294967296.0,107374182.4
Fat Tree,1453,11774427136.0,82.10116731517509,9252,6144,4294967296.0,107374182.4
Fat Tree,1454,11774427136.0,82.11197578901859,9252,6144,4294967296.0,107374182.4
Fat Tree,1455,11774427136.0,82.12278426286208,9252,6144,4294967296.0,107374182.4
Fat Tree,1456,11774427136.0,82.13359273670558,9252,6144,4294967296.0,107374182.4
Fat Tree,1457,11774427136.0,82.14440121054906,9252,6144,4294967296.0,107374182.4
Fat Tree,1458,11774427136.0,82.15520968439256,9252,6144,4294967296.0,107374182.4
Fat Tree,1459,11774427136.0,82.16601815823606,9252,6144,4294967296.0,107374182.4
Fat Tree,1460,11774427136.0,82.17682663207955,9252,6144,4294967296.0,107374182.4
Fat Tree,1461,11774427136.0,82.18763510592304,9252,6144,4294967296.0,107374182.4
Fat Tree,1462,11774427136.0,82.19844357976653,9252,6144,4294967296.0,107374182.4
Fat Tree,1463,11774427136.0,82.20925205361003,9252,6144,4294967296.0,107374182.4
Fat Tree,1464,11774427136.0,82.22006052745353,9252,6144,4294967296.0,107374182.4
Fat Tree,1465,11774427136.0,82.23086900129701,9252,6144,4294967296.0,107374182.4
Fat Tree,1466,11774427136.0,82.2416774751405,9252,6144,4294967296.0,107374182.4
Fat Tree,1467,11774427136.0,82.252485948984,9252,6144,4294967296.0,107374182.4
Fat Tree,1468,11774427136.0,82.2632944228275,9252,6144,4294967296.0,107374182.4
Fat Tree,1469,11774427136.0,82.27410289667098,9252,6144,4294967296.0,107374182.4
Fat Tree,1470,11774427136.0,82.28491137051448,9252,6144,4294967296.0,107374182.4
Fat Tree,1471,11774427136.0,82.29571984435798,9252,6144,4294967296.0,107374182.4
Fat Tree,1472,11774427136.0,82.30652831820147,9252,6144,4294967296.0,107374182.4
Fat Tree,1473,11774427136.0,82.31733679204496,9252,6144,4294967296.0,107374182.4
Fat Tree,1474,11774427136.0,82.32814526588845,9252,6144,4294967296.0,107374182.4
Fat Tree,1475,11774427136.0,82.33895373973195,9252,6144,4294967296.0,107374182.4
Fat Tree,1476,11774427136.0,82.34976221357545,9252,6144,4294967296.0,107374182.4
Fat Tree,1477,11774427136.0,82.36057068741893,9252,6144,4294967296.0,107374182.4
Fat Tree,1478,11774427136.0,82.37137916126242,9252,6144,4294967296.0,107374182.4
Fat Tree,1479,11774427136.0,82.38218763510592,9252,6144,4294967296.0,107374182.4
Fat Tree,1480,11774427136.0,82.39299610894942,9252,6144,4294967296.0,107374182.4
Fat Tree,1481,11774427136.0,82.4038045827929,9252,6144,4294967296.0,107374182.4
Fat Tree,1482,11774427136.0,82.4146130566364,9252,6144,4294967296.0,107374182.4
Fat Tree,1483,11774427136.0,82.4254215304799,9252,6144,4294967296.0,107374182.4
Fat Tree,1484,11774427136.0,82.43623000432339,9252,6144,4294967296.0,107374182.4
Fat Tree,1485,11774427136.0,82.44703847816687,9252,6144,4294967296.0,107374182.4
Fat Tree,1486,11774427136.0,82.45784695201037,9252,6144,4294967296.0,107374182.4
Fat Tree,1487,11774427136.0,82.46865542585387,9252,6144,4294967296.0,107374182.4
Fat Tree,1488,11774427136.0,82.47946389969736,9252,6144,4294967296.0,107374182.4
Fat Tree,1489,11774427136.0,82.49027237354085,9252,6144,4294967296.0,107374182.4
Fat Tree,1490,11774427136.0,82.50108084738434,9252,6144,4294967296.0,107374182.4
Fat Tree,1491,11774427136.0,82.51188932122784,9252,6144,4294967296.0,107374182.4
Fat Tree,1492,11774427136.0,82.52269779507134,9252,6144,4294967296.0,107374182.4
Fat Tree,1493,11774427136.0,82.53350626891482,9252,6144,4294967296.0,107374182.4
Fat Tree,1494,11774427136.0,82.54431474275832,9252,6144,4294967296.0,107374182.4
Fat Tree,1495,11774427136.0,82.55512321660181,9252,6144,4294967296.0,107374182.4
Fat Tree,1496,11774427136.0,82.56593169044531,9252,6144,4294967296.0,107374182.4
Fat Tree,1497,11774427136.0,82.5767401642888,9252,6144,4294967296.0,107374182.4
Fat Tree,1498,11774427136.0,82.58754863813229,9252,6144,4294967296.0,107374182.4
Fat Tree,1499,11774427136.0,82.59835711197579,9252,6144,4294967296.0,107374182.4
Fat Tree,1500,11774427136.0,82.60916558581928,9252,6144,4294967296.0,107374182.4
Fat Tree,1501,11774427136.0,82.61997405966277,9252,6144,4294967296.0,107374182.4
Fat Tree,1502,11774427136.0,82.63078253350626,9252,6144,4294967296.0,107374182.4
Fat Tree,1503,11774427136.0,82.64159100734976,9252,6144,4294967296.0,107374182.4
Fat Tree,1504,11774427136.0,82.65239948119326,9252,6144,4294967296.0,107374182.4
Fat Tree,1505,11774427136.0,82.66320795503674,9252,6144,4294967296.0,107374182.4
Fat Tree,1506,11774427136.0,82.67401642888024,9252,6144,4294967296.0,107374182.4
Fat Tree,1507,11774427136.0,82.68482490272373,9252,6144,4294967296.0,107374182.4
Fat Tree,1508,11774427136.0,82.69563337656723,9252,6144,4294967296.0,107374182.4
Fat Tree,1509,11774427136.0,82.70644185041071,9252,6144,4294967296.0,107374182.4
Fat Tree,1510,11774427136.0,82.71725032425421,9252,6144,4294967296.0,107374182.4
Fat Tree,1511,11774427136.0,82.7280587980977,9252,6144,4294967296.0,107374182.4
Fat Tree,1512,11774427136.0,82.7388672719412,9252,6144,4294967296.0,107374182.4
Fat Tree,1513,11774427136.0,82.74967574578469,9252,6144,4294967296.0,107374182.4
Fat Tree,1514,11774427136.0,82.76048421962818,9252,6144,4294967296.0,107374182.4
Fat Tree,1515,11774427136.0,82.77129269347168,9252,6144,4294967296.0,107374182.4
Fat Tree,1516,11774427136.0,82.78210116731518,9252,6144,4294967296.0,107374182.4
Fat Tree,1517,11774427136.0,82.79290964115866,9252,6144,4294967296.0,107374182.4
Fat Tree,1518,11774427136.0,82.80371811500216,9252,6144,4294967296.0,107374182.4
Fat Tree,1519,11774427136.0,82.81452658884567,9252,6144,4294967296.0,107374182.4
Fat Tree,1520,11774427136.0,82.82533506268915,9252,6144,4294967296.0,107374182.4
Fat Tree,1521,11774427136.0,82.83614353653265,9252,6144,4294967296.0,107374182.4
Fat Tree,1522,11774427136.0,82.84695201037614,9252,6144,4294967296.0,107374182.4
Fat Tree,1523,11774427136.0,82.85776048421964,9252,6144,4294967296.0,107374182.4
Fat Tree,1524,11774427136.0,82.86856895806312,9252,6144,4294967296.0,107374182.4
Fat Tree,1525,11774427136.0,82.87937743190662,9252,6144,4294967296.0,107374182.4
Fat Tree,1526,11774427136.0,82.89018590575012,9252,6144,4294967296.0,107374182.4
Fat Tree,1527,11774427136.0,82.90099437959361,9252,6144,4294967296.0,107374182.4
Fat Tree,1528,11774427136.0,82.9118028534371,9252,6144,4294967296.0,107374182.4
Fat Tree,1529,11774427136.0,82.92261132728059,9252,6144,4294967296.0,107374182.4
Fat Tree,1530,11774427136.0,82.93341980112409,9252,6144,4294967296.0,107374182.4
Fat Tree,1531,11774427136.0,82.94422827496759,9252,6144,4294967296.0,107374182.4
Fat Tree,1532,11774427136.0,82.95503674881107,9252,6144,4294967296.0,107374182.4
Fat Tree,1533,11774427136.0,82.96584522265456,9252,6144,4294967296.0,107374182.4
Fat Tree,1534,11774427136.0,82.97665369649806,9252,6144,4294967296.0,107374182.4
Fat Tree,1535,11774427136.0,82.98746217034156,9252,6144,4294967296.0,107374182.4
Fat Tree,1536,11774427136.0,82.99827064418504,9252,6144,4294967296.0,107374182.4
Fat Tree,1537,11774427136.0,83.00907911802854,9252,6144,4294967296.0,107374182.4
Fat Tree,1538,11774427136.0,83.01988759187203,9252,6144,4294967296.0,107374182.4
Fat Tree,1539,11774427136.0,83.03069606571553,9252,6144,4294967296.0,107374182.4
Fat Tree,1540,11774427136.0,83.04150453955901,9252,6144,4294967296.0,107374182.4
Fat Tree,1541,11774427136.0,83.05231301340251,9252,6144,4294967296.0,107374182.4
Fat Tree,1542,11774427136.0,83.06312148724601,9252,6144,4294967296.0,107374182.4
Fat Tree,1543,11774427136.0,83.0739299610895,9252,6144,4294967296.0,107374182.4
Fat Tree,1544,11774427136.0,83.08473843493299,9252,6144,4294967296.0,107374182.4
Fat Tree,1545,11774427136.0,83.09554690877648,9252,6144,4294967296.0,107374182.4
Fat Tree,1546,11774427136.0,83.10635538261998,9252,6144,4294967296.0,107374182.4
Fat Tree,1547,11774427136.0,83.11716385646348,9252,6144,4294967296.0,107374182.4
Fat Tree,1548,11774427136.0,83.12797233030696,9252,6144,4294967296.0,107374182.4
Fat Tree,1549,11774427136.0,83.13878080415046,9252,6144,4294967296.0,107374182.4
Fat Tree,1550,11774427136.0,83.14958927799395,9252,6144,4294967296.0,107374182.4
Fat Tree,1551,11774427136.0,83.16039775183745,9252,6144,4294967296.0,107374182.4
Fat Tree,1552,11774427136.0,83.17120622568093,9252,6144,4294967296.0,107374182.4
Fat Tree,1553,11774427136.0,83.18201469952443,9252,6144,4294967296.0,107374182.4
Fat Tree,1554,11774427136.0,83.19282317336793,9252,6144,4294967296.0,107374182.4
Fat Tree,1555,11774427136.0,83.20363164721142,9252,6144,4294967296.0,107374182.4
Fat Tree,1556,11774427136.0,83.2144401210549,9252,6144,4294967296.0,107374182.4
Fat Tree,1557,11774427136.0,83.2252485948984,9252,6144,4294967296.0,107374182.4
Fat Tree,1558,11774427136.0,83.2360570687419,9252,6144,4294967296.0,107374182.4
Fat Tree,1559,11774427136.0,83.2468655425854,9252,6144,4294967296.0,107374182.4
Fat Tree,1560,11774427136.0,83.25767401642888,9252,6144,4294967296.0,107374182.4
Fat Tree,1561,11774427136.0,83.26848249027238,9252,6144,4294967296.0,107374182.4
Fat Tree,1562,11774427136.0,83.27929096411587,9252,6144,4294967296.0,107374182.4
Fat Tree,1563,11774427136.0,83.29009943795937,9252,6144,4294967296.0,107374182.4
Fat Tree,1564,11774427136.0,83.30090791180285,9252,6144,4294967296.0,107374182.4
Fat Tree,1565,11774427136.0,83.31171638564635,9252,6144,4294967296.0,107374182.4
Fat Tree,1566,11774427136.0,83.32252485948985,9252,6144,4294967296.0,107374182.4
Fat Tree,1567,11774427136.0,83.33333333333334,9252,6144,4294967296.0,107374182.4
Fat Tree,1568,11774427136.0,83.34414180717683,9252,6144,4294967296.0,107374182.4
Fat Tree,1569,11774427136.0,83.35495028102032,9252,6144,4294967296.0,107374182.4
Fat Tree,1570,11774427136.0,83.36575875486382,9252,6144,4294967296.0,107374182.4
Fat Tree,1571,11774427136.0,83.37656722870732,9252,6144,4294967296.0,107374182.4
Fat Tree,1572,11774427136.0,83.3873757025508,9252,6144,4294967296.0,107374182.4
Fat Tree,1573,11774427136.0,83.3981841763943,9252,6144,4294967296.0,107374182.4
Fat Tree,1574,11774427136.0,83.40899265023779,9252,6144,4294967296.0,107374182.4
Fat Tree,1575,11774427136.0,83.41980112408129,9252,6144,4294967296.0,107374182.4
Fat Tree,1576,11774427136.0,83.43060959792477,9252,6144,4294967296.0,107374182.4
Fat Tree,1577,11774427136.0,83.44141807176827,9252,6144,4294967296.0,107374182.4
Fat Tree,1578,11774427136.0,83.45222654561177,9252,6144,4294967296.0,107374182.4
Fat Tree,1579,11774427136.0,83.46303501945526,9252,6144,4294967296.0,107374182.4
Fat Tree,1580,11774427136.0,83.47384349329874,9252,6144,4294967296.0,107374182.4
Fat Tree,1581,11774427136.0,83.48465196714224,9252,6144,4294967296.0,107374182.4
Fat Tree,1582,11774427136.0,83.49546044098574,9252,6144,4294967296.0,107374182.4
Fat Tree,1583,11774427136.0,83.50626891482923,9252,6144,4294967296.0,107374182.4
Fat Tree,1584,11774427136.0,83.51707738867272,9252,6144,4294967296.0,107374182.4
Fat Tree,1585,11774427136.0,83.52788586251621,9252,6144,4294967296.0,107374182.4
Fat Tree,1586,11774427136.0,83.53869433635971,9252,6144,4294967296.0,107374182.4
Fat Tree,1587,11774427136.0,83.54950281020321,9252,6144,4294967296.0,107374182.4
Fat Tree,1588,11774427136.0,83.56031128404669,9252,6144,4294967296.0,107374182.4
Fat Tree,1589,11774427136.0,83.57111975789019,9252,6144,4294967296.0,107374182.4
Fat Tree,1590,11774427136.0,83.58192823173368,9252,6144,4294967296.0,107374182.4
Fat Tree,1591,11774427136.0,83.59273670557718,9252,6144,4294967296.0,107374182.4
Fat Tree,1592,11774427136.0,83.60354517942066,9252,6144,4294967296.0,107374182.4
Fat Tree,1593,11774427136.0,83.61435365326416,9252,6144,4294967296.0,107374182.4
Fat Tree,1594,11774427136.0,83.62516212710766,9252,6144,4294967296.0,107374182.4
Fat Tree,1595,11774427136.0,83.63597060095115,9252,6144,4294967296.0,107374182.4
Fat Tree,1596,11774427136.0,83.64677907479464,9252,6144,4294967296.0,107374182.4
Fat Tree,1597,11774427136.0,83.65758754863813,9252,6144,4294967296.0,107374182.4
Fat Tree,1598,11774427136.0,83.66839602248163,9252,6144,4294967296.0,107374182.4
Fat Tree,1599,11774427136.0,83.67920449632513,9252,6144,4294967296.0,107374182.4
Fat Tree,1600,11774427136.0,83.69001297016861,9252,6144,4294967296.0,107374182.4
Fat Tree,1601,11774427136.0,83.7008214440121,9252,6144,4294967296.0,107374182.4
Fat Tree,1602,11774427136.0,83.7116299178556,9252,6144,4294967296.0,107374182.4
Fat Tree,1603,11774427136.0,83.7224383916991,9252,6144,4294967296.0,107374182.4
Fat Tree,1604,11774427136.0,83.73324686554258,9252,6144,4294967296.0,107374182.4
Fat Tree,1605,11774427136.0,83.74405533938608,9252,6144,4294967296.0,107374182.4
Fat Tree,1606,11774427136.0,83.75486381322958,9252,6144,4294967296.0,107374182.4
Fat Tree,1607,11774427136.0,83.76567228707307,9252,6144,4294967296.0,107374182.4
Fat Tree,1608,11774427136.0,83.77648076091656,9252,6144,4294967296.0,107374182.4
Fat Tree,1609,11774427136.0,83.78728923476005,9252,6144,4294967296.0,107374182.4
Fat Tree,1610,11774427136.0,83.79809770860355,9252,6144,4294967296.0,107374182.4
Fat Tree,1611,11774427136.0,83.80890618244705,9252,6144,4294967296.0,107374182.4
Fat Tree,1612,11774427136.0,83.81971465629053,9252,6144,4294967296.0,107374182.4
Fat Tree,1613,11774427136.0,83.83052313013403,9252,6144,4294967296.0,107374182.4
Fat Tree,1614,11774427136.0,83.84133160397752,9252,6144,4294967296.0,107374182.4
Fat Tree,1615,11774427136.0,83.85214007782102,9252,6144,4294967296.0,107374182.4
Fat Tree,1616,11774427136.0,83.8629485516645,9252,6144,4294967296.0,107374182.4
Fat Tree,1617,11774427136.0,83.873757025508,9252,6144,4294967296.0,107374182.4
Fat Tree,1618,11774427136.0,83.8845654993515,9252,6144,4294967296.0,107374182.4
Fat Tree,1619,11774427136.0,83.89537397319499,9252,6144,4294967296.0,107374182.4
Fat Tree,1620,11774427136.0,83.90618244703847,9252,6144,4294967296.0,107374182.4
Fat Tree,1621,11774427136.0,83.91699092088197,9252,6144,4294967296.0,107374182.4
Fat Tree,1622,11774427136.0,83.92779939472547,9252,6144,4294967296.0,107374182.4
Fat Tree,1623,11774427136.0,83.93860786856897,9252,6144,4294967296.0,107374182.4
Fat Tree,1624,11774427136.0,83.94941634241245,9252,6144,4294967296.0,107374182.4
Fat Tree,1625,11774427136.0,83.96022481625594,9252,6144,4294967296.0,107374182.4
Fat Tree,1626,11774427136.0,83.97103329009944,9252,6144,4294967296.0,107374182.4
Fat Tree,1627,11774427136.0,83.98184176394294,9252,6144,4294967296.0,107374182.4
Fat Tree,1628,11774427136.0,83.99265023778642,9252,6144,4294967296.0,107374182.4
Fat Tree,1629,11774427136.0,84.00345871162992,9252,6144,4294967296.0,107374182.4
Fat Tree,1630,11774427136.0,84.01426718547341,9252,6144,4294967296.0,107374182.4
Fat Tree,1631,11774427136.0,84.02507565931691,9252,6144,4294967296.0,107374182.4
Fat Tree,1632,11774427136.0,84.0358841331604,9252,6144,4294967296.0,107374182.4
Fat Tree,1633,11774427136.0,84.04669260700389,9252,6144,4294967296.0,107374182.4
Fat Tree,1634,11774427136.0,84.05750108084739,9252,6144,4294967296.0,107374182.4
Fat Tree,1635,11774427136.0,84.06830955469088,9252,6144,4294967296.0,107374182.4
Fat Tree,1636,11774427136.0,84.07911802853437,9252,6144,4294967296.0,107374182.4
Fat Tree,1637,11774427136.0,84.08992650237786,9252,6144,4294967296.0,107374182.4
Fat Tree,1638,11774427136.0,84.10073497622136,9252,6144,4294967296.0,107374182.4
Fat Tree,1639,11774427136.0,84.11154345006486,9252,6144,4294967296.0,107374182.4
Fat Tree,1640,11774427136.0,84.12235192390834,9252,6144,4294967296.0,107374182.4
Fat Tree,1641,11774427136.0,84.13316039775184,9252,6144,4294967296.0,107374182.4
Fat Tree,1642,11774427136.0,84.14396887159533,9252,6144,4294967296.0,107374182.4
Fat Tree,1643,11774427136.0,84.15477734543883,9252,6144,4294967296.0,107374182.4
Fat Tree,1644,11774427136.0,84.16558581928231,9252,6144,4294967296.0,107374182.4
Fat Tree,1645,11774427136.0,84.17639429312581,9252,6144,4294967296.0,107374182.4
Fat Tree,1646,11774427136.0,84.1872027669693,9252,6144,4294967296.0,107374182.4
Fat Tree,1647,11774427136.0,84.1980112408128,9252,6144,4294967296.0,107374182.4
Fat Tree,1648,11774427136.0,84.20881971465629,9252,6144,4294967296.0,107374182.4
Fat Tree,1649,11774427136.0,84.21962818849978,9252,6144,4294967296.0,107374182.4
Fat Tree,1650,11774427136.0,84.23043666234328,9252,6144,4294967296.0,107374182.4
Fat Tree,1651,11774427136.0,84.24124513618678,9252,6144,4294967296.0,107374182.4
Fat Tree,1652,11774427136.0,84.25205361003026,9252,6144,4294967296.0,107374182.4
Fat Tree,1653,11774427136.0,84.26286208387376,9252,6144,4294967296.0,107374182.4
Fat Tree,1654,11774427136.0,84.27367055771725,9252,6144,4294967296.0,107374182.4
Fat Tree,1655,11774427136.0,84.28447903156075,9252,6144,4294967296.0,107374182.4
Fat Tree,1656,11774427136.0,84.29528750540423,9252,6144,4294967296.0,107374182.4
Fat Tree,1657,11774427136.0,84.30609597924773,9252,6144,4294967296.0,107374182.4
Fat Tree,1658,11774427136.0,84.31690445309123,9252,6144,4294967296.0,107374182.4
Fat Tree,1659,11774427136.0,84.32771292693472,9252,6144,4294967296.0,107374182.4
Fat Tree,1660,11774427136.0,84.3385214007782,9252,6144,4294967296.0,107374182.4
Fat Tree,1661,11774427136.0,84.3493298746217,9252,6144,4294967296.0,107374182.4
Fat Tree,1662,11774427136.0,84.3601383484652,9252,6144,4294967296.0,107374182.4
Fat Tree,1663,11774427136.0,84.3709468223087,9252,6144,4294967296.0,107374182.4
Fat Tree,1664,11774427136.0,84.38175529615218,9252,6144,4294967296.0,107374182.4
Fat Tree,1665,11774427136.0,84.39256376999568,9252,6144,4294967296.0,107374182.4
Fat Tree,1666,11774427136.0,84.40337224383917,9252,6144,4294967296.0,107374182.4
Fat Tree,1667,11774427136.0,84.41418071768267,9252,6144,4294967296.0,107374182.4
Fat Tree,1668,11774427136.0,84.42498919152615,9252,6144,4294967296.0,107374182.4
Fat Tree,1669,11774427136.0,84.43579766536965,9252,6144,4294967296.0,107374182.4
Fat Tree,1670,11774427136.0,84.44660613921315,9252,6144,4294967296.0,107374182.4
Fat Tree,1671,11774427136.0,84.45741461305664,9252,6144,4294967296.0,107374182.4
Fat Tree,1672,11774427136.0,84.46822308690012,9252,6144,4294967296.0,107374182.4
Fat Tree,1673,11774427136.0,84.47903156074362,9252,6144,4294967296.0,107374182.4
Fat Tree,1674,11774427136.0,84.48984003458712,9252,6144,4294967296.0,107374182.4
Fat Tree,1675,11774427136.0,84.50064850843061,9252,6144,4294967296.0,107374182.4
Fat Tree,1676,11774427136.0,84.5114569822741,9252,6144,4294967296.0,107374182.4
Fat Tree,1677,11774427136.0,84.5222654561176,9252,6144,4294967296.0,107374182.4
Fat Tree,1678,11774427136.0,84.53307392996109,9252,6144,4294967296.0,107374182.4
Fat Tree,1679,11774427136.0,84.54388240380459,9252,6144,4294967296.0,107374182.4
Fat Tree,1680,11774427136.0,84.55469087764807,9252,6144,4294967296.0,107374182.4
Fat Tree,1681,11774427136.0,84.56549935149157,9252,6144,4294967296.0,107374182.4
Fat Tree,1682,11774427136.0,84.57630782533506,9252,6144,4294967296.0,107374182.4
Fat Tree,1683,11774427136.0,84.58711629917856,9252,6144,4294967296.0,107374182.4
Fat Tree,1684,11774427136.0,84.59792477302204,9252,6144,4294967296.0,107374182.4
Fat Tree,1685,11774427136.0,84.60873324686554,9252,6144,4294967296.0,107374182.4
Fat Tree,1686,11774427136.0,84.61954172070904,9252,6144,4294967296.0,107374182.4
Fat Tree,1687,11774427136.0,84.63035019455253,9252,6144,4294967296.0,107374182.4
Fat Tree,1688,11774427136.0,84.64115866839602,9252,6144,4294967296.0,107374182.4
Fat Tree,1689,11774427136.0,84.65196714223951,9252,6144,4294967296.0,107374182.4
Fat Tree,1690,11774427136.0,84.66277561608301,9252,6144,4294967296.0,107374182.4
Fat Tree,1691,11774427136.0,84.6735840899265,9252,6144,4294967296.0,107374182.4
Fat Tree,1692,11774427136.0,84.68439256376999,9252,6144,4294967296.0,107374182.4
Fat Tree,1693,11774427136.0,84.69520103761349,9252,6144,4294967296.0,107374182.4
Fat Tree,1694,11774427136.0,84.70600951145698,9252,6144,4294967296.0,107374182.4
Fat Tree,1695,11774427136.0,84.71681798530048,9252,6144,4294967296.0,107374182.4
Fat Tree,1696,11774427136.0,84.72762645914396,9252,6144,4294967296.0,107374182.4
Fat Tree,1697,11774427136.0,84.73843493298746,9252,6144,4294967296.0,107374182.4
Fat Tree,1698,11774427136.0,84.74924340683096,9252,6144,4294967296.0,107374182.4
Fat Tree,1699,11774427136.0,84.76005188067445,9252,6144,4294967296.0,107374182.4
Fat Tree,1700,11774427136.0,84.77086035451794,9252,6144,4294967296.0,107374182.4
Fat Tree,1701,11774427136.0,84.78166882836143,9252,6144,4294967296.0,107374182.4
Fat Tree,1702,11774427136.0,84.79247730220493,9252,6144,4294967296.0,107374182.4
Fat Tree,1703,11774427136.0,84.80328577604843,9252,6144,4294967296.0,107374182.4
Fat Tree,1704,11774427136.0,84.81409424989191,9252,6144,4294967296.0,107374182.4
Fat Tree,1705,11774427136.0,84.8249027237354,9252,6144,4294967296.0,107374182.4
Fat Tree,1706,11774427136.0,84.8357111975789,9252,6144,4294967296.0,107374182.4
Fat Tree,1707,11774427136.0,84.8465196714224,9252,6144,4294967296.0,107374182.4
Fat Tree,1708,11774427136.0,84.85732814526588,9252,6144,4294967296.0,107374182.4
Fat Tree,1709,11774427136.0,84.86813661910938,9252,6144,4294967296.0,107374182.4
Fat Tree,1710,11774427136.0,84.87894509295288,9252,6144,4294967296.0,107374182.4
Fat Tree,1711,11774427136.0,84.88975356679637,9252,6144,4294967296.0,107374182.4
Fat Tree,1712,11774427136.0,84.90056204063985,9252,6144,4294967296.0,107374182.4
Fat Tree,1713,11774427136.0,84.91137051448335,9252,6144,4294967296.0,107374182.4
Fat Tree,1714,11774427136.0,84.92217898832685,9252,6144,4294967296.0,107374182.4
Fat Tree,1715,11774427136.0,84.93298746217035,9252,6144,4294967296.0,107374182.4
Fat Tree,1716,11774427136.0,84.94379593601383,9252,6144,4294967296.0,107374182.4
Fat Tree,1717,11774427136.0,84.95460440985732,9252,6144,4294967296.0,107374182.4
Fat Tree,1718,11774427136.0,84.96541288370082,9252,6144,4294967296.0,107374182.4
Fat Tree,1719,11774427136.0,84.97622135754432,9252,6144,4294967296.0,107374182.4
Fat Tree,1720,11774427136.0,84.9870298313878,9252,6144,4294967296.0,107374182.4
Fat Tree,1721,11774427136.0,84.9978383052313,9252,6144,4294967296.0,107374182.4
Fat Tree,1722,11774427136.0,85.0086467790748,9252,6144,4294967296.0,107374182.4
Fat Tree,1723,11774427136.0,85.01945525291829,9252,6144,4294967296.0,107374182.4
Fat Tree,1724,11774427136.0,85.03026372676177,9252,6144,4294967296.0,107374182.4
Fat Tree,1725,11774427136.0,85.04107220060527,9252,6144,4294967296.0,107374182.4
Fat Tree,1726,11774427136.0,85.05188067444877,9252,6144,4294967296.0,107374182.4
Fat Tree,1727,11774427136.0,85.06268914829226,9252,6144,4294967296.0,107374182.4
Fat Tree,1728,11774427136.0,85.07349762213575,9252,6144,4294967296.0,107374182.4
Fat Tree,1729,11774427136.0,85.08430609597924,9252,6144,4294967296.0,107374182.4
Fat Tree,1730,11774427136.0,85.09511456982274,9252,6144,4294967296.0,107374182.4
Fat Tree,1731,11774427136.0,85.10592304366624,9252,6144,4294967296.0,107374182.4
Fat Tree,1732,11774427136.0,85.11673151750972,9252,6144,4294967296.0,107374182.4
Fat Tree,1733,11774427136.0,85.12753999135322,9252,6144,4294967296.0,107374182.4
Fat Tree,1734,11774427136.0,85.13834846519671,9252,6144,4294967296.0,107374182.4
Fat Tree,1735,11774427136.0,85.14915693904021,9252,6144,4294967296.0,107374182.4
Fat Tree,1736,11774427136.0,85.1599654128837,9252,6144,4294967296.0,107374182.4
Fat Tree,1737,11774427136.0,85.17077388672719,9252,6144,4294967296.0,107374182.4
Fat Tree,1738,11774427136.0,85.18158236057069,9252,6144,4294967296.0,107374182.4
Fat Tree,1739,11774427136.0,85.19239083441418,9252,6144,4294967296.0,107374182.4
Fat Tree,1740,11774427136.0,85.20319930825767,9252,6144,4294967296.0,107374182.4
Fat Tree,1741,11774427136.0,85.21400778210116,9252,6144,4294967296.0,107374182.4
Fat Tree,1742,11774427136.0,85.22481625594466,9252,6144,4294967296.0,107374182.4
Fat Tree,1743,11774427136.0,85.23562472978816,9252,6144,4294967296.0,107374182.4
Fat Tree,1744,11774427136.0,85.24643320363164,9252,6144,4294967296.0,107374182.4
Fat Tree,1745,11774427136.0,85.25724167747514,9252,6144,4294967296.0,107374182.4
Fat Tree,1746,11774427136.0,85.26805015131863,9252,6144,4294967296.0,107374182.4
Fat Tree,1747,11774427136.0,85.27885862516213,9252,6144,4294967296.0,107374182.4
Fat Tree,1748,11774427136.0,85.28966709900561,9252,6144,4294967296.0,107374182.4
Fat Tree,1749,11774427136.0,85.30047557284911,9252,6144,4294967296.0,107374182.4
Fat Tree,1750,11774427136.0,85.3112840466926,9252,6144,4294967296.0,107374182.4
Fat Tree,1751,11774427136.0,85.3220925205361,9252,6144,4294967296.0,107374182.4
Fat Tree,1752,11774427136.0,85.33290099437959,9252,6144,4294967296.0,107374182.4
Fat Tree,1753,11774427136.0,85.34370946822308,9252,6144,4294967296.0,107374182.4
Fat Tree,1754,11774427136.0,85.35451794206658,9252,6144,4294967296.0,107374182.4
Fat Tree,1755,11774427136.0,85.36532641591008,9252,6144,4294967296.0,107374182.4
Fat Tree,1756,11774427136.0,85.37613488975356,9252,6144,4294967296.0,107374182.4
Fat Tree,1757,11774427136.0,85.38694336359706,9252,6144,4294967296.0,107374182.4
Fat Tree,1758,11774427136.0,85.39775183744055,9252,6144,4294967296.0,107374182.4
Fat Tree,1759,11774427136.0,85.40856031128405,9252,6144,4294967296.0,107374182.4
Fat Tree,1760,11774427136.0,85.41936878512753,9252,6144,4294967296.0,107374182.4
Fat Tree,1761,11774427136.0,85.43017725897103,9252,6144,4294967296.0,107374182.4
Fat Tree,1762,11774427136.0,85.44098573281453,9252,6144,4294967296.0,107374182.4
Fat Tree,1763,11774427136.0,85.45179420665802,9252,6144,4294967296.0,107374182.4
Fat Tree,1764,11774427136.0,85.4626026805015,9252,6144,4294967296.0,107374182.4
Fat Tree,1765,11774427136.0,85.473411154345,9252,6144,4294967296.0,107374182.4
Fat Tree,1766,11774427136.0,85.4842196281885,9252,6144,4294967296.0,107374182.4
Fat Tree,1767,11774427136.0,85.495028102032,9252,6144,4294967296.0,107374182.4
Fat Tree,1768,11774427136.0,85.50583657587548,9252,6144,4294967296.0,107374182.4
Fat Tree,1769,11774427136.0,85.51664504971897,9252,6144,4294967296.0,107374182.4
Fat Tree,1770,11774427136.0,85.52745352356247,9252,6144,4294967296.0,107374182.4
Fat Tree,1771,11774427136.0,85.53826199740597,9252,6144,4294967296.0,107374182.4
Fat Tree,1772,11774427136.0,85.54907047124945,9252,6144,4294967296.0,107374182.4
Fat Tree,1773,11774427136.0,85.55987894509295,9252,6144,4294967296.0,107374182.4
Fat Tree,1774,11774427136.0,85.57068741893644,9252,6144,4294967296.0,107374182.4
Fat Tree,1775,11774427136.0,85.58149589277994,9252,6144,4294967296.0,107374182.4
Fat Tree,1776,11774427136.0,85.59230436662342,9252,6144,4294967296.0,107374182.4
Fat Tree,1777,11774427136.0,85.60311284046692,9252,6144,4294967296.0,107374182.4
Fat Tree,1778,11774427136.0,85.61392131431042,9252,6144,4294967296.0,107374182.4
Fat Tree,1779,11774427136.0,85.62472978815391,9252,6144,4294967296.0,107374182.4
Fat Tree,1780,11774427136.0,85.6355382619974,9252,6144,4294967296.0,107374182.4
Fat Tree,1781,11774427136.0,85.6463467358409,9252,6144,4294967296.0,107374182.4
Fat Tree,1782,11774427136.0,85.65715520968439,9252,6144,4294967296.0,107374182.4
Fat Tree,1783,11774427136.0,85.66796368352789,9252,6144,4294967296.0,107374182.4
Fat Tree,1784,11774427136.0,85.67877215737137,9252,6144,4294967296.0,107374182.4
Fat Tree,1785,11774427136.0,85.68958063121487,9252,6144,4294967296.0,107374182.4
Fat Tree,1786,11774427136.0,85.70038910505836,9252,6144,4294967296.0,107374182.4
Fat Tree,1787,11774427136.0,85.71119757890186,9252,6144,4294967296.0,107374182.4
Fat Tree,1788,11774427136.0,85.72200605274534,9252,6144,4294967296.0,107374182.4
Fat Tree,1789,11774427136.0,85.73281452658884,9252,6144,4294967296.0,107374182.4
Fat Tree,1790,11774427136.0,85.74362300043234,9252,6144,4294967296.0,107374182.4
Fat Tree,1791,11774427136.0,85.75443147427583,9252,6144,4294967296.0,107374182.4
Fat Tree,1792,11774427136.0,85.76523994811932,9252,6144,4294967296.0,107374182.4
Fat Tree,1793,11774427136.0,85.77604842196281,9252,6144,4294967296.0,107374182.4
Fat Tree,1794,11774427136.0,85.78685689580631,9252,6144,4294967296.0,107374182.4
Fat Tree,1795,11774427136.0,85.7976653696498,9252,6144,4294967296.0,107374182.4
Fat Tree,1796,11774427136.0,85.80847384349329,9252,6144,4294967296.0,107374182.4
Fat Tree,1797,11774427136.0,85.81928231733679,9252,6144,4294967296.0,107374182.4
Fat Tree,1798,11774427136.0,85.83009079118028,9252,6144,4294967296.0,107374182.4
Fat Tree,1799,11774427136.0,85.84089926502378,9252,6144,4294967296.0,107374182.4
Fat Tree,1800,11774427136.0,85.85170773886726,9252,6144,4294967296.0,107374182.4
Fat Tree,1801,11774427136.0,85.86251621271076,9252,6144,4294967296.0,107374182.4
Fat Tree,1802,11774427136.0,85.87332468655426,9252,6144,4294967296.0,107374182.4
Fat Tree,1803,11774427136.0,85.88413316039775,9252,6144,4294967296.0,107374182.4
Fat Tree,1804,11774427136.0,85.89494163424123,9252,6144,4294967296.0,107374182.4
Fat Tree,1805,11774427136.0,85.90575010808473,9252,6144,4294967296.0,107374182.4
Fat Tree,1806,11774427136.0,85.91655858192823,9252,6144,4294967296.0,107374182.4
Fat Tree,1807,11774427136.0,85.92736705577173,9252,6144,4294967296.0,107374182.4
Fat Tree,1808,11774427136.0,85.93817552961522,9252,6144,4294967296.0,107374182.4
Fat Tree,1809,11774427136.0,85.94898400345872,9252,6144,4294967296.0,107374182.4
Fat Tree,1810,11774427136.0,85.95979247730222,9252,6144,4294967296.0,107374182.4
Fat Tree,1811,11774427136.0,85.9706009511457,9252,6144,4294967296.0,107374182.4
Fat Tree,1812,11774427136.0,85.9814094249892,9252,6144,4294967296.0,107374182.4
Fat Tree,1813,11774427136.0,85.99221789883269,9252,6144,4294967296.0,107374182.4
Fat Tree,1814,11774427136.0,86.00302637267619,9252,6144,4294967296.0,107374182.4
Fat Tree,1815,11774427136.0,86.01383484651967,9252,6144,4294967296.0,107374182.4
Fat Tree,1816,11774427136.0,86.02464332036317,9252,6144,4294967296.0,107374182.4
Fat Tree,1817,11774427136.0,86.03545179420666,9252,6144,4294967296.0,107374182.4
Fat Tree,1818,11774427136.0,86.04626026805016,9252,6144,4294967296.0,107374182.4
Fat Tree,1819,11774427136.0,86.05706874189364,9252,6144,4294967296.0,107374182.4
Fat Tree,1820,11774427136.0,86.06787721573714,9252,6144,4294967296.0,107374182.4
Fat Tree,1821,11774427136.0,86.07868568958064,9252,6144,4294967296.0,107374182.4
Fat Tree,1822,11774427136.0,86.08949416342413,9252,6144,4294967296.0,107374182.4
Fat Tree,1823,11774427136.0,86.10030263726762,9252,6144,4294967296.0,107374182.4
Fat Tree,1824,11774427136.0,86.11111111111111,9252,6144,4294967296.0,107374182.4
Fat Tree,1825,11774427136.0,86.12191958495461,9252,6144,4294967296.0,107374182.4
Fat Tree,1826,11774427136.0,86.13272805879811,9252,6144,4294967296.0,107374182.4
Fat Tree,1827,11774427136.0,86.14353653264159,9252,6144,4294967296.0,107374182.4
Fat Tree,1828,11774427136.0,86.15434500648509,9252,6144,4294967296.0,107374182.4
Fat Tree,1829,11774427136.0,86.16515348032858,9252,6144,4294967296.0,107374182.4
Fat Tree,1830,11774427136.0,86.17596195417208,9252,6144,4294967296.0,107374182.4
Fat Tree,1831,11774427136.0,86.18677042801556,9252,6144,4294967296.0,107374182.4
Fat Tree,1832,11774427136.0,86.19757890185906,9252,6144,4294967296.0,107374182.4
Fat Tree,1833,11774427136.0,86.20838737570256,9252,6144,4294967296.0,107374182.4
Fat Tree,1834,11774427136.0,86.21919584954605,9252,6144,4294967296.0,107374182.4
Fat Tree,1835,11774427136.0,86.23000432338954,9252,6144,4294967296.0,107374182.4
Fat Tree,1836,11774427136.0,86.24081279723303,9252,6144,4294967296.0,107374182.4
Fat Tree,1837,11774427136.0,86.25162127107653,9252,6144,4294967296.0,107374182.4
Fat Tree,1838,11774427136.0,86.26242974492003,9252,6144,4294967296.0,107374182.4
Fat Tree,1839,11774427136.0,86.27323821876351,9252,6144,4294967296.0,107374182.4
Fat Tree,1840,11774427136.0,86.284046692607,9252,6144,4294967296.0,107374182.4
Fat Tree,1841,11774427136.0,86.2948551664505,9252,6144,4294967296.0,107374182.4
Fat Tree,1842,11774427136.0,86.305663640294,9252,6144,4294967296.0,107374182.4
Fat Tree,1843,11774427136.0,86.31647211413748,9252,6144,4294967296.0,107374182.4
Fat Tree,1844,11774427136.0,86.32728058798098,9252,6144,4294967296.0,107374182.4
Fat Tree,1845,11774427136.0,86.33808906182448,9252,6144,4294967296.0,107374182.4
Fat Tree,1846,11774427136.0,86.34889753566797,9252,6144,4294967296.0,107374182.4
Fat Tree,1847,11774427136.0,86.35970600951146,9252,6144,4294967296.0,107374182.4
Fat Tree,1848,11774427136.0,86.37051448335495,9252,6144,4294967296.0,107374182.4
Fat Tree,1849,11774427136.0,86.38132295719845,9252,6144,4294967296.0,107374182.4
Fat Tree,1850,11774427136.0,86.39213143104195,9252,6144,4294967296.0,107374182.4
Fat Tree,1851,11774427136.0,86.40293990488543,9252,6144,4294967296.0,107374182.4
Fat Tree,1852,11774427136.0,86.41374837872893,9252,6144,4294967296.0,107374182.4
Fat Tree,1853,11774427136.0,86.42455685257242,9252,6144,4294967296.0,107374182.4
Fat Tree,1854,11774427136.0,86.43536532641592,9252,6144,4294967296.0,107374182.4
Fat Tree,1855,11774427136.0,86.4461738002594,9252,6144,4294967296.0,107374182.4
Fat Tree,1856,11774427136.0,86.4569822741029,9252,6144,4294967296.0,107374182.4
Fat Tree,1857,11774427136.0,86.4677907479464,9252,6144,4294967296.0,107374182.4
Fat Tree,1858,11774427136.0,86.47859922178989,9252,6144,4294967296.0,107374182.4
Fat Tree,1859,11774427136.0,86.48940769563337,9252,6144,4294967296.0,107374182.4
Fat Tree,1860,11774427136.0,86.50021616947687,9252,6144,4294967296.0,107374182.4
Fat Tree,1861,11774427136.0,86.51102464332037,9252,6144,4294967296.0,107374182.4
Fat Tree,1862,11774427136.0,86.52183311716387,9252,6144,4294967296.0,107374182.4
Fat Tree,1863,11774427136.0,86.53264159100735,9252,6144,4294967296.0,107374182.4
Fat Tree,1864,11774427136.0,86.54345006485084,9252,6144,4294967296.0,107374182.4
Fat Tree,1865,11774427136.0,86.55425853869434,9252,6144,4294967296.0,107374182.4
Fat Tree,1866,11774427136.0,86.56506701253784,9252,6144,4294967296.0,107374182.4
Fat Tree,1867,11774427136.0,86.57587548638132,9252,6144,4294967296.0,107374182.4
Fat Tree,1868,11774427136.0,86.58668396022482,9252,6144,4294967296.0,107374182.4
Fat Tree,1869,11774427136.0,86.59749243406831,9252,6144,4294967296.0,107374182.4
Fat Tree,1870,11774427136.0,86.60830090791181,9252,6144,4294967296.0,107374182.4
Fat Tree,1871,11774427136.0,86.6191093817553,9252,6144,4294967296.0,107374182.4
Fat Tree,1872,11774427136.0,86.62991785559879,9252,6144,4294967296.0,107374182.4
Fat Tree,1873,11774427136.0,86.64072632944229,9252,6144,4294967296.0,107374182.4
Fat Tree,1874,11774427136.0,86.65153480328578,9252,6144,4294967296.0,107374182.4
Fat Tree,1875,11774427136.0,86.66234327712927,9252,6144,4294967296.0,107374182.4
Fat Tree,1876,11774427136.0,86.67315175097276,9252,6144,4294967296.0,107374182.4
Fat Tree,1877,11774427136.0,86.68396022481626,9252,6144,4294967296.0,107374182.4
Fat Tree,1878,11774427136.0,86.69476869865976,9252,6144,4294967296.0,107374182.4
Fat Tree,1879,11774427136.0,86.70557717250324,9252,6144,4294967296.0,107374182.4
Fat Tree,1880,11774427136.0,86.71638564634674,9252,6144,4294967296.0,107374182.4
Fat Tree,1881,11774427136.0,86.72719412019023,9252,6144,4294967296.0,107374182.4
Fat Tree,1882,11774427136.0,86.73800259403373,9252,6144,4294967296.0,107374182.4
Fat Tree,1883,11774427136.0,86.74881106787721,9252,6144,4294967296.0,107374182.4
Fat Tree,1884,11774427136.0,86.75961954172071,9252,6144,4294967296.0,107374182.4
Fat Tree,1885,11774427136.0,86.7704280155642,9252,6144,4294967296.0,107374182.4
Fat Tree,1886,11774427136.0,86.7812364894077,9252,6144,4294967296.0,107374182.4
Fat Tree,1887,11774427136.0,86.79204496325119,9252,6144,4294967296.0,107374182.4
Fat Tree,1888,11774427136.0,86.80285343709468,9252,6144,4294967296.0,107374182.4
Fat Tree,1889,11774427136.0,86.81366191093818,9252,6144,4294967296.0,107374182.4
Fat Tree,1890,11774427136.0,86.82447038478168,9252,6144,4294967296.0,107374182.4
Fat Tree,1891,11774427136.0,86.83527885862516,9252,6144,4294967296.0,107374182.4
Fat Tree,1892,11774427136.0,86.84608733246866,9252,6144,4294967296.0,107374182.4
Fat Tree,1893,11774427136.0,86.85689580631215,9252,6144,4294967296.0,107374182.4
Fat Tree,1894,11774427136.0,86.86770428015565,9252,6144,4294967296.0,107374182.4
Fat Tree,1895,11774427136.0,86.87851275399913,9252,6144,4294967296.0,107374182.4
Fat Tree,1896,11774427136.0,86.88932122784263,9252,6144,4294967296.0,107374182.4
Fat Tree,1897,11774427136.0,86.90012970168613,9252,6144,4294967296.0,107374182.4
Fat Tree,1898,11774427136.0,86.91093817552962,9252,6144,4294967296.0,107374182.4
Fat Tree,1899,11774427136.0,86.9217466493731,9252,6144,4294967296.0,107374182.4
Fat Tree,1900,11774427136.0,86.9325551232166,9252,6144,4294967296.0,107374182.4
Fat Tree,1901,11774427136.0,86.9433635970601,9252,6144,4294967296.0,107374182.4
Fat Tree,1902,11774427136.0,86.9541720709036,9252,6144,4294967296.0,107374182.4
Fat Tree,1903,11774427136.0,86.96498054474708,9252,6144,4294967296.0,107374182.4
Fat Tree,1904,11774427136.0,86.97578901859058,9252,6144,4294967296.0,107374182.4
Fat Tree,1905,11774427136.0,86.98659749243407,9252,6144,4294967296.0,107374182.4
Fat Tree,1906,11774427136.0,86.99740596627757,9252,6144,4294967296.0,107374182.4
Fat Tree,1907,11774427136.0,87.00821444012105,9252,6144,4294967296.0,107374182.4
Fat Tree,1908,11774427136.0,87.01902291396455,9252,6144,4294967296.0,107374182.4
Fat Tree,1909,11774427136.0,87.02983138780804,9252,6144,4294967296.0,107374182.4
Fat Tree,1910,11774427136.0,87.04063986165154,9252,6144,4294967296.0,107374182.4
Fat Tree,1911,11774427136.0,87.05144833549502,9252,6144,4294967296.0,107374182.4
Fat Tree,1912,11774427136.0,87.06225680933852,9252,6144,4294967296.0,107374182.4
Fat Tree,1913,11774427136.0,87.07306528318202,9252,6144,4294967296.0,107374182.4
Fat Tree,1914,11774427136.0,87.08387375702551,9252,6144,4294967296.0,107374182.4
Fat Tree,1915,11774427136.0,87.094682230869,9252,6144,4294967296.0,107374182.4
Fat Tree,1916,11774427136.0,87.1054907047125,9252,6144,4294967296.0,107374182.4
Fat Tree,1917,11774427136.0,87.11629917855599,9252,6144,4294967296.0,107374182.4
Fat Tree,1918,11774427136.0,87.12710765239949,9252,6144,4294967296.0,107374182.4
Fat Tree,1919,11774427136.0,87.13791612624297,9252,6144,4294967296.0,107374182.4
Fat Tree,1920,11774427136.0,87.14872460008647,9252,6144,4294967296.0,107374182.4
Fat Tree,1921,11774427136.0,87.15953307392996,9252,6144,4294967296.0,107374182.4
Fat Tree,1922,11774427136.0,87.17034154777346,9252,6144,4294967296.0,107374182.4
Fat Tree,1923,11774427136.0,87.18115002161694,9252,6144,4294967296.0,107374182.4
Fat Tree,1924,11774427136.0,87.19195849546044,9252,6144,4294967296.0,107374182.4
Fat Tree,1925,11774427136.0,87.20276696930394,9252,6144,4294967296.0,107374182.4
Fat Tree,1926,11774427136.0,87.21357544314743,9252,6144,4294967296.0,107374182.4
Fat Tree,1927,11774427136.0,87.22438391699092,9252,6144,4294967296.0,107374182.4
Fat Tree,1928,11774427136.0,87.23519239083441,9252,6144,4294967296.0,107374182.4
Fat Tree,1929,11774427136.0,87.24600086467791,9252,6144,4294967296.0,107374182.4
Fat Tree,1930,11774427136.0,87.2568093385214,9252,6144,4294967296.0,107374182.4
Fat Tree,1931,11774427136.0,87.26761781236489,9252,6144,4294967296.0,107374182.4
Fat Tree,1932,11774427136.0,87.27842628620839,9252,6144,4294967296.0,107374182.4
Fat Tree,1933,11774427136.0,87.28923476005188,9252,6144,4294967296.0,107374182.4
Fat Tree,1934,11774427136.0,87.30004323389538,9252,6144,4294967296.0,107374182.4
Fat Tree,1935,11774427136.0,87.31085170773886,9252,6144,4294967296.0,107374182.4
Fat Tree,1936,11774427136.0,87.32166018158236,9252,6144,4294967296.0,107374182.4
Fat Tree,1937,11774427136.0,87.33246865542586,9252,6144,4294967296.0,107374182.4
Fat Tree,1938,11774427136.0,87.34327712926935,9252,6144,4294967296.0,107374182.4
Fat Tree,1939,11774427136.0,87.35408560311284,9252,6144,4294967296.0,107374182.4
Fat Tree,1940,11774427136.0,87.36489407695633,9252,6144,4294967296.0,107374182.4
Fat Tree,1941,11774427136.0,87.37570255079983,9252,6144,4294967296.0,107374182.4
Fat Tree,1942,11774427136.0,87.38651102464333,9252,6144,4294967296.0,107374182.4
Fat Tree,1943,11774427136.0,87.39731949848681,9252,6144,4294967296.0,107374182.4
Fat Tree,1944,11774427136.0,87.4081279723303,9252,6144,4294967296.0,107374182.4
Fat Tree,1945,11774427136.0,87.4189364461738,9252,6144,4294967296.0,107374182.4
Fat Tree,1946,11774427136.0,87.4297449200173,9252,6144,4294967296.0,107374182.4
Fat Tree,1947,11774427136.0,87.44055339386078,9252,6144,4294967296.0,107374182.4
Fat Tree,1948,11774427136.0,87.45136186770428,9252,6144,4294967296.0,107374182.4
Fat Tree,1949,11774427136.0,87.46217034154778,9252,6144,4294967296.0,107374182.4
Fat Tree,1950,11774427136.0,87.47297881539127,9252,6144,4294967296.0,107374182.4
Fat Tree,1951,11774427136.0,87.48378728923475,9252,6144,4294967296.0,107374182.4
Fat Tree,1952,11774427136.0,87.49459576307825,9252,6144,4294967296.0,107374182.4
Fat Tree,1953,11774427136.0,87.50540423692175,9252,6144,4294967296.0,107374182.4
Fat Tree,1954,11774427136.0,87.51621271076525,9252,6144,4294967296.0,107374182.4
Fat Tree,1955,11774427136.0,87.52702118460873,9252,6144,4294967296.0,107374182.4
Fat Tree,1956,11774427136.0,87.53782965845222,9252,6144,4294967296.0,107374182.4
Fat Tree,1957,11774427136.0,87.54863813229572,9252,6144,4294967296.0,107374182.4
Fat Tree,1958,11774427136.0,87.55944660613922,9252,6144,4294967296.0,107374182.4
Fat Tree,1959,11774427136.0,87.5702550799827,9252,6144,4294967296.0,107374182.4
Fat Tree,1960,11774427136.0,87.5810635538262,9252,6144,4294967296.0,107374182.4
Fat Tree,1961,11774427136.0,87.5918720276697,9252,6144,4294967296.0,107374182.4
Fat Tree,1962,11774427136.0,87.60268050151319,9252,6144,4294967296.0,107374182.4
Fat Tree,1963,11774427136.0,87.61348897535667,9252,6144,4294967296.0,107374182.4
Fat Tree,1964,11774427136.0,87.62429744920017,9252,6144,4294967296.0,107374182.4
Fat Tree,1965,11774427136.0,87.63510592304367,9252,6144,4294967296.0,107374182.4
Fat Tree,1966,11774427136.0,87.64591439688716,9252,6144,4294967296.0,107374182.4
Fat Tree,1967,11774427136.0,87.65672287073065,9252,6144,4294967296.0,107374182.4
Fat Tree,1968,11774427136.0,87.66753134457414,9252,6144,4294967296.0,107374182.4
Fat Tree,1969,11774427136.0,87.67833981841764,9252,6144,4294967296.0,107374182.4
Fat Tree,1970,11774427136.0,87.68914829226114,9252,6144,4294967296.0,107374182.4
Fat Tree,1971,11774427136.0,87.69995676610462,9252,6144,4294967296.0,107374182.4
Fat Tree,1972,11774427136.0,87.71076523994812,9252,6144,4294967296.0,107374182.4
Fat Tree,1973,11774427136.0,87.72157371379161,9252,6144,4294967296.0,107374182.4
Fat Tree,1974,11774427136.0,87.73238218763511,9252,6144,4294967296.0,107374182.4
Fat Tree,1975,11774427136.0,87.7431906614786,9252,6144,4294967296.0,107374182.4
Fat Tree,1976,11774427136.0,87.75399913532209,9252,6144,4294967296.0,107374182.4
Fat Tree,1977,11774427136.0,87.76480760916559,9252,6144,4294967296.0,107374182.4
Fat Tree,1978,11774427136.0,87.77561608300908,9252,6144,4294967296.0,107374182.4
Fat Tree,1979,11774427136.0,87.78642455685257,9252,6144,4294967296.0,107374182.4
Fat Tree,1980,11774427136.0,87.79723303069606,9252,6144,4294967296.0,107374182.4
Fat Tree,1981,11774427136.0,87.80804150453956,9252,6144,4294967296.0,107374182.4
Fat Tree,1982,11774427136.0,87.81884997838306,9252,6144,4294967296.0,107374182.4
Fat Tree,1983,11774427136.0,87.82965845222654,9252,6144,4294967296.0,107374182.4
Fat Tree,1984,11774427136.0,87.84046692607004,9252,6144,4294967296.0,107374182.4
Fat Tree,1985,11774427136.0,87.85127539991353,9252,6144,4294967296.0,107374182.4
Fat Tree,1986,11774427136.0,87.86208387375703,9252,6144,4294967296.0,107374182.4
Fat Tree,1987,11774427136.0,87.87289234760051,9252,6144,4294967296.0,107374182.4
Fat Tree,1988,11774427136.0,87.88370082144401,9252,6144,4294967296.0,107374182.4
Fat Tree,1989,11774427136.0,87.8945092952875,9252,6144,4294967296.0,107374182.4
Fat Tree,1990,11774427136.0,87.905317769131,9252,6144,4294967296.0,107374182.4
Fat Tree,1991,11774427136.0,87.91612624297449,9252,6144,4294967296.0,107374182.4
Fat Tree,1992,11774427136.0,87.92693471681798,9252,6144,4294967296.0,107374182.4
Fat Tree,1993,11774427136.0,87.93774319066148,9252,6144,4294967296.0,107374182.4
Fat Tree,1994,11774427136.0,87.94855166450498,9252,6144,4294967296.0,107374182.4
Fat Tree,1995,11774427136.0,87.95936013834846,9252,6144,4294967296.0,107374182.4
Fat Tree,1996,11774427136.0,87.97016861219196,9252,6144,4294967296.0,107374182.4
Fat Tree,1997,11774427136.0,87.98097708603545,9252,6144,4294967296.0,107374182.4
Fat Tree,1998,11774427136.0,87.99178555987895,9252,6144,4294967296.0,107374182.4
Fat Tree,1999,11774427136.0,88.00259403372243,9252,6144,4294967296.0,107374182.4
Fat Tree,2000,11774427136.0,88.01340250756593,9252,6144,4294967296.0,107374182.4
Fat Tree,2001,11774427136.0,88.02421098140942,9252,6144,4294967296.0,107374182.4
Fat Tree,2002,11774427136.0,88.03501945525292,9252,6144,4294967296.0,107374182.4
Fat Tree,2003,11774427136.0,88.0458279290964,9252,6144,4294967296.0,107374182.4
Fat Tree,2004,11774427136.0,88.0566364029399,9252,6144,4294967296.0,107374182.4
Fat Tree,2005,11774427136.0,88.0674448767834,9252,6144,4294967296.0,107374182.4
Fat Tree,2006,11774427136.0,88.0782533506269,9252,6144,4294967296.0,107374182.4
Fat Tree,2007,11774427136.0,88.08906182447038,9252,6144,4294967296.0,107374182.4
Fat Tree,2008,11774427136.0,88.09987029831387,9252,6144,4294967296.0,107374182.4
Fat Tree,2009,11774427136.0,88.11067877215737,9252,6144,4294967296.0,107374182.4
Fat Tree,2010,11774427136.0,88.12148724600087,9252,6144,4294967296.0,107374182.4
Fat Tree,2011,11774427136.0,88.13229571984435,9252,6144,4294967296.0,107374182.4
Fat Tree,2012,11774427136.0,88.14310419368785,9252,6144,4294967296.0,107374182.4
Fat Tree,2013,11774427136.0,88.15391266753134,9252,6144,4294967296.0,107374182.4
Fat Tree,2014,11774427136.0,88.16472114137484,9252,6144,4294967296.0,107374182.4
Fat Tree,2015,11774427136.0,88.17552961521832,9252,6144,4294967296.0,107374182.4
Fat Tree,2016,11774427136.0,88.18633808906182,9252,6144,4294967296.0,107374182.4
Fat Tree,2017,11774427136.0,88.19714656290532,9252,6144,4294967296.0,107374182.4
Fat Tree,2018,11774427136.0,88.20795503674881,9252,6144,4294967296.0,107374182.4
Fat Tree,2019,11774427136.0,88.2187635105923,9252,6144,4294967296.0,107374182.4
Fat Tree,2020,11774427136.0,88.2295719844358,9252,6144,4294967296.0,107374182.4
Fat Tree,2021,11774427136.0,88.24038045827929,9252,6144,4294967296.0,107374182.4
Fat Tree,2022,11774427136.0,88.25118893212279,9252,6144,4294967296.0,107374182.4
Fat Tree,2023,11774427136.0,88.26199740596627,9252,6144,4294967296.0,107374182.4
Fat Tree,2024,11774427136.0,88.27280587980977,9252,6144,4294967296.0,107374182.4
Fat Tree,2025,11774427136.0,88.28361435365326,9252,6144,4294967296.0,107374182.4
Fat Tree,2026,11774427136.0,88.29442282749676,9252,6144,4294967296.0,107374182.4
Fat Tree,2027,11774427136.0,88.30523130134024,9252,6144,4294967296.0,107374182.4
Fat Tree,2028,11774427136.0,88.31603977518374,9252,6144,4294967296.0,107374182.4
Fat Tree,2029,11774427136.0,88.32684824902724,9252,6144,4294967296.0,107374182.4
Fat Tree,2030,11774427136.0,88.33765672287073,9252,6144,4294967296.0,107374182.4
Fat Tree,2031,11774427136.0,88.34846519671422,9252,6144,4294967296.0,107374182.4
Fat Tree,2032,11774427136.0,88.35927367055771,9252,6144,4294967296.0,107374182.4
Fat Tree,2033,11774427136.0,88.37008214440121,9252,6144,4294967296.0,107374182.4
Fat Tree,2034,11774427136.0,88.3808906182447,9252,6144,4294967296.0,107374182.4
Fat Tree,2035,11774427136.0,88.39169909208819,9252,6144,4294967296.0,107374182.4
Fat Tree,2036,11774427136.0,88.40250756593169,9252,6144,4294967296.0,107374182.4
Fat Tree,2037,11774427136.0,88.41331603977518,9252,6144,4294967296.0,107374182.4
Fat Tree,2038,11774427136.0,88.42412451361868,9252,6144,4294967296.0,107374182.4
Fat Tree,2039,11774427136.0,88.43493298746216,9252,6144,4294967296.0,107374182.4
Fat Tree,2040,11774427136.0,88.44574146130566,9252,6144,4294967296.0,107374182.4
Fat Tree,2041,11774427136.0,88.45654993514916,9252,6144,4294967296.0,107374182.4
Fat Tree,2042,11774427136.0,88.46735840899265,9252,6144,4294967296.0,107374182.4
Fat Tree,2043,11774427136.0,88.47816688283613,9252,6144,4294967296.0,107374182.4
Fat Tree,2044,11774427136.0,88.48897535667963,9252,6144,4294967296.0,107374182.4
Fat Tree,2045,11774427136.0,88.49978383052313,9252,6144,4294967296.0,107374182.4
Fat Tree,2046,11774427136.0,88.51059230436663,9252,6144,4294967296.0,107374182.4
Fat Tree,2047,11774427136.0,88.52140077821011,9252,6144,4294967296.0,107374182.4
Fat Tree,2048,11774427136.0,88.5322092520536,9252,6144,4294967296.0,107374182.4
Fat Tree,2049,11774427136.0,88.5430177258971,9252,6144,4294967296.0,107374182.4
Fat Tree,2050,11774427136.0,88.5538261997406,9252,6144,4294967296.0,107374182.4
Fat Tree,2051,11774427136.0,88.56463467358408,9252,6144,4294967296.0,107374182.4
Fat Tree,2052,11774427136.0,88.57544314742758,9252,6144,4294967296.0,107374182.4
Fat Tree,2053,11774427136.0,88.58625162127107,9252,6144,4294967296.0,107374182.4
Fat Tree,2054,11774427136.0,88.59706009511457,9252,6144,4294967296.0,107374182.4
Fat Tree,2055,11774427136.0,88.60786856895805,9252,6144,4294967296.0,107374182.4
Fat Tree,2056,11774427136.0,88.61867704280155,9252,6144,4294967296.0,107374182.4
Fat Tree,2057,11774427136.0,88.62948551664505,9252,6144,4294967296.0,107374182.4
Fat Tree,2058,11774427136.0,88.64029399048854,9252,6144,4294967296.0,107374182.4
Fat Tree,2059,11774427136.0,88.65110246433203,9252,6144,4294967296.0,107374182.4
Fat Tree,2060,11774427136.0,88.66191093817552,9252,6144,4294967296.0,107374182.4
Fat Tree,2061,11774427136.0,88.67271941201902,9252,6144,4294967296.0,107374182.4
Fat Tree,2062,11774427136.0,88.68352788586252,9252,6144,4294967296.0,107374182.4
Fat Tree,2063,11774427136.0,88.694336359706,9252,6144,4294967296.0,107374182.4
Fat Tree,2064,11774427136.0,88.7051448335495,9252,6144,4294967296.0,107374182.4
Fat Tree,2065,11774427136.0,88.715953307393,9252,6144,4294967296.0,107374182.4
Fat Tree,2066,11774427136.0,88.72676178123649,9252,6144,4294967296.0,107374182.4
Fat Tree,2067,11774427136.0,88.73757025507997,9252,6144,4294967296.0,107374182.4
Fat Tree,2068,11774427136.0,88.74837872892347,9252,6144,4294967296.0,107374182.4
Fat Tree,2069,11774427136.0,88.75918720276697,9252,6144,4294967296.0,107374182.4
Fat Tree,2070,11774427136.0,88.76999567661046,9252,6144,4294967296.0,107374182.4
Fat Tree,2071,11774427136.0,88.78080415045395,9252,6144,4294967296.0,107374182.4
Fat Tree,2072,11774427136.0,88.79161262429744,9252,6144,4294967296.0,107374182.4
Fat Tree,2073,11774427136.0,88.80242109814094,9252,6144,4294967296.0,107374182.4
Fat Tree,2074,11774427136.0,88.81322957198444,9252,6144,4294967296.0,107374182.4
Fat Tree,2075,11774427136.0,88.82403804582792,9252,6144,4294967296.0,107374182.4
Fat Tree,2076,11774427136.0,88.83484651967142,9252,6144,4294967296.0,107374182.4
Fat Tree,2077,11774427136.0,88.84565499351491,9252,6144,4294967296.0,107374182.4
Fat Tree,2078,11774427136.0,88.85646346735841,9252,6144,4294967296.0,107374182.4
Fat Tree,2079,11774427136.0,88.86727194120189,9252,6144,4294967296.0,107374182.4
Fat Tree,2080,11774427136.0,88.87808041504539,9252,6144,4294967296.0,107374182.4
Fat Tree,2081,11774427136.0,88.88888888888889,9252,6144,4294967296.0,107374182.4
Fat Tree,2082,34359738368.0,88.89969736273238,9252,6144,4294967296.0,107374182.4
Fat Tree,2083,34359738368.0,88.91050583657587,9252,6144,4294967296.0,107374182.4
Fat Tree,2084,34359738368.0,88.92131431041936,9252,6144,4294967296.0,107374182.4
Fat Tree,2085,34359738368.0,88.93212278426286,9252,6144,4294967296.0,107374182.4
Fat Tree,2086,549824364544.0,88.94293125810636,9252,6144,4294967296.0,107374182.4
Fat Tree,2087,549824364544.0,88.95373973194984,9252,6144,4294967296.0,107374182.4
Fat Tree,2088,549824364544.0,88.96454820579334,9252,6144,4294967296.0,107374182.4
Fat Tree,2089,549824364544.0,88.97535667963683,9252,6144,4294967296.0,107374182.4
Fat Tree,2090,549824364544.0,88.98616515348033,9252,6144,4294967296.0,107374182.4
Fat Tree,2091,549824364544.0,88.99697362732381,9252,6144,4294967296.0,107374182.4
Fat Tree,2092,549824364544.0,89.00778210116731,9252,6144,4294967296.0,107374182.4
Fat Tree,2093,549824364544.0,89.0185905750108,9252,6144,4294967296.0,107374182.4
Fat Tree,2094,549824364544.0,89.0293990488543,9252,6144,4294967296.0,107374182.4
Fat Tree,2095,549824364544.0,89.04020752269778,9252,6144,4294967296.0,107374182.4
Fat Tree,2096,549824364544.0,89.05101599654128,9252,6144,4294967296.0,107374182.4
Fat Tree,2097,549824364544.0,89.06182447038478,9252,6144,4294967296.0,107374182.4
Fat Tree,2098,549824364544.0,89.07263294422827,9252,6144,4294967296.0,107374182.4
Fat Tree,2099,549824364544.0,89.08344141807177,9252,6144,4294967296.0,107374182.4
Fat Tree,2100,549824364544.0,89.09424989191527,9252,6144,4294967296.0,107374182.4
Fat Tree,2101,549824364544.0,89.10505836575877,9252,6144,4294967296.0,107374182.4
Fat Tree,2102,549824364544.0,89.11586683960225,9252,6144,4294967296.0,107374182.4
Fat Tree,2103,549824364544.0,89.12667531344574,9252,6144,4294967296.0,107374182.4
Fat Tree,2104,549824364544.0,89.13748378728924,9252,6144,4294967296.0,107374182.4
Fat Tree,2105,549824364544.0,89.14829226113274,9252,6144,4294967296.0,107374182.4
Fat Tree,2106,549824364544.0,89.15910073497622,9252,6144,4294967296.0,107374182.4
Fat Tree,2107,549824364544.0,89.16990920881972,9252,6144,4294967296.0,107374182.4
Fat Tree,2108,549824364544.0,89.18071768266321,9252,6144,4294967296.0,107374182.4
Fat Tree,2109,549824364544.0,89.19152615650671,9252,6144,4294967296.0,107374182.4
Fat Tree,2110,549824364544.0,89.2023346303502,9252,6144,4294967296.0,107374182.4
Fat Tree,2111,549824364544.0,89.21314310419369,9252,6144,4294967296.0,107374182.4
Fat Tree,2112,549824364544.0,89.22395157803719,9252,6144,4294967296.0,107374182.4
Fat Tree,2113,549824364544.0,89.23476005188068,9252,6144,4294967296.0,107374182.4
Fat Tree,2114,549824364544.0,89.24556852572417,9252,6144,4294967296.0,107374182.4
Fat Tree,2115,549824364544.0,89.25637699956766,9252,6144,4294967296.0,107374182.4
Fat Tree,2116,549824364544.0,89.26718547341116,9252,6144,4294967296.0,107374182.4
Fat Tree,2117,549824364544.0,89.27799394725466,9252,6144,4294967296.0,107374182.4
Fat Tree,2118,549824364544.0,89.28880242109814,9252,6144,4294967296.0,107374182.4
Fat Tree,2119,549824364544.0,89.29961089494164,9252,6144,4294967296.0,107374182.4
Fat Tree,2120,549824364544.0,89.31041936878513,9252,6144,4294967296.0,107374182.4
Fat Tree,2121,549824364544.0,89.32122784262863,9252,6144,4294967296.0,107374182.4
Fat Tree,2122,549824364544.0,89.33203631647211,9252,6144,4294967296.0,107374182.4
Fat Tree,2123,549824364544.0,89.34284479031561,9252,6144,4294967296.0,107374182.4
Fat Tree,2124,549824364544.0,89.3536532641591,9252,6144,4294967296.0,107374182.4
Fat Tree,2125,549824364544.0,89.3644617380026,9252,6144,4294967296.0,107374182.4
Fat Tree,2126,549824364544.0,89.37527021184609,9252,6144,4294967296.0,107374182.4
Fat Tree,2127,549824364544.0,89.38607868568958,9252,6144,4294967296.0,107374182.4
Fat Tree,2128,549824364544.0,89.39688715953308,9252,6144,4294967296.0,107374182.4
Fat Tree,2129,549824364544.0,89.40769563337658,9252,6144,4294967296.0,107374182.4
Fat Tree,2130,549824364544.0,89.41850410722006,9252,6144,4294967296.0,107374182.4
Fat Tree,2131,549824364544.0,89.42931258106356,9252,6144,4294967296.0,107374182.4
Fat Tree,2132,549824364544.0,89.44012105490705,9252,6144,4294967296.0,107374182.4
Fat Tree,2133,549824364544.0,89.45092952875055,9252,6144,4294967296.0,107374182.4
Fat Tree,2134,549824364544.0,89.46173800259403,9252,6144,4294967296.0,107374182.4
Fat Tree,2135,549824364544.0,89.47254647643753,9252,6144,4294967296.0,107374182.4
Fat Tree,2136,549824364544.0,89.48335495028103,9252,6144,4294967296.0,107374182.4
Fat Tree,2137,549824364544.0,89.49416342412452,9252,6144,4294967296.0,107374182.4
Fat Tree,2138,549824364544.0,89.504971897968,9252,6144,4294967296.0,107374182.4
Fat Tree,2139,549824364544.0,89.5157803718115,9252,6144,4294967296.0,107374182.4
Fat Tree,2140,549824364544.0,89.526588845655,9252,6144,4294967296.0,107374182.4
Fat Tree,2141,549824364544.0,89.5373973194985,9252,6144,4294967296.0,107374182.4
Fat Tree,2142,549824364544.0,89.54820579334198,9252,6144,4294967296.0,107374182.4
Fat Tree,2143,549824364544.0,89.55901426718547,9252,6144,4294967296.0,107374182.4
Fat Tree,2144,549824364544.0,89.56982274102897,9252,6144,4294967296.0,107374182.4
Fat Tree,2145,549824364544.0,89.58063121487247,9252,6144,4294967296.0,107374182.4
Fat Tree,2146,549824364544.0,89.59143968871595,9252,6144,4294967296.0,107374182.4
Fat Tree,2147,549824364544.0,89.60224816255945,9252,6144,4294967296.0,107374182.4
Fat Tree,2148,549824364544.0,89.61305663640294,9252,6144,4294967296.0,107374182.4
Fat Tree,2149,549824364544.0,89.62386511024644,9252,6144,4294967296.0,107374182.4
Fat Tree,2150,549824364544.0,89.63467358408992,9252,6144,4294967296.0,107374182.4
Fat Tree,2151,549824364544.0,89.64548205793342,9252,6144,4294967296.0,107374182.4
Fat Tree,2152,549824364544.0,89.65629053177692,9252,6144,4294967296.0,107374182.4
Fat Tree,2153,549824364544.0,89.66709900562041,9252,6144,4294967296.0,107374182.4
Fat Tree,2154,549824364544.0,89.6779074794639,9252,6144,4294967296.0,107374182.4
Fat Tree,2155,549824364544.0,89.6887159533074,9252,6144,4294967296.0,107374182.4
Fat Tree,2156,549824364544.0,89.69952442715089,9252,6144,4294967296.0,107374182.4
Fat Tree,2157,549824364544.0,89.71033290099439,9252,6144,4294967296.0,107374182.4
Fat Tree,2158,549824364544.0,89.72114137483787,9252,6144,4294967296.0,107374182.4
Fat Tree,2159,549824364544.0,89.73194984868137,9252,6144,4294967296.0,107374182.4
Fat Tree,2160,549824364544.0,89.74275832252486,9252,6144,4294967296.0,107374182.4
Fat Tree,2161,549824364544.0,89.75356679636836,9252,6144,4294967296.0,107374182.4
Fat Tree,2162,549824364544.0,89.76437527021184,9252,6144,4294967296.0,107374182.4
Fat Tree,2163,549824364544.0,89.77518374405534,9252,6144,4294967296.0,107374182.4
Fat Tree,2164,549824364544.0,89.78599221789884,9252,6144,4294967296.0,107374182.4
Fat Tree,2165,549824364544.0,89.79680069174233,9252,6144,4294967296.0,107374182.4
Fat Tree,2166,549824364544.0,89.80760916558582,9252,6144,4294967296.0,107374182.4
Fat Tree,2167,549824364544.0,89.81841763942931,9252,6144,4294967296.0,107374182.4
Fat Tree,2168,549824364544.0,89.82922611327281,9252,6144,4294967296.0,107374182.4
Fat Tree,2169,549824364544.0,89.8400345871163,9252,6144,4294967296.0,107374182.4
Fat Tree,2170,549824364544.0,89.85084306095979,9252,6144,4294967296.0,107374182.4
Fat Tree,2171,549824364544.0,89.86165153480329,9252,6144,4294967296.0,107374182.4
Fat Tree,2172,549824364544.0,89.87246000864678,9252,6144,4294967296.0,107374182.4
Fat Tree,2173,549824364544.0,89.88326848249028,9252,6144,4294967296.0,107374182.4
Fat Tree,2174,549824364544.0,89.89407695633376,9252,6144,4294967296.0,107374182.4
Fat Tree,2175,549824364544.0,89.90488543017726,9252,6144,4294967296.0,107374182.4
Fat Tree,2176,549824364544.0,89.91569390402076,9252,6144,4294967296.0,107374182.4
Fat Tree,2177,549824364544.0,89.92650237786425,9252,6144,4294967296.0,107374182.4
Fat Tree,2178,549824364544.0,89.93731085170774,9252,6144,4294967296.0,107374182.4
Fat Tree,2179,549824364544.0,89.94811932555123,9252,6144,4294967296.0,107374182.4
Fat Tree,2180,549824364544.0,89.95892779939473,9252,6144,4294967296.0,107374182.4
Fat Tree,2181,549824364544.0,89.96973627323823,9252,6144,4294967296.0,107374182.4
Fat Tree,2182,549824364544.0,89.98054474708171,9252,6144,4294967296.0,107374182.4
Fat Tree,2183,549824364544.0,89.9913532209252,9252,6144,4294967296.0,107374182.4
Fat Tree,2184,549824364544.0,90.0021616947687,9252,6144,4294967296.0,107374182.4
Fat Tree,2185,549824364544.0,90.0129701686122,9252,6144,4294967296.0,107374182.4
Fat Tree,2186,549824364544.0,90.02377864245568,9252,6144,4294967296.0,107374182.4
Fat Tree,2187,549824364544.0,90.03458711629918,9252,6144,4294967296.0,107374182.4
Fat Tree,2188,549824364544.0,90.04539559014268,9252,6144,4294967296.0,107374182.4
Fat Tree,2189,549824364544.0,90.05620406398617,9252,6144,4294967296.0,107374182.4
Fat Tree,2190,549824364544.0,90.06701253782965,9252,6144,4294967296.0,107374182.4
Fat Tree,2191,549824364544.0,90.07782101167315,9252,6144,4294967296.0,107374182.4
Fat Tree,2192,549824364544.0,90.08862948551665,9252,6144,4294967296.0,107374182.4
Fat Tree,2193,549824364544.0,90.09943795936015,9252,6144,4294967296.0,107374182.4
Fat Tree,2194,549824364544.0,90.11024643320363,9252,6144,4294967296.0,107374182.4
Fat Tree,2195,549824364544.0,90.12105490704712,9252,6144,4294967296.0,107374182.4
Fat Tree,2196,549824364544.0,90.13186338089062,9252,6144,4294967296.0,107374182.4
Fat Tree,2197,549824364544.0,90.14267185473412,9252,6144,4294967296.0,107374182.4
Fat Tree,2198,549824364544.0,90.1534803285776,9252,6144,4294967296.0,107374182.4
Fat Tree,2199,549824364544.0,90.1642888024211,9252,6144,4294967296.0,107374182.4
Fat Tree,2200,549824364544.0,90.1750972762646,9252,6144,4294967296.0,107374182.4
Fat Tree,2201,549824364544.0,90.18590575010809,9252,6144,4294967296.0,107374182.4
Fat Tree,2202,549824364544.0,90.19671422395157,9252,6144,4294967296.0,107374182.4
Fat Tree,2203,549824364544.0,90.20752269779507,9252,6144,4294967296.0,107374182.4
Fat Tree,2204,549824364544.0,90.21833117163857,9252,6144,4294967296.0,107374182.4
Fat Tree,2205,549824364544.0,90.22913964548206,9252,6144,4294967296.0,107374182.4
Fat Tree,2206,549824364544.0,90.23994811932555,9252,6144,4294967296.0,107374182.4
Fat Tree,2207,549824364544.0,90.25075659316904,9252,6144,4294967296.0,107374182.4
Fat Tree,2208,549824364544.0,90.26156506701254,9252,6144,4294967296.0,107374182.4
Fat Tree,2209,549824364544.0,90.27237354085604,9252,6144,4294967296.0,107374182.4
Fat Tree,2210,549824364544.0,90.28318201469952,9252,6144,4294967296.0,107374182.4
Fat Tree,2211,549824364544.0,90.29399048854302,9252,6144,4294967296.0,107374182.4
Fat Tree,2212,549824364544.0,90.30479896238651,9252,6144,4294967296.0,107374182.4
Fat Tree,2213,549824364544.0,90.31560743623001,9252,6144,4294967296.0,107374182.4
Fat Tree,2214,549824364544.0,90.3264159100735,9252,6144,4294967296.0,107374182.4
Fat Tree,2215,549824364544.0,90.33722438391699,9252,6144,4294967296.0,107374182.4
Fat Tree,2216,549824364544.0,90.34803285776049,9252,6144,4294967296.0,107374182.4
Fat Tree,2217,549824364544.0,90.35884133160398,9252,6144,4294967296.0,107374182.4
Fat Tree,2218,549824364544.0,90.36964980544747,9252,6144,4294967296.0,107374182.4
Fat Tree,2219,549824364544.0,90.38045827929096,9252,6144,4294967296.0,107374182.4
Fat Tree,2220,549824364544.0,90.39126675313446,9252,6144,4294967296.0,107374182.4
Fat Tree,2221,549824364544.0,90.40207522697796,9252,6144,4294967296.0,107374182.4
Fat Tree,2222,549824364544.0,90.41288370082144,9252,6144,4294967296.0,107374182.4
Fat Tree,2223,549824364544.0,90.42369217466494,9252,6144,4294967296.0,107374182.4
Fat Tree,2224,549824364544.0,90.43450064850843,9252,6144,4294967296.0,107374182.4
Fat Tree,2225,549824364544.0,90.44530912235193,9252,6144,4294967296.0,107374182.4
Fat Tree,2226,549824364544.0,90.45611759619541,9252,6144,4294967296.0,107374182.4
Fat Tree,2227,549824364544.0,90.46692607003891,9252,6144,4294967296.0,107374182.4
Fat Tree,2228,549824364544.0,90.4777345438824,9252,6144,4294967296.0,107374182.4
Fat Tree,2229,549824364544.0,90.4885430177259,9252,6144,4294967296.0,107374182.4
Fat Tree,2230,549824364544.0,90.49935149156939,9252,6144,4294967296.0,107374182.4
Fat Tree,2231,549824364544.0,90.51015996541288,9252,6144,4294967296.0,107374182.4
Fat Tree,2232,549824364544.0,90.52096843925638,9252,6144,4294967296.0,107374182.4
Fat Tree,2233,549824364544.0,90.53177691309988,9252,6144,4294967296.0,107374182.4
Fat Tree,2234,549824364544.0,90.54258538694336,9252,6144,4294967296.0,107374182.4
Fat Tree,2235,549824364544.0,90.55339386078685,9252,6144,4294967296.0,107374182.4
Fat Tree,2236,549824364544.0,90.56420233463035,9252,6144,4294967296.0,107374182.4
Fat Tree,2237,549824364544.0,90.57501080847385,9252,6144,4294967296.0,107374182.4
Fat Tree,2238,549824364544.0,90.58581928231733,9252,6144,4294967296.0,107374182.4
Fat Tree,2239,549824364544.0,90.59662775616083,9252,6144,4294967296.0,107374182.4
Fat Tree,2240,549824364544.0,90.60743623000432,9252,6144,4294967296.0,107374182.4
Fat Tree,2241,549824364544.0,90.61824470384782,9252,6144,4294967296.0,107374182.4
Fat Tree,2242,549824364544.0,90.6290531776913,9252,6144,4294967296.0,107374182.4
Fat Tree,2243,549824364544.0,90.6398616515348,9252,6144,4294967296.0,107374182.4
Fat Tree,2244,549824364544.0,90.6506701253783,9252,6144,4294967296.0,107374182.4
Fat Tree,2245,549824364544.0,90.6614785992218,9252,6144,4294967296.0,107374182.4
Fat Tree,2246,549824364544.0,90.67228707306528,9252,6144,4294967296.0,107374182.4
Fat Tree,2247,549824364544.0,90.68309554690877,9252,6144,4294967296.0,107374182.4
Fat Tree,2248,549824364544.0,90.69390402075227,9252,6144,4294967296.0,107374182.4
Fat Tree,2249,549824364544.0,90.70471249459577,9252,6144,4294967296.0,107374182.4
Fat Tree,2250,549824364544.0,90.71552096843925,9252,6144,4294967296.0,107374182.4
Fat Tree,2251,549824364544.0,90.72632944228275,9252,6144,4294967296.0,107374182.4
Fat Tree,2252,549824364544.0,90.73713791612624,9252,6144,4294967296.0,107374182.4
Fat Tree,2253,549824364544.0,90.74794638996974,9252,6144,4294967296.0,107374182.4
Fat Tree,2254,549824364544.0,90.75875486381322,9252,6144,4294967296.0,107374182.4
Fat Tree,2255,549824364544.0,90.76956333765672,9252,6144,4294967296.0,107374182.4
Fat Tree,2256,549824364544.0,90.78037181150022,9252,6144,4294967296.0,107374182.4
Fat Tree,2257,549824364544.0,90.79118028534371,9252,6144,4294967296.0,107374182.4
Fat Tree,2258,549824364544.0,90.8019887591872,9252,6144,4294967296.0,107374182.4
Fat Tree,2259,549824364544.0,90.8127972330307,9252,6144,4294967296.0,107374182.4
Fat Tree,2260,549824364544.0,90.82360570687419,9252,6144,4294967296.0,107374182.4
Fat Tree,2261,549824364544.0,90.83441418071769,9252,6144,4294967296.0,107374182.4
Fat Tree,2262,549824364544.0,90.84522265456117,9252,6144,4294967296.0,107374182.4
Fat Tree,2263,549824364544.0,90.85603112840467,9252,6144,4294967296.0,107374182.4
Fat Tree,2264,549824364544.0,90.86683960224816,9252,6144,4294967296.0,107374182.4
Fat Tree,2265,549824364544.0,90.87764807609166,9252,6144,4294967296.0,107374182.4
Fat Tree,2266,549824364544.0,90.88845654993514,9252,6144,4294967296.0,107374182.4
Fat Tree,2267,549824364544.0,90.89926502377864,9252,6144,4294967296.0,107374182.4
Fat Tree,2268,549824364544.0,90.91007349762214,9252,6144,4294967296.0,107374182.4
Fat Tree,2269,549824364544.0,90.92088197146563,9252,6144,4294967296.0,107374182.4
Fat Tree,2270,549824364544.0,90.93169044530912,9252,6144,4294967296.0,107374182.4
Fat Tree,2271,549824364544.0,90.94249891915261,9252,6144,4294967296.0,107374182.4
Fat Tree,2272,549824364544.0,90.95330739299611,9252,6144,4294967296.0,107374182.4
Fat Tree,2273,549824364544.0,90.9641158668396,9252,6144,4294967296.0,107374182.4
Fat Tree,2274,549824364544.0,90.97492434068309,9252,6144,4294967296.0,107374182.4
Fat Tree,2275,549824364544.0,90.98573281452659,9252,6144,4294967296.0,107374182.4
Fat Tree,2276,549824364544.0,90.99654128837008,9252,6144,4294967296.0,107374182.4
Fat Tree,2277,549824364544.0,91.00734976221358,9252,6144,4294967296.0,107374182.4
Fat Tree,2278,549824364544.0,91.01815823605706,9252,6144,4294967296.0,107374182.4
Fat Tree,2279,549824364544.0,91.02896670990056,9252,6144,4294967296.0,107374182.4
Fat Tree,2280,549824364544.0,91.03977518374406,9252,6144,4294967296.0,107374182.4
Fat Tree,2281,549824364544.0,91.05058365758755,9252,6144,4294967296.0,107374182.4
Fat Tree,2282,549824364544.0,91.06139213143103,9252,6144,4294967296.0,107374182.4
Fat Tree,2283,549824364544.0,91.07220060527453,9252,6144,4294967296.0,107374182.4
Fat Tree,2284,549824364544.0,91.08300907911803,9252,6144,4294967296.0,107374182.4
Fat Tree,2285,549824364544.0,91.09381755296153,9252,6144,4294967296.0,107374182.4
Fat Tree,2286,549824364544.0,91.10462602680501,9252,6144,4294967296.0,107374182.4
Fat Tree,2287,549824364544.0,91.1154345006485,9252,6144,4294967296.0,107374182.4
Fat Tree,2288,549824364544.0,91.126242974492,9252,6144,4294967296.0,107374182.4
Fat Tree,2289,549824364544.0,91.1370514483355,9252,6144,4294967296.0,107374182.4
Fat Tree,2290,549824364544.0,91.14785992217898,9252,6144,4294967296.0,107374182.4
Fat Tree,2291,549824364544.0,91.15866839602248,9252,6144,4294967296.0,107374182.4
Fat Tree,2292,549824364544.0,91.16947686986597,9252,6144,4294967296.0,107374182.4
Fat Tree,2293,549824364544.0,91.18028534370947,9252,6144,4294967296.0,107374182.4
Fat Tree,2294,549824364544.0,91.19109381755295,9252,6144,4294967296.0,107374182.4
Fat Tree,2295,549824364544.0,91.20190229139645,9252,6144,4294967296.0,107374182.4
Fat Tree,2296,549824364544.0,91.21271076523995,9252,6144,4294967296.0,107374182.4
Fat Tree,2297,549824364544.0,91.22351923908344,9252,6144,4294967296.0,107374182.4
Fat Tree,2298,549824364544.0,91.23432771292693,9252,6144,4294967296.0,107374182.4
Fat Tree,2299,549824364544.0,91.24513618677042,9252,6144,4294967296.0,107374182.4
Fat Tree,2300,549824364544.0,91.25594466061392,9252,6144,4294967296.0,107374182.4
Fat Tree,2301,549824364544.0,91.26675313445742,9252,6144,4294967296.0,107374182.4
Fat Tree,2302,549824364544.0,91.2775616083009,9252,6144,4294967296.0,107374182.4
Fat Tree,2303,549824364544.0,91.2883700821444,9252,6144,4294967296.0,107374182.4
Fat Tree,2304,549824364544.0,91.2991785559879,9252,6144,4294967296.0,107374182.4
Fat Tree,2305,549824364544.0,91.30998702983139,9252,6144,4294967296.0,107374182.4
Fat Tree,2306,549824364544.0,91.32079550367487,9252,6144,4294967296.0,107374182.4
Fat Tree,2307,549824364544.0,91.33160397751837,9252,6144,4294967296.0,107374182.4
Fat Tree,2308,549824364544.0,91.34241245136187,9252,6144,4294967296.0,107374182.4
Fat Tree,2309,549824364544.0,91.35322092520536,9252,6144,4294967296.0,107374182.4
Fat Tree,2310,549824364544.0,91.36402939904885,9252,6144,4294967296.0,107374182.4
Fat Tree,2311,549824364544.0,91.37483787289234,9252,6144,4294967296.0,107374182.4
Fat Tree,2312,549824364544.0,91.38564634673584,9252,6144,4294967296.0,107374182.4
Fat Tree,2313,549824364544.0,91.39645482057934,9252,6144,4294967296.0,107374182.4
Fat Tree,2314,549824364544.0,91.40726329442282,9252,6144,4294967296.0,107374182.4
Fat Tree,2315,549824364544.0,91.41807176826632,9252,6144,4294967296.0,107374182.4
Fat Tree,2316,549824364544.0,91.42888024210981,9252,6144,4294967296.0,107374182.4
Fat Tree,2317,549824364544.0,91.43968871595331,9252,6144,4294967296.0,107374182.4
Fat Tree,2318,549824364544.0,91.45049718979679,9252,6144,4294967296.0,107374182.4
Fat Tree,2319,549824364544.0,91.46130566364029,9252,6144,4294967296.0,107374182.4
Fat Tree,2320,549824364544.0,91.47211413748379,9252,6144,4294967296.0,107374182.4
Fat Tree,2321,549824364544.0,91.48292261132728,9252,6144,4294967296.0,107374182.4
Fat Tree,2322,549824364544.0,91.49373108517077,9252,6144,4294967296.0,107374182.4
Fat Tree,2323,549824364544.0,91.50453955901426,9252,6144,4294967296.0,107374182.4
Fat Tree,2324,549824364544.0,91.51534803285776,9252,6144,4294967296.0,107374182.4
Fat Tree,2325,549824364544.0,91.52615650670126,9252,6144,4294967296.0,107374182.4
Fat Tree,2326,549824364544.0,91.53696498054474,9252,6144,4294967296.0,107374182.4
Fat Tree,2327,549824364544.0,91.54777345438823,9252,6144,4294967296.0,107374182.4
Fat Tree,2328,549824364544.0,91.55858192823173,9252,6144,4294967296.0,107374182.4
Fat Tree,2329,549824364544.0,91.56939040207523,9252,6144,4294967296.0,107374182.4
Fat Tree,2330,549824364544.0,91.58019887591871,9252,6144,4294967296.0,107374182.4
Fat Tree,2331,549824364544.0,91.59100734976221,9252,6144,4294967296.0,107374182.4
Fat Tree,2332,549824364544.0,91.6018158236057,9252,6144,4294967296.0,107374182.4
Fat Tree,2333,549824364544.0,91.6126242974492,9252,6144,4294967296.0,107374182.4
Fat Tree,2334,549824364544.0,91.62343277129268,9252,6144,4294967296.0,107374182.4
Fat Tree,2335,549824364544.0,91.63424124513618,9252,6144,4294967296.0,107374182.4
Fat Tree,2336,549824364544.0,91.64504971897968,9252,6144,4294967296.0,107374182.4
Fat Tree,2337,549824364544.0,91.65585819282317,9252,6144,4294967296.0,107374182.4
Fat Tree,2338,549824364544.0,91.66666666666666,9252,6144,4294967296.0,107374182.4
Fat Tree,2339,549824364544.0,91.67747514051015,9252,6144,4294967296.0,107374182.4
Fat Tree,2340,549824364544.0,91.68828361435365,9252,6144,4294967296.0,107374182.4
Fat Tree,2341,549824364544.0,91.69909208819715,9252,6144,4294967296.0,107374182.4
Fat Tree,2342,549824364544.0,91.70990056204063,9252,6144,4294967296.0,107374182.4
Fat Tree,2343,549824364544.0,91.72070903588413,9252,6144,4294967296.0,107374182.4
Fat Tree,2344,549824364544.0,91.73151750972762,9252,6144,4294967296.0,107374182.4
Fat Tree,2345,549824364544.0,91.74232598357112,9252,6144,4294967296.0,107374182.4
Fat Tree,2346,549824364544.0,91.7531344574146,9252,6144,4294967296.0,107374182.4
Fat Tree,2347,549824364544.0,91.7639429312581,9252,6144,4294967296.0,107374182.4
Fat Tree,2348,549824364544.0,91.7747514051016,9252,6144,4294967296.0,107374182.4
Fat Tree,2349,549824364544.0,91.7855598789451,9252,6144,4294967296.0,107374182.4
Fat Tree,2350,549824364544.0,91.79636835278858,9252,6144,4294967296.0,107374182.4
Fat Tree,2351,549824364544.0,91.80717682663207,9252,6144,4294967296.0,107374182.4
Fat Tree,2352,549824364544.0,91.81798530047557,9252,6144,4294967296.0,107374182.4
Fat Tree,2353,549824364544.0,91.82879377431907,9252,6144,4294967296.0,107374182.4
Fat Tree,2354,549824364544.0,91.83960224816255,9252,6144,4294967296.0,107374182.4
Fat Tree,2355,549824364544.0,91.85041072200605,9252,6144,4294967296.0,107374182.4
Fat Tree,2356,549824364544.0,91.86121919584954,9252,6144,4294967296.0,107374182.4
Fat Tree,2357,549824364544.0,91.87202766969304,9252,6144,4294967296.0,107374182.4
Fat Tree,2358,549824364544.0,91.88283614353652,9252,6144,4294967296.0,107374182.4
Fat Tree,2359,549824364544.0,91.89364461738002,9252,6144,4294967296.0,107374182.4
Fat Tree,2360,549824364544.0,91.90445309122352,9252,6144,4294967296.0,107374182.4
Fat Tree,2361,549824364544.0,91.91526156506701,9252,6144,4294967296.0,107374182.4
Fat Tree,2362,549824364544.0,91.9260700389105,9252,6144,4294967296.0,107374182.4
Fat Tree,2363,549824364544.0,91.93687851275399,9252,6144,4294967296.0,107374182.4
Fat Tree,2364,549824364544.0,91.94768698659749,9252,6144,4294967296.0,107374182.4
Fat Tree,2365,549824364544.0,91.95849546044099,9252,6144,4294967296.0,107374182.4
Fat Tree,2366,549824364544.0,91.96930393428447,9252,6144,4294967296.0,107374182.4
Fat Tree,2367,549824364544.0,91.98011240812797,9252,6144,4294967296.0,107374182.4
Fat Tree,2368,549824364544.0,91.99092088197146,9252,6144,4294967296.0,107374182.4
Fat Tree,2369,549824364544.0,92.00172935581496,9252,6144,4294967296.0,107374182.4
Fat Tree,2370,549824364544.0,92.01253782965844,9252,6144,4294967296.0,107374182.4
Fat Tree,2371,549824364544.0,92.02334630350194,9252,6144,4294967296.0,107374182.4
Fat Tree,2372,549824364544.0,92.03415477734544,9252,6144,4294967296.0,107374182.4
Fat Tree,2373,549824364544.0,92.04496325118893,9252,6144,4294967296.0,107374182.4
Fat Tree,2374,549824364544.0,92.05577172503241,9252,6144,4294967296.0,107374182.4
Fat Tree,2375,549824364544.0,92.06658019887591,9252,6144,4294967296.0,107374182.4
Fat Tree,2376,549824364544.0,92.07738867271941,9252,6144,4294967296.0,107374182.4
Fat Tree,2377,549824364544.0,92.0881971465629,9252,6144,4294967296.0,107374182.4
Fat Tree,2378,549824364544.0,92.09900562040639,9252,6144,4294967296.0,107374182.4
Fat Tree,2379,549824364544.0,92.10981409424988,9252,6144,4294967296.0,107374182.4
Fat Tree,2380,549824364544.0,92.12062256809338,9252,6144,4294967296.0,107374182.4
Fat Tree,2381,549824364544.0,92.13143104193688,9252,6144,4294967296.0,107374182.4
Fat Tree,2382,549824364544.0,92.14223951578036,9252,6144,4294967296.0,107374182.4
Fat Tree,2383,549824364544.0,92.15304798962386,9252,6144,4294967296.0,107374182.4
Fat Tree,2384,549824364544.0,92.16385646346735,9252,6144,4294967296.0,107374182.4
Fat Tree,2385,549824364544.0,92.17466493731085,9252,6144,4294967296.0,107374182.4
Fat Tree,2386,549824364544.0,92.18547341115433,9252,6144,4294967296.0,107374182.4
Fat Tree,2387,549824364544.0,92.19628188499784,9252,6144,4294967296.0,107374182.4
Fat Tree,2388,549824364544.0,92.20709035884134,9252,6144,4294967296.0,107374182.4
Fat Tree,2389,549824364544.0,92.21789883268482,9252,6144,4294967296.0,107374182.4
Fat Tree,2390,549824364544.0,92.22870730652832,9252,6144,4294967296.0,107374182.4
Fat Tree,2391,549824364544.0,92.23951578037182,9252,6144,4294967296.0,107374182.4
Fat Tree,2392,549824364544.0,92.25032425421531,9252,6144,4294967296.0,107374182.4
Fat Tree,2393,549824364544.0,92.2611327280588,9252,6144,4294967296.0,107374182.4
Fat Tree,2394,549824364544.0,92.2719412019023,9252,6144,4294967296.0,107374182.4
Fat Tree,2395,549824364544.0,92.28274967574579,9252,6144,4294967296.0,107374182.4
Fat Tree,2396,549824364544.0,92.29355814958929,9252,6144,4294967296.0,107374182.4
Fat Tree,2397,549824364544.0,92.30436662343277,9252,6144,4294967296.0,107374182.4
Fat Tree,2398,549824364544.0,92.31517509727627,9252,6144,4294967296.0,107374182.4
Fat Tree,2399,549824364544.0,92.32598357111976,9252,6144,4294967296.0,107374182.4
Fat Tree,2400,549824364544.0,92.33679204496326,9252,6144,4294967296.0,107374182.4
Fat Tree,2401,549824364544.0,92.34760051880674,9252,6144,4294967296.0,107374182.4
Fat Tree,2402,549824364544.0,92.35840899265024,9252,6144,4294967296.0,107374182.4
Fat Tree,2403,549824364544.0,92.36921746649374,9252,6144,4294967296.0,107374182.4
Fat Tree,2404,549824364544.0,92.38002594033723,9252,6144,4294967296.0,107374182.4
Fat Tree,2405,549824364544.0,92.39083441418072,9252,6144,4294967296.0,107374182.4
Fat Tree,2406,549824364544.0,92.40164288802421,9252,6144,4294967296.0,107374182.4
Fat Tree,2407,549824364544.0,92.41245136186771,9252,6144,4294967296.0,107374182.4
Fat Tree,2408,549824364544.0,92.4232598357112,9252,6144,4294967296.0,107374182.4
Fat Tree,2409,549824364544.0,92.43406830955469,9252,6144,4294967296.0,107374182.4
Fat Tree,2410,549824364544.0,92.44487678339819,9252,6144,4294967296.0,107374182.4
Fat Tree,2411,549824364544.0,92.45568525724168,9252,6144,4294967296.0,107374182.4
Fat Tree,2412,549824364544.0,92.46649373108518,9252,6144,4294967296.0,107374182.4
Fat Tree,2413,549824364544.0,92.47730220492866,9252,6144,4294967296.0,107374182.4
Fat Tree,2414,549824364544.0,92.48811067877216,9252,6144,4294967296.0,107374182.4
Fat Tree,2415,549824364544.0,92.49891915261566,9252,6144,4294967296.0,107374182.4
Fat Tree,2416,549824364544.0,92.50972762645915,9252,6144,4294967296.0,107374182.4
Fat Tree,2417,549824364544.0,92.52053610030264,9252,6144,4294967296.0,107374182.4
Fat Tree,2418,549824364544.0,92.53134457414613,9252,6144,4294967296.0,107374182.4
Fat Tree,2419,549824364544.0,92.54215304798963,9252,6144,4294967296.0,107374182.4
Fat Tree,2420,549824364544.0,92.55296152183313,9252,6144,4294967296.0,107374182.4
Fat Tree,2421,549824364544.0,92.56376999567661,9252,6144,4294967296.0,107374182.4
Fat Tree,2422,549824364544.0,92.5745784695201,9252,6144,4294967296.0,107374182.4
Fat Tree,2423,549824364544.0,92.5853869433636,9252,6144,4294967296.0,107374182.4
Fat Tree,2424,549824364544.0,92.5961954172071,9252,6144,4294967296.0,107374182.4
Fat Tree,2425,549824364544.0,92.60700389105058,9252,6144,4294967296.0,107374182.4
Fat Tree,2426,549824364544.0,92.61781236489408,9252,6144,4294967296.0,107374182.4
Fat Tree,2427,549824364544.0,92.62862083873758,9252,6144,4294967296.0,107374182.4
Fat Tree,2428,549824364544.0,92.63942931258107,9252,6144,4294967296.0,107374182.4
Fat Tree,2429,549824364544.0,92.65023778642455,9252,6144,4294967296.0,107374182.4
Fat Tree,2430,549824364544.0,92.66104626026805,9252,6144,4294967296.0,107374182.4
Fat Tree,2431,549824364544.0,92.67185473411155,9252,6144,4294967296.0,107374182.4
Fat Tree,2432,549824364544.0,92.68266320795504,9252,6144,4294967296.0,107374182.4
Fat Tree,2433,549824364544.0,92.69347168179853,9252,6144,4294967296.0,107374182.4
Fat Tree,2434,549824364544.0,92.70428015564202,9252,6144,4294967296.0,107374182.4
Fat Tree,2435,549824364544.0,92.71508862948552,9252,6144,4294967296.0,107374182.4
Fat Tree,2436,549824364544.0,92.72589710332902,9252,6144,4294967296.0,107374182.4
Fat Tree,2437,549824364544.0,92.7367055771725,9252,6144,4294967296.0,107374182.4
Fat Tree,2438,549824364544.0,92.747514051016,9252,6144,4294967296.0,107374182.4
Fat Tree,2439,549824364544.0,92.7583225248595,9252,6144,4294967296.0,107374182.4
Fat Tree,2440,549824364544.0,92.76913099870299,9252,6144,4294967296.0,107374182.4
Fat Tree,2441,549824364544.0,92.77993947254647,9252,6144,4294967296.0,107374182.4
Fat Tree,2442,549824364544.0,92.79074794638997,9252,6144,4294967296.0,107374182.4
Fat Tree,2443,549824364544.0,92.80155642023347,9252,6144,4294967296.0,107374182.4
Fat Tree,2444,549824364544.0,92.81236489407696,9252,6144,4294967296.0,107374182.4
Fat Tree,2445,549824364544.0,92.82317336792045,9252,6144,4294967296.0,107374182.4
Fat Tree,2446,549824364544.0,92.83398184176394,9252,6144,4294967296.0,107374182.4
Fat Tree,2447,549824364544.0,92.84479031560744,9252,6144,4294967296.0,107374182.4
Fat Tree,2448,549824364544.0,92.85559878945094,9252,6144,4294967296.0,107374182.4
Fat Tree,2449,549824364544.0,92.86640726329442,9252,6144,4294967296.0,107374182.4
Fat Tree,2450,549824364544.0,92.87721573713792,9252,6144,4294967296.0,107374182.4
Fat Tree,2451,549824364544.0,92.88802421098141,9252,6144,4294967296.0,107374182.4
Fat Tree,2452,549824364544.0,92.89883268482491,9252,6144,4294967296.0,107374182.4
Fat Tree,2453,549824364544.0,92.90964115866839,9252,6144,4294967296.0,107374182.4
Fat Tree,2454,549824364544.0,92.92044963251189,9252,6144,4294967296.0,107374182.4
Fat Tree,2455,549824364544.0,92.93125810635539,9252,6144,4294967296.0,107374182.4
Fat Tree,2456,549824364544.0,92.94206658019888,9252,6144,4294967296.0,107374182.4
Fat Tree,2457,549824364544.0,92.95287505404237,9252,6144,4294967296.0,107374182.4
Fat Tree,2458,549824364544.0,92.96368352788586,9252,6144,4294967296.0,107374182.4
Fat Tree,2459,549824364544.0,92.97449200172936,9252,6144,4294967296.0,107374182.4
Fat Tree,2460,549824364544.0,92.98530047557286,9252,6144,4294967296.0,107374182.4
Fat Tree,2461,549824364544.0,92.99610894941634,9252,6144,4294967296.0,107374182.4
Fat Tree,2462,549824364544.0,93.00691742325984,9252,6144,4294967296.0,107374182.4
Fat Tree,2463,549824364544.0,93.01772589710333,9252,6144,4294967296.0,107374182.4
Fat Tree,2464,549824364544.0,93.02853437094683,9252,6144,4294967296.0,107374182.4
Fat Tree,2465,549824364544.0,93.03934284479031,9252,6144,4294967296.0,107374182.4
Fat Tree,2466,549824364544.0,93.05015131863381,9252,6144,4294967296.0,107374182.4
Fat Tree,2467,549824364544.0,93.0609597924773,9252,6144,4294967296.0,107374182.4
Fat Tree,2468,549824364544.0,93.0717682663208,9252,6144,4294967296.0,107374182.4
Fat Tree,2469,549824364544.0,93.08257674016428,9252,6144,4294967296.0,107374182.4
Fat Tree,2470,549824364544.0,93.09338521400778,9252,6144,4294967296.0,107374182.4
Fat Tree,2471,549824364544.0,93.10419368785128,9252,6144,4294967296.0,107374182.4
Fat Tree,2472,549824364544.0,93.11500216169478,9252,6144,4294967296.0,107374182.4
Fat Tree,2473,549824364544.0,93.12581063553826,9252,6144,4294967296.0,107374182.4
Fat Tree,2474,549824364544.0,93.13661910938175,9252,6144,4294967296.0,107374182.4
Fat Tree,2475,549824364544.0,93.14742758322525,9252,6144,4294967296.0,107374182.4
Fat Tree,2476,549824364544.0,93.15823605706875,9252,6144,4294967296.0,107374182.4
Fat Tree,2477,549824364544.0,93.16904453091223,9252,6144,4294967296.0,107374182.4
Fat Tree,2478,549824364544.0,93.17985300475573,9252,6144,4294967296.0,107374182.4
Fat Tree,2479,549824364544.0,93.19066147859922,9252,6144,4294967296.0,107374182.4
Fat Tree,2480,549824364544.0,93.20146995244272,9252,6144,4294967296.0,107374182.4
Fat Tree,2481,549824364544.0,93.2122784262862,9252,6144,4294967296.0,107374182.4
Fat Tree,2482,549824364544.0,93.2230869001297,9252,6144,4294967296.0,107374182.4
Fat Tree,2483,549824364544.0,93.2338953739732,9252,6144,4294967296.0,107374182.4
Fat Tree,2484,549824364544.0,93.2447038478167,9252,6144,4294967296.0,107374182.4
Fat Tree,2485,549824364544.0,93.25551232166018,9252,6144,4294967296.0,107374182.4
Fat Tree,2486,549824364544.0,93.26632079550367,9252,6144,4294967296.0,107374182.4
Fat Tree,2487,549824364544.0,93.27712926934717,9252,6144,4294967296.0,107374182.4
Fat Tree,2488,549824364544.0,93.28793774319067,9252,6144,4294967296.0,107374182.4
Fat Tree,2489,549824364544.0,93.29874621703415,9252,6144,4294967296.0,107374182.4
Fat Tree,2490,549824364544.0,93.30955469087765,9252,6144,4294967296.0,107374182.4
Fat Tree,2491,549824364544.0,93.32036316472114,9252,6144,4294967296.0,107374182.4
Fat Tree,2492,549824364544.0,93.33117163856464,9252,6144,4294967296.0,107374182.4
Fat Tree,2493,549824364544.0,93.34198011240812,9252,6144,4294967296.0,107374182.4
Fat Tree,2494,549824364544.0,93.35278858625162,9252,6144,4294967296.0,107374182.4
Fat Tree,2495,549824364544.0,93.36359706009512,9252,6144,4294967296.0,107374182.4
Fat Tree,2496,549824364544.0,93.37440553393861,9252,6144,4294967296.0,107374182.4
Fat Tree,2497,549824364544.0,93.3852140077821,9252,6144,4294967296.0,107374182.4
Fat Tree,2498,549824364544.0,93.3960224816256,9252,6144,4294967296.0,107374182.4
Fat Tree,2499,549824364544.0,93.40683095546909,9252,6144,4294967296.0,107374182.4
Fat Tree,2500,549824364544.0,93.41763942931259,9252,6144,4294967296.0,107374182.4
Fat Tree,2501,549824364544.0,93.42844790315607,9252,6144,4294967296.0,107374182.4
Fat Tree,2502,549824364544.0,93.43925637699957,9252,6144,4294967296.0,107374182.4
Fat Tree,2503,549824364544.0,93.45006485084306,9252,6144,4294967296.0,107374182.4
Fat Tree,2504,549824364544.0,93.46087332468656,9252,6144,4294967296.0,107374182.4
Fat Tree,2505,549824364544.0,93.47168179853004,9252,6144,4294967296.0,107374182.4
Fat Tree,2506,549824364544.0,93.48249027237354,9252,6144,4294967296.0,107374182.4
Fat Tree,2507,549824364544.0,93.49329874621704,9252,6144,4294967296.0,107374182.4
Fat Tree,2508,549824364544.0,93.50410722006053,9252,6144,4294967296.0,107374182.4
Fat Tree,2509,549824364544.0,93.51491569390402,9252,6144,4294967296.0,107374182.4
Fat Tree,2510,549824364544.0,93.52572416774751,9252,6144,4294967296.0,107374182.4
Fat Tree,2511,549824364544.0,93.53653264159101,9252,6144,4294967296.0,107374182.4
Fat Tree,2512,549824364544.0,93.5473411154345,9252,6144,4294967296.0,107374182.4
Fat Tree,2513,549824364544.0,93.55814958927799,9252,6144,4294967296.0,107374182.4
Fat Tree,2514,549824364544.0,93.56895806312149,9252,6144,4294967296.0,107374182.4
Fat Tree,2515,549824364544.0,93.57976653696498,9252,6144,4294967296.0,107374182.4
Fat Tree,2516,549824364544.0,93.59057501080848,9252,6144,4294967296.0,107374182.4
Fat Tree,2517,549824364544.0,93.60138348465196,9252,6144,4294967296.0,107374182.4
Fat Tree,2518,549824364544.0,93.61219195849546,9252,6144,4294967296.0,107374182.4
Fat Tree,2519,549824364544.0,93.62300043233896,9252,6144,4294967296.0,107374182.4
Fat Tree,2520,549824364544.0,93.63380890618245,9252,6144,4294967296.0,107374182.4
Fat Tree,2521,549824364544.0,93.64461738002593,9252,6144,4294967296.0,107374182.4
Fat Tree,2522,549824364544.0,93.65542585386943,9252,6144,4294967296.0,107374182.4
Fat Tree,2523,549824364544.0,93.66623432771293,9252,6144,4294967296.0,107374182.4
Fat Tree,2524,549824364544.0,93.67704280155642,9252,6144,4294967296.0,107374182.4
Fat Tree,2525,549824364544.0,93.68785127539991,9252,6144,4294967296.0,107374182.4
Fat Tree,2526,549824364544.0,93.6986597492434,9252,6144,4294967296.0,107374182.4
Fat Tree,2527,549824364544.0,93.7094682230869,9252,6144,4294967296.0,107374182.4
Fat Tree,2528,549824364544.0,93.7202766969304,9252,6144,4294967296.0,107374182.4
Fat Tree,2529,549824364544.0,93.73108517077388,9252,6144,4294967296.0,107374182.4
Fat Tree,2530,549824364544.0,93.74189364461738,9252,6144,4294967296.0,107374182.4
Fat Tree,2531,549824364544.0,93.75270211846087,9252,6144,4294967296.0,107374182.4
Fat Tree,2532,549824364544.0,93.76351059230437,9252,6144,4294967296.0,107374182.4
Fat Tree,2533,549824364544.0,93.77431906614785,9252,6144,4294967296.0,107374182.4
Fat Tree,2534,549824364544.0,93.78512753999135,9252,6144,4294967296.0,107374182.4
Fat Tree,2535,549824364544.0,93.79593601383485,9252,6144,4294967296.0,107374182.4
Fat Tree,2536,549824364544.0,93.80674448767834,9252,6144,4294967296.0,107374182.4
Fat Tree,2537,549824364544.0,93.81755296152183,9252,6144,4294967296.0,107374182.4
Fat Tree,2538,549824364544.0,93.82836143536532,9252,6144,4294967296.0,107374182.4
Fat Tree,2539,549824364544.0,93.83916990920882,9252,6144,4294967296.0,107374182.4
Fat Tree,2540,549824364544.0,93.84997838305232,9252,6144,4294967296.0,107374182.4
Fat Tree,2541,549824364544.0,93.8607868568958,9252,6144,4294967296.0,107374182.4
Fat Tree,2542,549824364544.0,93.8715953307393,9252,6144,4294967296.0,107374182.4
Fat Tree,2543,549824364544.0,93.8824038045828,9252,6144,4294967296.0,107374182.4
Fat Tree,2544,549824364544.0,93.89321227842629,9252,6144,4294967296.0,107374182.4
Fat Tree,2545,549824364544.0,93.90402075226977,9252,6144,4294967296.0,107374182.4
Fat Tree,2546,549824364544.0,93.91482922611327,9252,6144,4294967296.0,107374182.4
Fat Tree,2547,549824364544.0,93.92563769995677,9252,6144,4294967296.0,107374182.4
Fat Tree,2548,549824364544.0,93.93644617380026,9252,6144,4294967296.0,107374182.4
Fat Tree,2549,549824364544.0,93.94725464764375,9252,6144,4294967296.0,107374182.4
Fat Tree,2550,549824364544.0,93.95806312148724,9252,6144,4294967296.0,107374182.4
Fat Tree,2551,549824364544.0,93.96887159533074,9252,6144,4294967296.0,107374182.4
Fat Tree,2552,549824364544.0,93.97968006917424,9252,6144,4294967296.0,107374182.4
Fat Tree,2553,549824364544.0,93.99048854301772,9252,6144,4294967296.0,107374182.4
Fat Tree,2554,549824364544.0,94.00129701686122,9252,6144,4294967296.0,107374182.4
Fat Tree,2555,549824364544.0,94.01210549070471,9252,6144,4294967296.0,107374182.4
Fat Tree,2556,549824364544.0,94.02291396454821,9252,6144,4294967296.0,107374182.4
Fat Tree,2557,549824364544.0,94.03372243839169,9252,6144,4294967296.0,107374182.4
Fat Tree,2558,549824364544.0,94.04453091223519,9252,6144,4294967296.0,107374182.4
Fat Tree,2559,549824364544.0,94.05533938607869,9252,6144,4294967296.0,107374182.4
Fat Tree,2560,549824364544.0,94.06614785992218,9252,6144,4294967296.0,107374182.4
Fat Tree,2561,549824364544.0,94.07695633376566,9252,6144,4294967296.0,107374182.4
Fat Tree,2562,549824364544.0,94.08776480760916,9252,6144,4294967296.0,107374182.4
Fat Tree,2563,549824364544.0,94.09857328145266,9252,6144,4294967296.0,107374182.4
Fat Tree,2564,549824364544.0,94.10938175529616,9252,6144,4294967296.0,107374182.4
Fat Tree,2565,549824364544.0,94.12019022913964,9252,6144,4294967296.0,107374182.4
Fat Tree,2566,549824364544.0,94.13099870298313,9252,6144,4294967296.0,107374182.4
Fat Tree,2567,549824364544.0,94.14180717682663,9252,6144,4294967296.0,107374182.4
Fat Tree,2568,549824364544.0,94.15261565067013,9252,6144,4294967296.0,107374182.4
Fat Tree,2569,549824364544.0,94.16342412451361,9252,6144,4294967296.0,107374182.4
Fat Tree,2570,549824364544.0,94.17423259835711,9252,6144,4294967296.0,107374182.4
Fat Tree,2571,549824364544.0,94.1850410722006,9252,6144,4294967296.0,107374182.4
Fat Tree,2572,549824364544.0,94.1958495460441,9252,6144,4294967296.0,107374182.4
Fat Tree,2573,549824364544.0,94.20665801988758,9252,6144,4294967296.0,107374182.4
Fat Tree,2574,549824364544.0,94.21746649373108,9252,6144,4294967296.0,107374182.4
Fat Tree,2575,549824364544.0,94.22827496757458,9252,6144,4294967296.0,107374182.4
Fat Tree,2576,549824364544.0,94.23908344141807,9252,6144,4294967296.0,107374182.4
Fat Tree,2577,549824364544.0,94.24989191526156,9252,6144,4294967296.0,107374182.4
Fat Tree,2578,549824364544.0,94.26070038910505,9252,6144,4294967296.0,107374182.4
Fat Tree,2579,549824364544.0,94.27150886294855,9252,6144,4294967296.0,107374182.4
Fat Tree,2580,549824364544.0,94.28231733679205,9252,6144,4294967296.0,107374182.4
Fat Tree,2581,549824364544.0,94.29312581063553,9252,6144,4294967296.0,107374182.4
Fat Tree,2582,549824364544.0,94.30393428447903,9252,6144,4294967296.0,107374182.4
Fat Tree,2583,549824364544.0,94.31474275832252,9252,6144,4294967296.0,107374182.4
Fat Tree,2584,549824364544.0,94.32555123216602,9252,6144,4294967296.0,107374182.4
Fat Tree,2585,549824364544.0,94.3363597060095,9252,6144,4294967296.0,107374182.4
Fat Tree,2586,549824364544.0,94.347168179853,9252,6144,4294967296.0,107374182.4
Fat Tree,2587,549824364544.0,94.3579766536965,9252,6144,4294967296.0,107374182.4
Fat Tree,2588,549824364544.0,94.36878512754,9252,6144,4294967296.0,107374182.4
Fat Tree,2589,549824364544.0,94.37959360138348,9252,6144,4294967296.0,107374182.4
Fat Tree,2590,549824364544.0,94.39040207522697,9252,6144,4294967296.0,107374182.4
Fat Tree,2591,549824364544.0,94.40121054907047,9252,6144,4294967296.0,107374182.4
Fat Tree,2592,549824364544.0,94.41201902291397,9252,6144,4294967296.0,107374182.4
Fat Tree,2593,549824364544.0,94.42282749675745,9252,6144,4294967296.0,107374182.4
Fat Tree,2594,549824364544.0,94.43363597060095,9252,6144,4294967296.0,107374182.4
Fat Tree,2595,549824364544.0,94.44444444444444,9252,6144,4294967296.0,107374182.4
Fat Tree,2596,549824364544.0,94.45525291828794,9252,6144,4294967296.0,107374182.4
Fat Tree,2597,549824364544.0,94.46606139213142,9252,6144,4294967296.0,107374182.4
Fat Tree,2598,549824364544.0,94.47686986597492,9252,6144,4294967296.0,107374182.4
Fat Tree,2599,549824364544.0,94.48767833981842,9252,6144,4294967296.0,107374182.4
Fat Tree,2600,549824364544.0,94.49848681366191,9252,6144,4294967296.0,107374182.4
Fat Tree,2601,549824364544.0,94.5092952875054,9252,6144,4294967296.0,107374182.4
Fat Tree,2602,549824364544.0,94.52010376134889,9252,6144,4294967296.0,107374182.4
Fat Tree,2603,549824364544.0,94.53091223519239,9252,6144,4294967296.0,107374182.4
Fat Tree,2604,549824364544.0,94.54172070903589,9252,6144,4294967296.0,107374182.4
Fat Tree,2605,549824364544.0,94.55252918287937,9252,6144,4294967296.0,107374182.4
Fat Tree,2606,549824364544.0,94.56333765672287,9252,6144,4294967296.0,107374182.4
Fat Tree,2607,549824364544.0,94.57414613056636,9252,6144,4294967296.0,107374182.4
Fat Tree,2608,549824364544.0,94.58495460440986,9252,6144,4294967296.0,107374182.4
Fat Tree,2609,549824364544.0,94.59576307825334,9252,6144,4294967296.0,107374182.4
Fat Tree,2610,549824364544.0,94.60657155209684,9252,6144,4294967296.0,107374182.4
Fat Tree,2611,549824364544.0,94.61738002594034,9252,6144,4294967296.0,107374182.4
Fat Tree,2612,549824364544.0,94.62818849978383,9252,6144,4294967296.0,107374182.4
Fat Tree,2613,549824364544.0,94.63899697362731,9252,6144,4294967296.0,107374182.4
Fat Tree,2614,549824364544.0,94.64980544747081,9252,6144,4294967296.0,107374182.4
Fat Tree,2615,549824364544.0,94.66061392131431,9252,6144,4294967296.0,107374182.4
Fat Tree,2616,549824364544.0,94.6714223951578,9252,6144,4294967296.0,107374182.4
Fat Tree,2617,549824364544.0,94.68223086900129,9252,6144,4294967296.0,107374182.4
Fat Tree,2618,549824364544.0,94.69303934284478,9252,6144,4294967296.0,107374182.4
Fat Tree,2619,549824364544.0,94.70384781668828,9252,6144,4294967296.0,107374182.4
Fat Tree,2620,549824364544.0,94.71465629053178,9252,6144,4294967296.0,107374182.4
Fat Tree,2621,549824364544.0,94.72546476437526,9252,6144,4294967296.0,107374182.4
Fat Tree,2622,549824364544.0,94.73627323821876,9252,6144,4294967296.0,107374182.4
Fat Tree,2623,549824364544.0,94.74708171206225,9252,6144,4294967296.0,107374182.4
Fat Tree,2624,549824364544.0,94.75789018590575,9252,6144,4294967296.0,107374182.4
Fat Tree,2625,549824364544.0,94.76869865974923,9252,6144,4294967296.0,107374182.4
Fat Tree,2626,549824364544.0,94.77950713359273,9252,6144,4294967296.0,107374182.4
Fat Tree,2627,549824364544.0,94.79031560743623,9252,6144,4294967296.0,107374182.4
Fat Tree,2628,549824364544.0,94.80112408127972,9252,6144,4294967296.0,107374182.4
Fat Tree,2629,549824364544.0,94.8119325551232,9252,6144,4294967296.0,107374182.4
Fat Tree,2630,549824364544.0,94.8227410289667,9252,6144,4294967296.0,107374182.4
Fat Tree,2631,549824364544.0,94.8335495028102,9252,6144,4294967296.0,107374182.4
Fat Tree,2632,549824364544.0,94.8443579766537,9252,6144,4294967296.0,107374182.4
Fat Tree,2633,549824364544.0,94.85516645049718,9252,6144,4294967296.0,107374182.4
Fat Tree,2634,549824364544.0,94.86597492434068,9252,6144,4294967296.0,107374182.4
Fat Tree,2635,549824364544.0,94.87678339818417,9252,6144,4294967296.0,107374182.4
Fat Tree,2636,549824364544.0,94.88759187202767,9252,6144,4294967296.0,107374182.4
Fat Tree,2637,549824364544.0,94.89840034587115,9252,6144,4294967296.0,107374182.4
Fat Tree,2638,549824364544.0,94.90920881971465,9252,6144,4294967296.0,107374182.4
Fat Tree,2639,549824364544.0,94.92001729355815,9252,6144,4294967296.0,107374182.4
Fat Tree,2640,549824364544.0,94.93082576740164,9252,6144,4294967296.0,107374182.4
Fat Tree,2641,549824364544.0,94.94163424124513,9252,6144,4294967296.0,107374182.4
Fat Tree,2642,549824364544.0,94.95244271508862,9252,6144,4294967296.0,107374182.4
Fat Tree,2643,549824364544.0,94.96325118893212,9252,6144,4294967296.0,107374182.4
Fat Tree,2644,549824364544.0,94.97405966277562,9252,6144,4294967296.0,107374182.4
Fat Tree,2645,549824364544.0,94.9848681366191,9252,6144,4294967296.0,107374182.4
Fat Tree,2646,549824364544.0,94.9956766104626,9252,6144,4294967296.0,107374182.4
Fat Tree,2647,549824364544.0,95.00648508430609,9252,6144,4294967296.0,107374182.4
Fat Tree,2648,549824364544.0,95.01729355814959,9252,6144,4294967296.0,107374182.4
Fat Tree,2649,549824364544.0,95.02810203199307,9252,6144,4294967296.0,107374182.4
Fat Tree,2650,549824364544.0,95.03891050583657,9252,6144,4294967296.0,107374182.4
Fat Tree,2651,549824364544.0,95.04971897968007,9252,6144,4294967296.0,107374182.4
Fat Tree,2652,549824364544.0,95.06052745352356,9252,6144,4294967296.0,107374182.4
Fat Tree,2653,549824364544.0,95.07133592736704,9252,6144,4294967296.0,107374182.4
Fat Tree,2654,549824364544.0,95.08214440121054,9252,6144,4294967296.0,107374182.4
Fat Tree,2655,549824364544.0,95.09295287505404,9252,6144,4294967296.0,107374182.4
Fat Tree,2656,549824364544.0,95.10376134889754,9252,6144,4294967296.0,107374182.4
Fat Tree,2657,549824364544.0,95.11456982274102,9252,6144,4294967296.0,107374182.4
Fat Tree,2658,549824364544.0,95.12537829658451,9252,6144,4294967296.0,107374182.4
Fat Tree,2659,549824364544.0,95.13618677042801,9252,6144,4294967296.0,107374182.4
Fat Tree,2660,549824364544.0,95.14699524427151,9252,6144,4294967296.0,107374182.4
Fat Tree,2661,549824364544.0,95.15780371811499,9252,6144,4294967296.0,107374182.4
Fat Tree,2662,549824364544.0,95.16861219195849,9252,6144,4294967296.0,107374182.4
Fat Tree,2663,549824364544.0,95.17942066580198,9252,6144,4294967296.0,107374182.4
Fat Tree,2664,549824364544.0,95.19022913964548,9252,6144,4294967296.0,107374182.4
Fat Tree,2665,549824364544.0,95.20103761348896,9252,6144,4294967296.0,107374182.4
Fat Tree,2666,549824364544.0,95.21184608733246,9252,6144,4294967296.0,107374182.4
Fat Tree,2667,549824364544.0,95.22265456117596,9252,6144,4294967296.0,107374182.4
Fat Tree,2668,549824364544.0,95.23346303501945,9252,6144,4294967296.0,107374182.4
Fat Tree,2669,549824364544.0,95.24427150886294,9252,6144,4294967296.0,107374182.4
Fat Tree,2670,549824364544.0,95.25507998270643,9252,6144,4294967296.0,107374182.4
Fat Tree,2671,549824364544.0,95.26588845654993,9252,6144,4294967296.0,107374182.4
Fat Tree,2672,549824364544.0,95.27669693039343,9252,6144,4294967296.0,107374182.4
Fat Tree,2673,549824364544.0,95.28750540423691,9252,6144,4294967296.0,107374182.4
Fat Tree,2674,549824364544.0,95.2983138780804,9252,6144,4294967296.0,107374182.4
Fat Tree,2675,549824364544.0,95.3091223519239,9252,6144,4294967296.0,107374182.4
Fat Tree,2676,549824364544.0,95.3199308257674,9252,6144,4294967296.0,107374182.4
Fat Tree,2677,549824364544.0,95.3307392996109,9252,6144,4294967296.0,107374182.4
Fat Tree,2678,549824364544.0,95.3415477734544,9252,6144,4294967296.0,107374182.4
Fat Tree,2679,549824364544.0,95.35235624729789,9252,6144,4294967296.0,107374182.4
Fat Tree,2680,549824364544.0,95.36316472114137,9252,6144,4294967296.0,107374182.4
Fat Tree,2681,549824364544.0,95.37397319498487,9252,6144,4294967296.0,107374182.4
Fat Tree,2682,549824364544.0,95.38478166882837,9252,6144,4294967296.0,107374182.4
Fat Tree,2683,549824364544.0,95.39559014267186,9252,6144,4294967296.0,107374182.4
Fat Tree,2684,549824364544.0,95.40639861651535,9252,6144,4294967296.0,107374182.4
Fat Tree,2685,549824364544.0,95.41720709035884,9252,6144,4294967296.0,107374182.4
Fat Tree,2686,549824364544.0,95.42801556420234,9252,6144,4294967296.0,107374182.4
Fat Tree,2687,549824364544.0,95.43882403804584,9252,6144,4294967296.0,107374182.4
Fat Tree,2688,549824364544.0,95.44963251188932,9252,6144,4294967296.0,107374182.4
Fat Tree,2689,549824364544.0,95.46044098573282,9252,6144,4294967296.0,107374182.4
Fat Tree,2690,549824364544.0,95.47124945957631,9252,6144,4294967296.0,107374182.4
Fat Tree,2691,549824364544.0,95.48205793341981,9252,6144,4294967296.0,107374182.4
Fat Tree,2692,549824364544.0,95.49286640726329,9252,6144,4294967296.0,107374182.4
Fat Tree,2693,549824364544.0,95.50367488110679,9252,6144,4294967296.0,107374182.4
Fat Tree,2694,549824364544.0,95.51448335495029,9252,6144,4294967296.0,107374182.4
Fat Tree,2695,549824364544.0,95.52529182879378,9252,6144,4294967296.0,107374182.4
Fat Tree,2696,549824364544.0,95.53610030263727,9252,6144,4294967296.0,107374182.4
Fat Tree,2697,549824364544.0,95.54690877648076,9252,6144,4294967296.0,107374182.4
Fat Tree,2698,549824364544.0,95.55771725032426,9252,6144,4294967296.0,107374182.4
Fat Tree,2699,549824364544.0,95.56852572416776,9252,6144,4294967296.0,107374182.4
Fat Tree,2700,549824364544.0,95.57933419801124,9252,6144,4294967296.0,107374182.4
Fat Tree,2701,549824364544.0,95.59014267185474,9252,6144,4294967296.0,107374182.4
Fat Tree,2702,549824364544.0,95.60095114569823,9252,6144,4294967296.0,107374182.4
Fat Tree,2703,549824364544.0,95.61175961954173,9252,6144,4294967296.0,107374182.4
Fat Tree,2704,549824364544.0,95.62256809338521,9252,6144,4294967296.0,107374182.4
Fat Tree,2705,549824364544.0,95.63337656722871,9252,6144,4294967296.0,107374182.4
Fat Tree,2706,549824364544.0,95.6441850410722,9252,6144,4294967296.0,107374182.4
Fat Tree,2707,549824364544.0,95.6549935149157,9252,6144,4294967296.0,107374182.4
Fat Tree,2708,549824364544.0,95.66580198875918,9252,6144,4294967296.0,107374182.4
Fat Tree,2709,549824364544.0,95.67661046260268,9252,6144,4294967296.0,107374182.4
Fat Tree,2710,549824364544.0,95.68741893644618,9252,6144,4294967296.0,107374182.4
Fat Tree,2711,549824364544.0,95.69822741028968,9252,6144,4294967296.0,107374182.4
Fat Tree,2712,549824364544.0,95.70903588413316,9252,6144,4294967296.0,107374182.4
Fat Tree,2713,549824364544.0,95.71984435797665,9252,6144,4294967296.0,107374182.4
Fat Tree,2714,549824364544.0,95.73065283182015,9252,6144,4294967296.0,107374182.4
Fat Tree,2715,549824364544.0,95.74146130566365,9252,6144,4294967296.0,107374182.4
Fat Tree,2716,549824364544.0,95.75226977950713,9252,6144,4294967296.0,107374182.4
Fat Tree,2717,549824364544.0,95.76307825335063,9252,6144,4294967296.0,107374182.4
Fat Tree,2718,549824364544.0,95.77388672719412,9252,6144,4294967296.0,107374182.4
Fat Tree,2719,549824364544.0,95.78469520103762,9252,6144,4294967296.0,107374182.4
Fat Tree,2720,549824364544.0,95.7955036748811,9252,6144,4294967296.0,107374182.4
Fat Tree,2721,549824364544.0,95.8063121487246,9252,6144,4294967296.0,107374182.4
Fat Tree,2722,549824364544.0,95.8171206225681,9252,6144,4294967296.0,107374182.4
Fat Tree,2723,549824364544.0,95.8279290964116,9252,6144,4294967296.0,107374182.4
Fat Tree,2724,549824364544.0,95.83873757025508,9252,6144,4294967296.0,107374182.4
Fat Tree,2725,549824364544.0,95.84954604409857,9252,6144,4294967296.0,107374182.4
Fat Tree,2726,549824364544.0,95.86035451794207,9252,6144,4294967296.0,107374182.4
Fat Tree,2727,549824364544.0,95.87116299178557,9252,6144,4294967296.0,107374182.4
Fat Tree,2728,549824364544.0,95.88197146562905,9252,6144,4294967296.0,107374182.4
Fat Tree,2729,549824364544.0,95.89277993947255,9252,6144,4294967296.0,107374182.4
Fat Tree,2730,549824364544.0,95.90358841331604,9252,6144,4294967296.0,107374182.4
Fat Tree,2731,549824364544.0,95.91439688715954,9252,6144,4294967296.0,107374182.4
Fat Tree,2732,549824364544.0,95.92520536100302,9252,6144,4294967296.0,107374182.4
Fat Tree,2733,549824364544.0,95.93601383484652,9252,6144,4294967296.0,107374182.4
Fat Tree,2734,549824364544.0,95.94682230869002,9252,6144,4294967296.0,107374182.4
Fat Tree,2735,549824364544.0,95.95763078253351,9252,6144,4294967296.0,107374182.4
Fat Tree,2736,549824364544.0,95.968439256377,9252,6144,4294967296.0,107374182.4
Fat Tree,2737,549824364544.0,95.9792477302205,9252,6144,4294967296.0,107374182.4
Fat Tree,2738,549824364544.0,95.99005620406399,9252,6144,4294967296.0,107374182.4
Fat Tree,2739,549824364544.0,96.00086467790749,9252,6144,4294967296.0,107374182.4
Fat Tree,2740,549824364544.0,96.01167315175097,9252,6144,4294967296.0,107374182.4
Fat Tree,2741,549824364544.0,96.02248162559447,9252,6144,4294967296.0,107374182.4
Fat Tree,2742,549824364544.0,96.03329009943796,9252,6144,4294967296.0,107374182.4
Fat Tree,2743,549824364544.0,96.04409857328146,9252,6144,4294967296.0,107374182.4
Fat Tree,2744,549824364544.0,96.05490704712494,9252,6144,4294967296.0,107374182.4
Fat Tree,2745,549824364544.0,96.06571552096844,9252,6144,4294967296.0,107374182.4
Fat Tree,2746,549824364544.0,96.07652399481194,9252,6144,4294967296.0,107374182.4
Fat Tree,2747,549824364544.0,96.08733246865543,9252,6144,4294967296.0,107374182.4
Fat Tree,2748,549824364544.0,96.09814094249892,9252,6144,4294967296.0,107374182.4
Fat Tree,2749,549824364544.0,96.10894941634241,9252,6144,4294967296.0,107374182.4
Fat Tree,2750,549824364544.0,96.11975789018591,9252,6144,4294967296.0,107374182.4
Fat Tree,2751,549824364544.0,96.1305663640294,9252,6144,4294967296.0,107374182.4
Fat Tree,2752,549824364544.0,96.14137483787289,9252,6144,4294967296.0,107374182.4
Fat Tree,2753,549824364544.0,96.15218331171639,9252,6144,4294967296.0,107374182.4
Fat Tree,2754,549824364544.0,96.16299178555988,9252,6144,4294967296.0,107374182.4
Fat Tree,2755,549824364544.0,96.17380025940338,9252,6144,4294967296.0,107374182.4
Fat Tree,2756,549824364544.0,96.18460873324686,9252,6144,4294967296.0,107374182.4
Fat Tree,2757,549824364544.0,96.19541720709036,9252,6144,4294967296.0,107374182.4
Fat Tree,2758,549824364544.0,96.20622568093385,9252,6144,4294967296.0,107374182.4
Fat Tree,2759,549824364544.0,96.21703415477735,9252,6144,4294967296.0,107374182.4
Fat Tree,2760,549824364544.0,96.22784262862083,9252,6144,4294967296.0,107374182.4
Fat Tree,2761,549824364544.0,96.23865110246433,9252,6144,4294967296.0,107374182.4
Fat Tree,2762,549824364544.0,96.24945957630783,9252,6144,4294967296.0,107374182.4
Fat Tree,2763,549824364544.0,96.26026805015132,9252,6144,4294967296.0,107374182.4
Fat Tree,2764,549824364544.0,96.27107652399481,9252,6144,4294967296.0,107374182.4
Fat Tree,2765,549824364544.0,96.2818849978383,9252,6144,4294967296.0,107374182.4
Fat Tree,2766,549824364544.0,96.2926934716818,9252,6144,4294967296.0,107374182.4
Fat Tree,2767,549824364544.0,96.3035019455253,9252,6144,4294967296.0,107374182.4
Fat Tree,2768,549824364544.0,96.31431041936878,9252,6144,4294967296.0,107374182.4
Fat Tree,2769,549824364544.0,96.32511889321228,9252,6144,4294967296.0,107374182.4
Fat Tree,2770,549824364544.0,96.33592736705577,9252,6144,4294967296.0,107374182.4
Fat Tree,2771,549824364544.0,96.34673584089927,9252,6144,4294967296.0,107374182.4
Fat Tree,2772,549824364544.0,96.35754431474275,9252,6144,4294967296.0,107374182.4
Fat Tree,2773,549824364544.0,96.36835278858625,9252,6144,4294967296.0,107374182.4
Fat Tree,2774,549824364544.0,96.37916126242975,9252,6144,4294967296.0,107374182.4
Fat Tree,2775,549824364544.0,96.38996973627324,9252,6144,4294967296.0,107374182.4
Fat Tree,2776,549824364544.0,96.40077821011673,9252,6144,4294967296.0,107374182.4
Fat Tree,2777,549824364544.0,96.41158668396022,9252,6144,4294967296.0,107374182.4
Fat Tree,2778,549824364544.0,96.42239515780372,9252,6144,4294967296.0,107374182.4
Fat Tree,2779,549824364544.0,96.43320363164722,9252,6144,4294967296.0,107374182.4
Fat Tree,2780,549824364544.0,96.4440121054907,9252,6144,4294967296.0,107374182.4
Fat Tree,2781,549824364544.0,96.4548205793342,9252,6144,4294967296.0,107374182.4
Fat Tree,2782,549824364544.0,96.4656290531777,9252,6144,4294967296.0,107374182.4
Fat Tree,2783,549824364544.0,96.47643752702119,9252,6144,4294967296.0,107374182.4
Fat Tree,2784,549824364544.0,96.48724600086467,9252,6144,4294967296.0,107374182.4
Fat Tree,2785,549824364544.0,96.49805447470817,9252,6144,4294967296.0,107374182.4
Fat Tree,2786,549824364544.0,96.50886294855167,9252,6144,4294967296.0,107374182.4
Fat Tree,2787,549824364544.0,96.51967142239516,9252,6144,4294967296.0,107374182.4
Fat Tree,2788,549824364544.0,96.53047989623865,9252,6144,4294967296.0,107374182.4
Fat Tree,2789,549824364544.0,96.54128837008214,9252,6144,4294967296.0,107374182.4
Fat Tree,2790,549824364544.0,96.55209684392564,9252,6144,4294967296.0,107374182.4
Fat Tree,2791,549824364544.0,96.56290531776914,9252,6144,4294967296.0,107374182.4
Fat Tree,2792,549824364544.0,96.57371379161262,9252,6144,4294967296.0,107374182.4
Fat Tree,2793,549824364544.0,96.58452226545612,9252,6144,4294967296.0,107374182.4
Fat Tree,2794,549824364544.0,96.59533073929961,9252,6144,4294967296.0,107374182.4
Fat Tree,2795,549824364544.0,96.60613921314311,9252,6144,4294967296.0,107374182.4
Fat Tree,2796,549824364544.0,96.61694768698659,9252,6144,4294967296.0,107374182.4
Fat Tree,2797,549824364544.0,96.62775616083009,9252,6144,4294967296.0,107374182.4
Fat Tree,2798,549824364544.0,96.63856463467359,9252,6144,4294967296.0,107374182.4
Fat Tree,2799,549824364544.0,96.64937310851708,9252,6144,4294967296.0,107374182.4
Fat Tree,2800,549824364544.0,96.66018158236056,9252,6144,4294967296.0,107374182.4
Fat Tree,2801,549824364544.0,96.67099005620406,9252,6144,4294967296.0,107374182.4
Fat Tree,2802,549824364544.0,96.68179853004756,9252,6144,4294967296.0,107374182.4
Fat Tree,2803,549824364544.0,96.69260700389106,9252,6144,4294967296.0,107374182.4
Fat Tree,2804,549824364544.0,96.70341547773454,9252,6144,4294967296.0,107374182.4
Fat Tree,2805,549824364544.0,96.71422395157803,9252,6144,4294967296.0,107374182.4
Fat Tree,2806,549824364544.0,96.72503242542153,9252,6144,4294967296.0,107374182.4
Fat Tree,2807,549824364544.0,96.73584089926503,9252,6144,4294967296.0,107374182.4
Fat Tree,2808,549824364544.0,96.74664937310851,9252,6144,4294967296.0,107374182.4
Fat Tree,2809,549824364544.0,96.75745784695201,9252,6144,4294967296.0,107374182.4
Fat Tree,2810,549824364544.0,96.7682663207955,9252,6144,4294967296.0,107374182.4
Fat Tree,2811,549824364544.0,96.779074794639,9252,6144,4294967296.0,107374182.4
Fat Tree,2812,549824364544.0,96.78988326848248,9252,6144,4294967296.0,107374182.4
Fat Tree,2813,549824364544.0,96.80069174232598,9252,6144,4294967296.0,107374182.4
Fat Tree,2814,549824364544.0,96.81150021616948,9252,6144,4294967296.0,107374182.4
Fat Tree,2815,549824364544.0,96.82230869001297,9252,6144,4294967296.0,107374182.4
Fat Tree,2816,549824364544.0,96.83311716385646,9252,6144,4294967296.0,107374182.4
Fat Tree,2817,549824364544.0,96.84392563769995,9252,6144,4294967296.0,107374182.4
Fat Tree,2818,549824364544.0,96.85473411154345,9252,6144,4294967296.0,107374182.4
Fat Tree,2819,549824364544.0,96.86554258538695,9252,6144,4294967296.0,107374182.4
Fat Tree,2820,549824364544.0,96.87635105923043,9252,6144,4294967296.0,107374182.4
Fat Tree,2821,549824364544.0,96.88715953307393,9252,6144,4294967296.0,107374182.4
Fat Tree,2822,549824364544.0,96.89796800691742,9252,6144,4294967296.0,107374182.4
Fat Tree,2823,549824364544.0,96.90877648076092,9252,6144,4294967296.0,107374182.4
Fat Tree,2824,549824364544.0,96.9195849546044,9252,6144,4294967296.0,107374182.4
Fat Tree,2825,549824364544.0,96.9303934284479,9252,6144,4294967296.0,107374182.4
Fat Tree,2826,549824364544.0,96.9412019022914,9252,6144,4294967296.0,107374182.4
Fat Tree,2827,549824364544.0,96.9520103761349,9252,6144,4294967296.0,107374182.4
Fat Tree,2828,549824364544.0,96.96281884997838,9252,6144,4294967296.0,107374182.4
Fat Tree,2829,549824364544.0,96.97362732382187,9252,6144,4294967296.0,107374182.4
Fat Tree,2830,549824364544.0,96.98443579766537,9252,6144,4294967296.0,107374182.4
Fat Tree,2831,549824364544.0,96.99524427150887,9252,6144,4294967296.0,107374182.4
Fat Tree,2832,549824364544.0,97.00605274535235,9252,6144,4294967296.0,107374182.4
Fat Tree,2833,549824364544.0,97.01686121919585,9252,6144,4294967296.0,107374182.4
Fat Tree,2834,549824364544.0,97.02766969303934,9252,6144,4294967296.0,107374182.4
Fat Tree,2835,549824364544.0,97.03847816688284,9252,6144,4294967296.0,107374182.4
Fat Tree,2836,549824364544.0,97.04928664072632,9252,6144,4294967296.0,107374182.4
Fat Tree,2837,549824364544.0,97.06009511456982,9252,6144,4294967296.0,107374182.4
Fat Tree,2838,549824364544.0,97.07090358841332,9252,6144,4294967296.0,107374182.4
Fat Tree,2839,549824364544.0,97.08171206225681,9252,6144,4294967296.0,107374182.4
Fat Tree,2840,549824364544.0,97.0925205361003,9252,6144,4294967296.0,107374182.4
Fat Tree,2841,549824364544.0,97.10332900994379,9252,6144,4294967296.0,107374182.4
Fat Tree,2842,549824364544.0,97.11413748378729,9252,6144,4294967296.0,107374182.4
Fat Tree,2843,549824364544.0,97.12494595763079,9252,6144,4294967296.0,107374182.4
Fat Tree,2844,549824364544.0,97.13575443147427,9252,6144,4294967296.0,107374182.4
Fat Tree,2845,549824364544.0,97.14656290531777,9252,6144,4294967296.0,107374182.4
Fat Tree,2846,549824364544.0,97.15737137916126,9252,6144,4294967296.0,107374182.4
Fat Tree,2847,549824364544.0,97.16817985300476,9252,6144,4294967296.0,107374182.4
Fat Tree,2848,549824364544.0,97.17898832684824,9252,6144,4294967296.0,107374182.4
Fat Tree,2849,549824364544.0,97.18979680069174,9252,6144,4294967296.0,107374182.4
Fat Tree,2850,549824364544.0,97.20060527453523,9252,6144,4294967296.0,107374182.4
Fat Tree,2851,549824364544.0,97.21141374837873,9252,6144,4294967296.0,107374182.4
Fat Tree,2852,549824364544.0,97.22222222222221,9252,6144,4294967296.0,107374182.4
Fat Tree,2853,549824364544.0,97.23303069606571,9252,6144,4294967296.0,107374182.4
Fat Tree,2854,549824364544.0,97.24383916990921,9252,6144,4294967296.0,107374182.4
Fat Tree,2855,549824364544.0,97.2546476437527,9252,6144,4294967296.0,107374182.4
Fat Tree,2856,549824364544.0,97.26545611759619,9252,6144,4294967296.0,107374182.4
Fat Tree,2857,549824364544.0,97.27626459143968,9252,6144,4294967296.0,107374182.4
Fat Tree,2858,549824364544.0,97.28707306528318,9252,6144,4294967296.0,107374182.4
Fat Tree,2859,549824364544.0,97.29788153912668,9252,6144,4294967296.0,107374182.4
Fat Tree,2860,549824364544.0,97.30869001297016,9252,6144,4294967296.0,107374182.4
Fat Tree,2861,549824364544.0,97.31949848681366,9252,6144,4294967296.0,107374182.4
Fat Tree,2862,549824364544.0,97.33030696065715,9252,6144,4294967296.0,107374182.4
Fat Tree,2863,549824364544.0,97.34111543450065,9252,6144,4294967296.0,107374182.4
Fat Tree,2864,549824364544.0,97.35192390834413,9252,6144,4294967296.0,107374182.4
Fat Tree,2865,549824364544.0,97.36273238218763,9252,6144,4294967296.0,107374182.4
Fat Tree,2866,549824364544.0,97.37354085603113,9252,6144,4294967296.0,107374182.4
Fat Tree,2867,549824364544.0,97.38434932987462,9252,6144,4294967296.0,107374182.4
Fat Tree,2868,549824364544.0,97.3951578037181,9252,6144,4294967296.0,107374182.4
Fat Tree,2869,549824364544.0,97.4059662775616,9252,6144,4294967296.0,107374182.4
Fat Tree,2870,549824364544.0,97.4167747514051,9252,6144,4294967296.0,107374182.4
Fat Tree,2871,549824364544.0,97.4275832252486,9252,6144,4294967296.0,107374182.4
Fat Tree,2872,549824364544.0,97.43839169909208,9252,6144,4294967296.0,107374182.4
Fat Tree,2873,549824364544.0,97.44920017293558,9252,6144,4294967296.0,107374182.4
Fat Tree,2874,549824364544.0,97.46000864677907,9252,6144,4294967296.0,107374182.4
Fat Tree,2875,549824364544.0,97.47081712062257,9252,6144,4294967296.0,107374182.4
Fat Tree,2876,549824364544.0,97.48162559446605,9252,6144,4294967296.0,107374182.4
Fat Tree,2877,549824364544.0,97.49243406830955,9252,6144,4294967296.0,107374182.4
Fat Tree,2878,549824364544.0,97.50324254215305,9252,6144,4294967296.0,107374182.4
Fat Tree,2879,549824364544.0,97.51405101599654,9252,6144,4294967296.0,107374182.4
Fat Tree,2880,549824364544.0,97.52485948984003,9252,6144,4294967296.0,107374182.4
Fat Tree,2881,549824364544.0,97.53566796368352,9252,6144,4294967296.0,107374182.4
Fat Tree,2882,549824364544.0,97.54647643752702,9252,6144,4294967296.0,107374182.4
Fat Tree,2883,549824364544.0,97.55728491137052,9252,6144,4294967296.0,107374182.4
Fat Tree,2884,549824364544.0,97.568093385214,9252,6144,4294967296.0,107374182.4
Fat Tree,2885,549824364544.0,97.5789018590575,9252,6144,4294967296.0,107374182.4
Fat Tree,2886,549824364544.0,97.58971033290099,9252,6144,4294967296.0,107374182.4
Fat Tree,2887,549824364544.0,97.60051880674449,9252,6144,4294967296.0,107374182.4
Fat Tree,2888,549824364544.0,97.61132728058797,9252,6144,4294967296.0,107374182.4
Fat Tree,2889,549824364544.0,97.62213575443147,9252,6144,4294967296.0,107374182.4
Fat Tree,2890,549824364544.0,97.63294422827497,9252,6144,4294967296.0,107374182.4
Fat Tree,2891,549824364544.0,97.64375270211846,9252,6144,4294967296.0,107374182.4
Fat Tree,2892,549824364544.0,97.65456117596194,9252,6144,4294967296.0,107374182.4
Fat Tree,2893,549824364544.0,97.66536964980544,9252,6144,4294967296.0,107374182.4
Fat Tree,2894,549824364544.0,97.67617812364894,9252,6144,4294967296.0,107374182.4
Fat Tree,2895,549824364544.0,97.68698659749244,9252,6144,4294967296.0,107374182.4
Fat Tree,2896,549824364544.0,97.69779507133592,9252,6144,4294967296.0,107374182.4
Fat Tree,2897,549824364544.0,97.70860354517941,9252,6144,4294967296.0,107374182.4
Fat Tree,2898,549824364544.0,97.71941201902291,9252,6144,4294967296.0,107374182.4
Fat Tree,2899,549824364544.0,97.73022049286641,9252,6144,4294967296.0,107374182.4
Fat Tree,2900,549824364544.0,97.74102896670989,9252,6144,4294967296.0,107374182.4
Fat Tree,2901,549824364544.0,97.75183744055339,9252,6144,4294967296.0,107374182.4
Fat Tree,2902,549824364544.0,97.76264591439688,9252,6144,4294967296.0,107374182.4
Fat Tree,2903,549824364544.0,97.77345438824038,9252,6144,4294967296.0,107374182.4
Fat Tree,2904,549824364544.0,97.78426286208386,9252,6144,4294967296.0,107374182.4
Fat Tree,2905,549824364544.0,97.79507133592736,9252,6144,4294967296.0,107374182.4
Fat Tree,2906,549824364544.0,97.80587980977086,9252,6144,4294967296.0,107374182.4
Fat Tree,2907,549824364544.0,97.81668828361435,9252,6144,4294967296.0,107374182.4
Fat Tree,2908,549824364544.0,97.82749675745784,9252,6144,4294967296.0,107374182.4
Fat Tree,2909,549824364544.0,97.83830523130133,9252,6144,4294967296.0,107374182.4
Fat Tree,2910,549824364544.0,97.84911370514483,9252,6144,4294967296.0,107374182.4
Fat Tree,2911,549824364544.0,97.85992217898833,9252,6144,4294967296.0,107374182.4
Fat Tree,2912,549824364544.0,97.87073065283181,9252,6144,4294967296.0,107374182.4
Fat Tree,2913,549824364544.0,97.8815391266753,9252,6144,4294967296.0,107374182.4
Fat Tree,2914,549824364544.0,97.8923476005188,9252,6144,4294967296.0,107374182.4
Fat Tree,2915,549824364544.0,97.9031560743623,9252,6144,4294967296.0,107374182.4
Fat Tree,2916,549824364544.0,97.91396454820578,9252,6144,4294967296.0,107374182.4
Fat Tree,2917,549824364544.0,97.92477302204928,9252,6144,4294967296.0,107374182.4
Fat Tree,2918,549824364544.0,97.93558149589278,9252,6144,4294967296.0,107374182.4
Fat Tree,2919,549824364544.0,97.94638996973627,9252,6144,4294967296.0,107374182.4
Fat Tree,2920,549824364544.0,97.95719844357976,9252,6144,4294967296.0,107374182.4
Fat Tree,2921,549824364544.0,97.96800691742325,9252,6144,4294967296.0,107374182.4
Fat Tree,2922,549824364544.0,97.97881539126675,9252,6144,4294967296.0,107374182.4
Fat Tree,2923,549824364544.0,97.98962386511025,9252,6144,4294967296.0,107374182.4
Fat Tree,2924,549824364544.0,98.00043233895373,9252,6144,4294967296.0,107374182.4
Fat Tree,2925,549824364544.0,98.01124081279723,9252,6144,4294967296.0,107374182.4
Fat Tree,2926,549824364544.0,98.02204928664072,9252,6144,4294967296.0,107374182.4
Fat Tree,2927,549824364544.0,98.03285776048422,9252,6144,4294967296.0,107374182.4
Fat Tree,2928,549824364544.0,98.0436662343277,9252,6144,4294967296.0,107374182.4
Fat Tree,2929,549824364544.0,98.0544747081712,9252,6144,4294967296.0,107374182.4
Fat Tree,2930,549824364544.0,98.0652831820147,9252,6144,4294967296.0,107374182.4
Fat Tree,2931,549824364544.0,98.07609165585819,9252,6144,4294967296.0,107374182.4
Fat Tree,2932,549824364544.0,98.08690012970168,9252,6144,4294967296.0,107374182.4
Fat Tree,2933,549824364544.0,98.09770860354517,9252,6144,4294967296.0,107374182.4
Fat Tree,2934,549824364544.0,98.10851707738867,9252,6144,4294967296.0,107374182.4
Fat Tree,2935,549824364544.0,98.11932555123217,9252,6144,4294967296.0,107374182.4
Fat Tree,2936,549824364544.0,98.13013402507565,9252,6144,4294967296.0,107374182.4
Fat Tree,2937,549824364544.0,98.14094249891915,9252,6144,4294967296.0,107374182.4
Fat Tree,2938,549824364544.0,98.15175097276264,9252,6144,4294967296.0,107374182.4
Fat Tree,2939,549824364544.0,98.16255944660614,9252,6144,4294967296.0,107374182.4
Fat Tree,2940,549824364544.0,98.17336792044962,9252,6144,4294967296.0,107374182.4
Fat Tree,2941,549824364544.0,98.18417639429312,9252,6144,4294967296.0,107374182.4
Fat Tree,2942,549824364544.0,98.19498486813661,9252,6144,4294967296.0,107374182.4
Fat Tree,2943,549824364544.0,98.20579334198011,9252,6144,4294967296.0,107374182.4
Fat Tree,2944,549824364544.0,98.2166018158236,9252,6144,4294967296.0,107374182.4
Fat Tree,2945,549824364544.0,98.22741028966709,9252,6144,4294967296.0,107374182.4
Fat Tree,2946,549824364544.0,98.23821876351059,9252,6144,4294967296.0,107374182.4
Fat Tree,2947,549824364544.0,98.24902723735408,9252,6144,4294967296.0,107374182.4
Fat Tree,2948,549824364544.0,98.25983571119757,9252,6144,4294967296.0,107374182.4
Fat Tree,2949,549824364544.0,98.27064418504106,9252,6144,4294967296.0,107374182.4
Fat Tree,2950,549824364544.0,98.28145265888456,9252,6144,4294967296.0,107374182.4
Fat Tree,2951,549824364544.0,98.29226113272806,9252,6144,4294967296.0,107374182.4
Fat Tree,2952,549824364544.0,98.30306960657154,9252,6144,4294967296.0,107374182.4
Fat Tree,2953,549824364544.0,98.31387808041504,9252,6144,4294967296.0,107374182.4
Fat Tree,2954,549824364544.0,98.32468655425853,9252,6144,4294967296.0,107374182.4
Fat Tree,2955,549824364544.0,98.33549502810203,9252,6144,4294967296.0,107374182.4
Fat Tree,2956,549824364544.0,98.34630350194551,9252,6144,4294967296.0,107374182.4
Fat Tree,2957,549824364544.0,98.35711197578901,9252,6144,4294967296.0,107374182.4
Fat Tree,2958,549824364544.0,98.3679204496325,9252,6144,4294967296.0,107374182.4
Fat Tree,2959,549824364544.0,98.378728923476,9252,6144,4294967296.0,107374182.4
Fat Tree,2960,549824364544.0,98.38953739731949,9252,6144,4294967296.0,107374182.4
Fat Tree,2961,549824364544.0,98.40034587116298,9252,6144,4294967296.0,107374182.4
Fat Tree,2962,549824364544.0,98.41115434500648,9252,6144,4294967296.0,107374182.4
Fat Tree,2963,549824364544.0,98.42196281884998,9252,6144,4294967296.0,107374182.4
Fat Tree,2964,549824364544.0,98.43277129269346,9252,6144,4294967296.0,107374182.4
Fat Tree,2965,549824364544.0,98.44357976653697,9252,6144,4294967296.0,107374182.4
Fat Tree,2966,549824364544.0,98.45438824038047,9252,6144,4294967296.0,107374182.4
Fat Tree,2967,549824364544.0,98.46519671422396,9252,6144,4294967296.0,107374182.4
Fat Tree,2968,549824364544.0,98.47600518806745,9252,6144,4294967296.0,107374182.4
Fat Tree,2969,549824364544.0,98.48681366191094,9252,6144,4294967296.0,107374182.4
Fat Tree,2970,549824364544.0,98.49762213575444,9252,6144,4294967296.0,107374182.4
Fat Tree,2971,549824364544.0,98.50843060959792,9252,6144,4294967296.0,107374182.4
Fat Tree,2972,549824364544.0,98.51923908344142,9252,6144,4294967296.0,107374182.4
Fat Tree,2973,549824364544.0,98.53004755728492,9252,6144,4294967296.0,107374182.4
Fat Tree,2974,549824364544.0,98.54085603112841,9252,6144,4294967296.0,107374182.4
Fat Tree,2975,549824364544.0,98.55166450497191,9252,6144,4294967296.0,107374182.4
Fat Tree,2976,549824364544.0,98.56247297881539,9252,6144,4294967296.0,107374182.4
Fat Tree,2977,549824364544.0,98.57328145265889,9252,6144,4294967296.0,107374182.4
Fat Tree,2978,549824364544.0,98.58408992650239,9252,6144,4294967296.0,107374182.4
Fat Tree,2979,549824364544.0,98.59489840034587,9252,6144,4294967296.0,107374182.4
Fat Tree,2980,549824364544.0,98.60570687418937,9252,6144,4294967296.0,107374182.4
Fat Tree,2981,549824364544.0,98.61651534803286,9252,6144,4294967296.0,107374182.4
Fat Tree,2982,549824364544.0,98.62732382187636,9252,6144,4294967296.0,107374182.4
Fat Tree,2983,549824364544.0,98.63813229571986,9252,6144,4294967296.0,107374182.4
Fat Tree,2984,549824364544.0,98.64894076956334,9252,6144,4294967296.0,107374182.4
Fat Tree,2985,549824364544.0,98.65974924340684,9252,6144,4294967296.0,107374182.4
Fat Tree,2986,549824364544.0,98.67055771725033,9252,6144,4294967296.0,107374182.4
Fat Tree,2987,549824364544.0,98.68136619109382,9252,6144,4294967296.0,107374182.4
Fat Tree,2988,549824364544.0,98.69217466493731,9252,6144,4294967296.0,107374182.4
Fat Tree,2989,549824364544.0,98.70298313878081,9252,6144,4294967296.0,107374182.4
Fat Tree,2990,549824364544.0,98.7137916126243,9252,6144,4294967296.0,107374182.4
Fat Tree,2991,549824364544.0,98.7246000864678,9252,6144,4294967296.0,107374182.4
Fat Tree,2992,549824364544.0,98.73540856031128,9252,6144,4294967296.0,107374182.4
Fat Tree,2993,549824364544.0,98.74621703415478,9252,6144,4294967296.0,107374182.4
Fat Tree,2994,549824364544.0,98.75702550799828,9252,6144,4294967296.0,107374182.4
Fat Tree,2995,549824364544.0,98.76783398184176,9252,6144,4294967296.0,107374182.4
Fat Tree,2996,549824364544.0,98.77864245568526,9252,6144,4294967296.0,107374182.4
Fat Tree,2997,549824364544.0,98.78945092952875,9252,6144,4294967296.0,107374182.4
Fat Tree,2998,549824364544.0,98.80025940337225,9252,6144,4294967296.0,107374182.4
Fat Tree,2999,549824364544.0,98.81106787721575,9252,6144,4294967296.0,107374182.4
Fat Tree,3000,549824364544.0,98.82187635105923,9252,6144,4294967296.0,107374182.4
Fat Tree,3001,549824364544.0,98.83268482490273,9252,6144,4294967296.0,107374182.4
Fat Tree,3002,549824364544.0,98.84349329874622,9252,6144,4294967296.0,107374182.4
Fat Tree,3003,549824364544.0,98.85430177258971,9252,6144,4294967296.0,107374182.4
Fat Tree,3004,549824364544.0,98.8651102464332,9252,6144,4294967296.0,107374182.4
Fat Tree,3005,549824364544.0,98.8759187202767,9252,6144,4294967296.0,107374182.4
Fat Tree,3006,549824364544.0,98.8867271941202,9252,6144,4294967296.0,107374182.4
Fat Tree,3007,549824364544.0,98.8975356679637,9252,6144,4294967296.0,107374182.4
Fat Tree,3008,549824364544.0,98.90834414180718,9252,6144,4294967296.0,107374182.4
Fat Tree,3009,549824364544.0,98.91915261565067,9252,6144,4294967296.0,107374182.4
Fat Tree,3010,549824364544.0,98.92996108949417,9252,6144,4294967296.0,107374182.4
Fat Tree,3011,549824364544.0,98.94076956333765,9252,6144,4294967296.0,107374182.4
Fat Tree,3012,549824364544.0,98.95157803718115,9252,6144,4294967296.0,107374182.4
Fat Tree,3013,549824364544.0,98.96238651102465,9252,6144,4294967296.0,107374182.4
Fat Tree,3014,549824364544.0,98.97319498486814,9252,6144,4294967296.0,107374182.4
Fat Tree,3015,549824364544.0,98.98400345871164,9252,6144,4294967296.0,107374182.4
Fat Tree,3016,549824364544.0,98.99481193255512,9252,6144,4294967296.0,107374182.4
Fat Tree,3017,549824364544.0,99.00562040639862,9252,6144,4294967296.0,107374182.4
Fat Tree,3018,549824364544.0,99.01642888024212,9252,6144,4294967296.0,107374182.4
Fat Tree,3019,549824364544.0,99.0272373540856,9252,6144,4294967296.0,107374182.4
Fat Tree,3020,549824364544.0,99.0380458279291,9252,6144,4294967296.0,107374182.4
Fat Tree,3021,549824364544.0,99.0488543017726,9252,6144,4294967296.0,107374182.4
Fat Tree,3022,549824364544.0,99.05966277561609,9252,6144,4294967296.0,107374182.4
Fat Tree,3023,549824364544.0,99.07047124945959,9252,6144,4294967296.0,107374182.4
Fat Tree,3024,549824364544.0,99.08127972330307,9252,6144,4294967296.0,107374182.4
Fat Tree,3025,549824364544.0,99.09208819714657,9252,6144,4294967296.0,107374182.4
Fat Tree,3026,549824364544.0,99.10289667099006,9252,6144,4294967296.0,107374182.4
Fat Tree,3027,549824364544.0,99.11370514483355,9252,6144,4294967296.0,107374182.4
Fat Tree,3028,549824364544.0,99.12451361867704,9252,6144,4294967296.0,107374182.4
Fat Tree,3029,549824364544.0,99.13532209252054,9252,6144,4294967296.0,107374182.4
Fat Tree,3030,549824364544.0,99.14613056636404,9252,6144,4294967296.0,107374182.4
Fat Tree,3031,549824364544.0,99.15693904020753,9252,6144,4294967296.0,107374182.4
Fat Tree,3032,549824364544.0,99.16774751405102,9252,6144,4294967296.0,107374182.4
Fat Tree,3033,549824364544.0,99.17855598789451,9252,6144,4294967296.0,107374182.4
Fat Tree,3034,549824364544.0,99.18936446173801,9252,6144,4294967296.0,107374182.4
Fat Tree,3035,549824364544.0,99.20017293558149,9252,6144,4294967296.0,107374182.4
Fat Tree,3036,549824364544.0,99.21098140942499,9252,6144,4294967296.0,107374182.4
Fat Tree,3037,549824364544.0,99.22178988326849,9252,6144,4294967296.0,107374182.4
Fat Tree,3038,549824364544.0,99.23259835711198,9252,6144,4294967296.0,107374182.4
Fat Tree,3039,549824364544.0,99.24340683095548,9252,6144,4294967296.0,107374182.4
Fat Tree,3040,549824364544.0,99.25421530479896,9252,6144,4294967296.0,107374182.4
Fat Tree,3041,549824364544.0,99.26502377864246,9252,6144,4294967296.0,107374182.4
Fat Tree,3042,549824364544.0,99.27583225248596,9252,6144,4294967296.0,107374182.4
Fat Tree,3043,549824364544.0,99.28664072632944,9252,6144,4294967296.0,107374182.4
Fat Tree,3044,549824364544.0,99.29744920017293,9252,6144,4294967296.0,107374182.4
Fat Tree,3045,549824364544.0,99.30825767401643,9252,6144,4294967296.0,107374182.4
Fat Tree,3046,549824364544.0,99.31906614785993,9252,6144,4294967296.0,107374182.4
Fat Tree,3047,549824364544.0,99.32987462170342,9252,6144,4294967296.0,107374182.4
Fat Tree,3048,549824364544.0,99.34068309554691,9252,6144,4294967296.0,107374182.4
Fat Tree,3049,549824364544.0,99.3514915693904,9252,6144,4294967296.0,107374182.4
Fat Tree,3050,549824364544.0,99.3623000432339,9252,6144,4294967296.0,107374182.4
Fat Tree,3051,549824364544.0,99.37310851707738,9252,6144,4294967296.0,107374182.4
Fat Tree,3052,549824364544.0,99.38391699092088,9252,6144,4294967296.0,107374182.4
Fat Tree,3053,549824364544.0,99.39472546476438,9252,6144,4294967296.0,107374182.4
Fat Tree,3054,549824364544.0,99.40553393860787,9252,6144,4294967296.0,107374182.4
Fat Tree,3055,549824364544.0,99.41634241245137,9252,6144,4294967296.0,107374182.4
Fat Tree,3056,549824364544.0,99.42715088629485,9252,6144,4294967296.0,107374182.4
Fat Tree,3057,549824364544.0,99.43795936013835,9252,6144,4294967296.0,107374182.4
Fat Tree,3058,549824364544.0,99.44876783398185,9252,6144,4294967296.0,107374182.4
Fat Tree,3059,549824364544.0,99.45957630782533,9252,6144,4294967296.0,107374182.4
Fat Tree,3060,549824364544.0,99.47038478166883,9252,6144,4294967296.0,107374182.4
Fat Tree,3061,549824364544.0,99.48119325551232,9252,6144,4294967296.0,107374182.4
Fat Tree,3062,549824364544.0,99.49200172935582,9252,6144,4294967296.0,107374182.4
Fat Tree,3063,549824364544.0,99.50281020319932,9252,6144,4294967296.0,107374182.4
Fat Tree,3064,549824364544.0,99.5136186770428,9252,6144,4294967296.0,107374182.4
Fat Tree,3065,549824364544.0,99.5244271508863,9252,6144,4294967296.0,107374182.4
Fat Tree,3066,549824364544.0,99.5352356247298,9252,6144,4294967296.0,107374182.4
Fat Tree,3067,549824364544.0,99.54604409857328,9252,6144,4294967296.0,107374182.4
Fat Tree,3068,549824364544.0,99.55685257241677,9252,6144,4294967296.0,107374182.4
Fat Tree,3069,549824364544.0,99.56766104626027,9252,6144,4294967296.0,107374182.4
Fat Tree,3070,549824364544.0,99.57846952010377,9252,6144,4294967296.0,107374182.4
Fat Tree,3071,549824364544.0,99.58927799394726,9252,6144,4294967296.0,107374182.4
Fat Tree,3072,549824364544.0,99.60008646779075,9252,6144,4294967296.0,107374182.4
Fat Tree,3073,549824364544.0,99.61089494163424,9252,6144,4294967296.0,107374182.4
Fat Tree,3074,549824364544.0,99.62170341547774,9252,6144,4294967296.0,107374182.4
Fat Tree,3075,549824364544.0,99.63251188932122,9252,6144,4294967296.0,107374182.4
Fat Tree,3076,549824364544.0,99.64332036316472,9252,6144,4294967296.0,107374182.4
Fat Tree,3077,549824364544.0,99.65412883700822,9252,6144,4294967296.0,107374182.4
Fat Tree,3078,549824364544.0,99.66493731085171,9252,6144,4294967296.0,107374182.4
Fat Tree,3079,549824364544.0,99.67574578469521,9252,6144,4294967296.0,107374182.4
Fat Tree,3080,549824364544.0,99.68655425853869,9252,6144,4294967296.0,107374182.4
Fat Tree,3081,549824364544.0,99.69736273238219,9252,6144,4294967296.0,107374182.4
Fat Tree,3082,549824364544.0,99.70817120622569,9252,6144,4294967296.0,107374182.4
Fat Tree,3083,549824364544.0,99.71897968006917,9252,6144,4294967296.0,107374182.4
Fat Tree,3084,549824364544.0,99.72978815391266,9252,6144,4294967296.0,107374182.4
Fat Tree,3085,549824364544.0,99.74059662775616,9252,6144,4294967296.0,107374182.4
Fat Tree,3086,549824364544.0,99.75140510159966,9252,6144,4294967296.0,107374182.4
Fat Tree,3087,549824364544.0,99.76221357544316,9252,6144,4294967296.0,107374182.4
Fat Tree,3088,549824364544.0,99.77302204928664,9252,6144,4294967296.0,107374182.4
Fat Tree,3089,549824364544.0,99.78383052313013,9252,6144,4294967296.0,107374182.4
Fat Tree,3090,549824364544.0,99.79463899697363,9252,6144,4294967296.0,107374182.4
Fat Tree,3091,549824364544.0,99.80544747081711,9252,6144,4294967296.0,107374182.4
Fat Tree,3092,549824364544.0,99.81625594466061,9252,6144,4294967296.0,107374182.4
Fat Tree,3093,549824364544.0,99.82706441850411,9252,6144,4294967296.0,107374182.4
Fat Tree,3094,549824364544.0,99.8378728923476,9252,6144,4294967296.0,107374182.4
Fat Tree,3095,549824364544.0,99.8486813661911,9252,6144,4294967296.0,107374182.4
Fat Tree,3096,549824364544.0,99.85948984003458,9252,6144,4294967296.0,107374182.4
Fat Tree,3097,549824364544.0,99.87029831387808,9252,6144,4294967296.0,107374182.4
Fat Tree,3098,549824364544.0,99.88110678772158,9252,6144,4294967296.0,107374182.4
Fat Tree,3099,549824364544.0,99.89191526156506,9252,6144,4294967296.0,107374182.4
Fat Tree,3100,549824364544.0,99.90272373540856,9252,6144,4294967296.0,107374182.4
Fat Tree,3101,549824364544.0,99.91353220925205,9252,6144,4294967296.0,107374182.4
Fat Tree,3102,549824364544.0,99.92434068309555,9252,6144,4294967296.0,107374182.4
Fat Tree,3103,549824364544.0,99.93514915693905,9252,6144,4294967296.0,107374182.4
Fat Tree,3104,549824364544.0,99.94595763078253,9252,6144,4294967296.0,107374182.4
Fat Tree,3105,549824364544.0,99.95676610462603,9252,6144,4294967296.0,107374182.4
Fat Tree,3106,549824364544.0,99.96757457846952,9252,6144,4294967296.0,107374182.4
Fat Tree,3107,549824364544.0,99.978383052313,9252,6144,4294967296.0,107374182.4
Fat Tree,3108,549824364544.0,99.9891915261565,9252,6144,4294967296.0,107374182.4
Fat Tree,3109,549824364544.0,100.0,9252,6144,4294967296.0,107374182.4
HyperX,0,107374182.4,0.0,13568,10176,1073741824.0,107374182.4
HyperX,1,1073741824.0,0.0,13568,10176,1073741824.0,107374182.4
HyperX,2,1073741824.0,75.00737028301887,13568,10176,1073741824.0,107374182.4
HyperX,3,1073741824.0,75.01474056603774,13568,10176,1073741824.0,107374182.4
HyperX,4,1073741824.0,75.0221108490566,13568,10176,1073741824.0,107374182.4
HyperX,5,1073741824.0,75.02948113207547,13568,10176,1073741824.0,107374182.4
HyperX,6,1073741824.0,75.03685141509435,13568,10176,1073741824.0,107374182.4
HyperX,7,1073741824.0,75.0442216981132,13568,10176,1073741824.0,107374182.4
HyperX,8,1073741824.0,75.05159198113208,13568,10176,1073741824.0,107374182.4
HyperX,9,1073741824.0,75.05896226415094,13568,10176,1073741824.0,107374182.4
HyperX,10,1073741824.0,75.06633254716981,13568,10176,1073741824.0,107374182.4
HyperX,11,1073741824.0,75.07370283018868,13568,10176,1073741824.0,107374182.4
HyperX,12,1073741824.0,75.08107311320755,13568,10176,1073741824.0,107374182.4
HyperX,13,1073741824.0,75.08844339622641,13568,10176,1073741824.0,107374182.4
HyperX,14,1073741824.0,75.09581367924528,13568,10176,1073741824.0,107374182.4
HyperX,15,1073741824.0,75.10318396226415,13568,10176,1073741824.0,107374182.4
HyperX,16,1073741824.0,75.11055424528303,13568,10176,1073741824.0,107374182.4
HyperX,17,1073741824.0,75.11792452830188,13568,10176,1073741824.0,107374182.4
HyperX,18,1073741824.0,75.12529481132076,13568,10176,1073741824.0,107374182.4
HyperX,19,1073741824.0,75.13266509433963,13568,10176,1073741824.0,107374182.4
HyperX,20,1073741824.0,75.14003537735849,13568,10176,1073741824.0,107374182.4
HyperX,21,1073741824.0,75.14740566037736,13568,10176,1073741824.0,107374182.4
HyperX,22,1073741824.0,75.15477594339622,13568,10176,1073741824.0,107374182.4
HyperX,23,1073741824.0,75.16214622641509,13568,10176,1073741824.0,107374182.4
HyperX,24,1073741824.0,75.16951650943396,13568,10176,1073741824.0,107374182.4
HyperX,25,1073741824.0,75.17688679245283,13568,10176,1073741824.0,107374182.4
HyperX,26,1073741824.0,75.18425707547169,13568,10176,1073741824.0,107374182.4
HyperX,27,1073741824.0,75.19162735849056,13568,10176,1073741824.0,107374182.4
HyperX,28,1073741824.0,75.19899764150944,13568,10176,1073741824.0,107374182.4
HyperX,29,1073741824.0,75.20636792452831,13568,10176,1073741824.0,107374182.4
HyperX,30,1073741824.0,75.21373820754717,13568,10176,1073741824.0,107374182.4
HyperX,31,1073741824.0,75.22110849056604,13568,10176,1073741824.0,107374182.4
HyperX,32,1073741824.0,75.22847877358491,13568,10176,1073741824.0,107374182.4
HyperX,33,1073741824.0,75.23584905660378,13568,10176,1073741824.0,107374182.4
HyperX,34,1073741824.0,75.24321933962264,13568,10176,1073741824.0,107374182.4
HyperX,35,1073741824.0,75.25058962264151,13568,10176,1073741824.0,107374182.4
HyperX,36,1073741824.0,75.25795990566037,13568,10176,1073741824.0,107374182.4
HyperX,37,1073741824.0,75.26533018867924,13568,10176,1073741824.0,107374182.4
HyperX,38,1073741824.0,75.27270047169812,13568,10176,1073741824.0,107374182.4
HyperX,39,1073741824.0,75.28007075471697,13568,10176,1073741824.0,107374182.4
HyperX,40,1073741824.0,75.28744103773585,13568,10176,1073741824.0,107374182.4
HyperX,41,1073741824.0,75.29481132075472,13568,10176,1073741824.0,107374182.4
HyperX,42,1073741824.0,75.30218160377359,13568,10176,1073741824.0,107374182.4
HyperX,43,1073741824.0,75.30955188679245,13568,10176,1073741824.0,107374182.4
HyperX,44,1073741824.0,75.31692216981132,13568,10176,1073741824.0,107374182.4
HyperX,45,1073741824.0,75.32429245283019,13568,10176,1073741824.0,107374182.4
HyperX,46,1073741824.0,75.33166273584906,13568,10176,1073741824.0,107374182.4
HyperX,47,1073741824.0,75.33903301886792,13568,10176,1073741824.0,107374182.4
HyperX,48,1073741824.0,75.3464033018868,13568,10176,1073741824.0,107374182.4
HyperX,49,1073741824.0,75.35377358490565,13568,10176,1073741824.0,107374182.4
HyperX,50,1073741824.0,75.36114386792453,13568,10176,1073741824.0,107374182.4
HyperX,51,1073741824.0,75.3685141509434,13568,10176,1073741824.0,107374182.4
HyperX,52,1073741824.0,75.37588443396226,13568,10176,1073741824.0,107374182.4
HyperX,53,1073741824.0,75.38325471698113,13568,10176,1073741824.0,107374182.4
HyperX,54,1073741824.0,75.390625,13568,10176,1073741824.0,107374182.4
HyperX,55,1073741824.0,75.39799528301887,13568,10176,1073741824.0,107374182.4
HyperX,56,1073741824.0,75.40536556603774,13568,10176,1073741824.0,107374182.4
HyperX,57,1073741824.0,75.4127358490566,13568,10176,1073741824.0,107374182.4
HyperX,58,1073741824.0,75.42010613207547,13568,10176,1073741824.0,107374182.4
HyperX,59,1073741824.0,75.42747641509435,13568,10176,1073741824.0,107374182.4
HyperX,60,1073741824.0,75.4348466981132,13568,10176,1073741824.0,107374182.4
HyperX,61,1073741824.0,75.44221698113208,13568,10176,1073741824.0,107374182.4
HyperX,62,1073741824.0,75.44958726415094,13568,10176,1073741824.0,107374182.4
HyperX,63,1073741824.0,75.45695754716981,13568,10176,1073741824.0,107374182.4
HyperX,64,1073741824.0,75.46432783018868,13568,10176,1073741824.0,107374182.4
HyperX,65,1073741824.0,75.47169811320755,13568,10176,1073741824.0,107374182.4
HyperX,66,1073741824.0,75.47906839622641,13568,10176,1073741824.0,107374182.4
HyperX,67,1073741824.0,75.48643867924528,13568,10176,1073741824.0,107374182.4
HyperX,68,1073741824.0,75.49380896226415,13568,10176,1073741824.0,107374182.4
HyperX,69,1073741824.0,75.50117924528303,13568,10176,1073741824.0,107374182.4
HyperX,70,1073741824.0,75.50854952830188,13568,10176,1073741824.0,107374182.4
HyperX,71,1073741824.0,75.51591981132076,13568,10176,1073741824.0,107374182.4
HyperX,72,1073741824.0,75.52329009433963,13568,10176,1073741824.0,107374182.4
HyperX,73,1073741824.0,75.53066037735849,13568,10176,1073741824.0,107374182.4
HyperX,74,1073741824.0,75.53803066037736,13568,10176,1073741824.0,107374182.4
HyperX,75,1073741824.0,75.54540094339622,13568,10176,1073741824.0,107374182.4
HyperX,76,1073741824.0,75.55277122641509,13568,10176,1073741824.0,107374182.4
HyperX,77,1073741824.0,75.56014150943396,13568,10176,1073741824.0,107374182.4
HyperX,78,1073741824.0,75.56751179245283,13568,10176,1073741824.0,107374182.4
HyperX,79,1073741824.0,75.57488207547169,13568,10176,1073741824.0,107374182.4
HyperX,80,1073741824.0,75.58225235849056,13568,10176,1073741824.0,107374182.4
HyperX,81,1073741824.0,75.58962264150944,13568,10176,1073741824.0,107374182.4
HyperX,82,1073741824.0,75.59699292452831,13568,10176,1073741824.0,107374182.4
HyperX,83,1073741824.0,75.60436320754717,13568,10176,1073741824.0,107374182.4
HyperX,84,1073741824.0,75.61173349056604,13568,10176,1073741824.0,107374182.4
HyperX,85,1073741824.0,75.61910377358491,13568,10176,1073741824.0,107374182.4
HyperX,86,1073741824.0,75.62647405660378,13568,10176,1073741824.0,107374182.4
HyperX,87,1073741824.0,75.63384433962264,13568,10176,1073741824.0,107374182.4
HyperX,88,1073741824.0,75.64121462264151,13568,10176,1073741824.0,107374182.4
HyperX,89,1073741824.0,75.64858490566037,13568,10176,1073741824.0,107374182.4
HyperX,90,1073741824.0,75.65595518867924,13568,10176,1073741824.0,107374182.4
HyperX,91,1073741824.0,75.66332547169812,13568,10176,1073741824.0,107374182.4
HyperX,92,1073741824.0,75.67069575471697,13568,10176,1073741824.0,107374182.4
HyperX,93,1073741824.0,75.67806603773585,13568,10176,1073741824.0,107374182.4
HyperX,94,1073741824.0,75.68543632075472,13568,10176,1073741824.0,107374182.4
HyperX,95,1073741824.0,75.69280660377359,13568,10176,1073741824.0,107374182.4
HyperX,96,1073741824.0,75.70017688679245,13568,10176,1073741824.0,107374182.4
HyperX,97,1073741824.0,75.70754716981132,13568,10176,1073741824.0,107374182.4
HyperX,98,1073741824.0,75.71491745283019,13568,10176,1073741824.0,107374182.4
HyperX,99,1073741824.0,75.72228773584906,13568,10176,1073741824.0,107374182.4
HyperX,100,1073741824.0,75.72965801886792,13568,10176,1073741824.0,107374182.4
HyperX,101,1073741824.0,75.7370283018868,13568,10176,1073741824.0,107374182.4
HyperX,102,1073741824.0,75.74439858490565,13568,10176,1073741824.0,107374182.4
HyperX,103,1073741824.0,75.75176886792453,13568,10176,1073741824.0,107374182.4
HyperX,104,1073741824.0,75.7591391509434,13568,10176,1073741824.0,107374182.4
HyperX,105,1073741824.0,75.76650943396226,13568,10176,1073741824.0,107374182.4
HyperX,106,1073741824.0,75.77387971698113,13568,10176,1073741824.0,107374182.4
HyperX,107,1073741824.0,75.78125,13568,10176,1073741824.0,107374182.4
HyperX,108,1073741824.0,75.78862028301887,13568,10176,1073741824.0,107374182.4
HyperX,109,1073741824.0,75.79599056603774,13568,10176,1073741824.0,107374182.4
HyperX,110,1073741824.0,75.8033608490566,13568,10176,1073741824.0,107374182.4
HyperX,111,1073741824.0,75.81073113207547,13568,10176,1073741824.0,107374182.4
HyperX,112,1073741824.0,75.81810141509435,13568,10176,1073741824.0,107374182.4
HyperX,113,1073741824.0,75.8254716981132,13568,10176,1073741824.0,107374182.4
HyperX,114,1073741824.0,75.83284198113208,13568,10176,1073741824.0,107374182.4
HyperX,115,1073741824.0,75.84021226415094,13568,10176,1073741824.0,107374182.4
HyperX,116,1073741824.0,75.84758254716981,13568,10176,1073741824.0,107374182.4
HyperX,117,1073741824.0,75.85495283018868,13568,10176,1073741824.0,107374182.4
HyperX,118,1073741824.0,75.86232311320755,13568,10176,1073741824.0,107374182.4
HyperX,119,1073741824.0,75.86969339622641,13568,10176,1073741824.0,107374182.4
HyperX,120,1073741824.0,75.87706367924528,13568,10176,1073741824.0,107374182.4
HyperX,121,1073741824.0,75.88443396226415,13568,10176,1073741824.0,107374182.4
HyperX,122,1073741824.0,75.89180424528303,13568,10176,1073741824.0,107374182.4
HyperX,123,1073741824.0,75.89917452830188,13568,10176,1073741824.0,107374182.4
HyperX,124,1073741824.0,75.90654481132076,13568,10176,1073741824.0,107374182.4
HyperX,125,1073741824.0,75.91391509433963,13568,10176,1073741824.0,107374182.4
HyperX,126,1073741824.0,75.92128537735849,13568,10176,1073741824.0,107374182.4
HyperX,127,1073741824.0,75.92865566037736,13568,10176,1073741824.0,107374182.4
HyperX,128,1073741824.0,75.93602594339622,13568,10176,1073741824.0,107374182.4
HyperX,129,1073741824.0,75.94339622641509,13568,10176,1073741824.0,107374182.4
HyperX,130,1073741824.0,75.95076650943396,13568,10176,1073741824.0,107374182.4
HyperX,131,1073741824.0,75.95813679245283,13568,10176,1073741824.0,107374182.4
HyperX,132,1073741824.0,75.96550707547169,13568,10176,1073741824.0,107374182.4
HyperX,133,1073741824.0,75.97287735849056,13568,10176,1073741824.0,107374182.4
HyperX,134,1073741824.0,75.98024764150944,13568,10176,1073741824.0,107374182.4
HyperX,135,1073741824.0,75.98761792452831,13568,10176,1073741824.0,107374182.4
HyperX,136,1073741824.0,75.99498820754717,13568,10176,1073741824.0,107374182.4
HyperX,137,1073741824.0,76.00235849056604,13568,10176,1073741824.0,107374182.4
HyperX,138,1073741824.0,76.00972877358491,13568,10176,1073741824.0,107374182.4
HyperX,139,1073741824.0,76.01709905660378,13568,10176,1073741824.0,107374182.4
HyperX,140,1073741824.0,76.02446933962264,13568,10176,1073741824.0,107374182.4
HyperX,141,1073741824.0,76.03183962264151,13568,10176,1073741824.0,107374182.4
HyperX,142,1073741824.0,76.03920990566037,13568,10176,1073741824.0,107374182.4
HyperX,143,1073741824.0,76.04658018867924,13568,10176,1073741824.0,107374182.4
HyperX,144,1073741824.0,76.05395047169812,13568,10176,1073741824.0,107374182.4
HyperX,145,1073741824.0,76.06132075471697,13568,10176,1073741824.0,107374182.4
HyperX,146,1073741824.0,76.06869103773585,13568,10176,1073741824.0,107374182.4
HyperX,147,1073741824.0,76.07606132075472,13568,10176,1073741824.0,107374182.4
HyperX,148,1073741824.0,76.08343160377359,13568,10176,1073741824.0,107374182.4
HyperX,149,1073741824.0,76.09080188679245,13568,10176,1073741824.0,107374182.4
HyperX,150,1073741824.0,76.09817216981132,13568,10176,1073741824.0,107374182.4
HyperX,151,1073741824.0,76.10554245283019,13568,10176,1073741824.0,107374182.4
HyperX,152,1073741824.0,76.11291273584906,13568,10176,1073741824.0,107374182.4
HyperX,153,1073741824.0,76.12028301886792,13568,10176,1073741824.0,107374182.4
HyperX,154,1073741824.0,76.1276533018868,13568,10176,1073741824.0,107374182.4
HyperX,155,1073741824.0,76.13502358490565,13568,10176,1073741824.0,107374182.4
HyperX,156,1073741824.0,76.14239386792453,13568,10176,1073741824.0,107374182.4
HyperX,157,1073741824.0,76.1497641509434,13568,10176,1073741824.0,107374182.4
HyperX,158,1073741824.0,76.15713443396226,13568,10176,1073741824.0,107374182.4
HyperX,159,1073741824.0,76.16450471698113,13568,10176,1073741824.0,107374182.4
HyperX,160,1073741824.0,76.171875,13568,10176,1073741824.0,107374182.4
HyperX,161,1073741824.0,76.17924528301887,13568,10176,1073741824.0,107374182.4
HyperX,162,1073741824.0,76.18661556603774,13568,10176,1073741824.0,107374182.4
HyperX,163,1073741824.0,76.1939858490566,13568,10176,1073741824.0,107374182.4
HyperX,164,1073741824.0,76.20135613207547,13568,10176,1073741824.0,107374182.4
HyperX,165,1073741824.0,76.20872641509435,13568,10176,1073741824.0,107374182.4
HyperX,166,1073741824.0,76.2160966981132,13568,10176,1073741824.0,107374182.4
HyperX,167,1073741824.0,76.22346698113208,13568,10176,1073741824.0,107374182.4
HyperX,168,1073741824.0,76.23083726415094,13568,10176,1073741824.0,107374182.4
HyperX,169,1073741824.0,76.23820754716981,13568,10176,1073741824.0,107374182.4
HyperX,170,1073741824.0,76.24557783018868,13568,10176,1073741824.0,107374182.4
HyperX,171,1073741824.0,76.25294811320755,13568,10176,1073741824.0,107374182.4
HyperX,172,1073741824.0,76.26031839622641,13568,10176,1073741824.0,107374182.4
HyperX,173,1073741824.0,76.26768867924528,13568,10176,1073741824.0,107374182.4
HyperX,174,1073741824.0,76.27505896226415,13568,10176,1073741824.0,107374182.4
HyperX,175,1073741824.0,76.28242924528303,13568,10176,1073741824.0,107374182.4
HyperX,176,1073741824.0,76.28979952830188,13568,10176,1073741824.0,107374182.4
HyperX,177,1073741824.0,76.29716981132076,13568,10176,1073741824.0,107374182.4
HyperX,178,1073741824.0,76.30454009433963,13568,10176,1073741824.0,107374182.4
HyperX,179,1073741824.0,76.31191037735849,13568,10176,1073741824.0,107374182.4
HyperX,180,1073741824.0,76.31928066037736,13568,10176,1073741824.0,107374182.4
HyperX,181,1073741824.0,76.32665094339622,13568,10176,1073741824.0,107374182.4
HyperX,182,1073741824.0,76.33402122641509,13568,10176,1073741824.0,107374182.4
HyperX,183,1073741824.0,76.34139150943396,13568,10176,1073741824.0,107374182.4
HyperX,184,1073741824.0,76.34876179245283,13568,10176,1073741824.0,107374182.4
HyperX,185,1073741824.0,76.35613207547169,13568,10176,1073741824.0,107374182.4
HyperX,186,1073741824.0,76.36350235849056,13568,10176,1073741824.0,107374182.4
HyperX,187,1073741824.0,76.37087264150944,13568,10176,1073741824.0,107374182.4
HyperX,188,1073741824.0,76.37824292452831,13568,10176,1073741824.0,107374182.4
HyperX,189,1073741824.0,76.38561320754717,13568,10176,1073741824.0,107374182.4
HyperX,190,1073741824.0,76.39298349056604,13568,10176,1073741824.0,107374182.4
HyperX,191,1073741824.0,76.40035377358491,13568,10176,1073741824.0,107374182.4
HyperX,192,1073741824.0,76.40772405660378,13568,10176,1073741824.0,107374182.4
HyperX,193,1073741824.0,76.41509433962264,13568,10176,1073741824.0,107374182.4
HyperX,194,11640209408.0,76.42246462264151,13568,10176,1073741824.0,107374182.4
HyperX,195,11640209408.0,76.42983490566037,13568,10176,1073741824.0,107374182.4
HyperX,196,11640209408.0,76.43720518867924,13568,10176,1073741824.0,107374182.4
HyperX,197,11640209408.0,76.44457547169812,13568,10176,1073741824.0,107374182.4
HyperX,198,11640209408.0,76.45194575471697,13568,10176,1073741824.0,107374182.4
HyperX,199,11640209408.0,76.45931603773585,13568,10176,1073741824.0,107374182.4
HyperX,200,11640209408.0,76.46668632075472,13568,10176,1073741824.0,107374182.4
HyperX,201,11640209408.0,76.47405660377359,13568,10176,1073741824.0,107374182.4
HyperX,202,11640209408.0,76.48142688679245,13568,10176,1073741824.0,107374182.4
HyperX,203,11640209408.0,76.48879716981132,13568,10176,1073741824.0,107374182.4
HyperX,204,11640209408.0,76.49616745283019,13568,10176,1073741824.0,107374182.4
HyperX,205,11640209408.0,76.50353773584906,13568,10176,1073741824.0,107374182.4
HyperX,206,11640209408.0,76.51090801886792,13568,10176,1073741824.0,107374182.4
HyperX,207,11640209408.0,76.5182783018868,13568,10176,1073741824.0,107374182.4
HyperX,208,11640209408.0,76.52564858490565,13568,10176,1073741824.0,107374182.4
HyperX,209,11640209408.0,76.53301886792453,13568,10176,1073741824.0,107374182.4
HyperX,210,11640209408.0,76.5403891509434,13568,10176,1073741824.0,107374182.4
HyperX,211,11640209408.0,76.54775943396226,13568,10176,1073741824.0,107374182.4
HyperX,212,11640209408.0,76.55512971698113,13568,10176,1073741824.0,107374182.4
HyperX,213,11640209408.0,76.5625,13568,10176,1073741824.0,107374182.4
HyperX,214,11640209408.0,76.56987028301887,13568,10176,1073741824.0,107374182.4
HyperX,215,11640209408.0,76.57724056603774,13568,10176,1073741824.0,107374182.4
HyperX,216,11640209408.0,76.5846108490566,13568,10176,1073741824.0,107374182.4
HyperX,217,11640209408.0,76.59198113207547,13568,10176,1073741824.0,107374182.4
HyperX,218,11640209408.0,76.59935141509435,13568,10176,1073741824.0,107374182.4
HyperX,219,11640209408.0,76.6067216981132,13568,10176,1073741824.0,107374182.4
HyperX,220,11640209408.0,76.61409198113208,13568,10176,1073741824.0,107374182.4
HyperX,221,11640209408.0,76.62146226415094,13568,10176,1073741824.0,107374182.4
HyperX,222,11640209408.0,76.62883254716981,13568,10176,1073741824.0,107374182.4
HyperX,223,11640209408.0,76.63620283018868,13568,10176,1073741824.0,107374182.4
HyperX,224,11640209408.0,76.64357311320755,13568,10176,1073741824.0,107374182.4
HyperX,225,11640209408.0,76.65094339622641,13568,10176,1073741824.0,107374182.4
HyperX,226,11640209408.0,76.65831367924528,13568,10176,1073741824.0,107374182.4
HyperX,227,11640209408.0,76.66568396226415,13568,10176,1073741824.0,107374182.4
HyperX,228,11640209408.0,76.67305424528303,13568,10176,1073741824.0,107374182.4
HyperX,229,11640209408.0,76.68042452830188,13568,10176,1073741824.0,107374182.4
HyperX,230,11640209408.0,76.68779481132076,13568,10176,1073741824.0,107374182.4
HyperX,231,11640209408.0,76.69516509433963,13568,10176,1073741824.0,107374182.4
HyperX,232,11640209408.0,76.70253537735849,13568,10176,1073741824.0,107374182.4
HyperX,233,11640209408.0,76.70990566037736,13568,10176,1073741824.0,107374182.4
HyperX,234,11640209408.0,76.71727594339622,13568,10176,1073741824.0,107374182.4
HyperX,235,11640209408.0,76.72464622641509,13568,10176,1073741824.0,107374182.4
HyperX,236,11640209408.0,76.73201650943396,13568,10176,1073741824.0,107374182.4
HyperX,237,11640209408.0,76.73938679245283,13568,10176,1073741824.0,107374182.4
HyperX,238,11640209408.0,76.74675707547169,13568,10176,1073741824.0,107374182.4
HyperX,239,11640209408.0,76.75412735849056,13568,10176,1073741824.0,107374182.4
HyperX,240,11640209408.0,76.76149764150944,13568,10176,1073741824.0,107374182.4
HyperX,241,11640209408.0,76.76886792452831,13568,10176,1073741824.0,107374182.4
HyperX,242,11640209408.0,76.77623820754717,13568,10176,1073741824.0,107374182.4
HyperX,243,11640209408.0,76.78360849056604,13568,10176,1073741824.0,107374182.4
HyperX,244,11640209408.0,76.79097877358491,13568,10176,1073741824.0,107374182.4
HyperX,245,11640209408.0,76.79834905660378,13568,10176,1073741824.0,107374182.4
HyperX,246,11640209408.0,76.80571933962264,13568,10176,1073741824.0,107374182.4
HyperX,247,11640209408.0,76.81308962264151,13568,10176,1073741824.0,107374182.4
HyperX,248,11640209408.0,76.82045990566037,13568,10176,1073741824.0,107374182.4
HyperX,249,11640209408.0,76.82783018867924,13568,10176,1073741824.0,107374182.4
HyperX,250,11640209408.0,76.83520047169812,13568,10176,1073741824.0,107374182.4
HyperX,251,11640209408.0,76.84257075471697,13568,10176,1073741824.0,107374182.4
HyperX,252,11640209408.0,76.84994103773585,13568,10176,1073741824.0,107374182.4
HyperX,253,11640209408.0,76.85731132075472,13568,10176,1073741824.0,107374182.4
HyperX,254,11640209408.0,76.86468160377359,13568,10176,1073741824.0,107374182.4
HyperX,255,11640209408.0,76.87205188679245,13568,10176,1073741824.0,107374182.4
HyperX,256,11640209408.0,76.87942216981132,13568,10176,1073741824.0,107374182.4
HyperX,257,11640209408.0,76.88679245283019,13568,10176,1073741824.0,107374182.4
HyperX,258,11640209408.0,76.89416273584906,13568,10176,1073741824.0,107374182.4
HyperX,259,11640209408.0,76.90153301886792,13568,10176,1073741824.0,107374182.4
HyperX,260,11640209408.0,76.9089033018868,13568,10176,1073741824.0,107374182.4
HyperX,261,11640209408.0,76.91627358490565,13568,10176,1073741824.0,107374182.4
HyperX,262,11640209408.0,76.92364386792453,13568,10176,1073741824.0,107374182.4
HyperX,263,11640209408.0,76.9310141509434,13568,10176,1073741824.0,107374182.4
HyperX,264,11640209408.0,76.93838443396226,13568,10176,1073741824.0,107374182.4
HyperX,265,11640209408.0,76.94575471698113,13568,10176,1073741824.0,107374182.4
HyperX,266,11640209408.0,76.953125,13568,10176,1073741824.0,107374182.4
HyperX,267,11640209408.0,76.96049528301887,13568,10176,1073741824.0,107374182.4
HyperX,268,11640209408.0,76.96786556603774,13568,10176,1073741824.0,107374182.4
HyperX,269,11640209408.0,76.9752358490566,13568,10176,1073741824.0,107374182.4
HyperX,270,11640209408.0,76.98260613207547,13568,10176,1073741824.0,107374182.4
HyperX,271,11640209408.0,76.98997641509435,13568,10176,1073741824.0,107374182.4
HyperX,272,11640209408.0,76.9973466981132,13568,10176,1073741824.0,107374182.4
HyperX,273,11640209408.0,77.00471698113208,13568,10176,1073741824.0,107374182.4
HyperX,274,11640209408.0,77.01208726415094,13568,10176,1073741824.0,107374182.4
HyperX,275,11640209408.0,77.01945754716981,13568,10176,1073741824.0,107374182.4
HyperX,276,11640209408.0,77.02682783018868,13568,10176,1073741824.0,107374182.4
HyperX,277,11640209408.0,77.03419811320755,13568,10176,1073741824.0,107374182.4
HyperX,278,11640209408.0,77.04156839622641,13568,10176,1073741824.0,107374182.4
HyperX,279,11640209408.0,77.04893867924528,13568,10176,1073741824.0,107374182.4
HyperX,280,11640209408.0,77.05630896226415,13568,10176,1073741824.0,107374182.4
HyperX,281,11640209408.0,77.06367924528303,13568,10176,1073741824.0,107374182.4
HyperX,282,11640209408.0,77.07104952830188,13568,10176,1073741824.0,107374182.4
HyperX,283,11640209408.0,77.07841981132076,13568,10176,1073741824.0,107374182.4
HyperX,284,11640209408.0,77.08579009433963,13568,10176,1073741824.0,107374182.4
HyperX,285,11640209408.0,77.09316037735849,13568,10176,1073741824.0,107374182.4
HyperX,286,11640209408.0,77.10053066037736,13568,10176,1073741824.0,107374182.4
HyperX,287,11640209408.0,77.10790094339622,13568,10176,1073741824.0,107374182.4
HyperX,288,11640209408.0,77.11527122641509,13568,10176,1073741824.0,107374182.4
HyperX,289,11640209408.0,77.12264150943396,13568,10176,1073741824.0,107374182.4
HyperX,290,11640209408.0,77.13001179245283,13568,10176,1073741824.0,107374182.4
HyperX,291,11640209408.0,77.13738207547169,13568,10176,1073741824.0,107374182.4
HyperX,292,11640209408.0,77.14475235849056,13568,10176,1073741824.0,107374182.4
HyperX,293,11640209408.0,77.15212264150944,13568,10176,1073741824.0,107374182.4
HyperX,294,11640209408.0,77.15949292452831,13568,10176,1073741824.0,107374182.4
HyperX,295,11640209408.0,77.16686320754717,13568,10176,1073741824.0,107374182.4
HyperX,296,11640209408.0,77.17423349056604,13568,10176,1073741824.0,107374182.4
HyperX,297,11640209408.0,77.18160377358491,13568,10176,1073741824.0,107374182.4
HyperX,298,11640209408.0,77.18897405660378,13568,10176,1073741824.0,107374182.4
HyperX,299,11640209408.0,77.19634433962264,13568,10176,1073741824.0,107374182.4
HyperX,300,11640209408.0,77.20371462264151,13568,10176,1073741824.0,107374182.4
HyperX,301,11640209408.0,77.21108490566037,13568,10176,1073741824.0,107374182.4
HyperX,302,11640209408.0,77.21845518867924,13568,10176,1073741824.0,107374182.4
HyperX,303,11640209408.0,77.22582547169812,13568,10176,1073741824.0,107374182.4
HyperX,304,11640209408.0,77.23319575471697,13568,10176,1073741824.0,107374182.4
HyperX,305,11640209408.0,77.24056603773585,13568,10176,1073741824.0,107374182.4
HyperX,306,11640209408.0,77.24793632075472,13568,10176,1073741824.0,107374182.4
HyperX,307,11640209408.0,77.25530660377359,13568,10176,1073741824.0,107374182.4
HyperX,308,11640209408.0,77.26267688679245,13568,10176,1073741824.0,107374182.4
HyperX,309,11640209408.0,77.27004716981132,13568,10176,1073741824.0,107374182.4
HyperX,310,11640209408.0,77.27741745283019,13568,10176,1073741824.0,107374182.4
HyperX,311,11640209408.0,77.28478773584906,13568,10176,1073741824.0,107374182.4
HyperX,312,11640209408.0,77.29215801886792,13568,10176,1073741824.0,107374182.4
HyperX,313,11640209408.0,77.2995283018868,13568,10176,1073741824.0,107374182.4
HyperX,314,11640209408.0,77.30689858490565,13568,10176,1073741824.0,107374182.4
HyperX,315,11640209408.0,77.31426886792453,13568,10176,1073741824.0,107374182.4
HyperX,316,11640209408.0,77.3216391509434,13568,10176,1073741824.0,107374182.4
HyperX,317,11640209408.0,77.32900943396226,13568,10176,1073741824.0,107374182.4
HyperX,318,11640209408.0,77.33637971698113,13568,10176,1073741824.0,107374182.4
HyperX,319,11640209408.0,77.34375,13568,10176,1073741824.0,107374182.4
HyperX,320,11640209408.0,77.35112028301887,13568,10176,1073741824.0,107374182.4
HyperX,321,11640209408.0,77.35849056603774,13568,10176,1073741824.0,107374182.4
HyperX,322,11640209408.0,77.3658608490566,13568,10176,1073741824.0,107374182.4
HyperX,323,11640209408.0,77.37323113207547,13568,10176,1073741824.0,107374182.4
HyperX,324,11640209408.0,77.38060141509435,13568,10176,1073741824.0,107374182.4
HyperX,325,11640209408.0,77.3879716981132,13568,10176,1073741824.0,107374182.4
HyperX,326,11640209408.0,77.39534198113208,13568,10176,1073741824.0,107374182.4
HyperX,327,11640209408.0,77.40271226415094,13568,10176,1073741824.0,107374182.4
HyperX,328,11640209408.0,77.41008254716981,13568,10176,1073741824.0,107374182.4
HyperX,329,11640209408.0,77.41745283018868,13568,10176,1073741824.0,107374182.4
HyperX,330,11640209408.0,77.42482311320755,13568,10176,1073741824.0,107374182.4
HyperX,331,11640209408.0,77.43219339622641,13568,10176,1073741824.0,107374182.4
HyperX,332,11640209408.0,77.43956367924528,13568,10176,1073741824.0,107374182.4
HyperX,333,11640209408.0,77.44693396226415,13568,10176,1073741824.0,107374182.4
HyperX,334,11640209408.0,77.45430424528303,13568,10176,1073741824.0,107374182.4
HyperX,335,11640209408.0,77.46167452830188,13568,10176,1073741824.0,107374182.4
HyperX,336,11640209408.0,77.46904481132076,13568,10176,1073741824.0,107374182.4
HyperX,337,11640209408.0,77.47641509433963,13568,10176,1073741824.0,107374182.4
HyperX,338,11640209408.0,77.48378537735849,13568,10176,1073741824.0,107374182.4
HyperX,339,11640209408.0,77.49115566037736,13568,10176,1073741824.0,107374182.4
HyperX,340,11640209408.0,77.49852594339622,13568,10176,1073741824.0,107374182.4
HyperX,341,11640209408.0,77.50589622641509,13568,10176,1073741824.0,107374182.4
HyperX,342,11640209408.0,77.51326650943396,13568,10176,1073741824.0,107374182.4
HyperX,343,11640209408.0,77.52063679245283,13568,10176,1073741824.0,107374182.4
HyperX,344,11640209408.0,77.52800707547169,13568,10176,1073741824.0,107374182.4
HyperX,345,11640209408.0,77.53537735849056,13568,10176,1073741824.0,107374182.4
HyperX,346,11640209408.0,77.54274764150944,13568,10176,1073741824.0,107374182.4
HyperX,347,11640209408.0,77.55011792452831,13568,10176,1073741824.0,107374182.4
HyperX,348,11640209408.0,77.55748820754717,13568,10176,1073741824.0,107374182.4
HyperX,349,11640209408.0,77.56485849056604,13568,10176,1073741824.0,107374182.4
HyperX,350,11640209408.0,77.57222877358491,13568,10176,1073741824.0,107374182.4
HyperX,351,11640209408.0,77.57959905660378,13568,10176,1073741824.0,107374182.4
HyperX,352,11640209408.0,77.58696933962264,13568,10176,1073741824.0,107374182.4
HyperX,353,11640209408.0,77.59433962264151,13568,10176,1073741824.0,107374182.4
HyperX,354,11640209408.0,77.60170990566037,13568,10176,1073741824.0,107374182.4
HyperX,355,11640209408.0,77.60908018867924,13568,10176,1073741824.0,107374182.4
HyperX,356,11640209408.0,77.61645047169812,13568,10176,1073741824.0,107374182.4
HyperX,357,11640209408.0,77.62382075471697,13568,10176,1073741824.0,107374182.4
HyperX,358,11640209408.0,77.63119103773585,13568,10176,1073741824.0,107374182.4
HyperX,359,11640209408.0,77.63856132075472,13568,10176,1073741824.0,107374182.4
HyperX,360,11640209408.0,77.64593160377359,13568,10176,1073741824.0,107374182.4
HyperX,361,11640209408.0,77.65330188679245,13568,10176,1073741824.0,107374182.4
HyperX,362,11640209408.0,77.66067216981132,13568,10176,1073741824.0,107374182.4
HyperX,363,11640209408.0,77.66804245283019,13568,10176,1073741824.0,107374182.4
HyperX,364,11640209408.0,77.67541273584906,13568,10176,1073741824.0,107374182.4
HyperX,365,11640209408.0,77.68278301886792,13568,10176,1073741824.0,107374182.4
HyperX,366,11640209408.0,77.6901533018868,13568,10176,1073741824.0,107374182.4
HyperX,367,11640209408.0,77.69752358490565,13568,10176,1073741824.0,107374182.4
HyperX,368,11640209408.0,77.70489386792453,13568,10176,1073741824.0,107374182.4
HyperX,369,11640209408.0,77.7122641509434,13568,10176,1073741824.0,107374182.4
HyperX,370,11640209408.0,77.71963443396226,13568,10176,1073741824.0,107374182.4
HyperX,371,11640209408.0,77.72700471698113,13568,10176,1073741824.0,107374182.4
HyperX,372,11640209408.0,77.734375,13568,10176,1073741824.0,107374182.4
HyperX,373,11640209408.0,77.74174528301887,13568,10176,1073741824.0,107374182.4
HyperX,374,11640209408.0,77.74911556603774,13568,10176,1073741824.0,107374182.4
HyperX,375,11640209408.0,77.7564858490566,13568,10176,1073741824.0,107374182.4
HyperX,376,11640209408.0,77.76385613207547,13568,10176,1073741824.0,107374182.4
HyperX,377,11640209408.0,77.77122641509435,13568,10176,1073741824.0,107374182.4
HyperX,378,11640209408.0,77.7785966981132,13568,10176,1073741824.0,107374182.4
HyperX,379,11640209408.0,77.78596698113208,13568,10176,1073741824.0,107374182.4
HyperX,380,11640209408.0,77.79333726415094,13568,10176,1073741824.0,107374182.4
HyperX,381,11640209408.0,77.80070754716981,13568,10176,1073741824.0,107374182.4
HyperX,382,11640209408.0,77.80807783018868,13568,10176,1073741824.0,107374182.4
HyperX,383,11640209408.0,77.81544811320755,13568,10176,1073741824.0,107374182.4
HyperX,384,11640209408.0,77.82281839622641,13568,10176,1073741824.0,107374182.4
HyperX,385,11640209408.0,77.83018867924528,13568,10176,1073741824.0,107374182.4
HyperX,386,11640209408.0,77.83755896226415,13568,10176,1073741824.0,107374182.4
HyperX,387,11640209408.0,77.84492924528303,13568,10176,1073741824.0,107374182.4
HyperX,388,11640209408.0,77.85229952830188,13568,10176,1073741824.0,107374182.4
HyperX,389,11640209408.0,77.85966981132076,13568,10176,1073741824.0,107374182.4
HyperX,390,11640209408.0,77.86704009433963,13568,10176,1073741824.0,107374182.4
HyperX,391,11640209408.0,77.87441037735849,13568,10176,1073741824.0,107374182.4
HyperX,392,11640209408.0,77.88178066037736,13568,10176,1073741824.0,107374182.4
HyperX,393,11640209408.0,77.88915094339622,13568,10176,1073741824.0,107374182.4
HyperX,394,11640209408.0,77.89652122641509,13568,10176,1073741824.0,107374182.4
HyperX,395,11640209408.0,77.90389150943396,13568,10176,1073741824.0,107374182.4
HyperX,396,11640209408.0,77.91126179245283,13568,10176,1073741824.0,107374182.4
HyperX,397,11640209408.0,77.91863207547169,13568,10176,1073741824.0,107374182.4
HyperX,398,11640209408.0,77.92600235849056,13568,10176,1073741824.0,107374182.4
HyperX,399,11640209408.0,77.93337264150944,13568,10176,1073741824.0,107374182.4
HyperX,400,11640209408.0,77.94074292452831,13568,10176,1073741824.0,107374182.4
HyperX,401,11640209408.0,77.94811320754717,13568,10176,1073741824.0,107374182.4
HyperX,402,11640209408.0,77.95548349056604,13568,10176,1073741824.0,107374182.4
HyperX,403,11640209408.0,77.96285377358491,13568,10176,1073741824.0,107374182.4
HyperX,404,11640209408.0,77.97022405660378,13568,10176,1073741824.0,107374182.4
HyperX,405,11640209408.0,77.97759433962264,13568,10176,1073741824.0,107374182.4
HyperX,406,11640209408.0,77.98496462264151,13568,10176,1073741824.0,107374182.4
HyperX,407,11640209408.0,77.99233490566037,13568,10176,1073741824.0,107374182.4
HyperX,408,11640209408.0,77.99970518867924,13568,10176,1073741824.0,107374182.4
HyperX,409,11640209408.0,78.00707547169812,13568,10176,1073741824.0,107374182.4
HyperX,410,11640209408.0,78.01444575471697,13568,10176,1073741824.0,107374182.4
HyperX,411,11640209408.0,78.02181603773585,13568,10176,1073741824.0,107374182.4
HyperX,412,11640209408.0,78.02918632075472,13568,10176,1073741824.0,107374182.4
HyperX,413,11640209408.0,78.03655660377359,13568,10176,1073741824.0,107374182.4
HyperX,414,11640209408.0,78.04392688679245,13568,10176,1073741824.0,107374182.4
HyperX,415,11640209408.0,78.05129716981132,13568,10176,1073741824.0,107374182.4
HyperX,416,11640209408.0,78.05866745283019,13568,10176,1073741824.0,107374182.4
HyperX,417,11640209408.0,78.06603773584906,13568,10176,1073741824.0,107374182.4
HyperX,418,11640209408.0,78.07340801886792,13568,10176,1073741824.0,107374182.4
HyperX,419,11640209408.0,78.0807783018868,13568,10176,1073741824.0,107374182.4
HyperX,420,11640209408.0,78.08814858490565,13568,10176,1073741824.0,107374182.4
HyperX,421,11640209408.0,78.09551886792453,13568,10176,1073741824.0,107374182.4
HyperX,422,11640209408.0,78.1028891509434,13568,10176,1073741824.0,107374182.4
HyperX,423,11640209408.0,78.11025943396226,13568,10176,1073741824.0,107374182.4
HyperX,424,11640209408.0,78.11762971698113,13568,10176,1073741824.0,107374182.4
HyperX,425,11640209408.0,78.125,13568,10176,1073741824.0,107374182.4
HyperX,426,11640209408.0,78.13237028301887,13568,10176,1073741824.0,107374182.4
HyperX,427,11640209408.0,78.13974056603774,13568,10176,1073741824.0,107374182.4
HyperX,428,11640209408.0,78.1471108490566,13568,10176,1073741824.0,107374182.4
HyperX,429,11640209408.0,78.15448113207547,13568,10176,1073741824.0,107374182.4
HyperX,430,11640209408.0,78.16185141509435,13568,10176,1073741824.0,107374182.4
HyperX,431,11640209408.0,78.1692216981132,13568,10176,1073741824.0,107374182.4
HyperX,432,11640209408.0,78.17659198113208,13568,10176,1073741824.0,107374182.4
HyperX,433,11640209408.0,78.18396226415094,13568,10176,1073741824.0,107374182.4
HyperX,434,11640209408.0,78.19133254716981,13568,10176,1073741824.0,107374182.4
HyperX,435,11640209408.0,78.19870283018868,13568,10176,1073741824.0,107374182.4
HyperX,436,11640209408.0,78.20607311320755,13568,10176,1073741824.0,107374182.4
HyperX,437,11640209408.0,78.21344339622641,13568,10176,1073741824.0,107374182.4
HyperX,438,11640209408.0,78.22081367924528,13568,10176,1073741824.0,107374182.4
HyperX,439,11640209408.0,78.22818396226415,13568,10176,1073741824.0,107374182.4
HyperX,440,11640209408.0,78.23555424528303,13568,10176,1073741824.0,107374182.4
HyperX,441,11640209408.0,78.24292452830188,13568,10176,1073741824.0,107374182.4
HyperX,442,11640209408.0,78.25029481132076,13568,10176,1073741824.0,107374182.4
HyperX,443,11640209408.0,78.25766509433963,13568,10176,1073741824.0,107374182.4
HyperX,444,11640209408.0,78.26503537735849,13568,10176,1073741824.0,107374182.4
HyperX,445,11640209408.0,78.27240566037736,13568,10176,1073741824.0,107374182.4
HyperX,446,11640209408.0,78.27977594339622,13568,10176,1073741824.0,107374182.4
HyperX,447,11640209408.0,78.28714622641509,13568,10176,1073741824.0,107374182.4
HyperX,448,11640209408.0,78.29451650943396,13568,10176,1073741824.0,107374182.4
HyperX,449,11640209408.0,78.30188679245283,13568,10176,1073741824.0,107374182.4
HyperX,450,11640209408.0,78.30925707547169,13568,10176,1073741824.0,107374182.4
HyperX,451,11640209408.0,78.31662735849056,13568,10176,1073741824.0,107374182.4
HyperX,452,11640209408.0,78.32399764150944,13568,10176,1073741824.0,107374182.4
HyperX,453,11640209408.0,78.33136792452831,13568,10176,1073741824.0,107374182.4
HyperX,454,11640209408.0,78.33873820754717,13568,10176,1073741824.0,107374182.4
HyperX,455,11640209408.0,78.34610849056604,13568,10176,1073741824.0,107374182.4
HyperX,456,11640209408.0,78.35347877358491,13568,10176,1073741824.0,107374182.4
HyperX,457,11640209408.0,78.36084905660378,13568,10176,1073741824.0,107374182.4
HyperX,458,11640209408.0,78.36821933962264,13568,10176,1073741824.0,107374182.4
HyperX,459,11640209408.0,78.37558962264151,13568,10176,1073741824.0,107374182.4
HyperX,460,11640209408.0,78.38295990566037,13568,10176,1073741824.0,107374182.4
HyperX,461,11640209408.0,78.39033018867924,13568,10176,1073741824.0,107374182.4
HyperX,462,11640209408.0,78.39770047169812,13568,10176,1073741824.0,107374182.4
HyperX,463,11640209408.0,78.40507075471697,13568,10176,1073741824.0,107374182.4
HyperX,464,11640209408.0,78.41244103773585,13568,10176,1073741824.0,107374182.4
HyperX,465,11640209408.0,78.41981132075472,13568,10176,1073741824.0,107374182.4
HyperX,466,11640209408.0,78.42718160377359,13568,10176,1073741824.0,107374182.4
HyperX,467,11640209408.0,78.43455188679245,13568,10176,1073741824.0,107374182.4
HyperX,468,11640209408.0,78.44192216981132,13568,10176,1073741824.0,107374182.4
HyperX,469,11640209408.0,78.44929245283019,13568,10176,1073741824.0,107374182.4
HyperX,470,11640209408.0,78.45666273584906,13568,10176,1073741824.0,107374182.4
HyperX,471,11640209408.0,78.46403301886792,13568,10176,1073741824.0,107374182.4
HyperX,472,11640209408.0,78.4714033018868,13568,10176,1073741824.0,107374182.4
HyperX,473,11640209408.0,78.47877358490565,13568,10176,1073741824.0,107374182.4
HyperX,474,11640209408.0,78.48614386792453,13568,10176,1073741824.0,107374182.4
HyperX,475,11640209408.0,78.4935141509434,13568,10176,1073741824.0,107374182.4
HyperX,476,11640209408.0,78.50088443396226,13568,10176,1073741824.0,107374182.4
HyperX,477,11640209408.0,78.50825471698113,13568,10176,1073741824.0,107374182.4
HyperX,478,11640209408.0,78.515625,13568,10176,1073741824.0,107374182.4
HyperX,479,11640209408.0,78.52299528301887,13568,10176,1073741824.0,107374182.4
HyperX,480,11640209408.0,78.53036556603774,13568,10176,1073741824.0,107374182.4
HyperX,481,11640209408.0,78.5377358490566,13568,10176,1073741824.0,107374182.4
HyperX,482,11640209408.0,78.54510613207547,13568,10176,1073741824.0,107374182.4
HyperX,483,11640209408.0,78.55247641509435,13568,10176,1073741824.0,107374182.4
HyperX,484,11640209408.0,78.5598466981132,13568,10176,1073741824.0,107374182.4
HyperX,485,11640209408.0,78.56721698113208,13568,10176,1073741824.0,107374182.4
HyperX,486,11640209408.0,78.57458726415094,13568,10176,1073741824.0,107374182.4
HyperX,487,11640209408.0,78.58195754716981,13568,10176,1073741824.0,107374182.4
HyperX,488,11640209408.0,78.58932783018868,13568,10176,1073741824.0,107374182.4
HyperX,489,11640209408.0,78.59669811320755,13568,10176,1073741824.0,107374182.4
HyperX,490,11640209408.0,78.60406839622641,13568,10176,1073741824.0,107374182.4
HyperX,491,11640209408.0,78.61143867924528,13568,10176,1073741824.0,107374182.4
HyperX,492,11640209408.0,78.61880896226415,13568,10176,1073741824.0,107374182.4
HyperX,493,11640209408.0,78.62617924528303,13568,10176,1073741824.0,107374182.4
HyperX,494,11640209408.0,78.63354952830188,13568,10176,1073741824.0,107374182.4
HyperX,495,11640209408.0,78.64091981132076,13568,10176,1073741824.0,107374182.4
HyperX,496,11640209408.0,78.64829009433963,13568,10176,1073741824.0,107374182.4
HyperX,497,11640209408.0,78.65566037735849,13568,10176,1073741824.0,107374182.4
HyperX,498,11640209408.0,78.66303066037736,13568,10176,1073741824.0,107374182.4
HyperX,499,11640209408.0,78.67040094339622,13568,10176,1073741824.0,107374182.4
HyperX,500,11640209408.0,78.67777122641509,13568,10176,1073741824.0,107374182.4
HyperX,501,11640209408.0,78.68514150943396,13568,10176,1073741824.0,107374182.4
HyperX,502,11640209408.0,78.69251179245283,13568,10176,1073741824.0,107374182.4
HyperX,503,11640209408.0,78.69988207547169,13568,10176,1073741824.0,107374182.4
HyperX,504,11640209408.0,78.70725235849056,13568,10176,1073741824.0,107374182.4
HyperX,505,11640209408.0,78.71462264150944,13568,10176,1073741824.0,107374182.4
HyperX,506,11640209408.0,78.72199292452831,13568,10176,1073741824.0,107374182.4
HyperX,507,11640209408.0,78.72936320754717,13568,10176,1073741824.0,107374182.4
HyperX,508,11640209408.0,78.73673349056604,13568,10176,1073741824.0,107374182.4
HyperX,509,11640209408.0,78.74410377358491,13568,10176,1073741824.0,107374182.4
HyperX,510,11640209408.0,78.75147405660378,13568,10176,1073741824.0,107374182.4
HyperX,511,11640209408.0,78.75884433962264,13568,10176,1073741824.0,107374182.4
HyperX,512,11640209408.0,78.76621462264151,13568,10176,1073741824.0,107374182.4
HyperX,513,11640209408.0,78.77358490566037,13568,10176,1073741824.0,107374182.4
HyperX,514,11640209408.0,78.78095518867924,13568,10176,1073741824.0,107374182.4
HyperX,515,11640209408.0,78.78832547169812,13568,10176,1073741824.0,107374182.4
HyperX,516,11640209408.0,78.79569575471697,13568,10176,1073741824.0,107374182.4
HyperX,517,11640209408.0,78.80306603773585,13568,10176,1073741824.0,107374182.4
HyperX,518,11640209408.0,78.81043632075472,13568,10176,1073741824.0,107374182.4
HyperX,519,11640209408.0,78.81780660377359,13568,10176,1073741824.0,107374182.4
HyperX,520,11640209408.0,78.82517688679245,13568,10176,1073741824.0,107374182.4
HyperX,521,11640209408.0,78.83254716981132,13568,10176,1073741824.0,107374182.4
HyperX,522,11640209408.0,78.83991745283019,13568,10176,1073741824.0,107374182.4
HyperX,523,11640209408.0,78.84728773584906,13568,10176,1073741824.0,107374182.4
HyperX,524,11640209408.0,78.85465801886792,13568,10176,1073741824.0,107374182.4
HyperX,525,11640209408.0,78.8620283018868,13568,10176,1073741824.0,107374182.4
HyperX,526,11640209408.0,78.86939858490565,13568,10176,1073741824.0,107374182.4
HyperX,527,11640209408.0,78.87676886792453,13568,10176,1073741824.0,107374182.4
HyperX,528,11640209408.0,78.8841391509434,13568,10176,1073741824.0,107374182.4
HyperX,529,11640209408.0,78.89150943396226,13568,10176,1073741824.0,107374182.4
HyperX,530,11640209408.0,78.89887971698113,13568,10176,1073741824.0,107374182.4
HyperX,531,11640209408.0,78.90625,13568,10176,1073741824.0,107374182.4
HyperX,532,11640209408.0,78.91362028301887,13568,10176,1073741824.0,107374182.4
HyperX,533,11640209408.0,78.92099056603774,13568,10176,1073741824.0,107374182.4
HyperX,534,11640209408.0,78.9283608490566,13568,10176,1073741824.0,107374182.4
HyperX,535,11640209408.0,78.93573113207547,13568,10176,1073741824.0,107374182.4
HyperX,536,11640209408.0,78.94310141509435,13568,10176,1073741824.0,107374182.4
HyperX,537,11640209408.0,78.9504716981132,13568,10176,1073741824.0,107374182.4
HyperX,538,11640209408.0,78.95784198113208,13568,10176,1073741824.0,107374182.4
HyperX,539,11640209408.0,78.96521226415094,13568,10176,1073741824.0,107374182.4
HyperX,540,11640209408.0,78.97258254716981,13568,10176,1073741824.0,107374182.4
HyperX,541,11640209408.0,78.97995283018868,13568,10176,1073741824.0,107374182.4
HyperX,542,11640209408.0,78.98732311320755,13568,10176,1073741824.0,107374182.4
HyperX,543,11640209408.0,78.99469339622641,13568,10176,1073741824.0,107374182.4
HyperX,544,11640209408.0,79.00206367924528,13568,10176,1073741824.0,107374182.4
HyperX,545,11640209408.0,79.00943396226415,13568,10176,1073741824.0,107374182.4
HyperX,546,11640209408.0,79.01680424528303,13568,10176,1073741824.0,107374182.4
HyperX,547,11640209408.0,79.02417452830188,13568,10176,1073741824.0,107374182.4
HyperX,548,11640209408.0,79.03154481132076,13568,10176,1073741824.0,107374182.4
HyperX,549,11640209408.0,79.03891509433963,13568,10176,1073741824.0,107374182.4
HyperX,550,11640209408.0,79.04628537735849,13568,10176,1073741824.0,107374182.4
HyperX,551,11640209408.0,79.05365566037736,13568,10176,1073741824.0,107374182.4
HyperX,552,11640209408.0,79.06102594339622,13568,10176,1073741824.0,107374182.4
HyperX,553,11640209408.0,79.06839622641509,13568,10176,1073741824.0,107374182.4
HyperX,554,11640209408.0,79.07576650943396,13568,10176,1073741824.0,107374182.4
HyperX,555,11640209408.0,79.08313679245283,13568,10176,1073741824.0,107374182.4
HyperX,556,11640209408.0,79.09050707547169,13568,10176,1073741824.0,107374182.4
HyperX,557,11640209408.0,79.09787735849056,13568,10176,1073741824.0,107374182.4
HyperX,558,11640209408.0,79.10524764150944,13568,10176,1073741824.0,107374182.4
HyperX,559,11640209408.0,79.11261792452831,13568,10176,1073741824.0,107374182.4
HyperX,560,11640209408.0,79.11998820754717,13568,10176,1073741824.0,107374182.4
HyperX,561,11640209408.0,79.12735849056604,13568,10176,1073741824.0,107374182.4
HyperX,562,11640209408.0,79.13472877358491,13568,10176,1073741824.0,107374182.4
HyperX,563,11640209408.0,79.14209905660378,13568,10176,1073741824.0,107374182.4
HyperX,564,11640209408.0,79.14946933962264,13568,10176,1073741824.0,107374182.4
HyperX,565,11640209408.0,79.15683962264151,13568,10176,1073741824.0,107374182.4
HyperX,566,11640209408.0,79.16420990566037,13568,10176,1073741824.0,107374182.4
HyperX,567,11640209408.0,79.17158018867924,13568,10176,1073741824.0,107374182.4
HyperX,568,11640209408.0,79.17895047169812,13568,10176,1073741824.0,107374182.4
HyperX,569,11640209408.0,79.18632075471697,13568,10176,1073741824.0,107374182.4
HyperX,570,11640209408.0,79.19369103773585,13568,10176,1073741824.0,107374182.4
HyperX,571,11640209408.0,79.20106132075472,13568,10176,1073741824.0,107374182.4
HyperX,572,11640209408.0,79.20843160377359,13568,10176,1073741824.0,107374182.4
HyperX,573,11640209408.0,79.21580188679245,13568,10176,1073741824.0,107374182.4
HyperX,574,11640209408.0,79.22317216981132,13568,10176,1073741824.0,107374182.4
HyperX,575,11640209408.0,79.23054245283019,13568,10176,1073741824.0,107374182.4
HyperX,576,11640209408.0,79.23791273584906,13568,10176,1073741824.0,107374182.4
HyperX,577,11640209408.0,79.24528301886792,13568,10176,1073741824.0,107374182.4
HyperX,578,11640209408.0,79.2526533018868,13568,10176,1073741824.0,107374182.4
HyperX,579,11640209408.0,79.26002358490565,13568,10176,1073741824.0,107374182.4
HyperX,580,11640209408.0,79.26739386792453,13568,10176,1073741824.0,107374182.4
HyperX,581,11640209408.0,79.2747641509434,13568,10176,1073741824.0,107374182.4
HyperX,582,11640209408.0,79.28213443396226,13568,10176,1073741824.0,107374182.4
HyperX,583,11640209408.0,79.28950471698113,13568,10176,1073741824.0,107374182.4
HyperX,584,11640209408.0,79.296875,13568,10176,1073741824.0,107374182.4
HyperX,585,11640209408.0,79.30424528301887,13568,10176,1073741824.0,107374182.4
HyperX,586,11640209408.0,79.31161556603774,13568,10176,1073741824.0,107374182.4
HyperX,587,11640209408.0,79.3189858490566,13568,10176,1073741824.0,107374182.4
HyperX,588,11640209408.0,79.32635613207547,13568,10176,1073741824.0,107374182.4
HyperX,589,11640209408.0,79.33372641509435,13568,10176,1073741824.0,107374182.4
HyperX,590,11640209408.0,79.3410966981132,13568,10176,1073741824.0,107374182.4
HyperX,591,11640209408.0,79.34846698113208,13568,10176,1073741824.0,107374182.4
HyperX,592,11640209408.0,79.35583726415094,13568,10176,1073741824.0,107374182.4
HyperX,593,11640209408.0,79.36320754716981,13568,10176,1073741824.0,107374182.4
HyperX,594,11640209408.0,79.37057783018868,13568,10176,1073741824.0,107374182.4
HyperX,595,11640209408.0,79.37794811320755,13568,10176,1073741824.0,107374182.4
HyperX,596,11640209408.0,79.38531839622641,13568,10176,1073741824.0,107374182.4
HyperX,597,11640209408.0,79.39268867924528,13568,10176,1073741824.0,107374182.4
HyperX,598,11640209408.0,79.40005896226415,13568,10176,1073741824.0,107374182.4
HyperX,599,11640209408.0,79.40742924528303,13568,10176,1073741824.0,107374182.4
HyperX,600,11640209408.0,79.41479952830188,13568,10176,1073741824.0,107374182.4
HyperX,601,11640209408.0,79.42216981132076,13568,10176,1073741824.0,107374182.4
HyperX,602,11640209408.0,79.42954009433963,13568,10176,1073741824.0,107374182.4
HyperX,603,11640209408.0,79.43691037735849,13568,10176,1073741824.0,107374182.4
HyperX,604,11640209408.0,79.44428066037736,13568,10176,1073741824.0,107374182.4
HyperX,605,11640209408.0,79.45165094339622,13568,10176,1073741824.0,107374182.4
HyperX,606,11640209408.0,79.45902122641509,13568,10176,1073741824.0,107374182.4
HyperX,607,11640209408.0,79.46639150943396,13568,10176,1073741824.0,107374182.4
HyperX,608,11640209408.0,79.47376179245283,13568,10176,1073741824.0,107374182.4
HyperX,609,11640209408.0,79.48113207547169,13568,10176,1073741824.0,107374182.4
HyperX,610,11640209408.0,79.48850235849056,13568,10176,1073741824.0,107374182.4
HyperX,611,11640209408.0,79.49587264150944,13568,10176,1073741824.0,107374182.4
HyperX,612,11640209408.0,79.50324292452831,13568,10176,1073741824.0,107374182.4
HyperX,613,11640209408.0,79.51061320754717,13568,10176,1073741824.0,107374182.4
HyperX,614,11640209408.0,79.51798349056604,13568,10176,1073741824.0,107374182.4
HyperX,615,11640209408.0,79.52535377358491,13568,10176,1073741824.0,107374182.4
HyperX,616,11640209408.0,79.53272405660378,13568,10176,1073741824.0,107374182.4
HyperX,617,11640209408.0,79.54009433962264,13568,10176,1073741824.0,107374182.4
HyperX,618,11640209408.0,79.54746462264151,13568,10176,1073741824.0,107374182.4
HyperX,619,11640209408.0,79.55483490566037,13568,10176,1073741824.0,107374182.4
HyperX,620,11640209408.0,79.56220518867924,13568,10176,1073741824.0,107374182.4
HyperX,621,11640209408.0,79.56957547169812,13568,10176,1073741824.0,107374182.4
HyperX,622,11640209408.0,79.57694575471697,13568,10176,1073741824.0,107374182.4
HyperX,623,11640209408.0,79.58431603773585,13568,10176,1073741824.0,107374182.4
HyperX,624,11640209408.0,79.59168632075472,13568,10176,1073741824.0,107374182.4
HyperX,625,11640209408.0,79.59905660377359,13568,10176,1073741824.0,107374182.4
HyperX,626,11640209408.0,79.60642688679245,13568,10176,1073741824.0,107374182.4
HyperX,627,11640209408.0,79.61379716981132,13568,10176,1073741824.0,107374182.4
HyperX,628,11640209408.0,79.62116745283019,13568,10176,1073741824.0,107374182.4
HyperX,629,11640209408.0,79.62853773584906,13568,10176,1073741824.0,107374182.4
HyperX,630,11640209408.0,79.63590801886792,13568,10176,1073741824.0,107374182.4
HyperX,631,11640209408.0,79.6432783018868,13568,10176,1073741824.0,107374182.4
HyperX,632,11640209408.0,79.65064858490565,13568,10176,1073741824.0,107374182.4
HyperX,633,11640209408.0,79.65801886792453,13568,10176,1073741824.0,107374182.4
HyperX,634,11640209408.0,79.6653891509434,13568,10176,1073741824.0,107374182.4
HyperX,635,11640209408.0,79.67275943396226,13568,10176,1073741824.0,107374182.4
HyperX,636,11640209408.0,79.68012971698113,13568,10176,1073741824.0,107374182.4
HyperX,637,11640209408.0,79.6875,13568,10176,1073741824.0,107374182.4
HyperX,638,11640209408.0,79.69487028301887,13568,10176,1073741824.0,107374182.4
HyperX,639,11640209408.0,79.70224056603774,13568,10176,1073741824.0,107374182.4
HyperX,640,11640209408.0,79.7096108490566,13568,10176,1073741824.0,107374182.4
HyperX,641,11640209408.0,79.71698113207547,13568,10176,1073741824.0,107374182.4
HyperX,642,11640209408.0,79.72435141509435,13568,10176,1073741824.0,107374182.4
HyperX,643,11640209408.0,79.7317216981132,13568,10176,1073741824.0,107374182.4
HyperX,644,11640209408.0,79.73909198113208,13568,10176,1073741824.0,107374182.4
HyperX,645,11640209408.0,79.74646226415094,13568,10176,1073741824.0,107374182.4
HyperX,646,11640209408.0,79.75383254716981,13568,10176,1073741824.0,107374182.4
HyperX,647,11640209408.0,79.76120283018868,13568,10176,1073741824.0,107374182.4
HyperX,648,11640209408.0,79.76857311320755,13568,10176,1073741824.0,107374182.4
HyperX,649,11640209408.0,79.77594339622641,13568,10176,1073741824.0,107374182.4
HyperX,650,11640209408.0,79.78331367924528,13568,10176,1073741824.0,107374182.4
HyperX,651,11640209408.0,79.79068396226415,13568,10176,1073741824.0,107374182.4
HyperX,652,11640209408.0,79.79805424528303,13568,10176,1073741824.0,107374182.4
HyperX,653,11640209408.0,79.80542452830188,13568,10176,1073741824.0,107374182.4
HyperX,654,11640209408.0,79.81279481132076,13568,10176,1073741824.0,107374182.4
HyperX,655,11640209408.0,79.82016509433963,13568,10176,1073741824.0,107374182.4
HyperX,656,11640209408.0,79.82753537735849,13568,10176,1073741824.0,107374182.4
HyperX,657,11640209408.0,79.83490566037736,13568,10176,1073741824.0,107374182.4
HyperX,658,11640209408.0,79.84227594339622,13568,10176,1073741824.0,107374182.4
HyperX,659,11640209408.0,79.84964622641509,13568,10176,1073741824.0,107374182.4
HyperX,660,11640209408.0,79.85701650943396,13568,10176,1073741824.0,107374182.4
HyperX,661,11640209408.0,79.86438679245283,13568,10176,1073741824.0,107374182.4
HyperX,662,11640209408.0,79.87175707547169,13568,10176,1073741824.0,107374182.4
HyperX,663,11640209408.0,79.87912735849056,13568,10176,1073741824.0,107374182.4
HyperX,664,11640209408.0,79.88649764150944,13568,10176,1073741824.0,107374182.4
HyperX,665,11640209408.0,79.89386792452831,13568,10176,1073741824.0,107374182.4
HyperX,666,11640209408.0,79.90123820754717,13568,10176,1073741824.0,107374182.4
HyperX,667,11640209408.0,79.90860849056604,13568,10176,1073741824.0,107374182.4
HyperX,668,11640209408.0,79.91597877358491,13568,10176,1073741824.0,107374182.4
HyperX,669,11640209408.0,79.92334905660378,13568,10176,1073741824.0,107374182.4
HyperX,670,11640209408.0,79.93071933962264,13568,10176,1073741824.0,107374182.4
HyperX,671,11640209408.0,79.93808962264151,13568,10176,1073741824.0,107374182.4
HyperX,672,11640209408.0,79.94545990566037,13568,10176,1073741824.0,107374182.4
HyperX,673,11640209408.0,79.95283018867924,13568,10176,1073741824.0,107374182.4
HyperX,674,11640209408.0,79.96020047169812,13568,10176,1073741824.0,107374182.4
HyperX,675,11640209408.0,79.96757075471697,13568,10176,1073741824.0,107374182.4
HyperX,676,11640209408.0,79.97494103773585,13568,10176,1073741824.0,107374182.4
HyperX,677,11640209408.0,79.98231132075472,13568,10176,1073741824.0,107374182.4
HyperX,678,11640209408.0,79.98968160377359,13568,10176,1073741824.0,107374182.4
HyperX,679,11640209408.0,79.99705188679245,13568,10176,1073741824.0,107374182.4
HyperX,680,11640209408.0,80.00442216981132,13568,10176,1073741824.0,107374182.4
HyperX,681,11640209408.0,80.01179245283019,13568,10176,1073741824.0,107374182.4
HyperX,682,11640209408.0,80.01916273584906,13568,10176,1073741824.0,107374182.4
HyperX,683,11640209408.0,80.02653301886792,13568,10176,1073741824.0,107374182.4
HyperX,684,11640209408.0,80.0339033018868,13568,10176,1073741824.0,107374182.4
HyperX,685,11640209408.0,80.04127358490565,13568,10176,1073741824.0,107374182.4
HyperX,686,11640209408.0,80.04864386792453,13568,10176,1073741824.0,107374182.4
HyperX,687,11640209408.0,80.0560141509434,13568,10176,1073741824.0,107374182.4
HyperX,688,11640209408.0,80.06338443396226,13568,10176,1073741824.0,107374182.4
HyperX,689,11640209408.0,80.07075471698113,13568,10176,1073741824.0,107374182.4
HyperX,690,11640209408.0,80.078125,13568,10176,1073741824.0,107374182.4
HyperX,691,11640209408.0,80.08549528301887,13568,10176,1073741824.0,107374182.4
HyperX,692,11640209408.0,80.09286556603774,13568,10176,1073741824.0,107374182.4
HyperX,693,11640209408.0,80.1002358490566,13568,10176,1073741824.0,107374182.4
HyperX,694,11640209408.0,80.10760613207547,13568,10176,1073741824.0,107374182.4
HyperX,695,11640209408.0,80.11497641509435,13568,10176,1073741824.0,107374182.4
HyperX,696,11640209408.0,80.1223466981132,13568,10176,1073741824.0,107374182.4
HyperX,697,11640209408.0,80.12971698113208,13568,10176,1073741824.0,107374182.4
HyperX,698,11640209408.0,80.13708726415094,13568,10176,1073741824.0,107374182.4
HyperX,699,11640209408.0,80.14445754716981,13568,10176,1073741824.0,107374182.4
HyperX,700,11640209408.0,80.15182783018868,13568,10176,1073741824.0,107374182.4
HyperX,701,11640209408.0,80.15919811320755,13568,10176,1073741824.0,107374182.4
HyperX,702,11640209408.0,80.16656839622641,13568,10176,1073741824.0,107374182.4
HyperX,703,11640209408.0,80.17393867924528,13568,10176,1073741824.0,107374182.4
HyperX,704,11640209408.0,80.18130896226415,13568,10176,1073741824.0,107374182.4
HyperX,705,11640209408.0,80.18867924528303,13568,10176,1073741824.0,107374182.4
HyperX,706,11640209408.0,80.19604952830188,13568,10176,1073741824.0,107374182.4
HyperX,707,11640209408.0,80.20341981132076,13568,10176,1073741824.0,107374182.4
HyperX,708,11640209408.0,80.21079009433963,13568,10176,1073741824.0,107374182.4
HyperX,709,11640209408.0,80.21816037735849,13568,10176,1073741824.0,107374182.4
HyperX,710,11640209408.0,80.22553066037736,13568,10176,1073741824.0,107374182.4
HyperX,711,11640209408.0,80.23290094339622,13568,10176,1073741824.0,107374182.4
HyperX,712,11640209408.0,80.24027122641509,13568,10176,1073741824.0,107374182.4
HyperX,713,11640209408.0,80.24764150943396,13568,10176,1073741824.0,107374182.4
HyperX,714,11640209408.0,80.25501179245283,13568,10176,1073741824.0,107374182.4
HyperX,715,11640209408.0,80.26238207547169,13568,10176,1073741824.0,107374182.4
HyperX,716,11640209408.0,80.26975235849056,13568,10176,1073741824.0,107374182.4
HyperX,717,11640209408.0,80.27712264150944,13568,10176,1073741824.0,107374182.4
HyperX,718,11640209408.0,80.28449292452831,13568,10176,1073741824.0,107374182.4
HyperX,719,11640209408.0,80.29186320754717,13568,10176,1073741824.0,107374182.4
HyperX,720,11640209408.0,80.29923349056604,13568,10176,1073741824.0,107374182.4
HyperX,721,11640209408.0,80.30660377358491,13568,10176,1073741824.0,107374182.4
HyperX,722,11640209408.0,80.31397405660378,13568,10176,1073741824.0,107374182.4
HyperX,723,11640209408.0,80.32134433962264,13568,10176,1073741824.0,107374182.4
HyperX,724,11640209408.0,80.32871462264151,13568,10176,1073741824.0,107374182.4
HyperX,725,11640209408.0,80.33608490566037,13568,10176,1073741824.0,107374182.4
HyperX,726,11640209408.0,80.34345518867924,13568,10176,1073741824.0,107374182.4
HyperX,727,11640209408.0,80.35082547169812,13568,10176,1073741824.0,107374182.4
HyperX,728,11640209408.0,80.35819575471697,13568,10176,1073741824.0,107374182.4
HyperX,729,11640209408.0,80.36556603773585,13568,10176,1073741824.0,107374182.4
HyperX,730,11640209408.0,80.37293632075472,13568,10176,1073741824.0,107374182.4
HyperX,731,11640209408.0,80.38030660377359,13568,10176,1073741824.0,107374182.4
HyperX,732,11640209408.0,80.38767688679245,13568,10176,1073741824.0,107374182.4
HyperX,733,11640209408.0,80.39504716981132,13568,10176,1073741824.0,107374182.4
HyperX,734,11640209408.0,80.40241745283019,13568,10176,1073741824.0,107374182.4
HyperX,735,11640209408.0,80.40978773584906,13568,10176,1073741824.0,107374182.4
HyperX,736,11640209408.0,80.41715801886792,13568,10176,1073741824.0,107374182.4
HyperX,737,11640209408.0,80.4245283018868,13568,10176,1073741824.0,107374182.4
HyperX,738,11640209408.0,80.43189858490565,13568,10176,1073741824.0,107374182.4
HyperX,739,11640209408.0,80.43926886792453,13568,10176,1073741824.0,107374182.4
HyperX,740,11640209408.0,80.4466391509434,13568,10176,1073741824.0,107374182.4
HyperX,741,11640209408.0,80.45400943396226,13568,10176,1073741824.0,107374182.4
HyperX,742,11640209408.0,80.46137971698113,13568,10176,1073741824.0,107374182.4
HyperX,743,11640209408.0,80.46875,13568,10176,1073741824.0,107374182.4
HyperX,744,11640209408.0,80.47612028301887,13568,10176,1073741824.0,107374182.4
HyperX,745,11640209408.0,80.48349056603774,13568,10176,1073741824.0,107374182.4
HyperX,746,11640209408.0,80.4908608490566,13568,10176,1073741824.0,107374182.4
HyperX,747,11640209408.0,80.49823113207547,13568,10176,1073741824.0,107374182.4
HyperX,748,11640209408.0,80.50560141509435,13568,10176,1073741824.0,107374182.4
HyperX,749,11640209408.0,80.5129716981132,13568,10176,1073741824.0,107374182.4
HyperX,750,11640209408.0,80.52034198113208,13568,10176,1073741824.0,107374182.4
HyperX,751,11640209408.0,80.52771226415094,13568,10176,1073741824.0,107374182.4
HyperX,752,11640209408.0,80.53508254716981,13568,10176,1073741824.0,107374182.4
HyperX,753,11640209408.0,80.54245283018868,13568,10176,1073741824.0,107374182.4
HyperX,754,11640209408.0,80.54982311320755,13568,10176,1073741824.0,107374182.4
HyperX,755,11640209408.0,80.55719339622641,13568,10176,1073741824.0,107374182.4
HyperX,756,11640209408.0,80.56456367924528,13568,10176,1073741824.0,107374182.4
HyperX,757,11640209408.0,80.57193396226415,13568,10176,1073741824.0,107374182.4
HyperX,758,11640209408.0,80.57930424528303,13568,10176,1073741824.0,107374182.4
HyperX,759,11640209408.0,80.58667452830188,13568,10176,1073741824.0,107374182.4
HyperX,760,11640209408.0,80.59404481132076,13568,10176,1073741824.0,107374182.4
HyperX,761,11640209408.0,80.60141509433963,13568,10176,1073741824.0,107374182.4
HyperX,762,11640209408.0,80.60878537735849,13568,10176,1073741824.0,107374182.4
HyperX,763,11640209408.0,80.61615566037736,13568,10176,1073741824.0,107374182.4
HyperX,764,11640209408.0,80.62352594339622,13568,10176,1073741824.0,107374182.4
HyperX,765,11640209408.0,80.63089622641509,13568,10176,1073741824.0,107374182.4
HyperX,766,11640209408.0,80.63826650943396,13568,10176,1073741824.0,107374182.4
HyperX,767,11640209408.0,80.64563679245283,13568,10176,1073741824.0,107374182.4
HyperX,768,11640209408.0,80.65300707547169,13568,10176,1073741824.0,107374182.4
HyperX,769,11640209408.0,80.66037735849056,13568,10176,1073741824.0,107374182.4
HyperX,770,11640209408.0,80.66774764150944,13568,10176,1073741824.0,107374182.4
HyperX,771,11640209408.0,80.67511792452831,13568,10176,1073741824.0,107374182.4
HyperX,772,11640209408.0,80.68248820754717,13568,10176,1073741824.0,107374182.4
HyperX,773,11640209408.0,80.68985849056604,13568,10176,1073741824.0,107374182.4
HyperX,774,11640209408.0,80.69722877358491,13568,10176,1073741824.0,107374182.4
HyperX,775,11640209408.0,80.70459905660378,13568,10176,1073741824.0,107374182.4
HyperX,776,11640209408.0,80.71196933962264,13568,10176,1073741824.0,107374182.4
HyperX,777,11640209408.0,80.71933962264151,13568,10176,1073741824.0,107374182.4
HyperX,778,11640209408.0,80.72670990566037,13568,10176,1073741824.0,107374182.4
HyperX,779,11640209408.0,80.73408018867924,13568,10176,1073741824.0,107374182.4
HyperX,780,11640209408.0,80.74145047169812,13568,10176,1073741824.0,107374182.4
HyperX,781,11640209408.0,80.74882075471697,13568,10176,1073741824.0,107374182.4
HyperX,782,11640209408.0,80.75619103773585,13568,10176,1073741824.0,107374182.4
HyperX,783,11640209408.0,80.76356132075472,13568,10176,1073741824.0,107374182.4
HyperX,784,11640209408.0,80.77093160377359,13568,10176,1073741824.0,107374182.4
HyperX,785,11640209408.0,80.77830188679245,13568,10176,1073741824.0,107374182.4
HyperX,786,11640209408.0,80.78567216981132,13568,10176,1073741824.0,107374182.4
HyperX,787,11640209408.0,80.79304245283019,13568,10176,1073741824.0,107374182.4
HyperX,788,11640209408.0,80.80041273584906,13568,10176,1073741824.0,107374182.4
HyperX,789,11640209408.0,80.80778301886792,13568,10176,1073741824.0,107374182.4
HyperX,790,11640209408.0,80.8151533018868,13568,10176,1073741824.0,107374182.4
HyperX,791,11640209408.0,80.82252358490565,13568,10176,1073741824.0,107374182.4
HyperX,792,11640209408.0,80.82989386792453,13568,10176,1073741824.0,107374182.4
HyperX,793,11640209408.0,80.8372641509434,13568,10176,1073741824.0,107374182.4
HyperX,794,11640209408.0,80.84463443396226,13568,10176,1073741824.0,107374182.4
HyperX,795,11640209408.0,80.85200471698113,13568,10176,1073741824.0,107374182.4
HyperX,796,11640209408.0,80.859375,13568,10176,1073741824.0,107374182.4
HyperX,797,11640209408.0,80.86674528301887,13568,10176,1073741824.0,107374182.4
HyperX,798,11640209408.0,80.87411556603774,13568,10176,1073741824.0,107374182.4
HyperX,799,11640209408.0,80.8814858490566,13568,10176,1073741824.0,107374182.4
HyperX,800,11640209408.0,80.88885613207547,13568,10176,1073741824.0,107374182.4
HyperX,801,11640209408.0,80.89622641509435,13568,10176,1073741824.0,107374182.4
HyperX,802,11640209408.0,80.9035966981132,13568,10176,1073741824.0,107374182.4
HyperX,803,11640209408.0,80.91096698113208,13568,10176,1073741824.0,107374182.4
HyperX,804,11640209408.0,80.91833726415094,13568,10176,1073741824.0,107374182.4
HyperX,805,11640209408.0,80.92570754716981,13568,10176,1073741824.0,107374182.4
HyperX,806,11640209408.0,80.93307783018868,13568,10176,1073741824.0,107374182.4
HyperX,807,11640209408.0,80.94044811320755,13568,10176,1073741824.0,107374182.4
HyperX,808,11640209408.0,80.94781839622641,13568,10176,1073741824.0,107374182.4
HyperX,809,11640209408.0,80.95518867924528,13568,10176,1073741824.0,107374182.4
HyperX,810,11640209408.0,80.96255896226415,13568,10176,1073741824.0,107374182.4
HyperX,811,11640209408.0,80.96992924528303,13568,10176,1073741824.0,107374182.4
HyperX,812,11640209408.0,80.97729952830188,13568,10176,1073741824.0,107374182.4
HyperX,813,11640209408.0,80.98466981132076,13568,10176,1073741824.0,107374182.4
HyperX,814,11640209408.0,80.99204009433963,13568,10176,1073741824.0,107374182.4
HyperX,815,11640209408.0,80.99941037735849,13568,10176,1073741824.0,107374182.4
HyperX,816,11640209408.0,81.00678066037736,13568,10176,1073741824.0,107374182.4
HyperX,817,11640209408.0,81.01415094339622,13568,10176,1073741824.0,107374182.4
HyperX,818,11640209408.0,81.02152122641509,13568,10176,1073741824.0,107374182.4
HyperX,819,11640209408.0,81.02889150943396,13568,10176,1073741824.0,107374182.4
HyperX,820,11640209408.0,81.03626179245283,13568,10176,1073741824.0,107374182.4
HyperX,821,11640209408.0,81.04363207547169,13568,10176,1073741824.0,107374182.4
HyperX,822,11640209408.0,81.05100235849056,13568,10176,1073741824.0,107374182.4
HyperX,823,11640209408.0,81.05837264150944,13568,10176,1073741824.0,107374182.4
HyperX,824,11640209408.0,81.06574292452831,13568,10176,1073741824.0,107374182.4
HyperX,825,11640209408.0,81.07311320754717,13568,10176,1073741824.0,107374182.4
HyperX,826,11640209408.0,81.08048349056604,13568,10176,1073741824.0,107374182.4
HyperX,827,11640209408.0,81.08785377358491,13568,10176,1073741824.0,107374182.4
HyperX,828,11640209408.0,81.09522405660378,13568,10176,1073741824.0,107374182.4
HyperX,829,11640209408.0,81.10259433962264,13568,10176,1073741824.0,107374182.4
HyperX,830,11640209408.0,81.10996462264151,13568,10176,1073741824.0,107374182.4
HyperX,831,11640209408.0,81.11733490566037,13568,10176,1073741824.0,107374182.4
HyperX,832,11640209408.0,81.12470518867924,13568,10176,1073741824.0,107374182.4
HyperX,833,11640209408.0,81.13207547169812,13568,10176,1073741824.0,107374182.4
HyperX,834,11640209408.0,81.13944575471697,13568,10176,1073741824.0,107374182.4
HyperX,835,11640209408.0,81.14681603773585,13568,10176,1073741824.0,107374182.4
HyperX,836,11640209408.0,81.15418632075472,13568,10176,1073741824.0,107374182.4
HyperX,837,11640209408.0,81.16155660377359,13568,10176,1073741824.0,107374182.4
HyperX,838,11640209408.0,81.16892688679245,13568,10176,1073741824.0,107374182.4
HyperX,839,11640209408.0,81.17629716981132,13568,10176,1073741824.0,107374182.4
HyperX,840,11640209408.0,81.18366745283019,13568,10176,1073741824.0,107374182.4
HyperX,841,11640209408.0,81.19103773584906,13568,10176,1073741824.0,107374182.4
HyperX,842,11640209408.0,81.19840801886792,13568,10176,1073741824.0,107374182.4
HyperX,843,11640209408.0,81.2057783018868,13568,10176,1073741824.0,107374182.4
HyperX,844,11640209408.0,81.21314858490565,13568,10176,1073741824.0,107374182.4
HyperX,845,11640209408.0,81.22051886792453,13568,10176,1073741824.0,107374182.4
HyperX,846,11640209408.0,81.2278891509434,13568,10176,1073741824.0,107374182.4
HyperX,847,11640209408.0,81.23525943396226,13568,10176,1073741824.0,107374182.4
HyperX,848,11640209408.0,81.24262971698113,13568,10176,1073741824.0,107374182.4
HyperX,849,11640209408.0,81.25,13568,10176,1073741824.0,107374182.4
HyperX,850,11640209408.0,81.25737028301887,13568,10176,1073741824.0,107374182.4
HyperX,851,11640209408.0,81.26474056603774,13568,10176,1073741824.0,107374182.4
HyperX,852,11640209408.0,81.2721108490566,13568,10176,1073741824.0,107374182.4
HyperX,853,11640209408.0,81.27948113207547,13568,10176,1073741824.0,107374182.4
HyperX,854,11640209408.0,81.28685141509435,13568,10176,1073741824.0,107374182.4
HyperX,855,11640209408.0,81.2942216981132,13568,10176,1073741824.0,107374182.4
HyperX,856,11640209408.0,81.30159198113208,13568,10176,1073741824.0,107374182.4
HyperX,857,11640209408.0,81.30896226415094,13568,10176,1073741824.0,107374182.4
HyperX,858,11640209408.0,81.31633254716981,13568,10176,1073741824.0,107374182.4
HyperX,859,11640209408.0,81.32370283018868,13568,10176,1073741824.0,107374182.4
HyperX,860,11640209408.0,81.33107311320755,13568,10176,1073741824.0,107374182.4
HyperX,861,11640209408.0,81.33844339622641,13568,10176,1073741824.0,107374182.4
HyperX,862,11640209408.0,81.34581367924528,13568,10176,1073741824.0,107374182.4
HyperX,863,11640209408.0,81.35318396226415,13568,10176,1073741824.0,107374182.4
HyperX,864,11640209408.0,81.36055424528303,13568,10176,1073741824.0,107374182.4
HyperX,865,11640209408.0,81.36792452830188,13568,10176,1073741824.0,107374182.4
HyperX,866,11640209408.0,81.37529481132076,13568,10176,1073741824.0,107374182.4
HyperX,867,11640209408.0,81.38266509433963,13568,10176,1073741824.0,107374182.4
HyperX,868,11640209408.0,81.39003537735849,13568,10176,1073741824.0,107374182.4
HyperX,869,11640209408.0,81.39740566037736,13568,10176,1073741824.0,107374182.4
HyperX,870,11640209408.0,81.40477594339622,13568,10176,1073741824.0,107374182.4
HyperX,871,11640209408.0,81.41214622641509,13568,10176,1073741824.0,107374182.4
HyperX,872,11640209408.0,81.41951650943396,13568,10176,1073741824.0,107374182.4
HyperX,873,11640209408.0,81.42688679245283,13568,10176,1073741824.0,107374182.4
HyperX,874,11640209408.0,81.43425707547169,13568,10176,1073741824.0,107374182.4
HyperX,875,11640209408.0,81.44162735849056,13568,10176,1073741824.0,107374182.4
HyperX,876,11640209408.0,81.44899764150944,13568,10176,1073741824.0,107374182.4
HyperX,877,11640209408.0,81.45636792452831,13568,10176,1073741824.0,107374182.4
HyperX,878,11640209408.0,81.46373820754717,13568,10176,1073741824.0,107374182.4
HyperX,879,11640209408.0,81.47110849056604,13568,10176,1073741824.0,107374182.4
HyperX,880,11640209408.0,81.47847877358491,13568,10176,1073741824.0,107374182.4
HyperX,881,11640209408.0,81.48584905660378,13568,10176,1073741824.0,107374182.4
HyperX,882,11640209408.0,81.49321933962264,13568,10176,1073741824.0,107374182.4
HyperX,883,11640209408.0,81.50058962264151,13568,10176,1073741824.0,107374182.4
HyperX,884,11640209408.0,81.50795990566037,13568,10176,1073741824.0,107374182.4
HyperX,885,11640209408.0,81.51533018867924,13568,10176,1073741824.0,107374182.4
HyperX,886,11640209408.0,81.52270047169812,13568,10176,1073741824.0,107374182.4
HyperX,887,11640209408.0,81.53007075471697,13568,10176,1073741824.0,107374182.4
HyperX,888,11640209408.0,81.53744103773585,13568,10176,1073741824.0,107374182.4
HyperX,889,11640209408.0,81.54481132075472,13568,10176,1073741824.0,107374182.4
HyperX,890,11640209408.0,81.55218160377359,13568,10176,1073741824.0,107374182.4
HyperX,891,11640209408.0,81.55955188679245,13568,10176,1073741824.0,107374182.4
HyperX,892,11640209408.0,81.56692216981132,13568,10176,1073741824.0,107374182.4
HyperX,893,11640209408.0,81.57429245283019,13568,10176,1073741824.0,107374182.4
HyperX,894,11640209408.0,81.58166273584906,13568,10176,1073741824.0,107374182.4
HyperX,895,11640209408.0,81.58903301886792,13568,10176,1073741824.0,107374182.4
HyperX,896,11640209408.0,81.5964033018868,13568,10176,1073741824.0,107374182.4
HyperX,897,11640209408.0,81.60377358490565,13568,10176,1073741824.0,107374182.4
HyperX,898,11640209408.0,81.61114386792453,13568,10176,1073741824.0,107374182.4
HyperX,899,11640209408.0,81.6185141509434,13568,10176,1073741824.0,107374182.4
HyperX,900,11640209408.0,81.62588443396226,13568,10176,1073741824.0,107374182.4
HyperX,901,11640209408.0,81.63325471698113,13568,10176,1073741824.0,107374182.4
HyperX,902,11640209408.0,81.640625,13568,10176,1073741824.0,107374182.4
HyperX,903,11640209408.0,81.64799528301887,13568,10176,1073741824.0,107374182.4
HyperX,904,11640209408.0,81.65536556603774,13568,10176,1073741824.0,107374182.4
HyperX,905,11640209408.0,81.6627358490566,13568,10176,1073741824.0,107374182.4
HyperX,906,11640209408.0,81.67010613207547,13568,10176,1073741824.0,107374182.4
HyperX,907,11640209408.0,81.67747641509435,13568,10176,1073741824.0,107374182.4
HyperX,908,11640209408.0,81.6848466981132,13568,10176,1073741824.0,107374182.4
HyperX,909,11640209408.0,81.69221698113208,13568,10176,1073741824.0,107374182.4
HyperX,910,11640209408.0,81.69958726415094,13568,10176,1073741824.0,107374182.4
HyperX,911,11640209408.0,81.70695754716981,13568,10176,1073741824.0,107374182.4
HyperX,912,11640209408.0,81.71432783018868,13568,10176,1073741824.0,107374182.4
HyperX,913,11640209408.0,81.72169811320755,13568,10176,1073741824.0,107374182.4
HyperX,914,11640209408.0,81.72906839622641,13568,10176,1073741824.0,107374182.4
HyperX,915,11640209408.0,81.73643867924528,13568,10176,1073741824.0,107374182.4
HyperX,916,11640209408.0,81.74380896226415,13568,10176,1073741824.0,107374182.4
HyperX,917,11640209408.0,81.75117924528303,13568,10176,1073741824.0,107374182.4
HyperX,918,11640209408.0,81.75854952830188,13568,10176,1073741824.0,107374182.4
HyperX,919,11640209408.0,81.76591981132076,13568,10176,1073741824.0,107374182.4
HyperX,920,11640209408.0,81.77329009433963,13568,10176,1073741824.0,107374182.4
HyperX,921,11640209408.0,81.78066037735849,13568,10176,1073741824.0,107374182.4
HyperX,922,11640209408.0,81.78803066037736,13568,10176,1073741824.0,107374182.4
HyperX,923,11640209408.0,81.79540094339622,13568,10176,1073741824.0,107374182.4
HyperX,924,11640209408.0,81.80277122641509,13568,10176,1073741824.0,107374182.4
HyperX,925,11640209408.0,81.81014150943396,13568,10176,1073741824.0,107374182.4
HyperX,926,11640209408.0,81.81751179245283,13568,10176,1073741824.0,107374182.4
HyperX,927,11640209408.0,81.82488207547169,13568,10176,1073741824.0,107374182.4
HyperX,928,11640209408.0,81.83225235849056,13568,10176,1073741824.0,107374182.4
HyperX,929,11640209408.0,81.83962264150944,13568,10176,1073741824.0,107374182.4
HyperX,930,11640209408.0,81.84699292452831,13568,10176,1073741824.0,107374182.4
HyperX,931,11640209408.0,81.85436320754717,13568,10176,1073741824.0,107374182.4
HyperX,932,11640209408.0,81.86173349056604,13568,10176,1073741824.0,107374182.4
HyperX,933,11640209408.0,81.86910377358491,13568,10176,1073741824.0,107374182.4
HyperX,934,11640209408.0,81.87647405660378,13568,10176,1073741824.0,107374182.4
HyperX,935,11640209408.0,81.88384433962264,13568,10176,1073741824.0,107374182.4
HyperX,936,11640209408.0,81.89121462264151,13568,10176,1073741824.0,107374182.4
HyperX,937,11640209408.0,81.89858490566037,13568,10176,1073741824.0,107374182.4
HyperX,938,11640209408.0,81.90595518867924,13568,10176,1073741824.0,107374182.4
HyperX,939,11640209408.0,81.91332547169812,13568,10176,1073741824.0,107374182.4
HyperX,940,11640209408.0,81.92069575471697,13568,10176,1073741824.0,107374182.4
HyperX,941,11640209408.0,81.92806603773585,13568,10176,1073741824.0,107374182.4
HyperX,942,11640209408.0,81.93543632075472,13568,10176,1073741824.0,107374182.4
HyperX,943,11640209408.0,81.94280660377359,13568,10176,1073741824.0,107374182.4
HyperX,944,11640209408.0,81.95017688679245,13568,10176,1073741824.0,107374182.4
HyperX,945,11640209408.0,81.95754716981132,13568,10176,1073741824.0,107374182.4
HyperX,946,11640209408.0,81.96491745283019,13568,10176,1073741824.0,107374182.4
HyperX,947,11640209408.0,81.97228773584906,13568,10176,1073741824.0,107374182.4
HyperX,948,11640209408.0,81.97965801886792,13568,10176,1073741824.0,107374182.4
HyperX,949,11640209408.0,81.9870283018868,13568,10176,1073741824.0,107374182.4
HyperX,950,11640209408.0,81.99439858490565,13568,10176,1073741824.0,107374182.4
HyperX,951,11640209408.0,82.00176886792453,13568,10176,1073741824.0,107374182.4
HyperX,952,11640209408.0,82.0091391509434,13568,10176,1073741824.0,107374182.4
HyperX,953,11640209408.0,82.01650943396226,13568,10176,1073741824.0,107374182.4
HyperX,954,11640209408.0,82.02387971698113,13568,10176,1073741824.0,107374182.4
HyperX,955,11640209408.0,82.03125,13568,10176,1073741824.0,107374182.4
HyperX,956,11640209408.0,82.03862028301887,13568,10176,1073741824.0,107374182.4
HyperX,957,11640209408.0,82.04599056603774,13568,10176,1073741824.0,107374182.4
HyperX,958,11640209408.0,82.0533608490566,13568,10176,1073741824.0,107374182.4
HyperX,959,11640209408.0,82.06073113207547,13568,10176,1073741824.0,107374182.4
HyperX,960,11640209408.0,82.06810141509435,13568,10176,1073741824.0,107374182.4
HyperX,961,11640209408.0,82.0754716981132,13568,10176,1073741824.0,107374182.4
HyperX,962,11640209408.0,82.08284198113208,13568,10176,1073741824.0,107374182.4
HyperX,963,11640209408.0,82.09021226415094,13568,10176,1073741824.0,107374182.4
HyperX,964,11640209408.0,82.09758254716981,13568,10176,1073741824.0,107374182.4
HyperX,965,11640209408.0,82.10495283018868,13568,10176,1073741824.0,107374182.4
HyperX,966,11640209408.0,82.11232311320755,13568,10176,1073741824.0,107374182.4
HyperX,967,11640209408.0,82.11969339622641,13568,10176,1073741824.0,107374182.4
HyperX,968,11640209408.0,82.12706367924528,13568,10176,1073741824.0,107374182.4
HyperX,969,11640209408.0,82.13443396226415,13568,10176,1073741824.0,107374182.4
HyperX,970,11640209408.0,82.14180424528303,13568,10176,1073741824.0,107374182.4
HyperX,971,11640209408.0,82.14917452830188,13568,10176,1073741824.0,107374182.4
HyperX,972,11640209408.0,82.15654481132076,13568,10176,1073741824.0,107374182.4
HyperX,973,11640209408.0,82.16391509433963,13568,10176,1073741824.0,107374182.4
HyperX,974,11640209408.0,82.17128537735849,13568,10176,1073741824.0,107374182.4
HyperX,975,11640209408.0,82.17865566037736,13568,10176,1073741824.0,107374182.4
HyperX,976,11640209408.0,82.18602594339622,13568,10176,1073741824.0,107374182.4
HyperX,977,11640209408.0,82.19339622641509,13568,10176,1073741824.0,107374182.4
HyperX,978,11640209408.0,82.20076650943396,13568,10176,1073741824.0,107374182.4
HyperX,979,11640209408.0,82.20813679245283,13568,10176,1073741824.0,107374182.4
HyperX,980,11640209408.0,82.21550707547169,13568,10176,1073741824.0,107374182.4
HyperX,981,11640209408.0,82.22287735849056,13568,10176,1073741824.0,107374182.4
HyperX,982,11640209408.0,82.23024764150944,13568,10176,1073741824.0,107374182.4
HyperX,983,11640209408.0,82.23761792452831,13568,10176,1073741824.0,107374182.4
HyperX,984,11640209408.0,82.24498820754717,13568,10176,1073741824.0,107374182.4
HyperX,985,11640209408.0,82.25235849056604,13568,10176,1073741824.0,107374182.4
HyperX,986,11640209408.0,82.25972877358491,13568,10176,1073741824.0,107374182.4
HyperX,987,11640209408.0,82.26709905660378,13568,10176,1073741824.0,107374182.4
HyperX,988,11640209408.0,82.27446933962264,13568,10176,1073741824.0,107374182.4
HyperX,989,11640209408.0,82.28183962264151,13568,10176,1073741824.0,107374182.4
HyperX,990,11640209408.0,82.28920990566037,13568,10176,1073741824.0,107374182.4
HyperX,991,11640209408.0,82.29658018867924,13568,10176,1073741824.0,107374182.4
HyperX,992,11640209408.0,82.30395047169812,13568,10176,1073741824.0,107374182.4
HyperX,993,11640209408.0,82.31132075471697,13568,10176,1073741824.0,107374182.4
HyperX,994,11640209408.0,82.31869103773585,13568,10176,1073741824.0,107374182.4
HyperX,995,11640209408.0,82.32606132075472,13568,10176,1073741824.0,107374182.4
HyperX,996,11640209408.0,82.33343160377359,13568,10176,1073741824.0,107374182.4
HyperX,997,11640209408.0,82.34080188679245,13568,10176,1073741824.0,107374182.4
HyperX,998,11640209408.0,82.34817216981132,13568,10176,1073741824.0,107374182.4
HyperX,999,11640209408.0,82.35554245283019,13568,10176,1073741824.0,107374182.4
HyperX,1000,11640209408.0,82.36291273584906,13568,10176,1073741824.0,107374182.4
HyperX,1001,11640209408.0,82.37028301886792,13568,10176,1073741824.0,107374182.4
HyperX,1002,11640209408.0,82.3776533018868,13568,10176,1073741824.0,107374182.4
HyperX,1003,11640209408.0,82.38502358490565,13568,10176,1073741824.0,107374182.4
HyperX,1004,11640209408.0,82.39239386792453,13568,10176,1073741824.0,107374182.4
HyperX,1005,11640209408.0,82.3997641509434,13568,10176,1073741824.0,107374182.4
HyperX,1006,11640209408.0,82.40713443396226,13568,10176,1073741824.0,107374182.4
HyperX,1007,11640209408.0,82.41450471698113,13568,10176,1073741824.0,107374182.4
HyperX,1008,11640209408.0,82.421875,13568,10176,1073741824.0,107374182.4
HyperX,1009,11640209408.0,82.42924528301887,13568,10176,1073741824.0,107374182.4
HyperX,1010,11640209408.0,82.43661556603774,13568,10176,1073741824.0,107374182.4
HyperX,1011,11640209408.0,82.4439858490566,13568,10176,1073741824.0,107374182.4
HyperX,1012,11640209408.0,82.45135613207547,13568,10176,1073741824.0,107374182.4
HyperX,1013,11640209408.0,82.45872641509435,13568,10176,1073741824.0,107374182.4
HyperX,1014,11640209408.0,82.4660966981132,13568,10176,1073741824.0,107374182.4
HyperX,1015,11640209408.0,82.47346698113208,13568,10176,1073741824.0,107374182.4
HyperX,1016,11640209408.0,82.48083726415094,13568,10176,1073741824.0,107374182.4
HyperX,1017,11640209408.0,82.48820754716981,13568,10176,1073741824.0,107374182.4
HyperX,1018,11640209408.0,82.49557783018868,13568,10176,1073741824.0,107374182.4
HyperX,1019,11640209408.0,82.50294811320755,13568,10176,1073741824.0,107374182.4
HyperX,1020,11640209408.0,82.51031839622641,13568,10176,1073741824.0,107374182.4
HyperX,1021,11640209408.0,82.51768867924528,13568,10176,1073741824.0,107374182.4
HyperX,1022,11640209408.0,82.52505896226415,13568,10176,1073741824.0,107374182.4
HyperX,1023,11640209408.0,82.53242924528303,13568,10176,1073741824.0,107374182.4
HyperX,1024,11640209408.0,82.53979952830188,13568,10176,1073741824.0,107374182.4
HyperX,1025,11640209408.0,82.54716981132076,13568,10176,1073741824.0,107374182.4
HyperX,1026,11640209408.0,82.55454009433963,13568,10176,1073741824.0,107374182.4
HyperX,1027,11640209408.0,82.56191037735849,13568,10176,1073741824.0,107374182.4
HyperX,1028,11640209408.0,82.56928066037736,13568,10176,1073741824.0,107374182.4
HyperX,1029,11640209408.0,82.57665094339622,13568,10176,1073741824.0,107374182.4
HyperX,1030,11640209408.0,82.58402122641509,13568,10176,1073741824.0,107374182.4
HyperX,1031,11640209408.0,82.59139150943396,13568,10176,1073741824.0,107374182.4
HyperX,1032,11640209408.0,82.59876179245283,13568,10176,1073741824.0,107374182.4
HyperX,1033,11640209408.0,82.60613207547169,13568,10176,1073741824.0,107374182.4
HyperX,1034,11640209408.0,82.61350235849056,13568,10176,1073741824.0,107374182.4
HyperX,1035,11640209408.0,82.62087264150944,13568,10176,1073741824.0,107374182.4
HyperX,1036,11640209408.0,82.62824292452831,13568,10176,1073741824.0,107374182.4
HyperX,1037,11640209408.0,82.63561320754717,13568,10176,1073741824.0,107374182.4
HyperX,1038,11640209408.0,82.64298349056604,13568,10176,1073741824.0,107374182.4
HyperX,1039,11640209408.0,82.65035377358491,13568,10176,1073741824.0,107374182.4
HyperX,1040,11640209408.0,82.65772405660378,13568,10176,1073741824.0,107374182.4
HyperX,1041,11640209408.0,82.66509433962264,13568,10176,1073741824.0,107374182.4
HyperX,1042,11640209408.0,82.67246462264151,13568,10176,1073741824.0,107374182.4
HyperX,1043,11640209408.0,82.67983490566037,13568,10176,1073741824.0,107374182.4
HyperX,1044,11640209408.0,82.68720518867924,13568,10176,1073741824.0,107374182.4
HyperX,1045,11640209408.0,82.69457547169812,13568,10176,1073741824.0,107374182.4
HyperX,1046,11640209408.0,82.70194575471697,13568,10176,1073741824.0,107374182.4
HyperX,1047,11640209408.0,82.70931603773585,13568,10176,1073741824.0,107374182.4
HyperX,1048,11640209408.0,82.71668632075472,13568,10176,1073741824.0,107374182.4
HyperX,1049,11640209408.0,82.72405660377359,13568,10176,1073741824.0,107374182.4
HyperX,1050,11640209408.0,82.73142688679245,13568,10176,1073741824.0,107374182.4
HyperX,1051,11640209408.0,82.73879716981132,13568,10176,1073741824.0,107374182.4
HyperX,1052,11640209408.0,82.74616745283019,13568,10176,1073741824.0,107374182.4
HyperX,1053,11640209408.0,82.75353773584906,13568,10176,1073741824.0,107374182.4
HyperX,1054,11640209408.0,82.76090801886792,13568,10176,1073741824.0,107374182.4
HyperX,1055,11640209408.0,82.7682783018868,13568,10176,1073741824.0,107374182.4
HyperX,1056,11640209408.0,82.77564858490565,13568,10176,1073741824.0,107374182.4
HyperX,1057,11640209408.0,82.78301886792453,13568,10176,1073741824.0,107374182.4
HyperX,1058,11640209408.0,82.7903891509434,13568,10176,1073741824.0,107374182.4
HyperX,1059,11640209408.0,82.79775943396226,13568,10176,1073741824.0,107374182.4
HyperX,1060,11640209408.0,82.80512971698113,13568,10176,1073741824.0,107374182.4
HyperX,1061,11640209408.0,82.8125,13568,10176,1073741824.0,107374182.4
HyperX,1062,11640209408.0,82.81987028301887,13568,10176,1073741824.0,107374182.4
HyperX,1063,11640209408.0,82.82724056603774,13568,10176,1073741824.0,107374182.4
HyperX,1064,11640209408.0,82.8346108490566,13568,10176,1073741824.0,107374182.4
HyperX,1065,11640209408.0,82.84198113207547,13568,10176,1073741824.0,107374182.4
HyperX,1066,11640209408.0,82.84935141509435,13568,10176,1073741824.0,107374182.4
HyperX,1067,11640209408.0,82.8567216981132,13568,10176,1073741824.0,107374182.4
HyperX,1068,11640209408.0,82.86409198113208,13568,10176,1073741824.0,107374182.4
HyperX,1069,11640209408.0,82.87146226415094,13568,10176,1073741824.0,107374182.4
HyperX,1070,11640209408.0,82.87883254716981,13568,10176,1073741824.0,107374182.4
HyperX,1071,11640209408.0,82.88620283018868,13568,10176,1073741824.0,107374182.4
HyperX,1072,11640209408.0,82.89357311320755,13568,10176,1073741824.0,107374182.4
HyperX,1073,11640209408.0,82.90094339622641,13568,10176,1073741824.0,107374182.4
HyperX,1074,11640209408.0,82.90831367924528,13568,10176,1073741824.0,107374182.4
HyperX,1075,11640209408.0,82.91568396226415,13568,10176,1073741824.0,107374182.4
HyperX,1076,11640209408.0,82.92305424528303,13568,10176,1073741824.0,107374182.4
HyperX,1077,11640209408.0,82.93042452830188,13568,10176,1073741824.0,107374182.4
HyperX,1078,11640209408.0,82.93779481132076,13568,10176,1073741824.0,107374182.4
HyperX,1079,11640209408.0,82.94516509433963,13568,10176,1073741824.0,107374182.4
HyperX,1080,11640209408.0,82.95253537735849,13568,10176,1073741824.0,107374182.4
HyperX,1081,11640209408.0,82.95990566037736,13568,10176,1073741824.0,107374182.4
HyperX,1082,11640209408.0,82.96727594339622,13568,10176,1073741824.0,107374182.4
HyperX,1083,11640209408.0,82.97464622641509,13568,10176,1073741824.0,107374182.4
HyperX,1084,11640209408.0,82.98201650943396,13568,10176,1073741824.0,107374182.4
HyperX,1085,11640209408.0,82.98938679245283,13568,10176,1073741824.0,107374182.4
HyperX,1086,11640209408.0,82.99675707547169,13568,10176,1073741824.0,107374182.4
HyperX,1087,11640209408.0,83.00412735849056,13568,10176,1073741824.0,107374182.4
HyperX,1088,11640209408.0,83.01149764150944,13568,10176,1073741824.0,107374182.4
HyperX,1089,11640209408.0,83.01886792452831,13568,10176,1073741824.0,107374182.4
HyperX,1090,11640209408.0,83.02623820754717,13568,10176,1073741824.0,107374182.4
HyperX,1091,11640209408.0,83.03360849056604,13568,10176,1073741824.0,107374182.4
HyperX,1092,11640209408.0,83.04097877358491,13568,10176,1073741824.0,107374182.4
HyperX,1093,11640209408.0,83.04834905660378,13568,10176,1073741824.0,107374182.4
HyperX,1094,11640209408.0,83.05571933962264,13568,10176,1073741824.0,107374182.4
HyperX,1095,11640209408.0,83.06308962264151,13568,10176,1073741824.0,107374182.4
HyperX,1096,11640209408.0,83.07045990566037,13568,10176,1073741824.0,107374182.4
HyperX,1097,11640209408.0,83.07783018867924,13568,10176,1073741824.0,107374182.4
HyperX,1098,11640209408.0,83.08520047169812,13568,10176,1073741824.0,107374182.4
HyperX,1099,11640209408.0,83.09257075471697,13568,10176,1073741824.0,107374182.4
HyperX,1100,11640209408.0,83.09994103773585,13568,10176,1073741824.0,107374182.4
HyperX,1101,11640209408.0,83.10731132075472,13568,10176,1073741824.0,107374182.4
HyperX,1102,11640209408.0,83.11468160377359,13568,10176,1073741824.0,107374182.4
HyperX,1103,11640209408.0,83.12205188679245,13568,10176,1073741824.0,107374182.4
HyperX,1104,11640209408.0,83.12942216981132,13568,10176,1073741824.0,107374182.4
HyperX,1105,11640209408.0,83.13679245283019,13568,10176,1073741824.0,107374182.4
HyperX,1106,11640209408.0,83.14416273584906,13568,10176,1073741824.0,107374182.4
HyperX,1107,11640209408.0,83.15153301886792,13568,10176,1073741824.0,107374182.4
HyperX,1108,11640209408.0,83.1589033018868,13568,10176,1073741824.0,107374182.4
HyperX,1109,11640209408.0,83.16627358490565,13568,10176,1073741824.0,107374182.4
HyperX,1110,11640209408.0,83.17364386792453,13568,10176,1073741824.0,107374182.4
HyperX,1111,11640209408.0,83.1810141509434,13568,10176,1073741824.0,107374182.4
HyperX,1112,11640209408.0,83.18838443396226,13568,10176,1073741824.0,107374182.4
HyperX,1113,11640209408.0,83.19575471698113,13568,10176,1073741824.0,107374182.4
HyperX,1114,11640209408.0,83.203125,13568,10176,1073741824.0,107374182.4
HyperX,1115,11640209408.0,83.21049528301887,13568,10176,1073741824.0,107374182.4
HyperX,1116,11640209408.0,83.21786556603774,13568,10176,1073741824.0,107374182.4
HyperX,1117,11640209408.0,83.2252358490566,13568,10176,1073741824.0,107374182.4
HyperX,1118,11640209408.0,83.23260613207547,13568,10176,1073741824.0,107374182.4
HyperX,1119,11640209408.0,83.23997641509435,13568,10176,1073741824.0,107374182.4
HyperX,1120,11640209408.0,83.2473466981132,13568,10176,1073741824.0,107374182.4
HyperX,1121,11640209408.0,83.25471698113208,13568,10176,1073741824.0,107374182.4
HyperX,1122,11640209408.0,83.26208726415094,13568,10176,1073741824.0,107374182.4
HyperX,1123,11640209408.0,83.26945754716981,13568,10176,1073741824.0,107374182.4
HyperX,1124,11640209408.0,83.27682783018868,13568,10176,1073741824.0,107374182.4
HyperX,1125,11640209408.0,83.28419811320755,13568,10176,1073741824.0,107374182.4
HyperX,1126,11640209408.0,83.29156839622641,13568,10176,1073741824.0,107374182.4
HyperX,1127,11640209408.0,83.29893867924528,13568,10176,1073741824.0,107374182.4
HyperX,1128,11640209408.0,83.30630896226415,13568,10176,1073741824.0,107374182.4
HyperX,1129,11640209408.0,83.31367924528303,13568,10176,1073741824.0,107374182.4
HyperX,1130,11640209408.0,83.32104952830188,13568,10176,1073741824.0,107374182.4
HyperX,1131,11640209408.0,83.32841981132076,13568,10176,1073741824.0,107374182.4
HyperX,1132,11640209408.0,83.33579009433963,13568,10176,1073741824.0,107374182.4
HyperX,1133,11640209408.0,83.34316037735849,13568,10176,1073741824.0,107374182.4
HyperX,1134,11640209408.0,83.35053066037736,13568,10176,1073741824.0,107374182.4
HyperX,1135,11640209408.0,83.35790094339622,13568,10176,1073741824.0,107374182.4
HyperX,1136,11640209408.0,83.36527122641509,13568,10176,1073741824.0,107374182.4
HyperX,1137,11640209408.0,83.37264150943396,13568,10176,1073741824.0,107374182.4
HyperX,1138,11640209408.0,83.38001179245283,13568,10176,1073741824.0,107374182.4
HyperX,1139,11640209408.0,83.38738207547169,13568,10176,1073741824.0,107374182.4
HyperX,1140,11640209408.0,83.39475235849056,13568,10176,1073741824.0,107374182.4
HyperX,1141,11640209408.0,83.40212264150944,13568,10176,1073741824.0,107374182.4
HyperX,1142,11640209408.0,83.40949292452831,13568,10176,1073741824.0,107374182.4
HyperX,1143,11640209408.0,83.41686320754717,13568,10176,1073741824.0,107374182.4
HyperX,1144,11640209408.0,83.42423349056604,13568,10176,1073741824.0,107374182.4
HyperX,1145,11640209408.0,83.43160377358491,13568,10176,1073741824.0,107374182.4
HyperX,1146,11640209408.0,83.43897405660378,13568,10176,1073741824.0,107374182.4
HyperX,1147,11640209408.0,83.44634433962264,13568,10176,1073741824.0,107374182.4
HyperX,1148,11640209408.0,83.45371462264151,13568,10176,1073741824.0,107374182.4
HyperX,1149,11640209408.0,83.46108490566037,13568,10176,1073741824.0,107374182.4
HyperX,1150,11640209408.0,83.46845518867924,13568,10176,1073741824.0,107374182.4
HyperX,1151,11640209408.0,83.47582547169812,13568,10176,1073741824.0,107374182.4
HyperX,1152,11640209408.0,83.48319575471697,13568,10176,1073741824.0,107374182.4
HyperX,1153,11640209408.0,83.49056603773585,13568,10176,1073741824.0,107374182.4
HyperX,1154,11640209408.0,83.49793632075472,13568,10176,1073741824.0,107374182.4
HyperX,1155,11640209408.0,83.50530660377359,13568,10176,1073741824.0,107374182.4
HyperX,1156,11640209408.0,83.51267688679245,13568,10176,1073741824.0,107374182.4
HyperX,1157,11640209408.0,83.52004716981132,13568,10176,1073741824.0,107374182.4
HyperX,1158,11640209408.0,83.52741745283019,13568,10176,1073741824.0,107374182.4
HyperX,1159,11640209408.0,83.53478773584906,13568,10176,1073741824.0,107374182.4
HyperX,1160,11640209408.0,83.54215801886792,13568,10176,1073741824.0,107374182.4
HyperX,1161,11640209408.0,83.5495283018868,13568,10176,1073741824.0,107374182.4
HyperX,1162,11640209408.0,83.55689858490565,13568,10176,1073741824.0,107374182.4
HyperX,1163,11640209408.0,83.56426886792453,13568,10176,1073741824.0,107374182.4
HyperX,1164,11640209408.0,83.5716391509434,13568,10176,1073741824.0,107374182.4
HyperX,1165,11640209408.0,83.57900943396226,13568,10176,1073741824.0,107374182.4
HyperX,1166,11640209408.0,83.58637971698113,13568,10176,1073741824.0,107374182.4
HyperX,1167,11640209408.0,83.59375,13568,10176,1073741824.0,107374182.4
HyperX,1168,11640209408.0,83.60112028301887,13568,10176,1073741824.0,107374182.4
HyperX,1169,11640209408.0,83.60849056603774,13568,10176,1073741824.0,107374182.4
HyperX,1170,11640209408.0,83.6158608490566,13568,10176,1073741824.0,107374182.4
HyperX,1171,11640209408.0,83.62323113207547,13568,10176,1073741824.0,107374182.4
HyperX,1172,11640209408.0,83.63060141509435,13568,10176,1073741824.0,107374182.4
HyperX,1173,11640209408.0,83.6379716981132,13568,10176,1073741824.0,107374182.4
HyperX,1174,11640209408.0,83.64534198113208,13568,10176,1073741824.0,107374182.4
HyperX,1175,11640209408.0,83.65271226415094,13568,10176,1073741824.0,107374182.4
HyperX,1176,11640209408.0,83.66008254716981,13568,10176,1073741824.0,107374182.4
HyperX,1177,11640209408.0,83.66745283018868,13568,10176,1073741824.0,107374182.4
HyperX,1178,11640209408.0,83.67482311320755,13568,10176,1073741824.0,107374182.4
HyperX,1179,11640209408.0,83.68219339622641,13568,10176,1073741824.0,107374182.4
HyperX,1180,11640209408.0,83.68956367924528,13568,10176,1073741824.0,107374182.4
HyperX,1181,11640209408.0,83.69693396226415,13568,10176,1073741824.0,107374182.4
HyperX,1182,11640209408.0,83.70430424528303,13568,10176,1073741824.0,107374182.4
HyperX,1183,11640209408.0,83.71167452830188,13568,10176,1073741824.0,107374182.4
HyperX,1184,11640209408.0,83.71904481132076,13568,10176,1073741824.0,107374182.4
HyperX,1185,11640209408.0,83.72641509433963,13568,10176,1073741824.0,107374182.4
HyperX,1186,11640209408.0,83.73378537735849,13568,10176,1073741824.0,107374182.4
HyperX,1187,11640209408.0,83.74115566037736,13568,10176,1073741824.0,107374182.4
HyperX,1188,11640209408.0,83.74852594339622,13568,10176,1073741824.0,107374182.4
HyperX,1189,11640209408.0,83.75589622641509,13568,10176,1073741824.0,107374182.4
HyperX,1190,11640209408.0,83.76326650943396,13568,10176,1073741824.0,107374182.4
HyperX,1191,11640209408.0,83.77063679245283,13568,10176,1073741824.0,107374182.4
HyperX,1192,11640209408.0,83.77800707547169,13568,10176,1073741824.0,107374182.4
HyperX,1193,11640209408.0,83.78537735849056,13568,10176,1073741824.0,107374182.4
HyperX,1194,11640209408.0,83.79274764150944,13568,10176,1073741824.0,107374182.4
HyperX,1195,11640209408.0,83.80011792452831,13568,10176,1073741824.0,107374182.4
HyperX,1196,11640209408.0,83.80748820754717,13568,10176,1073741824.0,107374182.4
HyperX,1197,11640209408.0,83.81485849056604,13568,10176,1073741824.0,107374182.4
HyperX,1198,11640209408.0,83.82222877358491,13568,10176,1073741824.0,107374182.4
HyperX,1199,11640209408.0,83.82959905660378,13568,10176,1073741824.0,107374182.4
HyperX,1200,11640209408.0,83.83696933962264,13568,10176,1073741824.0,107374182.4
HyperX,1201,11640209408.0,83.84433962264151,13568,10176,1073741824.0,107374182.4
HyperX,1202,11640209408.0,83.85170990566037,13568,10176,1073741824.0,107374182.4
HyperX,1203,11640209408.0,83.85908018867924,13568,10176,1073741824.0,107374182.4
HyperX,1204,11640209408.0,83.86645047169812,13568,10176,1073741824.0,107374182.4
HyperX,1205,11640209408.0,83.87382075471697,13568,10176,1073741824.0,107374182.4
HyperX,1206,11640209408.0,83.88119103773585,13568,10176,1073741824.0,107374182.4
HyperX,1207,11640209408.0,83.88856132075472,13568,10176,1073741824.0,107374182.4
HyperX,1208,11640209408.0,83.89593160377359,13568,10176,1073741824.0,107374182.4
HyperX,1209,11640209408.0,83.90330188679245,13568,10176,1073741824.0,107374182.4
HyperX,1210,11640209408.0,83.91067216981132,13568,10176,1073741824.0,107374182.4
HyperX,1211,11640209408.0,83.91804245283019,13568,10176,1073741824.0,107374182.4
HyperX,1212,11640209408.0,83.92541273584906,13568,10176,1073741824.0,107374182.4
HyperX,1213,11640209408.0,83.93278301886792,13568,10176,1073741824.0,107374182.4
HyperX,1214,11640209408.0,83.9401533018868,13568,10176,1073741824.0,107374182.4
HyperX,1215,11640209408.0,83.94752358490565,13568,10176,1073741824.0,107374182.4
HyperX,1216,11640209408.0,83.95489386792453,13568,10176,1073741824.0,107374182.4
HyperX,1217,11640209408.0,83.9622641509434,13568,10176,1073741824.0,107374182.4
HyperX,1218,11774427136.0,83.96963443396226,13568,10176,1073741824.0,107374182.4
HyperX,1219,11774427136.0,83.97700471698113,13568,10176,1073741824.0,107374182.4
HyperX,1220,11774427136.0,83.984375,13568,10176,1073741824.0,107374182.4
HyperX,1221,11774427136.0,83.99174528301887,13568,10176,1073741824.0,107374182.4
HyperX,1222,11774427136.0,83.99911556603774,13568,10176,1073741824.0,107374182.4
HyperX,1223,11774427136.0,84.0064858490566,13568,10176,1073741824.0,107374182.4
HyperX,1224,11774427136.0,84.01385613207547,13568,10176,1073741824.0,107374182.4
HyperX,1225,11774427136.0,84.02122641509435,13568,10176,1073741824.0,107374182.4
HyperX,1226,11774427136.0,84.0285966981132,13568,10176,1073741824.0,107374182.4
HyperX,1227,11774427136.0,84.03596698113208,13568,10176,1073741824.0,107374182.4
HyperX,1228,11774427136.0,84.04333726415094,13568,10176,1073741824.0,107374182.4
HyperX,1229,11774427136.0,84.05070754716981,13568,10176,1073741824.0,107374182.4
HyperX,1230,11774427136.0,84.05807783018868,13568,10176,1073741824.0,107374182.4
HyperX,1231,11774427136.0,84.06544811320755,13568,10176,1073741824.0,107374182.4
HyperX,1232,11774427136.0,84.07281839622641,13568,10176,1073741824.0,107374182.4
HyperX,1233,11774427136.0,84.08018867924528,13568,10176,1073741824.0,107374182.4
HyperX,1234,11774427136.0,84.08755896226415,13568,10176,1073741824.0,107374182.4
HyperX,1235,11774427136.0,84.09492924528303,13568,10176,1073741824.0,107374182.4
HyperX,1236,11774427136.0,84.10229952830188,13568,10176,1073741824.0,107374182.4
HyperX,1237,11774427136.0,84.10966981132076,13568,10176,1073741824.0,107374182.4
HyperX,1238,11774427136.0,84.11704009433963,13568,10176,1073741824.0,107374182.4
HyperX,1239,11774427136.0,84.12441037735849,13568,10176,1073741824.0,107374182.4
HyperX,1240,11774427136.0,84.13178066037736,13568,10176,1073741824.0,107374182.4
HyperX,1241,11774427136.0,84.13915094339622,13568,10176,1073741824.0,107374182.4
HyperX,1242,11774427136.0,84.14652122641509,13568,10176,1073741824.0,107374182.4
HyperX,1243,11774427136.0,84.15389150943396,13568,10176,1073741824.0,107374182.4
HyperX,1244,11774427136.0,84.16126179245283,13568,10176,1073741824.0,107374182.4
HyperX,1245,11774427136.0,84.16863207547169,13568,10176,1073741824.0,107374182.4
HyperX,1246,11774427136.0,84.17600235849056,13568,10176,1073741824.0,107374182.4
HyperX,1247,11774427136.0,84.18337264150944,13568,10176,1073741824.0,107374182.4
HyperX,1248,11774427136.0,84.19074292452831,13568,10176,1073741824.0,107374182.4
HyperX,1249,11774427136.0,84.19811320754717,13568,10176,1073741824.0,107374182.4
HyperX,1250,11774427136.0,84.20548349056604,13568,10176,1073741824.0,107374182.4
HyperX,1251,11774427136.0,84.21285377358491,13568,10176,1073741824.0,107374182.4
HyperX,1252,11774427136.0,84.22022405660378,13568,10176,1073741824.0,107374182.4
HyperX,1253,11774427136.0,84.22759433962264,13568,10176,1073741824.0,107374182.4
HyperX,1254,11774427136.0,84.23496462264151,13568,10176,1073741824.0,107374182.4
HyperX,1255,11774427136.0,84.24233490566037,13568,10176,1073741824.0,107374182.4
HyperX,1256,11774427136.0,84.24970518867924,13568,10176,1073741824.0,107374182.4
HyperX,1257,11774427136.0,84.25707547169812,13568,10176,1073741824.0,107374182.4
HyperX,1258,11774427136.0,84.26444575471697,13568,10176,1073741824.0,107374182.4
HyperX,1259,11774427136.0,84.27181603773585,13568,10176,1073741824.0,107374182.4
HyperX,1260,11774427136.0,84.27918632075472,13568,10176,1073741824.0,107374182.4
HyperX,1261,11774427136.0,84.28655660377359,13568,10176,1073741824.0,107374182.4
HyperX,1262,11774427136.0,84.29392688679245,13568,10176,1073741824.0,107374182.4
HyperX,1263,11774427136.0,84.30129716981132,13568,10176,1073741824.0,107374182.4
HyperX,1264,11774427136.0,84.30866745283019,13568,10176,1073741824.0,107374182.4
HyperX,1265,11774427136.0,84.31603773584906,13568,10176,1073741824.0,107374182.4
HyperX,1266,11774427136.0,84.32340801886792,13568,10176,1073741824.0,107374182.4
HyperX,1267,11774427136.0,84.3307783018868,13568,10176,1073741824.0,107374182.4
HyperX,1268,11774427136.0,84.33814858490565,13568,10176,1073741824.0,107374182.4
HyperX,1269,11774427136.0,84.34551886792453,13568,10176,1073741824.0,107374182.4
HyperX,1270,11774427136.0,84.3528891509434,13568,10176,1073741824.0,107374182.4
HyperX,1271,11774427136.0,84.36025943396226,13568,10176,1073741824.0,107374182.4
HyperX,1272,11774427136.0,84.36762971698113,13568,10176,1073741824.0,107374182.4
HyperX,1273,11774427136.0,84.375,13568,10176,1073741824.0,107374182.4
HyperX,1274,11774427136.0,84.38237028301887,13568,10176,1073741824.0,107374182.4
HyperX,1275,11774427136.0,84.38974056603774,13568,10176,1073741824.0,107374182.4
HyperX,1276,11774427136.0,84.3971108490566,13568,10176,1073741824.0,107374182.4
HyperX,1277,11774427136.0,84.40448113207547,13568,10176,1073741824.0,107374182.4
HyperX,1278,11774427136.0,84.41185141509435,13568,10176,1073741824.0,107374182.4
HyperX,1279,11774427136.0,84.4192216981132,13568,10176,1073741824.0,107374182.4
HyperX,1280,11774427136.0,84.42659198113208,13568,10176,1073741824.0,107374182.4
HyperX,1281,11774427136.0,84.43396226415094,13568,10176,1073741824.0,107374182.4
HyperX,1282,11774427136.0,84.44133254716981,13568,10176,1073741824.0,107374182.4
HyperX,1283,11774427136.0,84.44870283018868,13568,10176,1073741824.0,107374182.4
HyperX,1284,11774427136.0,84.45607311320755,13568,10176,1073741824.0,107374182.4
HyperX,1285,11774427136.0,84.46344339622641,13568,10176,1073741824.0,107374182.4
HyperX,1286,11774427136.0,84.47081367924528,13568,10176,1073741824.0,107374182.4
HyperX,1287,11774427136.0,84.47818396226415,13568,10176,1073741824.0,107374182.4
HyperX,1288,11774427136.0,84.48555424528303,13568,10176,1073741824.0,107374182.4
HyperX,1289,11774427136.0,84.49292452830188,13568,10176,1073741824.0,107374182.4
HyperX,1290,11774427136.0,84.50029481132076,13568,10176,1073741824.0,107374182.4
HyperX,1291,11774427136.0,84.50766509433963,13568,10176,1073741824.0,107374182.4
HyperX,1292,11774427136.0,84.51503537735849,13568,10176,1073741824.0,107374182.4
HyperX,1293,11774427136.0,84.52240566037736,13568,10176,1073741824.0,107374182.4
HyperX,1294,11774427136.0,84.52977594339622,13568,10176,1073741824.0,107374182.4
HyperX,1295,11774427136.0,84.53714622641509,13568,10176,1073741824.0,107374182.4
HyperX,1296,11774427136.0,84.54451650943396,13568,10176,1073741824.0,107374182.4
HyperX,1297,11774427136.0,84.55188679245283,13568,10176,1073741824.0,107374182.4
HyperX,1298,11774427136.0,84.55925707547169,13568,10176,1073741824.0,107374182.4
HyperX,1299,11774427136.0,84.56662735849056,13568,10176,1073741824.0,107374182.4
HyperX,1300,11774427136.0,84.57399764150944,13568,10176,1073741824.0,107374182.4
HyperX,1301,11774427136.0,84.58136792452831,13568,10176,1073741824.0,107374182.4
HyperX,1302,11774427136.0,84.58873820754717,13568,10176,1073741824.0,107374182.4
HyperX,1303,11774427136.0,84.59610849056604,13568,10176,1073741824.0,107374182.4
HyperX,1304,11774427136.0,84.60347877358491,13568,10176,1073741824.0,107374182.4
HyperX,1305,11774427136.0,84.61084905660378,13568,10176,1073741824.0,107374182.4
HyperX,1306,11774427136.0,84.61821933962264,13568,10176,1073741824.0,107374182.4
HyperX,1307,11774427136.0,84.62558962264151,13568,10176,1073741824.0,107374182.4
HyperX,1308,11774427136.0,84.63295990566037,13568,10176,1073741824.0,107374182.4
HyperX,1309,11774427136.0,84.64033018867924,13568,10176,1073741824.0,107374182.4
HyperX,1310,11774427136.0,84.64770047169812,13568,10176,1073741824.0,107374182.4
HyperX,1311,11774427136.0,84.65507075471697,13568,10176,1073741824.0,107374182.4
HyperX,1312,11774427136.0,84.66244103773585,13568,10176,1073741824.0,107374182.4
HyperX,1313,11774427136.0,84.66981132075472,13568,10176,1073741824.0,107374182.4
HyperX,1314,11774427136.0,84.67718160377359,13568,10176,1073741824.0,107374182.4
HyperX,1315,11774427136.0,84.68455188679245,13568,10176,1073741824.0,107374182.4
HyperX,1316,11774427136.0,84.69192216981132,13568,10176,1073741824.0,107374182.4
HyperX,1317,11774427136.0,84.69929245283019,13568,10176,1073741824.0,107374182.4
HyperX,1318,11774427136.0,84.70666273584906,13568,10176,1073741824.0,107374182.4
HyperX,1319,11774427136.0,84.71403301886792,13568,10176,1073741824.0,107374182.4
HyperX,1320,11774427136.0,84.7214033018868,13568,10176,1073741824.0,107374182.4
HyperX,1321,11774427136.0,84.72877358490565,13568,10176,1073741824.0,107374182.4
HyperX,1322,11774427136.0,84.73614386792453,13568,10176,1073741824.0,107374182.4
HyperX,1323,11774427136.0,84.7435141509434,13568,10176,1073741824.0,107374182.4
HyperX,1324,11774427136.0,84.75088443396226,13568,10176,1073741824.0,107374182.4
HyperX,1325,11774427136.0,84.75825471698113,13568,10176,1073741824.0,107374182.4
HyperX,1326,11774427136.0,84.765625,13568,10176,1073741824.0,107374182.4
HyperX,1327,11774427136.0,84.77299528301887,13568,10176,1073741824.0,107374182.4
HyperX,1328,11774427136.0,84.78036556603774,13568,10176,1073741824.0,107374182.4
HyperX,1329,11774427136.0,84.7877358490566,13568,10176,1073741824.0,107374182.4
HyperX,1330,11774427136.0,84.79510613207547,13568,10176,1073741824.0,107374182.4
HyperX,1331,11774427136.0,84.80247641509435,13568,10176,1073741824.0,107374182.4
HyperX,1332,11774427136.0,84.8098466981132,13568,10176,1073741824.0,107374182.4
HyperX,1333,11774427136.0,84.81721698113208,13568,10176,1073741824.0,107374182.4
HyperX,1334,11774427136.0,84.82458726415094,13568,10176,1073741824.0,107374182.4
HyperX,1335,11774427136.0,84.83195754716981,13568,10176,1073741824.0,107374182.4
HyperX,1336,11774427136.0,84.83932783018868,13568,10176,1073741824.0,107374182.4
HyperX,1337,11774427136.0,84.84669811320755,13568,10176,1073741824.0,107374182.4
HyperX,1338,11774427136.0,84.85406839622641,13568,10176,1073741824.0,107374182.4
HyperX,1339,11774427136.0,84.86143867924528,13568,10176,1073741824.0,107374182.4
HyperX,1340,11774427136.0,84.86880896226415,13568,10176,1073741824.0,107374182.4
HyperX,1341,11774427136.0,84.87617924528303,13568,10176,1073741824.0,107374182.4
HyperX,1342,11774427136.0,84.88354952830188,13568,10176,1073741824.0,107374182.4
HyperX,1343,11774427136.0,84.89091981132076,13568,10176,1073741824.0,107374182.4
HyperX,1344,11774427136.0,84.89829009433963,13568,10176,1073741824.0,107374182.4
HyperX,1345,11774427136.0,84.90566037735849,13568,10176,1073741824.0,107374182.4
HyperX,1346,11774427136.0,84.91303066037736,13568,10176,1073741824.0,107374182.4
HyperX,1347,11774427136.0,84.92040094339622,13568,10176,1073741824.0,107374182.4
HyperX,1348,11774427136.0,84.92777122641509,13568,10176,1073741824.0,107374182.4
HyperX,1349,11774427136.0,84.93514150943396,13568,10176,1073741824.0,107374182.4
HyperX,1350,11774427136.0,84.94251179245283,13568,10176,1073741824.0,107374182.4
HyperX,1351,11774427136.0,84.94988207547169,13568,10176,1073741824.0,107374182.4
HyperX,1352,11774427136.0,84.95725235849056,13568,10176,1073741824.0,107374182.4
HyperX,1353,11774427136.0,84.96462264150944,13568,10176,1073741824.0,107374182.4
HyperX,1354,11774427136.0,84.97199292452831,13568,10176,1073741824.0,107374182.4
HyperX,1355,11774427136.0,84.97936320754717,13568,10176,1073741824.0,107374182.4
HyperX,1356,11774427136.0,84.98673349056604,13568,10176,1073741824.0,107374182.4
HyperX,1357,11774427136.0,84.99410377358491,13568,10176,1073741824.0,107374182.4
HyperX,1358,11774427136.0,85.00147405660378,13568,10176,1073741824.0,107374182.4
HyperX,1359,11774427136.0,85.00884433962264,13568,10176,1073741824.0,107374182.4
HyperX,1360,11774427136.0,85.01621462264151,13568,10176,1073741824.0,107374182.4
HyperX,1361,11774427136.0,85.02358490566037,13568,10176,1073741824.0,107374182.4
HyperX,1362,11774427136.0,85.03095518867924,13568,10176,1073741824.0,107374182.4
HyperX,1363,11774427136.0,85.03832547169812,13568,10176,1073741824.0,107374182.4
HyperX,1364,11774427136.0,85.04569575471697,13568,10176,1073741824.0,107374182.4
HyperX,1365,11774427136.0,85.05306603773585,13568,10176,1073741824.0,107374182.4
HyperX,1366,11774427136.0,85.06043632075472,13568,10176,1073741824.0,107374182.4
HyperX,1367,11774427136.0,85.06780660377359,13568,10176,1073741824.0,107374182.4
HyperX,1368,11774427136.0,85.07517688679245,13568,10176,1073741824.0,107374182.4
HyperX,1369,11774427136.0,85.08254716981132,13568,10176,1073741824.0,107374182.4
HyperX,1370,11774427136.0,85.08991745283019,13568,10176,1073741824.0,107374182.4
HyperX,1371,11774427136.0,85.09728773584906,13568,10176,1073741824.0,107374182.4
HyperX,1372,11774427136.0,85.10465801886792,13568,10176,1073741824.0,107374182.4
HyperX,1373,11774427136.0,85.1120283018868,13568,10176,1073741824.0,107374182.4
HyperX,1374,11774427136.0,85.11939858490565,13568,10176,1073741824.0,107374182.4
HyperX,1375,11774427136.0,85.12676886792453,13568,10176,1073741824.0,107374182.4
HyperX,1376,11774427136.0,85.1341391509434,13568,10176,1073741824.0,107374182.4
HyperX,1377,11774427136.0,85.14150943396226,13568,10176,1073741824.0,107374182.4
HyperX,1378,11774427136.0,85.14887971698113,13568,10176,1073741824.0,107374182.4
HyperX,1379,11774427136.0,85.15625,13568,10176,1073741824.0,107374182.4
HyperX,1380,11774427136.0,85.16362028301887,13568,10176,1073741824.0,107374182.4
HyperX,1381,11774427136.0,85.17099056603774,13568,10176,1073741824.0,107374182.4
HyperX,1382,11774427136.0,85.1783608490566,13568,10176,1073741824.0,107374182.4
HyperX,1383,11774427136.0,85.18573113207547,13568,10176,1073741824.0,107374182.4
HyperX,1384,11774427136.0,85.19310141509435,13568,10176,1073741824.0,107374182.4
HyperX,1385,11774427136.0,85.2004716981132,13568,10176,1073741824.0,107374182.4
HyperX,1386,11774427136.0,85.20784198113208,13568,10176,1073741824.0,107374182.4
HyperX,1387,11774427136.0,85.21521226415094,13568,10176,1073741824.0,107374182.4
HyperX,1388,11774427136.0,85.22258254716981,13568,10176,1073741824.0,107374182.4
HyperX,1389,11774427136.0,85.22995283018868,13568,10176,1073741824.0,107374182.4
HyperX,1390,11774427136.0,85.23732311320755,13568,10176,1073741824.0,107374182.4
HyperX,1391,11774427136.0,85.24469339622641,13568,10176,1073741824.0,107374182.4
HyperX,1392,11774427136.0,85.25206367924528,13568,10176,1073741824.0,107374182.4
HyperX,1393,11774427136.0,85.25943396226415,13568,10176,1073741824.0,107374182.4
HyperX,1394,11774427136.0,85.26680424528303,13568,10176,1073741824.0,107374182.4
HyperX,1395,11774427136.0,85.27417452830188,13568,10176,1073741824.0,107374182.4
HyperX,1396,11774427136.0,85.28154481132076,13568,10176,1073741824.0,107374182.4
HyperX,1397,11774427136.0,85.28891509433963,13568,10176,1073741824.0,107374182.4
HyperX,1398,11774427136.0,85.29628537735849,13568,10176,1073741824.0,107374182.4
HyperX,1399,11774427136.0,85.30365566037736,13568,10176,1073741824.0,107374182.4
HyperX,1400,11774427136.0,85.31102594339622,13568,10176,1073741824.0,107374182.4
HyperX,1401,11774427136.0,85.31839622641509,13568,10176,1073741824.0,107374182.4
HyperX,1402,11774427136.0,85.32576650943396,13568,10176,1073741824.0,107374182.4
HyperX,1403,11774427136.0,85.33313679245283,13568,10176,1073741824.0,107374182.4
HyperX,1404,11774427136.0,85.34050707547169,13568,10176,1073741824.0,107374182.4
HyperX,1405,11774427136.0,85.34787735849056,13568,10176,1073741824.0,107374182.4
HyperX,1406,11774427136.0,85.35524764150944,13568,10176,1073741824.0,107374182.4
HyperX,1407,11774427136.0,85.36261792452831,13568,10176,1073741824.0,107374182.4
HyperX,1408,11774427136.0,85.36998820754717,13568,10176,1073741824.0,107374182.4
HyperX,1409,11774427136.0,85.37735849056604,13568,10176,1073741824.0,107374182.4
HyperX,1410,11774427136.0,85.38472877358491,13568,10176,1073741824.0,107374182.4
HyperX,1411,11774427136.0,85.39209905660378,13568,10176,1073741824.0,107374182.4
HyperX,1412,11774427136.0,85.39946933962264,13568,10176,1073741824.0,107374182.4
HyperX,1413,11774427136.0,85.40683962264151,13568,10176,1073741824.0,107374182.4
HyperX,1414,11774427136.0,85.41420990566037,13568,10176,1073741824.0,107374182.4
HyperX,1415,11774427136.0,85.42158018867924,13568,10176,1073741824.0,107374182.4
HyperX,1416,11774427136.0,85.42895047169812,13568,10176,1073741824.0,107374182.4
HyperX,1417,11774427136.0,85.43632075471697,13568,10176,1073741824.0,107374182.4
HyperX,1418,11774427136.0,85.44369103773585,13568,10176,1073741824.0,107374182.4
HyperX,1419,11774427136.0,85.45106132075472,13568,10176,1073741824.0,107374182.4
HyperX,1420,11774427136.0,85.45843160377359,13568,10176,1073741824.0,107374182.4
HyperX,1421,11774427136.0,85.46580188679245,13568,10176,1073741824.0,107374182.4
HyperX,1422,11774427136.0,85.47317216981132,13568,10176,1073741824.0,107374182.4
HyperX,1423,11774427136.0,85.48054245283019,13568,10176,1073741824.0,107374182.4
HyperX,1424,11774427136.0,85.48791273584906,13568,10176,1073741824.0,107374182.4
HyperX,1425,11774427136.0,85.49528301886792,13568,10176,1073741824.0,107374182.4
HyperX,1426,11774427136.0,85.5026533018868,13568,10176,1073741824.0,107374182.4
HyperX,1427,11774427136.0,85.51002358490565,13568,10176,1073741824.0,107374182.4
HyperX,1428,11774427136.0,85.51739386792453,13568,10176,1073741824.0,107374182.4
HyperX,1429,11774427136.0,85.5247641509434,13568,10176,1073741824.0,107374182.4
HyperX,1430,11774427136.0,85.53213443396226,13568,10176,1073741824.0,107374182.4
HyperX,1431,11774427136.0,85.53950471698113,13568,10176,1073741824.0,107374182.4
HyperX,1432,11774427136.0,85.546875,13568,10176,1073741824.0,107374182.4
HyperX,1433,11774427136.0,85.55424528301887,13568,10176,1073741824.0,107374182.4
HyperX,1434,11774427136.0,85.56161556603774,13568,10176,1073741824.0,107374182.4
HyperX,1435,11774427136.0,85.5689858490566,13568,10176,1073741824.0,107374182.4
HyperX,1436,11774427136.0,85.57635613207547,13568,10176,1073741824.0,107374182.4
HyperX,1437,11774427136.0,85.58372641509435,13568,10176,1073741824.0,107374182.4
HyperX,1438,11774427136.0,85.5910966981132,13568,10176,1073741824.0,107374182.4
HyperX,1439,11774427136.0,85.59846698113208,13568,10176,1073741824.0,107374182.4
HyperX,1440,11774427136.0,85.60583726415094,13568,10176,1073741824.0,107374182.4
HyperX,1441,11774427136.0,85.61320754716981,13568,10176,1073741824.0,107374182.4
HyperX,1442,11774427136.0,85.62057783018868,13568,10176,1073741824.0,107374182.4
HyperX,1443,11774427136.0,85.62794811320755,13568,10176,1073741824.0,107374182.4
HyperX,1444,11774427136.0,85.63531839622641,13568,10176,1073741824.0,107374182.4
HyperX,1445,11774427136.0,85.64268867924528,13568,10176,1073741824.0,107374182.4
HyperX,1446,11774427136.0,85.65005896226415,13568,10176,1073741824.0,107374182.4
HyperX,1447,11774427136.0,85.65742924528303,13568,10176,1073741824.0,107374182.4
HyperX,1448,11774427136.0,85.66479952830188,13568,10176,1073741824.0,107374182.4
HyperX,1449,11774427136.0,85.67216981132076,13568,10176,1073741824.0,107374182.4
HyperX,1450,11774427136.0,85.67954009433963,13568,10176,1073741824.0,107374182.4
HyperX,1451,11774427136.0,85.68691037735849,13568,10176,1073741824.0,107374182.4
HyperX,1452,11774427136.0,85.69428066037736,13568,10176,1073741824.0,107374182.4
HyperX,1453,11774427136.0,85.70165094339622,13568,10176,1073741824.0,107374182.4
HyperX,1454,11774427136.0,85.70902122641509,13568,10176,1073741824.0,107374182.4
HyperX,1455,11774427136.0,85.71639150943396,13568,10176,1073741824.0,107374182.4
HyperX,1456,11774427136.0,85.72376179245283,13568,10176,1073741824.0,107374182.4
HyperX,1457,11774427136.0,85.73113207547169,13568,10176,1073741824.0,107374182.4
HyperX,1458,11774427136.0,85.73850235849056,13568,10176,1073741824.0,107374182.4
HyperX,1459,11774427136.0,85.74587264150944,13568,10176,1073741824.0,107374182.4
HyperX,1460,11774427136.0,85.75324292452831,13568,10176,1073741824.0,107374182.4
HyperX,1461,11774427136.0,85.76061320754717,13568,10176,1073741824.0,107374182.4
HyperX,1462,11774427136.0,85.76798349056604,13568,10176,1073741824.0,107374182.4
HyperX,1463,11774427136.0,85.77535377358491,13568,10176,1073741824.0,107374182.4
HyperX,1464,11774427136.0,85.78272405660378,13568,10176,1073741824.0,107374182.4
HyperX,1465,11774427136.0,85.79009433962264,13568,10176,1073741824.0,107374182.4
HyperX,1466,11774427136.0,85.79746462264151,13568,10176,1073741824.0,107374182.4
HyperX,1467,11774427136.0,85.80483490566037,13568,10176,1073741824.0,107374182.4
HyperX,1468,11774427136.0,85.81220518867924,13568,10176,1073741824.0,107374182.4
HyperX,1469,11774427136.0,85.81957547169812,13568,10176,1073741824.0,107374182.4
HyperX,1470,11774427136.0,85.82694575471697,13568,10176,1073741824.0,107374182.4
HyperX,1471,11774427136.0,85.83431603773585,13568,10176,1073741824.0,107374182.4
HyperX,1472,11774427136.0,85.84168632075472,13568,10176,1073741824.0,107374182.4
HyperX,1473,11774427136.0,85.84905660377359,13568,10176,1073741824.0,107374182.4
HyperX,1474,11774427136.0,85.85642688679245,13568,10176,1073741824.0,107374182.4
HyperX,1475,11774427136.0,85.86379716981132,13568,10176,1073741824.0,107374182.4
HyperX,1476,11774427136.0,85.87116745283019,13568,10176,1073741824.0,107374182.4
HyperX,1477,11774427136.0,85.87853773584906,13568,10176,1073741824.0,107374182.4
HyperX,1478,11774427136.0,85.88590801886792,13568,10176,1073741824.0,107374182.4
HyperX,1479,11774427136.0,85.8932783018868,13568,10176,1073741824.0,107374182.4
HyperX,1480,11774427136.0,85.90064858490565,13568,10176,1073741824.0,107374182.4
HyperX,1481,11774427136.0,85.90801886792453,13568,10176,1073741824.0,107374182.4
HyperX,1482,11774427136.0,85.9153891509434,13568,10176,1073741824.0,107374182.4
HyperX,1483,11774427136.0,85.92275943396226,13568,10176,1073741824.0,107374182.4
HyperX,1484,11774427136.0,85.93012971698113,13568,10176,1073741824.0,107374182.4
HyperX,1485,11774427136.0,85.9375,13568,10176,1073741824.0,107374182.4
HyperX,1486,11774427136.0,85.94487028301887,13568,10176,1073741824.0,107374182.4
HyperX,1487,11774427136.0,85.95224056603774,13568,10176,1073741824.0,107374182.4
HyperX,1488,11774427136.0,85.9596108490566,13568,10176,1073741824.0,107374182.4
HyperX,1489,11774427136.0,85.96698113207547,13568,10176,1073741824.0,107374182.4
HyperX,1490,11774427136.0,85.97435141509435,13568,10176,1073741824.0,107374182.4
HyperX,1491,11774427136.0,85.9817216981132,13568,10176,1073741824.0,107374182.4
HyperX,1492,11774427136.0,85.98909198113208,13568,10176,1073741824.0,107374182.4
HyperX,1493,11774427136.0,85.99646226415094,13568,10176,1073741824.0,107374182.4
HyperX,1494,11774427136.0,86.00383254716981,13568,10176,1073741824.0,107374182.4
HyperX,1495,11774427136.0,86.01120283018868,13568,10176,1073741824.0,107374182.4
HyperX,1496,11774427136.0,86.01857311320755,13568,10176,1073741824.0,107374182.4
HyperX,1497,11774427136.0,86.02594339622641,13568,10176,1073741824.0,107374182.4
HyperX,1498,11774427136.0,86.03331367924528,13568,10176,1073741824.0,107374182.4
HyperX,1499,11774427136.0,86.04068396226415,13568,10176,1073741824.0,107374182.4
HyperX,1500,11774427136.0,86.04805424528303,13568,10176,1073741824.0,107374182.4
HyperX,1501,11774427136.0,86.05542452830188,13568,10176,1073741824.0,107374182.4
HyperX,1502,11774427136.0,86.06279481132076,13568,10176,1073741824.0,107374182.4
HyperX,1503,11774427136.0,86.07016509433963,13568,10176,1073741824.0,107374182.4
HyperX,1504,11774427136.0,86.07753537735849,13568,10176,1073741824.0,107374182.4
HyperX,1505,11774427136.0,86.08490566037736,13568,10176,1073741824.0,107374182.4
HyperX,1506,11774427136.0,86.09227594339622,13568,10176,1073741824.0,107374182.4
HyperX,1507,11774427136.0,86.09964622641509,13568,10176,1073741824.0,107374182.4
HyperX,1508,11774427136.0,86.10701650943396,13568,10176,1073741824.0,107374182.4
HyperX,1509,11774427136.0,86.11438679245283,13568,10176,1073741824.0,107374182.4
HyperX,1510,11774427136.0,86.12175707547169,13568,10176,1073741824.0,107374182.4
HyperX,1511,11774427136.0,86.12912735849056,13568,10176,1073741824.0,107374182.4
HyperX,1512,11774427136.0,86.13649764150944,13568,10176,1073741824.0,107374182.4
HyperX,1513,11774427136.0,86.14386792452831,13568,10176,1073741824.0,107374182.4
HyperX,1514,11774427136.0,86.15123820754717,13568,10176,1073741824.0,107374182.4
HyperX,1515,11774427136.0,86.15860849056604,13568,10176,1073741824.0,107374182.4
HyperX,1516,11774427136.0,86.16597877358491,13568,10176,1073741824.0,107374182.4
HyperX,1517,11774427136.0,86.17334905660378,13568,10176,1073741824.0,107374182.4
HyperX,1518,11774427136.0,86.18071933962264,13568,10176,1073741824.0,107374182.4
HyperX,1519,11774427136.0,86.18808962264151,13568,10176,1073741824.0,107374182.4
HyperX,1520,11774427136.0,86.19545990566037,13568,10176,1073741824.0,107374182.4
HyperX,1521,11774427136.0,86.20283018867924,13568,10176,1073741824.0,107374182.4
HyperX,1522,11774427136.0,86.21020047169812,13568,10176,1073741824.0,107374182.4
HyperX,1523,11774427136.0,86.21757075471697,13568,10176,1073741824.0,107374182.4
HyperX,1524,11774427136.0,86.22494103773585,13568,10176,1073741824.0,107374182.4
HyperX,1525,11774427136.0,86.23231132075472,13568,10176,1073741824.0,107374182.4
HyperX,1526,11774427136.0,86.23968160377359,13568,10176,1073741824.0,107374182.4
HyperX,1527,11774427136.0,86.24705188679245,13568,10176,1073741824.0,107374182.4
HyperX,1528,11774427136.0,86.25442216981132,13568,10176,1073741824.0,107374182.4
HyperX,1529,11774427136.0,86.26179245283019,13568,10176,1073741824.0,107374182.4
HyperX,1530,11774427136.0,86.26916273584906,13568,10176,1073741824.0,107374182.4
HyperX,1531,11774427136.0,86.27653301886792,13568,10176,1073741824.0,107374182.4
HyperX,1532,11774427136.0,86.2839033018868,13568,10176,1073741824.0,107374182.4
HyperX,1533,11774427136.0,86.29127358490565,13568,10176,1073741824.0,107374182.4
HyperX,1534,11774427136.0,86.29864386792453,13568,10176,1073741824.0,107374182.4
HyperX,1535,11774427136.0,86.3060141509434,13568,10176,1073741824.0,107374182.4
HyperX,1536,11774427136.0,86.31338443396226,13568,10176,1073741824.0,107374182.4
HyperX,1537,11774427136.0,86.32075471698113,13568,10176,1073741824.0,107374182.4
HyperX,1538,11774427136.0,86.328125,13568,10176,1073741824.0,107374182.4
HyperX,1539,11774427136.0,86.33549528301887,13568,10176,1073741824.0,107374182.4
HyperX,1540,11774427136.0,86.34286556603774,13568,10176,1073741824.0,107374182.4
HyperX,1541,11774427136.0,86.3502358490566,13568,10176,1073741824.0,107374182.4
HyperX,1542,11774427136.0,86.35760613207547,13568,10176,1073741824.0,107374182.4
HyperX,1543,11774427136.0,86.36497641509435,13568,10176,1073741824.0,107374182.4
HyperX,1544,11774427136.0,86.3723466981132,13568,10176,1073741824.0,107374182.4
HyperX,1545,11774427136.0,86.37971698113208,13568,10176,1073741824.0,107374182.4
HyperX,1546,11774427136.0,86.38708726415094,13568,10176,1073741824.0,107374182.4
HyperX,1547,11774427136.0,86.39445754716981,13568,10176,1073741824.0,107374182.4
HyperX,1548,11774427136.0,86.40182783018868,13568,10176,1073741824.0,107374182.4
HyperX,1549,11774427136.0,86.40919811320755,13568,10176,1073741824.0,107374182.4
HyperX,1550,11774427136.0,86.41656839622641,13568,10176,1073741824.0,107374182.4
HyperX,1551,11774427136.0,86.42393867924528,13568,10176,1073741824.0,107374182.4
HyperX,1552,11774427136.0,86.43130896226415,13568,10176,1073741824.0,107374182.4
HyperX,1553,11774427136.0,86.43867924528303,13568,10176,1073741824.0,107374182.4
HyperX,1554,11774427136.0,86.44604952830188,13568,10176,1073741824.0,107374182.4
HyperX,1555,11774427136.0,86.45341981132076,13568,10176,1073741824.0,107374182.4
HyperX,1556,11774427136.0,86.46079009433963,13568,10176,1073741824.0,107374182.4
HyperX,1557,11774427136.0,86.46816037735849,13568,10176,1073741824.0,107374182.4
HyperX,1558,11774427136.0,86.47553066037736,13568,10176,1073741824.0,107374182.4
HyperX,1559,11774427136.0,86.48290094339622,13568,10176,1073741824.0,107374182.4
HyperX,1560,11774427136.0,86.49027122641509,13568,10176,1073741824.0,107374182.4
HyperX,1561,11774427136.0,86.49764150943396,13568,10176,1073741824.0,107374182.4
HyperX,1562,11774427136.0,86.50501179245283,13568,10176,1073741824.0,107374182.4
HyperX,1563,11774427136.0,86.51238207547169,13568,10176,1073741824.0,107374182.4
HyperX,1564,11774427136.0,86.51975235849056,13568,10176,1073741824.0,107374182.4
HyperX,1565,11774427136.0,86.52712264150944,13568,10176,1073741824.0,107374182.4
HyperX,1566,11774427136.0,86.53449292452831,13568,10176,1073741824.0,107374182.4
HyperX,1567,11774427136.0,86.54186320754717,13568,10176,1073741824.0,107374182.4
HyperX,1568,11774427136.0,86.54923349056604,13568,10176,1073741824.0,107374182.4
HyperX,1569,11774427136.0,86.55660377358491,13568,10176,1073741824.0,107374182.4
HyperX,1570,11774427136.0,86.56397405660378,13568,10176,1073741824.0,107374182.4
HyperX,1571,11774427136.0,86.57134433962264,13568,10176,1073741824.0,107374182.4
HyperX,1572,11774427136.0,86.57871462264151,13568,10176,1073741824.0,107374182.4
HyperX,1573,11774427136.0,86.58608490566037,13568,10176,1073741824.0,107374182.4
HyperX,1574,11774427136.0,86.59345518867924,13568,10176,1073741824.0,107374182.4
HyperX,1575,11774427136.0,86.60082547169812,13568,10176,1073741824.0,107374182.4
HyperX,1576,11774427136.0,86.60819575471697,13568,10176,1073741824.0,107374182.4
HyperX,1577,11774427136.0,86.61556603773585,13568,10176,1073741824.0,107374182.4
HyperX,1578,11774427136.0,86.62293632075472,13568,10176,1073741824.0,107374182.4
HyperX,1579,11774427136.0,86.63030660377359,13568,10176,1073741824.0,107374182.4
HyperX,1580,11774427136.0,86.63767688679245,13568,10176,1073741824.0,107374182.4
HyperX,1581,11774427136.0,86.64504716981132,13568,10176,1073741824.0,107374182.4
HyperX,1582,11774427136.0,86.65241745283019,13568,10176,1073741824.0,107374182.4
HyperX,1583,11774427136.0,86.65978773584906,13568,10176,1073741824.0,107374182.4
HyperX,1584,11774427136.0,86.66715801886792,13568,10176,1073741824.0,107374182.4
HyperX,1585,11774427136.0,86.6745283018868,13568,10176,1073741824.0,107374182.4
HyperX,1586,11774427136.0,86.68189858490565,13568,10176,1073741824.0,107374182.4
HyperX,1587,11774427136.0,86.68926886792453,13568,10176,1073741824.0,107374182.4
HyperX,1588,11774427136.0,86.6966391509434,13568,10176,1073741824.0,107374182.4
HyperX,1589,11774427136.0,86.70400943396226,13568,10176,1073741824.0,107374182.4
HyperX,1590,11774427136.0,86.71137971698113,13568,10176,1073741824.0,107374182.4
HyperX,1591,11774427136.0,86.71875,13568,10176,1073741824.0,107374182.4
HyperX,1592,11774427136.0,86.72612028301887,13568,10176,1073741824.0,107374182.4
HyperX,1593,11774427136.0,86.73349056603774,13568,10176,1073741824.0,107374182.4
HyperX,1594,11774427136.0,86.7408608490566,13568,10176,1073741824.0,107374182.4
HyperX,1595,11774427136.0,86.74823113207547,13568,10176,1073741824.0,107374182.4
HyperX,1596,11774427136.0,86.75560141509435,13568,10176,1073741824.0,107374182.4
HyperX,1597,11774427136.0,86.7629716981132,13568,10176,1073741824.0,107374182.4
HyperX,1598,11774427136.0,86.77034198113208,13568,10176,1073741824.0,107374182.4
HyperX,1599,11774427136.0,86.77771226415094,13568,10176,1073741824.0,107374182.4
HyperX,1600,11774427136.0,86.78508254716981,13568,10176,1073741824.0,107374182.4
HyperX,1601,11774427136.0,86.79245283018868,13568,10176,1073741824.0,107374182.4
HyperX,1602,11774427136.0,86.79982311320755,13568,10176,1073741824.0,107374182.4
HyperX,1603,11774427136.0,86.80719339622641,13568,10176,1073741824.0,107374182.4
HyperX,1604,11774427136.0,86.81456367924528,13568,10176,1073741824.0,107374182.4
HyperX,1605,11774427136.0,86.82193396226415,13568,10176,1073741824.0,107374182.4
HyperX,1606,11774427136.0,86.82930424528303,13568,10176,1073741824.0,107374182.4
HyperX,1607,11774427136.0,86.83667452830188,13568,10176,1073741824.0,107374182.4
HyperX,1608,11774427136.0,86.84404481132076,13568,10176,1073741824.0,107374182.4
HyperX,1609,11774427136.0,86.85141509433963,13568,10176,1073741824.0,107374182.4
HyperX,1610,11774427136.0,86.85878537735849,13568,10176,1073741824.0,107374182.4
HyperX,1611,11774427136.0,86.86615566037736,13568,10176,1073741824.0,107374182.4
HyperX,1612,11774427136.0,86.87352594339622,13568,10176,1073741824.0,107374182.4
HyperX,1613,11774427136.0,86.88089622641509,13568,10176,1073741824.0,107374182.4
HyperX,1614,11774427136.0,86.88826650943396,13568,10176,1073741824.0,107374182.4
HyperX,1615,11774427136.0,86.89563679245283,13568,10176,1073741824.0,107374182.4
HyperX,1616,11774427136.0,86.90300707547169,13568,10176,1073741824.0,107374182.4
HyperX,1617,11774427136.0,86.91037735849056,13568,10176,1073741824.0,107374182.4
HyperX,1618,11774427136.0,86.91774764150944,13568,10176,1073741824.0,107374182.4
HyperX,1619,11774427136.0,86.92511792452831,13568,10176,1073741824.0,107374182.4
HyperX,1620,11774427136.0,86.93248820754717,13568,10176,1073741824.0,107374182.4
HyperX,1621,11774427136.0,86.93985849056604,13568,10176,1073741824.0,107374182.4
HyperX,1622,11774427136.0,86.94722877358491,13568,10176,1073741824.0,107374182.4
HyperX,1623,11774427136.0,86.95459905660378,13568,10176,1073741824.0,107374182.4
HyperX,1624,11774427136.0,86.96196933962264,13568,10176,1073741824.0,107374182.4
HyperX,1625,11774427136.0,86.96933962264151,13568,10176,1073741824.0,107374182.4
HyperX,1626,11774427136.0,86.97670990566037,13568,10176,1073741824.0,107374182.4
HyperX,1627,11774427136.0,86.98408018867924,13568,10176,1073741824.0,107374182.4
HyperX,1628,11774427136.0,86.99145047169812,13568,10176,1073741824.0,107374182.4
HyperX,1629,11774427136.0,86.99882075471697,13568,10176,1073741824.0,107374182.4
HyperX,1630,11774427136.0,87.00619103773585,13568,10176,1073741824.0,107374182.4
HyperX,1631,11774427136.0,87.01356132075472,13568,10176,1073741824.0,107374182.4
HyperX,1632,11774427136.0,87.02093160377359,13568,10176,1073741824.0,107374182.4
HyperX,1633,11774427136.0,87.02830188679245,13568,10176,1073741824.0,107374182.4
HyperX,1634,11774427136.0,87.03567216981132,13568,10176,1073741824.0,107374182.4
HyperX,1635,11774427136.0,87.04304245283019,13568,10176,1073741824.0,107374182.4
HyperX,1636,11774427136.0,87.05041273584906,13568,10176,1073741824.0,107374182.4
HyperX,1637,11774427136.0,87.05778301886792,13568,10176,1073741824.0,107374182.4
HyperX,1638,11774427136.0,87.0651533018868,13568,10176,1073741824.0,107374182.4
HyperX,1639,11774427136.0,87.07252358490565,13568,10176,1073741824.0,107374182.4
HyperX,1640,11774427136.0,87.07989386792453,13568,10176,1073741824.0,107374182.4
HyperX,1641,11774427136.0,87.0872641509434,13568,10176,1073741824.0,107374182.4
HyperX,1642,11774427136.0,87.09463443396226,13568,10176,1073741824.0,107374182.4
HyperX,1643,11774427136.0,87.10200471698113,13568,10176,1073741824.0,107374182.4
HyperX,1644,11774427136.0,87.109375,13568,10176,1073741824.0,107374182.4
HyperX,1645,11774427136.0,87.11674528301887,13568,10176,1073741824.0,107374182.4
HyperX,1646,11774427136.0,87.12411556603774,13568,10176,1073741824.0,107374182.4
HyperX,1647,11774427136.0,87.1314858490566,13568,10176,1073741824.0,107374182.4
HyperX,1648,11774427136.0,87.13885613207547,13568,10176,1073741824.0,107374182.4
HyperX,1649,11774427136.0,87.14622641509435,13568,10176,1073741824.0,107374182.4
HyperX,1650,11774427136.0,87.1535966981132,13568,10176,1073741824.0,107374182.4
HyperX,1651,11774427136.0,87.16096698113208,13568,10176,1073741824.0,107374182.4
HyperX,1652,11774427136.0,87.16833726415094,13568,10176,1073741824.0,107374182.4
HyperX,1653,11774427136.0,87.17570754716981,13568,10176,1073741824.0,107374182.4
HyperX,1654,11774427136.0,87.18307783018868,13568,10176,1073741824.0,107374182.4
HyperX,1655,11774427136.0,87.19044811320755,13568,10176,1073741824.0,107374182.4
HyperX,1656,11774427136.0,87.19781839622641,13568,10176,1073741824.0,107374182.4
HyperX,1657,11774427136.0,87.20518867924528,13568,10176,1073741824.0,107374182.4
HyperX,1658,11774427136.0,87.21255896226415,13568,10176,1073741824.0,107374182.4
HyperX,1659,11774427136.0,87.21992924528303,13568,10176,1073741824.0,107374182.4
HyperX,1660,11774427136.0,87.22729952830188,13568,10176,1073741824.0,107374182.4
HyperX,1661,11774427136.0,87.23466981132076,13568,10176,1073741824.0,107374182.4
HyperX,1662,11774427136.0,87.24204009433963,13568,10176,1073741824.0,107374182.4
HyperX,1663,11774427136.0,87.24941037735849,13568,10176,1073741824.0,107374182.4
HyperX,1664,11774427136.0,87.25678066037736,13568,10176,1073741824.0,107374182.4
HyperX,1665,11774427136.0,87.26415094339622,13568,10176,1073741824.0,107374182.4
HyperX,1666,11774427136.0,87.27152122641509,13568,10176,1073741824.0,107374182.4
HyperX,1667,11774427136.0,87.27889150943396,13568,10176,1073741824.0,107374182.4
HyperX,1668,11774427136.0,87.28626179245283,13568,10176,1073741824.0,107374182.4
HyperX,1669,11774427136.0,87.29363207547169,13568,10176,1073741824.0,107374182.4
HyperX,1670,11774427136.0,87.30100235849056,13568,10176,1073741824.0,107374182.4
HyperX,1671,11774427136.0,87.30837264150944,13568,10176,1073741824.0,107374182.4
HyperX,1672,11774427136.0,87.31574292452831,13568,10176,1073741824.0,107374182.4
HyperX,1673,11774427136.0,87.32311320754717,13568,10176,1073741824.0,107374182.4
HyperX,1674,11774427136.0,87.33048349056604,13568,10176,1073741824.0,107374182.4
HyperX,1675,11774427136.0,87.33785377358491,13568,10176,1073741824.0,107374182.4
HyperX,1676,11774427136.0,87.34522405660378,13568,10176,1073741824.0,107374182.4
HyperX,1677,11774427136.0,87.35259433962264,13568,10176,1073741824.0,107374182.4
HyperX,1678,11774427136.0,87.35996462264151,13568,10176,1073741824.0,107374182.4
HyperX,1679,11774427136.0,87.36733490566037,13568,10176,1073741824.0,107374182.4
HyperX,1680,11774427136.0,87.37470518867924,13568,10176,1073741824.0,107374182.4
HyperX,1681,11774427136.0,87.38207547169812,13568,10176,1073741824.0,107374182.4
HyperX,1682,11774427136.0,87.38944575471697,13568,10176,1073741824.0,107374182.4
HyperX,1683,11774427136.0,87.39681603773585,13568,10176,1073741824.0,107374182.4
HyperX,1684,11774427136.0,87.40418632075472,13568,10176,1073741824.0,107374182.4
HyperX,1685,11774427136.0,87.41155660377359,13568,10176,1073741824.0,107374182.4
HyperX,1686,11774427136.0,87.41892688679245,13568,10176,1073741824.0,107374182.4
HyperX,1687,11774427136.0,87.42629716981132,13568,10176,1073741824.0,107374182.4
HyperX,1688,11774427136.0,87.43366745283019,13568,10176,1073741824.0,107374182.4
HyperX,1689,11774427136.0,87.44103773584906,13568,10176,1073741824.0,107374182.4
HyperX,1690,11774427136.0,87.44840801886792,13568,10176,1073741824.0,107374182.4
HyperX,1691,11774427136.0,87.4557783018868,13568,10176,1073741824.0,107374182.4
HyperX,1692,11774427136.0,87.46314858490565,13568,10176,1073741824.0,107374182.4
HyperX,1693,11774427136.0,87.47051886792453,13568,10176,1073741824.0,107374182.4
HyperX,1694,11774427136.0,87.4778891509434,13568,10176,1073741824.0,107374182.4
HyperX,1695,11774427136.0,87.48525943396226,13568,10176,1073741824.0,107374182.4
HyperX,1696,11774427136.0,87.49262971698113,13568,10176,1073741824.0,107374182.4
HyperX,1697,11774427136.0,87.5,13568,10176,1073741824.0,107374182.4
HyperX,1698,11774427136.0,87.50737028301887,13568,10176,1073741824.0,107374182.4
HyperX,1699,11774427136.0,87.51474056603774,13568,10176,1073741824.0,107374182.4
HyperX,1700,11774427136.0,87.5221108490566,13568,10176,1073741824.0,107374182.4
HyperX,1701,11774427136.0,87.52948113207547,13568,10176,1073741824.0,107374182.4
HyperX,1702,11774427136.0,87.53685141509435,13568,10176,1073741824.0,107374182.4
HyperX,1703,11774427136.0,87.5442216981132,13568,10176,1073741824.0,107374182.4
HyperX,1704,11774427136.0,87.55159198113208,13568,10176,1073741824.0,107374182.4
HyperX,1705,11774427136.0,87.55896226415094,13568,10176,1073741824.0,107374182.4
HyperX,1706,11774427136.0,87.56633254716981,13568,10176,1073741824.0,107374182.4
HyperX,1707,11774427136.0,87.57370283018868,13568,10176,1073741824.0,107374182.4
HyperX,1708,11774427136.0,87.58107311320755,13568,10176,1073741824.0,107374182.4
HyperX,1709,11774427136.0,87.58844339622641,13568,10176,1073741824.0,107374182.4
HyperX,1710,11774427136.0,87.59581367924528,13568,10176,1073741824.0,107374182.4
HyperX,1711,11774427136.0,87.60318396226415,13568,10176,1073741824.0,107374182.4
HyperX,1712,11774427136.0,87.61055424528303,13568,10176,1073741824.0,107374182.4
HyperX,1713,11774427136.0,87.61792452830188,13568,10176,1073741824.0,107374182.4
HyperX,1714,11774427136.0,87.62529481132076,13568,10176,1073741824.0,107374182.4
HyperX,1715,11774427136.0,87.63266509433963,13568,10176,1073741824.0,107374182.4
HyperX,1716,11774427136.0,87.64003537735849,13568,10176,1073741824.0,107374182.4
HyperX,1717,11774427136.0,87.64740566037736,13568,10176,1073741824.0,107374182.4
HyperX,1718,11774427136.0,87.65477594339622,13568,10176,1073741824.0,107374182.4
HyperX,1719,11774427136.0,87.66214622641509,13568,10176,1073741824.0,107374182.4
HyperX,1720,11774427136.0,87.66951650943396,13568,10176,1073741824.0,107374182.4
HyperX,1721,11774427136.0,87.67688679245283,13568,10176,1073741824.0,107374182.4
HyperX,1722,11774427136.0,87.68425707547169,13568,10176,1073741824.0,107374182.4
HyperX,1723,11774427136.0,87.69162735849056,13568,10176,1073741824.0,107374182.4
HyperX,1724,11774427136.0,87.69899764150944,13568,10176,1073741824.0,107374182.4
HyperX,1725,11774427136.0,87.70636792452831,13568,10176,1073741824.0,107374182.4
HyperX,1726,11774427136.0,87.71373820754717,13568,10176,1073741824.0,107374182.4
HyperX,1727,11774427136.0,87.72110849056604,13568,10176,1073741824.0,107374182.4
HyperX,1728,11774427136.0,87.72847877358491,13568,10176,1073741824.0,107374182.4
HyperX,1729,11774427136.0,87.73584905660378,13568,10176,1073741824.0,107374182.4
HyperX,1730,11774427136.0,87.74321933962264,13568,10176,1073741824.0,107374182.4
HyperX,1731,11774427136.0,87.75058962264151,13568,10176,1073741824.0,107374182.4
HyperX,1732,11774427136.0,87.75795990566037,13568,10176,1073741824.0,107374182.4
HyperX,1733,11774427136.0,87.76533018867924,13568,10176,1073741824.0,107374182.4
HyperX,1734,11774427136.0,87.77270047169812,13568,10176,1073741824.0,107374182.4
HyperX,1735,11774427136.0,87.78007075471697,13568,10176,1073741824.0,107374182.4
HyperX,1736,11774427136.0,87.78744103773585,13568,10176,1073741824.0,107374182.4
HyperX,1737,11774427136.0,87.79481132075472,13568,10176,1073741824.0,107374182.4
HyperX,1738,11774427136.0,87.80218160377359,13568,10176,1073741824.0,107374182.4
HyperX,1739,11774427136.0,87.80955188679245,13568,10176,1073741824.0,107374182.4
HyperX,1740,11774427136.0,87.81692216981132,13568,10176,1073741824.0,107374182.4
HyperX,1741,11774427136.0,87.82429245283019,13568,10176,1073741824.0,107374182.4
HyperX,1742,11774427136.0,87.83166273584906,13568,10176,1073741824.0,107374182.4
HyperX,1743,11774427136.0,87.83903301886792,13568,10176,1073741824.0,107374182.4
HyperX,1744,11774427136.0,87.8464033018868,13568,10176,1073741824.0,107374182.4
HyperX,1745,11774427136.0,87.85377358490565,13568,10176,1073741824.0,107374182.4
HyperX,1746,11774427136.0,87.86114386792453,13568,10176,1073741824.0,107374182.4
HyperX,1747,11774427136.0,87.8685141509434,13568,10176,1073741824.0,107374182.4
HyperX,1748,11774427136.0,87.87588443396226,13568,10176,1073741824.0,107374182.4
HyperX,1749,11774427136.0,87.88325471698113,13568,10176,1073741824.0,107374182.4
HyperX,1750,11774427136.0,87.890625,13568,10176,1073741824.0,107374182.4
HyperX,1751,11774427136.0,87.89799528301887,13568,10176,1073741824.0,107374182.4
HyperX,1752,11774427136.0,87.90536556603774,13568,10176,1073741824.0,107374182.4
HyperX,1753,11774427136.0,87.9127358490566,13568,10176,1073741824.0,107374182.4
HyperX,1754,11774427136.0,87.92010613207547,13568,10176,1073741824.0,107374182.4
HyperX,1755,11774427136.0,87.92747641509435,13568,10176,1073741824.0,107374182.4
HyperX,1756,11774427136.0,87.9348466981132,13568,10176,1073741824.0,107374182.4
HyperX,1757,11774427136.0,87.94221698113208,13568,10176,1073741824.0,107374182.4
HyperX,1758,11774427136.0,87.94958726415094,13568,10176,1073741824.0,107374182.4
HyperX,1759,11774427136.0,87.95695754716981,13568,10176,1073741824.0,107374182.4
HyperX,1760,11774427136.0,87.96432783018868,13568,10176,1073741824.0,107374182.4
HyperX,1761,11774427136.0,87.97169811320755,13568,10176,1073741824.0,107374182.4
HyperX,1762,11774427136.0,87.97906839622641,13568,10176,1073741824.0,107374182.4
HyperX,1763,11774427136.0,87.98643867924528,13568,10176,1073741824.0,107374182.4
HyperX,1764,11774427136.0,87.99380896226415,13568,10176,1073741824.0,107374182.4
HyperX,1765,11774427136.0,88.00117924528303,13568,10176,1073741824.0,107374182.4
HyperX,1766,11774427136.0,88.00854952830188,13568,10176,1073741824.0,107374182.4
HyperX,1767,11774427136.0,88.01591981132076,13568,10176,1073741824.0,107374182.4
HyperX,1768,11774427136.0,88.02329009433963,13568,10176,1073741824.0,107374182.4
HyperX,1769,11774427136.0,88.03066037735849,13568,10176,1073741824.0,107374182.4
HyperX,1770,11774427136.0,88.03803066037736,13568,10176,1073741824.0,107374182.4
HyperX,1771,11774427136.0,88.04540094339622,13568,10176,1073741824.0,107374182.4
HyperX,1772,11774427136.0,88.05277122641509,13568,10176,1073741824.0,107374182.4
HyperX,1773,11774427136.0,88.06014150943396,13568,10176,1073741824.0,107374182.4
HyperX,1774,11774427136.0,88.06751179245283,13568,10176,1073741824.0,107374182.4
HyperX,1775,11774427136.0,88.07488207547169,13568,10176,1073741824.0,107374182.4
HyperX,1776,11774427136.0,88.08225235849056,13568,10176,1073741824.0,107374182.4
HyperX,1777,11774427136.0,88.08962264150944,13568,10176,1073741824.0,107374182.4
HyperX,1778,11774427136.0,88.09699292452831,13568,10176,1073741824.0,107374182.4
HyperX,1779,11774427136.0,88.10436320754717,13568,10176,1073741824.0,107374182.4
HyperX,1780,11774427136.0,88.11173349056604,13568,10176,1073741824.0,107374182.4
HyperX,1781,11774427136.0,88.11910377358491,13568,10176,1073741824.0,107374182.4
HyperX,1782,11774427136.0,88.12647405660378,13568,10176,1073741824.0,107374182.4
HyperX,1783,11774427136.0,88.13384433962264,13568,10176,1073741824.0,107374182.4
HyperX,1784,11774427136.0,88.14121462264151,13568,10176,1073741824.0,107374182.4
HyperX,1785,11774427136.0,88.14858490566037,13568,10176,1073741824.0,107374182.4
HyperX,1786,11774427136.0,88.15595518867924,13568,10176,1073741824.0,107374182.4
HyperX,1787,11774427136.0,88.16332547169812,13568,10176,1073741824.0,107374182.4
HyperX,1788,11774427136.0,88.17069575471697,13568,10176,1073741824.0,107374182.4
HyperX,1789,11774427136.0,88.17806603773585,13568,10176,1073741824.0,107374182.4
HyperX,1790,11774427136.0,88.18543632075472,13568,10176,1073741824.0,107374182.4
HyperX,1791,11774427136.0,88.19280660377359,13568,10176,1073741824.0,107374182.4
HyperX,1792,11774427136.0,88.20017688679245,13568,10176,1073741824.0,107374182.4
HyperX,1793,11774427136.0,88.20754716981132,13568,10176,1073741824.0,107374182.4
HyperX,1794,11774427136.0,88.21491745283019,13568,10176,1073741824.0,107374182.4
HyperX,1795,11774427136.0,88.22228773584906,13568,10176,1073741824.0,107374182.4
HyperX,1796,11774427136.0,88.22965801886792,13568,10176,1073741824.0,107374182.4
HyperX,1797,11774427136.0,88.2370283018868,13568,10176,1073741824.0,107374182.4
HyperX,1798,11774427136.0,88.24439858490565,13568,10176,1073741824.0,107374182.4
HyperX,1799,11774427136.0,88.25176886792453,13568,10176,1073741824.0,107374182.4
HyperX,1800,11774427136.0,88.2591391509434,13568,10176,1073741824.0,107374182.4
HyperX,1801,11774427136.0,88.26650943396226,13568,10176,1073741824.0,107374182.4
HyperX,1802,11774427136.0,88.27387971698113,13568,10176,1073741824.0,107374182.4
HyperX,1803,11774427136.0,88.28125,13568,10176,1073741824.0,107374182.4
HyperX,1804,11774427136.0,88.28862028301887,13568,10176,1073741824.0,107374182.4
HyperX,1805,11774427136.0,88.29599056603774,13568,10176,1073741824.0,107374182.4
HyperX,1806,11774427136.0,88.3033608490566,13568,10176,1073741824.0,107374182.4
HyperX,1807,11774427136.0,88.31073113207547,13568,10176,1073741824.0,107374182.4
HyperX,1808,11774427136.0,88.31810141509435,13568,10176,1073741824.0,107374182.4
HyperX,1809,11774427136.0,88.3254716981132,13568,10176,1073741824.0,107374182.4
HyperX,1810,11774427136.0,88.33284198113208,13568,10176,1073741824.0,107374182.4
HyperX,1811,11774427136.0,88.34021226415094,13568,10176,1073741824.0,107374182.4
HyperX,1812,11774427136.0,88.34758254716981,13568,10176,1073741824.0,107374182.4
HyperX,1813,11774427136.0,88.35495283018868,13568,10176,1073741824.0,107374182.4
HyperX,1814,11774427136.0,88.36232311320755,13568,10176,1073741824.0,107374182.4
HyperX,1815,11774427136.0,88.36969339622641,13568,10176,1073741824.0,107374182.4
HyperX,1816,11774427136.0,88.37706367924528,13568,10176,1073741824.0,107374182.4
HyperX,1817,11774427136.0,88.38443396226415,13568,10176,1073741824.0,107374182.4
HyperX,1818,11774427136.0,88.39180424528303,13568,10176,1073741824.0,107374182.4
HyperX,1819,11774427136.0,88.39917452830188,13568,10176,1073741824.0,107374182.4
HyperX,1820,11774427136.0,88.40654481132076,13568,10176,1073741824.0,107374182.4
HyperX,1821,11774427136.0,88.41391509433963,13568,10176,1073741824.0,107374182.4
HyperX,1822,11774427136.0,88.42128537735849,13568,10176,1073741824.0,107374182.4
HyperX,1823,11774427136.0,88.42865566037736,13568,10176,1073741824.0,107374182.4
HyperX,1824,11774427136.0,88.43602594339622,13568,10176,1073741824.0,107374182.4
HyperX,1825,11774427136.0,88.44339622641509,13568,10176,1073741824.0,107374182.4
HyperX,1826,11774427136.0,88.45076650943396,13568,10176,1073741824.0,107374182.4
HyperX,1827,11774427136.0,88.45813679245283,13568,10176,1073741824.0,107374182.4
HyperX,1828,11774427136.0,88.46550707547169,13568,10176,1073741824.0,107374182.4
HyperX,1829,11774427136.0,88.47287735849056,13568,10176,1073741824.0,107374182.4
HyperX,1830,11774427136.0,88.48024764150944,13568,10176,1073741824.0,107374182.4
HyperX,1831,11774427136.0,88.48761792452831,13568,10176,1073741824.0,107374182.4
HyperX,1832,11774427136.0,88.49498820754717,13568,10176,1073741824.0,107374182.4
HyperX,1833,11774427136.0,88.50235849056604,13568,10176,1073741824.0,107374182.4
HyperX,1834,11774427136.0,88.50972877358491,13568,10176,1073741824.0,107374182.4
HyperX,1835,11774427136.0,88.51709905660378,13568,10176,1073741824.0,107374182.4
HyperX,1836,11774427136.0,88.52446933962264,13568,10176,1073741824.0,107374182.4
HyperX,1837,11774427136.0,88.53183962264151,13568,10176,1073741824.0,107374182.4
HyperX,1838,11774427136.0,88.53920990566037,13568,10176,1073741824.0,107374182.4
HyperX,1839,11774427136.0,88.54658018867924,13568,10176,1073741824.0,107374182.4
HyperX,1840,11774427136.0,88.55395047169812,13568,10176,1073741824.0,107374182.4
HyperX,1841,11774427136.0,88.56132075471697,13568,10176,1073741824.0,107374182.4
HyperX,1842,11774427136.0,88.56869103773585,13568,10176,1073741824.0,107374182.4
HyperX,1843,11774427136.0,88.57606132075472,13568,10176,1073741824.0,107374182.4
HyperX,1844,11774427136.0,88.58343160377359,13568,10176,1073741824.0,107374182.4
HyperX,1845,11774427136.0,88.59080188679245,13568,10176,1073741824.0,107374182.4
HyperX,1846,11774427136.0,88.59817216981132,13568,10176,1073741824.0,107374182.4
HyperX,1847,11774427136.0,88.60554245283019,13568,10176,1073741824.0,107374182.4
HyperX,1848,11774427136.0,88.61291273584906,13568,10176,1073741824.0,107374182.4
HyperX,1849,11774427136.0,88.62028301886792,13568,10176,1073741824.0,107374182.4
HyperX,1850,11774427136.0,88.6276533018868,13568,10176,1073741824.0,107374182.4
HyperX,1851,11774427136.0,88.63502358490565,13568,10176,1073741824.0,107374182.4
HyperX,1852,11774427136.0,88.64239386792453,13568,10176,1073741824.0,107374182.4
HyperX,1853,11774427136.0,88.6497641509434,13568,10176,1073741824.0,107374182.4
HyperX,1854,11774427136.0,88.65713443396226,13568,10176,1073741824.0,107374182.4
HyperX,1855,11774427136.0,88.66450471698113,13568,10176,1073741824.0,107374182.4
HyperX,1856,11774427136.0,88.671875,13568,10176,1073741824.0,107374182.4
HyperX,1857,11774427136.0,88.67924528301887,13568,10176,1073741824.0,107374182.4
HyperX,1858,11774427136.0,88.68661556603774,13568,10176,1073741824.0,107374182.4
HyperX,1859,11774427136.0,88.6939858490566,13568,10176,1073741824.0,107374182.4
HyperX,1860,11774427136.0,88.70135613207547,13568,10176,1073741824.0,107374182.4
HyperX,1861,11774427136.0,88.70872641509435,13568,10176,1073741824.0,107374182.4
HyperX,1862,11774427136.0,88.7160966981132,13568,10176,1073741824.0,107374182.4
HyperX,1863,11774427136.0,88.72346698113208,13568,10176,1073741824.0,107374182.4
HyperX,1864,11774427136.0,88.73083726415094,13568,10176,1073741824.0,107374182.4
HyperX,1865,11774427136.0,88.73820754716981,13568,10176,1073741824.0,107374182.4
HyperX,1866,11774427136.0,88.74557783018868,13568,10176,1073741824.0,107374182.4
HyperX,1867,11774427136.0,88.75294811320755,13568,10176,1073741824.0,107374182.4
HyperX,1868,11774427136.0,88.76031839622641,13568,10176,1073741824.0,107374182.4
HyperX,1869,11774427136.0,88.76768867924528,13568,10176,1073741824.0,107374182.4
HyperX,1870,11774427136.0,88.77505896226415,13568,10176,1073741824.0,107374182.4
HyperX,1871,11774427136.0,88.78242924528303,13568,10176,1073741824.0,107374182.4
HyperX,1872,11774427136.0,88.78979952830188,13568,10176,1073741824.0,107374182.4
HyperX,1873,11774427136.0,88.79716981132076,13568,10176,1073741824.0,107374182.4
HyperX,1874,11774427136.0,88.80454009433963,13568,10176,1073741824.0,107374182.4
HyperX,1875,11774427136.0,88.81191037735849,13568,10176,1073741824.0,107374182.4
HyperX,1876,11774427136.0,88.81928066037736,13568,10176,1073741824.0,107374182.4
HyperX,1877,11774427136.0,88.82665094339622,13568,10176,1073741824.0,107374182.4
HyperX,1878,11774427136.0,88.83402122641509,13568,10176,1073741824.0,107374182.4
HyperX,1879,11774427136.0,88.84139150943396,13568,10176,1073741824.0,107374182.4
HyperX,1880,11774427136.0,88.84876179245283,13568,10176,1073741824.0,107374182.4
HyperX,1881,11774427136.0,88.85613207547169,13568,10176,1073741824.0,107374182.4
HyperX,1882,11774427136.0,88.86350235849056,13568,10176,1073741824.0,107374182.4
HyperX,1883,11774427136.0,88.87087264150944,13568,10176,1073741824.0,107374182.4
HyperX,1884,11774427136.0,88.87824292452831,13568,10176,1073741824.0,107374182.4
HyperX,1885,11774427136.0,88.88561320754717,13568,10176,1073741824.0,107374182.4
HyperX,1886,11774427136.0,88.89298349056604,13568,10176,1073741824.0,107374182.4
HyperX,1887,11774427136.0,88.90035377358491,13568,10176,1073741824.0,107374182.4
HyperX,1888,11774427136.0,88.90772405660378,13568,10176,1073741824.0,107374182.4
HyperX,1889,11774427136.0,88.91509433962264,13568,10176,1073741824.0,107374182.4
HyperX,1890,11774427136.0,88.92246462264151,13568,10176,1073741824.0,107374182.4
HyperX,1891,11774427136.0,88.92983490566037,13568,10176,1073741824.0,107374182.4
HyperX,1892,11774427136.0,88.93720518867924,13568,10176,1073741824.0,107374182.4
HyperX,1893,11774427136.0,88.94457547169812,13568,10176,1073741824.0,107374182.4
HyperX,1894,11774427136.0,88.95194575471697,13568,10176,1073741824.0,107374182.4
HyperX,1895,11774427136.0,88.95931603773585,13568,10176,1073741824.0,107374182.4
HyperX,1896,11774427136.0,88.96668632075472,13568,10176,1073741824.0,107374182.4
HyperX,1897,11774427136.0,88.97405660377359,13568,10176,1073741824.0,107374182.4
HyperX,1898,11774427136.0,88.98142688679245,13568,10176,1073741824.0,107374182.4
HyperX,1899,11774427136.0,88.98879716981132,13568,10176,1073741824.0,107374182.4
HyperX,1900,11774427136.0,88.99616745283019,13568,10176,1073741824.0,107374182.4
HyperX,1901,11774427136.0,89.00353773584906,13568,10176,1073741824.0,107374182.4
HyperX,1902,11774427136.0,89.01090801886792,13568,10176,1073741824.0,107374182.4
HyperX,1903,11774427136.0,89.0182783018868,13568,10176,1073741824.0,107374182.4
HyperX,1904,11774427136.0,89.02564858490565,13568,10176,1073741824.0,107374182.4
HyperX,1905,11774427136.0,89.03301886792453,13568,10176,1073741824.0,107374182.4
HyperX,1906,11774427136.0,89.0403891509434,13568,10176,1073741824.0,107374182.4
HyperX,1907,11774427136.0,89.04775943396226,13568,10176,1073741824.0,107374182.4
HyperX,1908,11774427136.0,89.05512971698113,13568,10176,1073741824.0,107374182.4
HyperX,1909,11774427136.0,89.0625,13568,10176,1073741824.0,107374182.4
HyperX,1910,11774427136.0,89.06987028301887,13568,10176,1073741824.0,107374182.4
HyperX,1911,11774427136.0,89.07724056603774,13568,10176,1073741824.0,107374182.4
HyperX,1912,11774427136.0,89.0846108490566,13568,10176,1073741824.0,107374182.4
HyperX,1913,11774427136.0,89.09198113207547,13568,10176,1073741824.0,107374182.4
HyperX,1914,11774427136.0,89.09935141509435,13568,10176,1073741824.0,107374182.4
HyperX,1915,11774427136.0,89.1067216981132,13568,10176,1073741824.0,107374182.4
HyperX,1916,11774427136.0,89.11409198113208,13568,10176,1073741824.0,107374182.4
HyperX,1917,11774427136.0,89.12146226415094,13568,10176,1073741824.0,107374182.4
HyperX,1918,11774427136.0,89.12883254716981,13568,10176,1073741824.0,107374182.4
HyperX,1919,11774427136.0,89.13620283018868,13568,10176,1073741824.0,107374182.4
HyperX,1920,11774427136.0,89.14357311320755,13568,10176,1073741824.0,107374182.4
HyperX,1921,11774427136.0,89.15094339622641,13568,10176,1073741824.0,107374182.4
HyperX,1922,11774427136.0,89.15831367924528,13568,10176,1073741824.0,107374182.4
HyperX,1923,11774427136.0,89.16568396226415,13568,10176,1073741824.0,107374182.4
HyperX,1924,11774427136.0,89.17305424528303,13568,10176,1073741824.0,107374182.4
HyperX,1925,11774427136.0,89.18042452830188,13568,10176,1073741824.0,107374182.4
HyperX,1926,11774427136.0,89.18779481132076,13568,10176,1073741824.0,107374182.4
HyperX,1927,11774427136.0,89.19516509433963,13568,10176,1073741824.0,107374182.4
HyperX,1928,11774427136.0,89.20253537735849,13568,10176,1073741824.0,107374182.4
HyperX,1929,11774427136.0,89.20990566037736,13568,10176,1073741824.0,107374182.4
HyperX,1930,11774427136.0,89.21727594339622,13568,10176,1073741824.0,107374182.4
HyperX,1931,11774427136.0,89.22464622641509,13568,10176,1073741824.0,107374182.4
HyperX,1932,11774427136.0,89.23201650943396,13568,10176,1073741824.0,107374182.4
HyperX,1933,11774427136.0,89.23938679245283,13568,10176,1073741824.0,107374182.4
HyperX,1934,11774427136.0,89.24675707547169,13568,10176,1073741824.0,107374182.4
HyperX,1935,11774427136.0,89.25412735849056,13568,10176,1073741824.0,107374182.4
HyperX,1936,11774427136.0,89.26149764150944,13568,10176,1073741824.0,107374182.4
HyperX,1937,11774427136.0,89.26886792452831,13568,10176,1073741824.0,107374182.4
HyperX,1938,11774427136.0,89.27623820754717,13568,10176,1073741824.0,107374182.4
HyperX,1939,11774427136.0,89.28360849056604,13568,10176,1073741824.0,107374182.4
HyperX,1940,11774427136.0,89.29097877358491,13568,10176,1073741824.0,107374182.4
HyperX,1941,11774427136.0,89.29834905660378,13568,10176,1073741824.0,107374182.4
HyperX,1942,11774427136.0,89.30571933962264,13568,10176,1073741824.0,107374182.4
HyperX,1943,11774427136.0,89.31308962264151,13568,10176,1073741824.0,107374182.4
HyperX,1944,11774427136.0,89.32045990566037,13568,10176,1073741824.0,107374182.4
HyperX,1945,11774427136.0,89.32783018867924,13568,10176,1073741824.0,107374182.4
HyperX,1946,11774427136.0,89.33520047169812,13568,10176,1073741824.0,107374182.4
HyperX,1947,11774427136.0,89.34257075471697,13568,10176,1073741824.0,107374182.4
HyperX,1948,11774427136.0,89.34994103773585,13568,10176,1073741824.0,107374182.4
HyperX,1949,11774427136.0,89.35731132075472,13568,10176,1073741824.0,107374182.4
HyperX,1950,11774427136.0,89.36468160377359,13568,10176,1073741824.0,107374182.4
HyperX,1951,11774427136.0,89.37205188679245,13568,10176,1073741824.0,107374182.4
HyperX,1952,11774427136.0,89.37942216981132,13568,10176,1073741824.0,107374182.4
HyperX,1953,11774427136.0,89.38679245283019,13568,10176,1073741824.0,107374182.4
HyperX,1954,11774427136.0,89.39416273584906,13568,10176,1073741824.0,107374182.4
HyperX,1955,11774427136.0,89.40153301886792,13568,10176,1073741824.0,107374182.4
HyperX,1956,11774427136.0,89.4089033018868,13568,10176,1073741824.0,107374182.4
HyperX,1957,11774427136.0,89.41627358490565,13568,10176,1073741824.0,107374182.4
HyperX,1958,11774427136.0,89.42364386792453,13568,10176,1073741824.0,107374182.4
HyperX,1959,11774427136.0,89.4310141509434,13568,10176,1073741824.0,107374182.4
HyperX,1960,11774427136.0,89.43838443396226,13568,10176,1073741824.0,107374182.4
HyperX,1961,11774427136.0,89.44575471698113,13568,10176,1073741824.0,107374182.4
HyperX,1962,11774427136.0,89.453125,13568,10176,1073741824.0,107374182.4
HyperX,1963,11774427136.0,89.46049528301887,13568,10176,1073741824.0,107374182.4
HyperX,1964,11774427136.0,89.46786556603774,13568,10176,1073741824.0,107374182.4
HyperX,1965,11774427136.0,89.4752358490566,13568,10176,1073741824.0,107374182.4
HyperX,1966,11774427136.0,89.48260613207547,13568,10176,1073741824.0,107374182.4
HyperX,1967,11774427136.0,89.48997641509435,13568,10176,1073741824.0,107374182.4
HyperX,1968,11774427136.0,89.4973466981132,13568,10176,1073741824.0,107374182.4
HyperX,1969,11774427136.0,89.50471698113208,13568,10176,1073741824.0,107374182.4
HyperX,1970,11774427136.0,89.51208726415094,13568,10176,1073741824.0,107374182.4
HyperX,1971,11774427136.0,89.51945754716981,13568,10176,1073741824.0,107374182.4
HyperX,1972,11774427136.0,89.52682783018868,13568,10176,1073741824.0,107374182.4
HyperX,1973,11774427136.0,89.53419811320755,13568,10176,1073741824.0,107374182.4
HyperX,1974,11774427136.0,89.54156839622641,13568,10176,1073741824.0,107374182.4
HyperX,1975,11774427136.0,89.54893867924528,13568,10176,1073741824.0,107374182.4
HyperX,1976,11774427136.0,89.55630896226415,13568,10176,1073741824.0,107374182.4
HyperX,1977,11774427136.0,89.56367924528303,13568,10176,1073741824.0,107374182.4
HyperX,1978,11774427136.0,89.57104952830188,13568,10176,1073741824.0,107374182.4
HyperX,1979,11774427136.0,89.57841981132076,13568,10176,1073741824.0,107374182.4
HyperX,1980,11774427136.0,89.58579009433963,13568,10176,1073741824.0,107374182.4
HyperX,1981,11774427136.0,89.59316037735849,13568,10176,1073741824.0,107374182.4
HyperX,1982,11774427136.0,89.60053066037736,13568,10176,1073741824.0,107374182.4
HyperX,1983,11774427136.0,89.60790094339622,13568,10176,1073741824.0,107374182.4
HyperX,1984,11774427136.0,89.61527122641509,13568,10176,1073741824.0,107374182.4
HyperX,1985,11774427136.0,89.62264150943396,13568,10176,1073741824.0,107374182.4
HyperX,1986,11774427136.0,89.63001179245283,13568,10176,1073741824.0,107374182.4
HyperX,1987,11774427136.0,89.63738207547169,13568,10176,1073741824.0,107374182.4
HyperX,1988,11774427136.0,89.64475235849056,13568,10176,1073741824.0,107374182.4
HyperX,1989,11774427136.0,89.65212264150944,13568,10176,1073741824.0,107374182.4
HyperX,1990,11774427136.0,89.65949292452831,13568,10176,1073741824.0,107374182.4
HyperX,1991,11774427136.0,89.66686320754717,13568,10176,1073741824.0,107374182.4
HyperX,1992,11774427136.0,89.67423349056604,13568,10176,1073741824.0,107374182.4
HyperX,1993,11774427136.0,89.68160377358491,13568,10176,1073741824.0,107374182.4
HyperX,1994,11774427136.0,89.68897405660378,13568,10176,1073741824.0,107374182.4
HyperX,1995,11774427136.0,89.69634433962264,13568,10176,1073741824.0,107374182.4
HyperX,1996,11774427136.0,89.70371462264151,13568,10176,1073741824.0,107374182.4
HyperX,1997,11774427136.0,89.71108490566037,13568,10176,1073741824.0,107374182.4
HyperX,1998,11774427136.0,89.71845518867924,13568,10176,1073741824.0,107374182.4
HyperX,1999,11774427136.0,89.72582547169812,13568,10176,1073741824.0,107374182.4
HyperX,2000,11774427136.0,89.73319575471697,13568,10176,1073741824.0,107374182.4
HyperX,2001,11774427136.0,89.74056603773585,13568,10176,1073741824.0,107374182.4
HyperX,2002,11774427136.0,89.74793632075472,13568,10176,1073741824.0,107374182.4
HyperX,2003,11774427136.0,89.75530660377359,13568,10176,1073741824.0,107374182.4
HyperX,2004,11774427136.0,89.76267688679245,13568,10176,1073741824.0,107374182.4
HyperX,2005,11774427136.0,89.77004716981132,13568,10176,1073741824.0,107374182.4
HyperX,2006,11774427136.0,89.77741745283019,13568,10176,1073741824.0,107374182.4
HyperX,2007,11774427136.0,89.78478773584906,13568,10176,1073741824.0,107374182.4
HyperX,2008,11774427136.0,89.79215801886792,13568,10176,1073741824.0,107374182.4
HyperX,2009,11774427136.0,89.7995283018868,13568,10176,1073741824.0,107374182.4
HyperX,2010,11774427136.0,89.80689858490565,13568,10176,1073741824.0,107374182.4
HyperX,2011,11774427136.0,89.81426886792453,13568,10176,1073741824.0,107374182.4
HyperX,2012,11774427136.0,89.8216391509434,13568,10176,1073741824.0,107374182.4
HyperX,2013,11774427136.0,89.82900943396226,13568,10176,1073741824.0,107374182.4
HyperX,2014,11774427136.0,89.83637971698113,13568,10176,1073741824.0,107374182.4
HyperX,2015,11774427136.0,89.84375,13568,10176,1073741824.0,107374182.4
HyperX,2016,11774427136.0,89.85112028301887,13568,10176,1073741824.0,107374182.4
HyperX,2017,11774427136.0,89.85849056603774,13568,10176,1073741824.0,107374182.4
HyperX,2018,11774427136.0,89.8658608490566,13568,10176,1073741824.0,107374182.4
HyperX,2019,11774427136.0,89.87323113207547,13568,10176,1073741824.0,107374182.4
HyperX,2020,11774427136.0,89.88060141509435,13568,10176,1073741824.0,107374182.4
HyperX,2021,11774427136.0,89.8879716981132,13568,10176,1073741824.0,107374182.4
HyperX,2022,11774427136.0,89.89534198113208,13568,10176,1073741824.0,107374182.4
HyperX,2023,11774427136.0,89.90271226415094,13568,10176,1073741824.0,107374182.4
HyperX,2024,11774427136.0,89.91008254716981,13568,10176,1073741824.0,107374182.4
HyperX,2025,11774427136.0,89.91745283018868,13568,10176,1073741824.0,107374182.4
HyperX,2026,11774427136.0,89.92482311320755,13568,10176,1073741824.0,107374182.4
HyperX,2027,11774427136.0,89.93219339622641,13568,10176,1073741824.0,107374182.4
HyperX,2028,11774427136.0,89.93956367924528,13568,10176,1073741824.0,107374182.4
HyperX,2029,11774427136.0,89.94693396226415,13568,10176,1073741824.0,107374182.4
HyperX,2030,11774427136.0,89.95430424528303,13568,10176,1073741824.0,107374182.4
HyperX,2031,11774427136.0,89.96167452830188,13568,10176,1073741824.0,107374182.4
HyperX,2032,11774427136.0,89.96904481132076,13568,10176,1073741824.0,107374182.4
HyperX,2033,11774427136.0,89.97641509433963,13568,10176,1073741824.0,107374182.4
HyperX,2034,11774427136.0,89.98378537735849,13568,10176,1073741824.0,107374182.4
HyperX,2035,11774427136.0,89.99115566037736,13568,10176,1073741824.0,107374182.4
HyperX,2036,11774427136.0,89.99852594339622,13568,10176,1073741824.0,107374182.4
HyperX,2037,11774427136.0,90.00589622641509,13568,10176,1073741824.0,107374182.4
HyperX,2038,11774427136.0,90.01326650943396,13568,10176,1073741824.0,107374182.4
HyperX,2039,11774427136.0,90.02063679245283,13568,10176,1073741824.0,107374182.4
HyperX,2040,11774427136.0,90.02800707547169,13568,10176,1073741824.0,107374182.4
HyperX,2041,11774427136.0,90.03537735849056,13568,10176,1073741824.0,107374182.4
HyperX,2042,11774427136.0,90.04274764150944,13568,10176,1073741824.0,107374182.4
HyperX,2043,11774427136.0,90.05011792452831,13568,10176,1073741824.0,107374182.4
HyperX,2044,11774427136.0,90.05748820754717,13568,10176,1073741824.0,107374182.4
HyperX,2045,11774427136.0,90.06485849056604,13568,10176,1073741824.0,107374182.4
HyperX,2046,11774427136.0,90.07222877358491,13568,10176,1073741824.0,107374182.4
HyperX,2047,11774427136.0,90.07959905660378,13568,10176,1073741824.0,107374182.4
HyperX,2048,11774427136.0,90.08696933962264,13568,10176,1073741824.0,107374182.4
HyperX,2049,11774427136.0,90.09433962264151,13568,10176,1073741824.0,107374182.4
HyperX,2050,11774427136.0,90.10170990566037,13568,10176,1073741824.0,107374182.4
HyperX,2051,11774427136.0,90.10908018867924,13568,10176,1073741824.0,107374182.4
HyperX,2052,11774427136.0,90.11645047169812,13568,10176,1073741824.0,107374182.4
HyperX,2053,11774427136.0,90.12382075471697,13568,10176,1073741824.0,107374182.4
HyperX,2054,11774427136.0,90.13119103773585,13568,10176,1073741824.0,107374182.4
HyperX,2055,11774427136.0,90.13856132075472,13568,10176,1073741824.0,107374182.4
HyperX,2056,11774427136.0,90.14593160377359,13568,10176,1073741824.0,107374182.4
HyperX,2057,11774427136.0,90.15330188679245,13568,10176,1073741824.0,107374182.4
HyperX,2058,11774427136.0,90.16067216981132,13568,10176,1073741824.0,107374182.4
HyperX,2059,11774427136.0,90.16804245283019,13568,10176,1073741824.0,107374182.4
HyperX,2060,11774427136.0,90.17541273584906,13568,10176,1073741824.0,107374182.4
HyperX,2061,11774427136.0,90.18278301886792,13568,10176,1073741824.0,107374182.4
HyperX,2062,11774427136.0,90.1901533018868,13568,10176,1073741824.0,107374182.4
HyperX,2063,11774427136.0,90.19752358490565,13568,10176,1073741824.0,107374182.4
HyperX,2064,11774427136.0,90.20489386792453,13568,10176,1073741824.0,107374182.4
HyperX,2065,11774427136.0,90.2122641509434,13568,10176,1073741824.0,107374182.4
HyperX,2066,11774427136.0,90.21963443396226,13568,10176,1073741824.0,107374182.4
HyperX,2067,11774427136.0,90.22700471698113,13568,10176,1073741824.0,107374182.4
HyperX,2068,11774427136.0,90.234375,13568,10176,1073741824.0,107374182.4
HyperX,2069,11774427136.0,90.24174528301887,13568,10176,1073741824.0,107374182.4
HyperX,2070,11774427136.0,90.24911556603774,13568,10176,1073741824.0,107374182.4
HyperX,2071,11774427136.0,90.2564858490566,13568,10176,1073741824.0,107374182.4
HyperX,2072,11774427136.0,90.26385613207547,13568,10176,1073741824.0,107374182.4
HyperX,2073,11774427136.0,90.27122641509435,13568,10176,1073741824.0,107374182.4
HyperX,2074,11774427136.0,90.2785966981132,13568,10176,1073741824.0,107374182.4
HyperX,2075,11774427136.0,90.28596698113208,13568,10176,1073741824.0,107374182.4
HyperX,2076,11774427136.0,90.29333726415094,13568,10176,1073741824.0,107374182.4
HyperX,2077,11774427136.0,90.30070754716981,13568,10176,1073741824.0,107374182.4
HyperX,2078,11774427136.0,90.30807783018868,13568,10176,1073741824.0,107374182.4
HyperX,2079,11774427136.0,90.31544811320755,13568,10176,1073741824.0,107374182.4
HyperX,2080,11774427136.0,90.32281839622641,13568,10176,1073741824.0,107374182.4
HyperX,2081,11774427136.0,90.33018867924528,13568,10176,1073741824.0,107374182.4
HyperX,2082,11774427136.0,90.33755896226415,13568,10176,1073741824.0,107374182.4
HyperX,2083,11774427136.0,90.34492924528303,13568,10176,1073741824.0,107374182.4
HyperX,2084,11774427136.0,90.35229952830188,13568,10176,1073741824.0,107374182.4
HyperX,2085,11774427136.0,90.35966981132076,13568,10176,1073741824.0,107374182.4
HyperX,2086,11774427136.0,90.36704009433963,13568,10176,1073741824.0,107374182.4
HyperX,2087,11774427136.0,90.37441037735849,13568,10176,1073741824.0,107374182.4
HyperX,2088,11774427136.0,90.38178066037736,13568,10176,1073741824.0,107374182.4
HyperX,2089,11774427136.0,90.38915094339622,13568,10176,1073741824.0,107374182.4
HyperX,2090,11774427136.0,90.39652122641509,13568,10176,1073741824.0,107374182.4
HyperX,2091,11774427136.0,90.40389150943396,13568,10176,1073741824.0,107374182.4
HyperX,2092,11774427136.0,90.41126179245283,13568,10176,1073741824.0,107374182.4
HyperX,2093,11774427136.0,90.41863207547169,13568,10176,1073741824.0,107374182.4
HyperX,2094,11774427136.0,90.42600235849056,13568,10176,1073741824.0,107374182.4
HyperX,2095,11774427136.0,90.43337264150944,13568,10176,1073741824.0,107374182.4
HyperX,2096,11774427136.0,90.44074292452831,13568,10176,1073741824.0,107374182.4
HyperX,2097,11774427136.0,90.44811320754717,13568,10176,1073741824.0,107374182.4
HyperX,2098,11774427136.0,90.45548349056604,13568,10176,1073741824.0,107374182.4
HyperX,2099,11774427136.0,90.46285377358491,13568,10176,1073741824.0,107374182.4
HyperX,2100,11774427136.0,90.47022405660378,13568,10176,1073741824.0,107374182.4
HyperX,2101,11774427136.0,90.47759433962264,13568,10176,1073741824.0,107374182.4
HyperX,2102,11774427136.0,90.48496462264151,13568,10176,1073741824.0,107374182.4
HyperX,2103,11774427136.0,90.49233490566037,13568,10176,1073741824.0,107374182.4
HyperX,2104,11774427136.0,90.49970518867924,13568,10176,1073741824.0,107374182.4
HyperX,2105,11774427136.0,90.50707547169812,13568,10176,1073741824.0,107374182.4
HyperX,2106,11774427136.0,90.51444575471697,13568,10176,1073741824.0,107374182.4
HyperX,2107,11774427136.0,90.52181603773585,13568,10176,1073741824.0,107374182.4
HyperX,2108,11774427136.0,90.52918632075472,13568,10176,1073741824.0,107374182.4
HyperX,2109,11774427136.0,90.53655660377359,13568,10176,1073741824.0,107374182.4
HyperX,2110,11774427136.0,90.54392688679245,13568,10176,1073741824.0,107374182.4
HyperX,2111,11774427136.0,90.55129716981132,13568,10176,1073741824.0,107374182.4
HyperX,2112,11774427136.0,90.55866745283019,13568,10176,1073741824.0,107374182.4
HyperX,2113,11774427136.0,90.56603773584906,13568,10176,1073741824.0,107374182.4
HyperX,2114,11774427136.0,90.57340801886792,13568,10176,1073741824.0,107374182.4
HyperX,2115,11774427136.0,90.5807783018868,13568,10176,1073741824.0,107374182.4
HyperX,2116,11774427136.0,90.58814858490565,13568,10176,1073741824.0,107374182.4
HyperX,2117,11774427136.0,90.59551886792453,13568,10176,1073741824.0,107374182.4
HyperX,2118,11774427136.0,90.6028891509434,13568,10176,1073741824.0,107374182.4
HyperX,2119,11774427136.0,90.61025943396226,13568,10176,1073741824.0,107374182.4
HyperX,2120,11774427136.0,90.61762971698113,13568,10176,1073741824.0,107374182.4
HyperX,2121,11774427136.0,90.625,13568,10176,1073741824.0,107374182.4
HyperX,2122,11774427136.0,90.63237028301887,13568,10176,1073741824.0,107374182.4
HyperX,2123,11774427136.0,90.63974056603774,13568,10176,1073741824.0,107374182.4
HyperX,2124,11774427136.0,90.6471108490566,13568,10176,1073741824.0,107374182.4
HyperX,2125,11774427136.0,90.65448113207547,13568,10176,1073741824.0,107374182.4
HyperX,2126,11774427136.0,90.66185141509435,13568,10176,1073741824.0,107374182.4
HyperX,2127,11774427136.0,90.6692216981132,13568,10176,1073741824.0,107374182.4
HyperX,2128,11774427136.0,90.67659198113208,13568,10176,1073741824.0,107374182.4
HyperX,2129,11774427136.0,90.68396226415094,13568,10176,1073741824.0,107374182.4
HyperX,2130,11774427136.0,90.69133254716981,13568,10176,1073741824.0,107374182.4
HyperX,2131,11774427136.0,90.69870283018868,13568,10176,1073741824.0,107374182.4
HyperX,2132,11774427136.0,90.70607311320755,13568,10176,1073741824.0,107374182.4
HyperX,2133,11774427136.0,90.71344339622641,13568,10176,1073741824.0,107374182.4
HyperX,2134,11774427136.0,90.72081367924528,13568,10176,1073741824.0,107374182.4
HyperX,2135,11774427136.0,90.72818396226415,13568,10176,1073741824.0,107374182.4
HyperX,2136,11774427136.0,90.73555424528303,13568,10176,1073741824.0,107374182.4
HyperX,2137,11774427136.0,90.74292452830188,13568,10176,1073741824.0,107374182.4
HyperX,2138,11774427136.0,90.75029481132076,13568,10176,1073741824.0,107374182.4
HyperX,2139,11774427136.0,90.75766509433963,13568,10176,1073741824.0,107374182.4
HyperX,2140,11774427136.0,90.76503537735849,13568,10176,1073741824.0,107374182.4
HyperX,2141,11774427136.0,90.77240566037736,13568,10176,1073741824.0,107374182.4
HyperX,2142,11774427136.0,90.77977594339622,13568,10176,1073741824.0,107374182.4
HyperX,2143,11774427136.0,90.78714622641509,13568,10176,1073741824.0,107374182.4
HyperX,2144,11774427136.0,90.79451650943396,13568,10176,1073741824.0,107374182.4
HyperX,2145,11774427136.0,90.80188679245283,13568,10176,1073741824.0,107374182.4
HyperX,2146,11774427136.0,90.80925707547169,13568,10176,1073741824.0,107374182.4
HyperX,2147,11774427136.0,90.81662735849056,13568,10176,1073741824.0,107374182.4
HyperX,2148,11774427136.0,90.82399764150944,13568,10176,1073741824.0,107374182.4
HyperX,2149,11774427136.0,90.83136792452831,13568,10176,1073741824.0,107374182.4
HyperX,2150,11774427136.0,90.83873820754717,13568,10176,1073741824.0,107374182.4
HyperX,2151,11774427136.0,90.84610849056604,13568,10176,1073741824.0,107374182.4
HyperX,2152,11774427136.0,90.85347877358491,13568,10176,1073741824.0,107374182.4
HyperX,2153,11774427136.0,90.86084905660378,13568,10176,1073741824.0,107374182.4
HyperX,2154,11774427136.0,90.86821933962264,13568,10176,1073741824.0,107374182.4
HyperX,2155,11774427136.0,90.87558962264151,13568,10176,1073741824.0,107374182.4
HyperX,2156,11774427136.0,90.88295990566037,13568,10176,1073741824.0,107374182.4
HyperX,2157,11774427136.0,90.89033018867924,13568,10176,1073741824.0,107374182.4
HyperX,2158,11774427136.0,90.89770047169812,13568,10176,1073741824.0,107374182.4
HyperX,2159,11774427136.0,90.90507075471697,13568,10176,1073741824.0,107374182.4
HyperX,2160,11774427136.0,90.91244103773585,13568,10176,1073741824.0,107374182.4
HyperX,2161,11774427136.0,90.91981132075472,13568,10176,1073741824.0,107374182.4
HyperX,2162,11774427136.0,90.92718160377359,13568,10176,1073741824.0,107374182.4
HyperX,2163,11774427136.0,90.93455188679245,13568,10176,1073741824.0,107374182.4
HyperX,2164,11774427136.0,90.94192216981132,13568,10176,1073741824.0,107374182.4
HyperX,2165,11774427136.0,90.94929245283019,13568,10176,1073741824.0,107374182.4
HyperX,2166,11774427136.0,90.95666273584906,13568,10176,1073741824.0,107374182.4
HyperX,2167,11774427136.0,90.96403301886792,13568,10176,1073741824.0,107374182.4
HyperX,2168,11774427136.0,90.9714033018868,13568,10176,1073741824.0,107374182.4
HyperX,2169,11774427136.0,90.97877358490565,13568,10176,1073741824.0,107374182.4
HyperX,2170,11774427136.0,90.98614386792453,13568,10176,1073741824.0,107374182.4
HyperX,2171,11774427136.0,90.9935141509434,13568,10176,1073741824.0,107374182.4
HyperX,2172,11774427136.0,91.00088443396226,13568,10176,1073741824.0,107374182.4
HyperX,2173,11774427136.0,91.00825471698113,13568,10176,1073741824.0,107374182.4
HyperX,2174,11774427136.0,91.015625,13568,10176,1073741824.0,107374182.4
HyperX,2175,11774427136.0,91.02299528301887,13568,10176,1073741824.0,107374182.4
HyperX,2176,11774427136.0,91.03036556603774,13568,10176,1073741824.0,107374182.4
HyperX,2177,11774427136.0,91.0377358490566,13568,10176,1073741824.0,107374182.4
HyperX,2178,11774427136.0,91.04510613207547,13568,10176,1073741824.0,107374182.4
HyperX,2179,11774427136.0,91.05247641509435,13568,10176,1073741824.0,107374182.4
HyperX,2180,11774427136.0,91.0598466981132,13568,10176,1073741824.0,107374182.4
HyperX,2181,11774427136.0,91.06721698113208,13568,10176,1073741824.0,107374182.4
HyperX,2182,11774427136.0,91.07458726415094,13568,10176,1073741824.0,107374182.4
HyperX,2183,11774427136.0,91.08195754716981,13568,10176,1073741824.0,107374182.4
HyperX,2184,11774427136.0,91.08932783018868,13568,10176,1073741824.0,107374182.4
HyperX,2185,11774427136.0,91.09669811320755,13568,10176,1073741824.0,107374182.4
HyperX,2186,11774427136.0,91.10406839622641,13568,10176,1073741824.0,107374182.4
HyperX,2187,11774427136.0,91.11143867924528,13568,10176,1073741824.0,107374182.4
HyperX,2188,11774427136.0,91.11880896226415,13568,10176,1073741824.0,107374182.4
HyperX,2189,11774427136.0,91.12617924528303,13568,10176,1073741824.0,107374182.4
HyperX,2190,11774427136.0,91.13354952830188,13568,10176,1073741824.0,107374182.4
HyperX,2191,11774427136.0,91.14091981132076,13568,10176,1073741824.0,107374182.4
HyperX,2192,11774427136.0,91.14829009433963,13568,10176,1073741824.0,107374182.4
HyperX,2193,11774427136.0,91.15566037735849,13568,10176,1073741824.0,107374182.4
HyperX,2194,11774427136.0,91.16303066037736,13568,10176,1073741824.0,107374182.4
HyperX,2195,11774427136.0,91.17040094339622,13568,10176,1073741824.0,107374182.4
HyperX,2196,11774427136.0,91.17777122641509,13568,10176,1073741824.0,107374182.4
HyperX,2197,11774427136.0,91.18514150943396,13568,10176,1073741824.0,107374182.4
HyperX,2198,11774427136.0,91.19251179245283,13568,10176,1073741824.0,107374182.4
HyperX,2199,11774427136.0,91.19988207547169,13568,10176,1073741824.0,107374182.4
HyperX,2200,11774427136.0,91.20725235849056,13568,10176,1073741824.0,107374182.4
HyperX,2201,11774427136.0,91.21462264150944,13568,10176,1073741824.0,107374182.4
HyperX,2202,11774427136.0,91.22199292452831,13568,10176,1073741824.0,107374182.4
HyperX,2203,11774427136.0,91.22936320754717,13568,10176,1073741824.0,107374182.4
HyperX,2204,11774427136.0,91.23673349056604,13568,10176,1073741824.0,107374182.4
HyperX,2205,11774427136.0,91.24410377358491,13568,10176,1073741824.0,107374182.4
HyperX,2206,11774427136.0,91.25147405660378,13568,10176,1073741824.0,107374182.4
HyperX,2207,11774427136.0,91.25884433962264,13568,10176,1073741824.0,107374182.4
HyperX,2208,11774427136.0,91.26621462264151,13568,10176,1073741824.0,107374182.4
HyperX,2209,11774427136.0,91.27358490566037,13568,10176,1073741824.0,107374182.4
HyperX,2210,11774427136.0,91.28095518867924,13568,10176,1073741824.0,107374182.4
HyperX,2211,11774427136.0,91.28832547169812,13568,10176,1073741824.0,107374182.4
HyperX,2212,11774427136.0,91.29569575471697,13568,10176,1073741824.0,107374182.4
HyperX,2213,11774427136.0,91.30306603773585,13568,10176,1073741824.0,107374182.4
HyperX,2214,11774427136.0,91.31043632075472,13568,10176,1073741824.0,107374182.4
HyperX,2215,11774427136.0,91.31780660377359,13568,10176,1073741824.0,107374182.4
HyperX,2216,11774427136.0,91.32517688679245,13568,10176,1073741824.0,107374182.4
HyperX,2217,11774427136.0,91.33254716981132,13568,10176,1073741824.0,107374182.4
HyperX,2218,11774427136.0,91.33991745283019,13568,10176,1073741824.0,107374182.4
HyperX,2219,11774427136.0,91.34728773584906,13568,10176,1073741824.0,107374182.4
HyperX,2220,11774427136.0,91.35465801886792,13568,10176,1073741824.0,107374182.4
HyperX,2221,11774427136.0,91.3620283018868,13568,10176,1073741824.0,107374182.4
HyperX,2222,11774427136.0,91.36939858490565,13568,10176,1073741824.0,107374182.4
HyperX,2223,11774427136.0,91.37676886792453,13568,10176,1073741824.0,107374182.4
HyperX,2224,11774427136.0,91.3841391509434,13568,10176,1073741824.0,107374182.4
HyperX,2225,11774427136.0,91.39150943396226,13568,10176,1073741824.0,107374182.4
HyperX,2226,11774427136.0,91.39887971698113,13568,10176,1073741824.0,107374182.4
HyperX,2227,11774427136.0,91.40625,13568,10176,1073741824.0,107374182.4
HyperX,2228,11774427136.0,91.41362028301887,13568,10176,1073741824.0,107374182.4
HyperX,2229,11774427136.0,91.42099056603774,13568,10176,1073741824.0,107374182.4
HyperX,2230,11774427136.0,91.4283608490566,13568,10176,1073741824.0,107374182.4
HyperX,2231,11774427136.0,91.43573113207547,13568,10176,1073741824.0,107374182.4
HyperX,2232,11774427136.0,91.44310141509435,13568,10176,1073741824.0,107374182.4
HyperX,2233,11774427136.0,91.4504716981132,13568,10176,1073741824.0,107374182.4
HyperX,2234,11774427136.0,91.45784198113208,13568,10176,1073741824.0,107374182.4
HyperX,2235,11774427136.0,91.46521226415094,13568,10176,1073741824.0,107374182.4
HyperX,2236,11774427136.0,91.47258254716981,13568,10176,1073741824.0,107374182.4
HyperX,2237,11774427136.0,91.47995283018868,13568,10176,1073741824.0,107374182.4
HyperX,2238,11774427136.0,91.48732311320755,13568,10176,1073741824.0,107374182.4
HyperX,2239,11774427136.0,91.49469339622641,13568,10176,1073741824.0,107374182.4
HyperX,2240,11774427136.0,91.50206367924528,13568,10176,1073741824.0,107374182.4
HyperX,2241,11774427136.0,91.50943396226415,13568,10176,1073741824.0,107374182.4
HyperX,2242,92047933440.0,91.51680424528303,13568,10176,1073741824.0,107374182.4
HyperX,2243,92047933440.0,91.52417452830188,13568,10176,1073741824.0,107374182.4
HyperX,2244,92047933440.0,91.53154481132076,13568,10176,1073741824.0,107374182.4
HyperX,2245,92047933440.0,91.53891509433963,13568,10176,1073741824.0,107374182.4
HyperX,2246,92047933440.0,91.54628537735849,13568,10176,1073741824.0,107374182.4
HyperX,2247,92047933440.0,91.55365566037736,13568,10176,1073741824.0,107374182.4
HyperX,2248,92047933440.0,91.56102594339622,13568,10176,1073741824.0,107374182.4
HyperX,2249,92047933440.0,91.56839622641509,13568,10176,1073741824.0,107374182.4
HyperX,2250,92047933440.0,91.57576650943396,13568,10176,1073741824.0,107374182.4
HyperX,2251,92047933440.0,91.58313679245283,13568,10176,1073741824.0,107374182.4
HyperX,2252,92047933440.0,91.59050707547169,13568,10176,1073741824.0,107374182.4
HyperX,2253,92047933440.0,91.59787735849056,13568,10176,1073741824.0,107374182.4
HyperX,2254,92047933440.0,91.60524764150944,13568,10176,1073741824.0,107374182.4
HyperX,2255,92047933440.0,91.61261792452831,13568,10176,1073741824.0,107374182.4
HyperX,2256,92047933440.0,91.61998820754717,13568,10176,1073741824.0,107374182.4
HyperX,2257,92047933440.0,91.62735849056604,13568,10176,1073741824.0,107374182.4
HyperX,2258,92047933440.0,91.63472877358491,13568,10176,1073741824.0,107374182.4
HyperX,2259,92047933440.0,91.64209905660378,13568,10176,1073741824.0,107374182.4
HyperX,2260,92047933440.0,91.64946933962264,13568,10176,1073741824.0,107374182.4
HyperX,2261,92047933440.0,91.65683962264151,13568,10176,1073741824.0,107374182.4
HyperX,2262,92047933440.0,91.66420990566037,13568,10176,1073741824.0,107374182.4
HyperX,2263,92047933440.0,91.67158018867924,13568,10176,1073741824.0,107374182.4
HyperX,2264,92047933440.0,91.67895047169812,13568,10176,1073741824.0,107374182.4
HyperX,2265,92047933440.0,91.68632075471697,13568,10176,1073741824.0,107374182.4
HyperX,2266,92047933440.0,91.69369103773585,13568,10176,1073741824.0,107374182.4
HyperX,2267,92047933440.0,91.70106132075472,13568,10176,1073741824.0,107374182.4
HyperX,2268,92047933440.0,91.70843160377359,13568,10176,1073741824.0,107374182.4
HyperX,2269,92047933440.0,91.71580188679245,13568,10176,1073741824.0,107374182.4
HyperX,2270,92047933440.0,91.72317216981132,13568,10176,1073741824.0,107374182.4
HyperX,2271,92047933440.0,91.73054245283019,13568,10176,1073741824.0,107374182.4
HyperX,2272,92047933440.0,91.73791273584906,13568,10176,1073741824.0,107374182.4
HyperX,2273,92047933440.0,91.74528301886792,13568,10176,1073741824.0,107374182.4
HyperX,2274,92047933440.0,91.7526533018868,13568,10176,1073741824.0,107374182.4
HyperX,2275,92047933440.0,91.76002358490565,13568,10176,1073741824.0,107374182.4
HyperX,2276,92047933440.0,91.76739386792453,13568,10176,1073741824.0,107374182.4
HyperX,2277,92047933440.0,91.7747641509434,13568,10176,1073741824.0,107374182.4
HyperX,2278,92047933440.0,91.78213443396226,13568,10176,1073741824.0,107374182.4
HyperX,2279,92047933440.0,91.78950471698113,13568,10176,1073741824.0,107374182.4
HyperX,2280,92047933440.0,91.796875,13568,10176,1073741824.0,107374182.4
HyperX,2281,92047933440.0,91.80424528301887,13568,10176,1073741824.0,107374182.4
HyperX,2282,92047933440.0,91.81161556603774,13568,10176,1073741824.0,107374182.4
HyperX,2283,92047933440.0,91.8189858490566,13568,10176,1073741824.0,107374182.4
HyperX,2284,92047933440.0,91.82635613207547,13568,10176,1073741824.0,107374182.4
HyperX,2285,92047933440.0,91.83372641509435,13568,10176,1073741824.0,107374182.4
HyperX,2286,92047933440.0,91.8410966981132,13568,10176,1073741824.0,107374182.4
HyperX,2287,92047933440.0,91.84846698113208,13568,10176,1073741824.0,107374182.4
HyperX,2288,92047933440.0,91.85583726415094,13568,10176,1073741824.0,107374182.4
HyperX,2289,92047933440.0,91.86320754716981,13568,10176,1073741824.0,107374182.4
HyperX,2290,92047933440.0,91.87057783018868,13568,10176,1073741824.0,107374182.4
HyperX,2291,92047933440.0,91.87794811320755,13568,10176,1073741824.0,107374182.4
HyperX,2292,92047933440.0,91.88531839622641,13568,10176,1073741824.0,107374182.4
HyperX,2293,92047933440.0,91.89268867924528,13568,10176,1073741824.0,107374182.4
HyperX,2294,92047933440.0,91.90005896226415,13568,10176,1073741824.0,107374182.4
HyperX,2295,92047933440.0,91.90742924528303,13568,10176,1073741824.0,107374182.4
HyperX,2296,92047933440.0,91.91479952830188,13568,10176,1073741824.0,107374182.4
HyperX,2297,92047933440.0,91.92216981132076,13568,10176,1073741824.0,107374182.4
HyperX,2298,92047933440.0,91.92954009433963,13568,10176,1073741824.0,107374182.4
HyperX,2299,92047933440.0,91.93691037735849,13568,10176,1073741824.0,107374182.4
HyperX,2300,92047933440.0,91.94428066037736,13568,10176,1073741824.0,107374182.4
HyperX,2301,92047933440.0,91.95165094339622,13568,10176,1073741824.0,107374182.4
HyperX,2302,92047933440.0,91.95902122641509,13568,10176,1073741824.0,107374182.4
HyperX,2303,92047933440.0,91.96639150943396,13568,10176,1073741824.0,107374182.4
HyperX,2304,92047933440.0,91.97376179245283,13568,10176,1073741824.0,107374182.4
HyperX,2305,92047933440.0,91.98113207547169,13568,10176,1073741824.0,107374182.4
HyperX,2306,92047933440.0,91.98850235849056,13568,10176,1073741824.0,107374182.4
HyperX,2307,92047933440.0,91.99587264150944,13568,10176,1073741824.0,107374182.4
HyperX,2308,92047933440.0,92.00324292452831,13568,10176,1073741824.0,107374182.4
HyperX,2309,92047933440.0,92.01061320754717,13568,10176,1073741824.0,107374182.4
HyperX,2310,92047933440.0,92.01798349056604,13568,10176,1073741824.0,107374182.4
HyperX,2311,92047933440.0,92.02535377358491,13568,10176,1073741824.0,107374182.4
HyperX,2312,92047933440.0,92.03272405660378,13568,10176,1073741824.0,107374182.4
HyperX,2313,92047933440.0,92.04009433962264,13568,10176,1073741824.0,107374182.4
HyperX,2314,92047933440.0,92.04746462264151,13568,10176,1073741824.0,107374182.4
HyperX,2315,92047933440.0,92.05483490566037,13568,10176,1073741824.0,107374182.4
HyperX,2316,92047933440.0,92.06220518867924,13568,10176,1073741824.0,107374182.4
HyperX,2317,92047933440.0,92.06957547169812,13568,10176,1073741824.0,107374182.4
HyperX,2318,92047933440.0,92.07694575471697,13568,10176,1073741824.0,107374182.4
HyperX,2319,92047933440.0,92.08431603773585,13568,10176,1073741824.0,107374182.4
HyperX,2320,92047933440.0,92.09168632075472,13568,10176,1073741824.0,107374182.4
HyperX,2321,92047933440.0,92.09905660377359,13568,10176,1073741824.0,107374182.4
HyperX,2322,92047933440.0,92.10642688679245,13568,10176,1073741824.0,107374182.4
HyperX,2323,92047933440.0,92.11379716981132,13568,10176,1073741824.0,107374182.4
HyperX,2324,92047933440.0,92.12116745283019,13568,10176,1073741824.0,107374182.4
HyperX,2325,92047933440.0,92.12853773584906,13568,10176,1073741824.0,107374182.4
HyperX,2326,92047933440.0,92.13590801886792,13568,10176,1073741824.0,107374182.4
HyperX,2327,92047933440.0,92.1432783018868,13568,10176,1073741824.0,107374182.4
HyperX,2328,92047933440.0,92.15064858490565,13568,10176,1073741824.0,107374182.4
HyperX,2329,92047933440.0,92.15801886792453,13568,10176,1073741824.0,107374182.4
HyperX,2330,92047933440.0,92.1653891509434,13568,10176,1073741824.0,107374182.4
HyperX,2331,92047933440.0,92.17275943396226,13568,10176,1073741824.0,107374182.4
HyperX,2332,92047933440.0,92.18012971698113,13568,10176,1073741824.0,107374182.4
HyperX,2333,92047933440.0,92.1875,13568,10176,1073741824.0,107374182.4
HyperX,2334,92047933440.0,92.19487028301887,13568,10176,1073741824.0,107374182.4
HyperX,2335,92047933440.0,92.20224056603774,13568,10176,1073741824.0,107374182.4
HyperX,2336,92047933440.0,92.2096108490566,13568,10176,1073741824.0,107374182.4
HyperX,2337,92047933440.0,92.21698113207547,13568,10176,1073741824.0,107374182.4
HyperX,2338,92047933440.0,92.22435141509435,13568,10176,1073741824.0,107374182.4
HyperX,2339,92047933440.0,92.2317216981132,13568,10176,1073741824.0,107374182.4
HyperX,2340,92047933440.0,92.23909198113208,13568,10176,1073741824.0,107374182.4
HyperX,2341,92047933440.0,92.24646226415094,13568,10176,1073741824.0,107374182.4
HyperX,2342,92047933440.0,92.25383254716981,13568,10176,1073741824.0,107374182.4
HyperX,2343,92047933440.0,92.26120283018868,13568,10176,1073741824.0,107374182.4
HyperX,2344,92047933440.0,92.26857311320755,13568,10176,1073741824.0,107374182.4
HyperX,2345,92047933440.0,92.27594339622641,13568,10176,1073741824.0,107374182.4
HyperX,2346,92047933440.0,92.28331367924528,13568,10176,1073741824.0,107374182.4
HyperX,2347,92047933440.0,92.29068396226415,13568,10176,1073741824.0,107374182.4
HyperX,2348,92047933440.0,92.29805424528303,13568,10176,1073741824.0,107374182.4
HyperX,2349,92047933440.0,92.30542452830188,13568,10176,1073741824.0,107374182.4
HyperX,2350,92047933440.0,92.31279481132076,13568,10176,1073741824.0,107374182.4
HyperX,2351,92047933440.0,92.32016509433963,13568,10176,1073741824.0,107374182.4
HyperX,2352,92047933440.0,92.32753537735849,13568,10176,1073741824.0,107374182.4
HyperX,2353,92047933440.0,92.33490566037736,13568,10176,1073741824.0,107374182.4
HyperX,2354,92047933440.0,92.34227594339622,13568,10176,1073741824.0,107374182.4
HyperX,2355,92047933440.0,92.34964622641509,13568,10176,1073741824.0,107374182.4
HyperX,2356,92047933440.0,92.35701650943396,13568,10176,1073741824.0,107374182.4
HyperX,2357,92047933440.0,92.36438679245283,13568,10176,1073741824.0,107374182.4
HyperX,2358,92047933440.0,92.37175707547169,13568,10176,1073741824.0,107374182.4
HyperX,2359,92047933440.0,92.37912735849056,13568,10176,1073741824.0,107374182.4
HyperX,2360,92047933440.0,92.38649764150944,13568,10176,1073741824.0,107374182.4
HyperX,2361,92047933440.0,92.39386792452831,13568,10176,1073741824.0,107374182.4
HyperX,2362,92047933440.0,92.40123820754717,13568,10176,1073741824.0,107374182.4
HyperX,2363,92047933440.0,92.40860849056604,13568,10176,1073741824.0,107374182.4
HyperX,2364,92047933440.0,92.41597877358491,13568,10176,1073741824.0,107374182.4
HyperX,2365,92047933440.0,92.42334905660378,13568,10176,1073741824.0,107374182.4
HyperX,2366,92047933440.0,92.43071933962264,13568,10176,1073741824.0,107374182.4
HyperX,2367,92047933440.0,92.43808962264151,13568,10176,1073741824.0,107374182.4
HyperX,2368,92047933440.0,92.44545990566037,13568,10176,1073741824.0,107374182.4
HyperX,2369,92047933440.0,92.45283018867924,13568,10176,1073741824.0,107374182.4
HyperX,2370,549824364544.0,92.46020047169812,13568,10176,1073741824.0,107374182.4
HyperX,2371,549824364544.0,92.46757075471697,13568,10176,1073741824.0,107374182.4
HyperX,2372,549824364544.0,92.47494103773585,13568,10176,1073741824.0,107374182.4
HyperX,2373,549824364544.0,92.48231132075472,13568,10176,1073741824.0,107374182.4
HyperX,2374,549824364544.0,92.48968160377359,13568,10176,1073741824.0,107374182.4
HyperX,2375,549824364544.0,92.49705188679245,13568,10176,1073741824.0,107374182.4
HyperX,2376,549824364544.0,92.50442216981132,13568,10176,1073741824.0,107374182.4
HyperX,2377,549824364544.0,92.51179245283019,13568,10176,1073741824.0,107374182.4
HyperX,2378,549824364544.0,92.51916273584906,13568,10176,1073741824.0,107374182.4
HyperX,2379,549824364544.0,92.52653301886792,13568,10176,1073741824.0,107374182.4
HyperX,2380,549824364544.0,92.5339033018868,13568,10176,1073741824.0,107374182.4
HyperX,2381,549824364544.0,92.54127358490565,13568,10176,1073741824.0,107374182.4
HyperX,2382,549824364544.0,92.54864386792453,13568,10176,1073741824.0,107374182.4
HyperX,2383,549824364544.0,92.5560141509434,13568,10176,1073741824.0,107374182.4
HyperX,2384,549824364544.0,92.56338443396226,13568,10176,1073741824.0,107374182.4
HyperX,2385,549824364544.0,92.57075471698113,13568,10176,1073741824.0,107374182.4
HyperX,2386,549824364544.0,92.578125,13568,10176,1073741824.0,107374182.4
HyperX,2387,549824364544.0,92.58549528301887,13568,10176,1073741824.0,107374182.4
HyperX,2388,549824364544.0,92.59286556603774,13568,10176,1073741824.0,107374182.4
HyperX,2389,549824364544.0,92.6002358490566,13568,10176,1073741824.0,107374182.4
HyperX,2390,549824364544.0,92.60760613207547,13568,10176,1073741824.0,107374182.4
HyperX,2391,549824364544.0,92.61497641509435,13568,10176,1073741824.0,107374182.4
HyperX,2392,549824364544.0,92.6223466981132,13568,10176,1073741824.0,107374182.4
HyperX,2393,549824364544.0,92.62971698113208,13568,10176,1073741824.0,107374182.4
HyperX,2394,549824364544.0,92.63708726415094,13568,10176,1073741824.0,107374182.4
HyperX,2395,549824364544.0,92.64445754716981,13568,10176,1073741824.0,107374182.4
HyperX,2396,549824364544.0,92.65182783018868,13568,10176,1073741824.0,107374182.4
HyperX,2397,549824364544.0,92.65919811320755,13568,10176,1073741824.0,107374182.4
HyperX,2398,549824364544.0,92.66656839622641,13568,10176,1073741824.0,107374182.4
HyperX,2399,549824364544.0,92.67393867924528,13568,10176,1073741824.0,107374182.4
HyperX,2400,549824364544.0,92.68130896226415,13568,10176,1073741824.0,107374182.4
HyperX,2401,549824364544.0,92.68867924528303,13568,10176,1073741824.0,107374182.4
HyperX,2402,549824364544.0,92.69604952830188,13568,10176,1073741824.0,107374182.4
HyperX,2403,549824364544.0,92.70341981132076,13568,10176,1073741824.0,107374182.4
HyperX,2404,549824364544.0,92.71079009433963,13568,10176,1073741824.0,107374182.4
HyperX,2405,549824364544.0,92.71816037735849,13568,10176,1073741824.0,107374182.4
HyperX,2406,549824364544.0,92.72553066037736,13568,10176,1073741824.0,107374182.4
HyperX,2407,549824364544.0,92.73290094339622,13568,10176,1073741824.0,107374182.4
HyperX,2408,549824364544.0,92.74027122641509,13568,10176,1073741824.0,107374182.4
HyperX,2409,549824364544.0,92.74764150943396,13568,10176,1073741824.0,107374182.4
HyperX,2410,549824364544.0,92.75501179245283,13568,10176,1073741824.0,107374182.4
HyperX,2411,549824364544.0,92.76238207547169,13568,10176,1073741824.0,107374182.4
HyperX,2412,549824364544.0,92.76975235849056,13568,10176,1073741824.0,107374182.4
HyperX,2413,549824364544.0,92.77712264150944,13568,10176,1073741824.0,107374182.4
HyperX,2414,549824364544.0,92.78449292452831,13568,10176,1073741824.0,107374182.4
HyperX,2415,549824364544.0,92.79186320754717,13568,10176,1073741824.0,107374182.4
HyperX,2416,549824364544.0,92.79923349056604,13568,10176,1073741824.0,107374182.4
HyperX,2417,549824364544.0,92.80660377358491,13568,10176,1073741824.0,107374182.4
HyperX,2418,549824364544.0,92.81397405660378,13568,10176,1073741824.0,107374182.4
HyperX,2419,549824364544.0,92.82134433962264,13568,10176,1073741824.0,107374182.4
HyperX,2420,549824364544.0,92.82871462264151,13568,10176,1073741824.0,107374182.4
HyperX,2421,549824364544.0,92.83608490566037,13568,10176,1073741824.0,107374182.4
HyperX,2422,549824364544.0,92.84345518867924,13568,10176,1073741824.0,107374182.4
HyperX,2423,549824364544.0,92.85082547169812,13568,10176,1073741824.0,107374182.4
HyperX,2424,549824364544.0,92.85819575471697,13568,10176,1073741824.0,107374182.4
HyperX,2425,549824364544.0,92.86556603773585,13568,10176,1073741824.0,107374182.4
HyperX,2426,549824364544.0,92.87293632075472,13568,10176,1073741824.0,107374182.4
HyperX,2427,549824364544.0,92.88030660377359,13568,10176,1073741824.0,107374182.4
HyperX,2428,549824364544.0,92.88767688679245,13568,10176,1073741824.0,107374182.4
HyperX,2429,549824364544.0,92.89504716981132,13568,10176,1073741824.0,107374182.4
HyperX,2430,549824364544.0,92.90241745283019,13568,10176,1073741824.0,107374182.4
HyperX,2431,549824364544.0,92.90978773584906,13568,10176,1073741824.0,107374182.4
HyperX,2432,549824364544.0,92.91715801886792,13568,10176,1073741824.0,107374182.4
HyperX,2433,549824364544.0,92.9245283018868,13568,10176,1073741824.0,107374182.4
HyperX,2434,549824364544.0,92.93189858490565,13568,10176,1073741824.0,107374182.4
HyperX,2435,549824364544.0,92.93926886792453,13568,10176,1073741824.0,107374182.4
HyperX,2436,549824364544.0,92.9466391509434,13568,10176,1073741824.0,107374182.4
HyperX,2437,549824364544.0,92.95400943396226,13568,10176,1073741824.0,107374182.4
HyperX,2438,549824364544.0,92.96137971698113,13568,10176,1073741824.0,107374182.4
HyperX,2439,549824364544.0,92.96875,13568,10176,1073741824.0,107374182.4
HyperX,2440,549824364544.0,92.97612028301887,13568,10176,1073741824.0,107374182.4
HyperX,2441,549824364544.0,92.98349056603774,13568,10176,1073741824.0,107374182.4
HyperX,2442,549824364544.0,92.9908608490566,13568,10176,1073741824.0,107374182.4
HyperX,2443,549824364544.0,92.99823113207547,13568,10176,1073741824.0,107374182.4
HyperX,2444,549824364544.0,93.00560141509435,13568,10176,1073741824.0,107374182.4
HyperX,2445,549824364544.0,93.0129716981132,13568,10176,1073741824.0,107374182.4
HyperX,2446,549824364544.0,93.02034198113208,13568,10176,1073741824.0,107374182.4
HyperX,2447,549824364544.0,93.02771226415094,13568,10176,1073741824.0,107374182.4
HyperX,2448,549824364544.0,93.03508254716981,13568,10176,1073741824.0,107374182.4
HyperX,2449,549824364544.0,93.04245283018868,13568,10176,1073741824.0,107374182.4
HyperX,2450,549824364544.0,93.04982311320755,13568,10176,1073741824.0,107374182.4
HyperX,2451,549824364544.0,93.05719339622641,13568,10176,1073741824.0,107374182.4
HyperX,2452,549824364544.0,93.06456367924528,13568,10176,1073741824.0,107374182.4
HyperX,2453,549824364544.0,93.07193396226415,13568,10176,1073741824.0,107374182.4
HyperX,2454,549824364544.0,93.07930424528303,13568,10176,1073741824.0,107374182.4
HyperX,2455,549824364544.0,93.08667452830188,13568,10176,1073741824.0,107374182.4
HyperX,2456,549824364544.0,93.09404481132076,13568,10176,1073741824.0,107374182.4
HyperX,2457,549824364544.0,93.10141509433963,13568,10176,1073741824.0,107374182.4
HyperX,2458,549824364544.0,93.10878537735849,13568,10176,1073741824.0,107374182.4
HyperX,2459,549824364544.0,93.11615566037736,13568,10176,1073741824.0,107374182.4
HyperX,2460,549824364544.0,93.12352594339622,13568,10176,1073741824.0,107374182.4
HyperX,2461,549824364544.0,93.13089622641509,13568,10176,1073741824.0,107374182.4
HyperX,2462,549824364544.0,93.13826650943396,13568,10176,1073741824.0,107374182.4
HyperX,2463,549824364544.0,93.14563679245283,13568,10176,1073741824.0,107374182.4
HyperX,2464,549824364544.0,93.15300707547169,13568,10176,1073741824.0,107374182.4
HyperX,2465,549824364544.0,93.16037735849056,13568,10176,1073741824.0,107374182.4
HyperX,2466,549824364544.0,93.16774764150944,13568,10176,1073741824.0,107374182.4
HyperX,2467,549824364544.0,93.17511792452831,13568,10176,1073741824.0,107374182.4
HyperX,2468,549824364544.0,93.18248820754717,13568,10176,1073741824.0,107374182.4
HyperX,2469,549824364544.0,93.18985849056604,13568,10176,1073741824.0,107374182.4
HyperX,2470,549824364544.0,93.19722877358491,13568,10176,1073741824.0,107374182.4
HyperX,2471,549824364544.0,93.20459905660378,13568,10176,1073741824.0,107374182.4
HyperX,2472,549824364544.0,93.21196933962264,13568,10176,1073741824.0,107374182.4
HyperX,2473,549824364544.0,93.21933962264151,13568,10176,1073741824.0,107374182.4
HyperX,2474,549824364544.0,93.22670990566037,13568,10176,1073741824.0,107374182.4
HyperX,2475,549824364544.0,93.23408018867924,13568,10176,1073741824.0,107374182.4
HyperX,2476,549824364544.0,93.24145047169812,13568,10176,1073741824.0,107374182.4
HyperX,2477,549824364544.0,93.24882075471697,13568,10176,1073741824.0,107374182.4
HyperX,2478,549824364544.0,93.25619103773585,13568,10176,1073741824.0,107374182.4
HyperX,2479,549824364544.0,93.26356132075472,13568,10176,1073741824.0,107374182.4
HyperX,2480,549824364544.0,93.27093160377359,13568,10176,1073741824.0,107374182.4
HyperX,2481,549824364544.0,93.27830188679245,13568,10176,1073741824.0,107374182.4
HyperX,2482,549824364544.0,93.28567216981132,13568,10176,1073741824.0,107374182.4
HyperX,2483,549824364544.0,93.29304245283019,13568,10176,1073741824.0,107374182.4
HyperX,2484,549824364544.0,93.30041273584906,13568,10176,1073741824.0,107374182.4
HyperX,2485,549824364544.0,93.30778301886792,13568,10176,1073741824.0,107374182.4
HyperX,2486,549824364544.0,93.3151533018868,13568,10176,1073741824.0,107374182.4
HyperX,2487,549824364544.0,93.32252358490565,13568,10176,1073741824.0,107374182.4
HyperX,2488,549824364544.0,93.32989386792453,13568,10176,1073741824.0,107374182.4
HyperX,2489,549824364544.0,93.3372641509434,13568,10176,1073741824.0,107374182.4
HyperX,2490,549824364544.0,93.34463443396226,13568,10176,1073741824.0,107374182.4
HyperX,2491,549824364544.0,93.35200471698113,13568,10176,1073741824.0,107374182.4
HyperX,2492,549824364544.0,93.359375,13568,10176,1073741824.0,107374182.4
HyperX,2493,549824364544.0,93.36674528301887,13568,10176,1073741824.0,107374182.4
HyperX,2494,549824364544.0,93.37411556603774,13568,10176,1073741824.0,107374182.4
HyperX,2495,549824364544.0,93.3814858490566,13568,10176,1073741824.0,107374182.4
HyperX,2496,549824364544.0,93.38885613207547,13568,10176,1073741824.0,107374182.4
HyperX,2497,549824364544.0,93.39622641509435,13568,10176,1073741824.0,107374182.4
HyperX,2498,549824364544.0,93.4035966981132,13568,10176,1073741824.0,107374182.4
HyperX,2499,549824364544.0,93.41096698113208,13568,10176,1073741824.0,107374182.4
HyperX,2500,549824364544.0,93.41833726415094,13568,10176,1073741824.0,107374182.4
HyperX,2501,549824364544.0,93.42570754716981,13568,10176,1073741824.0,107374182.4
HyperX,2502,549824364544.0,93.43307783018868,13568,10176,1073741824.0,107374182.4
HyperX,2503,549824364544.0,93.44044811320755,13568,10176,1073741824.0,107374182.4
HyperX,2504,549824364544.0,93.44781839622641,13568,10176,1073741824.0,107374182.4
HyperX,2505,549824364544.0,93.45518867924528,13568,10176,1073741824.0,107374182.4
HyperX,2506,549824364544.0,93.46255896226415,13568,10176,1073741824.0,107374182.4
HyperX,2507,549824364544.0,93.46992924528303,13568,10176,1073741824.0,107374182.4
HyperX,2508,549824364544.0,93.47729952830188,13568,10176,1073741824.0,107374182.4
HyperX,2509,549824364544.0,93.48466981132076,13568,10176,1073741824.0,107374182.4
HyperX,2510,549824364544.0,93.49204009433963,13568,10176,1073741824.0,107374182.4
HyperX,2511,549824364544.0,93.49941037735849,13568,10176,1073741824.0,107374182.4
HyperX,2512,549824364544.0,93.50678066037736,13568,10176,1073741824.0,107374182.4
HyperX,2513,549824364544.0,93.51415094339622,13568,10176,1073741824.0,107374182.4
HyperX,2514,549824364544.0,93.52152122641509,13568,10176,1073741824.0,107374182.4
HyperX,2515,549824364544.0,93.52889150943396,13568,10176,1073741824.0,107374182.4
HyperX,2516,549824364544.0,93.53626179245283,13568,10176,1073741824.0,107374182.4
HyperX,2517,549824364544.0,93.54363207547169,13568,10176,1073741824.0,107374182.4
HyperX,2518,549824364544.0,93.55100235849056,13568,10176,1073741824.0,107374182.4
HyperX,2519,549824364544.0,93.55837264150944,13568,10176,1073741824.0,107374182.4
HyperX,2520,549824364544.0,93.56574292452831,13568,10176,1073741824.0,107374182.4
HyperX,2521,549824364544.0,93.57311320754717,13568,10176,1073741824.0,107374182.4
HyperX,2522,549824364544.0,93.58048349056604,13568,10176,1073741824.0,107374182.4
HyperX,2523,549824364544.0,93.58785377358491,13568,10176,1073741824.0,107374182.4
HyperX,2524,549824364544.0,93.59522405660378,13568,10176,1073741824.0,107374182.4
HyperX,2525,549824364544.0,93.60259433962264,13568,10176,1073741824.0,107374182.4
HyperX,2526,549824364544.0,93.60996462264151,13568,10176,1073741824.0,107374182.4
HyperX,2527,549824364544.0,93.61733490566037,13568,10176,1073741824.0,107374182.4
HyperX,2528,549824364544.0,93.62470518867924,13568,10176,1073741824.0,107374182.4
HyperX,2529,549824364544.0,93.63207547169812,13568,10176,1073741824.0,107374182.4
HyperX,2530,549824364544.0,93.63944575471697,13568,10176,1073741824.0,107374182.4
HyperX,2531,549824364544.0,93.64681603773585,13568,10176,1073741824.0,107374182.4
HyperX,2532,549824364544.0,93.65418632075472,13568,10176,1073741824.0,107374182.4
HyperX,2533,549824364544.0,93.66155660377359,13568,10176,1073741824.0,107374182.4
HyperX,2534,549824364544.0,93.66892688679245,13568,10176,1073741824.0,107374182.4
HyperX,2535,549824364544.0,93.67629716981132,13568,10176,1073741824.0,107374182.4
HyperX,2536,549824364544.0,93.68366745283019,13568,10176,1073741824.0,107374182.4
HyperX,2537,549824364544.0,93.69103773584906,13568,10176,1073741824.0,107374182.4
HyperX,2538,549824364544.0,93.69840801886792,13568,10176,1073741824.0,107374182.4
HyperX,2539,549824364544.0,93.7057783018868,13568,10176,1073741824.0,107374182.4
HyperX,2540,549824364544.0,93.71314858490565,13568,10176,1073741824.0,107374182.4
HyperX,2541,549824364544.0,93.72051886792453,13568,10176,1073741824.0,107374182.4
HyperX,2542,549824364544.0,93.7278891509434,13568,10176,1073741824.0,107374182.4
HyperX,2543,549824364544.0,93.73525943396226,13568,10176,1073741824.0,107374182.4
HyperX,2544,549824364544.0,93.74262971698113,13568,10176,1073741824.0,107374182.4
HyperX,2545,549824364544.0,93.75,13568,10176,1073741824.0,107374182.4
HyperX,2546,549824364544.0,93.75737028301887,13568,10176,1073741824.0,107374182.4
HyperX,2547,549824364544.0,93.76474056603774,13568,10176,1073741824.0,107374182.4
HyperX,2548,549824364544.0,93.7721108490566,13568,10176,1073741824.0,107374182.4
HyperX,2549,549824364544.0,93.77948113207547,13568,10176,1073741824.0,107374182.4
HyperX,2550,549824364544.0,93.78685141509435,13568,10176,1073741824.0,107374182.4
HyperX,2551,549824364544.0,93.7942216981132,13568,10176,1073741824.0,107374182.4
HyperX,2552,549824364544.0,93.80159198113208,13568,10176,1073741824.0,107374182.4
HyperX,2553,549824364544.0,93.80896226415094,13568,10176,1073741824.0,107374182.4
HyperX,2554,549824364544.0,93.81633254716981,13568,10176,1073741824.0,107374182.4
HyperX,2555,549824364544.0,93.82370283018868,13568,10176,1073741824.0,107374182.4
HyperX,2556,549824364544.0,93.83107311320755,13568,10176,1073741824.0,107374182.4
HyperX,2557,549824364544.0,93.83844339622641,13568,10176,1073741824.0,107374182.4
HyperX,2558,549824364544.0,93.84581367924528,13568,10176,1073741824.0,107374182.4
HyperX,2559,549824364544.0,93.85318396226415,13568,10176,1073741824.0,107374182.4
HyperX,2560,549824364544.0,93.86055424528303,13568,10176,1073741824.0,107374182.4
HyperX,2561,549824364544.0,93.86792452830188,13568,10176,1073741824.0,107374182.4
HyperX,2562,549824364544.0,93.87529481132076,13568,10176,1073741824.0,107374182.4
HyperX,2563,549824364544.0,93.88266509433963,13568,10176,1073741824.0,107374182.4
HyperX,2564,549824364544.0,93.89003537735849,13568,10176,1073741824.0,107374182.4
HyperX,2565,549824364544.0,93.89740566037736,13568,10176,1073741824.0,107374182.4
HyperX,2566,549824364544.0,93.90477594339622,13568,10176,1073741824.0,107374182.4
HyperX,2567,549824364544.0,93.91214622641509,13568,10176,1073741824.0,107374182.4
HyperX,2568,549824364544.0,93.91951650943396,13568,10176,1073741824.0,107374182.4
HyperX,2569,549824364544.0,93.92688679245283,13568,10176,1073741824.0,107374182.4
HyperX,2570,549824364544.0,93.93425707547169,13568,10176,1073741824.0,107374182.4
HyperX,2571,549824364544.0,93.94162735849056,13568,10176,1073741824.0,107374182.4
HyperX,2572,549824364544.0,93.94899764150944,13568,10176,1073741824.0,107374182.4
HyperX,2573,549824364544.0,93.95636792452831,13568,10176,1073741824.0,107374182.4
HyperX,2574,549824364544.0,93.96373820754717,13568,10176,1073741824.0,107374182.4
HyperX,2575,549824364544.0,93.97110849056604,13568,10176,1073741824.0,107374182.4
HyperX,2576,549824364544.0,93.97847877358491,13568,10176,1073741824.0,107374182.4
HyperX,2577,549824364544.0,93.98584905660378,13568,10176,1073741824.0,107374182.4
HyperX,2578,549824364544.0,93.99321933962264,13568,10176,1073741824.0,107374182.4
HyperX,2579,549824364544.0,94.00058962264151,13568,10176,1073741824.0,107374182.4
HyperX,2580,549824364544.0,94.00795990566037,13568,10176,1073741824.0,107374182.4
HyperX,2581,549824364544.0,94.01533018867924,13568,10176,1073741824.0,107374182.4
HyperX,2582,549824364544.0,94.02270047169812,13568,10176,1073741824.0,107374182.4
HyperX,2583,549824364544.0,94.03007075471697,13568,10176,1073741824.0,107374182.4
HyperX,2584,549824364544.0,94.03744103773585,13568,10176,1073741824.0,107374182.4
HyperX,2585,549824364544.0,94.04481132075472,13568,10176,1073741824.0,107374182.4
HyperX,2586,549824364544.0,94.05218160377359,13568,10176,1073741824.0,107374182.4
HyperX,2587,549824364544.0,94.05955188679245,13568,10176,1073741824.0,107374182.4
HyperX,2588,549824364544.0,94.06692216981132,13568,10176,1073741824.0,107374182.4
HyperX,2589,549824364544.0,94.07429245283019,13568,10176,1073741824.0,107374182.4
HyperX,2590,549824364544.0,94.08166273584906,13568,10176,1073741824.0,107374182.4
HyperX,2591,549824364544.0,94.08903301886792,13568,10176,1073741824.0,107374182.4
HyperX,2592,549824364544.0,94.0964033018868,13568,10176,1073741824.0,107374182.4
HyperX,2593,549824364544.0,94.10377358490565,13568,10176,1073741824.0,107374182.4
HyperX,2594,549824364544.0,94.11114386792453,13568,10176,1073741824.0,107374182.4
HyperX,2595,549824364544.0,94.1185141509434,13568,10176,1073741824.0,107374182.4
HyperX,2596,549824364544.0,94.12588443396226,13568,10176,1073741824.0,107374182.4
HyperX,2597,549824364544.0,94.13325471698113,13568,10176,1073741824.0,107374182.4
HyperX,2598,549824364544.0,94.140625,13568,10176,1073741824.0,107374182.4
HyperX,2599,549824364544.0,94.14799528301887,13568,10176,1073741824.0,107374182.4
HyperX,2600,549824364544.0,94.15536556603774,13568,10176,1073741824.0,107374182.4
HyperX,2601,549824364544.0,94.1627358490566,13568,10176,1073741824.0,107374182.4
HyperX,2602,549824364544.0,94.17010613207547,13568,10176,1073741824.0,107374182.4
HyperX,2603,549824364544.0,94.17747641509435,13568,10176,1073741824.0,107374182.4
HyperX,2604,549824364544.0,94.1848466981132,13568,10176,1073741824.0,107374182.4
HyperX,2605,549824364544.0,94.19221698113208,13568,10176,1073741824.0,107374182.4
HyperX,2606,549824364544.0,94.19958726415094,13568,10176,1073741824.0,107374182.4
HyperX,2607,549824364544.0,94.20695754716981,13568,10176,1073741824.0,107374182.4
HyperX,2608,549824364544.0,94.21432783018868,13568,10176,1073741824.0,107374182.4
HyperX,2609,549824364544.0,94.22169811320755,13568,10176,1073741824.0,107374182.4
HyperX,2610,549824364544.0,94.22906839622641,13568,10176,1073741824.0,107374182.4
HyperX,2611,549824364544.0,94.23643867924528,13568,10176,1073741824.0,107374182.4
HyperX,2612,549824364544.0,94.24380896226415,13568,10176,1073741824.0,107374182.4
HyperX,2613,549824364544.0,94.25117924528303,13568,10176,1073741824.0,107374182.4
HyperX,2614,549824364544.0,94.25854952830188,13568,10176,1073741824.0,107374182.4
HyperX,2615,549824364544.0,94.26591981132076,13568,10176,1073741824.0,107374182.4
HyperX,2616,549824364544.0,94.27329009433963,13568,10176,1073741824.0,107374182.4
HyperX,2617,549824364544.0,94.28066037735849,13568,10176,1073741824.0,107374182.4
HyperX,2618,549824364544.0,94.28803066037736,13568,10176,1073741824.0,107374182.4
HyperX,2619,549824364544.0,94.29540094339622,13568,10176,1073741824.0,107374182.4
HyperX,2620,549824364544.0,94.30277122641509,13568,10176,1073741824.0,107374182.4
HyperX,2621,549824364544.0,94.31014150943396,13568,10176,1073741824.0,107374182.4
HyperX,2622,549824364544.0,94.31751179245283,13568,10176,1073741824.0,107374182.4
HyperX,2623,549824364544.0,94.32488207547169,13568,10176,1073741824.0,107374182.4
HyperX,2624,549824364544.0,94.33225235849056,13568,10176,1073741824.0,107374182.4
HyperX,2625,549824364544.0,94.33962264150944,13568,10176,1073741824.0,107374182.4
HyperX,2626,549824364544.0,94.34699292452831,13568,10176,1073741824.0,107374182.4
HyperX,2627,549824364544.0,94.35436320754717,13568,10176,1073741824.0,107374182.4
HyperX,2628,549824364544.0,94.36173349056604,13568,10176,1073741824.0,107374182.4
HyperX,2629,549824364544.0,94.36910377358491,13568,10176,1073741824.0,107374182.4
HyperX,2630,549824364544.0,94.37647405660378,13568,10176,1073741824.0,107374182.4
HyperX,2631,549824364544.0,94.38384433962264,13568,10176,1073741824.0,107374182.4
HyperX,2632,549824364544.0,94.39121462264151,13568,10176,1073741824.0,107374182.4
HyperX,2633,549824364544.0,94.39858490566037,13568,10176,1073741824.0,107374182.4
HyperX,2634,549824364544.0,94.40595518867924,13568,10176,1073741824.0,107374182.4
HyperX,2635,549824364544.0,94.41332547169812,13568,10176,1073741824.0,107374182.4
HyperX,2636,549824364544.0,94.42069575471697,13568,10176,1073741824.0,107374182.4
HyperX,2637,549824364544.0,94.42806603773585,13568,10176,1073741824.0,107374182.4
HyperX,2638,549824364544.0,94.43543632075472,13568,10176,1073741824.0,107374182.4
HyperX,2639,549824364544.0,94.44280660377359,13568,10176,1073741824.0,107374182.4
HyperX,2640,549824364544.0,94.45017688679245,13568,10176,1073741824.0,107374182.4
HyperX,2641,549824364544.0,94.45754716981132,13568,10176,1073741824.0,107374182.4
HyperX,2642,549824364544.0,94.46491745283019,13568,10176,1073741824.0,107374182.4
HyperX,2643,549824364544.0,94.47228773584906,13568,10176,1073741824.0,107374182.4
HyperX,2644,549824364544.0,94.47965801886792,13568,10176,1073741824.0,107374182.4
HyperX,2645,549824364544.0,94.4870283018868,13568,10176,1073741824.0,107374182.4
HyperX,2646,549824364544.0,94.49439858490565,13568,10176,1073741824.0,107374182.4
HyperX,2647,549824364544.0,94.50176886792453,13568,10176,1073741824.0,107374182.4
HyperX,2648,549824364544.0,94.5091391509434,13568,10176,1073741824.0,107374182.4
HyperX,2649,549824364544.0,94.51650943396226,13568,10176,1073741824.0,107374182.4
HyperX,2650,549824364544.0,94.52387971698113,13568,10176,1073741824.0,107374182.4
HyperX,2651,549824364544.0,94.53125,13568,10176,1073741824.0,107374182.4
HyperX,2652,549824364544.0,94.53862028301887,13568,10176,1073741824.0,107374182.4
HyperX,2653,549824364544.0,94.54599056603774,13568,10176,1073741824.0,107374182.4
HyperX,2654,549824364544.0,94.5533608490566,13568,10176,1073741824.0,107374182.4
HyperX,2655,549824364544.0,94.56073113207547,13568,10176,1073741824.0,107374182.4
HyperX,2656,549824364544.0,94.56810141509435,13568,10176,1073741824.0,107374182.4
HyperX,2657,549824364544.0,94.5754716981132,13568,10176,1073741824.0,107374182.4
HyperX,2658,549824364544.0,94.58284198113208,13568,10176,1073741824.0,107374182.4
HyperX,2659,549824364544.0,94.59021226415094,13568,10176,1073741824.0,107374182.4
HyperX,2660,549824364544.0,94.59758254716981,13568,10176,1073741824.0,107374182.4
HyperX,2661,549824364544.0,94.60495283018868,13568,10176,1073741824.0,107374182.4
HyperX,2662,549824364544.0,94.61232311320755,13568,10176,1073741824.0,107374182.4
HyperX,2663,549824364544.0,94.61969339622641,13568,10176,1073741824.0,107374182.4
HyperX,2664,549824364544.0,94.62706367924528,13568,10176,1073741824.0,107374182.4
HyperX,2665,549824364544.0,94.63443396226415,13568,10176,1073741824.0,107374182.4
HyperX,2666,549824364544.0,94.64180424528303,13568,10176,1073741824.0,107374182.4
HyperX,2667,549824364544.0,94.64917452830188,13568,10176,1073741824.0,107374182.4
HyperX,2668,549824364544.0,94.65654481132076,13568,10176,1073741824.0,107374182.4
HyperX,2669,549824364544.0,94.66391509433963,13568,10176,1073741824.0,107374182.4
HyperX,2670,549824364544.0,94.67128537735849,13568,10176,1073741824.0,107374182.4
HyperX,2671,549824364544.0,94.67865566037736,13568,10176,1073741824.0,107374182.4
HyperX,2672,549824364544.0,94.68602594339622,13568,10176,1073741824.0,107374182.4
HyperX,2673,549824364544.0,94.69339622641509,13568,10176,1073741824.0,107374182.4
HyperX,2674,549824364544.0,94.70076650943396,13568,10176,1073741824.0,107374182.4
HyperX,2675,549824364544.0,94.70813679245283,13568,10176,1073741824.0,107374182.4
HyperX,2676,549824364544.0,94.71550707547169,13568,10176,1073741824.0,107374182.4
HyperX,2677,549824364544.0,94.72287735849056,13568,10176,1073741824.0,107374182.4
HyperX,2678,549824364544.0,94.73024764150944,13568,10176,1073741824.0,107374182.4
HyperX,2679,549824364544.0,94.73761792452831,13568,10176,1073741824.0,107374182.4
HyperX,2680,549824364544.0,94.74498820754717,13568,10176,1073741824.0,107374182.4
HyperX,2681,549824364544.0,94.75235849056604,13568,10176,1073741824.0,107374182.4
HyperX,2682,549824364544.0,94.75972877358491,13568,10176,1073741824.0,107374182.4
HyperX,2683,549824364544.0,94.76709905660378,13568,10176,1073741824.0,107374182.4
HyperX,2684,549824364544.0,94.77446933962264,13568,10176,1073741824.0,107374182.4
HyperX,2685,549824364544.0,94.78183962264151,13568,10176,1073741824.0,107374182.4
HyperX,2686,549824364544.0,94.78920990566037,13568,10176,1073741824.0,107374182.4
HyperX,2687,549824364544.0,94.79658018867924,13568,10176,1073741824.0,107374182.4
HyperX,2688,549824364544.0,94.80395047169812,13568,10176,1073741824.0,107374182.4
HyperX,2689,549824364544.0,94.81132075471697,13568,10176,1073741824.0,107374182.4
HyperX,2690,549824364544.0,94.81869103773585,13568,10176,1073741824.0,107374182.4
HyperX,2691,549824364544.0,94.82606132075472,13568,10176,1073741824.0,107374182.4
HyperX,2692,549824364544.0,94.83343160377359,13568,10176,1073741824.0,107374182.4
HyperX,2693,549824364544.0,94.84080188679245,13568,10176,1073741824.0,107374182.4
HyperX,2694,549824364544.0,94.84817216981132,13568,10176,1073741824.0,107374182.4
HyperX,2695,549824364544.0,94.85554245283019,13568,10176,1073741824.0,107374182.4
HyperX,2696,549824364544.0,94.86291273584906,13568,10176,1073741824.0,107374182.4
HyperX,2697,549824364544.0,94.87028301886792,13568,10176,1073741824.0,107374182.4
HyperX,2698,549824364544.0,94.8776533018868,13568,10176,1073741824.0,107374182.4
HyperX,2699,549824364544.0,94.88502358490565,13568,10176,1073741824.0,107374182.4
HyperX,2700,549824364544.0,94.89239386792453,13568,10176,1073741824.0,107374182.4
HyperX,2701,549824364544.0,94.8997641509434,13568,10176,1073741824.0,107374182.4
HyperX,2702,549824364544.0,94.90713443396226,13568,10176,1073741824.0,107374182.4
HyperX,2703,549824364544.0,94.91450471698113,13568,10176,1073741824.0,107374182.4
HyperX,2704,549824364544.0,94.921875,13568,10176,1073741824.0,107374182.4
HyperX,2705,549824364544.0,94.92924528301887,13568,10176,1073741824.0,107374182.4
HyperX,2706,549824364544.0,94.93661556603774,13568,10176,1073741824.0,107374182.4
HyperX,2707,549824364544.0,94.9439858490566,13568,10176,1073741824.0,107374182.4
HyperX,2708,549824364544.0,94.95135613207547,13568,10176,1073741824.0,107374182.4
HyperX,2709,549824364544.0,94.95872641509435,13568,10176,1073741824.0,107374182.4
HyperX,2710,549824364544.0,94.9660966981132,13568,10176,1073741824.0,107374182.4
HyperX,2711,549824364544.0,94.97346698113208,13568,10176,1073741824.0,107374182.4
HyperX,2712,549824364544.0,94.98083726415094,13568,10176,1073741824.0,107374182.4
HyperX,2713,549824364544.0,94.98820754716981,13568,10176,1073741824.0,107374182.4
HyperX,2714,549824364544.0,94.99557783018868,13568,10176,1073741824.0,107374182.4
HyperX,2715,549824364544.0,95.00294811320755,13568,10176,1073741824.0,107374182.4
HyperX,2716,549824364544.0,95.01031839622641,13568,10176,1073741824.0,107374182.4
HyperX,2717,549824364544.0,95.01768867924528,13568,10176,1073741824.0,107374182.4
HyperX,2718,549824364544.0,95.02505896226415,13568,10176,1073741824.0,107374182.4
HyperX,2719,549824364544.0,95.03242924528303,13568,10176,1073741824.0,107374182.4
HyperX,2720,549824364544.0,95.03979952830188,13568,10176,1073741824.0,107374182.4
HyperX,2721,549824364544.0,95.04716981132076,13568,10176,1073741824.0,107374182.4
HyperX,2722,549824364544.0,95.05454009433963,13568,10176,1073741824.0,107374182.4
HyperX,2723,549824364544.0,95.06191037735849,13568,10176,1073741824.0,107374182.4
HyperX,2724,549824364544.0,95.06928066037736,13568,10176,1073741824.0,107374182.4
HyperX,2725,549824364544.0,95.07665094339622,13568,10176,1073741824.0,107374182.4
HyperX,2726,549824364544.0,95.08402122641509,13568,10176,1073741824.0,107374182.4
HyperX,2727,549824364544.0,95.09139150943396,13568,10176,1073741824.0,107374182.4
HyperX,2728,549824364544.0,95.09876179245283,13568,10176,1073741824.0,107374182.4
HyperX,2729,549824364544.0,95.10613207547169,13568,10176,1073741824.0,107374182.4
HyperX,2730,549824364544.0,95.11350235849056,13568,10176,1073741824.0,107374182.4
HyperX,2731,549824364544.0,95.12087264150944,13568,10176,1073741824.0,107374182.4
HyperX,2732,549824364544.0,95.12824292452831,13568,10176,1073741824.0,107374182.4
HyperX,2733,549824364544.0,95.13561320754717,13568,10176,1073741824.0,107374182.4
HyperX,2734,549824364544.0,95.14298349056604,13568,10176,1073741824.0,107374182.4
HyperX,2735,549824364544.0,95.15035377358491,13568,10176,1073741824.0,107374182.4
HyperX,2736,549824364544.0,95.15772405660378,13568,10176,1073741824.0,107374182.4
HyperX,2737,549824364544.0,95.16509433962264,13568,10176,1073741824.0,107374182.4
HyperX,2738,549824364544.0,95.17246462264151,13568,10176,1073741824.0,107374182.4
HyperX,2739,549824364544.0,95.17983490566037,13568,10176,1073741824.0,107374182.4
HyperX,2740,549824364544.0,95.18720518867924,13568,10176,1073741824.0,107374182.4
HyperX,2741,549824364544.0,95.19457547169812,13568,10176,1073741824.0,107374182.4
HyperX,2742,549824364544.0,95.20194575471697,13568,10176,1073741824.0,107374182.4
HyperX,2743,549824364544.0,95.20931603773585,13568,10176,1073741824.0,107374182.4
HyperX,2744,549824364544.0,95.21668632075472,13568,10176,1073741824.0,107374182.4
HyperX,2745,549824364544.0,95.22405660377359,13568,10176,1073741824.0,107374182.4
HyperX,2746,549824364544.0,95.23142688679245,13568,10176,1073741824.0,107374182.4
HyperX,2747,549824364544.0,95.23879716981132,13568,10176,1073741824.0,107374182.4
HyperX,2748,549824364544.0,95.24616745283019,13568,10176,1073741824.0,107374182.4
HyperX,2749,549824364544.0,95.25353773584906,13568,10176,1073741824.0,107374182.4
HyperX,2750,549824364544.0,95.26090801886792,13568,10176,1073741824.0,107374182.4
HyperX,2751,549824364544.0,95.2682783018868,13568,10176,1073741824.0,107374182.4
HyperX,2752,549824364544.0,95.27564858490565,13568,10176,1073741824.0,107374182.4
HyperX,2753,549824364544.0,95.28301886792453,13568,10176,1073741824.0,107374182.4
HyperX,2754,549824364544.0,95.2903891509434,13568,10176,1073741824.0,107374182.4
HyperX,2755,549824364544.0,95.29775943396226,13568,10176,1073741824.0,107374182.4
HyperX,2756,549824364544.0,95.30512971698113,13568,10176,1073741824.0,107374182.4
HyperX,2757,549824364544.0,95.3125,13568,10176,1073741824.0,107374182.4
HyperX,2758,549824364544.0,95.31987028301887,13568,10176,1073741824.0,107374182.4
HyperX,2759,549824364544.0,95.32724056603774,13568,10176,1073741824.0,107374182.4
HyperX,2760,549824364544.0,95.3346108490566,13568,10176,1073741824.0,107374182.4
HyperX,2761,549824364544.0,95.34198113207547,13568,10176,1073741824.0,107374182.4
HyperX,2762,549824364544.0,95.34935141509435,13568,10176,1073741824.0,107374182.4
HyperX,2763,549824364544.0,95.3567216981132,13568,10176,1073741824.0,107374182.4
HyperX,2764,549824364544.0,95.36409198113208,13568,10176,1073741824.0,107374182.4
HyperX,2765,549824364544.0,95.37146226415094,13568,10176,1073741824.0,107374182.4
HyperX,2766,549824364544.0,95.37883254716981,13568,10176,1073741824.0,107374182.4
HyperX,2767,549824364544.0,95.38620283018868,13568,10176,1073741824.0,107374182.4
HyperX,2768,549824364544.0,95.39357311320755,13568,10176,1073741824.0,107374182.4
HyperX,2769,549824364544.0,95.40094339622641,13568,10176,1073741824.0,107374182.4
HyperX,2770,549824364544.0,95.40831367924528,13568,10176,1073741824.0,107374182.4
HyperX,2771,549824364544.0,95.41568396226415,13568,10176,1073741824.0,107374182.4
HyperX,2772,549824364544.0,95.42305424528303,13568,10176,1073741824.0,107374182.4
HyperX,2773,549824364544.0,95.43042452830188,13568,10176,1073741824.0,107374182.4
HyperX,2774,549824364544.0,95.43779481132076,13568,10176,1073741824.0,107374182.4
HyperX,2775,549824364544.0,95.44516509433963,13568,10176,1073741824.0,107374182.4
HyperX,2776,549824364544.0,95.45253537735849,13568,10176,1073741824.0,107374182.4
HyperX,2777,549824364544.0,95.45990566037736,13568,10176,1073741824.0,107374182.4
HyperX,2778,549824364544.0,95.46727594339622,13568,10176,1073741824.0,107374182.4
HyperX,2779,549824364544.0,95.47464622641509,13568,10176,1073741824.0,107374182.4
HyperX,2780,549824364544.0,95.48201650943396,13568,10176,1073741824.0,107374182.4
HyperX,2781,549824364544.0,95.48938679245283,13568,10176,1073741824.0,107374182.4
HyperX,2782,549824364544.0,95.49675707547169,13568,10176,1073741824.0,107374182.4
HyperX,2783,549824364544.0,95.50412735849056,13568,10176,1073741824.0,107374182.4
HyperX,2784,549824364544.0,95.51149764150944,13568,10176,1073741824.0,107374182.4
HyperX,2785,549824364544.0,95.51886792452831,13568,10176,1073741824.0,107374182.4
HyperX,2786,549824364544.0,95.52623820754717,13568,10176,1073741824.0,107374182.4
HyperX,2787,549824364544.0,95.53360849056604,13568,10176,1073741824.0,107374182.4
HyperX,2788,549824364544.0,95.54097877358491,13568,10176,1073741824.0,107374182.4
HyperX,2789,549824364544.0,95.54834905660378,13568,10176,1073741824.0,107374182.4
HyperX,2790,549824364544.0,95.55571933962264,13568,10176,1073741824.0,107374182.4
HyperX,2791,549824364544.0,95.56308962264151,13568,10176,1073741824.0,107374182.4
HyperX,2792,549824364544.0,95.57045990566037,13568,10176,1073741824.0,107374182.4
HyperX,2793,549824364544.0,95.57783018867924,13568,10176,1073741824.0,107374182.4
HyperX,2794,549824364544.0,95.58520047169812,13568,10176,1073741824.0,107374182.4
HyperX,2795,549824364544.0,95.59257075471697,13568,10176,1073741824.0,107374182.4
HyperX,2796,549824364544.0,95.59994103773585,13568,10176,1073741824.0,107374182.4
HyperX,2797,549824364544.0,95.60731132075472,13568,10176,1073741824.0,107374182.4
HyperX,2798,549824364544.0,95.61468160377359,13568,10176,1073741824.0,107374182.4
HyperX,2799,549824364544.0,95.62205188679245,13568,10176,1073741824.0,107374182.4
HyperX,2800,549824364544.0,95.62942216981132,13568,10176,1073741824.0,107374182.4
HyperX,2801,549824364544.0,95.63679245283019,13568,10176,1073741824.0,107374182.4
HyperX,2802,549824364544.0,95.64416273584906,13568,10176,1073741824.0,107374182.4
HyperX,2803,549824364544.0,95.65153301886792,13568,10176,1073741824.0,107374182.4
HyperX,2804,549824364544.0,95.6589033018868,13568,10176,1073741824.0,107374182.4
HyperX,2805,549824364544.0,95.66627358490565,13568,10176,1073741824.0,107374182.4
HyperX,2806,549824364544.0,95.67364386792453,13568,10176,1073741824.0,107374182.4
HyperX,2807,549824364544.0,95.6810141509434,13568,10176,1073741824.0,107374182.4
HyperX,2808,549824364544.0,95.68838443396226,13568,10176,1073741824.0,107374182.4
HyperX,2809,549824364544.0,95.69575471698113,13568,10176,1073741824.0,107374182.4
HyperX,2810,549824364544.0,95.703125,13568,10176,1073741824.0,107374182.4
HyperX,2811,549824364544.0,95.71049528301887,13568,10176,1073741824.0,107374182.4
HyperX,2812,549824364544.0,95.71786556603774,13568,10176,1073741824.0,107374182.4
HyperX,2813,549824364544.0,95.7252358490566,13568,10176,1073741824.0,107374182.4
HyperX,2814,549824364544.0,95.73260613207547,13568,10176,1073741824.0,107374182.4
HyperX,2815,549824364544.0,95.73997641509435,13568,10176,1073741824.0,107374182.4
HyperX,2816,549824364544.0,95.7473466981132,13568,10176,1073741824.0,107374182.4
HyperX,2817,549824364544.0,95.75471698113208,13568,10176,1073741824.0,107374182.4
HyperX,2818,549824364544.0,95.76208726415094,13568,10176,1073741824.0,107374182.4
HyperX,2819,549824364544.0,95.76945754716981,13568,10176,1073741824.0,107374182.4
HyperX,2820,549824364544.0,95.77682783018868,13568,10176,1073741824.0,107374182.4
HyperX,2821,549824364544.0,95.78419811320755,13568,10176,1073741824.0,107374182.4
HyperX,2822,549824364544.0,95.79156839622641,13568,10176,1073741824.0,107374182.4
HyperX,2823,549824364544.0,95.79893867924528,13568,10176,1073741824.0,107374182.4
HyperX,2824,549824364544.0,95.80630896226415,13568,10176,1073741824.0,107374182.4
HyperX,2825,549824364544.0,95.81367924528303,13568,10176,1073741824.0,107374182.4
HyperX,2826,549824364544.0,95.82104952830188,13568,10176,1073741824.0,107374182.4
HyperX,2827,549824364544.0,95.82841981132076,13568,10176,1073741824.0,107374182.4
HyperX,2828,549824364544.0,95.83579009433963,13568,10176,1073741824.0,107374182.4
HyperX,2829,549824364544.0,95.84316037735849,13568,10176,1073741824.0,107374182.4
HyperX,2830,549824364544.0,95.85053066037736,13568,10176,1073741824.0,107374182.4
HyperX,2831,549824364544.0,95.85790094339622,13568,10176,1073741824.0,107374182.4
HyperX,2832,549824364544.0,95.86527122641509,13568,10176,1073741824.0,107374182.4
HyperX,2833,549824364544.0,95.87264150943396,13568,10176,1073741824.0,107374182.4
HyperX,2834,549824364544.0,95.88001179245283,13568,10176,1073741824.0,107374182.4
HyperX,2835,549824364544.0,95.88738207547169,13568,10176,1073741824.0,107374182.4
HyperX,2836,549824364544.0,95.89475235849056,13568,10176,1073741824.0,107374182.4
HyperX,2837,549824364544.0,95.90212264150944,13568,10176,1073741824.0,107374182.4
HyperX,2838,549824364544.0,95.90949292452831,13568,10176,1073741824.0,107374182.4
HyperX,2839,549824364544.0,95.91686320754717,13568,10176,1073741824.0,107374182.4
HyperX,2840,549824364544.0,95.92423349056604,13568,10176,1073741824.0,107374182.4
HyperX,2841,549824364544.0,95.93160377358491,13568,10176,1073741824.0,107374182.4
HyperX,2842,549824364544.0,95.93897405660378,13568,10176,1073741824.0,107374182.4
HyperX,2843,549824364544.0,95.94634433962264,13568,10176,1073741824.0,107374182.4
HyperX,2844,549824364544.0,95.95371462264151,13568,10176,1073741824.0,107374182.4
HyperX,2845,549824364544.0,95.96108490566037,13568,10176,1073741824.0,107374182.4
HyperX,2846,549824364544.0,95.96845518867924,13568,10176,1073741824.0,107374182.4
HyperX,2847,549824364544.0,95.97582547169812,13568,10176,1073741824.0,107374182.4
HyperX,2848,549824364544.0,95.98319575471697,13568,10176,1073741824.0,107374182.4
HyperX,2849,549824364544.0,95.99056603773585,13568,10176,1073741824.0,107374182.4
HyperX,2850,549824364544.0,95.99793632075472,13568,10176,1073741824.0,107374182.4
HyperX,2851,549824364544.0,96.00530660377359,13568,10176,1073741824.0,107374182.4
HyperX,2852,549824364544.0,96.01267688679245,13568,10176,1073741824.0,107374182.4
HyperX,2853,549824364544.0,96.02004716981132,13568,10176,1073741824.0,107374182.4
HyperX,2854,549824364544.0,96.02741745283019,13568,10176,1073741824.0,107374182.4
HyperX,2855,549824364544.0,96.03478773584906,13568,10176,1073741824.0,107374182.4
HyperX,2856,549824364544.0,96.04215801886792,13568,10176,1073741824.0,107374182.4
HyperX,2857,549824364544.0,96.0495283018868,13568,10176,1073741824.0,107374182.4
HyperX,2858,549824364544.0,96.05689858490565,13568,10176,1073741824.0,107374182.4
HyperX,2859,549824364544.0,96.06426886792453,13568,10176,1073741824.0,107374182.4
HyperX,2860,549824364544.0,96.0716391509434,13568,10176,1073741824.0,107374182.4
HyperX,2861,549824364544.0,96.07900943396226,13568,10176,1073741824.0,107374182.4
HyperX,2862,549824364544.0,96.08637971698113,13568,10176,1073741824.0,107374182.4
HyperX,2863,549824364544.0,96.09375,13568,10176,1073741824.0,107374182.4
HyperX,2864,549824364544.0,96.10112028301887,13568,10176,1073741824.0,107374182.4
HyperX,2865,549824364544.0,96.10849056603774,13568,10176,1073741824.0,107374182.4
HyperX,2866,549824364544.0,96.1158608490566,13568,10176,1073741824.0,107374182.4
HyperX,2867,549824364544.0,96.12323113207547,13568,10176,1073741824.0,107374182.4
HyperX,2868,549824364544.0,96.13060141509435,13568,10176,1073741824.0,107374182.4
HyperX,2869,549824364544.0,96.1379716981132,13568,10176,1073741824.0,107374182.4
HyperX,2870,549824364544.0,96.14534198113208,13568,10176,1073741824.0,107374182.4
HyperX,2871,549824364544.0,96.15271226415094,13568,10176,1073741824.0,107374182.4
HyperX,2872,549824364544.0,96.16008254716981,13568,10176,1073741824.0,107374182.4
HyperX,2873,549824364544.0,96.16745283018868,13568,10176,1073741824.0,107374182.4
HyperX,2874,549824364544.0,96.17482311320755,13568,10176,1073741824.0,107374182.4
HyperX,2875,549824364544.0,96.18219339622641,13568,10176,1073741824.0,107374182.4
HyperX,2876,549824364544.0,96.18956367924528,13568,10176,1073741824.0,107374182.4
HyperX,2877,549824364544.0,96.19693396226415,13568,10176,1073741824.0,107374182.4
HyperX,2878,549824364544.0,96.20430424528303,13568,10176,1073741824.0,107374182.4
HyperX,2879,549824364544.0,96.21167452830188,13568,10176,1073741824.0,107374182.4
HyperX,2880,549824364544.0,96.21904481132076,13568,10176,1073741824.0,107374182.4
HyperX,2881,549824364544.0,96.22641509433963,13568,10176,1073741824.0,107374182.4
HyperX,2882,549824364544.0,96.23378537735849,13568,10176,1073741824.0,107374182.4
HyperX,2883,549824364544.0,96.24115566037736,13568,10176,1073741824.0,107374182.4
HyperX,2884,549824364544.0,96.24852594339622,13568,10176,1073741824.0,107374182.4
HyperX,2885,549824364544.0,96.25589622641509,13568,10176,1073741824.0,107374182.4
HyperX,2886,549824364544.0,96.26326650943396,13568,10176,1073741824.0,107374182.4
HyperX,2887,549824364544.0,96.27063679245283,13568,10176,1073741824.0,107374182.4
HyperX,2888,549824364544.0,96.27800707547169,13568,10176,1073741824.0,107374182.4
HyperX,2889,549824364544.0,96.28537735849056,13568,10176,1073741824.0,107374182.4
HyperX,2890,549824364544.0,96.29274764150944,13568,10176,1073741824.0,107374182.4
HyperX,2891,549824364544.0,96.30011792452831,13568,10176,1073741824.0,107374182.4
HyperX,2892,549824364544.0,96.30748820754717,13568,10176,1073741824.0,107374182.4
HyperX,2893,549824364544.0,96.31485849056604,13568,10176,1073741824.0,107374182.4
HyperX,2894,549824364544.0,96.32222877358491,13568,10176,1073741824.0,107374182.4
HyperX,2895,549824364544.0,96.32959905660378,13568,10176,1073741824.0,107374182.4
HyperX,2896,549824364544.0,96.33696933962264,13568,10176,1073741824.0,107374182.4
HyperX,2897,549824364544.0,96.34433962264151,13568,10176,1073741824.0,107374182.4
HyperX,2898,549824364544.0,96.35170990566037,13568,10176,1073741824.0,107374182.4
HyperX,2899,549824364544.0,96.35908018867924,13568,10176,1073741824.0,107374182.4
HyperX,2900,549824364544.0,96.36645047169812,13568,10176,1073741824.0,107374182.4
HyperX,2901,549824364544.0,96.37382075471697,13568,10176,1073741824.0,107374182.4
HyperX,2902,549824364544.0,96.38119103773585,13568,10176,1073741824.0,107374182.4
HyperX,2903,549824364544.0,96.38856132075472,13568,10176,1073741824.0,107374182.4
HyperX,2904,549824364544.0,96.39593160377359,13568,10176,1073741824.0,107374182.4
HyperX,2905,549824364544.0,96.40330188679245,13568,10176,1073741824.0,107374182.4
HyperX,2906,549824364544.0,96.41067216981132,13568,10176,1073741824.0,107374182.4
HyperX,2907,549824364544.0,96.41804245283019,13568,10176,1073741824.0,107374182.4
HyperX,2908,549824364544.0,96.42541273584906,13568,10176,1073741824.0,107374182.4
HyperX,2909,549824364544.0,96.43278301886792,13568,10176,1073741824.0,107374182.4
HyperX,2910,549824364544.0,96.4401533018868,13568,10176,1073741824.0,107374182.4
HyperX,2911,549824364544.0,96.44752358490565,13568,10176,1073741824.0,107374182.4
HyperX,2912,549824364544.0,96.45489386792453,13568,10176,1073741824.0,107374182.4
HyperX,2913,549824364544.0,96.4622641509434,13568,10176,1073741824.0,107374182.4
HyperX,2914,549824364544.0,96.46963443396226,13568,10176,1073741824.0,107374182.4
HyperX,2915,549824364544.0,96.47700471698113,13568,10176,1073741824.0,107374182.4
HyperX,2916,549824364544.0,96.484375,13568,10176,1073741824.0,107374182.4
HyperX,2917,549824364544.0,96.49174528301887,13568,10176,1073741824.0,107374182.4
HyperX,2918,549824364544.0,96.49911556603774,13568,10176,1073741824.0,107374182.4
HyperX,2919,549824364544.0,96.5064858490566,13568,10176,1073741824.0,107374182.4
HyperX,2920,549824364544.0,96.51385613207547,13568,10176,1073741824.0,107374182.4
HyperX,2921,549824364544.0,96.52122641509435,13568,10176,1073741824.0,107374182.4
HyperX,2922,549824364544.0,96.5285966981132,13568,10176,1073741824.0,107374182.4
HyperX,2923,549824364544.0,96.53596698113208,13568,10176,1073741824.0,107374182.4
HyperX,2924,549824364544.0,96.54333726415094,13568,10176,1073741824.0,107374182.4
HyperX,2925,549824364544.0,96.55070754716981,13568,10176,1073741824.0,107374182.4
HyperX,2926,549824364544.0,96.55807783018868,13568,10176,1073741824.0,107374182.4
HyperX,2927,549824364544.0,96.56544811320755,13568,10176,1073741824.0,107374182.4
HyperX,2928,549824364544.0,96.57281839622641,13568,10176,1073741824.0,107374182.4
HyperX,2929,549824364544.0,96.58018867924528,13568,10176,1073741824.0,107374182.4
HyperX,2930,549824364544.0,96.58755896226415,13568,10176,1073741824.0,107374182.4
HyperX,2931,549824364544.0,96.59492924528303,13568,10176,1073741824.0,107374182.4
HyperX,2932,549824364544.0,96.60229952830188,13568,10176,1073741824.0,107374182.4
HyperX,2933,549824364544.0,96.60966981132076,13568,10176,1073741824.0,107374182.4
HyperX,2934,549824364544.0,96.61704009433963,13568,10176,1073741824.0,107374182.4
HyperX,2935,549824364544.0,96.62441037735849,13568,10176,1073741824.0,107374182.4
HyperX,2936,549824364544.0,96.63178066037736,13568,10176,1073741824.0,107374182.4
HyperX,2937,549824364544.0,96.63915094339622,13568,10176,1073741824.0,107374182.4
HyperX,2938,549824364544.0,96.64652122641509,13568,10176,1073741824.0,107374182.4
HyperX,2939,549824364544.0,96.65389150943396,13568,10176,1073741824.0,107374182.4
HyperX,2940,549824364544.0,96.66126179245283,13568,10176,1073741824.0,107374182.4
HyperX,2941,549824364544.0,96.66863207547169,13568,10176,1073741824.0,107374182.4
HyperX,2942,549824364544.0,96.67600235849056,13568,10176,1073741824.0,107374182.4
HyperX,2943,549824364544.0,96.68337264150944,13568,10176,1073741824.0,107374182.4
HyperX,2944,549824364544.0,96.69074292452831,13568,10176,1073741824.0,107374182.4
HyperX,2945,549824364544.0,96.69811320754717,13568,10176,1073741824.0,107374182.4
HyperX,2946,549824364544.0,96.70548349056604,13568,10176,1073741824.0,107374182.4
HyperX,2947,549824364544.0,96.71285377358491,13568,10176,1073741824.0,107374182.4
HyperX,2948,549824364544.0,96.72022405660378,13568,10176,1073741824.0,107374182.4
HyperX,2949,549824364544.0,96.72759433962264,13568,10176,1073741824.0,107374182.4
HyperX,2950,549824364544.0,96.73496462264151,13568,10176,1073741824.0,107374182.4
HyperX,2951,549824364544.0,96.74233490566037,13568,10176,1073741824.0,107374182.4
HyperX,2952,549824364544.0,96.74970518867924,13568,10176,1073741824.0,107374182.4
HyperX,2953,549824364544.0,96.75707547169812,13568,10176,1073741824.0,107374182.4
HyperX,2954,549824364544.0,96.76444575471697,13568,10176,1073741824.0,107374182.4
HyperX,2955,549824364544.0,96.77181603773585,13568,10176,1073741824.0,107374182.4
HyperX,2956,549824364544.0,96.77918632075472,13568,10176,1073741824.0,107374182.4
HyperX,2957,549824364544.0,96.78655660377359,13568,10176,1073741824.0,107374182.4
HyperX,2958,549824364544.0,96.79392688679245,13568,10176,1073741824.0,107374182.4
HyperX,2959,549824364544.0,96.80129716981132,13568,10176,1073741824.0,107374182.4
HyperX,2960,549824364544.0,96.80866745283019,13568,10176,1073741824.0,107374182.4
HyperX,2961,549824364544.0,96.81603773584906,13568,10176,1073741824.0,107374182.4
HyperX,2962,549824364544.0,96.82340801886792,13568,10176,1073741824.0,107374182.4
HyperX,2963,549824364544.0,96.8307783018868,13568,10176,1073741824.0,107374182.4
HyperX,2964,549824364544.0,96.83814858490565,13568,10176,1073741824.0,107374182.4
HyperX,2965,549824364544.0,96.84551886792453,13568,10176,1073741824.0,107374182.4
HyperX,2966,549824364544.0,96.8528891509434,13568,10176,1073741824.0,107374182.4
HyperX,2967,549824364544.0,96.86025943396226,13568,10176,1073741824.0,107374182.4
HyperX,2968,549824364544.0,96.86762971698113,13568,10176,1073741824.0,107374182.4
HyperX,2969,549824364544.0,96.875,13568,10176,1073741824.0,107374182.4
HyperX,2970,549824364544.0,96.88237028301887,13568,10176,1073741824.0,107374182.4
HyperX,2971,549824364544.0,96.88974056603774,13568,10176,1073741824.0,107374182.4
HyperX,2972,549824364544.0,96.8971108490566,13568,10176,1073741824.0,107374182.4
HyperX,2973,549824364544.0,96.90448113207547,13568,10176,1073741824.0,107374182.4
HyperX,2974,549824364544.0,96.91185141509435,13568,10176,1073741824.0,107374182.4
HyperX,2975,549824364544.0,96.9192216981132,13568,10176,1073741824.0,107374182.4
HyperX,2976,549824364544.0,96.92659198113208,13568,10176,1073741824.0,107374182.4
HyperX,2977,549824364544.0,96.93396226415094,13568,10176,1073741824.0,107374182.4
HyperX,2978,549824364544.0,96.94133254716981,13568,10176,1073741824.0,107374182.4
HyperX,2979,549824364544.0,96.94870283018868,13568,10176,1073741824.0,107374182.4
HyperX,2980,549824364544.0,96.95607311320755,13568,10176,1073741824.0,107374182.4
HyperX,2981,549824364544.0,96.96344339622641,13568,10176,1073741824.0,107374182.4
HyperX,2982,549824364544.0,96.97081367924528,13568,10176,1073741824.0,107374182.4
HyperX,2983,549824364544.0,96.97818396226415,13568,10176,1073741824.0,107374182.4
HyperX,2984,549824364544.0,96.98555424528303,13568,10176,1073741824.0,107374182.4
HyperX,2985,549824364544.0,96.99292452830188,13568,10176,1073741824.0,107374182.4
HyperX,2986,549824364544.0,97.00029481132076,13568,10176,1073741824.0,107374182.4
HyperX,2987,549824364544.0,97.00766509433963,13568,10176,1073741824.0,107374182.4
HyperX,2988,549824364544.0,97.01503537735849,13568,10176,1073741824.0,107374182.4
HyperX,2989,549824364544.0,97.02240566037736,13568,10176,1073741824.0,107374182.4
HyperX,2990,549824364544.0,97.02977594339622,13568,10176,1073741824.0,107374182.4
HyperX,2991,549824364544.0,97.03714622641509,13568,10176,1073741824.0,107374182.4
HyperX,2992,549824364544.0,97.04451650943396,13568,10176,1073741824.0,107374182.4
HyperX,2993,549824364544.0,97.05188679245283,13568,10176,1073741824.0,107374182.4
HyperX,2994,549824364544.0,97.05925707547169,13568,10176,1073741824.0,107374182.4
HyperX,2995,549824364544.0,97.06662735849056,13568,10176,1073741824.0,107374182.4
HyperX,2996,549824364544.0,97.07399764150944,13568,10176,1073741824.0,107374182.4
HyperX,2997,549824364544.0,97.08136792452831,13568,10176,1073741824.0,107374182.4
HyperX,2998,549824364544.0,97.08873820754717,13568,10176,1073741824.0,107374182.4
HyperX,2999,549824364544.0,97.09610849056604,13568,10176,1073741824.0,107374182.4
HyperX,3000,549824364544.0,97.10347877358491,13568,10176,1073741824.0,107374182.4
HyperX,3001,549824364544.0,97.11084905660378,13568,10176,1073741824.0,107374182.4
HyperX,3002,549824364544.0,97.11821933962264,13568,10176,1073741824.0,107374182.4
HyperX,3003,549824364544.0,97.12558962264151,13568,10176,1073741824.0,107374182.4
HyperX,3004,549824364544.0,97.13295990566037,13568,10176,1073741824.0,107374182.4
HyperX,3005,549824364544.0,97.14033018867924,13568,10176,1073741824.0,107374182.4
HyperX,3006,549824364544.0,97.14770047169812,13568,10176,1073741824.0,107374182.4
HyperX,3007,549824364544.0,97.15507075471697,13568,10176,1073741824.0,107374182.4
HyperX,3008,549824364544.0,97.16244103773585,13568,10176,1073741824.0,107374182.4
HyperX,3009,549824364544.0,97.16981132075472,13568,10176,1073741824.0,107374182.4
HyperX,3010,549824364544.0,97.17718160377359,13568,10176,1073741824.0,107374182.4
HyperX,3011,549824364544.0,97.18455188679245,13568,10176,1073741824.0,107374182.4
HyperX,3012,549824364544.0,97.19192216981132,13568,10176,1073741824.0,107374182.4
HyperX,3013,549824364544.0,97.19929245283019,13568,10176,1073741824.0,107374182.4
HyperX,3014,549824364544.0,97.20666273584906,13568,10176,1073741824.0,107374182.4
HyperX,3015,549824364544.0,97.21403301886792,13568,10176,1073741824.0,107374182.4
HyperX,3016,549824364544.0,97.2214033018868,13568,10176,1073741824.0,107374182.4
HyperX,3017,549824364544.0,97.22877358490565,13568,10176,1073741824.0,107374182.4
HyperX,3018,549824364544.0,97.23614386792453,13568,10176,1073741824.0,107374182.4
HyperX,3019,549824364544.0,97.2435141509434,13568,10176,1073741824.0,107374182.4
HyperX,3020,549824364544.0,97.25088443396226,13568,10176,1073741824.0,107374182.4
HyperX,3021,549824364544.0,97.25825471698113,13568,10176,1073741824.0,107374182.4
HyperX,3022,549824364544.0,97.265625,13568,10176,1073741824.0,107374182.4
HyperX,3023,549824364544.0,97.27299528301887,13568,10176,1073741824.0,107374182.4
HyperX,3024,549824364544.0,97.28036556603774,13568,10176,1073741824.0,107374182.4
HyperX,3025,549824364544.0,97.2877358490566,13568,10176,1073741824.0,107374182.4
HyperX,3026,549824364544.0,97.29510613207547,13568,10176,1073741824.0,107374182.4
HyperX,3027,549824364544.0,97.30247641509435,13568,10176,1073741824.0,107374182.4
HyperX,3028,549824364544.0,97.3098466981132,13568,10176,1073741824.0,107374182.4
HyperX,3029,549824364544.0,97.31721698113208,13568,10176,1073741824.0,107374182.4
HyperX,3030,549824364544.0,97.32458726415094,13568,10176,1073741824.0,107374182.4
HyperX,3031,549824364544.0,97.33195754716981,13568,10176,1073741824.0,107374182.4
HyperX,3032,549824364544.0,97.33932783018868,13568,10176,1073741824.0,107374182.4
HyperX,3033,549824364544.0,97.34669811320755,13568,10176,1073741824.0,107374182.4
HyperX,3034,549824364544.0,97.35406839622641,13568,10176,1073741824.0,107374182.4
HyperX,3035,549824364544.0,97.36143867924528,13568,10176,1073741824.0,107374182.4
HyperX,3036,549824364544.0,97.36880896226415,13568,10176,1073741824.0,107374182.4
HyperX,3037,549824364544.0,97.37617924528303,13568,10176,1073741824.0,107374182.4
HyperX,3038,549824364544.0,97.38354952830188,13568,10176,1073741824.0,107374182.4
HyperX,3039,549824364544.0,97.39091981132076,13568,10176,1073741824.0,107374182.4
HyperX,3040,549824364544.0,97.39829009433963,13568,10176,1073741824.0,107374182.4
HyperX,3041,549824364544.0,97.40566037735849,13568,10176,1073741824.0,107374182.4
HyperX,3042,549824364544.0,97.41303066037736,13568,10176,1073741824.0,107374182.4
HyperX,3043,549824364544.0,97.42040094339622,13568,10176,1073741824.0,107374182.4
HyperX,3044,549824364544.0,97.42777122641509,13568,10176,1073741824.0,107374182.4
HyperX,3045,549824364544.0,97.43514150943396,13568,10176,1073741824.0,107374182.4
HyperX,3046,549824364544.0,97.44251179245283,13568,10176,1073741824.0,107374182.4
HyperX,3047,549824364544.0,97.44988207547169,13568,10176,1073741824.0,107374182.4
HyperX,3048,549824364544.0,97.45725235849056,13568,10176,1073741824.0,107374182.4
HyperX,3049,549824364544.0,97.46462264150944,13568,10176,1073741824.0,107374182.4
HyperX,3050,549824364544.0,97.47199292452831,13568,10176,1073741824.0,107374182.4
HyperX,3051,549824364544.0,97.47936320754717,13568,10176,1073741824.0,107374182.4
HyperX,3052,549824364544.0,97.48673349056604,13568,10176,1073741824.0,107374182.4
HyperX,3053,549824364544.0,97.49410377358491,13568,10176,1073741824.0,107374182.4
HyperX,3054,549824364544.0,97.50147405660378,13568,10176,1073741824.0,107374182.4
HyperX,3055,549824364544.0,97.50884433962264,13568,10176,1073741824.0,107374182.4
HyperX,3056,549824364544.0,97.51621462264151,13568,10176,1073741824.0,107374182.4
HyperX,3057,549824364544.0,97.52358490566037,13568,10176,1073741824.0,107374182.4
HyperX,3058,549824364544.0,97.53095518867924,13568,10176,1073741824.0,107374182.4
HyperX,3059,549824364544.0,97.53832547169812,13568,10176,1073741824.0,107374182.4
HyperX,3060,549824364544.0,97.54569575471697,13568,10176,1073741824.0,107374182.4
HyperX,3061,549824364544.0,97.55306603773585,13568,10176,1073741824.0,107374182.4
HyperX,3062,549824364544.0,97.56043632075472,13568,10176,1073741824.0,107374182.4
HyperX,3063,549824364544.0,97.56780660377359,13568,10176,1073741824.0,107374182.4
HyperX,3064,549824364544.0,97.57517688679245,13568,10176,1073741824.0,107374182.4
HyperX,3065,549824364544.0,97.58254716981132,13568,10176,1073741824.0,107374182.4
HyperX,3066,549824364544.0,97.58991745283019,13568,10176,1073741824.0,107374182.4
HyperX,3067,549824364544.0,97.59728773584906,13568,10176,1073741824.0,107374182.4
HyperX,3068,549824364544.0,97.60465801886792,13568,10176,1073741824.0,107374182.4
HyperX,3069,549824364544.0,97.6120283018868,13568,10176,1073741824.0,107374182.4
HyperX,3070,549824364544.0,97.61939858490565,13568,10176,1073741824.0,107374182.4
HyperX,3071,549824364544.0,97.62676886792453,13568,10176,1073741824.0,107374182.4
HyperX,3072,549824364544.0,97.6341391509434,13568,10176,1073741824.0,107374182.4
HyperX,3073,549824364544.0,97.64150943396226,13568,10176,1073741824.0,107374182.4
HyperX,3074,549824364544.0,97.64887971698113,13568,10176,1073741824.0,107374182.4
HyperX,3075,549824364544.0,97.65625,13568,10176,1073741824.0,107374182.4
HyperX,3076,549824364544.0,97.66362028301887,13568,10176,1073741824.0,107374182.4
HyperX,3077,549824364544.0,97.67099056603774,13568,10176,1073741824.0,107374182.4
HyperX,3078,549824364544.0,97.6783608490566,13568,10176,1073741824.0,107374182.4
HyperX,3079,549824364544.0,97.68573113207547,13568,10176,1073741824.0,107374182.4
HyperX,3080,549824364544.0,97.69310141509435,13568,10176,1073741824.0,107374182.4
HyperX,3081,549824364544.0,97.7004716981132,13568,10176,1073741824.0,107374182.4
HyperX,3082,549824364544.0,97.70784198113208,13568,10176,1073741824.0,107374182.4
HyperX,3083,549824364544.0,97.71521226415094,13568,10176,1073741824.0,107374182.4
HyperX,3084,549824364544.0,97.72258254716981,13568,10176,1073741824.0,107374182.4
HyperX,3085,549824364544.0,97.72995283018868,13568,10176,1073741824.0,107374182.4
HyperX,3086,549824364544.0,97.73732311320755,13568,10176,1073741824.0,107374182.4
HyperX,3087,549824364544.0,97.74469339622641,13568,10176,1073741824.0,107374182.4
HyperX,3088,549824364544.0,97.75206367924528,13568,10176,1073741824.0,107374182.4
HyperX,3089,549824364544.0,97.75943396226415,13568,10176,1073741824.0,107374182.4
HyperX,3090,549824364544.0,97.76680424528303,13568,10176,1073741824.0,107374182.4
HyperX,3091,549824364544.0,97.77417452830188,13568,10176,1073741824.0,107374182.4
HyperX,3092,549824364544.0,97.78154481132076,13568,10176,1073741824.0,107374182.4
HyperX,3093,549824364544.0,97.78891509433963,13568,10176,1073741824.0,107374182.4
HyperX,3094,549824364544.0,97.79628537735849,13568,10176,1073741824.0,107374182.4
HyperX,3095,549824364544.0,97.80365566037736,13568,10176,1073741824.0,107374182.4
HyperX,3096,549824364544.0,97.81102594339622,13568,10176,1073741824.0,107374182.4
HyperX,3097,549824364544.0,97.81839622641509,13568,10176,1073741824.0,107374182.4
HyperX,3098,549824364544.0,97.82576650943396,13568,10176,1073741824.0,107374182.4
HyperX,3099,549824364544.0,97.83313679245283,13568,10176,1073741824.0,107374182.4
HyperX,3100,549824364544.0,97.84050707547169,13568,10176,1073741824.0,107374182.4
HyperX,3101,549824364544.0,97.84787735849056,13568,10176,1073741824.0,107374182.4
HyperX,3102,549824364544.0,97.85524764150944,13568,10176,1073741824.0,107374182.4
HyperX,3103,549824364544.0,97.86261792452831,13568,10176,1073741824.0,107374182.4
HyperX,3104,549824364544.0,97.86998820754717,13568,10176,1073741824.0,107374182.4
HyperX,3105,549824364544.0,97.87735849056604,13568,10176,1073741824.0,107374182.4
HyperX,3106,549824364544.0,97.88472877358491,13568,10176,1073741824.0,107374182.4
HyperX,3107,549824364544.0,97.89209905660378,13568,10176,1073741824.0,107374182.4
HyperX,3108,549824364544.0,97.89946933962264,13568,10176,1073741824.0,107374182.4
HyperX,3109,549824364544.0,97.90683962264151,13568,10176,1073741824.0,107374182.4
HyperX,3110,549824364544.0,97.91420990566037,13568,10176,1073741824.0,107374182.4
HyperX,3111,549824364544.0,97.92158018867924,13568,10176,1073741824.0,107374182.4
HyperX,3112,549824364544.0,97.92895047169812,13568,10176,1073741824.0,107374182.4
HyperX,3113,549824364544.0,97.93632075471697,13568,10176,1073741824.0,107374182.4
HyperX,3114,549824364544.0,97.94369103773585,13568,10176,1073741824.0,107374182.4
HyperX,3115,549824364544.0,97.95106132075472,13568,10176,1073741824.0,107374182.4
HyperX,3116,549824364544.0,97.95843160377359,13568,10176,1073741824.0,107374182.4
HyperX,3117,549824364544.0,97.96580188679245,13568,10176,1073741824.0,107374182.4
HyperX,3118,549824364544.0,97.97317216981132,13568,10176,1073741824.0,107374182.4
HyperX,3119,549824364544.0,97.98054245283019,13568,10176,1073741824.0,107374182.4
HyperX,3120,549824364544.0,97.98791273584906,13568,10176,1073741824.0,107374182.4
HyperX,3121,549824364544.0,97.99528301886792,13568,10176,1073741824.0,107374182.4
HyperX,3122,549824364544.0,98.0026533018868,13568,10176,1073741824.0,107374182.4
HyperX,3123,549824364544.0,98.01002358490565,13568,10176,1073741824.0,107374182.4
HyperX,3124,549824364544.0,98.01739386792453,13568,10176,1073741824.0,107374182.4
HyperX,3125,549824364544.0,98.0247641509434,13568,10176,1073741824.0,107374182.4
HyperX,3126,549824364544.0,98.03213443396226,13568,10176,1073741824.0,107374182.4
HyperX,3127,549824364544.0,98.03950471698113,13568,10176,1073741824.0,107374182.4
HyperX,3128,549824364544.0,98.046875,13568,10176,1073741824.0,107374182.4
HyperX,3129,549824364544.0,98.05424528301887,13568,10176,1073741824.0,107374182.4
HyperX,3130,549824364544.0,98.06161556603774,13568,10176,1073741824.0,107374182.4
HyperX,3131,549824364544.0,98.0689858490566,13568,10176,1073741824.0,107374182.4
HyperX,3132,549824364544.0,98.07635613207547,13568,10176,1073741824.0,107374182.4
HyperX,3133,549824364544.0,98.08372641509435,13568,10176,1073741824.0,107374182.4
HyperX,3134,549824364544.0,98.0910966981132,13568,10176,1073741824.0,107374182.4
HyperX,3135,549824364544.0,98.09846698113208,13568,10176,1073741824.0,107374182.4
HyperX,3136,549824364544.0,98.10583726415094,13568,10176,1073741824.0,107374182.4
HyperX,3137,549824364544.0,98.11320754716981,13568,10176,1073741824.0,107374182.4
HyperX,3138,549824364544.0,98.12057783018868,13568,10176,1073741824.0,107374182.4
HyperX,3139,549824364544.0,98.12794811320755,13568,10176,1073741824.0,107374182.4
HyperX,3140,549824364544.0,98.13531839622641,13568,10176,1073741824.0,107374182.4
HyperX,3141,549824364544.0,98.14268867924528,13568,10176,1073741824.0,107374182.4
HyperX,3142,549824364544.0,98.15005896226415,13568,10176,1073741824.0,107374182.4
HyperX,3143,549824364544.0,98.15742924528303,13568,10176,1073741824.0,107374182.4
HyperX,3144,549824364544.0,98.16479952830188,13568,10176,1073741824.0,107374182.4
HyperX,3145,549824364544.0,98.17216981132076,13568,10176,1073741824.0,107374182.4
HyperX,3146,549824364544.0,98.17954009433963,13568,10176,1073741824.0,107374182.4
HyperX,3147,549824364544.0,98.18691037735849,13568,10176,1073741824.0,107374182.4
HyperX,3148,549824364544.0,98.19428066037736,13568,10176,1073741824.0,107374182.4
HyperX,3149,549824364544.0,98.20165094339622,13568,10176,1073741824.0,107374182.4
HyperX,3150,549824364544.0,98.20902122641509,13568,10176,1073741824.0,107374182.4
HyperX,3151,549824364544.0,98.21639150943396,13568,10176,1073741824.0,107374182.4
HyperX,3152,549824364544.0,98.22376179245283,13568,10176,1073741824.0,107374182.4
HyperX,3153,549824364544.0,98.23113207547169,13568,10176,1073741824.0,107374182.4
HyperX,3154,549824364544.0,98.23850235849056,13568,10176,1073741824.0,107374182.4
HyperX,3155,549824364544.0,98.24587264150944,13568,10176,1073741824.0,107374182.4
HyperX,3156,549824364544.0,98.25324292452831,13568,10176,1073741824.0,107374182.4
HyperX,3157,549824364544.0,98.26061320754717,13568,10176,1073741824.0,107374182.4
HyperX,3158,549824364544.0,98.26798349056604,13568,10176,1073741824.0,107374182.4
HyperX,3159,549824364544.0,98.27535377358491,13568,10176,1073741824.0,107374182.4
HyperX,3160,549824364544.0,98.28272405660378,13568,10176,1073741824.0,107374182.4
HyperX,3161,549824364544.0,98.29009433962264,13568,10176,1073741824.0,107374182.4
HyperX,3162,549824364544.0,98.29746462264151,13568,10176,1073741824.0,107374182.4
HyperX,3163,549824364544.0,98.30483490566037,13568,10176,1073741824.0,107374182.4
HyperX,3164,549824364544.0,98.31220518867924,13568,10176,1073741824.0,107374182.4
HyperX,3165,549824364544.0,98.31957547169812,13568,10176,1073741824.0,107374182.4
HyperX,3166,549824364544.0,98.32694575471697,13568,10176,1073741824.0,107374182.4
HyperX,3167,549824364544.0,98.33431603773585,13568,10176,1073741824.0,107374182.4
HyperX,3168,549824364544.0,98.34168632075472,13568,10176,1073741824.0,107374182.4
HyperX,3169,549824364544.0,98.34905660377359,13568,10176,1073741824.0,107374182.4
HyperX,3170,549824364544.0,98.35642688679245,13568,10176,1073741824.0,107374182.4
HyperX,3171,549824364544.0,98.36379716981132,13568,10176,1073741824.0,107374182.4
HyperX,3172,549824364544.0,98.37116745283019,13568,10176,1073741824.0,107374182.4
HyperX,3173,549824364544.0,98.37853773584906,13568,10176,1073741824.0,107374182.4
HyperX,3174,549824364544.0,98.38590801886792,13568,10176,1073741824.0,107374182.4
HyperX,3175,549824364544.0,98.3932783018868,13568,10176,1073741824.0,107374182.4
HyperX,3176,549824364544.0,98.40064858490565,13568,10176,1073741824.0,107374182.4
HyperX,3177,549824364544.0,98.40801886792453,13568,10176,1073741824.0,107374182.4
HyperX,3178,549824364544.0,98.4153891509434,13568,10176,1073741824.0,107374182.4
HyperX,3179,549824364544.0,98.42275943396226,13568,10176,1073741824.0,107374182.4
HyperX,3180,549824364544.0,98.43012971698113,13568,10176,1073741824.0,107374182.4
HyperX,3181,549824364544.0,98.4375,13568,10176,1073741824.0,107374182.4
HyperX,3182,549824364544.0,98.44487028301887,13568,10176,1073741824.0,107374182.4
HyperX,3183,549824364544.0,98.45224056603774,13568,10176,1073741824.0,107374182.4
HyperX,3184,549824364544.0,98.4596108490566,13568,10176,1073741824.0,107374182.4
HyperX,3185,549824364544.0,98.46698113207547,13568,10176,1073741824.0,107374182.4
HyperX,3186,549824364544.0,98.47435141509435,13568,10176,1073741824.0,107374182.4
HyperX,3187,549824364544.0,98.4817216981132,13568,10176,1073741824.0,107374182.4
HyperX,3188,549824364544.0,98.48909198113208,13568,10176,1073741824.0,107374182.4
HyperX,3189,549824364544.0,98.49646226415094,13568,10176,1073741824.0,107374182.4
HyperX,3190,549824364544.0,98.50383254716981,13568,10176,1073741824.0,107374182.4
HyperX,3191,549824364544.0,98.51120283018868,13568,10176,1073741824.0,107374182.4
HyperX,3192,549824364544.0,98.51857311320755,13568,10176,1073741824.0,107374182.4
HyperX,3193,549824364544.0,98.52594339622641,13568,10176,1073741824.0,107374182.4
HyperX,3194,549824364544.0,98.53331367924528,13568,10176,1073741824.0,107374182.4
HyperX,3195,549824364544.0,98.54068396226415,13568,10176,1073741824.0,107374182.4
HyperX,3196,549824364544.0,98.54805424528303,13568,10176,1073741824.0,107374182.4
HyperX,3197,549824364544.0,98.55542452830188,13568,10176,1073741824.0,107374182.4
HyperX,3198,549824364544.0,98.56279481132076,13568,10176,1073741824.0,107374182.4
HyperX,3199,549824364544.0,98.57016509433963,13568,10176,1073741824.0,107374182.4
HyperX,3200,549824364544.0,98.57753537735849,13568,10176,1073741824.0,107374182.4
HyperX,3201,549824364544.0,98.58490566037736,13568,10176,1073741824.0,107374182.4
HyperX,3202,549824364544.0,98.59227594339622,13568,10176,1073741824.0,107374182.4
HyperX,3203,549824364544.0,98.59964622641509,13568,10176,1073741824.0,107374182.4
HyperX,3204,549824364544.0,98.60701650943396,13568,10176,1073741824.0,107374182.4
HyperX,3205,549824364544.0,98.61438679245283,13568,10176,1073741824.0,107374182.4
HyperX,3206,549824364544.0,98.62175707547169,13568,10176,1073741824.0,107374182.4
HyperX,3207,549824364544.0,98.62912735849056,13568,10176,1073741824.0,107374182.4
HyperX,3208,549824364544.0,98.63649764150944,13568,10176,1073741824.0,107374182.4
HyperX,3209,549824364544.0,98.64386792452831,13568,10176,1073741824.0,107374182.4
HyperX,3210,549824364544.0,98.65123820754717,13568,10176,1073741824.0,107374182.4
HyperX,3211,549824364544.0,98.65860849056604,13568,10176,1073741824.0,107374182.4
HyperX,3212,549824364544.0,98.66597877358491,13568,10176,1073741824.0,107374182.4
HyperX,3213,549824364544.0,98.67334905660378,13568,10176,1073741824.0,107374182.4
HyperX,3214,549824364544.0,98.68071933962264,13568,10176,1073741824.0,107374182.4
HyperX,3215,549824364544.0,98.68808962264151,13568,10176,1073741824.0,107374182.4
HyperX,3216,549824364544.0,98.69545990566037,13568,10176,1073741824.0,107374182.4
HyperX,3217,549824364544.0,98.70283018867924,13568,10176,1073741824.0,107374182.4
HyperX,3218,549824364544.0,98.71020047169812,13568,10176,1073741824.0,107374182.4
HyperX,3219,549824364544.0,98.71757075471697,13568,10176,1073741824.0,107374182.4
HyperX,3220,549824364544.0,98.72494103773585,13568,10176,1073741824.0,107374182.4
HyperX,3221,549824364544.0,98.73231132075472,13568,10176,1073741824.0,107374182.4
HyperX,3222,549824364544.0,98.73968160377359,13568,10176,1073741824.0,107374182.4
HyperX,3223,549824364544.0,98.74705188679245,13568,10176,1073741824.0,107374182.4
HyperX,3224,549824364544.0,98.75442216981132,13568,10176,1073741824.0,107374182.4
HyperX,3225,549824364544.0,98.76179245283019,13568,10176,1073741824.0,107374182.4
HyperX,3226,549824364544.0,98.76916273584906,13568,10176,1073741824.0,107374182.4
HyperX,3227,549824364544.0,98.77653301886792,13568,10176,1073741824.0,107374182.4
HyperX,3228,549824364544.0,98.7839033018868,13568,10176,1073741824.0,107374182.4
HyperX,3229,549824364544.0,98.79127358490565,13568,10176,1073741824.0,107374182.4
HyperX,3230,549824364544.0,98.79864386792453,13568,10176,1073741824.0,107374182.4
HyperX,3231,549824364544.0,98.8060141509434,13568,10176,1073741824.0,107374182.4
HyperX,3232,549824364544.0,98.81338443396226,13568,10176,1073741824.0,107374182.4
HyperX,3233,549824364544.0,98.82075471698113,13568,10176,1073741824.0,107374182.4
HyperX,3234,549824364544.0,98.828125,13568,10176,1073741824.0,107374182.4
HyperX,3235,549824364544.0,98.83549528301887,13568,10176,1073741824.0,107374182.4
HyperX,3236,549824364544.0,98.84286556603774,13568,10176,1073741824.0,107374182.4
HyperX,3237,549824364544.0,98.8502358490566,13568,10176,1073741824.0,107374182.4
HyperX,3238,549824364544.0,98.85760613207547,13568,10176,1073741824.0,107374182.4
HyperX,3239,549824364544.0,98.86497641509435,13568,10176,1073741824.0,107374182.4
HyperX,3240,549824364544.0,98.8723466981132,13568,10176,1073741824.0,107374182.4
HyperX,3241,549824364544.0,98.87971698113208,13568,10176,1073741824.0,107374182.4
HyperX,3242,549824364544.0,98.88708726415094,13568,10176,1073741824.0,107374182.4
HyperX,3243,549824364544.0,98.89445754716981,13568,10176,1073741824.0,107374182.4
HyperX,3244,549824364544.0,98.90182783018868,13568,10176,1073741824.0,107374182.4
HyperX,3245,549824364544.0,98.90919811320755,13568,10176,1073741824.0,107374182.4
HyperX,3246,549824364544.0,98.91656839622641,13568,10176,1073741824.0,107374182.4
HyperX,3247,549824364544.0,98.92393867924528,13568,10176,1073741824.0,107374182.4
HyperX,3248,549824364544.0,98.93130896226415,13568,10176,1073741824.0,107374182.4
HyperX,3249,549824364544.0,98.93867924528303,13568,10176,1073741824.0,107374182.4
HyperX,3250,549824364544.0,98.94604952830188,13568,10176,1073741824.0,107374182.4
HyperX,3251,549824364544.0,98.95341981132076,13568,10176,1073741824.0,107374182.4
HyperX,3252,549824364544.0,98.96079009433963,13568,10176,1073741824.0,107374182.4
HyperX,3253,549824364544.0,98.96816037735849,13568,10176,1073741824.0,107374182.4
HyperX,3254,549824364544.0,98.97553066037736,13568,10176,1073741824.0,107374182.4
HyperX,3255,549824364544.0,98.98290094339622,13568,10176,1073741824.0,107374182.4
HyperX,3256,549824364544.0,98.99027122641509,13568,10176,1073741824.0,107374182.4
HyperX,3257,549824364544.0,98.99764150943396,13568,10176,1073741824.0,107374182.4
HyperX,3258,549824364544.0,99.00501179245283,13568,10176,1073741824.0,107374182.4
HyperX,3259,549824364544.0,99.01238207547169,13568,10176,1073741824.0,107374182.4
HyperX,3260,549824364544.0,99.01975235849056,13568,10176,1073741824.0,107374182.4
HyperX,3261,549824364544.0,99.02712264150944,13568,10176,1073741824.0,107374182.4
HyperX,3262,549824364544.0,99.03449292452831,13568,10176,1073741824.0,107374182.4
HyperX,3263,549824364544.0,99.04186320754717,13568,10176,1073741824.0,107374182.4
HyperX,3264,549824364544.0,99.04923349056604,13568,10176,1073741824.0,107374182.4
HyperX,3265,549824364544.0,99.05660377358491,13568,10176,1073741824.0,107374182.4
HyperX,3266,549824364544.0,99.06397405660378,13568,10176,1073741824.0,107374182.4
HyperX,3267,549824364544.0,99.07134433962264,13568,10176,1073741824.0,107374182.4
HyperX,3268,549824364544.0,99.07871462264151,13568,10176,1073741824.0,107374182.4
HyperX,3269,549824364544.0,99.08608490566037,13568,10176,1073741824.0,107374182.4
HyperX,3270,549824364544.0,99.09345518867924,13568,10176,1073741824.0,107374182.4
HyperX,3271,549824364544.0,99.10082547169812,13568,10176,1073741824.0,107374182.4
HyperX,3272,549824364544.0,99.10819575471697,13568,10176,1073741824.0,107374182.4
HyperX,3273,549824364544.0,99.11556603773585,13568,10176,1073741824.0,107374182.4
HyperX,3274,549824364544.0,99.12293632075472,13568,10176,1073741824.0,107374182.4
HyperX,3275,549824364544.0,99.13030660377359,13568,10176,1073741824.0,107374182.4
HyperX,3276,549824364544.0,99.13767688679245,13568,10176,1073741824.0,107374182.4
HyperX,3277,549824364544.0,99.14504716981132,13568,10176,1073741824.0,107374182.4
HyperX,3278,549824364544.0,99.15241745283019,13568,10176,1073741824.0,107374182.4
HyperX,3279,549824364544.0,99.15978773584906,13568,10176,1073741824.0,107374182.4
HyperX,3280,549824364544.0,99.16715801886792,13568,10176,1073741824.0,107374182.4
HyperX,3281,549824364544.0,99.1745283018868,13568,10176,1073741824.0,107374182.4
HyperX,3282,549824364544.0,99.18189858490565,13568,10176,1073741824.0,107374182.4
HyperX,3283,549824364544.0,99.18926886792453,13568,10176,1073741824.0,107374182.4
HyperX,3284,549824364544.0,99.1966391509434,13568,10176,1073741824.0,107374182.4
HyperX,3285,549824364544.0,99.20400943396226,13568,10176,1073741824.0,107374182.4
HyperX,3286,549824364544.0,99.21137971698113,13568,10176,1073741824.0,107374182.4
HyperX,3287,549824364544.0,99.21875,13568,10176,1073741824.0,107374182.4
HyperX,3288,549824364544.0,99.22612028301887,13568,10176,1073741824.0,107374182.4
HyperX,3289,549824364544.0,99.23349056603774,13568,10176,1073741824.0,107374182.4
HyperX,3290,549824364544.0,99.2408608490566,13568,10176,1073741824.0,107374182.4
HyperX,3291,549824364544.0,99.24823113207547,13568,10176,1073741824.0,107374182.4
HyperX,3292,549824364544.0,99.25560141509435,13568,10176,1073741824.0,107374182.4
HyperX,3293,549824364544.0,99.2629716981132,13568,10176,1073741824.0,107374182.4
HyperX,3294,549824364544.0,99.27034198113208,13568,10176,1073741824.0,107374182.4
HyperX,3295,549824364544.0,99.27771226415094,13568,10176,1073741824.0,107374182.4
HyperX,3296,549824364544.0,99.28508254716981,13568,10176,1073741824.0,107374182.4
HyperX,3297,549824364544.0,99.29245283018868,13568,10176,1073741824.0,107374182.4
HyperX,3298,549824364544.0,99.29982311320755,13568,10176,1073741824.0,107374182.4
HyperX,3299,549824364544.0,99.30719339622641,13568,10176,1073741824.0,107374182.4
HyperX,3300,549824364544.0,99.31456367924528,13568,10176,1073741824.0,107374182.4
HyperX,3301,549824364544.0,99.32193396226415,13568,10176,1073741824.0,107374182.4
HyperX,3302,549824364544.0,99.32930424528303,13568,10176,1073741824.0,107374182.4
HyperX,3303,549824364544.0,99.33667452830188,13568,10176,1073741824.0,107374182.4
HyperX,3304,549824364544.0,99.34404481132076,13568,10176,1073741824.0,107374182.4
HyperX,3305,549824364544.0,99.35141509433963,13568,10176,1073741824.0,107374182.4
HyperX,3306,549824364544.0,99.35878537735849,13568,10176,1073741824.0,107374182.4
HyperX,3307,549824364544.0,99.36615566037736,13568,10176,1073741824.0,107374182.4
HyperX,3308,549824364544.0,99.37352594339622,13568,10176,1073741824.0,107374182.4
HyperX,3309,549824364544.0,99.38089622641509,13568,10176,1073741824.0,107374182.4
HyperX,3310,549824364544.0,99.38826650943396,13568,10176,1073741824.0,107374182.4
HyperX,3311,549824364544.0,99.39563679245283,13568,10176,1073741824.0,107374182.4
HyperX,3312,549824364544.0,99.40300707547169,13568,10176,1073741824.0,107374182.4
HyperX,3313,549824364544.0,99.41037735849056,13568,10176,1073741824.0,107374182.4
HyperX,3314,549824364544.0,99.41774764150944,13568,10176,1073741824.0,107374182.4
HyperX,3315,549824364544.0,99.42511792452831,13568,10176,1073741824.0,107374182.4
HyperX,3316,549824364544.0,99.43248820754717,13568,10176,1073741824.0,107374182.4
HyperX,3317,549824364544.0,99.43985849056604,13568,10176,1073741824.0,107374182.4
HyperX,3318,549824364544.0,99.44722877358491,13568,10176,1073741824.0,107374182.4
HyperX,3319,549824364544.0,99.45459905660378,13568,10176,1073741824.0,107374182.4
HyperX,3320,549824364544.0,99.46196933962264,13568,10176,1073741824.0,107374182.4
HyperX,3321,549824364544.0,99.46933962264151,13568,10176,1073741824.0,107374182.4
HyperX,3322,549824364544.0,99.47670990566037,13568,10176,1073741824.0,107374182.4
HyperX,3323,549824364544.0,99.48408018867924,13568,10176,1073741824.0,107374182.4
HyperX,3324,549824364544.0,99.49145047169812,13568,10176,1073741824.0,107374182.4
HyperX,3325,549824364544.0,99.49882075471697,13568,10176,1073741824.0,107374182.4
HyperX,3326,549824364544.0,99.50619103773585,13568,10176,1073741824.0,107374182.4
HyperX,3327,549824364544.0,99.51356132075472,13568,10176,1073741824.0,107374182.4
HyperX,3328,549824364544.0,99.52093160377359,13568,10176,1073741824.0,107374182.4
HyperX,3329,549824364544.0,99.52830188679245,13568,10176,1073741824.0,107374182.4
HyperX,3330,549824364544.0,99.53567216981132,13568,10176,1073741824.0,107374182.4
HyperX,3331,549824364544.0,99.54304245283019,13568,10176,1073741824.0,107374182.4
HyperX,3332,549824364544.0,99.55041273584906,13568,10176,1073741824.0,107374182.4
HyperX,3333,549824364544.0,99.55778301886792,13568,10176,1073741824.0,107374182.4
HyperX,3334,549824364544.0,99.5651533018868,13568,10176,1073741824.0,107374182.4
HyperX,3335,549824364544.0,99.57252358490565,13568,10176,1073741824.0,107374182.4
HyperX,3336,549824364544.0,99.57989386792453,13568,10176,1073741824.0,107374182.4
HyperX,3337,549824364544.0,99.5872641509434,13568,10176,1073741824.0,107374182.4
HyperX,3338,549824364544.0,99.59463443396226,13568,10176,1073741824.0,107374182.4
HyperX,3339,549824364544.0,99.60200471698113,13568,10176,1073741824.0,107374182.4
HyperX,3340,549824364544.0,99.609375,13568,10176,1073741824.0,107374182.4
HyperX,3341,549824364544.0,99.61674528301887,13568,10176,1073741824.0,107374182.4
HyperX,3342,549824364544.0,99.62411556603774,13568,10176,1073741824.0,107374182.4
HyperX,3343,549824364544.0,99.6314858490566,13568,10176,1073741824.0,107374182.4
HyperX,3344,549824364544.0,99.63885613207547,13568,10176,1073741824.0,107374182.4
HyperX,3345,549824364544.0,99.64622641509435,13568,10176,1073741824.0,107374182.4
HyperX,3346,549824364544.0,99.6535966981132,13568,10176,1073741824.0,107374182.4
HyperX,3347,549824364544.0,99.66096698113208,13568,10176,1073741824.0,107374182.4
HyperX,3348,549824364544.0,99.66833726415094,13568,10176,1073741824.0,107374182.4
HyperX,3349,549824364544.0,99.67570754716981,13568,10176,1073741824.0,107374182.4
HyperX,3350,549824364544.0,99.68307783018868,13568,10176,1073741824.0,107374182.4
HyperX,3351,549824364544.0,99.69044811320755,13568,10176,1073741824.0,107374182.4
HyperX,3352,549824364544.0,99.69781839622641,13568,10176,1073741824.0,107374182.4
HyperX,3353,549824364544.0,99.70518867924528,13568,10176,1073741824.0,107374182.4
HyperX,3354,549824364544.0,99.71255896226415,13568,10176,1073741824.0,107374182.4
HyperX,3355,549824364544.0,99.71992924528303,13568,10176,1073741824.0,107374182.4
HyperX,3356,549824364544.0,99.72729952830188,13568,10176,1073741824.0,107374182.4
HyperX,3357,549824364544.0,99.73466981132076,13568,10176,1073741824.0,107374182.4
HyperX,3358,549824364544.0,99.74204009433963,13568,10176,1073741824.0,107374182.4
HyperX,3359,549824364544.0,99.74941037735849,13568,10176,1073741824.0,107374182.4
HyperX,3360,549824364544.0,99.75678066037736,13568,10176,1073741824.0,107374182.4
HyperX,3361,549824364544.0,99.76415094339622,13568,10176,1073741824.0,107374182.4
HyperX,3362,549824364544.0,99.77152122641509,13568,10176,1073741824.0,107374182.4
HyperX,3363,549824364544.0,99.77889150943396,13568,10176,1073741824.0,107374182.4
HyperX,3364,549824364544.0,99.78626179245283,13568,10176,1073741824.0,107374182.4
HyperX,3365,549824364544.0,99.79363207547169,13568,10176,1073741824.0,107374182.4
HyperX,3366,549824364544.0,99.80100235849056,13568,10176,1073741824.0,107374182.4
HyperX,3367,549824364544.0,99.80837264150944,13568,10176,1073741824.0,107374182.4
HyperX,3368,549824364544.0,99.81574292452831,13568,10176,1073741824.0,107374182.4
HyperX,3369,549824364544.0,99.82311320754717,13568,10176,1073741824.0,107374182.4
HyperX,3370,549824364544.0,99.83048349056604,13568,10176,1073741824.0,107374182.4
HyperX,3371,549824364544.0,99.83785377358491,13568,10176,1073741824.0,107374182.4
HyperX,3372,549824364544.0,99.84522405660378,13568,10176,1073741824.0,107374182.4
HyperX,3373,549824364544.0,99.85259433962264,13568,10176,1073741824.0,107374182.4
HyperX,3374,549824364544.0,99.85996462264151,13568,10176,1073741824.0,107374182.4
HyperX,3375,549824364544.0,99.86733490566037,13568,10176,1073741824.0,107374182.4
HyperX,3376,549824364544.0,99.87470518867924,13568,10176,1073741824.0,107374182.4
HyperX,3377,549824364544.0,99.88207547169812,13568,10176,1073741824.0,107374182.4
HyperX,3378,549824364544.0,99.88944575471697,13568,10176,1073741824.0,107374182.4
HyperX,3379,549824364544.0,99.89681603773585,13568,10176,1073741824.0,107374182.4
HyperX,3380,549824364544.0,99.90418632075472,13568,10176,1073741824.0,107374182.4
HyperX,3381,549824364544.0,99.91155660377359,13568,10176,1073741824.0,107374182.4
HyperX,3382,549824364544.0,99.91892688679245,13568,10176,1073741824.0,107374182.4
HyperX,3383,549824364544.0,99.92629716981132,13568,10176,1073741824.0,107374182.4
HyperX,3384,549824364544.0,99.93366745283019,13568,10176,1073741824.0,107374182.4
HyperX,3385,549824364544.0,99.94103773584906,13568,10176,1073741824.0,107374182.4
HyperX,3386,549824364544.0,99.94840801886792,13568,10176,1073741824.0,107374182.4
HyperX,3387,549824364544.0,99.9557783018868,13568,10176,1073741824.0,107374182.4
HyperX,3388,549824364544.0,99.96314858490565,13568,10176,1073741824.0,107374182.4
HyperX,3389,549824364544.0,99.97051886792453,13568,10176,1073741824.0,107374182.4
HyperX,3390,549824364544.0,99.9778891509434,13568,10176,1073741824.0,107374182.4
HyperX,3391,549824364544.0,99.98525943396226,13568,10176,1073741824.0,107374182.4
HyperX,3392,549824364544.0,99.99262971698113,13568,10176,1073741824.0,107374182.4
HyperX,3393,549824364544.0,100.0,13568,10176,1073741824.0,107374182.4
Dragonfly+,0,107374182.4,0.0,14208,9792,1073741824.0,107374182.4
Dragonfly+,1,1073741824.0,0.0,14208,9792,1073741824.0,107374182.4
Dragonfly+,2,1073741824.0,68.9259572072072,14208,9792,1073741824.0,107374182.4
Dragonfly+,3,1073741824.0,68.9329954954955,14208,9792,1073741824.0,107374182.4
Dragonfly+,4,1073741824.0,68.94003378378379,14208,9792,1073741824.0,107374182.4
Dragonfly+,5,1073741824.0,68.94707207207207,14208,9792,1073741824.0,107374182.4
Dragonfly+,6,1073741824.0,68.95411036036036,14208,9792,1073741824.0,107374182.4
Dragonfly+,7,1073741824.0,68.96114864864865,14208,9792,1073741824.0,107374182.4
Dragonfly+,8,1073741824.0,68.96818693693693,14208,9792,1073741824.0,107374182.4
Dragonfly+,9,1073741824.0,68.97522522522522,14208,9792,1073741824.0,107374182.4
Dragonfly+,10,1073741824.0,68.98226351351352,14208,9792,1073741824.0,107374182.4
Dragonfly+,11,1073741824.0,68.9893018018018,14208,9792,1073741824.0,107374182.4
Dragonfly+,12,1073741824.0,68.99634009009009,14208,9792,1073741824.0,107374182.4
Dragonfly+,13,1073741824.0,69.00337837837837,14208,9792,1073741824.0,107374182.4
Dragonfly+,14,1073741824.0,69.01041666666666,14208,9792,1073741824.0,107374182.4
Dragonfly+,15,1073741824.0,69.01745495495496,14208,9792,1073741824.0,107374182.4
Dragonfly+,16,1073741824.0,69.02449324324324,14208,9792,1073741824.0,107374182.4
Dragonfly+,17,1073741824.0,69.03153153153153,14208,9792,1073741824.0,107374182.4
Dragonfly+,18,1073741824.0,69.03856981981981,14208,9792,1073741824.0,107374182.4
Dragonfly+,19,1073741824.0,69.0456081081081,14208,9792,1073741824.0,107374182.4
Dragonfly+,20,1073741824.0,69.0526463963964,14208,9792,1073741824.0,107374182.4
Dragonfly+,21,1073741824.0,69.05968468468468,14208,9792,1073741824.0,107374182.4
Dragonfly+,22,1073741824.0,69.06672297297297,14208,9792,1073741824.0,107374182.4
Dragonfly+,23,1073741824.0,69.07376126126125,14208,9792,1073741824.0,107374182.4
Dragonfly+,24,1073741824.0,69.08079954954955,14208,9792,1073741824.0,107374182.4
Dragonfly+,25,1073741824.0,69.08783783783784,14208,9792,1073741824.0,107374182.4
Dragonfly+,26,1073741824.0,69.09487612612612,14208,9792,1073741824.0,107374182.4
Dragonfly+,27,1073741824.0,69.10191441441441,14208,9792,1073741824.0,107374182.4
Dragonfly+,28,1073741824.0,69.1089527027027,14208,9792,1073741824.0,107374182.4
Dragonfly+,29,1073741824.0,69.115990990991,14208,9792,1073741824.0,107374182.4
Dragonfly+,30,1073741824.0,69.12302927927928,14208,9792,1073741824.0,107374182.4
Dragonfly+,31,1073741824.0,69.13006756756756,14208,9792,1073741824.0,107374182.4
Dragonfly+,32,1073741824.0,69.13710585585585,14208,9792,1073741824.0,107374182.4
Dragonfly+,33,1073741824.0,69.14414414414415,14208,9792,1073741824.0,107374182.4
Dragonfly+,34,1073741824.0,69.15118243243244,14208,9792,1073741824.0,107374182.4
Dragonfly+,35,1073741824.0,69.15822072072072,14208,9792,1073741824.0,107374182.4
Dragonfly+,36,1073741824.0,69.165259009009,14208,9792,1073741824.0,107374182.4
Dragonfly+,37,1073741824.0,69.1722972972973,14208,9792,1073741824.0,107374182.4
Dragonfly+,38,1073741824.0,69.17933558558559,14208,9792,1073741824.0,107374182.4
Dragonfly+,39,1073741824.0,69.18637387387388,14208,9792,1073741824.0,107374182.4
Dragonfly+,40,1073741824.0,69.19341216216216,14208,9792,1073741824.0,107374182.4
Dragonfly+,41,1073741824.0,69.20045045045045,14208,9792,1073741824.0,107374182.4
Dragonfly+,42,1073741824.0,69.20748873873875,14208,9792,1073741824.0,107374182.4
Dragonfly+,43,1073741824.0,69.21452702702703,14208,9792,1073741824.0,107374182.4
Dragonfly+,44,1073741824.0,69.22156531531532,14208,9792,1073741824.0,107374182.4
Dragonfly+,45,1073741824.0,69.2286036036036,14208,9792,1073741824.0,107374182.4
Dragonfly+,46,1073741824.0,69.2356418918919,14208,9792,1073741824.0,107374182.4
Dragonfly+,47,1073741824.0,69.24268018018019,14208,9792,1073741824.0,107374182.4
Dragonfly+,48,1073741824.0,69.24971846846847,14208,9792,1073741824.0,107374182.4
Dragonfly+,49,1073741824.0,69.25675675675676,14208,9792,1073741824.0,107374182.4
Dragonfly+,50,1073741824.0,69.26379504504504,14208,9792,1073741824.0,107374182.4
Dragonfly+,51,1073741824.0,69.27083333333334,14208,9792,1073741824.0,107374182.4
Dragonfly+,52,1073741824.0,69.27787162162163,14208,9792,1073741824.0,107374182.4
Dragonfly+,53,1073741824.0,69.28490990990991,14208,9792,1073741824.0,107374182.4
Dragonfly+,54,1073741824.0,69.2919481981982,14208,9792,1073741824.0,107374182.4
Dragonfly+,55,1073741824.0,69.29898648648648,14208,9792,1073741824.0,107374182.4
Dragonfly+,56,1073741824.0,69.30602477477478,14208,9792,1073741824.0,107374182.4
Dragonfly+,57,1073741824.0,69.31306306306307,14208,9792,1073741824.0,107374182.4
Dragonfly+,58,1073741824.0,69.32010135135135,14208,9792,1073741824.0,107374182.4
Dragonfly+,59,1073741824.0,69.32713963963964,14208,9792,1073741824.0,107374182.4
Dragonfly+,60,1073741824.0,69.33417792792793,14208,9792,1073741824.0,107374182.4
Dragonfly+,61,1073741824.0,69.34121621621621,14208,9792,1073741824.0,107374182.4
Dragonfly+,62,1073741824.0,69.3482545045045,14208,9792,1073741824.0,107374182.4
Dragonfly+,63,1073741824.0,69.3552927927928,14208,9792,1073741824.0,107374182.4
Dragonfly+,64,1073741824.0,69.36233108108108,14208,9792,1073741824.0,107374182.4
Dragonfly+,65,1073741824.0,69.36936936936937,14208,9792,1073741824.0,107374182.4
Dragonfly+,66,1073741824.0,69.37640765765765,14208,9792,1073741824.0,107374182.4
Dragonfly+,67,1073741824.0,69.38344594594594,14208,9792,1073741824.0,107374182.4
Dragonfly+,68,1073741824.0,69.39048423423422,14208,9792,1073741824.0,107374182.4
Dragonfly+,69,1073741824.0,69.39752252252252,14208,9792,1073741824.0,107374182.4
Dragonfly+,70,1073741824.0,69.4045608108108,14208,9792,1073741824.0,107374182.4
Dragonfly+,71,1073741824.0,69.41159909909909,14208,9792,1073741824.0,107374182.4
Dragonfly+,72,1073741824.0,69.41863738738738,14208,9792,1073741824.0,107374182.4
Dragonfly+,73,1073741824.0,69.42567567567568,14208,9792,1073741824.0,107374182.4
Dragonfly+,74,1073741824.0,69.43271396396396,14208,9792,1073741824.0,107374182.4
Dragonfly+,75,1073741824.0,69.43975225225225,14208,9792,1073741824.0,107374182.4
Dragonfly+,76,1073741824.0,69.44679054054053,14208,9792,1073741824.0,107374182.4
Dragonfly+,77,1073741824.0,69.45382882882883,14208,9792,1073741824.0,107374182.4
Dragonfly+,78,1073741824.0,69.46086711711712,14208,9792,1073741824.0,107374182.4
Dragonfly+,79,1073741824.0,69.4679054054054,14208,9792,1073741824.0,107374182.4
Dragonfly+,80,1073741824.0,69.47494369369369,14208,9792,1073741824.0,107374182.4
Dragonfly+,81,1073741824.0,69.48198198198197,14208,9792,1073741824.0,107374182.4
Dragonfly+,82,1073741824.0,69.48902027027027,14208,9792,1073741824.0,107374182.4
Dragonfly+,83,1073741824.0,69.49605855855856,14208,9792,1073741824.0,107374182.4
Dragonfly+,84,1073741824.0,69.50309684684684,14208,9792,1073741824.0,107374182.4
Dragonfly+,85,1073741824.0,69.51013513513513,14208,9792,1073741824.0,107374182.4
Dragonfly+,86,1073741824.0,69.51717342342343,14208,9792,1073741824.0,107374182.4
Dragonfly+,87,1073741824.0,69.52421171171171,14208,9792,1073741824.0,107374182.4
Dragonfly+,88,1073741824.0,69.53125,14208,9792,1073741824.0,107374182.4
Dragonfly+,89,1073741824.0,69.53828828828829,14208,9792,1073741824.0,107374182.4
Dragonfly+,90,1073741824.0,69.54532657657657,14208,9792,1073741824.0,107374182.4
Dragonfly+,91,1073741824.0,69.55236486486487,14208,9792,1073741824.0,107374182.4
Dragonfly+,92,1073741824.0,69.55940315315316,14208,9792,1073741824.0,107374182.4
Dragonfly+,93,1073741824.0,69.56644144144144,14208,9792,1073741824.0,107374182.4
Dragonfly+,94,1073741824.0,69.57347972972973,14208,9792,1073741824.0,107374182.4
Dragonfly+,95,1073741824.0,69.58051801801803,14208,9792,1073741824.0,107374182.4
Dragonfly+,96,1073741824.0,69.58755630630631,14208,9792,1073741824.0,107374182.4
Dragonfly+,97,1073741824.0,69.5945945945946,14208,9792,1073741824.0,107374182.4
Dragonfly+,98,1073741824.0,69.60163288288288,14208,9792,1073741824.0,107374182.4
Dragonfly+,99,1073741824.0,69.60867117117117,14208,9792,1073741824.0,107374182.4
Dragonfly+,100,1073741824.0,69.61570945945947,14208,9792,1073741824.0,107374182.4
Dragonfly+,101,1073741824.0,69.62274774774775,14208,9792,1073741824.0,107374182.4
Dragonfly+,102,1073741824.0,69.62978603603604,14208,9792,1073741824.0,107374182.4
Dragonfly+,103,1073741824.0,69.63682432432432,14208,9792,1073741824.0,107374182.4
Dragonfly+,104,1073741824.0,69.64386261261262,14208,9792,1073741824.0,107374182.4
Dragonfly+,105,1073741824.0,69.65090090090091,14208,9792,1073741824.0,107374182.4
Dragonfly+,106,1073741824.0,69.6579391891892,14208,9792,1073741824.0,107374182.4
Dragonfly+,107,1073741824.0,69.66497747747748,14208,9792,1073741824.0,107374182.4
Dragonfly+,108,1073741824.0,69.67201576576578,14208,9792,1073741824.0,107374182.4
Dragonfly+,109,1073741824.0,69.67905405405406,14208,9792,1073741824.0,107374182.4
Dragonfly+,110,1073741824.0,69.68609234234235,14208,9792,1073741824.0,107374182.4
Dragonfly+,111,1073741824.0,69.69313063063063,14208,9792,1073741824.0,107374182.4
Dragonfly+,112,1073741824.0,69.70016891891892,14208,9792,1073741824.0,107374182.4
Dragonfly+,113,1073741824.0,69.7072072072072,14208,9792,1073741824.0,107374182.4
Dragonfly+,114,1073741824.0,69.7142454954955,14208,9792,1073741824.0,107374182.4
Dragonfly+,115,1073741824.0,69.72128378378379,14208,9792,1073741824.0,107374182.4
Dragonfly+,116,1073741824.0,69.72832207207207,14208,9792,1073741824.0,107374182.4
Dragonfly+,117,1073741824.0,69.73536036036036,14208,9792,1073741824.0,107374182.4
Dragonfly+,118,1073741824.0,69.74239864864865,14208,9792,1073741824.0,107374182.4
Dragonfly+,119,1073741824.0,69.74943693693693,14208,9792,1073741824.0,107374182.4
Dragonfly+,120,1073741824.0,69.75647522522522,14208,9792,1073741824.0,107374182.4
Dragonfly+,121,1073741824.0,69.76351351351352,14208,9792,1073741824.0,107374182.4
Dragonfly+,122,1073741824.0,69.7705518018018,14208,9792,1073741824.0,107374182.4
Dragonfly+,123,1073741824.0,69.77759009009009,14208,9792,1073741824.0,107374182.4
Dragonfly+,124,1073741824.0,69.78462837837837,14208,9792,1073741824.0,107374182.4
Dragonfly+,125,1073741824.0,69.79166666666666,14208,9792,1073741824.0,107374182.4
Dragonfly+,126,1073741824.0,69.79870495495496,14208,9792,1073741824.0,107374182.4
Dragonfly+,127,1073741824.0,69.80574324324324,14208,9792,1073741824.0,107374182.4
Dragonfly+,128,1073741824.0,69.81278153153153,14208,9792,1073741824.0,107374182.4
Dragonfly+,129,1073741824.0,69.81981981981981,14208,9792,1073741824.0,107374182.4
Dragonfly+,130,1073741824.0,69.8268581081081,14208,9792,1073741824.0,107374182.4
Dragonfly+,131,1073741824.0,69.8338963963964,14208,9792,1073741824.0,107374182.4
Dragonfly+,132,1073741824.0,69.84093468468468,14208,9792,1073741824.0,107374182.4
Dragonfly+,133,1073741824.0,69.84797297297297,14208,9792,1073741824.0,107374182.4
Dragonfly+,134,1073741824.0,69.85501126126125,14208,9792,1073741824.0,107374182.4
Dragonfly+,135,1073741824.0,69.86204954954955,14208,9792,1073741824.0,107374182.4
Dragonfly+,136,1073741824.0,69.86908783783784,14208,9792,1073741824.0,107374182.4
Dragonfly+,137,1073741824.0,69.87612612612612,14208,9792,1073741824.0,107374182.4
Dragonfly+,138,1073741824.0,69.88316441441441,14208,9792,1073741824.0,107374182.4
Dragonfly+,139,1073741824.0,69.8902027027027,14208,9792,1073741824.0,107374182.4
Dragonfly+,140,1073741824.0,69.897240990991,14208,9792,1073741824.0,107374182.4
Dragonfly+,141,1073741824.0,69.90427927927928,14208,9792,1073741824.0,107374182.4
Dragonfly+,142,1073741824.0,69.91131756756756,14208,9792,1073741824.0,107374182.4
Dragonfly+,143,1073741824.0,69.91835585585585,14208,9792,1073741824.0,107374182.4
Dragonfly+,144,1073741824.0,69.92539414414415,14208,9792,1073741824.0,107374182.4
Dragonfly+,145,1073741824.0,69.93243243243244,14208,9792,1073741824.0,107374182.4
Dragonfly+,146,1073741824.0,69.93947072072072,14208,9792,1073741824.0,107374182.4
Dragonfly+,147,1073741824.0,69.946509009009,14208,9792,1073741824.0,107374182.4
Dragonfly+,148,1073741824.0,69.9535472972973,14208,9792,1073741824.0,107374182.4
Dragonfly+,149,1073741824.0,69.96058558558559,14208,9792,1073741824.0,107374182.4
Dragonfly+,150,1073741824.0,69.96762387387388,14208,9792,1073741824.0,107374182.4
Dragonfly+,151,1073741824.0,69.97466216216216,14208,9792,1073741824.0,107374182.4
Dragonfly+,152,1073741824.0,69.98170045045045,14208,9792,1073741824.0,107374182.4
Dragonfly+,153,1073741824.0,69.98873873873875,14208,9792,1073741824.0,107374182.4
Dragonfly+,154,1073741824.0,69.99577702702703,14208,9792,1073741824.0,107374182.4
Dragonfly+,155,1073741824.0,70.00281531531532,14208,9792,1073741824.0,107374182.4
Dragonfly+,156,1073741824.0,70.0098536036036,14208,9792,1073741824.0,107374182.4
Dragonfly+,157,1073741824.0,70.0168918918919,14208,9792,1073741824.0,107374182.4
Dragonfly+,158,1073741824.0,70.02393018018019,14208,9792,1073741824.0,107374182.4
Dragonfly+,159,1073741824.0,70.03096846846847,14208,9792,1073741824.0,107374182.4
Dragonfly+,160,1073741824.0,70.03800675675676,14208,9792,1073741824.0,107374182.4
Dragonfly+,161,1073741824.0,70.04504504504504,14208,9792,1073741824.0,107374182.4
Dragonfly+,162,1073741824.0,70.05208333333334,14208,9792,1073741824.0,107374182.4
Dragonfly+,163,1073741824.0,70.05912162162163,14208,9792,1073741824.0,107374182.4
Dragonfly+,164,1073741824.0,70.06615990990991,14208,9792,1073741824.0,107374182.4
Dragonfly+,165,1073741824.0,70.0731981981982,14208,9792,1073741824.0,107374182.4
Dragonfly+,166,1073741824.0,70.08023648648648,14208,9792,1073741824.0,107374182.4
Dragonfly+,167,1073741824.0,70.08727477477478,14208,9792,1073741824.0,107374182.4
Dragonfly+,168,1073741824.0,70.09431306306307,14208,9792,1073741824.0,107374182.4
Dragonfly+,169,1073741824.0,70.10135135135135,14208,9792,1073741824.0,107374182.4
Dragonfly+,170,1073741824.0,70.10838963963964,14208,9792,1073741824.0,107374182.4
Dragonfly+,171,1073741824.0,70.11542792792793,14208,9792,1073741824.0,107374182.4
Dragonfly+,172,1073741824.0,70.12246621621621,14208,9792,1073741824.0,107374182.4
Dragonfly+,173,1073741824.0,70.1295045045045,14208,9792,1073741824.0,107374182.4
Dragonfly+,174,1073741824.0,70.1365427927928,14208,9792,1073741824.0,107374182.4
Dragonfly+,175,1073741824.0,70.14358108108108,14208,9792,1073741824.0,107374182.4
Dragonfly+,176,1073741824.0,70.15061936936937,14208,9792,1073741824.0,107374182.4
Dragonfly+,177,1073741824.0,70.15765765765765,14208,9792,1073741824.0,107374182.4
Dragonfly+,178,1073741824.0,70.16469594594594,14208,9792,1073741824.0,107374182.4
Dragonfly+,179,1073741824.0,70.17173423423422,14208,9792,1073741824.0,107374182.4
Dragonfly+,180,1073741824.0,70.17877252252252,14208,9792,1073741824.0,107374182.4
Dragonfly+,181,1073741824.0,70.1858108108108,14208,9792,1073741824.0,107374182.4
Dragonfly+,182,1073741824.0,70.19284909909909,14208,9792,1073741824.0,107374182.4
Dragonfly+,183,1073741824.0,70.19988738738738,14208,9792,1073741824.0,107374182.4
Dragonfly+,184,1073741824.0,70.20692567567568,14208,9792,1073741824.0,107374182.4
Dragonfly+,185,1073741824.0,70.21396396396396,14208,9792,1073741824.0,107374182.4
Dragonfly+,186,1073741824.0,70.22100225225225,14208,9792,1073741824.0,107374182.4
Dragonfly+,187,1073741824.0,70.22804054054053,14208,9792,1073741824.0,107374182.4
Dragonfly+,188,1073741824.0,70.23507882882883,14208,9792,1073741824.0,107374182.4
Dragonfly+,189,1073741824.0,70.24211711711712,14208,9792,1073741824.0,107374182.4
Dragonfly+,190,1073741824.0,70.2491554054054,14208,9792,1073741824.0,107374182.4
Dragonfly+,191,1073741824.0,70.25619369369369,14208,9792,1073741824.0,107374182.4
Dragonfly+,192,1073741824.0,70.26323198198197,14208,9792,1073741824.0,107374182.4
Dragonfly+,193,1073741824.0,70.27027027027027,14208,9792,1073741824.0,107374182.4
Dragonfly+,194,11640209408.0,70.27730855855856,14208,9792,1073741824.0,107374182.4
Dragonfly+,195,11640209408.0,70.28434684684684,14208,9792,1073741824.0,107374182.4
Dragonfly+,196,11640209408.0,70.29138513513513,14208,9792,1073741824.0,107374182.4
Dragonfly+,197,11640209408.0,70.29842342342343,14208,9792,1073741824.0,107374182.4
Dragonfly+,198,11640209408.0,70.30546171171171,14208,9792,1073741824.0,107374182.4
Dragonfly+,199,11640209408.0,70.3125,14208,9792,1073741824.0,107374182.4
Dragonfly+,200,11640209408.0,70.31953828828829,14208,9792,1073741824.0,107374182.4
Dragonfly+,201,11640209408.0,70.32657657657657,14208,9792,1073741824.0,107374182.4
Dragonfly+,202,11640209408.0,70.33361486486487,14208,9792,1073741824.0,107374182.4
Dragonfly+,203,11640209408.0,70.34065315315316,14208,9792,1073741824.0,107374182.4
Dragonfly+,204,11640209408.0,70.34769144144144,14208,9792,1073741824.0,107374182.4
Dragonfly+,205,11640209408.0,70.35472972972973,14208,9792,1073741824.0,107374182.4
Dragonfly+,206,11640209408.0,70.36176801801803,14208,9792,1073741824.0,107374182.4
Dragonfly+,207,11640209408.0,70.36880630630631,14208,9792,1073741824.0,107374182.4
Dragonfly+,208,11640209408.0,70.3758445945946,14208,9792,1073741824.0,107374182.4
Dragonfly+,209,11640209408.0,70.38288288288288,14208,9792,1073741824.0,107374182.4
Dragonfly+,210,11640209408.0,70.38992117117117,14208,9792,1073741824.0,107374182.4
Dragonfly+,211,11640209408.0,70.39695945945947,14208,9792,1073741824.0,107374182.4
Dragonfly+,212,11640209408.0,70.40399774774775,14208,9792,1073741824.0,107374182.4
Dragonfly+,213,11640209408.0,70.41103603603604,14208,9792,1073741824.0,107374182.4
Dragonfly+,214,11640209408.0,70.41807432432432,14208,9792,1073741824.0,107374182.4
Dragonfly+,215,11640209408.0,70.42511261261262,14208,9792,1073741824.0,107374182.4
Dragonfly+,216,11640209408.0,70.43215090090091,14208,9792,1073741824.0,107374182.4
Dragonfly+,217,11640209408.0,70.4391891891892,14208,9792,1073741824.0,107374182.4
Dragonfly+,218,11640209408.0,70.44622747747748,14208,9792,1073741824.0,107374182.4
Dragonfly+,219,11640209408.0,70.45326576576578,14208,9792,1073741824.0,107374182.4
Dragonfly+,220,11640209408.0,70.46030405405406,14208,9792,1073741824.0,107374182.4
Dragonfly+,221,11640209408.0,70.46734234234235,14208,9792,1073741824.0,107374182.4
Dragonfly+,222,11640209408.0,70.47438063063063,14208,9792,1073741824.0,107374182.4
Dragonfly+,223,11640209408.0,70.48141891891892,14208,9792,1073741824.0,107374182.4
Dragonfly+,224,11640209408.0,70.4884572072072,14208,9792,1073741824.0,107374182.4
Dragonfly+,225,11640209408.0,70.4954954954955,14208,9792,1073741824.0,107374182.4
Dragonfly+,226,11640209408.0,70.50253378378379,14208,9792,1073741824.0,107374182.4
Dragonfly+,227,11640209408.0,70.50957207207207,14208,9792,1073741824.0,107374182.4
Dragonfly+,228,11640209408.0,70.51661036036036,14208,9792,1073741824.0,107374182.4
Dragonfly+,229,11640209408.0,70.52364864864865,14208,9792,1073741824.0,107374182.4
Dragonfly+,230,11640209408.0,70.53068693693693,14208,9792,1073741824.0,107374182.4
Dragonfly+,231,11640209408.0,70.53772522522522,14208,9792,1073741824.0,107374182.4
Dragonfly+,232,11640209408.0,70.54476351351352,14208,9792,1073741824.0,107374182.4
Dragonfly+,233,11640209408.0,70.5518018018018,14208,9792,1073741824.0,107374182.4
Dragonfly+,234,11640209408.0,70.55884009009009,14208,9792,1073741824.0,107374182.4
Dragonfly+,235,11640209408.0,70.56587837837837,14208,9792,1073741824.0,107374182.4
Dragonfly+,236,11640209408.0,70.57291666666666,14208,9792,1073741824.0,107374182.4
Dragonfly+,237,11640209408.0,70.57995495495496,14208,9792,1073741824.0,107374182.4
Dragonfly+,238,11640209408.0,70.58699324324324,14208,9792,1073741824.0,107374182.4
Dragonfly+,239,11640209408.0,70.59403153153153,14208,9792,1073741824.0,107374182.4
Dragonfly+,240,11640209408.0,70.60106981981981,14208,9792,1073741824.0,107374182.4
Dragonfly+,241,11640209408.0,70.6081081081081,14208,9792,1073741824.0,107374182.4
Dragonfly+,242,11640209408.0,70.6151463963964,14208,9792,1073741824.0,107374182.4
Dragonfly+,243,11640209408.0,70.62218468468468,14208,9792,1073741824.0,107374182.4
Dragonfly+,244,11640209408.0,70.62922297297297,14208,9792,1073741824.0,107374182.4
Dragonfly+,245,11640209408.0,70.63626126126125,14208,9792,1073741824.0,107374182.4
Dragonfly+,246,11640209408.0,70.64329954954955,14208,9792,1073741824.0,107374182.4
Dragonfly+,247,11640209408.0,70.65033783783784,14208,9792,1073741824.0,107374182.4
Dragonfly+,248,11640209408.0,70.65737612612612,14208,9792,1073741824.0,107374182.4
Dragonfly+,249,11640209408.0,70.66441441441441,14208,9792,1073741824.0,107374182.4
Dragonfly+,250,11640209408.0,70.6714527027027,14208,9792,1073741824.0,107374182.4
Dragonfly+,251,11640209408.0,70.678490990991,14208,9792,1073741824.0,107374182.4
Dragonfly+,252,11640209408.0,70.68552927927928,14208,9792,1073741824.0,107374182.4
Dragonfly+,253,11640209408.0,70.69256756756756,14208,9792,1073741824.0,107374182.4
Dragonfly+,254,11640209408.0,70.69960585585585,14208,9792,1073741824.0,107374182.4
Dragonfly+,255,11640209408.0,70.70664414414415,14208,9792,1073741824.0,107374182.4
Dragonfly+,256,11640209408.0,70.71368243243244,14208,9792,1073741824.0,107374182.4
Dragonfly+,257,11640209408.0,70.72072072072072,14208,9792,1073741824.0,107374182.4
Dragonfly+,258,11640209408.0,70.727759009009,14208,9792,1073741824.0,107374182.4
Dragonfly+,259,11640209408.0,70.7347972972973,14208,9792,1073741824.0,107374182.4
Dragonfly+,260,11640209408.0,70.74183558558559,14208,9792,1073741824.0,107374182.4
Dragonfly+,261,11640209408.0,70.74887387387388,14208,9792,1073741824.0,107374182.4
Dragonfly+,262,11640209408.0,70.75591216216216,14208,9792,1073741824.0,107374182.4
Dragonfly+,263,11640209408.0,70.76295045045045,14208,9792,1073741824.0,107374182.4
Dragonfly+,264,11640209408.0,70.76998873873875,14208,9792,1073741824.0,107374182.4
Dragonfly+,265,11640209408.0,70.77702702702703,14208,9792,1073741824.0,107374182.4
Dragonfly+,266,11640209408.0,70.78406531531532,14208,9792,1073741824.0,107374182.4
Dragonfly+,267,11640209408.0,70.7911036036036,14208,9792,1073741824.0,107374182.4
Dragonfly+,268,11640209408.0,70.7981418918919,14208,9792,1073741824.0,107374182.4
Dragonfly+,269,11640209408.0,70.80518018018019,14208,9792,1073741824.0,107374182.4
Dragonfly+,270,11640209408.0,70.81221846846847,14208,9792,1073741824.0,107374182.4
Dragonfly+,271,11640209408.0,70.81925675675676,14208,9792,1073741824.0,107374182.4
Dragonfly+,272,11640209408.0,70.82629504504504,14208,9792,1073741824.0,107374182.4
Dragonfly+,273,11640209408.0,70.83333333333334,14208,9792,1073741824.0,107374182.4
Dragonfly+,274,11640209408.0,70.84037162162163,14208,9792,1073741824.0,107374182.4
Dragonfly+,275,11640209408.0,70.84740990990991,14208,9792,1073741824.0,107374182.4
Dragonfly+,276,11640209408.0,70.8544481981982,14208,9792,1073741824.0,107374182.4
Dragonfly+,277,11640209408.0,70.86148648648648,14208,9792,1073741824.0,107374182.4
Dragonfly+,278,11640209408.0,70.86852477477478,14208,9792,1073741824.0,107374182.4
Dragonfly+,279,11640209408.0,70.87556306306307,14208,9792,1073741824.0,107374182.4
Dragonfly+,280,11640209408.0,70.88260135135135,14208,9792,1073741824.0,107374182.4
Dragonfly+,281,11640209408.0,70.88963963963964,14208,9792,1073741824.0,107374182.4
Dragonfly+,282,11640209408.0,70.89667792792793,14208,9792,1073741824.0,107374182.4
Dragonfly+,283,11640209408.0,70.90371621621621,14208,9792,1073741824.0,107374182.4
Dragonfly+,284,11640209408.0,70.9107545045045,14208,9792,1073741824.0,107374182.4
Dragonfly+,285,11640209408.0,70.9177927927928,14208,9792,1073741824.0,107374182.4
Dragonfly+,286,11640209408.0,70.92483108108108,14208,9792,1073741824.0,107374182.4
Dragonfly+,287,11640209408.0,70.93186936936937,14208,9792,1073741824.0,107374182.4
Dragonfly+,288,11640209408.0,70.93890765765765,14208,9792,1073741824.0,107374182.4
Dragonfly+,289,11640209408.0,70.94594594594594,14208,9792,1073741824.0,107374182.4
Dragonfly+,290,11640209408.0,70.95298423423422,14208,9792,1073741824.0,107374182.4
Dragonfly+,291,11640209408.0,70.96002252252252,14208,9792,1073741824.0,107374182.4
Dragonfly+,292,11640209408.0,70.9670608108108,14208,9792,1073741824.0,107374182.4
Dragonfly+,293,11640209408.0,70.97409909909909,14208,9792,1073741824.0,107374182.4
Dragonfly+,294,11640209408.0,70.98113738738738,14208,9792,1073741824.0,107374182.4
Dragonfly+,295,11640209408.0,70.98817567567568,14208,9792,1073741824.0,107374182.4
Dragonfly+,296,11640209408.0,70.99521396396396,14208,9792,1073741824.0,107374182.4
Dragonfly+,297,11640209408.0,71.00225225225225,14208,9792,1073741824.0,107374182.4
Dragonfly+,298,11640209408.0,71.00929054054053,14208,9792,1073741824.0,107374182.4
Dragonfly+,299,11640209408.0,71.01632882882883,14208,9792,1073741824.0,107374182.4
Dragonfly+,300,11640209408.0,71.02336711711712,14208,9792,1073741824.0,107374182.4
Dragonfly+,301,11640209408.0,71.0304054054054,14208,9792,1073741824.0,107374182.4
Dragonfly+,302,11640209408.0,71.03744369369369,14208,9792,1073741824.0,107374182.4
Dragonfly+,303,11640209408.0,71.04448198198197,14208,9792,1073741824.0,107374182.4
Dragonfly+,304,11640209408.0,71.05152027027027,14208,9792,1073741824.0,107374182.4
Dragonfly+,305,11640209408.0,71.05855855855856,14208,9792,1073741824.0,107374182.4
Dragonfly+,306,11640209408.0,71.06559684684684,14208,9792,1073741824.0,107374182.4
Dragonfly+,307,11640209408.0,71.07263513513513,14208,9792,1073741824.0,107374182.4
Dragonfly+,308,11640209408.0,71.07967342342343,14208,9792,1073741824.0,107374182.4
Dragonfly+,309,11640209408.0,71.08671171171171,14208,9792,1073741824.0,107374182.4
Dragonfly+,310,11640209408.0,71.09375,14208,9792,1073741824.0,107374182.4
Dragonfly+,311,11640209408.0,71.10078828828829,14208,9792,1073741824.0,107374182.4
Dragonfly+,312,11640209408.0,71.10782657657657,14208,9792,1073741824.0,107374182.4
Dragonfly+,313,11640209408.0,71.11486486486487,14208,9792,1073741824.0,107374182.4
Dragonfly+,314,11640209408.0,71.12190315315316,14208,9792,1073741824.0,107374182.4
Dragonfly+,315,11640209408.0,71.12894144144144,14208,9792,1073741824.0,107374182.4
Dragonfly+,316,11640209408.0,71.13597972972973,14208,9792,1073741824.0,107374182.4
Dragonfly+,317,11640209408.0,71.14301801801803,14208,9792,1073741824.0,107374182.4
Dragonfly+,318,11640209408.0,71.15005630630631,14208,9792,1073741824.0,107374182.4
Dragonfly+,319,11640209408.0,71.1570945945946,14208,9792,1073741824.0,107374182.4
Dragonfly+,320,11640209408.0,71.16413288288288,14208,9792,1073741824.0,107374182.4
Dragonfly+,321,11640209408.0,71.17117117117117,14208,9792,1073741824.0,107374182.4
Dragonfly+,322,11640209408.0,71.17820945945947,14208,9792,1073741824.0,107374182.4
Dragonfly+,323,11640209408.0,71.18524774774775,14208,9792,1073741824.0,107374182.4
Dragonfly+,324,11640209408.0,71.19228603603604,14208,9792,1073741824.0,107374182.4
Dragonfly+,325,11640209408.0,71.19932432432432,14208,9792,1073741824.0,107374182.4
Dragonfly+,326,11640209408.0,71.20636261261262,14208,9792,1073741824.0,107374182.4
Dragonfly+,327,11640209408.0,71.21340090090091,14208,9792,1073741824.0,107374182.4
Dragonfly+,328,11640209408.0,71.2204391891892,14208,9792,1073741824.0,107374182.4
Dragonfly+,329,11640209408.0,71.22747747747748,14208,9792,1073741824.0,107374182.4
Dragonfly+,330,11640209408.0,71.23451576576578,14208,9792,1073741824.0,107374182.4
Dragonfly+,331,11640209408.0,71.24155405405406,14208,9792,1073741824.0,107374182.4
Dragonfly+,332,11640209408.0,71.24859234234235,14208,9792,1073741824.0,107374182.4
Dragonfly+,333,11640209408.0,71.25563063063063,14208,9792,1073741824.0,107374182.4
Dragonfly+,334,11640209408.0,71.26266891891892,14208,9792,1073741824.0,107374182.4
Dragonfly+,335,11640209408.0,71.2697072072072,14208,9792,1073741824.0,107374182.4
Dragonfly+,336,11640209408.0,71.2767454954955,14208,9792,1073741824.0,107374182.4
Dragonfly+,337,11640209408.0,71.28378378378379,14208,9792,1073741824.0,107374182.4
Dragonfly+,338,11640209408.0,71.29082207207207,14208,9792,1073741824.0,107374182.4
Dragonfly+,339,11640209408.0,71.29786036036036,14208,9792,1073741824.0,107374182.4
Dragonfly+,340,11640209408.0,71.30489864864865,14208,9792,1073741824.0,107374182.4
Dragonfly+,341,11640209408.0,71.31193693693693,14208,9792,1073741824.0,107374182.4
Dragonfly+,342,11640209408.0,71.31897522522522,14208,9792,1073741824.0,107374182.4
Dragonfly+,343,11640209408.0,71.32601351351352,14208,9792,1073741824.0,107374182.4
Dragonfly+,344,11640209408.0,71.3330518018018,14208,9792,1073741824.0,107374182.4
Dragonfly+,345,11640209408.0,71.34009009009009,14208,9792,1073741824.0,107374182.4
Dragonfly+,346,11640209408.0,71.34712837837837,14208,9792,1073741824.0,107374182.4
Dragonfly+,347,11640209408.0,71.35416666666666,14208,9792,1073741824.0,107374182.4
Dragonfly+,348,11640209408.0,71.36120495495496,14208,9792,1073741824.0,107374182.4
Dragonfly+,349,11640209408.0,71.36824324324324,14208,9792,1073741824.0,107374182.4
Dragonfly+,350,11640209408.0,71.37528153153153,14208,9792,1073741824.0,107374182.4
Dragonfly+,351,11640209408.0,71.38231981981981,14208,9792,1073741824.0,107374182.4
Dragonfly+,352,11640209408.0,71.3893581081081,14208,9792,1073741824.0,107374182.4
Dragonfly+,353,11640209408.0,71.3963963963964,14208,9792,1073741824.0,107374182.4
Dragonfly+,354,11640209408.0,71.40343468468468,14208,9792,1073741824.0,107374182.4
Dragonfly+,355,11640209408.0,71.41047297297297,14208,9792,1073741824.0,107374182.4
Dragonfly+,356,11640209408.0,71.41751126126125,14208,9792,1073741824.0,107374182.4
Dragonfly+,357,11640209408.0,71.42454954954955,14208,9792,1073741824.0,107374182.4
Dragonfly+,358,11640209408.0,71.43158783783784,14208,9792,1073741824.0,107374182.4
Dragonfly+,359,11640209408.0,71.43862612612612,14208,9792,1073741824.0,107374182.4
Dragonfly+,360,11640209408.0,71.44566441441441,14208,9792,1073741824.0,107374182.4
Dragonfly+,361,11640209408.0,71.4527027027027,14208,9792,1073741824.0,107374182.4
Dragonfly+,362,11640209408.0,71.459740990991,14208,9792,1073741824.0,107374182.4
Dragonfly+,363,11640209408.0,71.46677927927928,14208,9792,1073741824.0,107374182.4
Dragonfly+,364,11640209408.0,71.47381756756756,14208,9792,1073741824.0,107374182.4
Dragonfly+,365,11640209408.0,71.48085585585585,14208,9792,1073741824.0,107374182.4
Dragonfly+,366,11640209408.0,71.48789414414415,14208,9792,1073741824.0,107374182.4
Dragonfly+,367,11640209408.0,71.49493243243244,14208,9792,1073741824.0,107374182.4
Dragonfly+,368,11640209408.0,71.50197072072072,14208,9792,1073741824.0,107374182.4
Dragonfly+,369,11640209408.0,71.509009009009,14208,9792,1073741824.0,107374182.4
Dragonfly+,370,11640209408.0,71.5160472972973,14208,9792,1073741824.0,107374182.4
Dragonfly+,371,11640209408.0,71.52308558558559,14208,9792,1073741824.0,107374182.4
Dragonfly+,372,11640209408.0,71.53012387387388,14208,9792,1073741824.0,107374182.4
Dragonfly+,373,11640209408.0,71.53716216216216,14208,9792,1073741824.0,107374182.4
Dragonfly+,374,11640209408.0,71.54420045045045,14208,9792,1073741824.0,107374182.4
Dragonfly+,375,11640209408.0,71.55123873873875,14208,9792,1073741824.0,107374182.4
Dragonfly+,376,11640209408.0,71.55827702702703,14208,9792,1073741824.0,107374182.4
Dragonfly+,377,11640209408.0,71.56531531531532,14208,9792,1073741824.0,107374182.4
Dragonfly+,378,11640209408.0,71.5723536036036,14208,9792,1073741824.0,107374182.4
Dragonfly+,379,11640209408.0,71.5793918918919,14208,9792,1073741824.0,107374182.4
Dragonfly+,380,11640209408.0,71.58643018018019,14208,9792,1073741824.0,107374182.4
Dragonfly+,381,11640209408.0,71.59346846846847,14208,9792,1073741824.0,107374182.4
Dragonfly+,382,11640209408.0,71.60050675675676,14208,9792,1073741824.0,107374182.4
Dragonfly+,383,11640209408.0,71.60754504504504,14208,9792,1073741824.0,107374182.4
Dragonfly+,384,11640209408.0,71.61458333333334,14208,9792,1073741824.0,107374182.4
Dragonfly+,385,11640209408.0,71.62162162162163,14208,9792,1073741824.0,107374182.4
Dragonfly+,386,11640209408.0,71.62865990990991,14208,9792,1073741824.0,107374182.4
Dragonfly+,387,11640209408.0,71.6356981981982,14208,9792,1073741824.0,107374182.4
Dragonfly+,388,11640209408.0,71.64273648648648,14208,9792,1073741824.0,107374182.4
Dragonfly+,389,11640209408.0,71.64977477477478,14208,9792,1073741824.0,107374182.4
Dragonfly+,390,11640209408.0,71.65681306306307,14208,9792,1073741824.0,107374182.4
Dragonfly+,391,11640209408.0,71.66385135135135,14208,9792,1073741824.0,107374182.4
Dragonfly+,392,11640209408.0,71.67088963963964,14208,9792,1073741824.0,107374182.4
Dragonfly+,393,11640209408.0,71.67792792792793,14208,9792,1073741824.0,107374182.4
Dragonfly+,394,11640209408.0,71.68496621621621,14208,9792,1073741824.0,107374182.4
Dragonfly+,395,11640209408.0,71.6920045045045,14208,9792,1073741824.0,107374182.4
Dragonfly+,396,11640209408.0,71.6990427927928,14208,9792,1073741824.0,107374182.4
Dragonfly+,397,11640209408.0,71.70608108108108,14208,9792,1073741824.0,107374182.4
Dragonfly+,398,11640209408.0,71.71311936936937,14208,9792,1073741824.0,107374182.4
Dragonfly+,399,11640209408.0,71.72015765765765,14208,9792,1073741824.0,107374182.4
Dragonfly+,400,11640209408.0,71.72719594594594,14208,9792,1073741824.0,107374182.4
Dragonfly+,401,11640209408.0,71.73423423423422,14208,9792,1073741824.0,107374182.4
Dragonfly+,402,11640209408.0,71.74127252252252,14208,9792,1073741824.0,107374182.4
Dragonfly+,403,11640209408.0,71.7483108108108,14208,9792,1073741824.0,107374182.4
Dragonfly+,404,11640209408.0,71.75534909909909,14208,9792,1073741824.0,107374182.4
Dragonfly+,405,11640209408.0,71.76238738738738,14208,9792,1073741824.0,107374182.4
Dragonfly+,406,11640209408.0,71.76942567567568,14208,9792,1073741824.0,107374182.4
Dragonfly+,407,11640209408.0,71.77646396396396,14208,9792,1073741824.0,107374182.4
Dragonfly+,408,11640209408.0,71.78350225225225,14208,9792,1073741824.0,107374182.4
Dragonfly+,409,11640209408.0,71.79054054054053,14208,9792,1073741824.0,107374182.4
Dragonfly+,410,11640209408.0,71.79757882882883,14208,9792,1073741824.0,107374182.4
Dragonfly+,411,11640209408.0,71.80461711711712,14208,9792,1073741824.0,107374182.4
Dragonfly+,412,11640209408.0,71.8116554054054,14208,9792,1073741824.0,107374182.4
Dragonfly+,413,11640209408.0,71.81869369369369,14208,9792,1073741824.0,107374182.4
Dragonfly+,414,11640209408.0,71.82573198198197,14208,9792,1073741824.0,107374182.4
Dragonfly+,415,11640209408.0,71.83277027027027,14208,9792,1073741824.0,107374182.4
Dragonfly+,416,11640209408.0,71.83980855855856,14208,9792,1073741824.0,107374182.4
Dragonfly+,417,11640209408.0,71.84684684684684,14208,9792,1073741824.0,107374182.4
Dragonfly+,418,11640209408.0,71.85388513513513,14208,9792,1073741824.0,107374182.4
Dragonfly+,419,11640209408.0,71.86092342342343,14208,9792,1073741824.0,107374182.4
Dragonfly+,420,11640209408.0,71.86796171171171,14208,9792,1073741824.0,107374182.4
Dragonfly+,421,11640209408.0,71.875,14208,9792,1073741824.0,107374182.4
Dragonfly+,422,11640209408.0,71.88203828828829,14208,9792,1073741824.0,107374182.4
Dragonfly+,423,11640209408.0,71.88907657657657,14208,9792,1073741824.0,107374182.4
Dragonfly+,424,11640209408.0,71.89611486486487,14208,9792,1073741824.0,107374182.4
Dragonfly+,425,11640209408.0,71.90315315315316,14208,9792,1073741824.0,107374182.4
Dragonfly+,426,11640209408.0,71.91019144144144,14208,9792,1073741824.0,107374182.4
Dragonfly+,427,11640209408.0,71.91722972972973,14208,9792,1073741824.0,107374182.4
Dragonfly+,428,11640209408.0,71.92426801801803,14208,9792,1073741824.0,107374182.4
Dragonfly+,429,11640209408.0,71.93130630630631,14208,9792,1073741824.0,107374182.4
Dragonfly+,430,11640209408.0,71.9383445945946,14208,9792,1073741824.0,107374182.4
Dragonfly+,431,11640209408.0,71.94538288288288,14208,9792,1073741824.0,107374182.4
Dragonfly+,432,11640209408.0,71.95242117117117,14208,9792,1073741824.0,107374182.4
Dragonfly+,433,11640209408.0,71.95945945945947,14208,9792,1073741824.0,107374182.4
Dragonfly+,434,11640209408.0,71.96649774774775,14208,9792,1073741824.0,107374182.4
Dragonfly+,435,11640209408.0,71.97353603603604,14208,9792,1073741824.0,107374182.4
Dragonfly+,436,11640209408.0,71.98057432432432,14208,9792,1073741824.0,107374182.4
Dragonfly+,437,11640209408.0,71.98761261261262,14208,9792,1073741824.0,107374182.4
Dragonfly+,438,11640209408.0,71.99465090090091,14208,9792,1073741824.0,107374182.4
Dragonfly+,439,11640209408.0,72.0016891891892,14208,9792,1073741824.0,107374182.4
Dragonfly+,440,11640209408.0,72.00872747747748,14208,9792,1073741824.0,107374182.4
Dragonfly+,441,11640209408.0,72.01576576576578,14208,9792,1073741824.0,107374182.4
Dragonfly+,442,11640209408.0,72.02280405405406,14208,9792,1073741824.0,107374182.4
Dragonfly+,443,11640209408.0,72.02984234234235,14208,9792,1073741824.0,107374182.4
Dragonfly+,444,11640209408.0,72.03688063063063,14208,9792,1073741824.0,107374182.4
Dragonfly+,445,11640209408.0,72.04391891891892,14208,9792,1073741824.0,107374182.4
Dragonfly+,446,11640209408.0,72.0509572072072,14208,9792,1073741824.0,107374182.4
Dragonfly+,447,11640209408.0,72.0579954954955,14208,9792,1073741824.0,107374182.4
Dragonfly+,448,11640209408.0,72.06503378378379,14208,9792,1073741824.0,107374182.4
Dragonfly+,449,11640209408.0,72.07207207207207,14208,9792,1073741824.0,107374182.4
Dragonfly+,450,11640209408.0,72.07911036036036,14208,9792,1073741824.0,107374182.4
Dragonfly+,451,11640209408.0,72.08614864864865,14208,9792,1073741824.0,107374182.4
Dragonfly+,452,11640209408.0,72.09318693693693,14208,9792,1073741824.0,107374182.4
Dragonfly+,453,11640209408.0,72.10022522522522,14208,9792,1073741824.0,107374182.4
Dragonfly+,454,11640209408.0,72.10726351351352,14208,9792,1073741824.0,107374182.4
Dragonfly+,455,11640209408.0,72.1143018018018,14208,9792,1073741824.0,107374182.4
Dragonfly+,456,11640209408.0,72.12134009009009,14208,9792,1073741824.0,107374182.4
Dragonfly+,457,11640209408.0,72.12837837837837,14208,9792,1073741824.0,107374182.4
Dragonfly+,458,11640209408.0,72.13541666666666,14208,9792,1073741824.0,107374182.4
Dragonfly+,459,11640209408.0,72.14245495495496,14208,9792,1073741824.0,107374182.4
Dragonfly+,460,11640209408.0,72.14949324324324,14208,9792,1073741824.0,107374182.4
Dragonfly+,461,11640209408.0,72.15653153153153,14208,9792,1073741824.0,107374182.4
Dragonfly+,462,11640209408.0,72.16356981981981,14208,9792,1073741824.0,107374182.4
Dragonfly+,463,11640209408.0,72.1706081081081,14208,9792,1073741824.0,107374182.4
Dragonfly+,464,11640209408.0,72.1776463963964,14208,9792,1073741824.0,107374182.4
Dragonfly+,465,11640209408.0,72.18468468468468,14208,9792,1073741824.0,107374182.4
Dragonfly+,466,11640209408.0,72.19172297297297,14208,9792,1073741824.0,107374182.4
Dragonfly+,467,11640209408.0,72.19876126126125,14208,9792,1073741824.0,107374182.4
Dragonfly+,468,11640209408.0,72.20579954954955,14208,9792,1073741824.0,107374182.4
Dragonfly+,469,11640209408.0,72.21283783783784,14208,9792,1073741824.0,107374182.4
Dragonfly+,470,11640209408.0,72.21987612612612,14208,9792,1073741824.0,107374182.4
Dragonfly+,471,11640209408.0,72.22691441441441,14208,9792,1073741824.0,107374182.4
Dragonfly+,472,11640209408.0,72.2339527027027,14208,9792,1073741824.0,107374182.4
Dragonfly+,473,11640209408.0,72.240990990991,14208,9792,1073741824.0,107374182.4
Dragonfly+,474,11640209408.0,72.24802927927928,14208,9792,1073741824.0,107374182.4
Dragonfly+,475,11640209408.0,72.25506756756756,14208,9792,1073741824.0,107374182.4
Dragonfly+,476,11640209408.0,72.26210585585585,14208,9792,1073741824.0,107374182.4
Dragonfly+,477,11640209408.0,72.26914414414415,14208,9792,1073741824.0,107374182.4
Dragonfly+,478,11640209408.0,72.27618243243244,14208,9792,1073741824.0,107374182.4
Dragonfly+,479,11640209408.0,72.28322072072072,14208,9792,1073741824.0,107374182.4
Dragonfly+,480,11640209408.0,72.290259009009,14208,9792,1073741824.0,107374182.4
Dragonfly+,481,11640209408.0,72.2972972972973,14208,9792,1073741824.0,107374182.4
Dragonfly+,482,11640209408.0,72.30433558558559,14208,9792,1073741824.0,107374182.4
Dragonfly+,483,11640209408.0,72.31137387387388,14208,9792,1073741824.0,107374182.4
Dragonfly+,484,11640209408.0,72.31841216216216,14208,9792,1073741824.0,107374182.4
Dragonfly+,485,11640209408.0,72.32545045045045,14208,9792,1073741824.0,107374182.4
Dragonfly+,486,11640209408.0,72.33248873873875,14208,9792,1073741824.0,107374182.4
Dragonfly+,487,11640209408.0,72.33952702702703,14208,9792,1073741824.0,107374182.4
Dragonfly+,488,11640209408.0,72.34656531531532,14208,9792,1073741824.0,107374182.4
Dragonfly+,489,11640209408.0,72.3536036036036,14208,9792,1073741824.0,107374182.4
Dragonfly+,490,11640209408.0,72.3606418918919,14208,9792,1073741824.0,107374182.4
Dragonfly+,491,11640209408.0,72.36768018018019,14208,9792,1073741824.0,107374182.4
Dragonfly+,492,11640209408.0,72.37471846846847,14208,9792,1073741824.0,107374182.4
Dragonfly+,493,11640209408.0,72.38175675675676,14208,9792,1073741824.0,107374182.4
Dragonfly+,494,11640209408.0,72.38879504504504,14208,9792,1073741824.0,107374182.4
Dragonfly+,495,11640209408.0,72.39583333333334,14208,9792,1073741824.0,107374182.4
Dragonfly+,496,11640209408.0,72.40287162162163,14208,9792,1073741824.0,107374182.4
Dragonfly+,497,11640209408.0,72.40990990990991,14208,9792,1073741824.0,107374182.4
Dragonfly+,498,11640209408.0,72.4169481981982,14208,9792,1073741824.0,107374182.4
Dragonfly+,499,11640209408.0,72.42398648648648,14208,9792,1073741824.0,107374182.4
Dragonfly+,500,11640209408.0,72.43102477477478,14208,9792,1073741824.0,107374182.4
Dragonfly+,501,11640209408.0,72.43806306306307,14208,9792,1073741824.0,107374182.4
Dragonfly+,502,11640209408.0,72.44510135135135,14208,9792,1073741824.0,107374182.4
Dragonfly+,503,11640209408.0,72.45213963963964,14208,9792,1073741824.0,107374182.4
Dragonfly+,504,11640209408.0,72.45917792792793,14208,9792,1073741824.0,107374182.4
Dragonfly+,505,11640209408.0,72.46621621621621,14208,9792,1073741824.0,107374182.4
Dragonfly+,506,11640209408.0,72.4732545045045,14208,9792,1073741824.0,107374182.4
Dragonfly+,507,11640209408.0,72.4802927927928,14208,9792,1073741824.0,107374182.4
Dragonfly+,508,11640209408.0,72.48733108108108,14208,9792,1073741824.0,107374182.4
Dragonfly+,509,11640209408.0,72.49436936936937,14208,9792,1073741824.0,107374182.4
Dragonfly+,510,11640209408.0,72.50140765765765,14208,9792,1073741824.0,107374182.4
Dragonfly+,511,11640209408.0,72.50844594594594,14208,9792,1073741824.0,107374182.4
Dragonfly+,512,11640209408.0,72.51548423423422,14208,9792,1073741824.0,107374182.4
Dragonfly+,513,11640209408.0,72.52252252252252,14208,9792,1073741824.0,107374182.4
Dragonfly+,514,11640209408.0,72.5295608108108,14208,9792,1073741824.0,107374182.4
Dragonfly+,515,11640209408.0,72.53659909909909,14208,9792,1073741824.0,107374182.4
Dragonfly+,516,11640209408.0,72.54363738738738,14208,9792,1073741824.0,107374182.4
Dragonfly+,517,11640209408.0,72.55067567567568,14208,9792,1073741824.0,107374182.4
Dragonfly+,518,11640209408.0,72.55771396396396,14208,9792,1073741824.0,107374182.4
Dragonfly+,519,11640209408.0,72.56475225225225,14208,9792,1073741824.0,107374182.4
Dragonfly+,520,11640209408.0,72.57179054054053,14208,9792,1073741824.0,107374182.4
Dragonfly+,521,11640209408.0,72.57882882882883,14208,9792,1073741824.0,107374182.4
Dragonfly+,522,11640209408.0,72.58586711711712,14208,9792,1073741824.0,107374182.4
Dragonfly+,523,11640209408.0,72.5929054054054,14208,9792,1073741824.0,107374182.4
Dragonfly+,524,11640209408.0,72.59994369369369,14208,9792,1073741824.0,107374182.4
Dragonfly+,525,11640209408.0,72.60698198198197,14208,9792,1073741824.0,107374182.4
Dragonfly+,526,11640209408.0,72.61402027027027,14208,9792,1073741824.0,107374182.4
Dragonfly+,527,11640209408.0,72.62105855855856,14208,9792,1073741824.0,107374182.4
Dragonfly+,528,11640209408.0,72.62809684684684,14208,9792,1073741824.0,107374182.4
Dragonfly+,529,11640209408.0,72.63513513513513,14208,9792,1073741824.0,107374182.4
Dragonfly+,530,11640209408.0,72.64217342342343,14208,9792,1073741824.0,107374182.4
Dragonfly+,531,11640209408.0,72.64921171171171,14208,9792,1073741824.0,107374182.4
Dragonfly+,532,11640209408.0,72.65625,14208,9792,1073741824.0,107374182.4
Dragonfly+,533,11640209408.0,72.66328828828829,14208,9792,1073741824.0,107374182.4
Dragonfly+,534,11640209408.0,72.67032657657657,14208,9792,1073741824.0,107374182.4
Dragonfly+,535,11640209408.0,72.67736486486487,14208,9792,1073741824.0,107374182.4
Dragonfly+,536,11640209408.0,72.68440315315316,14208,9792,1073741824.0,107374182.4
Dragonfly+,537,11640209408.0,72.69144144144144,14208,9792,1073741824.0,107374182.4
Dragonfly+,538,11640209408.0,72.69847972972973,14208,9792,1073741824.0,107374182.4
Dragonfly+,539,11640209408.0,72.70551801801803,14208,9792,1073741824.0,107374182.4
Dragonfly+,540,11640209408.0,72.71255630630631,14208,9792,1073741824.0,107374182.4
Dragonfly+,541,11640209408.0,72.7195945945946,14208,9792,1073741824.0,107374182.4
Dragonfly+,542,11640209408.0,72.72663288288288,14208,9792,1073741824.0,107374182.4
Dragonfly+,543,11640209408.0,72.73367117117117,14208,9792,1073741824.0,107374182.4
Dragonfly+,544,11640209408.0,72.74070945945947,14208,9792,1073741824.0,107374182.4
Dragonfly+,545,11640209408.0,72.74774774774775,14208,9792,1073741824.0,107374182.4
Dragonfly+,546,11640209408.0,72.75478603603604,14208,9792,1073741824.0,107374182.4
Dragonfly+,547,11640209408.0,72.76182432432432,14208,9792,1073741824.0,107374182.4
Dragonfly+,548,11640209408.0,72.76886261261262,14208,9792,1073741824.0,107374182.4
Dragonfly+,549,11640209408.0,72.77590090090091,14208,9792,1073741824.0,107374182.4
Dragonfly+,550,11640209408.0,72.7829391891892,14208,9792,1073741824.0,107374182.4
Dragonfly+,551,11640209408.0,72.78997747747748,14208,9792,1073741824.0,107374182.4
Dragonfly+,552,11640209408.0,72.79701576576578,14208,9792,1073741824.0,107374182.4
Dragonfly+,553,11640209408.0,72.80405405405406,14208,9792,1073741824.0,107374182.4
Dragonfly+,554,11640209408.0,72.81109234234235,14208,9792,1073741824.0,107374182.4
Dragonfly+,555,11640209408.0,72.81813063063063,14208,9792,1073741824.0,107374182.4
Dragonfly+,556,11640209408.0,72.82516891891892,14208,9792,1073741824.0,107374182.4
Dragonfly+,557,11640209408.0,72.8322072072072,14208,9792,1073741824.0,107374182.4
Dragonfly+,558,11640209408.0,72.8392454954955,14208,9792,1073741824.0,107374182.4
Dragonfly+,559,11640209408.0,72.84628378378379,14208,9792,1073741824.0,107374182.4
Dragonfly+,560,11640209408.0,72.85332207207207,14208,9792,1073741824.0,107374182.4
Dragonfly+,561,11640209408.0,72.86036036036036,14208,9792,1073741824.0,107374182.4
Dragonfly+,562,11640209408.0,72.86739864864865,14208,9792,1073741824.0,107374182.4
Dragonfly+,563,11640209408.0,72.87443693693693,14208,9792,1073741824.0,107374182.4
Dragonfly+,564,11640209408.0,72.88147522522522,14208,9792,1073741824.0,107374182.4
Dragonfly+,565,11640209408.0,72.88851351351352,14208,9792,1073741824.0,107374182.4
Dragonfly+,566,11640209408.0,72.8955518018018,14208,9792,1073741824.0,107374182.4
Dragonfly+,567,11640209408.0,72.90259009009009,14208,9792,1073741824.0,107374182.4
Dragonfly+,568,11640209408.0,72.90962837837837,14208,9792,1073741824.0,107374182.4
Dragonfly+,569,11640209408.0,72.91666666666666,14208,9792,1073741824.0,107374182.4
Dragonfly+,570,11640209408.0,72.92370495495496,14208,9792,1073741824.0,107374182.4
Dragonfly+,571,11640209408.0,72.93074324324324,14208,9792,1073741824.0,107374182.4
Dragonfly+,572,11640209408.0,72.93778153153153,14208,9792,1073741824.0,107374182.4
Dragonfly+,573,11640209408.0,72.94481981981981,14208,9792,1073741824.0,107374182.4
Dragonfly+,574,11640209408.0,72.9518581081081,14208,9792,1073741824.0,107374182.4
Dragonfly+,575,11640209408.0,72.9588963963964,14208,9792,1073741824.0,107374182.4
Dragonfly+,576,11640209408.0,72.96593468468468,14208,9792,1073741824.0,107374182.4
Dragonfly+,577,11640209408.0,72.97297297297297,14208,9792,1073741824.0,107374182.4
Dragonfly+,578,11640209408.0,72.98001126126125,14208,9792,1073741824.0,107374182.4
Dragonfly+,579,11640209408.0,72.98704954954955,14208,9792,1073741824.0,107374182.4
Dragonfly+,580,11640209408.0,72.99408783783784,14208,9792,1073741824.0,107374182.4
Dragonfly+,581,11640209408.0,73.00112612612612,14208,9792,1073741824.0,107374182.4
Dragonfly+,582,11640209408.0,73.00816441441441,14208,9792,1073741824.0,107374182.4
Dragonfly+,583,11640209408.0,73.0152027027027,14208,9792,1073741824.0,107374182.4
Dragonfly+,584,11640209408.0,73.022240990991,14208,9792,1073741824.0,107374182.4
Dragonfly+,585,11640209408.0,73.02927927927928,14208,9792,1073741824.0,107374182.4
Dragonfly+,586,11640209408.0,73.03631756756756,14208,9792,1073741824.0,107374182.4
Dragonfly+,587,11640209408.0,73.04335585585585,14208,9792,1073741824.0,107374182.4
Dragonfly+,588,11640209408.0,73.05039414414415,14208,9792,1073741824.0,107374182.4
Dragonfly+,589,11640209408.0,73.05743243243244,14208,9792,1073741824.0,107374182.4
Dragonfly+,590,11640209408.0,73.06447072072072,14208,9792,1073741824.0,107374182.4
Dragonfly+,591,11640209408.0,73.071509009009,14208,9792,1073741824.0,107374182.4
Dragonfly+,592,11640209408.0,73.0785472972973,14208,9792,1073741824.0,107374182.4
Dragonfly+,593,11640209408.0,73.08558558558559,14208,9792,1073741824.0,107374182.4
Dragonfly+,594,11640209408.0,73.09262387387388,14208,9792,1073741824.0,107374182.4
Dragonfly+,595,11640209408.0,73.09966216216216,14208,9792,1073741824.0,107374182.4
Dragonfly+,596,11640209408.0,73.10670045045045,14208,9792,1073741824.0,107374182.4
Dragonfly+,597,11640209408.0,73.11373873873875,14208,9792,1073741824.0,107374182.4
Dragonfly+,598,11640209408.0,73.12077702702703,14208,9792,1073741824.0,107374182.4
Dragonfly+,599,11640209408.0,73.12781531531532,14208,9792,1073741824.0,107374182.4
Dragonfly+,600,11640209408.0,73.1348536036036,14208,9792,1073741824.0,107374182.4
Dragonfly+,601,11640209408.0,73.1418918918919,14208,9792,1073741824.0,107374182.4
Dragonfly+,602,11640209408.0,73.14893018018019,14208,9792,1073741824.0,107374182.4
Dragonfly+,603,11640209408.0,73.15596846846847,14208,9792,1073741824.0,107374182.4
Dragonfly+,604,11640209408.0,73.16300675675676,14208,9792,1073741824.0,107374182.4
Dragonfly+,605,11640209408.0,73.17004504504504,14208,9792,1073741824.0,107374182.4
Dragonfly+,606,11640209408.0,73.17708333333334,14208,9792,1073741824.0,107374182.4
Dragonfly+,607,11640209408.0,73.18412162162163,14208,9792,1073741824.0,107374182.4
Dragonfly+,608,11640209408.0,73.19115990990991,14208,9792,1073741824.0,107374182.4
Dragonfly+,609,11640209408.0,73.1981981981982,14208,9792,1073741824.0,107374182.4
Dragonfly+,610,11640209408.0,73.20523648648648,14208,9792,1073741824.0,107374182.4
Dragonfly+,611,11640209408.0,73.21227477477478,14208,9792,1073741824.0,107374182.4
Dragonfly+,612,11640209408.0,73.21931306306307,14208,9792,1073741824.0,107374182.4
Dragonfly+,613,11640209408.0,73.22635135135135,14208,9792,1073741824.0,107374182.4
Dragonfly+,614,11640209408.0,73.23338963963964,14208,9792,1073741824.0,107374182.4
Dragonfly+,615,11640209408.0,73.24042792792793,14208,9792,1073741824.0,107374182.4
Dragonfly+,616,11640209408.0,73.24746621621621,14208,9792,1073741824.0,107374182.4
Dragonfly+,617,11640209408.0,73.2545045045045,14208,9792,1073741824.0,107374182.4
Dragonfly+,618,11640209408.0,73.2615427927928,14208,9792,1073741824.0,107374182.4
Dragonfly+,619,11640209408.0,73.26858108108108,14208,9792,1073741824.0,107374182.4
Dragonfly+,620,11640209408.0,73.27561936936937,14208,9792,1073741824.0,107374182.4
Dragonfly+,621,11640209408.0,73.28265765765765,14208,9792,1073741824.0,107374182.4
Dragonfly+,622,11640209408.0,73.28969594594594,14208,9792,1073741824.0,107374182.4
Dragonfly+,623,11640209408.0,73.29673423423422,14208,9792,1073741824.0,107374182.4
Dragonfly+,624,11640209408.0,73.30377252252252,14208,9792,1073741824.0,107374182.4
Dragonfly+,625,11640209408.0,73.3108108108108,14208,9792,1073741824.0,107374182.4
Dragonfly+,626,11640209408.0,73.31784909909909,14208,9792,1073741824.0,107374182.4
Dragonfly+,627,11640209408.0,73.32488738738738,14208,9792,1073741824.0,107374182.4
Dragonfly+,628,11640209408.0,73.33192567567568,14208,9792,1073741824.0,107374182.4
Dragonfly+,629,11640209408.0,73.33896396396396,14208,9792,1073741824.0,107374182.4
Dragonfly+,630,11640209408.0,73.34600225225225,14208,9792,1073741824.0,107374182.4
Dragonfly+,631,11640209408.0,73.35304054054053,14208,9792,1073741824.0,107374182.4
Dragonfly+,632,11640209408.0,73.36007882882883,14208,9792,1073741824.0,107374182.4
Dragonfly+,633,11640209408.0,73.36711711711712,14208,9792,1073741824.0,107374182.4
Dragonfly+,634,11640209408.0,73.3741554054054,14208,9792,1073741824.0,107374182.4
Dragonfly+,635,11640209408.0,73.38119369369369,14208,9792,1073741824.0,107374182.4
Dragonfly+,636,11640209408.0,73.38823198198197,14208,9792,1073741824.0,107374182.4
Dragonfly+,637,11640209408.0,73.39527027027027,14208,9792,1073741824.0,107374182.4
Dragonfly+,638,11640209408.0,73.40230855855856,14208,9792,1073741824.0,107374182.4
Dragonfly+,639,11640209408.0,73.40934684684684,14208,9792,1073741824.0,107374182.4
Dragonfly+,640,11640209408.0,73.41638513513513,14208,9792,1073741824.0,107374182.4
Dragonfly+,641,11640209408.0,73.42342342342343,14208,9792,1073741824.0,107374182.4
Dragonfly+,642,11640209408.0,73.43046171171171,14208,9792,1073741824.0,107374182.4
Dragonfly+,643,11640209408.0,73.4375,14208,9792,1073741824.0,107374182.4
Dragonfly+,644,11640209408.0,73.44453828828829,14208,9792,1073741824.0,107374182.4
Dragonfly+,645,11640209408.0,73.45157657657657,14208,9792,1073741824.0,107374182.4
Dragonfly+,646,11640209408.0,73.45861486486487,14208,9792,1073741824.0,107374182.4
Dragonfly+,647,11640209408.0,73.46565315315316,14208,9792,1073741824.0,107374182.4
Dragonfly+,648,11640209408.0,73.47269144144144,14208,9792,1073741824.0,107374182.4
Dragonfly+,649,11640209408.0,73.47972972972973,14208,9792,1073741824.0,107374182.4
Dragonfly+,650,11640209408.0,73.48676801801803,14208,9792,1073741824.0,107374182.4
Dragonfly+,651,11640209408.0,73.49380630630631,14208,9792,1073741824.0,107374182.4
Dragonfly+,652,11640209408.0,73.5008445945946,14208,9792,1073741824.0,107374182.4
Dragonfly+,653,11640209408.0,73.50788288288288,14208,9792,1073741824.0,107374182.4
Dragonfly+,654,11640209408.0,73.51492117117117,14208,9792,1073741824.0,107374182.4
Dragonfly+,655,11640209408.0,73.52195945945947,14208,9792,1073741824.0,107374182.4
Dragonfly+,656,11640209408.0,73.52899774774775,14208,9792,1073741824.0,107374182.4
Dragonfly+,657,11640209408.0,73.53603603603604,14208,9792,1073741824.0,107374182.4
Dragonfly+,658,11640209408.0,73.54307432432432,14208,9792,1073741824.0,107374182.4
Dragonfly+,659,11640209408.0,73.55011261261262,14208,9792,1073741824.0,107374182.4
Dragonfly+,660,11640209408.0,73.55715090090091,14208,9792,1073741824.0,107374182.4
Dragonfly+,661,11640209408.0,73.5641891891892,14208,9792,1073741824.0,107374182.4
Dragonfly+,662,11640209408.0,73.57122747747748,14208,9792,1073741824.0,107374182.4
Dragonfly+,663,11640209408.0,73.57826576576578,14208,9792,1073741824.0,107374182.4
Dragonfly+,664,11640209408.0,73.58530405405406,14208,9792,1073741824.0,107374182.4
Dragonfly+,665,11640209408.0,73.59234234234235,14208,9792,1073741824.0,107374182.4
Dragonfly+,666,11640209408.0,73.59938063063063,14208,9792,1073741824.0,107374182.4
Dragonfly+,667,11640209408.0,73.60641891891892,14208,9792,1073741824.0,107374182.4
Dragonfly+,668,11640209408.0,73.6134572072072,14208,9792,1073741824.0,107374182.4
Dragonfly+,669,11640209408.0,73.6204954954955,14208,9792,1073741824.0,107374182.4
Dragonfly+,670,11640209408.0,73.62753378378379,14208,9792,1073741824.0,107374182.4
Dragonfly+,671,11640209408.0,73.63457207207207,14208,9792,1073741824.0,107374182.4
Dragonfly+,672,11640209408.0,73.64161036036036,14208,9792,1073741824.0,107374182.4
Dragonfly+,673,11640209408.0,73.64864864864865,14208,9792,1073741824.0,107374182.4
Dragonfly+,674,11640209408.0,73.65568693693693,14208,9792,1073741824.0,107374182.4
Dragonfly+,675,11640209408.0,73.66272522522522,14208,9792,1073741824.0,107374182.4
Dragonfly+,676,11640209408.0,73.66976351351352,14208,9792,1073741824.0,107374182.4
Dragonfly+,677,11640209408.0,73.6768018018018,14208,9792,1073741824.0,107374182.4
Dragonfly+,678,11640209408.0,73.68384009009009,14208,9792,1073741824.0,107374182.4
Dragonfly+,679,11640209408.0,73.69087837837837,14208,9792,1073741824.0,107374182.4
Dragonfly+,680,11640209408.0,73.69791666666666,14208,9792,1073741824.0,107374182.4
Dragonfly+,681,11640209408.0,73.70495495495496,14208,9792,1073741824.0,107374182.4
Dragonfly+,682,11640209408.0,73.71199324324324,14208,9792,1073741824.0,107374182.4
Dragonfly+,683,11640209408.0,73.71903153153153,14208,9792,1073741824.0,107374182.4
Dragonfly+,684,11640209408.0,73.72606981981981,14208,9792,1073741824.0,107374182.4
Dragonfly+,685,11640209408.0,73.7331081081081,14208,9792,1073741824.0,107374182.4
Dragonfly+,686,11640209408.0,73.7401463963964,14208,9792,1073741824.0,107374182.4
Dragonfly+,687,11640209408.0,73.74718468468468,14208,9792,1073741824.0,107374182.4
Dragonfly+,688,11640209408.0,73.75422297297297,14208,9792,1073741824.0,107374182.4
Dragonfly+,689,11640209408.0,73.76126126126125,14208,9792,1073741824.0,107374182.4
Dragonfly+,690,11640209408.0,73.76829954954955,14208,9792,1073741824.0,107374182.4
Dragonfly+,691,11640209408.0,73.77533783783784,14208,9792,1073741824.0,107374182.4
Dragonfly+,692,11640209408.0,73.78237612612612,14208,9792,1073741824.0,107374182.4
Dragonfly+,693,11640209408.0,73.78941441441441,14208,9792,1073741824.0,107374182.4
Dragonfly+,694,11640209408.0,73.7964527027027,14208,9792,1073741824.0,107374182.4
Dragonfly+,695,11640209408.0,73.803490990991,14208,9792,1073741824.0,107374182.4
Dragonfly+,696,11640209408.0,73.81052927927928,14208,9792,1073741824.0,107374182.4
Dragonfly+,697,11640209408.0,73.81756756756756,14208,9792,1073741824.0,107374182.4
Dragonfly+,698,11640209408.0,73.82460585585585,14208,9792,1073741824.0,107374182.4
Dragonfly+,699,11640209408.0,73.83164414414415,14208,9792,1073741824.0,107374182.4
Dragonfly+,700,11640209408.0,73.83868243243244,14208,9792,1073741824.0,107374182.4
Dragonfly+,701,11640209408.0,73.84572072072072,14208,9792,1073741824.0,107374182.4
Dragonfly+,702,11640209408.0,73.852759009009,14208,9792,1073741824.0,107374182.4
Dragonfly+,703,11640209408.0,73.8597972972973,14208,9792,1073741824.0,107374182.4
Dragonfly+,704,11640209408.0,73.86683558558559,14208,9792,1073741824.0,107374182.4
Dragonfly+,705,11640209408.0,73.87387387387388,14208,9792,1073741824.0,107374182.4
Dragonfly+,706,11640209408.0,73.88091216216216,14208,9792,1073741824.0,107374182.4
Dragonfly+,707,11640209408.0,73.88795045045045,14208,9792,1073741824.0,107374182.4
Dragonfly+,708,11640209408.0,73.89498873873875,14208,9792,1073741824.0,107374182.4
Dragonfly+,709,11640209408.0,73.90202702702703,14208,9792,1073741824.0,107374182.4
Dragonfly+,710,11640209408.0,73.90906531531532,14208,9792,1073741824.0,107374182.4
Dragonfly+,711,11640209408.0,73.9161036036036,14208,9792,1073741824.0,107374182.4
Dragonfly+,712,11640209408.0,73.9231418918919,14208,9792,1073741824.0,107374182.4
Dragonfly+,713,11640209408.0,73.93018018018019,14208,9792,1073741824.0,107374182.4
Dragonfly+,714,11640209408.0,73.93721846846847,14208,9792,1073741824.0,107374182.4
Dragonfly+,715,11640209408.0,73.94425675675676,14208,9792,1073741824.0,107374182.4
Dragonfly+,716,11640209408.0,73.95129504504504,14208,9792,1073741824.0,107374182.4
Dragonfly+,717,11640209408.0,73.95833333333334,14208,9792,1073741824.0,107374182.4
Dragonfly+,718,11640209408.0,73.96537162162163,14208,9792,1073741824.0,107374182.4
Dragonfly+,719,11640209408.0,73.97240990990991,14208,9792,1073741824.0,107374182.4
Dragonfly+,720,11640209408.0,73.9794481981982,14208,9792,1073741824.0,107374182.4
Dragonfly+,721,11640209408.0,73.98648648648648,14208,9792,1073741824.0,107374182.4
Dragonfly+,722,11640209408.0,73.99352477477478,14208,9792,1073741824.0,107374182.4
Dragonfly+,723,11640209408.0,74.00056306306307,14208,9792,1073741824.0,107374182.4
Dragonfly+,724,11640209408.0,74.00760135135135,14208,9792,1073741824.0,107374182.4
Dragonfly+,725,11640209408.0,74.01463963963964,14208,9792,1073741824.0,107374182.4
Dragonfly+,726,11640209408.0,74.02167792792793,14208,9792,1073741824.0,107374182.4
Dragonfly+,727,11640209408.0,74.02871621621621,14208,9792,1073741824.0,107374182.4
Dragonfly+,728,11640209408.0,74.0357545045045,14208,9792,1073741824.0,107374182.4
Dragonfly+,729,11640209408.0,74.0427927927928,14208,9792,1073741824.0,107374182.4
Dragonfly+,730,11640209408.0,74.04983108108108,14208,9792,1073741824.0,107374182.4
Dragonfly+,731,11640209408.0,74.05686936936937,14208,9792,1073741824.0,107374182.4
Dragonfly+,732,11640209408.0,74.06390765765765,14208,9792,1073741824.0,107374182.4
Dragonfly+,733,11640209408.0,74.07094594594594,14208,9792,1073741824.0,107374182.4
Dragonfly+,734,11640209408.0,74.07798423423422,14208,9792,1073741824.0,107374182.4
Dragonfly+,735,11640209408.0,74.08502252252252,14208,9792,1073741824.0,107374182.4
Dragonfly+,736,11640209408.0,74.0920608108108,14208,9792,1073741824.0,107374182.4
Dragonfly+,737,11640209408.0,74.09909909909909,14208,9792,1073741824.0,107374182.4
Dragonfly+,738,11640209408.0,74.10613738738738,14208,9792,1073741824.0,107374182.4
Dragonfly+,739,11640209408.0,74.11317567567568,14208,9792,1073741824.0,107374182.4
Dragonfly+,740,11640209408.0,74.12021396396396,14208,9792,1073741824.0,107374182.4
Dragonfly+,741,11640209408.0,74.12725225225225,14208,9792,1073741824.0,107374182.4
Dragonfly+,742,11640209408.0,74.13429054054053,14208,9792,1073741824.0,107374182.4
Dragonfly+,743,11640209408.0,74.14132882882883,14208,9792,1073741824.0,107374182.4
Dragonfly+,744,11640209408.0,74.14836711711712,14208,9792,1073741824.0,107374182.4
Dragonfly+,745,11640209408.0,74.1554054054054,14208,9792,1073741824.0,107374182.4
Dragonfly+,746,11640209408.0,74.16244369369369,14208,9792,1073741824.0,107374182.4
Dragonfly+,747,11640209408.0,74.16948198198197,14208,9792,1073741824.0,107374182.4
Dragonfly+,748,11640209408.0,74.17652027027027,14208,9792,1073741824.0,107374182.4
Dragonfly+,749,11640209408.0,74.18355855855856,14208,9792,1073741824.0,107374182.4
Dragonfly+,750,11640209408.0,74.19059684684684,14208,9792,1073741824.0,107374182.4
Dragonfly+,751,11640209408.0,74.19763513513513,14208,9792,1073741824.0,107374182.4
Dragonfly+,752,11640209408.0,74.20467342342343,14208,9792,1073741824.0,107374182.4
Dragonfly+,753,11640209408.0,74.21171171171171,14208,9792,1073741824.0,107374182.4
Dragonfly+,754,11640209408.0,74.21875,14208,9792,1073741824.0,107374182.4
Dragonfly+,755,11640209408.0,74.22578828828829,14208,9792,1073741824.0,107374182.4
Dragonfly+,756,11640209408.0,74.23282657657657,14208,9792,1073741824.0,107374182.4
Dragonfly+,757,11640209408.0,74.23986486486487,14208,9792,1073741824.0,107374182.4
Dragonfly+,758,11640209408.0,74.24690315315316,14208,9792,1073741824.0,107374182.4
Dragonfly+,759,11640209408.0,74.25394144144144,14208,9792,1073741824.0,107374182.4
Dragonfly+,760,11640209408.0,74.26097972972973,14208,9792,1073741824.0,107374182.4
Dragonfly+,761,11640209408.0,74.26801801801803,14208,9792,1073741824.0,107374182.4
Dragonfly+,762,11640209408.0,74.27505630630631,14208,9792,1073741824.0,107374182.4
Dragonfly+,763,11640209408.0,74.2820945945946,14208,9792,1073741824.0,107374182.4
Dragonfly+,764,11640209408.0,74.28913288288288,14208,9792,1073741824.0,107374182.4
Dragonfly+,765,11640209408.0,74.29617117117117,14208,9792,1073741824.0,107374182.4
Dragonfly+,766,11640209408.0,74.30320945945947,14208,9792,1073741824.0,107374182.4
Dragonfly+,767,11640209408.0,74.31024774774775,14208,9792,1073741824.0,107374182.4
Dragonfly+,768,11640209408.0,74.31728603603604,14208,9792,1073741824.0,107374182.4
Dragonfly+,769,11640209408.0,74.32432432432432,14208,9792,1073741824.0,107374182.4
Dragonfly+,770,11640209408.0,74.33136261261262,14208,9792,1073741824.0,107374182.4
Dragonfly+,771,11640209408.0,74.33840090090091,14208,9792,1073741824.0,107374182.4
Dragonfly+,772,11640209408.0,74.3454391891892,14208,9792,1073741824.0,107374182.4
Dragonfly+,773,11640209408.0,74.35247747747748,14208,9792,1073741824.0,107374182.4
Dragonfly+,774,11640209408.0,74.35951576576578,14208,9792,1073741824.0,107374182.4
Dragonfly+,775,11640209408.0,74.36655405405406,14208,9792,1073741824.0,107374182.4
Dragonfly+,776,11640209408.0,74.37359234234235,14208,9792,1073741824.0,107374182.4
Dragonfly+,777,11640209408.0,74.38063063063063,14208,9792,1073741824.0,107374182.4
Dragonfly+,778,11640209408.0,74.38766891891892,14208,9792,1073741824.0,107374182.4
Dragonfly+,779,11640209408.0,74.3947072072072,14208,9792,1073741824.0,107374182.4
Dragonfly+,780,11640209408.0,74.4017454954955,14208,9792,1073741824.0,107374182.4
Dragonfly+,781,11640209408.0,74.40878378378379,14208,9792,1073741824.0,107374182.4
Dragonfly+,782,11640209408.0,74.41582207207207,14208,9792,1073741824.0,107374182.4
Dragonfly+,783,11640209408.0,74.42286036036036,14208,9792,1073741824.0,107374182.4
Dragonfly+,784,11640209408.0,74.42989864864865,14208,9792,1073741824.0,107374182.4
Dragonfly+,785,11640209408.0,74.43693693693693,14208,9792,1073741824.0,107374182.4
Dragonfly+,786,11640209408.0,74.44397522522522,14208,9792,1073741824.0,107374182.4
Dragonfly+,787,11640209408.0,74.45101351351352,14208,9792,1073741824.0,107374182.4
Dragonfly+,788,11640209408.0,74.4580518018018,14208,9792,1073741824.0,107374182.4
Dragonfly+,789,11640209408.0,74.46509009009009,14208,9792,1073741824.0,107374182.4
Dragonfly+,790,11640209408.0,74.47212837837837,14208,9792,1073741824.0,107374182.4
Dragonfly+,791,11640209408.0,74.47916666666666,14208,9792,1073741824.0,107374182.4
Dragonfly+,792,11640209408.0,74.48620495495496,14208,9792,1073741824.0,107374182.4
Dragonfly+,793,11640209408.0,74.49324324324324,14208,9792,1073741824.0,107374182.4
Dragonfly+,794,11640209408.0,74.50028153153153,14208,9792,1073741824.0,107374182.4
Dragonfly+,795,11640209408.0,74.50731981981981,14208,9792,1073741824.0,107374182.4
Dragonfly+,796,11640209408.0,74.5143581081081,14208,9792,1073741824.0,107374182.4
Dragonfly+,797,11640209408.0,74.5213963963964,14208,9792,1073741824.0,107374182.4
Dragonfly+,798,11640209408.0,74.52843468468468,14208,9792,1073741824.0,107374182.4
Dragonfly+,799,11640209408.0,74.53547297297297,14208,9792,1073741824.0,107374182.4
Dragonfly+,800,11640209408.0,74.54251126126125,14208,9792,1073741824.0,107374182.4
Dragonfly+,801,11640209408.0,74.54954954954955,14208,9792,1073741824.0,107374182.4
Dragonfly+,802,11640209408.0,74.55658783783784,14208,9792,1073741824.0,107374182.4
Dragonfly+,803,11640209408.0,74.56362612612612,14208,9792,1073741824.0,107374182.4
Dragonfly+,804,11640209408.0,74.57066441441441,14208,9792,1073741824.0,107374182.4
Dragonfly+,805,11640209408.0,74.5777027027027,14208,9792,1073741824.0,107374182.4
Dragonfly+,806,11640209408.0,74.584740990991,14208,9792,1073741824.0,107374182.4
Dragonfly+,807,11640209408.0,74.59177927927928,14208,9792,1073741824.0,107374182.4
Dragonfly+,808,11640209408.0,74.59881756756756,14208,9792,1073741824.0,107374182.4
Dragonfly+,809,11640209408.0,74.60585585585585,14208,9792,1073741824.0,107374182.4
Dragonfly+,810,11640209408.0,74.61289414414415,14208,9792,1073741824.0,107374182.4
Dragonfly+,811,11640209408.0,74.61993243243244,14208,9792,1073741824.0,107374182.4
Dragonfly+,812,11640209408.0,74.62697072072072,14208,9792,1073741824.0,107374182.4
Dragonfly+,813,11640209408.0,74.634009009009,14208,9792,1073741824.0,107374182.4
Dragonfly+,814,11640209408.0,74.6410472972973,14208,9792,1073741824.0,107374182.4
Dragonfly+,815,11640209408.0,74.64808558558559,14208,9792,1073741824.0,107374182.4
Dragonfly+,816,11640209408.0,74.65512387387388,14208,9792,1073741824.0,107374182.4
Dragonfly+,817,11640209408.0,74.66216216216216,14208,9792,1073741824.0,107374182.4
Dragonfly+,818,11640209408.0,74.66920045045045,14208,9792,1073741824.0,107374182.4
Dragonfly+,819,11640209408.0,74.67623873873875,14208,9792,1073741824.0,107374182.4
Dragonfly+,820,11640209408.0,74.68327702702703,14208,9792,1073741824.0,107374182.4
Dragonfly+,821,11640209408.0,74.69031531531532,14208,9792,1073741824.0,107374182.4
Dragonfly+,822,11640209408.0,74.6973536036036,14208,9792,1073741824.0,107374182.4
Dragonfly+,823,11640209408.0,74.7043918918919,14208,9792,1073741824.0,107374182.4
Dragonfly+,824,11640209408.0,74.71143018018019,14208,9792,1073741824.0,107374182.4
Dragonfly+,825,11640209408.0,74.71846846846847,14208,9792,1073741824.0,107374182.4
Dragonfly+,826,11640209408.0,74.72550675675676,14208,9792,1073741824.0,107374182.4
Dragonfly+,827,11640209408.0,74.73254504504504,14208,9792,1073741824.0,107374182.4
Dragonfly+,828,11640209408.0,74.73958333333334,14208,9792,1073741824.0,107374182.4
Dragonfly+,829,11640209408.0,74.74662162162163,14208,9792,1073741824.0,107374182.4
Dragonfly+,830,11640209408.0,74.75365990990991,14208,9792,1073741824.0,107374182.4
Dragonfly+,831,11640209408.0,74.7606981981982,14208,9792,1073741824.0,107374182.4
Dragonfly+,832,11640209408.0,74.76773648648648,14208,9792,1073741824.0,107374182.4
Dragonfly+,833,11640209408.0,74.77477477477478,14208,9792,1073741824.0,107374182.4
Dragonfly+,834,11640209408.0,74.78181306306307,14208,9792,1073741824.0,107374182.4
Dragonfly+,835,11640209408.0,74.78885135135135,14208,9792,1073741824.0,107374182.4
Dragonfly+,836,11640209408.0,74.79588963963964,14208,9792,1073741824.0,107374182.4
Dragonfly+,837,11640209408.0,74.80292792792793,14208,9792,1073741824.0,107374182.4
Dragonfly+,838,11640209408.0,74.80996621621621,14208,9792,1073741824.0,107374182.4
Dragonfly+,839,11640209408.0,74.8170045045045,14208,9792,1073741824.0,107374182.4
Dragonfly+,840,11640209408.0,74.8240427927928,14208,9792,1073741824.0,107374182.4
Dragonfly+,841,11640209408.0,74.83108108108108,14208,9792,1073741824.0,107374182.4
Dragonfly+,842,11640209408.0,74.83811936936937,14208,9792,1073741824.0,107374182.4
Dragonfly+,843,11640209408.0,74.84515765765765,14208,9792,1073741824.0,107374182.4
Dragonfly+,844,11640209408.0,74.85219594594594,14208,9792,1073741824.0,107374182.4
Dragonfly+,845,11640209408.0,74.85923423423422,14208,9792,1073741824.0,107374182.4
Dragonfly+,846,11640209408.0,74.86627252252252,14208,9792,1073741824.0,107374182.4
Dragonfly+,847,11640209408.0,74.8733108108108,14208,9792,1073741824.0,107374182.4
Dragonfly+,848,11640209408.0,74.88034909909909,14208,9792,1073741824.0,107374182.4
Dragonfly+,849,11640209408.0,74.88738738738738,14208,9792,1073741824.0,107374182.4
Dragonfly+,850,11640209408.0,74.89442567567568,14208,9792,1073741824.0,107374182.4
Dragonfly+,851,11640209408.0,74.90146396396396,14208,9792,1073741824.0,107374182.4
Dragonfly+,852,11640209408.0,74.90850225225225,14208,9792,1073741824.0,107374182.4
Dragonfly+,853,11640209408.0,74.91554054054053,14208,9792,1073741824.0,107374182.4
Dragonfly+,854,11640209408.0,74.92257882882883,14208,9792,1073741824.0,107374182.4
Dragonfly+,855,11640209408.0,74.92961711711712,14208,9792,1073741824.0,107374182.4
Dragonfly+,856,11640209408.0,74.9366554054054,14208,9792,1073741824.0,107374182.4
Dragonfly+,857,11640209408.0,74.94369369369369,14208,9792,1073741824.0,107374182.4
Dragonfly+,858,11640209408.0,74.95073198198197,14208,9792,1073741824.0,107374182.4
Dragonfly+,859,11640209408.0,74.95777027027027,14208,9792,1073741824.0,107374182.4
Dragonfly+,860,11640209408.0,74.96480855855856,14208,9792,1073741824.0,107374182.4
Dragonfly+,861,11640209408.0,74.97184684684684,14208,9792,1073741824.0,107374182.4
Dragonfly+,862,11640209408.0,74.97888513513513,14208,9792,1073741824.0,107374182.4
Dragonfly+,863,11640209408.0,74.98592342342343,14208,9792,1073741824.0,107374182.4
Dragonfly+,864,11640209408.0,74.99296171171171,14208,9792,1073741824.0,107374182.4
Dragonfly+,865,11640209408.0,75.0,14208,9792,1073741824.0,107374182.4
Dragonfly+,866,11640209408.0,75.00703828828829,14208,9792,1073741824.0,107374182.4
Dragonfly+,867,11640209408.0,75.01407657657657,14208,9792,1073741824.0,107374182.4
Dragonfly+,868,11640209408.0,75.02111486486487,14208,9792,1073741824.0,107374182.4
Dragonfly+,869,11640209408.0,75.02815315315316,14208,9792,1073741824.0,107374182.4
Dragonfly+,870,11640209408.0,75.03519144144144,14208,9792,1073741824.0,107374182.4
Dragonfly+,871,11640209408.0,75.04222972972973,14208,9792,1073741824.0,107374182.4
Dragonfly+,872,11640209408.0,75.04926801801803,14208,9792,1073741824.0,107374182.4
Dragonfly+,873,11640209408.0,75.05630630630631,14208,9792,1073741824.0,107374182.4
Dragonfly+,874,11640209408.0,75.0633445945946,14208,9792,1073741824.0,107374182.4
Dragonfly+,875,11640209408.0,75.07038288288288,14208,9792,1073741824.0,107374182.4
Dragonfly+,876,11640209408.0,75.07742117117117,14208,9792,1073741824.0,107374182.4
Dragonfly+,877,11640209408.0,75.08445945945947,14208,9792,1073741824.0,107374182.4
Dragonfly+,878,11640209408.0,75.09149774774775,14208,9792,1073741824.0,107374182.4
Dragonfly+,879,11640209408.0,75.09853603603604,14208,9792,1073741824.0,107374182.4
Dragonfly+,880,11640209408.0,75.10557432432432,14208,9792,1073741824.0,107374182.4
Dragonfly+,881,11640209408.0,75.11261261261262,14208,9792,1073741824.0,107374182.4
Dragonfly+,882,11640209408.0,75.11965090090091,14208,9792,1073741824.0,107374182.4
Dragonfly+,883,11640209408.0,75.1266891891892,14208,9792,1073741824.0,107374182.4
Dragonfly+,884,11640209408.0,75.13372747747748,14208,9792,1073741824.0,107374182.4
Dragonfly+,885,11640209408.0,75.14076576576578,14208,9792,1073741824.0,107374182.4
Dragonfly+,886,11640209408.0,75.14780405405406,14208,9792,1073741824.0,107374182.4
Dragonfly+,887,11640209408.0,75.15484234234235,14208,9792,1073741824.0,107374182.4
Dragonfly+,888,11640209408.0,75.16188063063063,14208,9792,1073741824.0,107374182.4
Dragonfly+,889,11640209408.0,75.16891891891892,14208,9792,1073741824.0,107374182.4
Dragonfly+,890,11640209408.0,75.1759572072072,14208,9792,1073741824.0,107374182.4
Dragonfly+,891,11640209408.0,75.1829954954955,14208,9792,1073741824.0,107374182.4
Dragonfly+,892,11640209408.0,75.19003378378379,14208,9792,1073741824.0,107374182.4
Dragonfly+,893,11640209408.0,75.19707207207207,14208,9792,1073741824.0,107374182.4
Dragonfly+,894,11640209408.0,75.20411036036036,14208,9792,1073741824.0,107374182.4
Dragonfly+,895,11640209408.0,75.21114864864865,14208,9792,1073741824.0,107374182.4
Dragonfly+,896,11640209408.0,75.21818693693693,14208,9792,1073741824.0,107374182.4
Dragonfly+,897,11640209408.0,75.22522522522522,14208,9792,1073741824.0,107374182.4
Dragonfly+,898,11640209408.0,75.23226351351352,14208,9792,1073741824.0,107374182.4
Dragonfly+,899,11640209408.0,75.2393018018018,14208,9792,1073741824.0,107374182.4
Dragonfly+,900,11640209408.0,75.24634009009009,14208,9792,1073741824.0,107374182.4
Dragonfly+,901,11640209408.0,75.25337837837837,14208,9792,1073741824.0,107374182.4
Dragonfly+,902,11640209408.0,75.26041666666666,14208,9792,1073741824.0,107374182.4
Dragonfly+,903,11640209408.0,75.26745495495496,14208,9792,1073741824.0,107374182.4
Dragonfly+,904,11640209408.0,75.27449324324324,14208,9792,1073741824.0,107374182.4
Dragonfly+,905,11640209408.0,75.28153153153153,14208,9792,1073741824.0,107374182.4
Dragonfly+,906,11640209408.0,75.28856981981981,14208,9792,1073741824.0,107374182.4
Dragonfly+,907,11640209408.0,75.2956081081081,14208,9792,1073741824.0,107374182.4
Dragonfly+,908,11640209408.0,75.3026463963964,14208,9792,1073741824.0,107374182.4
Dragonfly+,909,11640209408.0,75.30968468468468,14208,9792,1073741824.0,107374182.4
Dragonfly+,910,11640209408.0,75.31672297297297,14208,9792,1073741824.0,107374182.4
Dragonfly+,911,11640209408.0,75.32376126126125,14208,9792,1073741824.0,107374182.4
Dragonfly+,912,11640209408.0,75.33079954954955,14208,9792,1073741824.0,107374182.4
Dragonfly+,913,11640209408.0,75.33783783783784,14208,9792,1073741824.0,107374182.4
Dragonfly+,914,11640209408.0,75.34487612612612,14208,9792,1073741824.0,107374182.4
Dragonfly+,915,11640209408.0,75.35191441441441,14208,9792,1073741824.0,107374182.4
Dragonfly+,916,11640209408.0,75.3589527027027,14208,9792,1073741824.0,107374182.4
Dragonfly+,917,11640209408.0,75.365990990991,14208,9792,1073741824.0,107374182.4
Dragonfly+,918,11640209408.0,75.37302927927928,14208,9792,1073741824.0,107374182.4
Dragonfly+,919,11640209408.0,75.38006756756756,14208,9792,1073741824.0,107374182.4
Dragonfly+,920,11640209408.0,75.38710585585585,14208,9792,1073741824.0,107374182.4
Dragonfly+,921,11640209408.0,75.39414414414415,14208,9792,1073741824.0,107374182.4
Dragonfly+,922,11640209408.0,75.40118243243244,14208,9792,1073741824.0,107374182.4
Dragonfly+,923,11640209408.0,75.40822072072072,14208,9792,1073741824.0,107374182.4
Dragonfly+,924,11640209408.0,75.415259009009,14208,9792,1073741824.0,107374182.4
Dragonfly+,925,11640209408.0,75.4222972972973,14208,9792,1073741824.0,107374182.4
Dragonfly+,926,11640209408.0,75.42933558558559,14208,9792,1073741824.0,107374182.4
Dragonfly+,927,11640209408.0,75.43637387387388,14208,9792,1073741824.0,107374182.4
Dragonfly+,928,11640209408.0,75.44341216216216,14208,9792,1073741824.0,107374182.4
Dragonfly+,929,11640209408.0,75.45045045045045,14208,9792,1073741824.0,107374182.4
Dragonfly+,930,11640209408.0,75.45748873873875,14208,9792,1073741824.0,107374182.4
Dragonfly+,931,11640209408.0,75.46452702702703,14208,9792,1073741824.0,107374182.4
Dragonfly+,932,11640209408.0,75.47156531531532,14208,9792,1073741824.0,107374182.4
Dragonfly+,933,11640209408.0,75.4786036036036,14208,9792,1073741824.0,107374182.4
Dragonfly+,934,11640209408.0,75.4856418918919,14208,9792,1073741824.0,107374182.4
Dragonfly+,935,11640209408.0,75.49268018018019,14208,9792,1073741824.0,107374182.4
Dragonfly+,936,11640209408.0,75.49971846846847,14208,9792,1073741824.0,107374182.4
Dragonfly+,937,11640209408.0,75.50675675675676,14208,9792,1073741824.0,107374182.4
Dragonfly+,938,11640209408.0,75.51379504504504,14208,9792,1073741824.0,107374182.4
Dragonfly+,939,11640209408.0,75.52083333333334,14208,9792,1073741824.0,107374182.4
Dragonfly+,940,11640209408.0,75.52787162162163,14208,9792,1073741824.0,107374182.4
Dragonfly+,941,11640209408.0,75.53490990990991,14208,9792,1073741824.0,107374182.4
Dragonfly+,942,11640209408.0,75.5419481981982,14208,9792,1073741824.0,107374182.4
Dragonfly+,943,11640209408.0,75.54898648648648,14208,9792,1073741824.0,107374182.4
Dragonfly+,944,11640209408.0,75.55602477477478,14208,9792,1073741824.0,107374182.4
Dragonfly+,945,11640209408.0,75.56306306306307,14208,9792,1073741824.0,107374182.4
Dragonfly+,946,11640209408.0,75.57010135135135,14208,9792,1073741824.0,107374182.4
Dragonfly+,947,11640209408.0,75.57713963963964,14208,9792,1073741824.0,107374182.4
Dragonfly+,948,11640209408.0,75.58417792792793,14208,9792,1073741824.0,107374182.4
Dragonfly+,949,11640209408.0,75.59121621621621,14208,9792,1073741824.0,107374182.4
Dragonfly+,950,11640209408.0,75.5982545045045,14208,9792,1073741824.0,107374182.4
Dragonfly+,951,11640209408.0,75.6052927927928,14208,9792,1073741824.0,107374182.4
Dragonfly+,952,11640209408.0,75.61233108108108,14208,9792,1073741824.0,107374182.4
Dragonfly+,953,11640209408.0,75.61936936936937,14208,9792,1073741824.0,107374182.4
Dragonfly+,954,11640209408.0,75.62640765765765,14208,9792,1073741824.0,107374182.4
Dragonfly+,955,11640209408.0,75.63344594594594,14208,9792,1073741824.0,107374182.4
Dragonfly+,956,11640209408.0,75.64048423423422,14208,9792,1073741824.0,107374182.4
Dragonfly+,957,11640209408.0,75.64752252252252,14208,9792,1073741824.0,107374182.4
Dragonfly+,958,11640209408.0,75.6545608108108,14208,9792,1073741824.0,107374182.4
Dragonfly+,959,11640209408.0,75.66159909909909,14208,9792,1073741824.0,107374182.4
Dragonfly+,960,11640209408.0,75.66863738738738,14208,9792,1073741824.0,107374182.4
Dragonfly+,961,11640209408.0,75.67567567567568,14208,9792,1073741824.0,107374182.4
Dragonfly+,962,11640209408.0,75.68271396396396,14208,9792,1073741824.0,107374182.4
Dragonfly+,963,11640209408.0,75.68975225225225,14208,9792,1073741824.0,107374182.4
Dragonfly+,964,11640209408.0,75.69679054054053,14208,9792,1073741824.0,107374182.4
Dragonfly+,965,11640209408.0,75.70382882882883,14208,9792,1073741824.0,107374182.4
Dragonfly+,966,11640209408.0,75.71086711711712,14208,9792,1073741824.0,107374182.4
Dragonfly+,967,11640209408.0,75.7179054054054,14208,9792,1073741824.0,107374182.4
Dragonfly+,968,11640209408.0,75.72494369369369,14208,9792,1073741824.0,107374182.4
Dragonfly+,969,11640209408.0,75.73198198198197,14208,9792,1073741824.0,107374182.4
Dragonfly+,970,11640209408.0,75.73902027027027,14208,9792,1073741824.0,107374182.4
Dragonfly+,971,11640209408.0,75.74605855855856,14208,9792,1073741824.0,107374182.4
Dragonfly+,972,11640209408.0,75.75309684684684,14208,9792,1073741824.0,107374182.4
Dragonfly+,973,11640209408.0,75.76013513513513,14208,9792,1073741824.0,107374182.4
Dragonfly+,974,11640209408.0,75.76717342342343,14208,9792,1073741824.0,107374182.4
Dragonfly+,975,11640209408.0,75.77421171171171,14208,9792,1073741824.0,107374182.4
Dragonfly+,976,11640209408.0,75.78125,14208,9792,1073741824.0,107374182.4
Dragonfly+,977,11640209408.0,75.78828828828829,14208,9792,1073741824.0,107374182.4
Dragonfly+,978,11640209408.0,75.79532657657657,14208,9792,1073741824.0,107374182.4
Dragonfly+,979,11640209408.0,75.80236486486487,14208,9792,1073741824.0,107374182.4
Dragonfly+,980,11640209408.0,75.80940315315316,14208,9792,1073741824.0,107374182.4
Dragonfly+,981,11640209408.0,75.81644144144144,14208,9792,1073741824.0,107374182.4
Dragonfly+,982,11640209408.0,75.82347972972973,14208,9792,1073741824.0,107374182.4
Dragonfly+,983,11640209408.0,75.83051801801803,14208,9792,1073741824.0,107374182.4
Dragonfly+,984,11640209408.0,75.83755630630631,14208,9792,1073741824.0,107374182.4
Dragonfly+,985,11640209408.0,75.8445945945946,14208,9792,1073741824.0,107374182.4
Dragonfly+,986,11640209408.0,75.85163288288288,14208,9792,1073741824.0,107374182.4
Dragonfly+,987,11640209408.0,75.85867117117117,14208,9792,1073741824.0,107374182.4
Dragonfly+,988,11640209408.0,75.86570945945947,14208,9792,1073741824.0,107374182.4
Dragonfly+,989,11640209408.0,75.87274774774775,14208,9792,1073741824.0,107374182.4
Dragonfly+,990,11640209408.0,75.87978603603604,14208,9792,1073741824.0,107374182.4
Dragonfly+,991,11640209408.0,75.88682432432432,14208,9792,1073741824.0,107374182.4
Dragonfly+,992,11640209408.0,75.89386261261262,14208,9792,1073741824.0,107374182.4
Dragonfly+,993,11640209408.0,75.90090090090091,14208,9792,1073741824.0,107374182.4
Dragonfly+,994,11640209408.0,75.9079391891892,14208,9792,1073741824.0,107374182.4
Dragonfly+,995,11640209408.0,75.91497747747748,14208,9792,1073741824.0,107374182.4
Dragonfly+,996,11640209408.0,75.92201576576578,14208,9792,1073741824.0,107374182.4
Dragonfly+,997,11640209408.0,75.92905405405406,14208,9792,1073741824.0,107374182.4
Dragonfly+,998,11640209408.0,75.93609234234235,14208,9792,1073741824.0,107374182.4
Dragonfly+,999,11640209408.0,75.94313063063063,14208,9792,1073741824.0,107374182.4
Dragonfly+,1000,11640209408.0,75.95016891891892,14208,9792,1073741824.0,107374182.4
Dragonfly+,1001,11640209408.0,75.9572072072072,14208,9792,1073741824.0,107374182.4
Dragonfly+,1002,11640209408.0,75.9642454954955,14208,9792,1073741824.0,107374182.4
Dragonfly+,1003,11640209408.0,75.97128378378379,14208,9792,1073741824.0,107374182.4
Dragonfly+,1004,11640209408.0,75.97832207207207,14208,9792,1073741824.0,107374182.4
Dragonfly+,1005,11640209408.0,75.98536036036036,14208,9792,1073741824.0,107374182.4
Dragonfly+,1006,11640209408.0,75.99239864864865,14208,9792,1073741824.0,107374182.4
Dragonfly+,1007,11640209408.0,75.99943693693693,14208,9792,1073741824.0,107374182.4
Dragonfly+,1008,11640209408.0,76.00647522522522,14208,9792,1073741824.0,107374182.4
Dragonfly+,1009,11640209408.0,76.01351351351352,14208,9792,1073741824.0,107374182.4
Dragonfly+,1010,11640209408.0,76.0205518018018,14208,9792,1073741824.0,107374182.4
Dragonfly+,1011,11640209408.0,76.02759009009009,14208,9792,1073741824.0,107374182.4
Dragonfly+,1012,11640209408.0,76.03462837837837,14208,9792,1073741824.0,107374182.4
Dragonfly+,1013,11640209408.0,76.04166666666666,14208,9792,1073741824.0,107374182.4
Dragonfly+,1014,11640209408.0,76.04870495495496,14208,9792,1073741824.0,107374182.4
Dragonfly+,1015,11640209408.0,76.05574324324324,14208,9792,1073741824.0,107374182.4
Dragonfly+,1016,11640209408.0,76.06278153153153,14208,9792,1073741824.0,107374182.4
Dragonfly+,1017,11640209408.0,76.06981981981981,14208,9792,1073741824.0,107374182.4
Dragonfly+,1018,11640209408.0,76.0768581081081,14208,9792,1073741824.0,107374182.4
Dragonfly+,1019,11640209408.0,76.0838963963964,14208,9792,1073741824.0,107374182.4
Dragonfly+,1020,11640209408.0,76.09093468468468,14208,9792,1073741824.0,107374182.4
Dragonfly+,1021,11640209408.0,76.09797297297297,14208,9792,1073741824.0,107374182.4
Dragonfly+,1022,11640209408.0,76.10501126126125,14208,9792,1073741824.0,107374182.4
Dragonfly+,1023,11640209408.0,76.11204954954955,14208,9792,1073741824.0,107374182.4
Dragonfly+,1024,11640209408.0,76.11908783783784,14208,9792,1073741824.0,107374182.4
Dragonfly+,1025,11640209408.0,76.12612612612612,14208,9792,1073741824.0,107374182.4
Dragonfly+,1026,11640209408.0,76.13316441441441,14208,9792,1073741824.0,107374182.4
Dragonfly+,1027,11640209408.0,76.1402027027027,14208,9792,1073741824.0,107374182.4
Dragonfly+,1028,11640209408.0,76.147240990991,14208,9792,1073741824.0,107374182.4
Dragonfly+,1029,11640209408.0,76.15427927927928,14208,9792,1073741824.0,107374182.4
Dragonfly+,1030,11640209408.0,76.16131756756756,14208,9792,1073741824.0,107374182.4
Dragonfly+,1031,11640209408.0,76.16835585585585,14208,9792,1073741824.0,107374182.4
Dragonfly+,1032,11640209408.0,76.17539414414415,14208,9792,1073741824.0,107374182.4
Dragonfly+,1033,11640209408.0,76.18243243243244,14208,9792,1073741824.0,107374182.4
Dragonfly+,1034,11640209408.0,76.18947072072072,14208,9792,1073741824.0,107374182.4
Dragonfly+,1035,11640209408.0,76.196509009009,14208,9792,1073741824.0,107374182.4
Dragonfly+,1036,11640209408.0,76.2035472972973,14208,9792,1073741824.0,107374182.4
Dragonfly+,1037,11640209408.0,76.21058558558559,14208,9792,1073741824.0,107374182.4
Dragonfly+,1038,11640209408.0,76.21762387387388,14208,9792,1073741824.0,107374182.4
Dragonfly+,1039,11640209408.0,76.22466216216216,14208,9792,1073741824.0,107374182.4
Dragonfly+,1040,11640209408.0,76.23170045045045,14208,9792,1073741824.0,107374182.4
Dragonfly+,1041,11640209408.0,76.23873873873875,14208,9792,1073741824.0,107374182.4
Dragonfly+,1042,11640209408.0,76.24577702702703,14208,9792,1073741824.0,107374182.4
Dragonfly+,1043,11640209408.0,76.25281531531532,14208,9792,1073741824.0,107374182.4
Dragonfly+,1044,11640209408.0,76.2598536036036,14208,9792,1073741824.0,107374182.4
Dragonfly+,1045,11640209408.0,76.2668918918919,14208,9792,1073741824.0,107374182.4
Dragonfly+,1046,11640209408.0,76.27393018018019,14208,9792,1073741824.0,107374182.4
Dragonfly+,1047,11640209408.0,76.28096846846847,14208,9792,1073741824.0,107374182.4
Dragonfly+,1048,11640209408.0,76.28800675675676,14208,9792,1073741824.0,107374182.4
Dragonfly+,1049,11640209408.0,76.29504504504504,14208,9792,1073741824.0,107374182.4
Dragonfly+,1050,11640209408.0,76.30208333333334,14208,9792,1073741824.0,107374182.4
Dragonfly+,1051,11640209408.0,76.30912162162163,14208,9792,1073741824.0,107374182.4
Dragonfly+,1052,11640209408.0,76.31615990990991,14208,9792,1073741824.0,107374182.4
Dragonfly+,1053,11640209408.0,76.3231981981982,14208,9792,1073741824.0,107374182.4
Dragonfly+,1054,11640209408.0,76.33023648648648,14208,9792,1073741824.0,107374182.4
Dragonfly+,1055,11640209408.0,76.33727477477478,14208,9792,1073741824.0,107374182.4
Dragonfly+,1056,11640209408.0,76.34431306306307,14208,9792,1073741824.0,107374182.4
Dragonfly+,1057,11640209408.0,76.35135135135135,14208,9792,1073741824.0,107374182.4
Dragonfly+,1058,11640209408.0,76.35838963963964,14208,9792,1073741824.0,107374182.4
Dragonfly+,1059,11640209408.0,76.36542792792793,14208,9792,1073741824.0,107374182.4
Dragonfly+,1060,11640209408.0,76.37246621621621,14208,9792,1073741824.0,107374182.4
Dragonfly+,1061,11640209408.0,76.3795045045045,14208,9792,1073741824.0,107374182.4
Dragonfly+,1062,11640209408.0,76.3865427927928,14208,9792,1073741824.0,107374182.4
Dragonfly+,1063,11640209408.0,76.39358108108108,14208,9792,1073741824.0,107374182.4
Dragonfly+,1064,11640209408.0,76.40061936936937,14208,9792,1073741824.0,107374182.4
Dragonfly+,1065,11640209408.0,76.40765765765765,14208,9792,1073741824.0,107374182.4
Dragonfly+,1066,11640209408.0,76.41469594594594,14208,9792,1073741824.0,107374182.4
Dragonfly+,1067,11640209408.0,76.42173423423422,14208,9792,1073741824.0,107374182.4
Dragonfly+,1068,11640209408.0,76.42877252252252,14208,9792,1073741824.0,107374182.4
Dragonfly+,1069,11640209408.0,76.4358108108108,14208,9792,1073741824.0,107374182.4
Dragonfly+,1070,11640209408.0,76.44284909909909,14208,9792,1073741824.0,107374182.4
Dragonfly+,1071,11640209408.0,76.44988738738738,14208,9792,1073741824.0,107374182.4
Dragonfly+,1072,11640209408.0,76.45692567567568,14208,9792,1073741824.0,107374182.4
Dragonfly+,1073,11640209408.0,76.46396396396396,14208,9792,1073741824.0,107374182.4
Dragonfly+,1074,11640209408.0,76.47100225225225,14208,9792,1073741824.0,107374182.4
Dragonfly+,1075,11640209408.0,76.47804054054053,14208,9792,1073741824.0,107374182.4
Dragonfly+,1076,11640209408.0,76.48507882882883,14208,9792,1073741824.0,107374182.4
Dragonfly+,1077,11640209408.0,76.49211711711712,14208,9792,1073741824.0,107374182.4
Dragonfly+,1078,11640209408.0,76.4991554054054,14208,9792,1073741824.0,107374182.4
Dragonfly+,1079,11640209408.0,76.50619369369369,14208,9792,1073741824.0,107374182.4
Dragonfly+,1080,11640209408.0,76.51323198198197,14208,9792,1073741824.0,107374182.4
Dragonfly+,1081,11640209408.0,76.52027027027027,14208,9792,1073741824.0,107374182.4
Dragonfly+,1082,11640209408.0,76.52730855855856,14208,9792,1073741824.0,107374182.4
Dragonfly+,1083,11640209408.0,76.53434684684684,14208,9792,1073741824.0,107374182.4
Dragonfly+,1084,11640209408.0,76.54138513513513,14208,9792,1073741824.0,107374182.4
Dragonfly+,1085,11640209408.0,76.54842342342343,14208,9792,1073741824.0,107374182.4
Dragonfly+,1086,11640209408.0,76.55546171171171,14208,9792,1073741824.0,107374182.4
Dragonfly+,1087,11640209408.0,76.5625,14208,9792,1073741824.0,107374182.4
Dragonfly+,1088,11640209408.0,76.56953828828829,14208,9792,1073741824.0,107374182.4
Dragonfly+,1089,11640209408.0,76.57657657657657,14208,9792,1073741824.0,107374182.4
Dragonfly+,1090,11640209408.0,76.58361486486487,14208,9792,1073741824.0,107374182.4
Dragonfly+,1091,11640209408.0,76.59065315315316,14208,9792,1073741824.0,107374182.4
Dragonfly+,1092,11640209408.0,76.59769144144144,14208,9792,1073741824.0,107374182.4
Dragonfly+,1093,11640209408.0,76.60472972972973,14208,9792,1073741824.0,107374182.4
Dragonfly+,1094,11640209408.0,76.61176801801803,14208,9792,1073741824.0,107374182.4
Dragonfly+,1095,11640209408.0,76.61880630630631,14208,9792,1073741824.0,107374182.4
Dragonfly+,1096,11640209408.0,76.6258445945946,14208,9792,1073741824.0,107374182.4
Dragonfly+,1097,11640209408.0,76.63288288288288,14208,9792,1073741824.0,107374182.4
Dragonfly+,1098,11640209408.0,76.63992117117117,14208,9792,1073741824.0,107374182.4
Dragonfly+,1099,11640209408.0,76.64695945945947,14208,9792,1073741824.0,107374182.4
Dragonfly+,1100,11640209408.0,76.65399774774775,14208,9792,1073741824.0,107374182.4
Dragonfly+,1101,11640209408.0,76.66103603603604,14208,9792,1073741824.0,107374182.4
Dragonfly+,1102,11640209408.0,76.66807432432432,14208,9792,1073741824.0,107374182.4
Dragonfly+,1103,11640209408.0,76.67511261261262,14208,9792,1073741824.0,107374182.4
Dragonfly+,1104,11640209408.0,76.68215090090091,14208,9792,1073741824.0,107374182.4
Dragonfly+,1105,11640209408.0,76.6891891891892,14208,9792,1073741824.0,107374182.4
Dragonfly+,1106,11640209408.0,76.69622747747748,14208,9792,1073741824.0,107374182.4
Dragonfly+,1107,11640209408.0,76.70326576576578,14208,9792,1073741824.0,107374182.4
Dragonfly+,1108,11640209408.0,76.71030405405406,14208,9792,1073741824.0,107374182.4
Dragonfly+,1109,11640209408.0,76.71734234234235,14208,9792,1073741824.0,107374182.4
Dragonfly+,1110,11640209408.0,76.72438063063063,14208,9792,1073741824.0,107374182.4
Dragonfly+,1111,11640209408.0,76.73141891891892,14208,9792,1073741824.0,107374182.4
Dragonfly+,1112,11640209408.0,76.7384572072072,14208,9792,1073741824.0,107374182.4
Dragonfly+,1113,11640209408.0,76.7454954954955,14208,9792,1073741824.0,107374182.4
Dragonfly+,1114,11640209408.0,76.75253378378379,14208,9792,1073741824.0,107374182.4
Dragonfly+,1115,11640209408.0,76.75957207207207,14208,9792,1073741824.0,107374182.4
Dragonfly+,1116,11640209408.0,76.76661036036036,14208,9792,1073741824.0,107374182.4
Dragonfly+,1117,11640209408.0,76.77364864864865,14208,9792,1073741824.0,107374182.4
Dragonfly+,1118,11640209408.0,76.78068693693693,14208,9792,1073741824.0,107374182.4
Dragonfly+,1119,11640209408.0,76.78772522522522,14208,9792,1073741824.0,107374182.4
Dragonfly+,1120,11640209408.0,76.79476351351352,14208,9792,1073741824.0,107374182.4
Dragonfly+,1121,11640209408.0,76.8018018018018,14208,9792,1073741824.0,107374182.4
Dragonfly+,1122,11640209408.0,76.80884009009009,14208,9792,1073741824.0,107374182.4
Dragonfly+,1123,11640209408.0,76.81587837837837,14208,9792,1073741824.0,107374182.4
Dragonfly+,1124,11640209408.0,76.82291666666666,14208,9792,1073741824.0,107374182.4
Dragonfly+,1125,11640209408.0,76.82995495495496,14208,9792,1073741824.0,107374182.4
Dragonfly+,1126,11640209408.0,76.83699324324324,14208,9792,1073741824.0,107374182.4
Dragonfly+,1127,11640209408.0,76.84403153153153,14208,9792,1073741824.0,107374182.4
Dragonfly+,1128,11640209408.0,76.85106981981981,14208,9792,1073741824.0,107374182.4
Dragonfly+,1129,11640209408.0,76.8581081081081,14208,9792,1073741824.0,107374182.4
Dragonfly+,1130,11640209408.0,76.8651463963964,14208,9792,1073741824.0,107374182.4
Dragonfly+,1131,11640209408.0,76.87218468468468,14208,9792,1073741824.0,107374182.4
Dragonfly+,1132,11640209408.0,76.87922297297297,14208,9792,1073741824.0,107374182.4
Dragonfly+,1133,11640209408.0,76.88626126126125,14208,9792,1073741824.0,107374182.4
Dragonfly+,1134,11640209408.0,76.89329954954955,14208,9792,1073741824.0,107374182.4
Dragonfly+,1135,11640209408.0,76.90033783783784,14208,9792,1073741824.0,107374182.4
Dragonfly+,1136,11640209408.0,76.90737612612612,14208,9792,1073741824.0,107374182.4
Dragonfly+,1137,11640209408.0,76.91441441441441,14208,9792,1073741824.0,107374182.4
Dragonfly+,1138,11640209408.0,76.9214527027027,14208,9792,1073741824.0,107374182.4
Dragonfly+,1139,11640209408.0,76.928490990991,14208,9792,1073741824.0,107374182.4
Dragonfly+,1140,11640209408.0,76.93552927927928,14208,9792,1073741824.0,107374182.4
Dragonfly+,1141,11640209408.0,76.94256756756756,14208,9792,1073741824.0,107374182.4
Dragonfly+,1142,11640209408.0,76.94960585585585,14208,9792,1073741824.0,107374182.4
Dragonfly+,1143,11640209408.0,76.95664414414415,14208,9792,1073741824.0,107374182.4
Dragonfly+,1144,11640209408.0,76.96368243243244,14208,9792,1073741824.0,107374182.4
Dragonfly+,1145,11640209408.0,76.97072072072072,14208,9792,1073741824.0,107374182.4
Dragonfly+,1146,11640209408.0,76.977759009009,14208,9792,1073741824.0,107374182.4
Dragonfly+,1147,11640209408.0,76.9847972972973,14208,9792,1073741824.0,107374182.4
Dragonfly+,1148,11640209408.0,76.99183558558559,14208,9792,1073741824.0,107374182.4
Dragonfly+,1149,11640209408.0,76.99887387387388,14208,9792,1073741824.0,107374182.4
Dragonfly+,1150,11640209408.0,77.00591216216216,14208,9792,1073741824.0,107374182.4
Dragonfly+,1151,11640209408.0,77.01295045045045,14208,9792,1073741824.0,107374182.4
Dragonfly+,1152,11640209408.0,77.01998873873875,14208,9792,1073741824.0,107374182.4
Dragonfly+,1153,11640209408.0,77.02702702702703,14208,9792,1073741824.0,107374182.4
Dragonfly+,1154,11640209408.0,77.03406531531532,14208,9792,1073741824.0,107374182.4
Dragonfly+,1155,11640209408.0,77.0411036036036,14208,9792,1073741824.0,107374182.4
Dragonfly+,1156,11640209408.0,77.0481418918919,14208,9792,1073741824.0,107374182.4
Dragonfly+,1157,11640209408.0,77.05518018018019,14208,9792,1073741824.0,107374182.4
Dragonfly+,1158,11640209408.0,77.06221846846847,14208,9792,1073741824.0,107374182.4
Dragonfly+,1159,11640209408.0,77.06925675675676,14208,9792,1073741824.0,107374182.4
Dragonfly+,1160,11640209408.0,77.07629504504504,14208,9792,1073741824.0,107374182.4
Dragonfly+,1161,11640209408.0,77.08333333333334,14208,9792,1073741824.0,107374182.4
Dragonfly+,1162,11640209408.0,77.09037162162163,14208,9792,1073741824.0,107374182.4
Dragonfly+,1163,11640209408.0,77.09740990990991,14208,9792,1073741824.0,107374182.4
Dragonfly+,1164,11640209408.0,77.1044481981982,14208,9792,1073741824.0,107374182.4
Dragonfly+,1165,11640209408.0,77.11148648648648,14208,9792,1073741824.0,107374182.4
Dragonfly+,1166,11640209408.0,77.11852477477478,14208,9792,1073741824.0,107374182.4
Dragonfly+,1167,11640209408.0,77.12556306306307,14208,9792,1073741824.0,107374182.4
Dragonfly+,1168,11640209408.0,77.13260135135135,14208,9792,1073741824.0,107374182.4
Dragonfly+,1169,11640209408.0,77.13963963963964,14208,9792,1073741824.0,107374182.4
Dragonfly+,1170,11640209408.0,77.14667792792793,14208,9792,1073741824.0,107374182.4
Dragonfly+,1171,11640209408.0,77.15371621621621,14208,9792,1073741824.0,107374182.4
Dragonfly+,1172,11640209408.0,77.1607545045045,14208,9792,1073741824.0,107374182.4
Dragonfly+,1173,11640209408.0,77.1677927927928,14208,9792,1073741824.0,107374182.4
Dragonfly+,1174,11640209408.0,77.17483108108108,14208,9792,1073741824.0,107374182.4
Dragonfly+,1175,11640209408.0,77.18186936936937,14208,9792,1073741824.0,107374182.4
Dragonfly+,1176,11640209408.0,77.18890765765765,14208,9792,1073741824.0,107374182.4
Dragonfly+,1177,11640209408.0,77.19594594594594,14208,9792,1073741824.0,107374182.4
Dragonfly+,1178,11640209408.0,77.20298423423422,14208,9792,1073741824.0,107374182.4
Dragonfly+,1179,11640209408.0,77.21002252252252,14208,9792,1073741824.0,107374182.4
Dragonfly+,1180,11640209408.0,77.2170608108108,14208,9792,1073741824.0,107374182.4
Dragonfly+,1181,11640209408.0,77.22409909909909,14208,9792,1073741824.0,107374182.4
Dragonfly+,1182,11640209408.0,77.23113738738738,14208,9792,1073741824.0,107374182.4
Dragonfly+,1183,11640209408.0,77.23817567567568,14208,9792,1073741824.0,107374182.4
Dragonfly+,1184,11640209408.0,77.24521396396396,14208,9792,1073741824.0,107374182.4
Dragonfly+,1185,11640209408.0,77.25225225225225,14208,9792,1073741824.0,107374182.4
Dragonfly+,1186,11640209408.0,77.25929054054053,14208,9792,1073741824.0,107374182.4
Dragonfly+,1187,11640209408.0,77.26632882882883,14208,9792,1073741824.0,107374182.4
Dragonfly+,1188,11640209408.0,77.27336711711712,14208,9792,1073741824.0,107374182.4
Dragonfly+,1189,11640209408.0,77.2804054054054,14208,9792,1073741824.0,107374182.4
Dragonfly+,1190,11640209408.0,77.28744369369369,14208,9792,1073741824.0,107374182.4
Dragonfly+,1191,11640209408.0,77.29448198198197,14208,9792,1073741824.0,107374182.4
Dragonfly+,1192,11640209408.0,77.30152027027027,14208,9792,1073741824.0,107374182.4
Dragonfly+,1193,11640209408.0,77.30855855855856,14208,9792,1073741824.0,107374182.4
Dragonfly+,1194,11640209408.0,77.31559684684684,14208,9792,1073741824.0,107374182.4
Dragonfly+,1195,11640209408.0,77.32263513513513,14208,9792,1073741824.0,107374182.4
Dragonfly+,1196,11640209408.0,77.32967342342343,14208,9792,1073741824.0,107374182.4
Dragonfly+,1197,11640209408.0,77.33671171171171,14208,9792,1073741824.0,107374182.4
Dragonfly+,1198,11640209408.0,77.34375,14208,9792,1073741824.0,107374182.4
Dragonfly+,1199,11640209408.0,77.35078828828829,14208,9792,1073741824.0,107374182.4
Dragonfly+,1200,11640209408.0,77.35782657657657,14208,9792,1073741824.0,107374182.4
Dragonfly+,1201,11640209408.0,77.36486486486487,14208,9792,1073741824.0,107374182.4
Dragonfly+,1202,11640209408.0,77.37190315315316,14208,9792,1073741824.0,107374182.4
Dragonfly+,1203,11640209408.0,77.37894144144144,14208,9792,1073741824.0,107374182.4
Dragonfly+,1204,11640209408.0,77.38597972972973,14208,9792,1073741824.0,107374182.4
Dragonfly+,1205,11640209408.0,77.39301801801803,14208,9792,1073741824.0,107374182.4
Dragonfly+,1206,11640209408.0,77.40005630630631,14208,9792,1073741824.0,107374182.4
Dragonfly+,1207,11640209408.0,77.4070945945946,14208,9792,1073741824.0,107374182.4
Dragonfly+,1208,11640209408.0,77.41413288288288,14208,9792,1073741824.0,107374182.4
Dragonfly+,1209,11640209408.0,77.42117117117117,14208,9792,1073741824.0,107374182.4
Dragonfly+,1210,11640209408.0,77.42820945945947,14208,9792,1073741824.0,107374182.4
Dragonfly+,1211,11640209408.0,77.43524774774775,14208,9792,1073741824.0,107374182.4
Dragonfly+,1212,11640209408.0,77.44228603603604,14208,9792,1073741824.0,107374182.4
Dragonfly+,1213,11640209408.0,77.44932432432432,14208,9792,1073741824.0,107374182.4
Dragonfly+,1214,11640209408.0,77.45636261261262,14208,9792,1073741824.0,107374182.4
Dragonfly+,1215,11640209408.0,77.46340090090091,14208,9792,1073741824.0,107374182.4
Dragonfly+,1216,11640209408.0,77.4704391891892,14208,9792,1073741824.0,107374182.4
Dragonfly+,1217,11640209408.0,77.47747747747748,14208,9792,1073741824.0,107374182.4
Dragonfly+,1218,11774427136.0,77.48451576576578,14208,9792,1073741824.0,107374182.4
Dragonfly+,1219,11774427136.0,77.49155405405406,14208,9792,1073741824.0,107374182.4
Dragonfly+,1220,11774427136.0,77.49859234234235,14208,9792,1073741824.0,107374182.4
Dragonfly+,1221,11774427136.0,77.50563063063063,14208,9792,1073741824.0,107374182.4
Dragonfly+,1222,11774427136.0,77.51266891891892,14208,9792,1073741824.0,107374182.4
Dragonfly+,1223,11774427136.0,77.5197072072072,14208,9792,1073741824.0,107374182.4
Dragonfly+,1224,11774427136.0,77.5267454954955,14208,9792,1073741824.0,107374182.4
Dragonfly+,1225,11774427136.0,77.53378378378379,14208,9792,1073741824.0,107374182.4
Dragonfly+,1226,11774427136.0,77.54082207207207,14208,9792,1073741824.0,107374182.4
Dragonfly+,1227,11774427136.0,77.54786036036036,14208,9792,1073741824.0,107374182.4
Dragonfly+,1228,11774427136.0,77.55489864864865,14208,9792,1073741824.0,107374182.4
Dragonfly+,1229,11774427136.0,77.56193693693693,14208,9792,1073741824.0,107374182.4
Dragonfly+,1230,11774427136.0,77.56897522522522,14208,9792,1073741824.0,107374182.4
Dragonfly+,1231,11774427136.0,77.57601351351352,14208,9792,1073741824.0,107374182.4
Dragonfly+,1232,11774427136.0,77.5830518018018,14208,9792,1073741824.0,107374182.4
Dragonfly+,1233,11774427136.0,77.59009009009009,14208,9792,1073741824.0,107374182.4
Dragonfly+,1234,11774427136.0,77.59712837837837,14208,9792,1073741824.0,107374182.4
Dragonfly+,1235,11774427136.0,77.60416666666666,14208,9792,1073741824.0,107374182.4
Dragonfly+,1236,11774427136.0,77.61120495495496,14208,9792,1073741824.0,107374182.4
Dragonfly+,1237,11774427136.0,77.61824324324324,14208,9792,1073741824.0,107374182.4
Dragonfly+,1238,11774427136.0,77.62528153153153,14208,9792,1073741824.0,107374182.4
Dragonfly+,1239,11774427136.0,77.63231981981981,14208,9792,1073741824.0,107374182.4
Dragonfly+,1240,11774427136.0,77.6393581081081,14208,9792,1073741824.0,107374182.4
Dragonfly+,1241,11774427136.0,77.6463963963964,14208,9792,1073741824.0,107374182.4
Dragonfly+,1242,11774427136.0,77.65343468468468,14208,9792,1073741824.0,107374182.4
Dragonfly+,1243,11774427136.0,77.66047297297297,14208,9792,1073741824.0,107374182.4
Dragonfly+,1244,11774427136.0,77.66751126126125,14208,9792,1073741824.0,107374182.4
Dragonfly+,1245,11774427136.0,77.67454954954955,14208,9792,1073741824.0,107374182.4
Dragonfly+,1246,11774427136.0,77.68158783783784,14208,9792,1073741824.0,107374182.4
Dragonfly+,1247,11774427136.0,77.68862612612612,14208,9792,1073741824.0,107374182.4
Dragonfly+,1248,11774427136.0,77.69566441441441,14208,9792,1073741824.0,107374182.4
Dragonfly+,1249,11774427136.0,77.7027027027027,14208,9792,1073741824.0,107374182.4
Dragonfly+,1250,11774427136.0,77.709740990991,14208,9792,1073741824.0,107374182.4
Dragonfly+,1251,11774427136.0,77.71677927927928,14208,9792,1073741824.0,107374182.4
Dragonfly+,1252,11774427136.0,77.72381756756756,14208,9792,1073741824.0,107374182.4
Dragonfly+,1253,11774427136.0,77.73085585585585,14208,9792,1073741824.0,107374182.4
Dragonfly+,1254,11774427136.0,77.73789414414415,14208,9792,1073741824.0,107374182.4
Dragonfly+,1255,11774427136.0,77.74493243243244,14208,9792,1073741824.0,107374182.4
Dragonfly+,1256,11774427136.0,77.75197072072072,14208,9792,1073741824.0,107374182.4
Dragonfly+,1257,11774427136.0,77.759009009009,14208,9792,1073741824.0,107374182.4
Dragonfly+,1258,11774427136.0,77.7660472972973,14208,9792,1073741824.0,107374182.4
Dragonfly+,1259,11774427136.0,77.77308558558559,14208,9792,1073741824.0,107374182.4
Dragonfly+,1260,11774427136.0,77.78012387387388,14208,9792,1073741824.0,107374182.4
Dragonfly+,1261,11774427136.0,77.78716216216216,14208,9792,1073741824.0,107374182.4
Dragonfly+,1262,11774427136.0,77.79420045045045,14208,9792,1073741824.0,107374182.4
Dragonfly+,1263,11774427136.0,77.80123873873875,14208,9792,1073741824.0,107374182.4
Dragonfly+,1264,11774427136.0,77.80827702702703,14208,9792,1073741824.0,107374182.4
Dragonfly+,1265,11774427136.0,77.81531531531532,14208,9792,1073741824.0,107374182.4
Dragonfly+,1266,11774427136.0,77.8223536036036,14208,9792,1073741824.0,107374182.4
Dragonfly+,1267,11774427136.0,77.8293918918919,14208,9792,1073741824.0,107374182.4
Dragonfly+,1268,11774427136.0,77.83643018018019,14208,9792,1073741824.0,107374182.4
Dragonfly+,1269,11774427136.0,77.84346846846847,14208,9792,1073741824.0,107374182.4
Dragonfly+,1270,11774427136.0,77.85050675675676,14208,9792,1073741824.0,107374182.4
Dragonfly+,1271,11774427136.0,77.85754504504504,14208,9792,1073741824.0,107374182.4
Dragonfly+,1272,11774427136.0,77.86458333333334,14208,9792,1073741824.0,107374182.4
Dragonfly+,1273,11774427136.0,77.87162162162163,14208,9792,1073741824.0,107374182.4
Dragonfly+,1274,11774427136.0,77.87865990990991,14208,9792,1073741824.0,107374182.4
Dragonfly+,1275,11774427136.0,77.8856981981982,14208,9792,1073741824.0,107374182.4
Dragonfly+,1276,11774427136.0,77.89273648648648,14208,9792,1073741824.0,107374182.4
Dragonfly+,1277,11774427136.0,77.89977477477478,14208,9792,1073741824.0,107374182.4
Dragonfly+,1278,11774427136.0,77.90681306306307,14208,9792,1073741824.0,107374182.4
Dragonfly+,1279,11774427136.0,77.91385135135135,14208,9792,1073741824.0,107374182.4
Dragonfly+,1280,11774427136.0,77.92088963963964,14208,9792,1073741824.0,107374182.4
Dragonfly+,1281,11774427136.0,77.92792792792793,14208,9792,1073741824.0,107374182.4
Dragonfly+,1282,11774427136.0,77.93496621621621,14208,9792,1073741824.0,107374182.4
Dragonfly+,1283,11774427136.0,77.9420045045045,14208,9792,1073741824.0,107374182.4
Dragonfly+,1284,11774427136.0,77.9490427927928,14208,9792,1073741824.0,107374182.4
Dragonfly+,1285,11774427136.0,77.95608108108108,14208,9792,1073741824.0,107374182.4
Dragonfly+,1286,11774427136.0,77.96311936936937,14208,9792,1073741824.0,107374182.4
Dragonfly+,1287,11774427136.0,77.97015765765765,14208,9792,1073741824.0,107374182.4
Dragonfly+,1288,11774427136.0,77.97719594594594,14208,9792,1073741824.0,107374182.4
Dragonfly+,1289,11774427136.0,77.98423423423422,14208,9792,1073741824.0,107374182.4
Dragonfly+,1290,11774427136.0,77.99127252252252,14208,9792,1073741824.0,107374182.4
Dragonfly+,1291,11774427136.0,77.9983108108108,14208,9792,1073741824.0,107374182.4
Dragonfly+,1292,11774427136.0,78.00534909909909,14208,9792,1073741824.0,107374182.4
Dragonfly+,1293,11774427136.0,78.01238738738738,14208,9792,1073741824.0,107374182.4
Dragonfly+,1294,11774427136.0,78.01942567567568,14208,9792,1073741824.0,107374182.4
Dragonfly+,1295,11774427136.0,78.02646396396396,14208,9792,1073741824.0,107374182.4
Dragonfly+,1296,11774427136.0,78.03350225225225,14208,9792,1073741824.0,107374182.4
Dragonfly+,1297,11774427136.0,78.04054054054053,14208,9792,1073741824.0,107374182.4
Dragonfly+,1298,11774427136.0,78.04757882882883,14208,9792,1073741824.0,107374182.4
Dragonfly+,1299,11774427136.0,78.05461711711712,14208,9792,1073741824.0,107374182.4
Dragonfly+,1300,11774427136.0,78.0616554054054,14208,9792,1073741824.0,107374182.4
Dragonfly+,1301,11774427136.0,78.06869369369369,14208,9792,1073741824.0,107374182.4
Dragonfly+,1302,11774427136.0,78.07573198198197,14208,9792,1073741824.0,107374182.4
Dragonfly+,1303,11774427136.0,78.08277027027027,14208,9792,1073741824.0,107374182.4
Dragonfly+,1304,11774427136.0,78.08980855855856,14208,9792,1073741824.0,107374182.4
Dragonfly+,1305,11774427136.0,78.09684684684684,14208,9792,1073741824.0,107374182.4
Dragonfly+,1306,11774427136.0,78.10388513513513,14208,9792,1073741824.0,107374182.4
Dragonfly+,1307,11774427136.0,78.11092342342343,14208,9792,1073741824.0,107374182.4
Dragonfly+,1308,11774427136.0,78.11796171171171,14208,9792,1073741824.0,107374182.4
Dragonfly+,1309,11774427136.0,78.125,14208,9792,1073741824.0,107374182.4
Dragonfly+,1310,11774427136.0,78.13203828828829,14208,9792,1073741824.0,107374182.4
Dragonfly+,1311,11774427136.0,78.13907657657657,14208,9792,1073741824.0,107374182.4
Dragonfly+,1312,11774427136.0,78.14611486486487,14208,9792,1073741824.0,107374182.4
Dragonfly+,1313,11774427136.0,78.15315315315316,14208,9792,1073741824.0,107374182.4
Dragonfly+,1314,11774427136.0,78.16019144144144,14208,9792,1073741824.0,107374182.4
Dragonfly+,1315,11774427136.0,78.16722972972973,14208,9792,1073741824.0,107374182.4
Dragonfly+,1316,11774427136.0,78.17426801801803,14208,9792,1073741824.0,107374182.4
Dragonfly+,1317,11774427136.0,78.18130630630631,14208,9792,1073741824.0,107374182.4
Dragonfly+,1318,11774427136.0,78.1883445945946,14208,9792,1073741824.0,107374182.4
Dragonfly+,1319,11774427136.0,78.19538288288288,14208,9792,1073741824.0,107374182.4
Dragonfly+,1320,11774427136.0,78.20242117117117,14208,9792,1073741824.0,107374182.4
Dragonfly+,1321,11774427136.0,78.20945945945947,14208,9792,1073741824.0,107374182.4
Dragonfly+,1322,11774427136.0,78.21649774774775,14208,9792,1073741824.0,107374182.4
Dragonfly+,1323,11774427136.0,78.22353603603604,14208,9792,1073741824.0,107374182.4
Dragonfly+,1324,11774427136.0,78.23057432432432,14208,9792,1073741824.0,107374182.4
Dragonfly+,1325,11774427136.0,78.23761261261262,14208,9792,1073741824.0,107374182.4
Dragonfly+,1326,11774427136.0,78.24465090090091,14208,9792,1073741824.0,107374182.4
Dragonfly+,1327,11774427136.0,78.2516891891892,14208,9792,1073741824.0,107374182.4
Dragonfly+,1328,11774427136.0,78.25872747747748,14208,9792,1073741824.0,107374182.4
Dragonfly+,1329,11774427136.0,78.26576576576578,14208,9792,1073741824.0,107374182.4
Dragonfly+,1330,11774427136.0,78.27280405405406,14208,9792,1073741824.0,107374182.4
Dragonfly+,1331,11774427136.0,78.27984234234235,14208,9792,1073741824.0,107374182.4
Dragonfly+,1332,11774427136.0,78.28688063063063,14208,9792,1073741824.0,107374182.4
Dragonfly+,1333,11774427136.0,78.29391891891892,14208,9792,1073741824.0,107374182.4
Dragonfly+,1334,11774427136.0,78.3009572072072,14208,9792,1073741824.0,107374182.4
Dragonfly+,1335,11774427136.0,78.3079954954955,14208,9792,1073741824.0,107374182.4
Dragonfly+,1336,11774427136.0,78.31503378378379,14208,9792,1073741824.0,107374182.4
Dragonfly+,1337,11774427136.0,78.32207207207207,14208,9792,1073741824.0,107374182.4
Dragonfly+,1338,11774427136.0,78.32911036036036,14208,9792,1073741824.0,107374182.4
Dragonfly+,1339,11774427136.0,78.33614864864865,14208,9792,1073741824.0,107374182.4
Dragonfly+,1340,11774427136.0,78.34318693693693,14208,9792,1073741824.0,107374182.4
Dragonfly+,1341,11774427136.0,78.35022522522522,14208,9792,1073741824.0,107374182.4
Dragonfly+,1342,11774427136.0,78.35726351351352,14208,9792,1073741824.0,107374182.4
Dragonfly+,1343,11774427136.0,78.3643018018018,14208,9792,1073741824.0,107374182.4
Dragonfly+,1344,11774427136.0,78.37134009009009,14208,9792,1073741824.0,107374182.4
Dragonfly+,1345,11774427136.0,78.37837837837837,14208,9792,1073741824.0,107374182.4
Dragonfly+,1346,11774427136.0,78.38541666666666,14208,9792,1073741824.0,107374182.4
Dragonfly+,1347,11774427136.0,78.39245495495496,14208,9792,1073741824.0,107374182.4
Dragonfly+,1348,11774427136.0,78.39949324324324,14208,9792,1073741824.0,107374182.4
Dragonfly+,1349,11774427136.0,78.40653153153153,14208,9792,1073741824.0,107374182.4
Dragonfly+,1350,11774427136.0,78.41356981981981,14208,9792,1073741824.0,107374182.4
Dragonfly+,1351,11774427136.0,78.4206081081081,14208,9792,1073741824.0,107374182.4
Dragonfly+,1352,11774427136.0,78.4276463963964,14208,9792,1073741824.0,107374182.4
Dragonfly+,1353,11774427136.0,78.43468468468468,14208,9792,1073741824.0,107374182.4
Dragonfly+,1354,11774427136.0,78.44172297297297,14208,9792,1073741824.0,107374182.4
Dragonfly+,1355,11774427136.0,78.44876126126125,14208,9792,1073741824.0,107374182.4
Dragonfly+,1356,11774427136.0,78.45579954954955,14208,9792,1073741824.0,107374182.4
Dragonfly+,1357,11774427136.0,78.46283783783784,14208,9792,1073741824.0,107374182.4
Dragonfly+,1358,11774427136.0,78.46987612612612,14208,9792,1073741824.0,107374182.4
Dragonfly+,1359,11774427136.0,78.47691441441441,14208,9792,1073741824.0,107374182.4
Dragonfly+,1360,11774427136.0,78.4839527027027,14208,9792,1073741824.0,107374182.4
Dragonfly+,1361,11774427136.0,78.490990990991,14208,9792,1073741824.0,107374182.4
Dragonfly+,1362,11774427136.0,78.49802927927928,14208,9792,1073741824.0,107374182.4
Dragonfly+,1363,11774427136.0,78.50506756756756,14208,9792,1073741824.0,107374182.4
Dragonfly+,1364,11774427136.0,78.51210585585585,14208,9792,1073741824.0,107374182.4
Dragonfly+,1365,11774427136.0,78.51914414414415,14208,9792,1073741824.0,107374182.4
Dragonfly+,1366,11774427136.0,78.52618243243244,14208,9792,1073741824.0,107374182.4
Dragonfly+,1367,11774427136.0,78.53322072072072,14208,9792,1073741824.0,107374182.4
Dragonfly+,1368,11774427136.0,78.540259009009,14208,9792,1073741824.0,107374182.4
Dragonfly+,1369,11774427136.0,78.5472972972973,14208,9792,1073741824.0,107374182.4
Dragonfly+,1370,11774427136.0,78.55433558558559,14208,9792,1073741824.0,107374182.4
Dragonfly+,1371,11774427136.0,78.56137387387388,14208,9792,1073741824.0,107374182.4
Dragonfly+,1372,11774427136.0,78.56841216216216,14208,9792,1073741824.0,107374182.4
Dragonfly+,1373,11774427136.0,78.57545045045045,14208,9792,1073741824.0,107374182.4
Dragonfly+,1374,11774427136.0,78.58248873873875,14208,9792,1073741824.0,107374182.4
Dragonfly+,1375,11774427136.0,78.58952702702703,14208,9792,1073741824.0,107374182.4
Dragonfly+,1376,11774427136.0,78.59656531531532,14208,9792,1073741824.0,107374182.4
Dragonfly+,1377,11774427136.0,78.6036036036036,14208,9792,1073741824.0,107374182.4
Dragonfly+,1378,11774427136.0,78.6106418918919,14208,9792,1073741824.0,107374182.4
Dragonfly+,1379,11774427136.0,78.61768018018019,14208,9792,1073741824.0,107374182.4
Dragonfly+,1380,11774427136.0,78.62471846846847,14208,9792,1073741824.0,107374182.4
Dragonfly+,1381,11774427136.0,78.63175675675676,14208,9792,1073741824.0,107374182.4
Dragonfly+,1382,11774427136.0,78.63879504504504,14208,9792,1073741824.0,107374182.4
Dragonfly+,1383,11774427136.0,78.64583333333334,14208,9792,1073741824.0,107374182.4
Dragonfly+,1384,11774427136.0,78.65287162162163,14208,9792,1073741824.0,107374182.4
Dragonfly+,1385,11774427136.0,78.65990990990991,14208,9792,1073741824.0,107374182.4
Dragonfly+,1386,11774427136.0,78.6669481981982,14208,9792,1073741824.0,107374182.4
Dragonfly+,1387,11774427136.0,78.67398648648648,14208,9792,1073741824.0,107374182.4
Dragonfly+,1388,11774427136.0,78.68102477477478,14208,9792,1073741824.0,107374182.4
Dragonfly+,1389,11774427136.0,78.68806306306307,14208,9792,1073741824.0,107374182.4
Dragonfly+,1390,11774427136.0,78.69510135135135,14208,9792,1073741824.0,107374182.4
Dragonfly+,1391,11774427136.0,78.70213963963964,14208,9792,1073741824.0,107374182.4
Dragonfly+,1392,11774427136.0,78.70917792792793,14208,9792,1073741824.0,107374182.4
Dragonfly+,1393,11774427136.0,78.71621621621621,14208,9792,1073741824.0,107374182.4
Dragonfly+,1394,11774427136.0,78.7232545045045,14208,9792,1073741824.0,107374182.4
Dragonfly+,1395,11774427136.0,78.7302927927928,14208,9792,1073741824.0,107374182.4
Dragonfly+,1396,11774427136.0,78.73733108108108,14208,9792,1073741824.0,107374182.4
Dragonfly+,1397,11774427136.0,78.74436936936937,14208,9792,1073741824.0,107374182.4
Dragonfly+,1398,11774427136.0,78.75140765765765,14208,9792,1073741824.0,107374182.4
Dragonfly+,1399,11774427136.0,78.75844594594594,14208,9792,1073741824.0,107374182.4
Dragonfly+,1400,11774427136.0,78.76548423423422,14208,9792,1073741824.0,107374182.4
Dragonfly+,1401,11774427136.0,78.77252252252252,14208,9792,1073741824.0,107374182.4
Dragonfly+,1402,11774427136.0,78.7795608108108,14208,9792,1073741824.0,107374182.4
Dragonfly+,1403,11774427136.0,78.78659909909909,14208,9792,1073741824.0,107374182.4
Dragonfly+,1404,11774427136.0,78.79363738738738,14208,9792,1073741824.0,107374182.4
Dragonfly+,1405,11774427136.0,78.80067567567568,14208,9792,1073741824.0,107374182.4
Dragonfly+,1406,11774427136.0,78.80771396396396,14208,9792,1073741824.0,107374182.4
Dragonfly+,1407,11774427136.0,78.81475225225225,14208,9792,1073741824.0,107374182.4
Dragonfly+,1408,11774427136.0,78.82179054054053,14208,9792,1073741824.0,107374182.4
Dragonfly+,1409,11774427136.0,78.82882882882883,14208,9792,1073741824.0,107374182.4
Dragonfly+,1410,11774427136.0,78.83586711711712,14208,9792,1073741824.0,107374182.4
Dragonfly+,1411,11774427136.0,78.8429054054054,14208,9792,1073741824.0,107374182.4
Dragonfly+,1412,11774427136.0,78.84994369369369,14208,9792,1073741824.0,107374182.4
Dragonfly+,1413,11774427136.0,78.85698198198197,14208,9792,1073741824.0,107374182.4
Dragonfly+,1414,11774427136.0,78.86402027027027,14208,9792,1073741824.0,107374182.4
Dragonfly+,1415,11774427136.0,78.87105855855856,14208,9792,1073741824.0,107374182.4
Dragonfly+,1416,11774427136.0,78.87809684684684,14208,9792,1073741824.0,107374182.4
Dragonfly+,1417,11774427136.0,78.88513513513513,14208,9792,1073741824.0,107374182.4
Dragonfly+,1418,11774427136.0,78.89217342342343,14208,9792,1073741824.0,107374182.4
Dragonfly+,1419,11774427136.0,78.89921171171171,14208,9792,1073741824.0,107374182.4
Dragonfly+,1420,11774427136.0,78.90625,14208,9792,1073741824.0,107374182.4
Dragonfly+,1421,11774427136.0,78.91328828828829,14208,9792,1073741824.0,107374182.4
Dragonfly+,1422,11774427136.0,78.92032657657657,14208,9792,1073741824.0,107374182.4
Dragonfly+,1423,11774427136.0,78.92736486486487,14208,9792,1073741824.0,107374182.4
Dragonfly+,1424,11774427136.0,78.93440315315316,14208,9792,1073741824.0,107374182.4
Dragonfly+,1425,11774427136.0,78.94144144144144,14208,9792,1073741824.0,107374182.4
Dragonfly+,1426,11774427136.0,78.94847972972973,14208,9792,1073741824.0,107374182.4
Dragonfly+,1427,11774427136.0,78.95551801801803,14208,9792,1073741824.0,107374182.4
Dragonfly+,1428,11774427136.0,78.96255630630631,14208,9792,1073741824.0,107374182.4
Dragonfly+,1429,11774427136.0,78.9695945945946,14208,9792,1073741824.0,107374182.4
Dragonfly+,1430,11774427136.0,78.97663288288288,14208,9792,1073741824.0,107374182.4
Dragonfly+,1431,11774427136.0,78.98367117117117,14208,9792,1073741824.0,107374182.4
Dragonfly+,1432,11774427136.0,78.99070945945947,14208,9792,1073741824.0,107374182.4
Dragonfly+,1433,11774427136.0,78.99774774774775,14208,9792,1073741824.0,107374182.4
Dragonfly+,1434,11774427136.0,79.00478603603604,14208,9792,1073741824.0,107374182.4
Dragonfly+,1435,11774427136.0,79.01182432432432,14208,9792,1073741824.0,107374182.4
Dragonfly+,1436,11774427136.0,79.01886261261262,14208,9792,1073741824.0,107374182.4
Dragonfly+,1437,11774427136.0,79.02590090090091,14208,9792,1073741824.0,107374182.4
Dragonfly+,1438,11774427136.0,79.0329391891892,14208,9792,1073741824.0,107374182.4
Dragonfly+,1439,11774427136.0,79.03997747747748,14208,9792,1073741824.0,107374182.4
Dragonfly+,1440,11774427136.0,79.04701576576578,14208,9792,1073741824.0,107374182.4
Dragonfly+,1441,11774427136.0,79.05405405405406,14208,9792,1073741824.0,107374182.4
Dragonfly+,1442,11774427136.0,79.06109234234235,14208,9792,1073741824.0,107374182.4
Dragonfly+,1443,11774427136.0,79.06813063063063,14208,9792,1073741824.0,107374182.4
Dragonfly+,1444,11774427136.0,79.07516891891892,14208,9792,1073741824.0,107374182.4
Dragonfly+,1445,11774427136.0,79.0822072072072,14208,9792,1073741824.0,107374182.4
Dragonfly+,1446,11774427136.0,79.0892454954955,14208,9792,1073741824.0,107374182.4
Dragonfly+,1447,11774427136.0,79.09628378378379,14208,9792,1073741824.0,107374182.4
Dragonfly+,1448,11774427136.0,79.10332207207207,14208,9792,1073741824.0,107374182.4
Dragonfly+,1449,11774427136.0,79.11036036036036,14208,9792,1073741824.0,107374182.4
Dragonfly+,1450,11774427136.0,79.11739864864865,14208,9792,1073741824.0,107374182.4
Dragonfly+,1451,11774427136.0,79.12443693693693,14208,9792,1073741824.0,107374182.4
Dragonfly+,1452,11774427136.0,79.13147522522522,14208,9792,1073741824.0,107374182.4
Dragonfly+,1453,11774427136.0,79.13851351351352,14208,9792,1073741824.0,107374182.4
Dragonfly+,1454,11774427136.0,79.1455518018018,14208,9792,1073741824.0,107374182.4
Dragonfly+,1455,11774427136.0,79.15259009009009,14208,9792,1073741824.0,107374182.4
Dragonfly+,1456,11774427136.0,79.15962837837837,14208,9792,1073741824.0,107374182.4
Dragonfly+,1457,11774427136.0,79.16666666666666,14208,9792,1073741824.0,107374182.4
Dragonfly+,1458,11774427136.0,79.17370495495496,14208,9792,1073741824.0,107374182.4
Dragonfly+,1459,11774427136.0,79.18074324324324,14208,9792,1073741824.0,107374182.4
Dragonfly+,1460,11774427136.0,79.18778153153153,14208,9792,1073741824.0,107374182.4
Dragonfly+,1461,11774427136.0,79.19481981981981,14208,9792,1073741824.0,107374182.4
Dragonfly+,1462,11774427136.0,79.2018581081081,14208,9792,1073741824.0,107374182.4
Dragonfly+,1463,11774427136.0,79.2088963963964,14208,9792,1073741824.0,107374182.4
Dragonfly+,1464,11774427136.0,79.21593468468468,14208,9792,1073741824.0,107374182.4
Dragonfly+,1465,11774427136.0,79.22297297297297,14208,9792,1073741824.0,107374182.4
Dragonfly+,1466,11774427136.0,79.23001126126125,14208,9792,1073741824.0,107374182.4
Dragonfly+,1467,11774427136.0,79.23704954954955,14208,9792,1073741824.0,107374182.4
Dragonfly+,1468,11774427136.0,79.24408783783784,14208,9792,1073741824.0,107374182.4
Dragonfly+,1469,11774427136.0,79.25112612612612,14208,9792,1073741824.0,107374182.4
Dragonfly+,1470,11774427136.0,79.25816441441441,14208,9792,1073741824.0,107374182.4
Dragonfly+,1471,11774427136.0,79.2652027027027,14208,9792,1073741824.0,107374182.4
Dragonfly+,1472,11774427136.0,79.272240990991,14208,9792,1073741824.0,107374182.4
Dragonfly+,1473,11774427136.0,79.27927927927928,14208,9792,1073741824.0,107374182.4
Dragonfly+,1474,11774427136.0,79.28631756756756,14208,9792,1073741824.0,107374182.4
Dragonfly+,1475,11774427136.0,79.29335585585585,14208,9792,1073741824.0,107374182.4
Dragonfly+,1476,11774427136.0,79.30039414414415,14208,9792,1073741824.0,107374182.4
Dragonfly+,1477,11774427136.0,79.30743243243244,14208,9792,1073741824.0,107374182.4
Dragonfly+,1478,11774427136.0,79.31447072072072,14208,9792,1073741824.0,107374182.4
Dragonfly+,1479,11774427136.0,79.321509009009,14208,9792,1073741824.0,107374182.4
Dragonfly+,1480,11774427136.0,79.3285472972973,14208,9792,1073741824.0,107374182.4
Dragonfly+,1481,11774427136.0,79.33558558558559,14208,9792,1073741824.0,107374182.4
Dragonfly+,1482,11774427136.0,79.34262387387388,14208,9792,1073741824.0,107374182.4
Dragonfly+,1483,11774427136.0,79.34966216216216,14208,9792,1073741824.0,107374182.4
Dragonfly+,1484,11774427136.0,79.35670045045045,14208,9792,1073741824.0,107374182.4
Dragonfly+,1485,11774427136.0,79.36373873873875,14208,9792,1073741824.0,107374182.4
Dragonfly+,1486,11774427136.0,79.37077702702703,14208,9792,1073741824.0,107374182.4
Dragonfly+,1487,11774427136.0,79.37781531531532,14208,9792,1073741824.0,107374182.4
Dragonfly+,1488,11774427136.0,79.3848536036036,14208,9792,1073741824.0,107374182.4
Dragonfly+,1489,11774427136.0,79.3918918918919,14208,9792,1073741824.0,107374182.4
Dragonfly+,1490,11774427136.0,79.39893018018019,14208,9792,1073741824.0,107374182.4
Dragonfly+,1491,11774427136.0,79.40596846846847,14208,9792,1073741824.0,107374182.4
Dragonfly+,1492,11774427136.0,79.41300675675676,14208,9792,1073741824.0,107374182.4
Dragonfly+,1493,11774427136.0,79.42004504504504,14208,9792,1073741824.0,107374182.4
Dragonfly+,1494,11774427136.0,79.42708333333334,14208,9792,1073741824.0,107374182.4
Dragonfly+,1495,11774427136.0,79.43412162162163,14208,9792,1073741824.0,107374182.4
Dragonfly+,1496,11774427136.0,79.44115990990991,14208,9792,1073741824.0,107374182.4
Dragonfly+,1497,11774427136.0,79.4481981981982,14208,9792,1073741824.0,107374182.4
Dragonfly+,1498,11774427136.0,79.45523648648648,14208,9792,1073741824.0,107374182.4
Dragonfly+,1499,11774427136.0,79.46227477477478,14208,9792,1073741824.0,107374182.4
Dragonfly+,1500,11774427136.0,79.46931306306307,14208,9792,1073741824.0,107374182.4
Dragonfly+,1501,11774427136.0,79.47635135135135,14208,9792,1073741824.0,107374182.4
Dragonfly+,1502,11774427136.0,79.48338963963964,14208,9792,1073741824.0,107374182.4
Dragonfly+,1503,11774427136.0,79.49042792792793,14208,9792,1073741824.0,107374182.4
Dragonfly+,1504,11774427136.0,79.49746621621621,14208,9792,1073741824.0,107374182.4
Dragonfly+,1505,11774427136.0,79.5045045045045,14208,9792,1073741824.0,107374182.4
Dragonfly+,1506,11774427136.0,79.5115427927928,14208,9792,1073741824.0,107374182.4
Dragonfly+,1507,11774427136.0,79.51858108108108,14208,9792,1073741824.0,107374182.4
Dragonfly+,1508,11774427136.0,79.52561936936937,14208,9792,1073741824.0,107374182.4
Dragonfly+,1509,11774427136.0,79.53265765765765,14208,9792,1073741824.0,107374182.4
Dragonfly+,1510,11774427136.0,79.53969594594594,14208,9792,1073741824.0,107374182.4
Dragonfly+,1511,11774427136.0,79.54673423423422,14208,9792,1073741824.0,107374182.4
Dragonfly+,1512,11774427136.0,79.55377252252252,14208,9792,1073741824.0,107374182.4
Dragonfly+,1513,11774427136.0,79.5608108108108,14208,9792,1073741824.0,107374182.4
Dragonfly+,1514,11774427136.0,79.56784909909909,14208,9792,1073741824.0,107374182.4
Dragonfly+,1515,11774427136.0,79.57488738738738,14208,9792,1073741824.0,107374182.4
Dragonfly+,1516,11774427136.0,79.58192567567568,14208,9792,1073741824.0,107374182.4
Dragonfly+,1517,11774427136.0,79.58896396396396,14208,9792,1073741824.0,107374182.4
Dragonfly+,1518,11774427136.0,79.59600225225225,14208,9792,1073741824.0,107374182.4
Dragonfly+,1519,11774427136.0,79.60304054054053,14208,9792,1073741824.0,107374182.4
Dragonfly+,1520,11774427136.0,79.61007882882883,14208,9792,1073741824.0,107374182.4
Dragonfly+,1521,11774427136.0,79.61711711711712,14208,9792,1073741824.0,107374182.4
Dragonfly+,1522,11774427136.0,79.6241554054054,14208,9792,1073741824.0,107374182.4
Dragonfly+,1523,11774427136.0,79.63119369369369,14208,9792,1073741824.0,107374182.4
Dragonfly+,1524,11774427136.0,79.63823198198197,14208,9792,1073741824.0,107374182.4
Dragonfly+,1525,11774427136.0,79.64527027027027,14208,9792,1073741824.0,107374182.4
Dragonfly+,1526,11774427136.0,79.65230855855856,14208,9792,1073741824.0,107374182.4
Dragonfly+,1527,11774427136.0,79.65934684684684,14208,9792,1073741824.0,107374182.4
Dragonfly+,1528,11774427136.0,79.66638513513513,14208,9792,1073741824.0,107374182.4
Dragonfly+,1529,11774427136.0,79.67342342342343,14208,9792,1073741824.0,107374182.4
Dragonfly+,1530,11774427136.0,79.68046171171171,14208,9792,1073741824.0,107374182.4
Dragonfly+,1531,11774427136.0,79.6875,14208,9792,1073741824.0,107374182.4
Dragonfly+,1532,11774427136.0,79.69453828828829,14208,9792,1073741824.0,107374182.4
Dragonfly+,1533,11774427136.0,79.70157657657657,14208,9792,1073741824.0,107374182.4
Dragonfly+,1534,11774427136.0,79.70861486486487,14208,9792,1073741824.0,107374182.4
Dragonfly+,1535,11774427136.0,79.71565315315316,14208,9792,1073741824.0,107374182.4
Dragonfly+,1536,11774427136.0,79.72269144144144,14208,9792,1073741824.0,107374182.4
Dragonfly+,1537,11774427136.0,79.72972972972973,14208,9792,1073741824.0,107374182.4
Dragonfly+,1538,11774427136.0,79.73676801801803,14208,9792,1073741824.0,107374182.4
Dragonfly+,1539,11774427136.0,79.74380630630631,14208,9792,1073741824.0,107374182.4
Dragonfly+,1540,11774427136.0,79.7508445945946,14208,9792,1073741824.0,107374182.4
Dragonfly+,1541,11774427136.0,79.75788288288288,14208,9792,1073741824.0,107374182.4
Dragonfly+,1542,11774427136.0,79.76492117117117,14208,9792,1073741824.0,107374182.4
Dragonfly+,1543,11774427136.0,79.77195945945947,14208,9792,1073741824.0,107374182.4
Dragonfly+,1544,11774427136.0,79.77899774774775,14208,9792,1073741824.0,107374182.4
Dragonfly+,1545,11774427136.0,79.78603603603604,14208,9792,1073741824.0,107374182.4
Dragonfly+,1546,11774427136.0,79.79307432432432,14208,9792,1073741824.0,107374182.4
Dragonfly+,1547,11774427136.0,79.80011261261262,14208,9792,1073741824.0,107374182.4
Dragonfly+,1548,11774427136.0,79.80715090090091,14208,9792,1073741824.0,107374182.4
Dragonfly+,1549,11774427136.0,79.8141891891892,14208,9792,1073741824.0,107374182.4
Dragonfly+,1550,11774427136.0,79.82122747747748,14208,9792,1073741824.0,107374182.4
Dragonfly+,1551,11774427136.0,79.82826576576578,14208,9792,1073741824.0,107374182.4
Dragonfly+,1552,11774427136.0,79.83530405405406,14208,9792,1073741824.0,107374182.4
Dragonfly+,1553,11774427136.0,79.84234234234235,14208,9792,1073741824.0,107374182.4
Dragonfly+,1554,11774427136.0,79.84938063063063,14208,9792,1073741824.0,107374182.4
Dragonfly+,1555,11774427136.0,79.85641891891892,14208,9792,1073741824.0,107374182.4
Dragonfly+,1556,11774427136.0,79.8634572072072,14208,9792,1073741824.0,107374182.4
Dragonfly+,1557,11774427136.0,79.8704954954955,14208,9792,1073741824.0,107374182.4
Dragonfly+,1558,11774427136.0,79.87753378378379,14208,9792,1073741824.0,107374182.4
Dragonfly+,1559,11774427136.0,79.88457207207207,14208,9792,1073741824.0,107374182.4
Dragonfly+,1560,11774427136.0,79.89161036036036,14208,9792,1073741824.0,107374182.4
Dragonfly+,1561,11774427136.0,79.89864864864865,14208,9792,1073741824.0,107374182.4
Dragonfly+,1562,11774427136.0,79.90568693693693,14208,9792,1073741824.0,107374182.4
Dragonfly+,1563,11774427136.0,79.91272522522522,14208,9792,1073741824.0,107374182.4
Dragonfly+,1564,11774427136.0,79.91976351351352,14208,9792,1073741824.0,107374182.4
Dragonfly+,1565,11774427136.0,79.9268018018018,14208,9792,1073741824.0,107374182.4
Dragonfly+,1566,11774427136.0,79.93384009009009,14208,9792,1073741824.0,107374182.4
Dragonfly+,1567,11774427136.0,79.94087837837837,14208,9792,1073741824.0,107374182.4
Dragonfly+,1568,11774427136.0,79.94791666666666,14208,9792,1073741824.0,107374182.4
Dragonfly+,1569,11774427136.0,79.95495495495496,14208,9792,1073741824.0,107374182.4
Dragonfly+,1570,11774427136.0,79.96199324324324,14208,9792,1073741824.0,107374182.4
Dragonfly+,1571,11774427136.0,79.96903153153153,14208,9792,1073741824.0,107374182.4
Dragonfly+,1572,11774427136.0,79.97606981981981,14208,9792,1073741824.0,107374182.4
Dragonfly+,1573,11774427136.0,79.9831081081081,14208,9792,1073741824.0,107374182.4
Dragonfly+,1574,11774427136.0,79.9901463963964,14208,9792,1073741824.0,107374182.4
Dragonfly+,1575,11774427136.0,79.99718468468468,14208,9792,1073741824.0,107374182.4
Dragonfly+,1576,11774427136.0,80.00422297297297,14208,9792,1073741824.0,107374182.4
Dragonfly+,1577,11774427136.0,80.01126126126125,14208,9792,1073741824.0,107374182.4
Dragonfly+,1578,11774427136.0,80.01829954954955,14208,9792,1073741824.0,107374182.4
Dragonfly+,1579,11774427136.0,80.02533783783784,14208,9792,1073741824.0,107374182.4
Dragonfly+,1580,11774427136.0,80.03237612612612,14208,9792,1073741824.0,107374182.4
Dragonfly+,1581,11774427136.0,80.03941441441441,14208,9792,1073741824.0,107374182.4
Dragonfly+,1582,11774427136.0,80.0464527027027,14208,9792,1073741824.0,107374182.4
Dragonfly+,1583,11774427136.0,80.053490990991,14208,9792,1073741824.0,107374182.4
Dragonfly+,1584,11774427136.0,80.06052927927928,14208,9792,1073741824.0,107374182.4
Dragonfly+,1585,11774427136.0,80.06756756756756,14208,9792,1073741824.0,107374182.4
Dragonfly+,1586,11774427136.0,80.07460585585585,14208,9792,1073741824.0,107374182.4
Dragonfly+,1587,11774427136.0,80.08164414414415,14208,9792,1073741824.0,107374182.4
Dragonfly+,1588,11774427136.0,80.08868243243244,14208,9792,1073741824.0,107374182.4
Dragonfly+,1589,11774427136.0,80.09572072072072,14208,9792,1073741824.0,107374182.4
Dragonfly+,1590,11774427136.0,80.102759009009,14208,9792,1073741824.0,107374182.4
Dragonfly+,1591,11774427136.0,80.1097972972973,14208,9792,1073741824.0,107374182.4
Dragonfly+,1592,11774427136.0,80.11683558558559,14208,9792,1073741824.0,107374182.4
Dragonfly+,1593,11774427136.0,80.12387387387388,14208,9792,1073741824.0,107374182.4
Dragonfly+,1594,11774427136.0,80.13091216216216,14208,9792,1073741824.0,107374182.4
Dragonfly+,1595,11774427136.0,80.13795045045045,14208,9792,1073741824.0,107374182.4
Dragonfly+,1596,11774427136.0,80.14498873873875,14208,9792,1073741824.0,107374182.4
Dragonfly+,1597,11774427136.0,80.15202702702703,14208,9792,1073741824.0,107374182.4
Dragonfly+,1598,11774427136.0,80.15906531531532,14208,9792,1073741824.0,107374182.4
Dragonfly+,1599,11774427136.0,80.1661036036036,14208,9792,1073741824.0,107374182.4
Dragonfly+,1600,11774427136.0,80.1731418918919,14208,9792,1073741824.0,107374182.4
Dragonfly+,1601,11774427136.0,80.18018018018019,14208,9792,1073741824.0,107374182.4
Dragonfly+,1602,11774427136.0,80.18721846846847,14208,9792,1073741824.0,107374182.4
Dragonfly+,1603,11774427136.0,80.19425675675676,14208,9792,1073741824.0,107374182.4
Dragonfly+,1604,11774427136.0,80.20129504504504,14208,9792,1073741824.0,107374182.4
Dragonfly+,1605,11774427136.0,80.20833333333334,14208,9792,1073741824.0,107374182.4
Dragonfly+,1606,11774427136.0,80.21537162162163,14208,9792,1073741824.0,107374182.4
Dragonfly+,1607,11774427136.0,80.22240990990991,14208,9792,1073741824.0,107374182.4
Dragonfly+,1608,11774427136.0,80.2294481981982,14208,9792,1073741824.0,107374182.4
Dragonfly+,1609,11774427136.0,80.23648648648648,14208,9792,1073741824.0,107374182.4
Dragonfly+,1610,11774427136.0,80.24352477477478,14208,9792,1073741824.0,107374182.4
Dragonfly+,1611,11774427136.0,80.25056306306307,14208,9792,1073741824.0,107374182.4
Dragonfly+,1612,11774427136.0,80.25760135135135,14208,9792,1073741824.0,107374182.4
Dragonfly+,1613,11774427136.0,80.26463963963964,14208,9792,1073741824.0,107374182.4
Dragonfly+,1614,11774427136.0,80.27167792792793,14208,9792,1073741824.0,107374182.4
Dragonfly+,1615,11774427136.0,80.27871621621621,14208,9792,1073741824.0,107374182.4
Dragonfly+,1616,11774427136.0,80.2857545045045,14208,9792,1073741824.0,107374182.4
Dragonfly+,1617,11774427136.0,80.2927927927928,14208,9792,1073741824.0,107374182.4
Dragonfly+,1618,11774427136.0,80.29983108108108,14208,9792,1073741824.0,107374182.4
Dragonfly+,1619,11774427136.0,80.30686936936937,14208,9792,1073741824.0,107374182.4
Dragonfly+,1620,11774427136.0,80.31390765765765,14208,9792,1073741824.0,107374182.4
Dragonfly+,1621,11774427136.0,80.32094594594594,14208,9792,1073741824.0,107374182.4
Dragonfly+,1622,11774427136.0,80.32798423423422,14208,9792,1073741824.0,107374182.4
Dragonfly+,1623,11774427136.0,80.33502252252252,14208,9792,1073741824.0,107374182.4
Dragonfly+,1624,11774427136.0,80.3420608108108,14208,9792,1073741824.0,107374182.4
Dragonfly+,1625,11774427136.0,80.34909909909909,14208,9792,1073741824.0,107374182.4
Dragonfly+,1626,11774427136.0,80.35613738738738,14208,9792,1073741824.0,107374182.4
Dragonfly+,1627,11774427136.0,80.36317567567568,14208,9792,1073741824.0,107374182.4
Dragonfly+,1628,11774427136.0,80.37021396396396,14208,9792,1073741824.0,107374182.4
Dragonfly+,1629,11774427136.0,80.37725225225225,14208,9792,1073741824.0,107374182.4
Dragonfly+,1630,11774427136.0,80.38429054054053,14208,9792,1073741824.0,107374182.4
Dragonfly+,1631,11774427136.0,80.39132882882883,14208,9792,1073741824.0,107374182.4
Dragonfly+,1632,11774427136.0,80.39836711711712,14208,9792,1073741824.0,107374182.4
Dragonfly+,1633,11774427136.0,80.4054054054054,14208,9792,1073741824.0,107374182.4
Dragonfly+,1634,11774427136.0,80.41244369369369,14208,9792,1073741824.0,107374182.4
Dragonfly+,1635,11774427136.0,80.41948198198197,14208,9792,1073741824.0,107374182.4
Dragonfly+,1636,11774427136.0,80.42652027027027,14208,9792,1073741824.0,107374182.4
Dragonfly+,1637,11774427136.0,80.43355855855856,14208,9792,1073741824.0,107374182.4
Dragonfly+,1638,11774427136.0,80.44059684684684,14208,9792,1073741824.0,107374182.4
Dragonfly+,1639,11774427136.0,80.44763513513513,14208,9792,1073741824.0,107374182.4
Dragonfly+,1640,11774427136.0,80.45467342342343,14208,9792,1073741824.0,107374182.4
Dragonfly+,1641,11774427136.0,80.46171171171171,14208,9792,1073741824.0,107374182.4
Dragonfly+,1642,11774427136.0,80.46875,14208,9792,1073741824.0,107374182.4
Dragonfly+,1643,11774427136.0,80.47578828828829,14208,9792,1073741824.0,107374182.4
Dragonfly+,1644,11774427136.0,80.48282657657657,14208,9792,1073741824.0,107374182.4
Dragonfly+,1645,11774427136.0,80.48986486486487,14208,9792,1073741824.0,107374182.4
Dragonfly+,1646,11774427136.0,80.49690315315316,14208,9792,1073741824.0,107374182.4
Dragonfly+,1647,11774427136.0,80.50394144144144,14208,9792,1073741824.0,107374182.4
Dragonfly+,1648,11774427136.0,80.51097972972973,14208,9792,1073741824.0,107374182.4
Dragonfly+,1649,11774427136.0,80.51801801801803,14208,9792,1073741824.0,107374182.4
Dragonfly+,1650,11774427136.0,80.52505630630631,14208,9792,1073741824.0,107374182.4
Dragonfly+,1651,11774427136.0,80.5320945945946,14208,9792,1073741824.0,107374182.4
Dragonfly+,1652,11774427136.0,80.53913288288288,14208,9792,1073741824.0,107374182.4
Dragonfly+,1653,11774427136.0,80.54617117117117,14208,9792,1073741824.0,107374182.4
Dragonfly+,1654,11774427136.0,80.55320945945947,14208,9792,1073741824.0,107374182.4
Dragonfly+,1655,11774427136.0,80.56024774774775,14208,9792,1073741824.0,107374182.4
Dragonfly+,1656,11774427136.0,80.56728603603604,14208,9792,1073741824.0,107374182.4
Dragonfly+,1657,11774427136.0,80.57432432432432,14208,9792,1073741824.0,107374182.4
Dragonfly+,1658,11774427136.0,80.58136261261262,14208,9792,1073741824.0,107374182.4
Dragonfly+,1659,11774427136.0,80.58840090090091,14208,9792,1073741824.0,107374182.4
Dragonfly+,1660,11774427136.0,80.5954391891892,14208,9792,1073741824.0,107374182.4
Dragonfly+,1661,11774427136.0,80.60247747747748,14208,9792,1073741824.0,107374182.4
Dragonfly+,1662,11774427136.0,80.60951576576578,14208,9792,1073741824.0,107374182.4
Dragonfly+,1663,11774427136.0,80.61655405405406,14208,9792,1073741824.0,107374182.4
Dragonfly+,1664,11774427136.0,80.62359234234235,14208,9792,1073741824.0,107374182.4
Dragonfly+,1665,11774427136.0,80.63063063063063,14208,9792,1073741824.0,107374182.4
Dragonfly+,1666,11774427136.0,80.63766891891892,14208,9792,1073741824.0,107374182.4
Dragonfly+,1667,11774427136.0,80.6447072072072,14208,9792,1073741824.0,107374182.4
Dragonfly+,1668,11774427136.0,80.6517454954955,14208,9792,1073741824.0,107374182.4
Dragonfly+,1669,11774427136.0,80.65878378378379,14208,9792,1073741824.0,107374182.4
Dragonfly+,1670,11774427136.0,80.66582207207207,14208,9792,1073741824.0,107374182.4
Dragonfly+,1671,11774427136.0,80.67286036036036,14208,9792,1073741824.0,107374182.4
Dragonfly+,1672,11774427136.0,80.67989864864865,14208,9792,1073741824.0,107374182.4
Dragonfly+,1673,11774427136.0,80.68693693693693,14208,9792,1073741824.0,107374182.4
Dragonfly+,1674,11774427136.0,80.69397522522522,14208,9792,1073741824.0,107374182.4
Dragonfly+,1675,11774427136.0,80.70101351351352,14208,9792,1073741824.0,107374182.4
Dragonfly+,1676,11774427136.0,80.7080518018018,14208,9792,1073741824.0,107374182.4
Dragonfly+,1677,11774427136.0,80.71509009009009,14208,9792,1073741824.0,107374182.4
Dragonfly+,1678,11774427136.0,80.72212837837837,14208,9792,1073741824.0,107374182.4
Dragonfly+,1679,11774427136.0,80.72916666666666,14208,9792,1073741824.0,107374182.4
Dragonfly+,1680,11774427136.0,80.73620495495496,14208,9792,1073741824.0,107374182.4
Dragonfly+,1681,11774427136.0,80.74324324324324,14208,9792,1073741824.0,107374182.4
Dragonfly+,1682,11774427136.0,80.75028153153153,14208,9792,1073741824.0,107374182.4
Dragonfly+,1683,11774427136.0,80.75731981981981,14208,9792,1073741824.0,107374182.4
Dragonfly+,1684,11774427136.0,80.7643581081081,14208,9792,1073741824.0,107374182.4
Dragonfly+,1685,11774427136.0,80.7713963963964,14208,9792,1073741824.0,107374182.4
Dragonfly+,1686,11774427136.0,80.77843468468468,14208,9792,1073741824.0,107374182.4
Dragonfly+,1687,11774427136.0,80.78547297297297,14208,9792,1073741824.0,107374182.4
Dragonfly+,1688,11774427136.0,80.79251126126125,14208,9792,1073741824.0,107374182.4
Dragonfly+,1689,11774427136.0,80.79954954954955,14208,9792,1073741824.0,107374182.4
Dragonfly+,1690,11774427136.0,80.80658783783784,14208,9792,1073741824.0,107374182.4
Dragonfly+,1691,11774427136.0,80.81362612612612,14208,9792,1073741824.0,107374182.4
Dragonfly+,1692,11774427136.0,80.82066441441441,14208,9792,1073741824.0,107374182.4
Dragonfly+,1693,11774427136.0,80.8277027027027,14208,9792,1073741824.0,107374182.4
Dragonfly+,1694,11774427136.0,80.834740990991,14208,9792,1073741824.0,107374182.4
Dragonfly+,1695,11774427136.0,80.84177927927928,14208,9792,1073741824.0,107374182.4
Dragonfly+,1696,11774427136.0,80.84881756756756,14208,9792,1073741824.0,107374182.4
Dragonfly+,1697,11774427136.0,80.85585585585585,14208,9792,1073741824.0,107374182.4
Dragonfly+,1698,11774427136.0,80.86289414414415,14208,9792,1073741824.0,107374182.4
Dragonfly+,1699,11774427136.0,80.86993243243244,14208,9792,1073741824.0,107374182.4
Dragonfly+,1700,11774427136.0,80.87697072072072,14208,9792,1073741824.0,107374182.4
Dragonfly+,1701,11774427136.0,80.884009009009,14208,9792,1073741824.0,107374182.4
Dragonfly+,1702,11774427136.0,80.8910472972973,14208,9792,1073741824.0,107374182.4
Dragonfly+,1703,11774427136.0,80.89808558558559,14208,9792,1073741824.0,107374182.4
Dragonfly+,1704,11774427136.0,80.90512387387388,14208,9792,1073741824.0,107374182.4
Dragonfly+,1705,11774427136.0,80.91216216216216,14208,9792,1073741824.0,107374182.4
Dragonfly+,1706,11774427136.0,80.91920045045045,14208,9792,1073741824.0,107374182.4
Dragonfly+,1707,11774427136.0,80.92623873873875,14208,9792,1073741824.0,107374182.4
Dragonfly+,1708,11774427136.0,80.93327702702703,14208,9792,1073741824.0,107374182.4
Dragonfly+,1709,11774427136.0,80.94031531531532,14208,9792,1073741824.0,107374182.4
Dragonfly+,1710,11774427136.0,80.9473536036036,14208,9792,1073741824.0,107374182.4
Dragonfly+,1711,11774427136.0,80.9543918918919,14208,9792,1073741824.0,107374182.4
Dragonfly+,1712,11774427136.0,80.96143018018019,14208,9792,1073741824.0,107374182.4
Dragonfly+,1713,11774427136.0,80.96846846846847,14208,9792,1073741824.0,107374182.4
Dragonfly+,1714,11774427136.0,80.97550675675676,14208,9792,1073741824.0,107374182.4
Dragonfly+,1715,11774427136.0,80.98254504504504,14208,9792,1073741824.0,107374182.4
Dragonfly+,1716,11774427136.0,80.98958333333334,14208,9792,1073741824.0,107374182.4
Dragonfly+,1717,11774427136.0,80.99662162162163,14208,9792,1073741824.0,107374182.4
Dragonfly+,1718,11774427136.0,81.00365990990991,14208,9792,1073741824.0,107374182.4
Dragonfly+,1719,11774427136.0,81.0106981981982,14208,9792,1073741824.0,107374182.4
Dragonfly+,1720,11774427136.0,81.01773648648648,14208,9792,1073741824.0,107374182.4
Dragonfly+,1721,11774427136.0,81.02477477477478,14208,9792,1073741824.0,107374182.4
Dragonfly+,1722,11774427136.0,81.03181306306307,14208,9792,1073741824.0,107374182.4
Dragonfly+,1723,11774427136.0,81.03885135135135,14208,9792,1073741824.0,107374182.4
Dragonfly+,1724,11774427136.0,81.04588963963964,14208,9792,1073741824.0,107374182.4
Dragonfly+,1725,11774427136.0,81.05292792792793,14208,9792,1073741824.0,107374182.4
Dragonfly+,1726,11774427136.0,81.05996621621621,14208,9792,1073741824.0,107374182.4
Dragonfly+,1727,11774427136.0,81.0670045045045,14208,9792,1073741824.0,107374182.4
Dragonfly+,1728,11774427136.0,81.0740427927928,14208,9792,1073741824.0,107374182.4
Dragonfly+,1729,11774427136.0,81.08108108108108,14208,9792,1073741824.0,107374182.4
Dragonfly+,1730,11774427136.0,81.08811936936937,14208,9792,1073741824.0,107374182.4
Dragonfly+,1731,11774427136.0,81.09515765765765,14208,9792,1073741824.0,107374182.4
Dragonfly+,1732,11774427136.0,81.10219594594594,14208,9792,1073741824.0,107374182.4
Dragonfly+,1733,11774427136.0,81.10923423423422,14208,9792,1073741824.0,107374182.4
Dragonfly+,1734,11774427136.0,81.11627252252252,14208,9792,1073741824.0,107374182.4
Dragonfly+,1735,11774427136.0,81.1233108108108,14208,9792,1073741824.0,107374182.4
Dragonfly+,1736,11774427136.0,81.13034909909909,14208,9792,1073741824.0,107374182.4
Dragonfly+,1737,11774427136.0,81.13738738738738,14208,9792,1073741824.0,107374182.4
Dragonfly+,1738,11774427136.0,81.14442567567568,14208,9792,1073741824.0,107374182.4
Dragonfly+,1739,11774427136.0,81.15146396396396,14208,9792,1073741824.0,107374182.4
Dragonfly+,1740,11774427136.0,81.15850225225225,14208,9792,1073741824.0,107374182.4
Dragonfly+,1741,11774427136.0,81.16554054054053,14208,9792,1073741824.0,107374182.4
Dragonfly+,1742,11774427136.0,81.17257882882883,14208,9792,1073741824.0,107374182.4
Dragonfly+,1743,11774427136.0,81.17961711711712,14208,9792,1073741824.0,107374182.4
Dragonfly+,1744,11774427136.0,81.1866554054054,14208,9792,1073741824.0,107374182.4
Dragonfly+,1745,11774427136.0,81.19369369369369,14208,9792,1073741824.0,107374182.4
Dragonfly+,1746,11774427136.0,81.20073198198197,14208,9792,1073741824.0,107374182.4
Dragonfly+,1747,11774427136.0,81.20777027027027,14208,9792,1073741824.0,107374182.4
Dragonfly+,1748,11774427136.0,81.21480855855856,14208,9792,1073741824.0,107374182.4
Dragonfly+,1749,11774427136.0,81.22184684684684,14208,9792,1073741824.0,107374182.4
Dragonfly+,1750,11774427136.0,81.22888513513513,14208,9792,1073741824.0,107374182.4
Dragonfly+,1751,11774427136.0,81.23592342342343,14208,9792,1073741824.0,107374182.4
Dragonfly+,1752,11774427136.0,81.24296171171171,14208,9792,1073741824.0,107374182.4
Dragonfly+,1753,11774427136.0,81.25,14208,9792,1073741824.0,107374182.4
Dragonfly+,1754,11774427136.0,81.25703828828829,14208,9792,1073741824.0,107374182.4
Dragonfly+,1755,11774427136.0,81.26407657657657,14208,9792,1073741824.0,107374182.4
Dragonfly+,1756,11774427136.0,81.27111486486487,14208,9792,1073741824.0,107374182.4
Dragonfly+,1757,11774427136.0,81.27815315315316,14208,9792,1073741824.0,107374182.4
Dragonfly+,1758,11774427136.0,81.28519144144144,14208,9792,1073741824.0,107374182.4
Dragonfly+,1759,11774427136.0,81.29222972972973,14208,9792,1073741824.0,107374182.4
Dragonfly+,1760,11774427136.0,81.29926801801803,14208,9792,1073741824.0,107374182.4
Dragonfly+,1761,11774427136.0,81.30630630630631,14208,9792,1073741824.0,107374182.4
Dragonfly+,1762,11774427136.0,81.3133445945946,14208,9792,1073741824.0,107374182.4
Dragonfly+,1763,11774427136.0,81.32038288288288,14208,9792,1073741824.0,107374182.4
Dragonfly+,1764,11774427136.0,81.32742117117117,14208,9792,1073741824.0,107374182.4
Dragonfly+,1765,11774427136.0,81.33445945945947,14208,9792,1073741824.0,107374182.4
Dragonfly+,1766,11774427136.0,81.34149774774775,14208,9792,1073741824.0,107374182.4
Dragonfly+,1767,11774427136.0,81.34853603603604,14208,9792,1073741824.0,107374182.4
Dragonfly+,1768,11774427136.0,81.35557432432432,14208,9792,1073741824.0,107374182.4
Dragonfly+,1769,11774427136.0,81.36261261261262,14208,9792,1073741824.0,107374182.4
Dragonfly+,1770,11774427136.0,81.36965090090091,14208,9792,1073741824.0,107374182.4
Dragonfly+,1771,11774427136.0,81.3766891891892,14208,9792,1073741824.0,107374182.4
Dragonfly+,1772,11774427136.0,81.38372747747748,14208,9792,1073741824.0,107374182.4
Dragonfly+,1773,11774427136.0,81.39076576576578,14208,9792,1073741824.0,107374182.4
Dragonfly+,1774,11774427136.0,81.39780405405406,14208,9792,1073741824.0,107374182.4
Dragonfly+,1775,11774427136.0,81.40484234234235,14208,9792,1073741824.0,107374182.4
Dragonfly+,1776,11774427136.0,81.41188063063063,14208,9792,1073741824.0,107374182.4
Dragonfly+,1777,11774427136.0,81.41891891891892,14208,9792,1073741824.0,107374182.4
Dragonfly+,1778,11774427136.0,81.4259572072072,14208,9792,1073741824.0,107374182.4
Dragonfly+,1779,11774427136.0,81.4329954954955,14208,9792,1073741824.0,107374182.4
Dragonfly+,1780,11774427136.0,81.44003378378379,14208,9792,1073741824.0,107374182.4
Dragonfly+,1781,11774427136.0,81.44707207207207,14208,9792,1073741824.0,107374182.4
Dragonfly+,1782,11774427136.0,81.45411036036036,14208,9792,1073741824.0,107374182.4
Dragonfly+,1783,11774427136.0,81.46114864864865,14208,9792,1073741824.0,107374182.4
Dragonfly+,1784,11774427136.0,81.46818693693693,14208,9792,1073741824.0,107374182.4
Dragonfly+,1785,11774427136.0,81.47522522522522,14208,9792,1073741824.0,107374182.4
Dragonfly+,1786,11774427136.0,81.48226351351352,14208,9792,1073741824.0,107374182.4
Dragonfly+,1787,11774427136.0,81.4893018018018,14208,9792,1073741824.0,107374182.4
Dragonfly+,1788,11774427136.0,81.49634009009009,14208,9792,1073741824.0,107374182.4
Dragonfly+,1789,11774427136.0,81.50337837837837,14208,9792,1073741824.0,107374182.4
Dragonfly+,1790,11774427136.0,81.51041666666666,14208,9792,1073741824.0,107374182.4
Dragonfly+,1791,11774427136.0,81.51745495495496,14208,9792,1073741824.0,107374182.4
Dragonfly+,1792,11774427136.0,81.52449324324324,14208,9792,1073741824.0,107374182.4
Dragonfly+,1793,11774427136.0,81.53153153153153,14208,9792,1073741824.0,107374182.4
Dragonfly+,1794,11774427136.0,81.53856981981981,14208,9792,1073741824.0,107374182.4
Dragonfly+,1795,11774427136.0,81.5456081081081,14208,9792,1073741824.0,107374182.4
Dragonfly+,1796,11774427136.0,81.5526463963964,14208,9792,1073741824.0,107374182.4
Dragonfly+,1797,11774427136.0,81.55968468468468,14208,9792,1073741824.0,107374182.4
Dragonfly+,1798,11774427136.0,81.56672297297297,14208,9792,1073741824.0,107374182.4
Dragonfly+,1799,11774427136.0,81.57376126126125,14208,9792,1073741824.0,107374182.4
Dragonfly+,1800,11774427136.0,81.58079954954955,14208,9792,1073741824.0,107374182.4
Dragonfly+,1801,11774427136.0,81.58783783783784,14208,9792,1073741824.0,107374182.4
Dragonfly+,1802,11774427136.0,81.59487612612612,14208,9792,1073741824.0,107374182.4
Dragonfly+,1803,11774427136.0,81.60191441441441,14208,9792,1073741824.0,107374182.4
Dragonfly+,1804,11774427136.0,81.6089527027027,14208,9792,1073741824.0,107374182.4
Dragonfly+,1805,11774427136.0,81.615990990991,14208,9792,1073741824.0,107374182.4
Dragonfly+,1806,11774427136.0,81.62302927927928,14208,9792,1073741824.0,107374182.4
Dragonfly+,1807,11774427136.0,81.63006756756756,14208,9792,1073741824.0,107374182.4
Dragonfly+,1808,11774427136.0,81.63710585585585,14208,9792,1073741824.0,107374182.4
Dragonfly+,1809,11774427136.0,81.64414414414415,14208,9792,1073741824.0,107374182.4
Dragonfly+,1810,11774427136.0,81.65118243243244,14208,9792,1073741824.0,107374182.4
Dragonfly+,1811,11774427136.0,81.65822072072072,14208,9792,1073741824.0,107374182.4
Dragonfly+,1812,11774427136.0,81.665259009009,14208,9792,1073741824.0,107374182.4
Dragonfly+,1813,11774427136.0,81.6722972972973,14208,9792,1073741824.0,107374182.4
Dragonfly+,1814,11774427136.0,81.67933558558559,14208,9792,1073741824.0,107374182.4
Dragonfly+,1815,11774427136.0,81.68637387387388,14208,9792,1073741824.0,107374182.4
Dragonfly+,1816,11774427136.0,81.69341216216216,14208,9792,1073741824.0,107374182.4
Dragonfly+,1817,11774427136.0,81.70045045045045,14208,9792,1073741824.0,107374182.4
Dragonfly+,1818,11774427136.0,81.70748873873875,14208,9792,1073741824.0,107374182.4
Dragonfly+,1819,11774427136.0,81.71452702702703,14208,9792,1073741824.0,107374182.4
Dragonfly+,1820,11774427136.0,81.72156531531532,14208,9792,1073741824.0,107374182.4
Dragonfly+,1821,11774427136.0,81.7286036036036,14208,9792,1073741824.0,107374182.4
Dragonfly+,1822,11774427136.0,81.7356418918919,14208,9792,1073741824.0,107374182.4
Dragonfly+,1823,11774427136.0,81.74268018018019,14208,9792,1073741824.0,107374182.4
Dragonfly+,1824,11774427136.0,81.74971846846847,14208,9792,1073741824.0,107374182.4
Dragonfly+,1825,11774427136.0,81.75675675675676,14208,9792,1073741824.0,107374182.4
Dragonfly+,1826,11774427136.0,81.76379504504504,14208,9792,1073741824.0,107374182.4
Dragonfly+,1827,11774427136.0,81.77083333333334,14208,9792,1073741824.0,107374182.4
Dragonfly+,1828,11774427136.0,81.77787162162163,14208,9792,1073741824.0,107374182.4
Dragonfly+,1829,11774427136.0,81.78490990990991,14208,9792,1073741824.0,107374182.4
Dragonfly+,1830,11774427136.0,81.7919481981982,14208,9792,1073741824.0,107374182.4
Dragonfly+,1831,11774427136.0,81.79898648648648,14208,9792,1073741824.0,107374182.4
Dragonfly+,1832,11774427136.0,81.80602477477478,14208,9792,1073741824.0,107374182.4
Dragonfly+,1833,11774427136.0,81.81306306306307,14208,9792,1073741824.0,107374182.4
Dragonfly+,1834,11774427136.0,81.82010135135135,14208,9792,1073741824.0,107374182.4
Dragonfly+,1835,11774427136.0,81.82713963963964,14208,9792,1073741824.0,107374182.4
Dragonfly+,1836,11774427136.0,81.83417792792793,14208,9792,1073741824.0,107374182.4
Dragonfly+,1837,11774427136.0,81.84121621621621,14208,9792,1073741824.0,107374182.4
Dragonfly+,1838,11774427136.0,81.8482545045045,14208,9792,1073741824.0,107374182.4
Dragonfly+,1839,11774427136.0,81.8552927927928,14208,9792,1073741824.0,107374182.4
Dragonfly+,1840,11774427136.0,81.86233108108108,14208,9792,1073741824.0,107374182.4
Dragonfly+,1841,11774427136.0,81.86936936936937,14208,9792,1073741824.0,107374182.4
Dragonfly+,1842,11774427136.0,81.87640765765765,14208,9792,1073741824.0,107374182.4
Dragonfly+,1843,11774427136.0,81.88344594594594,14208,9792,1073741824.0,107374182.4
Dragonfly+,1844,11774427136.0,81.89048423423422,14208,9792,1073741824.0,107374182.4
Dragonfly+,1845,11774427136.0,81.89752252252252,14208,9792,1073741824.0,107374182.4
Dragonfly+,1846,11774427136.0,81.9045608108108,14208,9792,1073741824.0,107374182.4
Dragonfly+,1847,11774427136.0,81.91159909909909,14208,9792,1073741824.0,107374182.4
Dragonfly+,1848,11774427136.0,81.91863738738738,14208,9792,1073741824.0,107374182.4
Dragonfly+,1849,11774427136.0,81.92567567567568,14208,9792,1073741824.0,107374182.4
Dragonfly+,1850,11774427136.0,81.93271396396396,14208,9792,1073741824.0,107374182.4
Dragonfly+,1851,11774427136.0,81.93975225225225,14208,9792,1073741824.0,107374182.4
Dragonfly+,1852,11774427136.0,81.94679054054053,14208,9792,1073741824.0,107374182.4
Dragonfly+,1853,11774427136.0,81.95382882882883,14208,9792,1073741824.0,107374182.4
Dragonfly+,1854,11774427136.0,81.96086711711712,14208,9792,1073741824.0,107374182.4
Dragonfly+,1855,11774427136.0,81.9679054054054,14208,9792,1073741824.0,107374182.4
Dragonfly+,1856,11774427136.0,81.97494369369369,14208,9792,1073741824.0,107374182.4
Dragonfly+,1857,11774427136.0,81.98198198198197,14208,9792,1073741824.0,107374182.4
Dragonfly+,1858,11774427136.0,81.98902027027027,14208,9792,1073741824.0,107374182.4
Dragonfly+,1859,11774427136.0,81.99605855855856,14208,9792,1073741824.0,107374182.4
Dragonfly+,1860,11774427136.0,82.00309684684684,14208,9792,1073741824.0,107374182.4
Dragonfly+,1861,11774427136.0,82.01013513513513,14208,9792,1073741824.0,107374182.4
Dragonfly+,1862,11774427136.0,82.01717342342343,14208,9792,1073741824.0,107374182.4
Dragonfly+,1863,11774427136.0,82.02421171171171,14208,9792,1073741824.0,107374182.4
Dragonfly+,1864,11774427136.0,82.03125,14208,9792,1073741824.0,107374182.4
Dragonfly+,1865,11774427136.0,82.03828828828829,14208,9792,1073741824.0,107374182.4
Dragonfly+,1866,11774427136.0,82.04532657657657,14208,9792,1073741824.0,107374182.4
Dragonfly+,1867,11774427136.0,82.05236486486487,14208,9792,1073741824.0,107374182.4
Dragonfly+,1868,11774427136.0,82.05940315315316,14208,9792,1073741824.0,107374182.4
Dragonfly+,1869,11774427136.0,82.06644144144144,14208,9792,1073741824.0,107374182.4
Dragonfly+,1870,11774427136.0,82.07347972972973,14208,9792,1073741824.0,107374182.4
Dragonfly+,1871,11774427136.0,82.08051801801803,14208,9792,1073741824.0,107374182.4
Dragonfly+,1872,11774427136.0,82.08755630630631,14208,9792,1073741824.0,107374182.4
Dragonfly+,1873,11774427136.0,82.0945945945946,14208,9792,1073741824.0,107374182.4
Dragonfly+,1874,11774427136.0,82.10163288288288,14208,9792,1073741824.0,107374182.4
Dragonfly+,1875,11774427136.0,82.10867117117117,14208,9792,1073741824.0,107374182.4
Dragonfly+,1876,11774427136.0,82.11570945945947,14208,9792,1073741824.0,107374182.4
Dragonfly+,1877,11774427136.0,82.12274774774775,14208,9792,1073741824.0,107374182.4
Dragonfly+,1878,11774427136.0,82.12978603603604,14208,9792,1073741824.0,107374182.4
Dragonfly+,1879,11774427136.0,82.13682432432432,14208,9792,1073741824.0,107374182.4
Dragonfly+,1880,11774427136.0,82.14386261261262,14208,9792,1073741824.0,107374182.4
Dragonfly+,1881,11774427136.0,82.15090090090091,14208,9792,1073741824.0,107374182.4
Dragonfly+,1882,11774427136.0,82.1579391891892,14208,9792,1073741824.0,107374182.4
Dragonfly+,1883,11774427136.0,82.16497747747748,14208,9792,1073741824.0,107374182.4
Dragonfly+,1884,11774427136.0,82.17201576576578,14208,9792,1073741824.0,107374182.4
Dragonfly+,1885,11774427136.0,82.17905405405406,14208,9792,1073741824.0,107374182.4
Dragonfly+,1886,11774427136.0,82.18609234234235,14208,9792,1073741824.0,107374182.4
Dragonfly+,1887,11774427136.0,82.19313063063063,14208,9792,1073741824.0,107374182.4
Dragonfly+,1888,11774427136.0,82.20016891891892,14208,9792,1073741824.0,107374182.4
Dragonfly+,1889,11774427136.0,82.2072072072072,14208,9792,1073741824.0,107374182.4
Dragonfly+,1890,11774427136.0,82.2142454954955,14208,9792,1073741824.0,107374182.4
Dragonfly+,1891,11774427136.0,82.22128378378379,14208,9792,1073741824.0,107374182.4
Dragonfly+,1892,11774427136.0,82.22832207207207,14208,9792,1073741824.0,107374182.4
Dragonfly+,1893,11774427136.0,82.23536036036036,14208,9792,1073741824.0,107374182.4
Dragonfly+,1894,11774427136.0,82.24239864864865,14208,9792,1073741824.0,107374182.4
Dragonfly+,1895,11774427136.0,82.24943693693693,14208,9792,1073741824.0,107374182.4
Dragonfly+,1896,11774427136.0,82.25647522522522,14208,9792,1073741824.0,107374182.4
Dragonfly+,1897,11774427136.0,82.26351351351352,14208,9792,1073741824.0,107374182.4
Dragonfly+,1898,11774427136.0,82.2705518018018,14208,9792,1073741824.0,107374182.4
Dragonfly+,1899,11774427136.0,82.27759009009009,14208,9792,1073741824.0,107374182.4
Dragonfly+,1900,11774427136.0,82.28462837837837,14208,9792,1073741824.0,107374182.4
Dragonfly+,1901,11774427136.0,82.29166666666666,14208,9792,1073741824.0,107374182.4
Dragonfly+,1902,11774427136.0,82.29870495495496,14208,9792,1073741824.0,107374182.4
Dragonfly+,1903,11774427136.0,82.30574324324324,14208,9792,1073741824.0,107374182.4
Dragonfly+,1904,11774427136.0,82.31278153153153,14208,9792,1073741824.0,107374182.4
Dragonfly+,1905,11774427136.0,82.31981981981981,14208,9792,1073741824.0,107374182.4
Dragonfly+,1906,11774427136.0,82.3268581081081,14208,9792,1073741824.0,107374182.4
Dragonfly+,1907,11774427136.0,82.3338963963964,14208,9792,1073741824.0,107374182.4
Dragonfly+,1908,11774427136.0,82.34093468468468,14208,9792,1073741824.0,107374182.4
Dragonfly+,1909,11774427136.0,82.34797297297297,14208,9792,1073741824.0,107374182.4
Dragonfly+,1910,11774427136.0,82.35501126126125,14208,9792,1073741824.0,107374182.4
Dragonfly+,1911,11774427136.0,82.36204954954955,14208,9792,1073741824.0,107374182.4
Dragonfly+,1912,11774427136.0,82.36908783783784,14208,9792,1073741824.0,107374182.4
Dragonfly+,1913,11774427136.0,82.37612612612612,14208,9792,1073741824.0,107374182.4
Dragonfly+,1914,11774427136.0,82.38316441441441,14208,9792,1073741824.0,107374182.4
Dragonfly+,1915,11774427136.0,82.3902027027027,14208,9792,1073741824.0,107374182.4
Dragonfly+,1916,11774427136.0,82.397240990991,14208,9792,1073741824.0,107374182.4
Dragonfly+,1917,11774427136.0,82.40427927927928,14208,9792,1073741824.0,107374182.4
Dragonfly+,1918,11774427136.0,82.41131756756756,14208,9792,1073741824.0,107374182.4
Dragonfly+,1919,11774427136.0,82.41835585585585,14208,9792,1073741824.0,107374182.4
Dragonfly+,1920,11774427136.0,82.42539414414415,14208,9792,1073741824.0,107374182.4
Dragonfly+,1921,11774427136.0,82.43243243243244,14208,9792,1073741824.0,107374182.4
Dragonfly+,1922,11774427136.0,82.43947072072072,14208,9792,1073741824.0,107374182.4
Dragonfly+,1923,11774427136.0,82.446509009009,14208,9792,1073741824.0,107374182.4
Dragonfly+,1924,11774427136.0,82.4535472972973,14208,9792,1073741824.0,107374182.4
Dragonfly+,1925,11774427136.0,82.46058558558559,14208,9792,1073741824.0,107374182.4
Dragonfly+,1926,11774427136.0,82.46762387387388,14208,9792,1073741824.0,107374182.4
Dragonfly+,1927,11774427136.0,82.47466216216216,14208,9792,1073741824.0,107374182.4
Dragonfly+,1928,11774427136.0,82.48170045045045,14208,9792,1073741824.0,107374182.4
Dragonfly+,1929,11774427136.0,82.48873873873875,14208,9792,1073741824.0,107374182.4
Dragonfly+,1930,11774427136.0,82.49577702702703,14208,9792,1073741824.0,107374182.4
Dragonfly+,1931,11774427136.0,82.50281531531532,14208,9792,1073741824.0,107374182.4
Dragonfly+,1932,11774427136.0,82.5098536036036,14208,9792,1073741824.0,107374182.4
Dragonfly+,1933,11774427136.0,82.5168918918919,14208,9792,1073741824.0,107374182.4
Dragonfly+,1934,11774427136.0,82.52393018018019,14208,9792,1073741824.0,107374182.4
Dragonfly+,1935,11774427136.0,82.53096846846847,14208,9792,1073741824.0,107374182.4
Dragonfly+,1936,11774427136.0,82.53800675675676,14208,9792,1073741824.0,107374182.4
Dragonfly+,1937,11774427136.0,82.54504504504504,14208,9792,1073741824.0,107374182.4
Dragonfly+,1938,11774427136.0,82.55208333333334,14208,9792,1073741824.0,107374182.4
Dragonfly+,1939,11774427136.0,82.55912162162163,14208,9792,1073741824.0,107374182.4
Dragonfly+,1940,11774427136.0,82.56615990990991,14208,9792,1073741824.0,107374182.4
Dragonfly+,1941,11774427136.0,82.5731981981982,14208,9792,1073741824.0,107374182.4
Dragonfly+,1942,11774427136.0,82.58023648648648,14208,9792,1073741824.0,107374182.4
Dragonfly+,1943,11774427136.0,82.58727477477478,14208,9792,1073741824.0,107374182.4
Dragonfly+,1944,11774427136.0,82.59431306306307,14208,9792,1073741824.0,107374182.4
Dragonfly+,1945,11774427136.0,82.60135135135135,14208,9792,1073741824.0,107374182.4
Dragonfly+,1946,11774427136.0,82.60838963963964,14208,9792,1073741824.0,107374182.4
Dragonfly+,1947,11774427136.0,82.61542792792793,14208,9792,1073741824.0,107374182.4
Dragonfly+,1948,11774427136.0,82.62246621621621,14208,9792,1073741824.0,107374182.4
Dragonfly+,1949,11774427136.0,82.6295045045045,14208,9792,1073741824.0,107374182.4
Dragonfly+,1950,11774427136.0,82.6365427927928,14208,9792,1073741824.0,107374182.4
Dragonfly+,1951,11774427136.0,82.64358108108108,14208,9792,1073741824.0,107374182.4
Dragonfly+,1952,11774427136.0,82.65061936936937,14208,9792,1073741824.0,107374182.4
Dragonfly+,1953,11774427136.0,82.65765765765765,14208,9792,1073741824.0,107374182.4
Dragonfly+,1954,11774427136.0,82.66469594594594,14208,9792,1073741824.0,107374182.4
Dragonfly+,1955,11774427136.0,82.67173423423422,14208,9792,1073741824.0,107374182.4
Dragonfly+,1956,11774427136.0,82.67877252252252,14208,9792,1073741824.0,107374182.4
Dragonfly+,1957,11774427136.0,82.6858108108108,14208,9792,1073741824.0,107374182.4
Dragonfly+,1958,11774427136.0,82.69284909909909,14208,9792,1073741824.0,107374182.4
Dragonfly+,1959,11774427136.0,82.69988738738738,14208,9792,1073741824.0,107374182.4
Dragonfly+,1960,11774427136.0,82.70692567567568,14208,9792,1073741824.0,107374182.4
Dragonfly+,1961,11774427136.0,82.71396396396396,14208,9792,1073741824.0,107374182.4
Dragonfly+,1962,11774427136.0,82.72100225225225,14208,9792,1073741824.0,107374182.4
Dragonfly+,1963,11774427136.0,82.72804054054053,14208,9792,1073741824.0,107374182.4
Dragonfly+,1964,11774427136.0,82.73507882882883,14208,9792,1073741824.0,107374182.4
Dragonfly+,1965,11774427136.0,82.74211711711712,14208,9792,1073741824.0,107374182.4
Dragonfly+,1966,11774427136.0,82.7491554054054,14208,9792,1073741824.0,107374182.4
Dragonfly+,1967,11774427136.0,82.75619369369369,14208,9792,1073741824.0,107374182.4
Dragonfly+,1968,11774427136.0,82.76323198198197,14208,9792,1073741824.0,107374182.4
Dragonfly+,1969,11774427136.0,82.77027027027027,14208,9792,1073741824.0,107374182.4
Dragonfly+,1970,11774427136.0,82.77730855855856,14208,9792,1073741824.0,107374182.4
Dragonfly+,1971,11774427136.0,82.78434684684684,14208,9792,1073741824.0,107374182.4
Dragonfly+,1972,11774427136.0,82.79138513513513,14208,9792,1073741824.0,107374182.4
Dragonfly+,1973,11774427136.0,82.79842342342343,14208,9792,1073741824.0,107374182.4
Dragonfly+,1974,11774427136.0,82.80546171171171,14208,9792,1073741824.0,107374182.4
Dragonfly+,1975,11774427136.0,82.8125,14208,9792,1073741824.0,107374182.4
Dragonfly+,1976,11774427136.0,82.81953828828829,14208,9792,1073741824.0,107374182.4
Dragonfly+,1977,11774427136.0,82.82657657657657,14208,9792,1073741824.0,107374182.4
Dragonfly+,1978,11774427136.0,82.83361486486487,14208,9792,1073741824.0,107374182.4
Dragonfly+,1979,11774427136.0,82.84065315315316,14208,9792,1073741824.0,107374182.4
Dragonfly+,1980,11774427136.0,82.84769144144144,14208,9792,1073741824.0,107374182.4
Dragonfly+,1981,11774427136.0,82.85472972972973,14208,9792,1073741824.0,107374182.4
Dragonfly+,1982,11774427136.0,82.86176801801803,14208,9792,1073741824.0,107374182.4
Dragonfly+,1983,11774427136.0,82.86880630630631,14208,9792,1073741824.0,107374182.4
Dragonfly+,1984,11774427136.0,82.8758445945946,14208,9792,1073741824.0,107374182.4
Dragonfly+,1985,11774427136.0,82.88288288288288,14208,9792,1073741824.0,107374182.4
Dragonfly+,1986,11774427136.0,82.88992117117117,14208,9792,1073741824.0,107374182.4
Dragonfly+,1987,11774427136.0,82.89695945945947,14208,9792,1073741824.0,107374182.4
Dragonfly+,1988,11774427136.0,82.90399774774775,14208,9792,1073741824.0,107374182.4
Dragonfly+,1989,11774427136.0,82.91103603603604,14208,9792,1073741824.0,107374182.4
Dragonfly+,1990,11774427136.0,82.91807432432432,14208,9792,1073741824.0,107374182.4
Dragonfly+,1991,11774427136.0,82.92511261261262,14208,9792,1073741824.0,107374182.4
Dragonfly+,1992,11774427136.0,82.93215090090091,14208,9792,1073741824.0,107374182.4
Dragonfly+,1993,11774427136.0,82.9391891891892,14208,9792,1073741824.0,107374182.4
Dragonfly+,1994,11774427136.0,82.94622747747748,14208,9792,1073741824.0,107374182.4
Dragonfly+,1995,11774427136.0,82.95326576576578,14208,9792,1073741824.0,107374182.4
Dragonfly+,1996,11774427136.0,82.96030405405406,14208,9792,1073741824.0,107374182.4
Dragonfly+,1997,11774427136.0,82.96734234234235,14208,9792,1073741824.0,107374182.4
Dragonfly+,1998,11774427136.0,82.97438063063063,14208,9792,1073741824.0,107374182.4
Dragonfly+,1999,11774427136.0,82.98141891891892,14208,9792,1073741824.0,107374182.4
Dragonfly+,2000,11774427136.0,82.9884572072072,14208,9792,1073741824.0,107374182.4
Dragonfly+,2001,11774427136.0,82.9954954954955,14208,9792,1073741824.0,107374182.4
Dragonfly+,2002,11774427136.0,83.00253378378379,14208,9792,1073741824.0,107374182.4
Dragonfly+,2003,11774427136.0,83.00957207207207,14208,9792,1073741824.0,107374182.4
Dragonfly+,2004,11774427136.0,83.01661036036036,14208,9792,1073741824.0,107374182.4
Dragonfly+,2005,11774427136.0,83.02364864864865,14208,9792,1073741824.0,107374182.4
Dragonfly+,2006,11774427136.0,83.03068693693693,14208,9792,1073741824.0,107374182.4
Dragonfly+,2007,11774427136.0,83.03772522522522,14208,9792,1073741824.0,107374182.4
Dragonfly+,2008,11774427136.0,83.04476351351352,14208,9792,1073741824.0,107374182.4
Dragonfly+,2009,11774427136.0,83.0518018018018,14208,9792,1073741824.0,107374182.4
Dragonfly+,2010,11774427136.0,83.05884009009009,14208,9792,1073741824.0,107374182.4
Dragonfly+,2011,11774427136.0,83.06587837837837,14208,9792,1073741824.0,107374182.4
Dragonfly+,2012,11774427136.0,83.07291666666666,14208,9792,1073741824.0,107374182.4
Dragonfly+,2013,11774427136.0,83.07995495495496,14208,9792,1073741824.0,107374182.4
Dragonfly+,2014,11774427136.0,83.08699324324324,14208,9792,1073741824.0,107374182.4
Dragonfly+,2015,11774427136.0,83.09403153153153,14208,9792,1073741824.0,107374182.4
Dragonfly+,2016,11774427136.0,83.10106981981981,14208,9792,1073741824.0,107374182.4
Dragonfly+,2017,11774427136.0,83.1081081081081,14208,9792,1073741824.0,107374182.4
Dragonfly+,2018,11774427136.0,83.1151463963964,14208,9792,1073741824.0,107374182.4
Dragonfly+,2019,11774427136.0,83.12218468468468,14208,9792,1073741824.0,107374182.4
Dragonfly+,2020,11774427136.0,83.12922297297297,14208,9792,1073741824.0,107374182.4
Dragonfly+,2021,11774427136.0,83.13626126126125,14208,9792,1073741824.0,107374182.4
Dragonfly+,2022,11774427136.0,83.14329954954955,14208,9792,1073741824.0,107374182.4
Dragonfly+,2023,11774427136.0,83.15033783783784,14208,9792,1073741824.0,107374182.4
Dragonfly+,2024,11774427136.0,83.15737612612612,14208,9792,1073741824.0,107374182.4
Dragonfly+,2025,11774427136.0,83.16441441441441,14208,9792,1073741824.0,107374182.4
Dragonfly+,2026,11774427136.0,83.1714527027027,14208,9792,1073741824.0,107374182.4
Dragonfly+,2027,11774427136.0,83.178490990991,14208,9792,1073741824.0,107374182.4
Dragonfly+,2028,11774427136.0,83.18552927927928,14208,9792,1073741824.0,107374182.4
Dragonfly+,2029,11774427136.0,83.19256756756756,14208,9792,1073741824.0,107374182.4
Dragonfly+,2030,11774427136.0,83.19960585585585,14208,9792,1073741824.0,107374182.4
Dragonfly+,2031,11774427136.0,83.20664414414415,14208,9792,1073741824.0,107374182.4
Dragonfly+,2032,11774427136.0,83.21368243243244,14208,9792,1073741824.0,107374182.4
Dragonfly+,2033,11774427136.0,83.22072072072072,14208,9792,1073741824.0,107374182.4
Dragonfly+,2034,11774427136.0,83.227759009009,14208,9792,1073741824.0,107374182.4
Dragonfly+,2035,11774427136.0,83.2347972972973,14208,9792,1073741824.0,107374182.4
Dragonfly+,2036,11774427136.0,83.24183558558559,14208,9792,1073741824.0,107374182.4
Dragonfly+,2037,11774427136.0,83.24887387387388,14208,9792,1073741824.0,107374182.4
Dragonfly+,2038,11774427136.0,83.25591216216216,14208,9792,1073741824.0,107374182.4
Dragonfly+,2039,11774427136.0,83.26295045045045,14208,9792,1073741824.0,107374182.4
Dragonfly+,2040,11774427136.0,83.26998873873875,14208,9792,1073741824.0,107374182.4
Dragonfly+,2041,11774427136.0,83.27702702702703,14208,9792,1073741824.0,107374182.4
Dragonfly+,2042,11774427136.0,83.28406531531532,14208,9792,1073741824.0,107374182.4
Dragonfly+,2043,11774427136.0,83.2911036036036,14208,9792,1073741824.0,107374182.4
Dragonfly+,2044,11774427136.0,83.2981418918919,14208,9792,1073741824.0,107374182.4
Dragonfly+,2045,11774427136.0,83.30518018018019,14208,9792,1073741824.0,107374182.4
Dragonfly+,2046,11774427136.0,83.31221846846847,14208,9792,1073741824.0,107374182.4
Dragonfly+,2047,11774427136.0,83.31925675675676,14208,9792,1073741824.0,107374182.4
Dragonfly+,2048,11774427136.0,83.32629504504504,14208,9792,1073741824.0,107374182.4
Dragonfly+,2049,11774427136.0,83.33333333333334,14208,9792,1073741824.0,107374182.4
Dragonfly+,2050,11774427136.0,83.34037162162163,14208,9792,1073741824.0,107374182.4
Dragonfly+,2051,11774427136.0,83.34740990990991,14208,9792,1073741824.0,107374182.4
Dragonfly+,2052,11774427136.0,83.3544481981982,14208,9792,1073741824.0,107374182.4
Dragonfly+,2053,11774427136.0,83.36148648648648,14208,9792,1073741824.0,107374182.4
Dragonfly+,2054,11774427136.0,83.36852477477478,14208,9792,1073741824.0,107374182.4
Dragonfly+,2055,11774427136.0,83.37556306306307,14208,9792,1073741824.0,107374182.4
Dragonfly+,2056,11774427136.0,83.38260135135135,14208,9792,1073741824.0,107374182.4
Dragonfly+,2057,11774427136.0,83.38963963963964,14208,9792,1073741824.0,107374182.4
Dragonfly+,2058,11774427136.0,83.39667792792793,14208,9792,1073741824.0,107374182.4
Dragonfly+,2059,11774427136.0,83.40371621621621,14208,9792,1073741824.0,107374182.4
Dragonfly+,2060,11774427136.0,83.4107545045045,14208,9792,1073741824.0,107374182.4
Dragonfly+,2061,11774427136.0,83.4177927927928,14208,9792,1073741824.0,107374182.4
Dragonfly+,2062,11774427136.0,83.42483108108108,14208,9792,1073741824.0,107374182.4
Dragonfly+,2063,11774427136.0,83.43186936936937,14208,9792,1073741824.0,107374182.4
Dragonfly+,2064,11774427136.0,83.43890765765765,14208,9792,1073741824.0,107374182.4
Dragonfly+,2065,11774427136.0,83.44594594594594,14208,9792,1073741824.0,107374182.4
Dragonfly+,2066,11774427136.0,83.45298423423422,14208,9792,1073741824.0,107374182.4
Dragonfly+,2067,11774427136.0,83.46002252252252,14208,9792,1073741824.0,107374182.4
Dragonfly+,2068,11774427136.0,83.4670608108108,14208,9792,1073741824.0,107374182.4
Dragonfly+,2069,11774427136.0,83.47409909909909,14208,9792,1073741824.0,107374182.4
Dragonfly+,2070,11774427136.0,83.48113738738738,14208,9792,1073741824.0,107374182.4
Dragonfly+,2071,11774427136.0,83.48817567567568,14208,9792,1073741824.0,107374182.4
Dragonfly+,2072,11774427136.0,83.49521396396396,14208,9792,1073741824.0,107374182.4
Dragonfly+,2073,11774427136.0,83.50225225225225,14208,9792,1073741824.0,107374182.4
Dragonfly+,2074,11774427136.0,83.50929054054053,14208,9792,1073741824.0,107374182.4
Dragonfly+,2075,11774427136.0,83.51632882882883,14208,9792,1073741824.0,107374182.4
Dragonfly+,2076,11774427136.0,83.52336711711712,14208,9792,1073741824.0,107374182.4
Dragonfly+,2077,11774427136.0,83.5304054054054,14208,9792,1073741824.0,107374182.4
Dragonfly+,2078,11774427136.0,83.53744369369369,14208,9792,1073741824.0,107374182.4
Dragonfly+,2079,11774427136.0,83.54448198198197,14208,9792,1073741824.0,107374182.4
Dragonfly+,2080,11774427136.0,83.55152027027027,14208,9792,1073741824.0,107374182.4
Dragonfly+,2081,11774427136.0,83.55855855855856,14208,9792,1073741824.0,107374182.4
Dragonfly+,2082,11774427136.0,83.56559684684684,14208,9792,1073741824.0,107374182.4
Dragonfly+,2083,11774427136.0,83.57263513513513,14208,9792,1073741824.0,107374182.4
Dragonfly+,2084,11774427136.0,83.57967342342343,14208,9792,1073741824.0,107374182.4
Dragonfly+,2085,11774427136.0,83.58671171171171,14208,9792,1073741824.0,107374182.4
Dragonfly+,2086,11774427136.0,83.59375,14208,9792,1073741824.0,107374182.4
Dragonfly+,2087,11774427136.0,83.60078828828829,14208,9792,1073741824.0,107374182.4
Dragonfly+,2088,11774427136.0,83.60782657657657,14208,9792,1073741824.0,107374182.4
Dragonfly+,2089,11774427136.0,83.61486486486487,14208,9792,1073741824.0,107374182.4
Dragonfly+,2090,11774427136.0,83.62190315315316,14208,9792,1073741824.0,107374182.4
Dragonfly+,2091,11774427136.0,83.62894144144144,14208,9792,1073741824.0,107374182.4
Dragonfly+,2092,11774427136.0,83.63597972972973,14208,9792,1073741824.0,107374182.4
Dragonfly+,2093,11774427136.0,83.64301801801803,14208,9792,1073741824.0,107374182.4
Dragonfly+,2094,11774427136.0,83.65005630630631,14208,9792,1073741824.0,107374182.4
Dragonfly+,2095,11774427136.0,83.6570945945946,14208,9792,1073741824.0,107374182.4
Dragonfly+,2096,11774427136.0,83.66413288288288,14208,9792,1073741824.0,107374182.4
Dragonfly+,2097,11774427136.0,83.67117117117117,14208,9792,1073741824.0,107374182.4
Dragonfly+,2098,11774427136.0,83.67820945945947,14208,9792,1073741824.0,107374182.4
Dragonfly+,2099,11774427136.0,83.68524774774775,14208,9792,1073741824.0,107374182.4
Dragonfly+,2100,11774427136.0,83.69228603603604,14208,9792,1073741824.0,107374182.4
Dragonfly+,2101,11774427136.0,83.69932432432432,14208,9792,1073741824.0,107374182.4
Dragonfly+,2102,11774427136.0,83.70636261261262,14208,9792,1073741824.0,107374182.4
Dragonfly+,2103,11774427136.0,83.71340090090091,14208,9792,1073741824.0,107374182.4
Dragonfly+,2104,11774427136.0,83.7204391891892,14208,9792,1073741824.0,107374182.4
Dragonfly+,2105,11774427136.0,83.72747747747748,14208,9792,1073741824.0,107374182.4
Dragonfly+,2106,11774427136.0,83.73451576576578,14208,9792,1073741824.0,107374182.4
Dragonfly+,2107,11774427136.0,83.74155405405406,14208,9792,1073741824.0,107374182.4
Dragonfly+,2108,11774427136.0,83.74859234234235,14208,9792,1073741824.0,107374182.4
Dragonfly+,2109,11774427136.0,83.75563063063063,14208,9792,1073741824.0,107374182.4
Dragonfly+,2110,11774427136.0,83.76266891891892,14208,9792,1073741824.0,107374182.4
Dragonfly+,2111,11774427136.0,83.7697072072072,14208,9792,1073741824.0,107374182.4
Dragonfly+,2112,11774427136.0,83.7767454954955,14208,9792,1073741824.0,107374182.4
Dragonfly+,2113,11774427136.0,83.78378378378379,14208,9792,1073741824.0,107374182.4
Dragonfly+,2114,11774427136.0,83.79082207207207,14208,9792,1073741824.0,107374182.4
Dragonfly+,2115,11774427136.0,83.79786036036036,14208,9792,1073741824.0,107374182.4
Dragonfly+,2116,11774427136.0,83.80489864864865,14208,9792,1073741824.0,107374182.4
Dragonfly+,2117,11774427136.0,83.81193693693693,14208,9792,1073741824.0,107374182.4
Dragonfly+,2118,11774427136.0,83.81897522522522,14208,9792,1073741824.0,107374182.4
Dragonfly+,2119,11774427136.0,83.82601351351352,14208,9792,1073741824.0,107374182.4
Dragonfly+,2120,11774427136.0,83.8330518018018,14208,9792,1073741824.0,107374182.4
Dragonfly+,2121,11774427136.0,83.84009009009009,14208,9792,1073741824.0,107374182.4
Dragonfly+,2122,11774427136.0,83.84712837837837,14208,9792,1073741824.0,107374182.4
Dragonfly+,2123,11774427136.0,83.85416666666666,14208,9792,1073741824.0,107374182.4
Dragonfly+,2124,11774427136.0,83.86120495495496,14208,9792,1073741824.0,107374182.4
Dragonfly+,2125,11774427136.0,83.86824324324324,14208,9792,1073741824.0,107374182.4
Dragonfly+,2126,11774427136.0,83.87528153153153,14208,9792,1073741824.0,107374182.4
Dragonfly+,2127,11774427136.0,83.88231981981981,14208,9792,1073741824.0,107374182.4
Dragonfly+,2128,11774427136.0,83.8893581081081,14208,9792,1073741824.0,107374182.4
Dragonfly+,2129,11774427136.0,83.8963963963964,14208,9792,1073741824.0,107374182.4
Dragonfly+,2130,11774427136.0,83.90343468468468,14208,9792,1073741824.0,107374182.4
Dragonfly+,2131,11774427136.0,83.91047297297297,14208,9792,1073741824.0,107374182.4
Dragonfly+,2132,11774427136.0,83.91751126126125,14208,9792,1073741824.0,107374182.4
Dragonfly+,2133,11774427136.0,83.92454954954955,14208,9792,1073741824.0,107374182.4
Dragonfly+,2134,11774427136.0,83.93158783783784,14208,9792,1073741824.0,107374182.4
Dragonfly+,2135,11774427136.0,83.93862612612612,14208,9792,1073741824.0,107374182.4
Dragonfly+,2136,11774427136.0,83.94566441441441,14208,9792,1073741824.0,107374182.4
Dragonfly+,2137,11774427136.0,83.9527027027027,14208,9792,1073741824.0,107374182.4
Dragonfly+,2138,11774427136.0,83.959740990991,14208,9792,1073741824.0,107374182.4
Dragonfly+,2139,11774427136.0,83.96677927927928,14208,9792,1073741824.0,107374182.4
Dragonfly+,2140,11774427136.0,83.97381756756756,14208,9792,1073741824.0,107374182.4
Dragonfly+,2141,11774427136.0,83.98085585585585,14208,9792,1073741824.0,107374182.4
Dragonfly+,2142,11774427136.0,83.98789414414415,14208,9792,1073741824.0,107374182.4
Dragonfly+,2143,11774427136.0,83.99493243243244,14208,9792,1073741824.0,107374182.4
Dragonfly+,2144,11774427136.0,84.00197072072072,14208,9792,1073741824.0,107374182.4
Dragonfly+,2145,11774427136.0,84.009009009009,14208,9792,1073741824.0,107374182.4
Dragonfly+,2146,11774427136.0,84.0160472972973,14208,9792,1073741824.0,107374182.4
Dragonfly+,2147,11774427136.0,84.02308558558559,14208,9792,1073741824.0,107374182.4
Dragonfly+,2148,11774427136.0,84.03012387387388,14208,9792,1073741824.0,107374182.4
Dragonfly+,2149,11774427136.0,84.03716216216216,14208,9792,1073741824.0,107374182.4
Dragonfly+,2150,11774427136.0,84.04420045045045,14208,9792,1073741824.0,107374182.4
Dragonfly+,2151,11774427136.0,84.05123873873875,14208,9792,1073741824.0,107374182.4
Dragonfly+,2152,11774427136.0,84.05827702702703,14208,9792,1073741824.0,107374182.4
Dragonfly+,2153,11774427136.0,84.06531531531532,14208,9792,1073741824.0,107374182.4
Dragonfly+,2154,11774427136.0,84.0723536036036,14208,9792,1073741824.0,107374182.4
Dragonfly+,2155,11774427136.0,84.0793918918919,14208,9792,1073741824.0,107374182.4
Dragonfly+,2156,11774427136.0,84.08643018018019,14208,9792,1073741824.0,107374182.4
Dragonfly+,2157,11774427136.0,84.09346846846847,14208,9792,1073741824.0,107374182.4
Dragonfly+,2158,11774427136.0,84.10050675675676,14208,9792,1073741824.0,107374182.4
Dragonfly+,2159,11774427136.0,84.10754504504504,14208,9792,1073741824.0,107374182.4
Dragonfly+,2160,11774427136.0,84.11458333333334,14208,9792,1073741824.0,107374182.4
Dragonfly+,2161,11774427136.0,84.12162162162163,14208,9792,1073741824.0,107374182.4
Dragonfly+,2162,11774427136.0,84.12865990990991,14208,9792,1073741824.0,107374182.4
Dragonfly+,2163,11774427136.0,84.1356981981982,14208,9792,1073741824.0,107374182.4
Dragonfly+,2164,11774427136.0,84.14273648648648,14208,9792,1073741824.0,107374182.4
Dragonfly+,2165,11774427136.0,84.14977477477478,14208,9792,1073741824.0,107374182.4
Dragonfly+,2166,11774427136.0,84.15681306306307,14208,9792,1073741824.0,107374182.4
Dragonfly+,2167,11774427136.0,84.16385135135135,14208,9792,1073741824.0,107374182.4
Dragonfly+,2168,11774427136.0,84.17088963963964,14208,9792,1073741824.0,107374182.4
Dragonfly+,2169,11774427136.0,84.17792792792793,14208,9792,1073741824.0,107374182.4
Dragonfly+,2170,11774427136.0,84.18496621621621,14208,9792,1073741824.0,107374182.4
Dragonfly+,2171,11774427136.0,84.1920045045045,14208,9792,1073741824.0,107374182.4
Dragonfly+,2172,11774427136.0,84.1990427927928,14208,9792,1073741824.0,107374182.4
Dragonfly+,2173,11774427136.0,84.20608108108108,14208,9792,1073741824.0,107374182.4
Dragonfly+,2174,11774427136.0,84.21311936936937,14208,9792,1073741824.0,107374182.4
Dragonfly+,2175,11774427136.0,84.22015765765765,14208,9792,1073741824.0,107374182.4
Dragonfly+,2176,11774427136.0,84.22719594594594,14208,9792,1073741824.0,107374182.4
Dragonfly+,2177,11774427136.0,84.23423423423422,14208,9792,1073741824.0,107374182.4
Dragonfly+,2178,11774427136.0,84.24127252252252,14208,9792,1073741824.0,107374182.4
Dragonfly+,2179,11774427136.0,84.2483108108108,14208,9792,1073741824.0,107374182.4
Dragonfly+,2180,11774427136.0,84.25534909909909,14208,9792,1073741824.0,107374182.4
Dragonfly+,2181,11774427136.0,84.26238738738738,14208,9792,1073741824.0,107374182.4
Dragonfly+,2182,11774427136.0,84.26942567567568,14208,9792,1073741824.0,107374182.4
Dragonfly+,2183,11774427136.0,84.27646396396396,14208,9792,1073741824.0,107374182.4
Dragonfly+,2184,11774427136.0,84.28350225225225,14208,9792,1073741824.0,107374182.4
Dragonfly+,2185,11774427136.0,84.29054054054053,14208,9792,1073741824.0,107374182.4
Dragonfly+,2186,11774427136.0,84.29757882882883,14208,9792,1073741824.0,107374182.4
Dragonfly+,2187,11774427136.0,84.30461711711712,14208,9792,1073741824.0,107374182.4
Dragonfly+,2188,11774427136.0,84.3116554054054,14208,9792,1073741824.0,107374182.4
Dragonfly+,2189,11774427136.0,84.31869369369369,14208,9792,1073741824.0,107374182.4
Dragonfly+,2190,11774427136.0,84.32573198198197,14208,9792,1073741824.0,107374182.4
Dragonfly+,2191,11774427136.0,84.33277027027027,14208,9792,1073741824.0,107374182.4
Dragonfly+,2192,11774427136.0,84.33980855855856,14208,9792,1073741824.0,107374182.4
Dragonfly+,2193,11774427136.0,84.34684684684684,14208,9792,1073741824.0,107374182.4
Dragonfly+,2194,11774427136.0,84.35388513513513,14208,9792,1073741824.0,107374182.4
Dragonfly+,2195,11774427136.0,84.36092342342343,14208,9792,1073741824.0,107374182.4
Dragonfly+,2196,11774427136.0,84.36796171171171,14208,9792,1073741824.0,107374182.4
Dragonfly+,2197,11774427136.0,84.375,14208,9792,1073741824.0,107374182.4
Dragonfly+,2198,11774427136.0,84.38203828828829,14208,9792,1073741824.0,107374182.4
Dragonfly+,2199,11774427136.0,84.38907657657657,14208,9792,1073741824.0,107374182.4
Dragonfly+,2200,11774427136.0,84.39611486486487,14208,9792,1073741824.0,107374182.4
Dragonfly+,2201,11774427136.0,84.40315315315316,14208,9792,1073741824.0,107374182.4
Dragonfly+,2202,11774427136.0,84.41019144144144,14208,9792,1073741824.0,107374182.4
Dragonfly+,2203,11774427136.0,84.41722972972973,14208,9792,1073741824.0,107374182.4
Dragonfly+,2204,11774427136.0,84.42426801801803,14208,9792,1073741824.0,107374182.4
Dragonfly+,2205,11774427136.0,84.43130630630631,14208,9792,1073741824.0,107374182.4
Dragonfly+,2206,11774427136.0,84.4383445945946,14208,9792,1073741824.0,107374182.4
Dragonfly+,2207,11774427136.0,84.44538288288288,14208,9792,1073741824.0,107374182.4
Dragonfly+,2208,11774427136.0,84.45242117117117,14208,9792,1073741824.0,107374182.4
Dragonfly+,2209,11774427136.0,84.45945945945947,14208,9792,1073741824.0,107374182.4
Dragonfly+,2210,11774427136.0,84.46649774774775,14208,9792,1073741824.0,107374182.4
Dragonfly+,2211,11774427136.0,84.47353603603604,14208,9792,1073741824.0,107374182.4
Dragonfly+,2212,11774427136.0,84.48057432432432,14208,9792,1073741824.0,107374182.4
Dragonfly+,2213,11774427136.0,84.48761261261262,14208,9792,1073741824.0,107374182.4
Dragonfly+,2214,11774427136.0,84.49465090090091,14208,9792,1073741824.0,107374182.4
Dragonfly+,2215,11774427136.0,84.5016891891892,14208,9792,1073741824.0,107374182.4
Dragonfly+,2216,11774427136.0,84.50872747747748,14208,9792,1073741824.0,107374182.4
Dragonfly+,2217,11774427136.0,84.51576576576578,14208,9792,1073741824.0,107374182.4
Dragonfly+,2218,11774427136.0,84.52280405405406,14208,9792,1073741824.0,107374182.4
Dragonfly+,2219,11774427136.0,84.52984234234235,14208,9792,1073741824.0,107374182.4
Dragonfly+,2220,11774427136.0,84.53688063063063,14208,9792,1073741824.0,107374182.4
Dragonfly+,2221,11774427136.0,84.54391891891892,14208,9792,1073741824.0,107374182.4
Dragonfly+,2222,11774427136.0,84.5509572072072,14208,9792,1073741824.0,107374182.4
Dragonfly+,2223,11774427136.0,84.5579954954955,14208,9792,1073741824.0,107374182.4
Dragonfly+,2224,11774427136.0,84.56503378378379,14208,9792,1073741824.0,107374182.4
Dragonfly+,2225,11774427136.0,84.57207207207207,14208,9792,1073741824.0,107374182.4
Dragonfly+,2226,11774427136.0,84.57911036036036,14208,9792,1073741824.0,107374182.4
Dragonfly+,2227,11774427136.0,84.58614864864865,14208,9792,1073741824.0,107374182.4
Dragonfly+,2228,11774427136.0,84.59318693693693,14208,9792,1073741824.0,107374182.4
Dragonfly+,2229,11774427136.0,84.60022522522522,14208,9792,1073741824.0,107374182.4
Dragonfly+,2230,11774427136.0,84.60726351351352,14208,9792,1073741824.0,107374182.4
Dragonfly+,2231,11774427136.0,84.6143018018018,14208,9792,1073741824.0,107374182.4
Dragonfly+,2232,11774427136.0,84.62134009009009,14208,9792,1073741824.0,107374182.4
Dragonfly+,2233,11774427136.0,84.62837837837837,14208,9792,1073741824.0,107374182.4
Dragonfly+,2234,11774427136.0,84.63541666666666,14208,9792,1073741824.0,107374182.4
Dragonfly+,2235,11774427136.0,84.64245495495496,14208,9792,1073741824.0,107374182.4
Dragonfly+,2236,11774427136.0,84.64949324324324,14208,9792,1073741824.0,107374182.4
Dragonfly+,2237,11774427136.0,84.65653153153153,14208,9792,1073741824.0,107374182.4
Dragonfly+,2238,11774427136.0,84.66356981981981,14208,9792,1073741824.0,107374182.4
Dragonfly+,2239,11774427136.0,84.6706081081081,14208,9792,1073741824.0,107374182.4
Dragonfly+,2240,11774427136.0,84.6776463963964,14208,9792,1073741824.0,107374182.4
Dragonfly+,2241,11774427136.0,84.68468468468468,14208,9792,1073741824.0,107374182.4
Dragonfly+,2242,23011983360.0,84.69172297297297,14208,9792,1073741824.0,107374182.4
Dragonfly+,2243,23011983360.0,84.69876126126125,14208,9792,1073741824.0,107374182.4
Dragonfly+,2244,23011983360.0,84.70579954954955,14208,9792,1073741824.0,107374182.4
Dragonfly+,2245,23011983360.0,84.71283783783784,14208,9792,1073741824.0,107374182.4
Dragonfly+,2246,23011983360.0,84.71987612612612,14208,9792,1073741824.0,107374182.4
Dragonfly+,2247,23011983360.0,84.72691441441441,14208,9792,1073741824.0,107374182.4
Dragonfly+,2248,23011983360.0,84.7339527027027,14208,9792,1073741824.0,107374182.4
Dragonfly+,2249,23011983360.0,84.740990990991,14208,9792,1073741824.0,107374182.4
Dragonfly+,2250,23011983360.0,84.74802927927928,14208,9792,1073741824.0,107374182.4
Dragonfly+,2251,23011983360.0,84.75506756756756,14208,9792,1073741824.0,107374182.4
Dragonfly+,2252,23011983360.0,84.76210585585585,14208,9792,1073741824.0,107374182.4
Dragonfly+,2253,23011983360.0,84.76914414414415,14208,9792,1073741824.0,107374182.4
Dragonfly+,2254,23011983360.0,84.77618243243244,14208,9792,1073741824.0,107374182.4
Dragonfly+,2255,23011983360.0,84.78322072072072,14208,9792,1073741824.0,107374182.4
Dragonfly+,2256,23011983360.0,84.790259009009,14208,9792,1073741824.0,107374182.4
Dragonfly+,2257,23011983360.0,84.7972972972973,14208,9792,1073741824.0,107374182.4
Dragonfly+,2258,23011983360.0,84.80433558558559,14208,9792,1073741824.0,107374182.4
Dragonfly+,2259,23011983360.0,84.81137387387388,14208,9792,1073741824.0,107374182.4
Dragonfly+,2260,23011983360.0,84.81841216216216,14208,9792,1073741824.0,107374182.4
Dragonfly+,2261,23011983360.0,84.82545045045045,14208,9792,1073741824.0,107374182.4
Dragonfly+,2262,23011983360.0,84.83248873873875,14208,9792,1073741824.0,107374182.4
Dragonfly+,2263,23011983360.0,84.83952702702703,14208,9792,1073741824.0,107374182.4
Dragonfly+,2264,23011983360.0,84.84656531531532,14208,9792,1073741824.0,107374182.4
Dragonfly+,2265,23011983360.0,84.8536036036036,14208,9792,1073741824.0,107374182.4
Dragonfly+,2266,23011983360.0,84.8606418918919,14208,9792,1073741824.0,107374182.4
Dragonfly+,2267,23011983360.0,84.86768018018019,14208,9792,1073741824.0,107374182.4
Dragonfly+,2268,23011983360.0,84.87471846846847,14208,9792,1073741824.0,107374182.4
Dragonfly+,2269,23011983360.0,84.88175675675676,14208,9792,1073741824.0,107374182.4
Dragonfly+,2270,23011983360.0,84.88879504504504,14208,9792,1073741824.0,107374182.4
Dragonfly+,2271,23011983360.0,84.89583333333334,14208,9792,1073741824.0,107374182.4
Dragonfly+,2272,23011983360.0,84.90287162162163,14208,9792,1073741824.0,107374182.4
Dragonfly+,2273,23011983360.0,84.90990990990991,14208,9792,1073741824.0,107374182.4
Dragonfly+,2274,23011983360.0,84.9169481981982,14208,9792,1073741824.0,107374182.4
Dragonfly+,2275,23011983360.0,84.92398648648648,14208,9792,1073741824.0,107374182.4
Dragonfly+,2276,23011983360.0,84.93102477477478,14208,9792,1073741824.0,107374182.4
Dragonfly+,2277,23011983360.0,84.93806306306307,14208,9792,1073741824.0,107374182.4
Dragonfly+,2278,23011983360.0,84.94510135135135,14208,9792,1073741824.0,107374182.4
Dragonfly+,2279,23011983360.0,84.95213963963964,14208,9792,1073741824.0,107374182.4
Dragonfly+,2280,23011983360.0,84.95917792792793,14208,9792,1073741824.0,107374182.4
Dragonfly+,2281,23011983360.0,84.96621621621621,14208,9792,1073741824.0,107374182.4
Dragonfly+,2282,23011983360.0,84.9732545045045,14208,9792,1073741824.0,107374182.4
Dragonfly+,2283,23011983360.0,84.9802927927928,14208,9792,1073741824.0,107374182.4
Dragonfly+,2284,23011983360.0,84.98733108108108,14208,9792,1073741824.0,107374182.4
Dragonfly+,2285,23011983360.0,84.99436936936937,14208,9792,1073741824.0,107374182.4
Dragonfly+,2286,23011983360.0,85.00140765765765,14208,9792,1073741824.0,107374182.4
Dragonfly+,2287,23011983360.0,85.00844594594594,14208,9792,1073741824.0,107374182.4
Dragonfly+,2288,23011983360.0,85.01548423423422,14208,9792,1073741824.0,107374182.4
Dragonfly+,2289,23011983360.0,85.02252252252252,14208,9792,1073741824.0,107374182.4
Dragonfly+,2290,23011983360.0,85.0295608108108,14208,9792,1073741824.0,107374182.4
Dragonfly+,2291,23011983360.0,85.03659909909909,14208,9792,1073741824.0,107374182.4
Dragonfly+,2292,23011983360.0,85.04363738738738,14208,9792,1073741824.0,107374182.4
Dragonfly+,2293,23011983360.0,85.05067567567568,14208,9792,1073741824.0,107374182.4
Dragonfly+,2294,23011983360.0,85.05771396396396,14208,9792,1073741824.0,107374182.4
Dragonfly+,2295,23011983360.0,85.06475225225225,14208,9792,1073741824.0,107374182.4
Dragonfly+,2296,23011983360.0,85.07179054054053,14208,9792,1073741824.0,107374182.4
Dragonfly+,2297,23011983360.0,85.07882882882883,14208,9792,1073741824.0,107374182.4
Dragonfly+,2298,23011983360.0,85.08586711711712,14208,9792,1073741824.0,107374182.4
Dragonfly+,2299,23011983360.0,85.0929054054054,14208,9792,1073741824.0,107374182.4
Dragonfly+,2300,23011983360.0,85.09994369369369,14208,9792,1073741824.0,107374182.4
Dragonfly+,2301,23011983360.0,85.10698198198197,14208,9792,1073741824.0,107374182.4
Dragonfly+,2302,23011983360.0,85.11402027027027,14208,9792,1073741824.0,107374182.4
Dragonfly+,2303,23011983360.0,85.12105855855856,14208,9792,1073741824.0,107374182.4
Dragonfly+,2304,23011983360.0,85.12809684684684,14208,9792,1073741824.0,107374182.4
Dragonfly+,2305,23011983360.0,85.13513513513513,14208,9792,1073741824.0,107374182.4
Dragonfly+,2306,23011983360.0,85.14217342342343,14208,9792,1073741824.0,107374182.4
Dragonfly+,2307,23011983360.0,85.14921171171171,14208,9792,1073741824.0,107374182.4
Dragonfly+,2308,23011983360.0,85.15625,14208,9792,1073741824.0,107374182.4
Dragonfly+,2309,23011983360.0,85.16328828828829,14208,9792,1073741824.0,107374182.4
Dragonfly+,2310,23011983360.0,85.17032657657657,14208,9792,1073741824.0,107374182.4
Dragonfly+,2311,23011983360.0,85.17736486486487,14208,9792,1073741824.0,107374182.4
Dragonfly+,2312,23011983360.0,85.18440315315316,14208,9792,1073741824.0,107374182.4
Dragonfly+,2313,23011983360.0,85.19144144144144,14208,9792,1073741824.0,107374182.4
Dragonfly+,2314,23011983360.0,85.19847972972973,14208,9792,1073741824.0,107374182.4
Dragonfly+,2315,23011983360.0,85.20551801801803,14208,9792,1073741824.0,107374182.4
Dragonfly+,2316,23011983360.0,85.21255630630631,14208,9792,1073741824.0,107374182.4
Dragonfly+,2317,23011983360.0,85.2195945945946,14208,9792,1073741824.0,107374182.4
Dragonfly+,2318,23011983360.0,85.22663288288288,14208,9792,1073741824.0,107374182.4
Dragonfly+,2319,23011983360.0,85.23367117117117,14208,9792,1073741824.0,107374182.4
Dragonfly+,2320,23011983360.0,85.24070945945947,14208,9792,1073741824.0,107374182.4
Dragonfly+,2321,23011983360.0,85.24774774774775,14208,9792,1073741824.0,107374182.4
Dragonfly+,2322,23011983360.0,85.25478603603604,14208,9792,1073741824.0,107374182.4
Dragonfly+,2323,23011983360.0,85.26182432432432,14208,9792,1073741824.0,107374182.4
Dragonfly+,2324,23011983360.0,85.26886261261262,14208,9792,1073741824.0,107374182.4
Dragonfly+,2325,23011983360.0,85.27590090090091,14208,9792,1073741824.0,107374182.4
Dragonfly+,2326,23011983360.0,85.2829391891892,14208,9792,1073741824.0,107374182.4
Dragonfly+,2327,23011983360.0,85.28997747747748,14208,9792,1073741824.0,107374182.4
Dragonfly+,2328,23011983360.0,85.29701576576578,14208,9792,1073741824.0,107374182.4
Dragonfly+,2329,23011983360.0,85.30405405405406,14208,9792,1073741824.0,107374182.4
Dragonfly+,2330,23011983360.0,85.31109234234235,14208,9792,1073741824.0,107374182.4
Dragonfly+,2331,23011983360.0,85.31813063063063,14208,9792,1073741824.0,107374182.4
Dragonfly+,2332,23011983360.0,85.32516891891892,14208,9792,1073741824.0,107374182.4
Dragonfly+,2333,23011983360.0,85.3322072072072,14208,9792,1073741824.0,107374182.4
Dragonfly+,2334,23011983360.0,85.3392454954955,14208,9792,1073741824.0,107374182.4
Dragonfly+,2335,23011983360.0,85.34628378378379,14208,9792,1073741824.0,107374182.4
Dragonfly+,2336,23011983360.0,85.35332207207207,14208,9792,1073741824.0,107374182.4
Dragonfly+,2337,23011983360.0,85.36036036036036,14208,9792,1073741824.0,107374182.4
Dragonfly+,2338,23011983360.0,85.36739864864865,14208,9792,1073741824.0,107374182.4
Dragonfly+,2339,23011983360.0,85.37443693693693,14208,9792,1073741824.0,107374182.4
Dragonfly+,2340,23011983360.0,85.38147522522522,14208,9792,1073741824.0,107374182.4
Dragonfly+,2341,23011983360.0,85.38851351351352,14208,9792,1073741824.0,107374182.4
Dragonfly+,2342,23011983360.0,85.3955518018018,14208,9792,1073741824.0,107374182.4
Dragonfly+,2343,23011983360.0,85.40259009009009,14208,9792,1073741824.0,107374182.4
Dragonfly+,2344,23011983360.0,85.40962837837837,14208,9792,1073741824.0,107374182.4
Dragonfly+,2345,23011983360.0,85.41666666666666,14208,9792,1073741824.0,107374182.4
Dragonfly+,2346,23011983360.0,85.42370495495496,14208,9792,1073741824.0,107374182.4
Dragonfly+,2347,23011983360.0,85.43074324324324,14208,9792,1073741824.0,107374182.4
Dragonfly+,2348,23011983360.0,85.43778153153153,14208,9792,1073741824.0,107374182.4
Dragonfly+,2349,23011983360.0,85.44481981981981,14208,9792,1073741824.0,107374182.4
Dragonfly+,2350,23011983360.0,85.4518581081081,14208,9792,1073741824.0,107374182.4
Dragonfly+,2351,23011983360.0,85.4588963963964,14208,9792,1073741824.0,107374182.4
Dragonfly+,2352,23011983360.0,85.46593468468468,14208,9792,1073741824.0,107374182.4
Dragonfly+,2353,23011983360.0,85.47297297297297,14208,9792,1073741824.0,107374182.4
Dragonfly+,2354,23011983360.0,85.48001126126125,14208,9792,1073741824.0,107374182.4
Dragonfly+,2355,23011983360.0,85.48704954954955,14208,9792,1073741824.0,107374182.4
Dragonfly+,2356,23011983360.0,85.49408783783784,14208,9792,1073741824.0,107374182.4
Dragonfly+,2357,23011983360.0,85.50112612612612,14208,9792,1073741824.0,107374182.4
Dragonfly+,2358,23011983360.0,85.50816441441441,14208,9792,1073741824.0,107374182.4
Dragonfly+,2359,23011983360.0,85.5152027027027,14208,9792,1073741824.0,107374182.4
Dragonfly+,2360,23011983360.0,85.522240990991,14208,9792,1073741824.0,107374182.4
Dragonfly+,2361,23011983360.0,85.52927927927928,14208,9792,1073741824.0,107374182.4
Dragonfly+,2362,23011983360.0,85.53631756756756,14208,9792,1073741824.0,107374182.4
Dragonfly+,2363,23011983360.0,85.54335585585585,14208,9792,1073741824.0,107374182.4
Dragonfly+,2364,23011983360.0,85.55039414414415,14208,9792,1073741824.0,107374182.4
Dragonfly+,2365,23011983360.0,85.55743243243244,14208,9792,1073741824.0,107374182.4
Dragonfly+,2366,23011983360.0,85.56447072072072,14208,9792,1073741824.0,107374182.4
Dragonfly+,2367,23011983360.0,85.571509009009,14208,9792,1073741824.0,107374182.4
Dragonfly+,2368,23011983360.0,85.5785472972973,14208,9792,1073741824.0,107374182.4
Dragonfly+,2369,23011983360.0,85.58558558558559,14208,9792,1073741824.0,107374182.4
Dragonfly+,2370,23280418816.0,85.59262387387388,14208,9792,1073741824.0,107374182.4
Dragonfly+,2371,23280418816.0,85.59966216216216,14208,9792,1073741824.0,107374182.4
Dragonfly+,2372,23280418816.0,85.60670045045045,14208,9792,1073741824.0,107374182.4
Dragonfly+,2373,23280418816.0,85.61373873873875,14208,9792,1073741824.0,107374182.4
Dragonfly+,2374,23280418816.0,85.62077702702703,14208,9792,1073741824.0,107374182.4
Dragonfly+,2375,23280418816.0,85.62781531531532,14208,9792,1073741824.0,107374182.4
Dragonfly+,2376,23280418816.0,85.6348536036036,14208,9792,1073741824.0,107374182.4
Dragonfly+,2377,23280418816.0,85.6418918918919,14208,9792,1073741824.0,107374182.4
Dragonfly+,2378,23280418816.0,85.64893018018019,14208,9792,1073741824.0,107374182.4
Dragonfly+,2379,23280418816.0,85.65596846846847,14208,9792,1073741824.0,107374182.4
Dragonfly+,2380,23280418816.0,85.66300675675676,14208,9792,1073741824.0,107374182.4
Dragonfly+,2381,23280418816.0,85.67004504504504,14208,9792,1073741824.0,107374182.4
Dragonfly+,2382,23280418816.0,85.67708333333334,14208,9792,1073741824.0,107374182.4
Dragonfly+,2383,23280418816.0,85.68412162162163,14208,9792,1073741824.0,107374182.4
Dragonfly+,2384,23280418816.0,85.69115990990991,14208,9792,1073741824.0,107374182.4
Dragonfly+,2385,23280418816.0,85.6981981981982,14208,9792,1073741824.0,107374182.4
Dragonfly+,2386,23280418816.0,85.70523648648648,14208,9792,1073741824.0,107374182.4
Dragonfly+,2387,23280418816.0,85.71227477477478,14208,9792,1073741824.0,107374182.4
Dragonfly+,2388,23280418816.0,85.71931306306307,14208,9792,1073741824.0,107374182.4
Dragonfly+,2389,23280418816.0,85.72635135135135,14208,9792,1073741824.0,107374182.4
Dragonfly+,2390,23280418816.0,85.73338963963964,14208,9792,1073741824.0,107374182.4
Dragonfly+,2391,23280418816.0,85.74042792792793,14208,9792,1073741824.0,107374182.4
Dragonfly+,2392,23280418816.0,85.74746621621621,14208,9792,1073741824.0,107374182.4
Dragonfly+,2393,23280418816.0,85.7545045045045,14208,9792,1073741824.0,107374182.4
Dragonfly+,2394,23280418816.0,85.7615427927928,14208,9792,1073741824.0,107374182.4
Dragonfly+,2395,23280418816.0,85.76858108108108,14208,9792,1073741824.0,107374182.4
Dragonfly+,2396,23280418816.0,85.77561936936937,14208,9792,1073741824.0,107374182.4
Dragonfly+,2397,23280418816.0,85.78265765765765,14208,9792,1073741824.0,107374182.4
Dragonfly+,2398,23280418816.0,85.78969594594594,14208,9792,1073741824.0,107374182.4
Dragonfly+,2399,23280418816.0,85.79673423423422,14208,9792,1073741824.0,107374182.4
Dragonfly+,2400,23280418816.0,85.80377252252252,14208,9792,1073741824.0,107374182.4
Dragonfly+,2401,23280418816.0,85.8108108108108,14208,9792,1073741824.0,107374182.4
Dragonfly+,2402,23280418816.0,85.81784909909909,14208,9792,1073741824.0,107374182.4
Dragonfly+,2403,23280418816.0,85.82488738738738,14208,9792,1073741824.0,107374182.4
Dragonfly+,2404,23280418816.0,85.83192567567568,14208,9792,1073741824.0,107374182.4
Dragonfly+,2405,23280418816.0,85.83896396396396,14208,9792,1073741824.0,107374182.4
Dragonfly+,2406,23280418816.0,85.84600225225225,14208,9792,1073741824.0,107374182.4
Dragonfly+,2407,23280418816.0,85.85304054054053,14208,9792,1073741824.0,107374182.4
Dragonfly+,2408,23280418816.0,85.86007882882883,14208,9792,1073741824.0,107374182.4
Dragonfly+,2409,23280418816.0,85.86711711711712,14208,9792,1073741824.0,107374182.4
Dragonfly+,2410,23280418816.0,85.8741554054054,14208,9792,1073741824.0,107374182.4
Dragonfly+,2411,23280418816.0,85.88119369369369,14208,9792,1073741824.0,107374182.4
Dragonfly+,2412,23280418816.0,85.88823198198197,14208,9792,1073741824.0,107374182.4
Dragonfly+,2413,23280418816.0,85.89527027027027,14208,9792,1073741824.0,107374182.4
Dragonfly+,2414,23280418816.0,85.90230855855856,14208,9792,1073741824.0,107374182.4
Dragonfly+,2415,23280418816.0,85.90934684684684,14208,9792,1073741824.0,107374182.4
Dragonfly+,2416,23280418816.0,85.91638513513513,14208,9792,1073741824.0,107374182.4
Dragonfly+,2417,23280418816.0,85.92342342342343,14208,9792,1073741824.0,107374182.4
Dragonfly+,2418,23280418816.0,85.93046171171171,14208,9792,1073741824.0,107374182.4
Dragonfly+,2419,23280418816.0,85.9375,14208,9792,1073741824.0,107374182.4
Dragonfly+,2420,23280418816.0,85.94453828828829,14208,9792,1073741824.0,107374182.4
Dragonfly+,2421,23280418816.0,85.95157657657657,14208,9792,1073741824.0,107374182.4
Dragonfly+,2422,23280418816.0,85.95861486486487,14208,9792,1073741824.0,107374182.4
Dragonfly+,2423,23280418816.0,85.96565315315316,14208,9792,1073741824.0,107374182.4
Dragonfly+,2424,23280418816.0,85.97269144144144,14208,9792,1073741824.0,107374182.4
Dragonfly+,2425,23280418816.0,85.97972972972973,14208,9792,1073741824.0,107374182.4
Dragonfly+,2426,23280418816.0,85.98676801801803,14208,9792,1073741824.0,107374182.4
Dragonfly+,2427,23280418816.0,85.99380630630631,14208,9792,1073741824.0,107374182.4
Dragonfly+,2428,23280418816.0,86.0008445945946,14208,9792,1073741824.0,107374182.4
Dragonfly+,2429,23280418816.0,86.00788288288288,14208,9792,1073741824.0,107374182.4
Dragonfly+,2430,23280418816.0,86.01492117117117,14208,9792,1073741824.0,107374182.4
Dragonfly+,2431,23280418816.0,86.02195945945947,14208,9792,1073741824.0,107374182.4
Dragonfly+,2432,23280418816.0,86.02899774774775,14208,9792,1073741824.0,107374182.4
Dragonfly+,2433,23280418816.0,86.03603603603604,14208,9792,1073741824.0,107374182.4
Dragonfly+,2434,23280418816.0,86.04307432432432,14208,9792,1073741824.0,107374182.4
Dragonfly+,2435,23280418816.0,86.05011261261262,14208,9792,1073741824.0,107374182.4
Dragonfly+,2436,23280418816.0,86.05715090090091,14208,9792,1073741824.0,107374182.4
Dragonfly+,2437,23280418816.0,86.0641891891892,14208,9792,1073741824.0,107374182.4
Dragonfly+,2438,23280418816.0,86.07122747747748,14208,9792,1073741824.0,107374182.4
Dragonfly+,2439,23280418816.0,86.07826576576578,14208,9792,1073741824.0,107374182.4
Dragonfly+,2440,23280418816.0,86.08530405405406,14208,9792,1073741824.0,107374182.4
Dragonfly+,2441,23280418816.0,86.09234234234235,14208,9792,1073741824.0,107374182.4
Dragonfly+,2442,23280418816.0,86.09938063063063,14208,9792,1073741824.0,107374182.4
Dragonfly+,2443,23280418816.0,86.10641891891892,14208,9792,1073741824.0,107374182.4
Dragonfly+,2444,23280418816.0,86.1134572072072,14208,9792,1073741824.0,107374182.4
Dragonfly+,2445,23280418816.0,86.1204954954955,14208,9792,1073741824.0,107374182.4
Dragonfly+,2446,23280418816.0,86.12753378378379,14208,9792,1073741824.0,107374182.4
Dragonfly+,2447,23280418816.0,86.13457207207207,14208,9792,1073741824.0,107374182.4
Dragonfly+,2448,23280418816.0,86.14161036036036,14208,9792,1073741824.0,107374182.4
Dragonfly+,2449,23280418816.0,86.14864864864865,14208,9792,1073741824.0,107374182.4
Dragonfly+,2450,23280418816.0,86.15568693693693,14208,9792,1073741824.0,107374182.4
Dragonfly+,2451,23280418816.0,86.16272522522522,14208,9792,1073741824.0,107374182.4
Dragonfly+,2452,23280418816.0,86.16976351351352,14208,9792,1073741824.0,107374182.4
Dragonfly+,2453,23280418816.0,86.1768018018018,14208,9792,1073741824.0,107374182.4
Dragonfly+,2454,23280418816.0,86.18384009009009,14208,9792,1073741824.0,107374182.4
Dragonfly+,2455,23280418816.0,86.19087837837837,14208,9792,1073741824.0,107374182.4
Dragonfly+,2456,23280418816.0,86.19791666666666,14208,9792,1073741824.0,107374182.4
Dragonfly+,2457,23280418816.0,86.20495495495496,14208,9792,1073741824.0,107374182.4
Dragonfly+,2458,23280418816.0,86.21199324324324,14208,9792,1073741824.0,107374182.4
Dragonfly+,2459,23280418816.0,86.21903153153153,14208,9792,1073741824.0,107374182.4
Dragonfly+,2460,23280418816.0,86.22606981981981,14208,9792,1073741824.0,107374182.4
Dragonfly+,2461,23280418816.0,86.2331081081081,14208,9792,1073741824.0,107374182.4
Dragonfly+,2462,23280418816.0,86.2401463963964,14208,9792,1073741824.0,107374182.4
Dragonfly+,2463,23280418816.0,86.24718468468468,14208,9792,1073741824.0,107374182.4
Dragonfly+,2464,23280418816.0,86.25422297297297,14208,9792,1073741824.0,107374182.4
Dragonfly+,2465,23280418816.0,86.26126126126125,14208,9792,1073741824.0,107374182.4
Dragonfly+,2466,23280418816.0,86.26829954954955,14208,9792,1073741824.0,107374182.4
Dragonfly+,2467,23280418816.0,86.27533783783784,14208,9792,1073741824.0,107374182.4
Dragonfly+,2468,23280418816.0,86.28237612612612,14208,9792,1073741824.0,107374182.4
Dragonfly+,2469,23280418816.0,86.28941441441441,14208,9792,1073741824.0,107374182.4
Dragonfly+,2470,23280418816.0,86.2964527027027,14208,9792,1073741824.0,107374182.4
Dragonfly+,2471,23280418816.0,86.303490990991,14208,9792,1073741824.0,107374182.4
Dragonfly+,2472,23280418816.0,86.31052927927928,14208,9792,1073741824.0,107374182.4
Dragonfly+,2473,23280418816.0,86.31756756756756,14208,9792,1073741824.0,107374182.4
Dragonfly+,2474,23280418816.0,86.32460585585585,14208,9792,1073741824.0,107374182.4
Dragonfly+,2475,23280418816.0,86.33164414414415,14208,9792,1073741824.0,107374182.4
Dragonfly+,2476,23280418816.0,86.33868243243244,14208,9792,1073741824.0,107374182.4
Dragonfly+,2477,23280418816.0,86.34572072072072,14208,9792,1073741824.0,107374182.4
Dragonfly+,2478,23280418816.0,86.352759009009,14208,9792,1073741824.0,107374182.4
Dragonfly+,2479,23280418816.0,86.3597972972973,14208,9792,1073741824.0,107374182.4
Dragonfly+,2480,23280418816.0,86.36683558558559,14208,9792,1073741824.0,107374182.4
Dragonfly+,2481,23280418816.0,86.37387387387388,14208,9792,1073741824.0,107374182.4
Dragonfly+,2482,23280418816.0,86.38091216216216,14208,9792,1073741824.0,107374182.4
Dragonfly+,2483,23280418816.0,86.38795045045045,14208,9792,1073741824.0,107374182.4
Dragonfly+,2484,23280418816.0,86.39498873873875,14208,9792,1073741824.0,107374182.4
Dragonfly+,2485,23280418816.0,86.40202702702703,14208,9792,1073741824.0,107374182.4
Dragonfly+,2486,23280418816.0,86.40906531531532,14208,9792,1073741824.0,107374182.4
Dragonfly+,2487,23280418816.0,86.4161036036036,14208,9792,1073741824.0,107374182.4
Dragonfly+,2488,23280418816.0,86.4231418918919,14208,9792,1073741824.0,107374182.4
Dragonfly+,2489,23280418816.0,86.43018018018019,14208,9792,1073741824.0,107374182.4
Dragonfly+,2490,23280418816.0,86.43721846846847,14208,9792,1073741824.0,107374182.4
Dragonfly+,2491,23280418816.0,86.44425675675676,14208,9792,1073741824.0,107374182.4
Dragonfly+,2492,23280418816.0,86.45129504504504,14208,9792,1073741824.0,107374182.4
Dragonfly+,2493,23280418816.0,86.45833333333334,14208,9792,1073741824.0,107374182.4
Dragonfly+,2494,23280418816.0,86.46537162162163,14208,9792,1073741824.0,107374182.4
Dragonfly+,2495,23280418816.0,86.47240990990991,14208,9792,1073741824.0,107374182.4
Dragonfly+,2496,23280418816.0,86.4794481981982,14208,9792,1073741824.0,107374182.4
Dragonfly+,2497,23280418816.0,86.48648648648648,14208,9792,1073741824.0,107374182.4
Dragonfly+,2498,23280418816.0,86.49352477477478,14208,9792,1073741824.0,107374182.4
Dragonfly+,2499,23280418816.0,86.50056306306307,14208,9792,1073741824.0,107374182.4
Dragonfly+,2500,23280418816.0,86.50760135135135,14208,9792,1073741824.0,107374182.4
Dragonfly+,2501,23280418816.0,86.51463963963964,14208,9792,1073741824.0,107374182.4
Dragonfly+,2502,23280418816.0,86.52167792792793,14208,9792,1073741824.0,107374182.4
Dragonfly+,2503,23280418816.0,86.52871621621621,14208,9792,1073741824.0,107374182.4
Dragonfly+,2504,23280418816.0,86.5357545045045,14208,9792,1073741824.0,107374182.4
Dragonfly+,2505,23280418816.0,86.5427927927928,14208,9792,1073741824.0,107374182.4
Dragonfly+,2506,23280418816.0,86.54983108108108,14208,9792,1073741824.0,107374182.4
Dragonfly+,2507,23280418816.0,86.55686936936937,14208,9792,1073741824.0,107374182.4
Dragonfly+,2508,23280418816.0,86.56390765765765,14208,9792,1073741824.0,107374182.4
Dragonfly+,2509,23280418816.0,86.57094594594594,14208,9792,1073741824.0,107374182.4
Dragonfly+,2510,23280418816.0,86.57798423423422,14208,9792,1073741824.0,107374182.4
Dragonfly+,2511,23280418816.0,86.58502252252252,14208,9792,1073741824.0,107374182.4
Dragonfly+,2512,23280418816.0,86.5920608108108,14208,9792,1073741824.0,107374182.4
Dragonfly+,2513,23280418816.0,86.59909909909909,14208,9792,1073741824.0,107374182.4
Dragonfly+,2514,23280418816.0,86.60613738738738,14208,9792,1073741824.0,107374182.4
Dragonfly+,2515,23280418816.0,86.61317567567568,14208,9792,1073741824.0,107374182.4
Dragonfly+,2516,23280418816.0,86.62021396396396,14208,9792,1073741824.0,107374182.4
Dragonfly+,2517,23280418816.0,86.62725225225225,14208,9792,1073741824.0,107374182.4
Dragonfly+,2518,23280418816.0,86.63429054054053,14208,9792,1073741824.0,107374182.4
Dragonfly+,2519,23280418816.0,86.64132882882883,14208,9792,1073741824.0,107374182.4
Dragonfly+,2520,23280418816.0,86.64836711711712,14208,9792,1073741824.0,107374182.4
Dragonfly+,2521,23280418816.0,86.6554054054054,14208,9792,1073741824.0,107374182.4
Dragonfly+,2522,23280418816.0,86.66244369369369,14208,9792,1073741824.0,107374182.4
Dragonfly+,2523,23280418816.0,86.66948198198197,14208,9792,1073741824.0,107374182.4
Dragonfly+,2524,23280418816.0,86.67652027027027,14208,9792,1073741824.0,107374182.4
Dragonfly+,2525,23280418816.0,86.68355855855856,14208,9792,1073741824.0,107374182.4
Dragonfly+,2526,23280418816.0,86.69059684684684,14208,9792,1073741824.0,107374182.4
Dragonfly+,2527,23280418816.0,86.69763513513513,14208,9792,1073741824.0,107374182.4
Dragonfly+,2528,23280418816.0,86.70467342342343,14208,9792,1073741824.0,107374182.4
Dragonfly+,2529,23280418816.0,86.71171171171171,14208,9792,1073741824.0,107374182.4
Dragonfly+,2530,23280418816.0,86.71875,14208,9792,1073741824.0,107374182.4
Dragonfly+,2531,23280418816.0,86.72578828828829,14208,9792,1073741824.0,107374182.4
Dragonfly+,2532,23280418816.0,86.73282657657657,14208,9792,1073741824.0,107374182.4
Dragonfly+,2533,23280418816.0,86.73986486486487,14208,9792,1073741824.0,107374182.4
Dragonfly+,2534,23280418816.0,86.74690315315316,14208,9792,1073741824.0,107374182.4
Dragonfly+,2535,23280418816.0,86.75394144144144,14208,9792,1073741824.0,107374182.4
Dragonfly+,2536,23280418816.0,86.76097972972973,14208,9792,1073741824.0,107374182.4
Dragonfly+,2537,23280418816.0,86.76801801801803,14208,9792,1073741824.0,107374182.4
Dragonfly+,2538,23280418816.0,86.77505630630631,14208,9792,1073741824.0,107374182.4
Dragonfly+,2539,23280418816.0,86.7820945945946,14208,9792,1073741824.0,107374182.4
Dragonfly+,2540,23280418816.0,86.78913288288288,14208,9792,1073741824.0,107374182.4
Dragonfly+,2541,23280418816.0,86.79617117117117,14208,9792,1073741824.0,107374182.4
Dragonfly+,2542,23280418816.0,86.80320945945947,14208,9792,1073741824.0,107374182.4
Dragonfly+,2543,23280418816.0,86.81024774774775,14208,9792,1073741824.0,107374182.4
Dragonfly+,2544,23280418816.0,86.81728603603604,14208,9792,1073741824.0,107374182.4
Dragonfly+,2545,23280418816.0,86.82432432432432,14208,9792,1073741824.0,107374182.4
Dragonfly+,2546,23280418816.0,86.83136261261262,14208,9792,1073741824.0,107374182.4
Dragonfly+,2547,23280418816.0,86.83840090090091,14208,9792,1073741824.0,107374182.4
Dragonfly+,2548,23280418816.0,86.8454391891892,14208,9792,1073741824.0,107374182.4
Dragonfly+,2549,23280418816.0,86.85247747747748,14208,9792,1073741824.0,107374182.4
Dragonfly+,2550,23280418816.0,86.85951576576578,14208,9792,1073741824.0,107374182.4
Dragonfly+,2551,23280418816.0,86.86655405405406,14208,9792,1073741824.0,107374182.4
Dragonfly+,2552,23280418816.0,86.87359234234235,14208,9792,1073741824.0,107374182.4
Dragonfly+,2553,23280418816.0,86.88063063063063,14208,9792,1073741824.0,107374182.4
Dragonfly+,2554,23280418816.0,86.88766891891892,14208,9792,1073741824.0,107374182.4
Dragonfly+,2555,23280418816.0,86.8947072072072,14208,9792,1073741824.0,107374182.4
Dragonfly+,2556,23280418816.0,86.9017454954955,14208,9792,1073741824.0,107374182.4
Dragonfly+,2557,23280418816.0,86.90878378378379,14208,9792,1073741824.0,107374182.4
Dragonfly+,2558,23280418816.0,86.91582207207207,14208,9792,1073741824.0,107374182.4
Dragonfly+,2559,23280418816.0,86.92286036036036,14208,9792,1073741824.0,107374182.4
Dragonfly+,2560,23280418816.0,86.92989864864865,14208,9792,1073741824.0,107374182.4
Dragonfly+,2561,23280418816.0,86.93693693693693,14208,9792,1073741824.0,107374182.4
Dragonfly+,2562,23280418816.0,86.94397522522522,14208,9792,1073741824.0,107374182.4
Dragonfly+,2563,23280418816.0,86.95101351351352,14208,9792,1073741824.0,107374182.4
Dragonfly+,2564,23280418816.0,86.9580518018018,14208,9792,1073741824.0,107374182.4
Dragonfly+,2565,23280418816.0,86.96509009009009,14208,9792,1073741824.0,107374182.4
Dragonfly+,2566,23280418816.0,86.97212837837837,14208,9792,1073741824.0,107374182.4
Dragonfly+,2567,23280418816.0,86.97916666666666,14208,9792,1073741824.0,107374182.4
Dragonfly+,2568,23280418816.0,86.98620495495496,14208,9792,1073741824.0,107374182.4
Dragonfly+,2569,23280418816.0,86.99324324324324,14208,9792,1073741824.0,107374182.4
Dragonfly+,2570,23280418816.0,87.00028153153153,14208,9792,1073741824.0,107374182.4
Dragonfly+,2571,23280418816.0,87.00731981981981,14208,9792,1073741824.0,107374182.4
Dragonfly+,2572,23280418816.0,87.0143581081081,14208,9792,1073741824.0,107374182.4
Dragonfly+,2573,23280418816.0,87.0213963963964,14208,9792,1073741824.0,107374182.4
Dragonfly+,2574,23280418816.0,87.02843468468468,14208,9792,1073741824.0,107374182.4
Dragonfly+,2575,23280418816.0,87.03547297297297,14208,9792,1073741824.0,107374182.4
Dragonfly+,2576,23280418816.0,87.04251126126125,14208,9792,1073741824.0,107374182.4
Dragonfly+,2577,23280418816.0,87.04954954954955,14208,9792,1073741824.0,107374182.4
Dragonfly+,2578,23280418816.0,87.05658783783784,14208,9792,1073741824.0,107374182.4
Dragonfly+,2579,23280418816.0,87.06362612612612,14208,9792,1073741824.0,107374182.4
Dragonfly+,2580,23280418816.0,87.07066441441441,14208,9792,1073741824.0,107374182.4
Dragonfly+,2581,23280418816.0,87.0777027027027,14208,9792,1073741824.0,107374182.4
Dragonfly+,2582,23280418816.0,87.084740990991,14208,9792,1073741824.0,107374182.4
Dragonfly+,2583,23280418816.0,87.09177927927928,14208,9792,1073741824.0,107374182.4
Dragonfly+,2584,23280418816.0,87.09881756756756,14208,9792,1073741824.0,107374182.4
Dragonfly+,2585,23280418816.0,87.10585585585585,14208,9792,1073741824.0,107374182.4
Dragonfly+,2586,23280418816.0,87.11289414414415,14208,9792,1073741824.0,107374182.4
Dragonfly+,2587,23280418816.0,87.11993243243244,14208,9792,1073741824.0,107374182.4
Dragonfly+,2588,23280418816.0,87.12697072072072,14208,9792,1073741824.0,107374182.4
Dragonfly+,2589,23280418816.0,87.134009009009,14208,9792,1073741824.0,107374182.4
Dragonfly+,2590,23280418816.0,87.1410472972973,14208,9792,1073741824.0,107374182.4
Dragonfly+,2591,23280418816.0,87.14808558558559,14208,9792,1073741824.0,107374182.4
Dragonfly+,2592,23280418816.0,87.15512387387388,14208,9792,1073741824.0,107374182.4
Dragonfly+,2593,23280418816.0,87.16216216216216,14208,9792,1073741824.0,107374182.4
Dragonfly+,2594,23280418816.0,87.16920045045045,14208,9792,1073741824.0,107374182.4
Dragonfly+,2595,23280418816.0,87.17623873873875,14208,9792,1073741824.0,107374182.4
Dragonfly+,2596,23280418816.0,87.18327702702703,14208,9792,1073741824.0,107374182.4
Dragonfly+,2597,23280418816.0,87.19031531531532,14208,9792,1073741824.0,107374182.4
Dragonfly+,2598,23280418816.0,87.1973536036036,14208,9792,1073741824.0,107374182.4
Dragonfly+,2599,23280418816.0,87.2043918918919,14208,9792,1073741824.0,107374182.4
Dragonfly+,2600,23280418816.0,87.21143018018019,14208,9792,1073741824.0,107374182.4
Dragonfly+,2601,23280418816.0,87.21846846846847,14208,9792,1073741824.0,107374182.4
Dragonfly+,2602,23280418816.0,87.22550675675676,14208,9792,1073741824.0,107374182.4
Dragonfly+,2603,23280418816.0,87.23254504504504,14208,9792,1073741824.0,107374182.4
Dragonfly+,2604,23280418816.0,87.23958333333334,14208,9792,1073741824.0,107374182.4
Dragonfly+,2605,23280418816.0,87.24662162162163,14208,9792,1073741824.0,107374182.4
Dragonfly+,2606,23280418816.0,87.25365990990991,14208,9792,1073741824.0,107374182.4
Dragonfly+,2607,23280418816.0,87.2606981981982,14208,9792,1073741824.0,107374182.4
Dragonfly+,2608,23280418816.0,87.26773648648648,14208,9792,1073741824.0,107374182.4
Dragonfly+,2609,23280418816.0,87.27477477477478,14208,9792,1073741824.0,107374182.4
Dragonfly+,2610,23280418816.0,87.28181306306307,14208,9792,1073741824.0,107374182.4
Dragonfly+,2611,23280418816.0,87.28885135135135,14208,9792,1073741824.0,107374182.4
Dragonfly+,2612,23280418816.0,87.29588963963964,14208,9792,1073741824.0,107374182.4
Dragonfly+,2613,23280418816.0,87.30292792792793,14208,9792,1073741824.0,107374182.4
Dragonfly+,2614,23280418816.0,87.30996621621621,14208,9792,1073741824.0,107374182.4
Dragonfly+,2615,23280418816.0,87.3170045045045,14208,9792,1073741824.0,107374182.4
Dragonfly+,2616,23280418816.0,87.3240427927928,14208,9792,1073741824.0,107374182.4
Dragonfly+,2617,23280418816.0,87.33108108108108,14208,9792,1073741824.0,107374182.4
Dragonfly+,2618,23280418816.0,87.33811936936937,14208,9792,1073741824.0,107374182.4
Dragonfly+,2619,23280418816.0,87.34515765765765,14208,9792,1073741824.0,107374182.4
Dragonfly+,2620,23280418816.0,87.35219594594594,14208,9792,1073741824.0,107374182.4
Dragonfly+,2621,23280418816.0,87.35923423423422,14208,9792,1073741824.0,107374182.4
Dragonfly+,2622,23280418816.0,87.36627252252252,14208,9792,1073741824.0,107374182.4
Dragonfly+,2623,23280418816.0,87.3733108108108,14208,9792,1073741824.0,107374182.4
Dragonfly+,2624,23280418816.0,87.38034909909909,14208,9792,1073741824.0,107374182.4
Dragonfly+,2625,23280418816.0,87.38738738738738,14208,9792,1073741824.0,107374182.4
Dragonfly+,2626,23280418816.0,87.39442567567568,14208,9792,1073741824.0,107374182.4
Dragonfly+,2627,23280418816.0,87.40146396396396,14208,9792,1073741824.0,107374182.4
Dragonfly+,2628,23280418816.0,87.40850225225225,14208,9792,1073741824.0,107374182.4
Dragonfly+,2629,23280418816.0,87.41554054054053,14208,9792,1073741824.0,107374182.4
Dragonfly+,2630,23280418816.0,87.42257882882883,14208,9792,1073741824.0,107374182.4
Dragonfly+,2631,23280418816.0,87.42961711711712,14208,9792,1073741824.0,107374182.4
Dragonfly+,2632,23280418816.0,87.4366554054054,14208,9792,1073741824.0,107374182.4
Dragonfly+,2633,23280418816.0,87.44369369369369,14208,9792,1073741824.0,107374182.4
Dragonfly+,2634,23280418816.0,87.45073198198197,14208,9792,1073741824.0,107374182.4
Dragonfly+,2635,23280418816.0,87.45777027027027,14208,9792,1073741824.0,107374182.4
Dragonfly+,2636,23280418816.0,87.46480855855856,14208,9792,1073741824.0,107374182.4
Dragonfly+,2637,23280418816.0,87.47184684684684,14208,9792,1073741824.0,107374182.4
Dragonfly+,2638,23280418816.0,87.47888513513513,14208,9792,1073741824.0,107374182.4
Dragonfly+,2639,23280418816.0,87.48592342342343,14208,9792,1073741824.0,107374182.4
Dragonfly+,2640,23280418816.0,87.49296171171171,14208,9792,1073741824.0,107374182.4
Dragonfly+,2641,23280418816.0,87.5,14208,9792,1073741824.0,107374182.4
Dragonfly+,2642,23280418816.0,87.50703828828829,14208,9792,1073741824.0,107374182.4
Dragonfly+,2643,23280418816.0,87.51407657657657,14208,9792,1073741824.0,107374182.4
Dragonfly+,2644,23280418816.0,87.52111486486487,14208,9792,1073741824.0,107374182.4
Dragonfly+,2645,23280418816.0,87.52815315315316,14208,9792,1073741824.0,107374182.4
Dragonfly+,2646,23280418816.0,87.53519144144144,14208,9792,1073741824.0,107374182.4
Dragonfly+,2647,23280418816.0,87.54222972972973,14208,9792,1073741824.0,107374182.4
Dragonfly+,2648,23280418816.0,87.54926801801803,14208,9792,1073741824.0,107374182.4
Dragonfly+,2649,23280418816.0,87.55630630630631,14208,9792,1073741824.0,107374182.4
Dragonfly+,2650,23280418816.0,87.5633445945946,14208,9792,1073741824.0,107374182.4
Dragonfly+,2651,23280418816.0,87.57038288288288,14208,9792,1073741824.0,107374182.4
Dragonfly+,2652,23280418816.0,87.57742117117117,14208,9792,1073741824.0,107374182.4
Dragonfly+,2653,23280418816.0,87.58445945945947,14208,9792,1073741824.0,107374182.4
Dragonfly+,2654,23280418816.0,87.59149774774775,14208,9792,1073741824.0,107374182.4
Dragonfly+,2655,23280418816.0,87.59853603603604,14208,9792,1073741824.0,107374182.4
Dragonfly+,2656,23280418816.0,87.60557432432432,14208,9792,1073741824.0,107374182.4
Dragonfly+,2657,23280418816.0,87.61261261261262,14208,9792,1073741824.0,107374182.4
Dragonfly+,2658,23280418816.0,87.61965090090091,14208,9792,1073741824.0,107374182.4
Dragonfly+,2659,23280418816.0,87.6266891891892,14208,9792,1073741824.0,107374182.4
Dragonfly+,2660,23280418816.0,87.63372747747748,14208,9792,1073741824.0,107374182.4
Dragonfly+,2661,23280418816.0,87.64076576576578,14208,9792,1073741824.0,107374182.4
Dragonfly+,2662,23280418816.0,87.64780405405406,14208,9792,1073741824.0,107374182.4
Dragonfly+,2663,23280418816.0,87.65484234234235,14208,9792,1073741824.0,107374182.4
Dragonfly+,2664,23280418816.0,87.66188063063063,14208,9792,1073741824.0,107374182.4
Dragonfly+,2665,23280418816.0,87.66891891891892,14208,9792,1073741824.0,107374182.4
Dragonfly+,2666,23280418816.0,87.6759572072072,14208,9792,1073741824.0,107374182.4
Dragonfly+,2667,23280418816.0,87.6829954954955,14208,9792,1073741824.0,107374182.4
Dragonfly+,2668,23280418816.0,87.69003378378379,14208,9792,1073741824.0,107374182.4
Dragonfly+,2669,23280418816.0,87.69707207207207,14208,9792,1073741824.0,107374182.4
Dragonfly+,2670,23280418816.0,87.70411036036036,14208,9792,1073741824.0,107374182.4
Dragonfly+,2671,23280418816.0,87.71114864864865,14208,9792,1073741824.0,107374182.4
Dragonfly+,2672,23280418816.0,87.71818693693693,14208,9792,1073741824.0,107374182.4
Dragonfly+,2673,23280418816.0,87.72522522522522,14208,9792,1073741824.0,107374182.4
Dragonfly+,2674,23280418816.0,87.73226351351352,14208,9792,1073741824.0,107374182.4
Dragonfly+,2675,23280418816.0,87.7393018018018,14208,9792,1073741824.0,107374182.4
Dragonfly+,2676,23280418816.0,87.74634009009009,14208,9792,1073741824.0,107374182.4
Dragonfly+,2677,23280418816.0,87.75337837837837,14208,9792,1073741824.0,107374182.4
Dragonfly+,2678,23280418816.0,87.76041666666666,14208,9792,1073741824.0,107374182.4
Dragonfly+,2679,23280418816.0,87.76745495495496,14208,9792,1073741824.0,107374182.4
Dragonfly+,2680,23280418816.0,87.77449324324324,14208,9792,1073741824.0,107374182.4
Dragonfly+,2681,23280418816.0,87.78153153153153,14208,9792,1073741824.0,107374182.4
Dragonfly+,2682,23280418816.0,87.78856981981981,14208,9792,1073741824.0,107374182.4
Dragonfly+,2683,23280418816.0,87.7956081081081,14208,9792,1073741824.0,107374182.4
Dragonfly+,2684,23280418816.0,87.8026463963964,14208,9792,1073741824.0,107374182.4
Dragonfly+,2685,23280418816.0,87.80968468468468,14208,9792,1073741824.0,107374182.4
Dragonfly+,2686,23280418816.0,87.81672297297297,14208,9792,1073741824.0,107374182.4
Dragonfly+,2687,23280418816.0,87.82376126126125,14208,9792,1073741824.0,107374182.4
Dragonfly+,2688,23280418816.0,87.83079954954955,14208,9792,1073741824.0,107374182.4
Dragonfly+,2689,23280418816.0,87.83783783783784,14208,9792,1073741824.0,107374182.4
Dragonfly+,2690,23280418816.0,87.84487612612612,14208,9792,1073741824.0,107374182.4
Dragonfly+,2691,23280418816.0,87.85191441441441,14208,9792,1073741824.0,107374182.4
Dragonfly+,2692,23280418816.0,87.8589527027027,14208,9792,1073741824.0,107374182.4
Dragonfly+,2693,23280418816.0,87.865990990991,14208,9792,1073741824.0,107374182.4
Dragonfly+,2694,23280418816.0,87.87302927927928,14208,9792,1073741824.0,107374182.4
Dragonfly+,2695,23280418816.0,87.88006756756756,14208,9792,1073741824.0,107374182.4
Dragonfly+,2696,23280418816.0,87.88710585585585,14208,9792,1073741824.0,107374182.4
Dragonfly+,2697,23280418816.0,87.89414414414415,14208,9792,1073741824.0,107374182.4
Dragonfly+,2698,23280418816.0,87.90118243243244,14208,9792,1073741824.0,107374182.4
Dragonfly+,2699,23280418816.0,87.90822072072072,14208,9792,1073741824.0,107374182.4
Dragonfly+,2700,23280418816.0,87.915259009009,14208,9792,1073741824.0,107374182.4
Dragonfly+,2701,23280418816.0,87.9222972972973,14208,9792,1073741824.0,107374182.4
Dragonfly+,2702,23280418816.0,87.92933558558559,14208,9792,1073741824.0,107374182.4
Dragonfly+,2703,23280418816.0,87.93637387387388,14208,9792,1073741824.0,107374182.4
Dragonfly+,2704,23280418816.0,87.94341216216216,14208,9792,1073741824.0,107374182.4
Dragonfly+,2705,23280418816.0,87.95045045045045,14208,9792,1073741824.0,107374182.4
Dragonfly+,2706,23280418816.0,87.95748873873875,14208,9792,1073741824.0,107374182.4
Dragonfly+,2707,23280418816.0,87.96452702702703,14208,9792,1073741824.0,107374182.4
Dragonfly+,2708,23280418816.0,87.97156531531532,14208,9792,1073741824.0,107374182.4
Dragonfly+,2709,23280418816.0,87.9786036036036,14208,9792,1073741824.0,107374182.4
Dragonfly+,2710,23280418816.0,87.9856418918919,14208,9792,1073741824.0,107374182.4
Dragonfly+,2711,23280418816.0,87.99268018018019,14208,9792,1073741824.0,107374182.4
Dragonfly+,2712,23280418816.0,87.99971846846847,14208,9792,1073741824.0,107374182.4
Dragonfly+,2713,23280418816.0,88.00675675675676,14208,9792,1073741824.0,107374182.4
Dragonfly+,2714,23280418816.0,88.01379504504504,14208,9792,1073741824.0,107374182.4
Dragonfly+,2715,23280418816.0,88.02083333333334,14208,9792,1073741824.0,107374182.4
Dragonfly+,2716,23280418816.0,88.02787162162163,14208,9792,1073741824.0,107374182.4
Dragonfly+,2717,23280418816.0,88.03490990990991,14208,9792,1073741824.0,107374182.4
Dragonfly+,2718,23280418816.0,88.0419481981982,14208,9792,1073741824.0,107374182.4
Dragonfly+,2719,23280418816.0,88.04898648648648,14208,9792,1073741824.0,107374182.4
Dragonfly+,2720,23280418816.0,88.05602477477478,14208,9792,1073741824.0,107374182.4
Dragonfly+,2721,23280418816.0,88.06306306306307,14208,9792,1073741824.0,107374182.4
Dragonfly+,2722,23280418816.0,88.07010135135135,14208,9792,1073741824.0,107374182.4
Dragonfly+,2723,23280418816.0,88.07713963963964,14208,9792,1073741824.0,107374182.4
Dragonfly+,2724,23280418816.0,88.08417792792793,14208,9792,1073741824.0,107374182.4
Dragonfly+,2725,23280418816.0,88.09121621621621,14208,9792,1073741824.0,107374182.4
Dragonfly+,2726,23280418816.0,88.0982545045045,14208,9792,1073741824.0,107374182.4
Dragonfly+,2727,23280418816.0,88.1052927927928,14208,9792,1073741824.0,107374182.4
Dragonfly+,2728,23280418816.0,88.11233108108108,14208,9792,1073741824.0,107374182.4
Dragonfly+,2729,23280418816.0,88.11936936936937,14208,9792,1073741824.0,107374182.4
Dragonfly+,2730,23280418816.0,88.12640765765765,14208,9792,1073741824.0,107374182.4
Dragonfly+,2731,23280418816.0,88.13344594594594,14208,9792,1073741824.0,107374182.4
Dragonfly+,2732,23280418816.0,88.14048423423422,14208,9792,1073741824.0,107374182.4
Dragonfly+,2733,23280418816.0,88.14752252252252,14208,9792,1073741824.0,107374182.4
Dragonfly+,2734,23280418816.0,88.1545608108108,14208,9792,1073741824.0,107374182.4
Dragonfly+,2735,23280418816.0,88.16159909909909,14208,9792,1073741824.0,107374182.4
Dragonfly+,2736,23280418816.0,88.16863738738738,14208,9792,1073741824.0,107374182.4
Dragonfly+,2737,23280418816.0,88.17567567567568,14208,9792,1073741824.0,107374182.4
Dragonfly+,2738,23280418816.0,88.18271396396396,14208,9792,1073741824.0,107374182.4
Dragonfly+,2739,23280418816.0,88.18975225225225,14208,9792,1073741824.0,107374182.4
Dragonfly+,2740,23280418816.0,88.19679054054053,14208,9792,1073741824.0,107374182.4
Dragonfly+,2741,23280418816.0,88.20382882882883,14208,9792,1073741824.0,107374182.4
Dragonfly+,2742,23280418816.0,88.21086711711712,14208,9792,1073741824.0,107374182.4
Dragonfly+,2743,23280418816.0,88.2179054054054,14208,9792,1073741824.0,107374182.4
Dragonfly+,2744,23280418816.0,88.22494369369369,14208,9792,1073741824.0,107374182.4
Dragonfly+,2745,23280418816.0,88.23198198198197,14208,9792,1073741824.0,107374182.4
Dragonfly+,2746,23280418816.0,88.23902027027027,14208,9792,1073741824.0,107374182.4
Dragonfly+,2747,23280418816.0,88.24605855855856,14208,9792,1073741824.0,107374182.4
Dragonfly+,2748,23280418816.0,88.25309684684684,14208,9792,1073741824.0,107374182.4
Dragonfly+,2749,23280418816.0,88.26013513513513,14208,9792,1073741824.0,107374182.4
Dragonfly+,2750,23280418816.0,88.26717342342343,14208,9792,1073741824.0,107374182.4
Dragonfly+,2751,23280418816.0,88.27421171171171,14208,9792,1073741824.0,107374182.4
Dragonfly+,2752,23280418816.0,88.28125,14208,9792,1073741824.0,107374182.4
Dragonfly+,2753,23280418816.0,88.28828828828829,14208,9792,1073741824.0,107374182.4
Dragonfly+,2754,23280418816.0,88.29532657657657,14208,9792,1073741824.0,107374182.4
Dragonfly+,2755,23280418816.0,88.30236486486487,14208,9792,1073741824.0,107374182.4
Dragonfly+,2756,23280418816.0,88.30940315315316,14208,9792,1073741824.0,107374182.4
Dragonfly+,2757,23280418816.0,88.31644144144144,14208,9792,1073741824.0,107374182.4
Dragonfly+,2758,23280418816.0,88.32347972972973,14208,9792,1073741824.0,107374182.4
Dragonfly+,2759,23280418816.0,88.33051801801803,14208,9792,1073741824.0,107374182.4
Dragonfly+,2760,23280418816.0,88.33755630630631,14208,9792,1073741824.0,107374182.4
Dragonfly+,2761,23280418816.0,88.3445945945946,14208,9792,1073741824.0,107374182.4
Dragonfly+,2762,23280418816.0,88.35163288288288,14208,9792,1073741824.0,107374182.4
Dragonfly+,2763,23280418816.0,88.35867117117117,14208,9792,1073741824.0,107374182.4
Dragonfly+,2764,23280418816.0,88.36570945945947,14208,9792,1073741824.0,107374182.4
Dragonfly+,2765,23280418816.0,88.37274774774775,14208,9792,1073741824.0,107374182.4
Dragonfly+,2766,23280418816.0,88.37978603603604,14208,9792,1073741824.0,107374182.4
Dragonfly+,2767,23280418816.0,88.38682432432432,14208,9792,1073741824.0,107374182.4
Dragonfly+,2768,23280418816.0,88.39386261261262,14208,9792,1073741824.0,107374182.4
Dragonfly+,2769,23280418816.0,88.40090090090091,14208,9792,1073741824.0,107374182.4
Dragonfly+,2770,23280418816.0,88.4079391891892,14208,9792,1073741824.0,107374182.4
Dragonfly+,2771,23280418816.0,88.41497747747748,14208,9792,1073741824.0,107374182.4
Dragonfly+,2772,23280418816.0,88.42201576576578,14208,9792,1073741824.0,107374182.4
Dragonfly+,2773,23280418816.0,88.42905405405406,14208,9792,1073741824.0,107374182.4
Dragonfly+,2774,23280418816.0,88.43609234234235,14208,9792,1073741824.0,107374182.4
Dragonfly+,2775,23280418816.0,88.44313063063063,14208,9792,1073741824.0,107374182.4
Dragonfly+,2776,23280418816.0,88.45016891891892,14208,9792,1073741824.0,107374182.4
Dragonfly+,2777,23280418816.0,88.4572072072072,14208,9792,1073741824.0,107374182.4
Dragonfly+,2778,23280418816.0,88.4642454954955,14208,9792,1073741824.0,107374182.4
Dragonfly+,2779,23280418816.0,88.47128378378379,14208,9792,1073741824.0,107374182.4
Dragonfly+,2780,23280418816.0,88.47832207207207,14208,9792,1073741824.0,107374182.4
Dragonfly+,2781,23280418816.0,88.48536036036036,14208,9792,1073741824.0,107374182.4
Dragonfly+,2782,23280418816.0,88.49239864864865,14208,9792,1073741824.0,107374182.4
Dragonfly+,2783,23280418816.0,88.49943693693693,14208,9792,1073741824.0,107374182.4
Dragonfly+,2784,23280418816.0,88.50647522522522,14208,9792,1073741824.0,107374182.4
Dragonfly+,2785,23280418816.0,88.51351351351352,14208,9792,1073741824.0,107374182.4
Dragonfly+,2786,23280418816.0,88.5205518018018,14208,9792,1073741824.0,107374182.4
Dragonfly+,2787,23280418816.0,88.52759009009009,14208,9792,1073741824.0,107374182.4
Dragonfly+,2788,23280418816.0,88.53462837837837,14208,9792,1073741824.0,107374182.4
Dragonfly+,2789,23280418816.0,88.54166666666666,14208,9792,1073741824.0,107374182.4
Dragonfly+,2790,23280418816.0,88.54870495495496,14208,9792,1073741824.0,107374182.4
Dragonfly+,2791,23280418816.0,88.55574324324324,14208,9792,1073741824.0,107374182.4
Dragonfly+,2792,23280418816.0,88.56278153153153,14208,9792,1073741824.0,107374182.4
Dragonfly+,2793,23280418816.0,88.56981981981981,14208,9792,1073741824.0,107374182.4
Dragonfly+,2794,23280418816.0,88.5768581081081,14208,9792,1073741824.0,107374182.4
Dragonfly+,2795,23280418816.0,88.5838963963964,14208,9792,1073741824.0,107374182.4
Dragonfly+,2796,23280418816.0,88.59093468468468,14208,9792,1073741824.0,107374182.4
Dragonfly+,2797,23280418816.0,88.59797297297297,14208,9792,1073741824.0,107374182.4
Dragonfly+,2798,23280418816.0,88.60501126126125,14208,9792,1073741824.0,107374182.4
Dragonfly+,2799,23280418816.0,88.61204954954955,14208,9792,1073741824.0,107374182.4
Dragonfly+,2800,23280418816.0,88.61908783783784,14208,9792,1073741824.0,107374182.4
Dragonfly+,2801,23280418816.0,88.62612612612612,14208,9792,1073741824.0,107374182.4
Dragonfly+,2802,23280418816.0,88.63316441441441,14208,9792,1073741824.0,107374182.4
Dragonfly+,2803,23280418816.0,88.6402027027027,14208,9792,1073741824.0,107374182.4
Dragonfly+,2804,23280418816.0,88.647240990991,14208,9792,1073741824.0,107374182.4
Dragonfly+,2805,23280418816.0,88.65427927927928,14208,9792,1073741824.0,107374182.4
Dragonfly+,2806,23280418816.0,88.66131756756756,14208,9792,1073741824.0,107374182.4
Dragonfly+,2807,23280418816.0,88.66835585585585,14208,9792,1073741824.0,107374182.4
Dragonfly+,2808,23280418816.0,88.67539414414415,14208,9792,1073741824.0,107374182.4
Dragonfly+,2809,23280418816.0,88.68243243243244,14208,9792,1073741824.0,107374182.4
Dragonfly+,2810,23280418816.0,88.68947072072072,14208,9792,1073741824.0,107374182.4
Dragonfly+,2811,23280418816.0,88.696509009009,14208,9792,1073741824.0,107374182.4
Dragonfly+,2812,23280418816.0,88.7035472972973,14208,9792,1073741824.0,107374182.4
Dragonfly+,2813,23280418816.0,88.71058558558559,14208,9792,1073741824.0,107374182.4
Dragonfly+,2814,23280418816.0,88.71762387387388,14208,9792,1073741824.0,107374182.4
Dragonfly+,2815,23280418816.0,88.72466216216216,14208,9792,1073741824.0,107374182.4
Dragonfly+,2816,23280418816.0,88.73170045045045,14208,9792,1073741824.0,107374182.4
Dragonfly+,2817,23280418816.0,88.73873873873875,14208,9792,1073741824.0,107374182.4
Dragonfly+,2818,23280418816.0,88.74577702702703,14208,9792,1073741824.0,107374182.4
Dragonfly+,2819,23280418816.0,88.75281531531532,14208,9792,1073741824.0,107374182.4
Dragonfly+,2820,23280418816.0,88.7598536036036,14208,9792,1073741824.0,107374182.4
Dragonfly+,2821,23280418816.0,88.7668918918919,14208,9792,1073741824.0,107374182.4
Dragonfly+,2822,23280418816.0,88.77393018018019,14208,9792,1073741824.0,107374182.4
Dragonfly+,2823,23280418816.0,88.78096846846847,14208,9792,1073741824.0,107374182.4
Dragonfly+,2824,23280418816.0,88.78800675675676,14208,9792,1073741824.0,107374182.4
Dragonfly+,2825,23280418816.0,88.79504504504504,14208,9792,1073741824.0,107374182.4
Dragonfly+,2826,23280418816.0,88.80208333333334,14208,9792,1073741824.0,107374182.4
Dragonfly+,2827,23280418816.0,88.80912162162163,14208,9792,1073741824.0,107374182.4
Dragonfly+,2828,23280418816.0,88.81615990990991,14208,9792,1073741824.0,107374182.4
Dragonfly+,2829,23280418816.0,88.8231981981982,14208,9792,1073741824.0,107374182.4
Dragonfly+,2830,23280418816.0,88.83023648648648,14208,9792,1073741824.0,107374182.4
Dragonfly+,2831,23280418816.0,88.83727477477478,14208,9792,1073741824.0,107374182.4
Dragonfly+,2832,23280418816.0,88.84431306306307,14208,9792,1073741824.0,107374182.4
Dragonfly+,2833,23280418816.0,88.85135135135135,14208,9792,1073741824.0,107374182.4
Dragonfly+,2834,23280418816.0,88.85838963963964,14208,9792,1073741824.0,107374182.4
Dragonfly+,2835,23280418816.0,88.86542792792793,14208,9792,1073741824.0,107374182.4
Dragonfly+,2836,23280418816.0,88.87246621621621,14208,9792,1073741824.0,107374182.4
Dragonfly+,2837,23280418816.0,88.8795045045045,14208,9792,1073741824.0,107374182.4
Dragonfly+,2838,23280418816.0,88.8865427927928,14208,9792,1073741824.0,107374182.4
Dragonfly+,2839,23280418816.0,88.89358108108108,14208,9792,1073741824.0,107374182.4
Dragonfly+,2840,23280418816.0,88.90061936936937,14208,9792,1073741824.0,107374182.4
Dragonfly+,2841,23280418816.0,88.90765765765765,14208,9792,1073741824.0,107374182.4
Dragonfly+,2842,23280418816.0,88.91469594594594,14208,9792,1073741824.0,107374182.4
Dragonfly+,2843,23280418816.0,88.92173423423422,14208,9792,1073741824.0,107374182.4
Dragonfly+,2844,23280418816.0,88.92877252252252,14208,9792,1073741824.0,107374182.4
Dragonfly+,2845,23280418816.0,88.9358108108108,14208,9792,1073741824.0,107374182.4
Dragonfly+,2846,23280418816.0,88.94284909909909,14208,9792,1073741824.0,107374182.4
Dragonfly+,2847,23280418816.0,88.94988738738738,14208,9792,1073741824.0,107374182.4
Dragonfly+,2848,23280418816.0,88.95692567567568,14208,9792,1073741824.0,107374182.4
Dragonfly+,2849,23280418816.0,88.96396396396396,14208,9792,1073741824.0,107374182.4
Dragonfly+,2850,23280418816.0,88.97100225225225,14208,9792,1073741824.0,107374182.4
Dragonfly+,2851,23280418816.0,88.97804054054053,14208,9792,1073741824.0,107374182.4
Dragonfly+,2852,23280418816.0,88.98507882882883,14208,9792,1073741824.0,107374182.4
Dragonfly+,2853,23280418816.0,88.99211711711712,14208,9792,1073741824.0,107374182.4
Dragonfly+,2854,23280418816.0,88.9991554054054,14208,9792,1073741824.0,107374182.4
Dragonfly+,2855,23280418816.0,89.00619369369369,14208,9792,1073741824.0,107374182.4
Dragonfly+,2856,23280418816.0,89.01323198198197,14208,9792,1073741824.0,107374182.4
Dragonfly+,2857,23280418816.0,89.02027027027027,14208,9792,1073741824.0,107374182.4
Dragonfly+,2858,23280418816.0,89.02730855855856,14208,9792,1073741824.0,107374182.4
Dragonfly+,2859,23280418816.0,89.03434684684684,14208,9792,1073741824.0,107374182.4
Dragonfly+,2860,23280418816.0,89.04138513513513,14208,9792,1073741824.0,107374182.4
Dragonfly+,2861,23280418816.0,89.04842342342343,14208,9792,1073741824.0,107374182.4
Dragonfly+,2862,23280418816.0,89.05546171171171,14208,9792,1073741824.0,107374182.4
Dragonfly+,2863,23280418816.0,89.0625,14208,9792,1073741824.0,107374182.4
Dragonfly+,2864,23280418816.0,89.06953828828829,14208,9792,1073741824.0,107374182.4
Dragonfly+,2865,23280418816.0,89.07657657657657,14208,9792,1073741824.0,107374182.4
Dragonfly+,2866,23280418816.0,89.08361486486487,14208,9792,1073741824.0,107374182.4
Dragonfly+,2867,23280418816.0,89.09065315315316,14208,9792,1073741824.0,107374182.4
Dragonfly+,2868,23280418816.0,89.09769144144144,14208,9792,1073741824.0,107374182.4
Dragonfly+,2869,23280418816.0,89.10472972972973,14208,9792,1073741824.0,107374182.4
Dragonfly+,2870,23280418816.0,89.11176801801803,14208,9792,1073741824.0,107374182.4
Dragonfly+,2871,23280418816.0,89.11880630630631,14208,9792,1073741824.0,107374182.4
Dragonfly+,2872,23280418816.0,89.1258445945946,14208,9792,1073741824.0,107374182.4
Dragonfly+,2873,23280418816.0,89.13288288288288,14208,9792,1073741824.0,107374182.4
Dragonfly+,2874,23280418816.0,89.13992117117117,14208,9792,1073741824.0,107374182.4
Dragonfly+,2875,23280418816.0,89.14695945945947,14208,9792,1073741824.0,107374182.4
Dragonfly+,2876,23280418816.0,89.15399774774775,14208,9792,1073741824.0,107374182.4
Dragonfly+,2877,23280418816.0,89.16103603603604,14208,9792,1073741824.0,107374182.4
Dragonfly+,2878,23280418816.0,89.16807432432432,14208,9792,1073741824.0,107374182.4
Dragonfly+,2879,23280418816.0,89.17511261261262,14208,9792,1073741824.0,107374182.4
Dragonfly+,2880,23280418816.0,89.18215090090091,14208,9792,1073741824.0,107374182.4
Dragonfly+,2881,23280418816.0,89.1891891891892,14208,9792,1073741824.0,107374182.4
Dragonfly+,2882,23548854272.0,89.19622747747748,14208,9792,1073741824.0,107374182.4
Dragonfly+,2883,23548854272.0,89.20326576576578,14208,9792,1073741824.0,107374182.4
Dragonfly+,2884,23548854272.0,89.21030405405406,14208,9792,1073741824.0,107374182.4
Dragonfly+,2885,23548854272.0,89.21734234234235,14208,9792,1073741824.0,107374182.4
Dragonfly+,2886,23548854272.0,89.22438063063063,14208,9792,1073741824.0,107374182.4
Dragonfly+,2887,23548854272.0,89.23141891891892,14208,9792,1073741824.0,107374182.4
Dragonfly+,2888,23548854272.0,89.2384572072072,14208,9792,1073741824.0,107374182.4
Dragonfly+,2889,23548854272.0,89.2454954954955,14208,9792,1073741824.0,107374182.4
Dragonfly+,2890,23548854272.0,89.25253378378379,14208,9792,1073741824.0,107374182.4
Dragonfly+,2891,23548854272.0,89.25957207207207,14208,9792,1073741824.0,107374182.4
Dragonfly+,2892,23548854272.0,89.26661036036036,14208,9792,1073741824.0,107374182.4
Dragonfly+,2893,23548854272.0,89.27364864864865,14208,9792,1073741824.0,107374182.4
Dragonfly+,2894,23548854272.0,89.28068693693693,14208,9792,1073741824.0,107374182.4
Dragonfly+,2895,23548854272.0,89.28772522522522,14208,9792,1073741824.0,107374182.4
Dragonfly+,2896,23548854272.0,89.29476351351352,14208,9792,1073741824.0,107374182.4
Dragonfly+,2897,23548854272.0,89.3018018018018,14208,9792,1073741824.0,107374182.4
Dragonfly+,2898,23548854272.0,89.30884009009009,14208,9792,1073741824.0,107374182.4
Dragonfly+,2899,23548854272.0,89.31587837837837,14208,9792,1073741824.0,107374182.4
Dragonfly+,2900,23548854272.0,89.32291666666666,14208,9792,1073741824.0,107374182.4
Dragonfly+,2901,23548854272.0,89.32995495495496,14208,9792,1073741824.0,107374182.4
Dragonfly+,2902,23548854272.0,89.33699324324324,14208,9792,1073741824.0,107374182.4
Dragonfly+,2903,23548854272.0,89.34403153153153,14208,9792,1073741824.0,107374182.4
Dragonfly+,2904,23548854272.0,89.35106981981981,14208,9792,1073741824.0,107374182.4
Dragonfly+,2905,23548854272.0,89.3581081081081,14208,9792,1073741824.0,107374182.4
Dragonfly+,2906,23548854272.0,89.3651463963964,14208,9792,1073741824.0,107374182.4
Dragonfly+,2907,23548854272.0,89.37218468468468,14208,9792,1073741824.0,107374182.4
Dragonfly+,2908,23548854272.0,89.37922297297297,14208,9792,1073741824.0,107374182.4
Dragonfly+,2909,23548854272.0,89.38626126126125,14208,9792,1073741824.0,107374182.4
Dragonfly+,2910,23548854272.0,89.39329954954955,14208,9792,1073741824.0,107374182.4
Dragonfly+,2911,23548854272.0,89.40033783783784,14208,9792,1073741824.0,107374182.4
Dragonfly+,2912,23548854272.0,89.40737612612612,14208,9792,1073741824.0,107374182.4
Dragonfly+,2913,23548854272.0,89.41441441441441,14208,9792,1073741824.0,107374182.4
Dragonfly+,2914,23548854272.0,89.4214527027027,14208,9792,1073741824.0,107374182.4
Dragonfly+,2915,23548854272.0,89.428490990991,14208,9792,1073741824.0,107374182.4
Dragonfly+,2916,23548854272.0,89.43552927927928,14208,9792,1073741824.0,107374182.4
Dragonfly+,2917,23548854272.0,89.44256756756756,14208,9792,1073741824.0,107374182.4
Dragonfly+,2918,23548854272.0,89.44960585585585,14208,9792,1073741824.0,107374182.4
Dragonfly+,2919,23548854272.0,89.45664414414415,14208,9792,1073741824.0,107374182.4
Dragonfly+,2920,23548854272.0,89.46368243243244,14208,9792,1073741824.0,107374182.4
Dragonfly+,2921,23548854272.0,89.47072072072072,14208,9792,1073741824.0,107374182.4
Dragonfly+,2922,23548854272.0,89.477759009009,14208,9792,1073741824.0,107374182.4
Dragonfly+,2923,23548854272.0,89.4847972972973,14208,9792,1073741824.0,107374182.4
Dragonfly+,2924,23548854272.0,89.49183558558559,14208,9792,1073741824.0,107374182.4
Dragonfly+,2925,23548854272.0,89.49887387387388,14208,9792,1073741824.0,107374182.4
Dragonfly+,2926,23548854272.0,89.50591216216216,14208,9792,1073741824.0,107374182.4
Dragonfly+,2927,23548854272.0,89.51295045045045,14208,9792,1073741824.0,107374182.4
Dragonfly+,2928,23548854272.0,89.51998873873875,14208,9792,1073741824.0,107374182.4
Dragonfly+,2929,23548854272.0,89.52702702702703,14208,9792,1073741824.0,107374182.4
Dragonfly+,2930,23548854272.0,89.53406531531532,14208,9792,1073741824.0,107374182.4
Dragonfly+,2931,23548854272.0,89.5411036036036,14208,9792,1073741824.0,107374182.4
Dragonfly+,2932,23548854272.0,89.5481418918919,14208,9792,1073741824.0,107374182.4
Dragonfly+,2933,23548854272.0,89.55518018018019,14208,9792,1073741824.0,107374182.4
Dragonfly+,2934,23548854272.0,89.56221846846847,14208,9792,1073741824.0,107374182.4
Dragonfly+,2935,23548854272.0,89.56925675675676,14208,9792,1073741824.0,107374182.4
Dragonfly+,2936,23548854272.0,89.57629504504504,14208,9792,1073741824.0,107374182.4
Dragonfly+,2937,23548854272.0,89.58333333333334,14208,9792,1073741824.0,107374182.4
Dragonfly+,2938,23548854272.0,89.59037162162163,14208,9792,1073741824.0,107374182.4
Dragonfly+,2939,23548854272.0,89.59740990990991,14208,9792,1073741824.0,107374182.4
Dragonfly+,2940,23548854272.0,89.6044481981982,14208,9792,1073741824.0,107374182.4
Dragonfly+,2941,23548854272.0,89.61148648648648,14208,9792,1073741824.0,107374182.4
Dragonfly+,2942,23548854272.0,89.61852477477478,14208,9792,1073741824.0,107374182.4
Dragonfly+,2943,23548854272.0,89.62556306306307,14208,9792,1073741824.0,107374182.4
Dragonfly+,2944,23548854272.0,89.63260135135135,14208,9792,1073741824.0,107374182.4
Dragonfly+,2945,23548854272.0,89.63963963963964,14208,9792,1073741824.0,107374182.4
Dragonfly+,2946,23548854272.0,89.64667792792793,14208,9792,1073741824.0,107374182.4
Dragonfly+,2947,23548854272.0,89.65371621621621,14208,9792,1073741824.0,107374182.4
Dragonfly+,2948,23548854272.0,89.6607545045045,14208,9792,1073741824.0,107374182.4
Dragonfly+,2949,23548854272.0,89.6677927927928,14208,9792,1073741824.0,107374182.4
Dragonfly+,2950,23548854272.0,89.67483108108108,14208,9792,1073741824.0,107374182.4
Dragonfly+,2951,23548854272.0,89.68186936936937,14208,9792,1073741824.0,107374182.4
Dragonfly+,2952,23548854272.0,89.68890765765765,14208,9792,1073741824.0,107374182.4
Dragonfly+,2953,23548854272.0,89.69594594594594,14208,9792,1073741824.0,107374182.4
Dragonfly+,2954,23548854272.0,89.70298423423422,14208,9792,1073741824.0,107374182.4
Dragonfly+,2955,23548854272.0,89.71002252252252,14208,9792,1073741824.0,107374182.4
Dragonfly+,2956,23548854272.0,89.7170608108108,14208,9792,1073741824.0,107374182.4
Dragonfly+,2957,23548854272.0,89.72409909909909,14208,9792,1073741824.0,107374182.4
Dragonfly+,2958,23548854272.0,89.73113738738738,14208,9792,1073741824.0,107374182.4
Dragonfly+,2959,23548854272.0,89.73817567567568,14208,9792,1073741824.0,107374182.4
Dragonfly+,2960,23548854272.0,89.74521396396396,14208,9792,1073741824.0,107374182.4
Dragonfly+,2961,23548854272.0,89.75225225225225,14208,9792,1073741824.0,107374182.4
Dragonfly+,2962,23548854272.0,89.75929054054053,14208,9792,1073741824.0,107374182.4
Dragonfly+,2963,23548854272.0,89.76632882882883,14208,9792,1073741824.0,107374182.4
Dragonfly+,2964,23548854272.0,89.77336711711712,14208,9792,1073741824.0,107374182.4
Dragonfly+,2965,23548854272.0,89.7804054054054,14208,9792,1073741824.0,107374182.4
Dragonfly+,2966,23548854272.0,89.78744369369369,14208,9792,1073741824.0,107374182.4
Dragonfly+,2967,23548854272.0,89.79448198198197,14208,9792,1073741824.0,107374182.4
Dragonfly+,2968,23548854272.0,89.80152027027027,14208,9792,1073741824.0,107374182.4
Dragonfly+,2969,23548854272.0,89.80855855855856,14208,9792,1073741824.0,107374182.4
Dragonfly+,2970,23548854272.0,89.81559684684684,14208,9792,1073741824.0,107374182.4
Dragonfly+,2971,23548854272.0,89.82263513513513,14208,9792,1073741824.0,107374182.4
Dragonfly+,2972,23548854272.0,89.82967342342343,14208,9792,1073741824.0,107374182.4
Dragonfly+,2973,23548854272.0,89.83671171171171,14208,9792,1073741824.0,107374182.4
Dragonfly+,2974,23548854272.0,89.84375,14208,9792,1073741824.0,107374182.4
Dragonfly+,2975,23548854272.0,89.85078828828829,14208,9792,1073741824.0,107374182.4
Dragonfly+,2976,23548854272.0,89.85782657657657,14208,9792,1073741824.0,107374182.4
Dragonfly+,2977,23548854272.0,89.86486486486487,14208,9792,1073741824.0,107374182.4
Dragonfly+,2978,23548854272.0,89.87190315315316,14208,9792,1073741824.0,107374182.4
Dragonfly+,2979,23548854272.0,89.87894144144144,14208,9792,1073741824.0,107374182.4
Dragonfly+,2980,23548854272.0,89.88597972972973,14208,9792,1073741824.0,107374182.4
Dragonfly+,2981,23548854272.0,89.89301801801803,14208,9792,1073741824.0,107374182.4
Dragonfly+,2982,23548854272.0,89.90005630630631,14208,9792,1073741824.0,107374182.4
Dragonfly+,2983,23548854272.0,89.9070945945946,14208,9792,1073741824.0,107374182.4
Dragonfly+,2984,23548854272.0,89.91413288288288,14208,9792,1073741824.0,107374182.4
Dragonfly+,2985,23548854272.0,89.92117117117117,14208,9792,1073741824.0,107374182.4
Dragonfly+,2986,23548854272.0,89.92820945945947,14208,9792,1073741824.0,107374182.4
Dragonfly+,2987,23548854272.0,89.93524774774775,14208,9792,1073741824.0,107374182.4
Dragonfly+,2988,23548854272.0,89.94228603603604,14208,9792,1073741824.0,107374182.4
Dragonfly+,2989,23548854272.0,89.94932432432432,14208,9792,1073741824.0,107374182.4
Dragonfly+,2990,23548854272.0,89.95636261261262,14208,9792,1073741824.0,107374182.4
Dragonfly+,2991,23548854272.0,89.96340090090091,14208,9792,1073741824.0,107374182.4
Dragonfly+,2992,23548854272.0,89.9704391891892,14208,9792,1073741824.0,107374182.4
Dragonfly+,2993,23548854272.0,89.97747747747748,14208,9792,1073741824.0,107374182.4
Dragonfly+,2994,23548854272.0,89.98451576576578,14208,9792,1073741824.0,107374182.4
Dragonfly+,2995,23548854272.0,89.99155405405406,14208,9792,1073741824.0,107374182.4
Dragonfly+,2996,23548854272.0,89.99859234234235,14208,9792,1073741824.0,107374182.4
Dragonfly+,2997,23548854272.0,90.00563063063063,14208,9792,1073741824.0,107374182.4
Dragonfly+,2998,23548854272.0,90.01266891891892,14208,9792,1073741824.0,107374182.4
Dragonfly+,2999,23548854272.0,90.0197072072072,14208,9792,1073741824.0,107374182.4
Dragonfly+,3000,23548854272.0,90.0267454954955,14208,9792,1073741824.0,107374182.4
Dragonfly+,3001,23548854272.0,90.03378378378379,14208,9792,1073741824.0,107374182.4
Dragonfly+,3002,23548854272.0,90.04082207207207,14208,9792,1073741824.0,107374182.4
Dragonfly+,3003,23548854272.0,90.04786036036036,14208,9792,1073741824.0,107374182.4
Dragonfly+,3004,23548854272.0,90.05489864864865,14208,9792,1073741824.0,107374182.4
Dragonfly+,3005,23548854272.0,90.06193693693693,14208,9792,1073741824.0,107374182.4
Dragonfly+,3006,23548854272.0,90.06897522522522,14208,9792,1073741824.0,107374182.4
Dragonfly+,3007,23548854272.0,90.07601351351352,14208,9792,1073741824.0,107374182.4
Dragonfly+,3008,23548854272.0,90.0830518018018,14208,9792,1073741824.0,107374182.4
Dragonfly+,3009,23548854272.0,90.09009009009009,14208,9792,1073741824.0,107374182.4
Dragonfly+,3010,23548854272.0,90.09712837837837,14208,9792,1073741824.0,107374182.4
Dragonfly+,3011,23548854272.0,90.10416666666666,14208,9792,1073741824.0,107374182.4
Dragonfly+,3012,23548854272.0,90.11120495495496,14208,9792,1073741824.0,107374182.4
Dragonfly+,3013,23548854272.0,90.11824324324324,14208,9792,1073741824.0,107374182.4
Dragonfly+,3014,23548854272.0,90.12528153153153,14208,9792,1073741824.0,107374182.4
Dragonfly+,3015,23548854272.0,90.13231981981981,14208,9792,1073741824.0,107374182.4
Dragonfly+,3016,23548854272.0,90.1393581081081,14208,9792,1073741824.0,107374182.4
Dragonfly+,3017,23548854272.0,90.1463963963964,14208,9792,1073741824.0,107374182.4
Dragonfly+,3018,23548854272.0,90.15343468468468,14208,9792,1073741824.0,107374182.4
Dragonfly+,3019,23548854272.0,90.16047297297297,14208,9792,1073741824.0,107374182.4
Dragonfly+,3020,23548854272.0,90.16751126126125,14208,9792,1073741824.0,107374182.4
Dragonfly+,3021,23548854272.0,90.17454954954955,14208,9792,1073741824.0,107374182.4
Dragonfly+,3022,23548854272.0,90.18158783783784,14208,9792,1073741824.0,107374182.4
Dragonfly+,3023,23548854272.0,90.18862612612612,14208,9792,1073741824.0,107374182.4
Dragonfly+,3024,23548854272.0,90.19566441441441,14208,9792,1073741824.0,107374182.4
Dragonfly+,3025,23548854272.0,90.2027027027027,14208,9792,1073741824.0,107374182.4
Dragonfly+,3026,23548854272.0,90.209740990991,14208,9792,1073741824.0,107374182.4
Dragonfly+,3027,23548854272.0,90.21677927927928,14208,9792,1073741824.0,107374182.4
Dragonfly+,3028,23548854272.0,90.22381756756756,14208,9792,1073741824.0,107374182.4
Dragonfly+,3029,23548854272.0,90.23085585585585,14208,9792,1073741824.0,107374182.4
Dragonfly+,3030,23548854272.0,90.23789414414415,14208,9792,1073741824.0,107374182.4
Dragonfly+,3031,23548854272.0,90.24493243243244,14208,9792,1073741824.0,107374182.4
Dragonfly+,3032,23548854272.0,90.25197072072072,14208,9792,1073741824.0,107374182.4
Dragonfly+,3033,23548854272.0,90.259009009009,14208,9792,1073741824.0,107374182.4
Dragonfly+,3034,23548854272.0,90.2660472972973,14208,9792,1073741824.0,107374182.4
Dragonfly+,3035,23548854272.0,90.27308558558559,14208,9792,1073741824.0,107374182.4
Dragonfly+,3036,23548854272.0,90.28012387387388,14208,9792,1073741824.0,107374182.4
Dragonfly+,3037,23548854272.0,90.28716216216216,14208,9792,1073741824.0,107374182.4
Dragonfly+,3038,23548854272.0,90.29420045045045,14208,9792,1073741824.0,107374182.4
Dragonfly+,3039,23548854272.0,90.30123873873875,14208,9792,1073741824.0,107374182.4
Dragonfly+,3040,23548854272.0,90.30827702702703,14208,9792,1073741824.0,107374182.4
Dragonfly+,3041,23548854272.0,90.31531531531532,14208,9792,1073741824.0,107374182.4
Dragonfly+,3042,23548854272.0,90.3223536036036,14208,9792,1073741824.0,107374182.4
Dragonfly+,3043,23548854272.0,90.3293918918919,14208,9792,1073741824.0,107374182.4
Dragonfly+,3044,23548854272.0,90.33643018018019,14208,9792,1073741824.0,107374182.4
Dragonfly+,3045,23548854272.0,90.34346846846847,14208,9792,1073741824.0,107374182.4
Dragonfly+,3046,23548854272.0,90.35050675675676,14208,9792,1073741824.0,107374182.4
Dragonfly+,3047,23548854272.0,90.35754504504504,14208,9792,1073741824.0,107374182.4
Dragonfly+,3048,23548854272.0,90.36458333333334,14208,9792,1073741824.0,107374182.4
Dragonfly+,3049,23548854272.0,90.37162162162163,14208,9792,1073741824.0,107374182.4
Dragonfly+,3050,23548854272.0,90.37865990990991,14208,9792,1073741824.0,107374182.4
Dragonfly+,3051,23548854272.0,90.3856981981982,14208,9792,1073741824.0,107374182.4
Dragonfly+,3052,23548854272.0,90.39273648648648,14208,9792,1073741824.0,107374182.4
Dragonfly+,3053,23548854272.0,90.39977477477478,14208,9792,1073741824.0,107374182.4
Dragonfly+,3054,23548854272.0,90.40681306306307,14208,9792,1073741824.0,107374182.4
Dragonfly+,3055,23548854272.0,90.41385135135135,14208,9792,1073741824.0,107374182.4
Dragonfly+,3056,23548854272.0,90.42088963963964,14208,9792,1073741824.0,107374182.4
Dragonfly+,3057,23548854272.0,90.42792792792793,14208,9792,1073741824.0,107374182.4
Dragonfly+,3058,23548854272.0,90.43496621621621,14208,9792,1073741824.0,107374182.4
Dragonfly+,3059,23548854272.0,90.4420045045045,14208,9792,1073741824.0,107374182.4
Dragonfly+,3060,23548854272.0,90.4490427927928,14208,9792,1073741824.0,107374182.4
Dragonfly+,3061,23548854272.0,90.45608108108108,14208,9792,1073741824.0,107374182.4
Dragonfly+,3062,23548854272.0,90.46311936936937,14208,9792,1073741824.0,107374182.4
Dragonfly+,3063,23548854272.0,90.47015765765765,14208,9792,1073741824.0,107374182.4
Dragonfly+,3064,23548854272.0,90.47719594594594,14208,9792,1073741824.0,107374182.4
Dragonfly+,3065,23548854272.0,90.48423423423422,14208,9792,1073741824.0,107374182.4
Dragonfly+,3066,23548854272.0,90.49127252252252,14208,9792,1073741824.0,107374182.4
Dragonfly+,3067,23548854272.0,90.4983108108108,14208,9792,1073741824.0,107374182.4
Dragonfly+,3068,23548854272.0,90.50534909909909,14208,9792,1073741824.0,107374182.4
Dragonfly+,3069,23548854272.0,90.51238738738738,14208,9792,1073741824.0,107374182.4
Dragonfly+,3070,23548854272.0,90.51942567567568,14208,9792,1073741824.0,107374182.4
Dragonfly+,3071,23548854272.0,90.52646396396396,14208,9792,1073741824.0,107374182.4
Dragonfly+,3072,23548854272.0,90.53350225225225,14208,9792,1073741824.0,107374182.4
Dragonfly+,3073,23548854272.0,90.54054054054053,14208,9792,1073741824.0,107374182.4
Dragonfly+,3074,23548854272.0,90.54757882882883,14208,9792,1073741824.0,107374182.4
Dragonfly+,3075,23548854272.0,90.55461711711712,14208,9792,1073741824.0,107374182.4
Dragonfly+,3076,23548854272.0,90.5616554054054,14208,9792,1073741824.0,107374182.4
Dragonfly+,3077,23548854272.0,90.56869369369369,14208,9792,1073741824.0,107374182.4
Dragonfly+,3078,23548854272.0,90.57573198198197,14208,9792,1073741824.0,107374182.4
Dragonfly+,3079,23548854272.0,90.58277027027027,14208,9792,1073741824.0,107374182.4
Dragonfly+,3080,23548854272.0,90.58980855855856,14208,9792,1073741824.0,107374182.4
Dragonfly+,3081,23548854272.0,90.59684684684684,14208,9792,1073741824.0,107374182.4
Dragonfly+,3082,23548854272.0,90.60388513513513,14208,9792,1073741824.0,107374182.4
Dragonfly+,3083,23548854272.0,90.61092342342343,14208,9792,1073741824.0,107374182.4
Dragonfly+,3084,23548854272.0,90.61796171171171,14208,9792,1073741824.0,107374182.4
Dragonfly+,3085,23548854272.0,90.625,14208,9792,1073741824.0,107374182.4
Dragonfly+,3086,23548854272.0,90.63203828828829,14208,9792,1073741824.0,107374182.4
Dragonfly+,3087,23548854272.0,90.63907657657657,14208,9792,1073741824.0,107374182.4
Dragonfly+,3088,23548854272.0,90.64611486486487,14208,9792,1073741824.0,107374182.4
Dragonfly+,3089,23548854272.0,90.65315315315316,14208,9792,1073741824.0,107374182.4
Dragonfly+,3090,23548854272.0,90.66019144144144,14208,9792,1073741824.0,107374182.4
Dragonfly+,3091,23548854272.0,90.66722972972973,14208,9792,1073741824.0,107374182.4
Dragonfly+,3092,23548854272.0,90.67426801801803,14208,9792,1073741824.0,107374182.4
Dragonfly+,3093,23548854272.0,90.68130630630631,14208,9792,1073741824.0,107374182.4
Dragonfly+,3094,23548854272.0,90.6883445945946,14208,9792,1073741824.0,107374182.4
Dragonfly+,3095,23548854272.0,90.69538288288288,14208,9792,1073741824.0,107374182.4
Dragonfly+,3096,23548854272.0,90.70242117117117,14208,9792,1073741824.0,107374182.4
Dragonfly+,3097,23548854272.0,90.70945945945947,14208,9792,1073741824.0,107374182.4
Dragonfly+,3098,23548854272.0,90.71649774774775,14208,9792,1073741824.0,107374182.4
Dragonfly+,3099,23548854272.0,90.72353603603604,14208,9792,1073741824.0,107374182.4
Dragonfly+,3100,23548854272.0,90.73057432432432,14208,9792,1073741824.0,107374182.4
Dragonfly+,3101,23548854272.0,90.73761261261262,14208,9792,1073741824.0,107374182.4
Dragonfly+,3102,23548854272.0,90.74465090090091,14208,9792,1073741824.0,107374182.4
Dragonfly+,3103,23548854272.0,90.7516891891892,14208,9792,1073741824.0,107374182.4
Dragonfly+,3104,23548854272.0,90.75872747747748,14208,9792,1073741824.0,107374182.4
Dragonfly+,3105,23548854272.0,90.76576576576578,14208,9792,1073741824.0,107374182.4
Dragonfly+,3106,23548854272.0,90.77280405405406,14208,9792,1073741824.0,107374182.4
Dragonfly+,3107,23548854272.0,90.77984234234235,14208,9792,1073741824.0,107374182.4
Dragonfly+,3108,23548854272.0,90.78688063063063,14208,9792,1073741824.0,107374182.4
Dragonfly+,3109,23548854272.0,90.79391891891892,14208,9792,1073741824.0,107374182.4
Dragonfly+,3110,23548854272.0,90.8009572072072,14208,9792,1073741824.0,107374182.4
Dragonfly+,3111,23548854272.0,90.8079954954955,14208,9792,1073741824.0,107374182.4
Dragonfly+,3112,23548854272.0,90.81503378378379,14208,9792,1073741824.0,107374182.4
Dragonfly+,3113,23548854272.0,90.82207207207207,14208,9792,1073741824.0,107374182.4
Dragonfly+,3114,23548854272.0,90.82911036036036,14208,9792,1073741824.0,107374182.4
Dragonfly+,3115,23548854272.0,90.83614864864865,14208,9792,1073741824.0,107374182.4
Dragonfly+,3116,23548854272.0,90.84318693693693,14208,9792,1073741824.0,107374182.4
Dragonfly+,3117,23548854272.0,90.85022522522522,14208,9792,1073741824.0,107374182.4
Dragonfly+,3118,23548854272.0,90.85726351351352,14208,9792,1073741824.0,107374182.4
Dragonfly+,3119,23548854272.0,90.8643018018018,14208,9792,1073741824.0,107374182.4
Dragonfly+,3120,23548854272.0,90.87134009009009,14208,9792,1073741824.0,107374182.4
Dragonfly+,3121,23548854272.0,90.87837837837837,14208,9792,1073741824.0,107374182.4
Dragonfly+,3122,23548854272.0,90.88541666666666,14208,9792,1073741824.0,107374182.4
Dragonfly+,3123,23548854272.0,90.89245495495496,14208,9792,1073741824.0,107374182.4
Dragonfly+,3124,23548854272.0,90.89949324324324,14208,9792,1073741824.0,107374182.4
Dragonfly+,3125,23548854272.0,90.90653153153153,14208,9792,1073741824.0,107374182.4
Dragonfly+,3126,23548854272.0,90.91356981981981,14208,9792,1073741824.0,107374182.4
Dragonfly+,3127,23548854272.0,90.9206081081081,14208,9792,1073741824.0,107374182.4
Dragonfly+,3128,23548854272.0,90.9276463963964,14208,9792,1073741824.0,107374182.4
Dragonfly+,3129,23548854272.0,90.93468468468468,14208,9792,1073741824.0,107374182.4
Dragonfly+,3130,23548854272.0,90.94172297297297,14208,9792,1073741824.0,107374182.4
Dragonfly+,3131,23548854272.0,90.94876126126125,14208,9792,1073741824.0,107374182.4
Dragonfly+,3132,23548854272.0,90.95579954954955,14208,9792,1073741824.0,107374182.4
Dragonfly+,3133,23548854272.0,90.96283783783784,14208,9792,1073741824.0,107374182.4
Dragonfly+,3134,23548854272.0,90.96987612612612,14208,9792,1073741824.0,107374182.4
Dragonfly+,3135,23548854272.0,90.97691441441441,14208,9792,1073741824.0,107374182.4
Dragonfly+,3136,23548854272.0,90.9839527027027,14208,9792,1073741824.0,107374182.4
Dragonfly+,3137,23548854272.0,90.990990990991,14208,9792,1073741824.0,107374182.4
Dragonfly+,3138,23548854272.0,90.99802927927928,14208,9792,1073741824.0,107374182.4
Dragonfly+,3139,23548854272.0,91.00506756756756,14208,9792,1073741824.0,107374182.4
Dragonfly+,3140,23548854272.0,91.01210585585585,14208,9792,1073741824.0,107374182.4
Dragonfly+,3141,23548854272.0,91.01914414414415,14208,9792,1073741824.0,107374182.4
Dragonfly+,3142,23548854272.0,91.02618243243244,14208,9792,1073741824.0,107374182.4
Dragonfly+,3143,23548854272.0,91.03322072072072,14208,9792,1073741824.0,107374182.4
Dragonfly+,3144,23548854272.0,91.040259009009,14208,9792,1073741824.0,107374182.4
Dragonfly+,3145,23548854272.0,91.0472972972973,14208,9792,1073741824.0,107374182.4
Dragonfly+,3146,23548854272.0,91.05433558558559,14208,9792,1073741824.0,107374182.4
Dragonfly+,3147,23548854272.0,91.06137387387388,14208,9792,1073741824.0,107374182.4
Dragonfly+,3148,23548854272.0,91.06841216216216,14208,9792,1073741824.0,107374182.4
Dragonfly+,3149,23548854272.0,91.07545045045045,14208,9792,1073741824.0,107374182.4
Dragonfly+,3150,23548854272.0,91.08248873873875,14208,9792,1073741824.0,107374182.4
Dragonfly+,3151,23548854272.0,91.08952702702703,14208,9792,1073741824.0,107374182.4
Dragonfly+,3152,23548854272.0,91.09656531531532,14208,9792,1073741824.0,107374182.4
Dragonfly+,3153,23548854272.0,91.1036036036036,14208,9792,1073741824.0,107374182.4
Dragonfly+,3154,23548854272.0,91.1106418918919,14208,9792,1073741824.0,107374182.4
Dragonfly+,3155,23548854272.0,91.11768018018019,14208,9792,1073741824.0,107374182.4
Dragonfly+,3156,23548854272.0,91.12471846846847,14208,9792,1073741824.0,107374182.4
Dragonfly+,3157,23548854272.0,91.13175675675676,14208,9792,1073741824.0,107374182.4
Dragonfly+,3158,23548854272.0,91.13879504504504,14208,9792,1073741824.0,107374182.4
Dragonfly+,3159,23548854272.0,91.14583333333334,14208,9792,1073741824.0,107374182.4
Dragonfly+,3160,23548854272.0,91.15287162162163,14208,9792,1073741824.0,107374182.4
Dragonfly+,3161,23548854272.0,91.15990990990991,14208,9792,1073741824.0,107374182.4
Dragonfly+,3162,23548854272.0,91.1669481981982,14208,9792,1073741824.0,107374182.4
Dragonfly+,3163,23548854272.0,91.17398648648648,14208,9792,1073741824.0,107374182.4
Dragonfly+,3164,23548854272.0,91.18102477477478,14208,9792,1073741824.0,107374182.4
Dragonfly+,3165,23548854272.0,91.18806306306307,14208,9792,1073741824.0,107374182.4
Dragonfly+,3166,23548854272.0,91.19510135135135,14208,9792,1073741824.0,107374182.4
Dragonfly+,3167,23548854272.0,91.20213963963964,14208,9792,1073741824.0,107374182.4
Dragonfly+,3168,23548854272.0,91.20917792792793,14208,9792,1073741824.0,107374182.4
Dragonfly+,3169,23548854272.0,91.21621621621621,14208,9792,1073741824.0,107374182.4
Dragonfly+,3170,23548854272.0,91.2232545045045,14208,9792,1073741824.0,107374182.4
Dragonfly+,3171,23548854272.0,91.2302927927928,14208,9792,1073741824.0,107374182.4
Dragonfly+,3172,23548854272.0,91.23733108108108,14208,9792,1073741824.0,107374182.4
Dragonfly+,3173,23548854272.0,91.24436936936937,14208,9792,1073741824.0,107374182.4
Dragonfly+,3174,23548854272.0,91.25140765765765,14208,9792,1073741824.0,107374182.4
Dragonfly+,3175,23548854272.0,91.25844594594594,14208,9792,1073741824.0,107374182.4
Dragonfly+,3176,23548854272.0,91.26548423423422,14208,9792,1073741824.0,107374182.4
Dragonfly+,3177,23548854272.0,91.27252252252252,14208,9792,1073741824.0,107374182.4
Dragonfly+,3178,23548854272.0,91.2795608108108,14208,9792,1073741824.0,107374182.4
Dragonfly+,3179,23548854272.0,91.28659909909909,14208,9792,1073741824.0,107374182.4
Dragonfly+,3180,23548854272.0,91.29363738738738,14208,9792,1073741824.0,107374182.4
Dragonfly+,3181,23548854272.0,91.30067567567568,14208,9792,1073741824.0,107374182.4
Dragonfly+,3182,23548854272.0,91.30771396396396,14208,9792,1073741824.0,107374182.4
Dragonfly+,3183,23548854272.0,91.31475225225225,14208,9792,1073741824.0,107374182.4
Dragonfly+,3184,23548854272.0,91.32179054054053,14208,9792,1073741824.0,107374182.4
Dragonfly+,3185,23548854272.0,91.32882882882883,14208,9792,1073741824.0,107374182.4
Dragonfly+,3186,23548854272.0,91.33586711711712,14208,9792,1073741824.0,107374182.4
Dragonfly+,3187,23548854272.0,91.3429054054054,14208,9792,1073741824.0,107374182.4
Dragonfly+,3188,23548854272.0,91.34994369369369,14208,9792,1073741824.0,107374182.4
Dragonfly+,3189,23548854272.0,91.35698198198197,14208,9792,1073741824.0,107374182.4
Dragonfly+,3190,23548854272.0,91.36402027027027,14208,9792,1073741824.0,107374182.4
Dragonfly+,3191,23548854272.0,91.37105855855856,14208,9792,1073741824.0,107374182.4
Dragonfly+,3192,23548854272.0,91.37809684684684,14208,9792,1073741824.0,107374182.4
Dragonfly+,3193,23548854272.0,91.38513513513513,14208,9792,1073741824.0,107374182.4
Dragonfly+,3194,23548854272.0,91.39217342342343,14208,9792,1073741824.0,107374182.4
Dragonfly+,3195,23548854272.0,91.39921171171171,14208,9792,1073741824.0,107374182.4
Dragonfly+,3196,23548854272.0,91.40625,14208,9792,1073741824.0,107374182.4
Dragonfly+,3197,23548854272.0,91.41328828828829,14208,9792,1073741824.0,107374182.4
Dragonfly+,3198,23548854272.0,91.42032657657657,14208,9792,1073741824.0,107374182.4
Dragonfly+,3199,23548854272.0,91.42736486486487,14208,9792,1073741824.0,107374182.4
Dragonfly+,3200,23548854272.0,91.43440315315316,14208,9792,1073741824.0,107374182.4
Dragonfly+,3201,23548854272.0,91.44144144144144,14208,9792,1073741824.0,107374182.4
Dragonfly+,3202,23548854272.0,91.44847972972973,14208,9792,1073741824.0,107374182.4
Dragonfly+,3203,23548854272.0,91.45551801801803,14208,9792,1073741824.0,107374182.4
Dragonfly+,3204,23548854272.0,91.46255630630631,14208,9792,1073741824.0,107374182.4
Dragonfly+,3205,23548854272.0,91.4695945945946,14208,9792,1073741824.0,107374182.4
Dragonfly+,3206,23548854272.0,91.47663288288288,14208,9792,1073741824.0,107374182.4
Dragonfly+,3207,23548854272.0,91.48367117117117,14208,9792,1073741824.0,107374182.4
Dragonfly+,3208,23548854272.0,91.49070945945947,14208,9792,1073741824.0,107374182.4
Dragonfly+,3209,23548854272.0,91.49774774774775,14208,9792,1073741824.0,107374182.4
Dragonfly+,3210,23548854272.0,91.50478603603604,14208,9792,1073741824.0,107374182.4
Dragonfly+,3211,23548854272.0,91.51182432432432,14208,9792,1073741824.0,107374182.4
Dragonfly+,3212,23548854272.0,91.51886261261262,14208,9792,1073741824.0,107374182.4
Dragonfly+,3213,23548854272.0,91.52590090090091,14208,9792,1073741824.0,107374182.4
Dragonfly+,3214,23548854272.0,91.5329391891892,14208,9792,1073741824.0,107374182.4
Dragonfly+,3215,23548854272.0,91.53997747747748,14208,9792,1073741824.0,107374182.4
Dragonfly+,3216,23548854272.0,91.54701576576578,14208,9792,1073741824.0,107374182.4
Dragonfly+,3217,23548854272.0,91.55405405405406,14208,9792,1073741824.0,107374182.4
Dragonfly+,3218,23548854272.0,91.56109234234235,14208,9792,1073741824.0,107374182.4
Dragonfly+,3219,23548854272.0,91.56813063063063,14208,9792,1073741824.0,107374182.4
Dragonfly+,3220,23548854272.0,91.57516891891892,14208,9792,1073741824.0,107374182.4
Dragonfly+,3221,23548854272.0,91.5822072072072,14208,9792,1073741824.0,107374182.4
Dragonfly+,3222,23548854272.0,91.5892454954955,14208,9792,1073741824.0,107374182.4
Dragonfly+,3223,23548854272.0,91.59628378378379,14208,9792,1073741824.0,107374182.4
Dragonfly+,3224,23548854272.0,91.60332207207207,14208,9792,1073741824.0,107374182.4
Dragonfly+,3225,23548854272.0,91.61036036036036,14208,9792,1073741824.0,107374182.4
Dragonfly+,3226,23548854272.0,91.61739864864865,14208,9792,1073741824.0,107374182.4
Dragonfly+,3227,23548854272.0,91.62443693693693,14208,9792,1073741824.0,107374182.4
Dragonfly+,3228,23548854272.0,91.63147522522522,14208,9792,1073741824.0,107374182.4
Dragonfly+,3229,23548854272.0,91.63851351351352,14208,9792,1073741824.0,107374182.4
Dragonfly+,3230,23548854272.0,91.6455518018018,14208,9792,1073741824.0,107374182.4
Dragonfly+,3231,23548854272.0,91.65259009009009,14208,9792,1073741824.0,107374182.4
Dragonfly+,3232,23548854272.0,91.65962837837837,14208,9792,1073741824.0,107374182.4
Dragonfly+,3233,23548854272.0,91.66666666666666,14208,9792,1073741824.0,107374182.4
Dragonfly+,3234,23548854272.0,91.67370495495496,14208,9792,1073741824.0,107374182.4
Dragonfly+,3235,23548854272.0,91.68074324324324,14208,9792,1073741824.0,107374182.4
Dragonfly+,3236,23548854272.0,91.68778153153153,14208,9792,1073741824.0,107374182.4
Dragonfly+,3237,23548854272.0,91.69481981981981,14208,9792,1073741824.0,107374182.4
Dragonfly+,3238,23548854272.0,91.7018581081081,14208,9792,1073741824.0,107374182.4
Dragonfly+,3239,23548854272.0,91.7088963963964,14208,9792,1073741824.0,107374182.4
Dragonfly+,3240,23548854272.0,91.71593468468468,14208,9792,1073741824.0,107374182.4
Dragonfly+,3241,23548854272.0,91.72297297297297,14208,9792,1073741824.0,107374182.4
Dragonfly+,3242,23548854272.0,91.73001126126125,14208,9792,1073741824.0,107374182.4
Dragonfly+,3243,23548854272.0,91.73704954954955,14208,9792,1073741824.0,107374182.4
Dragonfly+,3244,23548854272.0,91.74408783783784,14208,9792,1073741824.0,107374182.4
Dragonfly+,3245,23548854272.0,91.75112612612612,14208,9792,1073741824.0,107374182.4
Dragonfly+,3246,23548854272.0,91.75816441441441,14208,9792,1073741824.0,107374182.4
Dragonfly+,3247,23548854272.0,91.7652027027027,14208,9792,1073741824.0,107374182.4
Dragonfly+,3248,23548854272.0,91.772240990991,14208,9792,1073741824.0,107374182.4
Dragonfly+,3249,23548854272.0,91.77927927927928,14208,9792,1073741824.0,107374182.4
Dragonfly+,3250,23548854272.0,91.78631756756756,14208,9792,1073741824.0,107374182.4
Dragonfly+,3251,23548854272.0,91.79335585585585,14208,9792,1073741824.0,107374182.4
Dragonfly+,3252,23548854272.0,91.80039414414415,14208,9792,1073741824.0,107374182.4
Dragonfly+,3253,23548854272.0,91.80743243243244,14208,9792,1073741824.0,107374182.4
Dragonfly+,3254,23548854272.0,91.81447072072072,14208,9792,1073741824.0,107374182.4
Dragonfly+,3255,23548854272.0,91.821509009009,14208,9792,1073741824.0,107374182.4
Dragonfly+,3256,23548854272.0,91.8285472972973,14208,9792,1073741824.0,107374182.4
Dragonfly+,3257,23548854272.0,91.83558558558559,14208,9792,1073741824.0,107374182.4
Dragonfly+,3258,23548854272.0,91.84262387387388,14208,9792,1073741824.0,107374182.4
Dragonfly+,3259,23548854272.0,91.84966216216216,14208,9792,1073741824.0,107374182.4
Dragonfly+,3260,23548854272.0,91.85670045045045,14208,9792,1073741824.0,107374182.4
Dragonfly+,3261,23548854272.0,91.86373873873875,14208,9792,1073741824.0,107374182.4
Dragonfly+,3262,23548854272.0,91.87077702702703,14208,9792,1073741824.0,107374182.4
Dragonfly+,3263,23548854272.0,91.87781531531532,14208,9792,1073741824.0,107374182.4
Dragonfly+,3264,23548854272.0,91.8848536036036,14208,9792,1073741824.0,107374182.4
Dragonfly+,3265,23548854272.0,91.8918918918919,14208,9792,1073741824.0,107374182.4
Dragonfly+,3266,23548854272.0,91.89893018018019,14208,9792,1073741824.0,107374182.4
Dragonfly+,3267,23548854272.0,91.90596846846847,14208,9792,1073741824.0,107374182.4
Dragonfly+,3268,23548854272.0,91.91300675675676,14208,9792,1073741824.0,107374182.4
Dragonfly+,3269,23548854272.0,91.92004504504504,14208,9792,1073741824.0,107374182.4
Dragonfly+,3270,23548854272.0,91.92708333333334,14208,9792,1073741824.0,107374182.4
Dragonfly+,3271,23548854272.0,91.93412162162163,14208,9792,1073741824.0,107374182.4
Dragonfly+,3272,23548854272.0,91.94115990990991,14208,9792,1073741824.0,107374182.4
Dragonfly+,3273,23548854272.0,91.9481981981982,14208,9792,1073741824.0,107374182.4
Dragonfly+,3274,23548854272.0,91.95523648648648,14208,9792,1073741824.0,107374182.4
Dragonfly+,3275,23548854272.0,91.96227477477478,14208,9792,1073741824.0,107374182.4
Dragonfly+,3276,23548854272.0,91.96931306306307,14208,9792,1073741824.0,107374182.4
Dragonfly+,3277,23548854272.0,91.97635135135135,14208,9792,1073741824.0,107374182.4
Dragonfly+,3278,23548854272.0,91.98338963963964,14208,9792,1073741824.0,107374182.4
Dragonfly+,3279,23548854272.0,91.99042792792793,14208,9792,1073741824.0,107374182.4
Dragonfly+,3280,23548854272.0,91.99746621621621,14208,9792,1073741824.0,107374182.4
Dragonfly+,3281,23548854272.0,92.0045045045045,14208,9792,1073741824.0,107374182.4
Dragonfly+,3282,23548854272.0,92.0115427927928,14208,9792,1073741824.0,107374182.4
Dragonfly+,3283,23548854272.0,92.01858108108108,14208,9792,1073741824.0,107374182.4
Dragonfly+,3284,23548854272.0,92.02561936936937,14208,9792,1073741824.0,107374182.4
Dragonfly+,3285,23548854272.0,92.03265765765765,14208,9792,1073741824.0,107374182.4
Dragonfly+,3286,23548854272.0,92.03969594594594,14208,9792,1073741824.0,107374182.4
Dragonfly+,3287,23548854272.0,92.04673423423422,14208,9792,1073741824.0,107374182.4
Dragonfly+,3288,23548854272.0,92.05377252252252,14208,9792,1073741824.0,107374182.4
Dragonfly+,3289,23548854272.0,92.0608108108108,14208,9792,1073741824.0,107374182.4
Dragonfly+,3290,23548854272.0,92.06784909909909,14208,9792,1073741824.0,107374182.4
Dragonfly+,3291,23548854272.0,92.07488738738738,14208,9792,1073741824.0,107374182.4
Dragonfly+,3292,23548854272.0,92.08192567567568,14208,9792,1073741824.0,107374182.4
Dragonfly+,3293,23548854272.0,92.08896396396396,14208,9792,1073741824.0,107374182.4
Dragonfly+,3294,23548854272.0,92.09600225225225,14208,9792,1073741824.0,107374182.4
Dragonfly+,3295,23548854272.0,92.10304054054053,14208,9792,1073741824.0,107374182.4
Dragonfly+,3296,23548854272.0,92.11007882882883,14208,9792,1073741824.0,107374182.4
Dragonfly+,3297,23548854272.0,92.11711711711712,14208,9792,1073741824.0,107374182.4
Dragonfly+,3298,23548854272.0,92.1241554054054,14208,9792,1073741824.0,107374182.4
Dragonfly+,3299,23548854272.0,92.13119369369369,14208,9792,1073741824.0,107374182.4
Dragonfly+,3300,23548854272.0,92.13823198198197,14208,9792,1073741824.0,107374182.4
Dragonfly+,3301,23548854272.0,92.14527027027027,14208,9792,1073741824.0,107374182.4
Dragonfly+,3302,23548854272.0,92.15230855855856,14208,9792,1073741824.0,107374182.4
Dragonfly+,3303,23548854272.0,92.15934684684684,14208,9792,1073741824.0,107374182.4
Dragonfly+,3304,23548854272.0,92.16638513513513,14208,9792,1073741824.0,107374182.4
Dragonfly+,3305,23548854272.0,92.17342342342343,14208,9792,1073741824.0,107374182.4
Dragonfly+,3306,23548854272.0,92.18046171171171,14208,9792,1073741824.0,107374182.4
Dragonfly+,3307,23548854272.0,92.1875,14208,9792,1073741824.0,107374182.4
Dragonfly+,3308,23548854272.0,92.19453828828829,14208,9792,1073741824.0,107374182.4
Dragonfly+,3309,23548854272.0,92.20157657657657,14208,9792,1073741824.0,107374182.4
Dragonfly+,3310,23548854272.0,92.20861486486487,14208,9792,1073741824.0,107374182.4
Dragonfly+,3311,23548854272.0,92.21565315315316,14208,9792,1073741824.0,107374182.4
Dragonfly+,3312,23548854272.0,92.22269144144144,14208,9792,1073741824.0,107374182.4
Dragonfly+,3313,23548854272.0,92.22972972972973,14208,9792,1073741824.0,107374182.4
Dragonfly+,3314,23548854272.0,92.23676801801803,14208,9792,1073741824.0,107374182.4
Dragonfly+,3315,23548854272.0,92.24380630630631,14208,9792,1073741824.0,107374182.4
Dragonfly+,3316,23548854272.0,92.2508445945946,14208,9792,1073741824.0,107374182.4
Dragonfly+,3317,23548854272.0,92.25788288288288,14208,9792,1073741824.0,107374182.4
Dragonfly+,3318,23548854272.0,92.26492117117117,14208,9792,1073741824.0,107374182.4
Dragonfly+,3319,23548854272.0,92.27195945945947,14208,9792,1073741824.0,107374182.4
Dragonfly+,3320,23548854272.0,92.27899774774775,14208,9792,1073741824.0,107374182.4
Dragonfly+,3321,23548854272.0,92.28603603603604,14208,9792,1073741824.0,107374182.4
Dragonfly+,3322,23548854272.0,92.29307432432432,14208,9792,1073741824.0,107374182.4
Dragonfly+,3323,23548854272.0,92.30011261261262,14208,9792,1073741824.0,107374182.4
Dragonfly+,3324,23548854272.0,92.30715090090091,14208,9792,1073741824.0,107374182.4
Dragonfly+,3325,23548854272.0,92.3141891891892,14208,9792,1073741824.0,107374182.4
Dragonfly+,3326,23548854272.0,92.32122747747748,14208,9792,1073741824.0,107374182.4
Dragonfly+,3327,23548854272.0,92.32826576576578,14208,9792,1073741824.0,107374182.4
Dragonfly+,3328,23548854272.0,92.33530405405406,14208,9792,1073741824.0,107374182.4
Dragonfly+,3329,23548854272.0,92.34234234234235,14208,9792,1073741824.0,107374182.4
Dragonfly+,3330,23548854272.0,92.34938063063063,14208,9792,1073741824.0,107374182.4
Dragonfly+,3331,23548854272.0,92.35641891891892,14208,9792,1073741824.0,107374182.4
Dragonfly+,3332,23548854272.0,92.3634572072072,14208,9792,1073741824.0,107374182.4
Dragonfly+,3333,23548854272.0,92.3704954954955,14208,9792,1073741824.0,107374182.4
Dragonfly+,3334,23548854272.0,92.37753378378379,14208,9792,1073741824.0,107374182.4
Dragonfly+,3335,23548854272.0,92.38457207207207,14208,9792,1073741824.0,107374182.4
Dragonfly+,3336,23548854272.0,92.39161036036036,14208,9792,1073741824.0,107374182.4
Dragonfly+,3337,23548854272.0,92.39864864864865,14208,9792,1073741824.0,107374182.4
Dragonfly+,3338,23548854272.0,92.40568693693693,14208,9792,1073741824.0,107374182.4
Dragonfly+,3339,23548854272.0,92.41272522522522,14208,9792,1073741824.0,107374182.4
Dragonfly+,3340,23548854272.0,92.41976351351352,14208,9792,1073741824.0,107374182.4
Dragonfly+,3341,23548854272.0,92.4268018018018,14208,9792,1073741824.0,107374182.4
Dragonfly+,3342,23548854272.0,92.43384009009009,14208,9792,1073741824.0,107374182.4
Dragonfly+,3343,23548854272.0,92.44087837837837,14208,9792,1073741824.0,107374182.4
Dragonfly+,3344,23548854272.0,92.44791666666666,14208,9792,1073741824.0,107374182.4
Dragonfly+,3345,23548854272.0,92.45495495495496,14208,9792,1073741824.0,107374182.4
Dragonfly+,3346,23548854272.0,92.46199324324324,14208,9792,1073741824.0,107374182.4
Dragonfly+,3347,23548854272.0,92.46903153153153,14208,9792,1073741824.0,107374182.4
Dragonfly+,3348,23548854272.0,92.47606981981981,14208,9792,1073741824.0,107374182.4
Dragonfly+,3349,23548854272.0,92.4831081081081,14208,9792,1073741824.0,107374182.4
Dragonfly+,3350,23548854272.0,92.4901463963964,14208,9792,1073741824.0,107374182.4
Dragonfly+,3351,23548854272.0,92.49718468468468,14208,9792,1073741824.0,107374182.4
Dragonfly+,3352,23548854272.0,92.50422297297297,14208,9792,1073741824.0,107374182.4
Dragonfly+,3353,23548854272.0,92.51126126126125,14208,9792,1073741824.0,107374182.4
Dragonfly+,3354,23548854272.0,92.51829954954955,14208,9792,1073741824.0,107374182.4
Dragonfly+,3355,23548854272.0,92.52533783783784,14208,9792,1073741824.0,107374182.4
Dragonfly+,3356,23548854272.0,92.53237612612612,14208,9792,1073741824.0,107374182.4
Dragonfly+,3357,23548854272.0,92.53941441441441,14208,9792,1073741824.0,107374182.4
Dragonfly+,3358,23548854272.0,92.5464527027027,14208,9792,1073741824.0,107374182.4
Dragonfly+,3359,23548854272.0,92.553490990991,14208,9792,1073741824.0,107374182.4
Dragonfly+,3360,23548854272.0,92.56052927927928,14208,9792,1073741824.0,107374182.4
Dragonfly+,3361,23548854272.0,92.56756756756756,14208,9792,1073741824.0,107374182.4
Dragonfly+,3362,23548854272.0,92.57460585585585,14208,9792,1073741824.0,107374182.4
Dragonfly+,3363,23548854272.0,92.58164414414415,14208,9792,1073741824.0,107374182.4
Dragonfly+,3364,23548854272.0,92.58868243243244,14208,9792,1073741824.0,107374182.4
Dragonfly+,3365,23548854272.0,92.59572072072072,14208,9792,1073741824.0,107374182.4
Dragonfly+,3366,23548854272.0,92.602759009009,14208,9792,1073741824.0,107374182.4
Dragonfly+,3367,23548854272.0,92.6097972972973,14208,9792,1073741824.0,107374182.4
Dragonfly+,3368,23548854272.0,92.61683558558559,14208,9792,1073741824.0,107374182.4
Dragonfly+,3369,23548854272.0,92.62387387387388,14208,9792,1073741824.0,107374182.4
Dragonfly+,3370,23548854272.0,92.63091216216216,14208,9792,1073741824.0,107374182.4
Dragonfly+,3371,23548854272.0,92.63795045045045,14208,9792,1073741824.0,107374182.4
Dragonfly+,3372,23548854272.0,92.64498873873875,14208,9792,1073741824.0,107374182.4
Dragonfly+,3373,23548854272.0,92.65202702702703,14208,9792,1073741824.0,107374182.4
Dragonfly+,3374,23548854272.0,92.65906531531532,14208,9792,1073741824.0,107374182.4
Dragonfly+,3375,23548854272.0,92.6661036036036,14208,9792,1073741824.0,107374182.4
Dragonfly+,3376,23548854272.0,92.6731418918919,14208,9792,1073741824.0,107374182.4
Dragonfly+,3377,23548854272.0,92.68018018018019,14208,9792,1073741824.0,107374182.4
Dragonfly+,3378,23548854272.0,92.68721846846847,14208,9792,1073741824.0,107374182.4
Dragonfly+,3379,23548854272.0,92.69425675675676,14208,9792,1073741824.0,107374182.4
Dragonfly+,3380,23548854272.0,92.70129504504504,14208,9792,1073741824.0,107374182.4
Dragonfly+,3381,23548854272.0,92.70833333333334,14208,9792,1073741824.0,107374182.4
Dragonfly+,3382,23548854272.0,92.71537162162163,14208,9792,1073741824.0,107374182.4
Dragonfly+,3383,23548854272.0,92.72240990990991,14208,9792,1073741824.0,107374182.4
Dragonfly+,3384,23548854272.0,92.7294481981982,14208,9792,1073741824.0,107374182.4
Dragonfly+,3385,23548854272.0,92.73648648648648,14208,9792,1073741824.0,107374182.4
Dragonfly+,3386,23548854272.0,92.74352477477478,14208,9792,1073741824.0,107374182.4
Dragonfly+,3387,23548854272.0,92.75056306306307,14208,9792,1073741824.0,107374182.4
Dragonfly+,3388,23548854272.0,92.75760135135135,14208,9792,1073741824.0,107374182.4
Dragonfly+,3389,23548854272.0,92.76463963963964,14208,9792,1073741824.0,107374182.4
Dragonfly+,3390,23548854272.0,92.77167792792793,14208,9792,1073741824.0,107374182.4
Dragonfly+,3391,23548854272.0,92.77871621621621,14208,9792,1073741824.0,107374182.4
Dragonfly+,3392,23548854272.0,92.7857545045045,14208,9792,1073741824.0,107374182.4
Dragonfly+,3393,23548854272.0,92.7927927927928,14208,9792,1073741824.0,107374182.4
Dragonfly+,3394,549824364544.0,92.79983108108108,14208,9792,1073741824.0,107374182.4
Dragonfly+,3395,549824364544.0,92.80686936936937,14208,9792,1073741824.0,107374182.4
Dragonfly+,3396,549824364544.0,92.81390765765765,14208,9792,1073741824.0,107374182.4
Dragonfly+,3397,549824364544.0,92.82094594594594,14208,9792,1073741824.0,107374182.4
Dragonfly+,3398,549824364544.0,92.82798423423422,14208,9792,1073741824.0,107374182.4
Dragonfly+,3399,549824364544.0,92.83502252252252,14208,9792,1073741824.0,107374182.4
Dragonfly+,3400,549824364544.0,92.8420608108108,14208,9792,1073741824.0,107374182.4
Dragonfly+,3401,549824364544.0,92.84909909909909,14208,9792,1073741824.0,107374182.4
Dragonfly+,3402,549824364544.0,92.85613738738738,14208,9792,1073741824.0,107374182.4
Dragonfly+,3403,549824364544.0,92.86317567567568,14208,9792,1073741824.0,107374182.4
Dragonfly+,3404,549824364544.0,92.87021396396396,14208,9792,1073741824.0,107374182.4
Dragonfly+,3405,549824364544.0,92.87725225225225,14208,9792,1073741824.0,107374182.4
Dragonfly+,3406,549824364544.0,92.88429054054053,14208,9792,1073741824.0,107374182.4
Dragonfly+,3407,549824364544.0,92.89132882882883,14208,9792,1073741824.0,107374182.4
Dragonfly+,3408,549824364544.0,92.89836711711712,14208,9792,1073741824.0,107374182.4
Dragonfly+,3409,549824364544.0,92.9054054054054,14208,9792,1073741824.0,107374182.4
Dragonfly+,3410,549824364544.0,92.91244369369369,14208,9792,1073741824.0,107374182.4
Dragonfly+,3411,549824364544.0,92.91948198198197,14208,9792,1073741824.0,107374182.4
Dragonfly+,3412,549824364544.0,92.92652027027027,14208,9792,1073741824.0,107374182.4
Dragonfly+,3413,549824364544.0,92.93355855855856,14208,9792,1073741824.0,107374182.4
Dragonfly+,3414,549824364544.0,92.94059684684684,14208,9792,1073741824.0,107374182.4
Dragonfly+,3415,549824364544.0,92.94763513513513,14208,9792,1073741824.0,107374182.4
Dragonfly+,3416,549824364544.0,92.95467342342343,14208,9792,1073741824.0,107374182.4
Dragonfly+,3417,549824364544.0,92.96171171171171,14208,9792,1073741824.0,107374182.4
Dragonfly+,3418,549824364544.0,92.96875,14208,9792,1073741824.0,107374182.4
Dragonfly+,3419,549824364544.0,92.97578828828829,14208,9792,1073741824.0,107374182.4
Dragonfly+,3420,549824364544.0,92.98282657657657,14208,9792,1073741824.0,107374182.4
Dragonfly+,3421,549824364544.0,92.98986486486487,14208,9792,1073741824.0,107374182.4
Dragonfly+,3422,549824364544.0,92.99690315315316,14208,9792,1073741824.0,107374182.4
Dragonfly+,3423,549824364544.0,93.00394144144144,14208,9792,1073741824.0,107374182.4
Dragonfly+,3424,549824364544.0,93.01097972972973,14208,9792,1073741824.0,107374182.4
Dragonfly+,3425,549824364544.0,93.01801801801803,14208,9792,1073741824.0,107374182.4
Dragonfly+,3426,549824364544.0,93.02505630630631,14208,9792,1073741824.0,107374182.4
Dragonfly+,3427,549824364544.0,93.0320945945946,14208,9792,1073741824.0,107374182.4
Dragonfly+,3428,549824364544.0,93.03913288288288,14208,9792,1073741824.0,107374182.4
Dragonfly+,3429,549824364544.0,93.04617117117117,14208,9792,1073741824.0,107374182.4
Dragonfly+,3430,549824364544.0,93.05320945945947,14208,9792,1073741824.0,107374182.4
Dragonfly+,3431,549824364544.0,93.06024774774775,14208,9792,1073741824.0,107374182.4
Dragonfly+,3432,549824364544.0,93.06728603603604,14208,9792,1073741824.0,107374182.4
Dragonfly+,3433,549824364544.0,93.07432432432432,14208,9792,1073741824.0,107374182.4
Dragonfly+,3434,549824364544.0,93.08136261261262,14208,9792,1073741824.0,107374182.4
Dragonfly+,3435,549824364544.0,93.08840090090091,14208,9792,1073741824.0,107374182.4
Dragonfly+,3436,549824364544.0,93.0954391891892,14208,9792,1073741824.0,107374182.4
Dragonfly+,3437,549824364544.0,93.10247747747748,14208,9792,1073741824.0,107374182.4
Dragonfly+,3438,549824364544.0,93.10951576576578,14208,9792,1073741824.0,107374182.4
Dragonfly+,3439,549824364544.0,93.11655405405406,14208,9792,1073741824.0,107374182.4
Dragonfly+,3440,549824364544.0,93.12359234234235,14208,9792,1073741824.0,107374182.4
Dragonfly+,3441,549824364544.0,93.13063063063063,14208,9792,1073741824.0,107374182.4
Dragonfly+,3442,549824364544.0,93.13766891891892,14208,9792,1073741824.0,107374182.4
Dragonfly+,3443,549824364544.0,93.1447072072072,14208,9792,1073741824.0,107374182.4
Dragonfly+,3444,549824364544.0,93.1517454954955,14208,9792,1073741824.0,107374182.4
Dragonfly+,3445,549824364544.0,93.15878378378379,14208,9792,1073741824.0,107374182.4
Dragonfly+,3446,549824364544.0,93.16582207207207,14208,9792,1073741824.0,107374182.4
Dragonfly+,3447,549824364544.0,93.17286036036036,14208,9792,1073741824.0,107374182.4
Dragonfly+,3448,549824364544.0,93.17989864864865,14208,9792,1073741824.0,107374182.4
Dragonfly+,3449,549824364544.0,93.18693693693693,14208,9792,1073741824.0,107374182.4
Dragonfly+,3450,549824364544.0,93.19397522522522,14208,9792,1073741824.0,107374182.4
Dragonfly+,3451,549824364544.0,93.20101351351352,14208,9792,1073741824.0,107374182.4
Dragonfly+,3452,549824364544.0,93.2080518018018,14208,9792,1073741824.0,107374182.4
Dragonfly+,3453,549824364544.0,93.21509009009009,14208,9792,1073741824.0,107374182.4
Dragonfly+,3454,549824364544.0,93.22212837837837,14208,9792,1073741824.0,107374182.4
Dragonfly+,3455,549824364544.0,93.22916666666666,14208,9792,1073741824.0,107374182.4
Dragonfly+,3456,549824364544.0,93.23620495495496,14208,9792,1073741824.0,107374182.4
Dragonfly+,3457,549824364544.0,93.24324324324324,14208,9792,1073741824.0,107374182.4
Dragonfly+,3458,549824364544.0,93.25028153153153,14208,9792,1073741824.0,107374182.4
Dragonfly+,3459,549824364544.0,93.25731981981981,14208,9792,1073741824.0,107374182.4
Dragonfly+,3460,549824364544.0,93.2643581081081,14208,9792,1073741824.0,107374182.4
Dragonfly+,3461,549824364544.0,93.2713963963964,14208,9792,1073741824.0,107374182.4
Dragonfly+,3462,549824364544.0,93.27843468468468,14208,9792,1073741824.0,107374182.4
Dragonfly+,3463,549824364544.0,93.28547297297297,14208,9792,1073741824.0,107374182.4
Dragonfly+,3464,549824364544.0,93.29251126126125,14208,9792,1073741824.0,107374182.4
Dragonfly+,3465,549824364544.0,93.29954954954955,14208,9792,1073741824.0,107374182.4
Dragonfly+,3466,549824364544.0,93.30658783783784,14208,9792,1073741824.0,107374182.4
Dragonfly+,3467,549824364544.0,93.31362612612612,14208,9792,1073741824.0,107374182.4
Dragonfly+,3468,549824364544.0,93.32066441441441,14208,9792,1073741824.0,107374182.4
Dragonfly+,3469,549824364544.0,93.3277027027027,14208,9792,1073741824.0,107374182.4
Dragonfly+,3470,549824364544.0,93.334740990991,14208,9792,1073741824.0,107374182.4
Dragonfly+,3471,549824364544.0,93.34177927927928,14208,9792,1073741824.0,107374182.4
Dragonfly+,3472,549824364544.0,93.34881756756756,14208,9792,1073741824.0,107374182.4
Dragonfly+,3473,549824364544.0,93.35585585585585,14208,9792,1073741824.0,107374182.4
Dragonfly+,3474,549824364544.0,93.36289414414415,14208,9792,1073741824.0,107374182.4
Dragonfly+,3475,549824364544.0,93.36993243243244,14208,9792,1073741824.0,107374182.4
Dragonfly+,3476,549824364544.0,93.37697072072072,14208,9792,1073741824.0,107374182.4
Dragonfly+,3477,549824364544.0,93.384009009009,14208,9792,1073741824.0,107374182.4
Dragonfly+,3478,549824364544.0,93.3910472972973,14208,9792,1073741824.0,107374182.4
Dragonfly+,3479,549824364544.0,93.39808558558559,14208,9792,1073741824.0,107374182.4
Dragonfly+,3480,549824364544.0,93.40512387387388,14208,9792,1073741824.0,107374182.4
Dragonfly+,3481,549824364544.0,93.41216216216216,14208,9792,1073741824.0,107374182.4
Dragonfly+,3482,549824364544.0,93.41920045045045,14208,9792,1073741824.0,107374182.4
Dragonfly+,3483,549824364544.0,93.42623873873875,14208,9792,1073741824.0,107374182.4
Dragonfly+,3484,549824364544.0,93.43327702702703,14208,9792,1073741824.0,107374182.4
Dragonfly+,3485,549824364544.0,93.44031531531532,14208,9792,1073741824.0,107374182.4
Dragonfly+,3486,549824364544.0,93.4473536036036,14208,9792,1073741824.0,107374182.4
Dragonfly+,3487,549824364544.0,93.4543918918919,14208,9792,1073741824.0,107374182.4
Dragonfly+,3488,549824364544.0,93.46143018018019,14208,9792,1073741824.0,107374182.4
Dragonfly+,3489,549824364544.0,93.46846846846847,14208,9792,1073741824.0,107374182.4
Dragonfly+,3490,549824364544.0,93.47550675675676,14208,9792,1073741824.0,107374182.4
Dragonfly+,3491,549824364544.0,93.48254504504504,14208,9792,1073741824.0,107374182.4
Dragonfly+,3492,549824364544.0,93.48958333333334,14208,9792,1073741824.0,107374182.4
Dragonfly+,3493,549824364544.0,93.49662162162163,14208,9792,1073741824.0,107374182.4
Dragonfly+,3494,549824364544.0,93.50365990990991,14208,9792,1073741824.0,107374182.4
Dragonfly+,3495,549824364544.0,93.5106981981982,14208,9792,1073741824.0,107374182.4
Dragonfly+,3496,549824364544.0,93.51773648648648,14208,9792,1073741824.0,107374182.4
Dragonfly+,3497,549824364544.0,93.52477477477478,14208,9792,1073741824.0,107374182.4
Dragonfly+,3498,549824364544.0,93.53181306306307,14208,9792,1073741824.0,107374182.4
Dragonfly+,3499,549824364544.0,93.53885135135135,14208,9792,1073741824.0,107374182.4
Dragonfly+,3500,549824364544.0,93.54588963963964,14208,9792,1073741824.0,107374182.4
Dragonfly+,3501,549824364544.0,93.55292792792793,14208,9792,1073741824.0,107374182.4
Dragonfly+,3502,549824364544.0,93.55996621621621,14208,9792,1073741824.0,107374182.4
Dragonfly+,3503,549824364544.0,93.5670045045045,14208,9792,1073741824.0,107374182.4
Dragonfly+,3504,549824364544.0,93.5740427927928,14208,9792,1073741824.0,107374182.4
Dragonfly+,3505,549824364544.0,93.58108108108108,14208,9792,1073741824.0,107374182.4
Dragonfly+,3506,549824364544.0,93.58811936936937,14208,9792,1073741824.0,107374182.4
Dragonfly+,3507,549824364544.0,93.59515765765765,14208,9792,1073741824.0,107374182.4
Dragonfly+,3508,549824364544.0,93.60219594594594,14208,9792,1073741824.0,107374182.4
Dragonfly+,3509,549824364544.0,93.60923423423422,14208,9792,1073741824.0,107374182.4
Dragonfly+,3510,549824364544.0,93.61627252252252,14208,9792,1073741824.0,107374182.4
Dragonfly+,3511,549824364544.0,93.6233108108108,14208,9792,1073741824.0,107374182.4
Dragonfly+,3512,549824364544.0,93.63034909909909,14208,9792,1073741824.0,107374182.4
Dragonfly+,3513,549824364544.0,93.63738738738738,14208,9792,1073741824.0,107374182.4
Dragonfly+,3514,549824364544.0,93.64442567567568,14208,9792,1073741824.0,107374182.4
Dragonfly+,3515,549824364544.0,93.65146396396396,14208,9792,1073741824.0,107374182.4
Dragonfly+,3516,549824364544.0,93.65850225225225,14208,9792,1073741824.0,107374182.4
Dragonfly+,3517,549824364544.0,93.66554054054053,14208,9792,1073741824.0,107374182.4
Dragonfly+,3518,549824364544.0,93.67257882882883,14208,9792,1073741824.0,107374182.4
Dragonfly+,3519,549824364544.0,93.67961711711712,14208,9792,1073741824.0,107374182.4
Dragonfly+,3520,549824364544.0,93.6866554054054,14208,9792,1073741824.0,107374182.4
Dragonfly+,3521,549824364544.0,93.69369369369369,14208,9792,1073741824.0,107374182.4
Dragonfly+,3522,549824364544.0,93.70073198198197,14208,9792,1073741824.0,107374182.4
Dragonfly+,3523,549824364544.0,93.70777027027027,14208,9792,1073741824.0,107374182.4
Dragonfly+,3524,549824364544.0,93.71480855855856,14208,9792,1073741824.0,107374182.4
Dragonfly+,3525,549824364544.0,93.72184684684684,14208,9792,1073741824.0,107374182.4
Dragonfly+,3526,549824364544.0,93.72888513513513,14208,9792,1073741824.0,107374182.4
Dragonfly+,3527,549824364544.0,93.73592342342343,14208,9792,1073741824.0,107374182.4
Dragonfly+,3528,549824364544.0,93.74296171171171,14208,9792,1073741824.0,107374182.4
Dragonfly+,3529,549824364544.0,93.75,14208,9792,1073741824.0,107374182.4
Dragonfly+,3530,549824364544.0,93.75703828828829,14208,9792,1073741824.0,107374182.4
Dragonfly+,3531,549824364544.0,93.76407657657657,14208,9792,1073741824.0,107374182.4
Dragonfly+,3532,549824364544.0,93.77111486486487,14208,9792,1073741824.0,107374182.4
Dragonfly+,3533,549824364544.0,93.77815315315316,14208,9792,1073741824.0,107374182.4
Dragonfly+,3534,549824364544.0,93.78519144144144,14208,9792,1073741824.0,107374182.4
Dragonfly+,3535,549824364544.0,93.79222972972973,14208,9792,1073741824.0,107374182.4
Dragonfly+,3536,549824364544.0,93.79926801801803,14208,9792,1073741824.0,107374182.4
Dragonfly+,3537,549824364544.0,93.80630630630631,14208,9792,1073741824.0,107374182.4
Dragonfly+,3538,549824364544.0,93.8133445945946,14208,9792,1073741824.0,107374182.4
Dragonfly+,3539,549824364544.0,93.82038288288288,14208,9792,1073741824.0,107374182.4
Dragonfly+,3540,549824364544.0,93.82742117117117,14208,9792,1073741824.0,107374182.4
Dragonfly+,3541,549824364544.0,93.83445945945947,14208,9792,1073741824.0,107374182.4
Dragonfly+,3542,549824364544.0,93.84149774774775,14208,9792,1073741824.0,107374182.4
Dragonfly+,3543,549824364544.0,93.84853603603604,14208,9792,1073741824.0,107374182.4
Dragonfly+,3544,549824364544.0,93.85557432432432,14208,9792,1073741824.0,107374182.4
Dragonfly+,3545,549824364544.0,93.86261261261262,14208,9792,1073741824.0,107374182.4
Dragonfly+,3546,549824364544.0,93.86965090090091,14208,9792,1073741824.0,107374182.4
Dragonfly+,3547,549824364544.0,93.8766891891892,14208,9792,1073741824.0,107374182.4
Dragonfly+,3548,549824364544.0,93.88372747747748,14208,9792,1073741824.0,107374182.4
Dragonfly+,3549,549824364544.0,93.89076576576578,14208,9792,1073741824.0,107374182.4
Dragonfly+,3550,549824364544.0,93.89780405405406,14208,9792,1073741824.0,107374182.4
Dragonfly+,3551,549824364544.0,93.90484234234235,14208,9792,1073741824.0,107374182.4
Dragonfly+,3552,549824364544.0,93.91188063063063,14208,9792,1073741824.0,107374182.4
Dragonfly+,3553,549824364544.0,93.91891891891892,14208,9792,1073741824.0,107374182.4
Dragonfly+,3554,549824364544.0,93.9259572072072,14208,9792,1073741824.0,107374182.4
Dragonfly+,3555,549824364544.0,93.9329954954955,14208,9792,1073741824.0,107374182.4
Dragonfly+,3556,549824364544.0,93.94003378378379,14208,9792,1073741824.0,107374182.4
Dragonfly+,3557,549824364544.0,93.94707207207207,14208,9792,1073741824.0,107374182.4
Dragonfly+,3558,549824364544.0,93.95411036036036,14208,9792,1073741824.0,107374182.4
Dragonfly+,3559,549824364544.0,93.96114864864865,14208,9792,1073741824.0,107374182.4
Dragonfly+,3560,549824364544.0,93.96818693693693,14208,9792,1073741824.0,107374182.4
Dragonfly+,3561,549824364544.0,93.97522522522522,14208,9792,1073741824.0,107374182.4
Dragonfly+,3562,549824364544.0,93.98226351351352,14208,9792,1073741824.0,107374182.4
Dragonfly+,3563,549824364544.0,93.9893018018018,14208,9792,1073741824.0,107374182.4
Dragonfly+,3564,549824364544.0,93.99634009009009,14208,9792,1073741824.0,107374182.4
Dragonfly+,3565,549824364544.0,94.00337837837837,14208,9792,1073741824.0,107374182.4
Dragonfly+,3566,549824364544.0,94.01041666666666,14208,9792,1073741824.0,107374182.4
Dragonfly+,3567,549824364544.0,94.01745495495496,14208,9792,1073741824.0,107374182.4
Dragonfly+,3568,549824364544.0,94.02449324324324,14208,9792,1073741824.0,107374182.4
Dragonfly+,3569,549824364544.0,94.03153153153153,14208,9792,1073741824.0,107374182.4
Dragonfly+,3570,549824364544.0,94.03856981981981,14208,9792,1073741824.0,107374182.4
Dragonfly+,3571,549824364544.0,94.0456081081081,14208,9792,1073741824.0,107374182.4
Dragonfly+,3572,549824364544.0,94.0526463963964,14208,9792,1073741824.0,107374182.4
Dragonfly+,3573,549824364544.0,94.05968468468468,14208,9792,1073741824.0,107374182.4
Dragonfly+,3574,549824364544.0,94.06672297297297,14208,9792,1073741824.0,107374182.4
Dragonfly+,3575,549824364544.0,94.07376126126125,14208,9792,1073741824.0,107374182.4
Dragonfly+,3576,549824364544.0,94.08079954954955,14208,9792,1073741824.0,107374182.4
Dragonfly+,3577,549824364544.0,94.08783783783784,14208,9792,1073741824.0,107374182.4
Dragonfly+,3578,549824364544.0,94.09487612612612,14208,9792,1073741824.0,107374182.4
Dragonfly+,3579,549824364544.0,94.10191441441441,14208,9792,1073741824.0,107374182.4
Dragonfly+,3580,549824364544.0,94.1089527027027,14208,9792,1073741824.0,107374182.4
Dragonfly+,3581,549824364544.0,94.115990990991,14208,9792,1073741824.0,107374182.4
Dragonfly+,3582,549824364544.0,94.12302927927928,14208,9792,1073741824.0,107374182.4
Dragonfly+,3583,549824364544.0,94.13006756756756,14208,9792,1073741824.0,107374182.4
Dragonfly+,3584,549824364544.0,94.13710585585585,14208,9792,1073741824.0,107374182.4
Dragonfly+,3585,549824364544.0,94.14414414414415,14208,9792,1073741824.0,107374182.4
Dragonfly+,3586,549824364544.0,94.15118243243244,14208,9792,1073741824.0,107374182.4
Dragonfly+,3587,549824364544.0,94.15822072072072,14208,9792,1073741824.0,107374182.4
Dragonfly+,3588,549824364544.0,94.165259009009,14208,9792,1073741824.0,107374182.4
Dragonfly+,3589,549824364544.0,94.1722972972973,14208,9792,1073741824.0,107374182.4
Dragonfly+,3590,549824364544.0,94.17933558558559,14208,9792,1073741824.0,107374182.4
Dragonfly+,3591,549824364544.0,94.18637387387388,14208,9792,1073741824.0,107374182.4
Dragonfly+,3592,549824364544.0,94.19341216216216,14208,9792,1073741824.0,107374182.4
Dragonfly+,3593,549824364544.0,94.20045045045045,14208,9792,1073741824.0,107374182.4
Dragonfly+,3594,549824364544.0,94.20748873873875,14208,9792,1073741824.0,107374182.4
Dragonfly+,3595,549824364544.0,94.21452702702703,14208,9792,1073741824.0,107374182.4
Dragonfly+,3596,549824364544.0,94.22156531531532,14208,9792,1073741824.0,107374182.4
Dragonfly+,3597,549824364544.0,94.2286036036036,14208,9792,1073741824.0,107374182.4
Dragonfly+,3598,549824364544.0,94.2356418918919,14208,9792,1073741824.0,107374182.4
Dragonfly+,3599,549824364544.0,94.24268018018019,14208,9792,1073741824.0,107374182.4
Dragonfly+,3600,549824364544.0,94.24971846846847,14208,9792,1073741824.0,107374182.4
Dragonfly+,3601,549824364544.0,94.25675675675676,14208,9792,1073741824.0,107374182.4
Dragonfly+,3602,549824364544.0,94.26379504504504,14208,9792,1073741824.0,107374182.4
Dragonfly+,3603,549824364544.0,94.27083333333334,14208,9792,1073741824.0,107374182.4
Dragonfly+,3604,549824364544.0,94.27787162162163,14208,9792,1073741824.0,107374182.4
Dragonfly+,3605,549824364544.0,94.28490990990991,14208,9792,1073741824.0,107374182.4
Dragonfly+,3606,549824364544.0,94.2919481981982,14208,9792,1073741824.0,107374182.4
Dragonfly+,3607,549824364544.0,94.29898648648648,14208,9792,1073741824.0,107374182.4
Dragonfly+,3608,549824364544.0,94.30602477477478,14208,9792,1073741824.0,107374182.4
Dragonfly+,3609,549824364544.0,94.31306306306307,14208,9792,1073741824.0,107374182.4
Dragonfly+,3610,549824364544.0,94.32010135135135,14208,9792,1073741824.0,107374182.4
Dragonfly+,3611,549824364544.0,94.32713963963964,14208,9792,1073741824.0,107374182.4
Dragonfly+,3612,549824364544.0,94.33417792792793,14208,9792,1073741824.0,107374182.4
Dragonfly+,3613,549824364544.0,94.34121621621621,14208,9792,1073741824.0,107374182.4
Dragonfly+,3614,549824364544.0,94.3482545045045,14208,9792,1073741824.0,107374182.4
Dragonfly+,3615,549824364544.0,94.3552927927928,14208,9792,1073741824.0,107374182.4
Dragonfly+,3616,549824364544.0,94.36233108108108,14208,9792,1073741824.0,107374182.4
Dragonfly+,3617,549824364544.0,94.36936936936937,14208,9792,1073741824.0,107374182.4
Dragonfly+,3618,549824364544.0,94.37640765765765,14208,9792,1073741824.0,107374182.4
Dragonfly+,3619,549824364544.0,94.38344594594594,14208,9792,1073741824.0,107374182.4
Dragonfly+,3620,549824364544.0,94.39048423423422,14208,9792,1073741824.0,107374182.4
Dragonfly+,3621,549824364544.0,94.39752252252252,14208,9792,1073741824.0,107374182.4
Dragonfly+,3622,549824364544.0,94.4045608108108,14208,9792,1073741824.0,107374182.4
Dragonfly+,3623,549824364544.0,94.41159909909909,14208,9792,1073741824.0,107374182.4
Dragonfly+,3624,549824364544.0,94.41863738738738,14208,9792,1073741824.0,107374182.4
Dragonfly+,3625,549824364544.0,94.42567567567568,14208,9792,1073741824.0,107374182.4
Dragonfly+,3626,549824364544.0,94.43271396396396,14208,9792,1073741824.0,107374182.4
Dragonfly+,3627,549824364544.0,94.43975225225225,14208,9792,1073741824.0,107374182.4
Dragonfly+,3628,549824364544.0,94.44679054054053,14208,9792,1073741824.0,107374182.4
Dragonfly+,3629,549824364544.0,94.45382882882883,14208,9792,1073741824.0,107374182.4
Dragonfly+,3630,549824364544.0,94.46086711711712,14208,9792,1073741824.0,107374182.4
Dragonfly+,3631,549824364544.0,94.4679054054054,14208,9792,1073741824.0,107374182.4
Dragonfly+,3632,549824364544.0,94.47494369369369,14208,9792,1073741824.0,107374182.4
Dragonfly+,3633,549824364544.0,94.48198198198197,14208,9792,1073741824.0,107374182.4
Dragonfly+,3634,549824364544.0,94.48902027027027,14208,9792,1073741824.0,107374182.4
Dragonfly+,3635,549824364544.0,94.49605855855856,14208,9792,1073741824.0,107374182.4
Dragonfly+,3636,549824364544.0,94.50309684684684,14208,9792,1073741824.0,107374182.4
Dragonfly+,3637,549824364544.0,94.51013513513513,14208,9792,1073741824.0,107374182.4
Dragonfly+,3638,549824364544.0,94.51717342342343,14208,9792,1073741824.0,107374182.4
Dragonfly+,3639,549824364544.0,94.52421171171171,14208,9792,1073741824.0,107374182.4
Dragonfly+,3640,549824364544.0,94.53125,14208,9792,1073741824.0,107374182.4
Dragonfly+,3641,549824364544.0,94.53828828828829,14208,9792,1073741824.0,107374182.4
Dragonfly+,3642,549824364544.0,94.54532657657657,14208,9792,1073741824.0,107374182.4
Dragonfly+,3643,549824364544.0,94.55236486486487,14208,9792,1073741824.0,107374182.4
Dragonfly+,3644,549824364544.0,94.55940315315316,14208,9792,1073741824.0,107374182.4
Dragonfly+,3645,549824364544.0,94.56644144144144,14208,9792,1073741824.0,107374182.4
Dragonfly+,3646,549824364544.0,94.57347972972973,14208,9792,1073741824.0,107374182.4
Dragonfly+,3647,549824364544.0,94.58051801801803,14208,9792,1073741824.0,107374182.4
Dragonfly+,3648,549824364544.0,94.58755630630631,14208,9792,1073741824.0,107374182.4
Dragonfly+,3649,549824364544.0,94.5945945945946,14208,9792,1073741824.0,107374182.4
Dragonfly+,3650,549824364544.0,94.60163288288288,14208,9792,1073741824.0,107374182.4
Dragonfly+,3651,549824364544.0,94.60867117117117,14208,9792,1073741824.0,107374182.4
Dragonfly+,3652,549824364544.0,94.61570945945947,14208,9792,1073741824.0,107374182.4
Dragonfly+,3653,549824364544.0,94.62274774774775,14208,9792,1073741824.0,107374182.4
Dragonfly+,3654,549824364544.0,94.62978603603604,14208,9792,1073741824.0,107374182.4
Dragonfly+,3655,549824364544.0,94.63682432432432,14208,9792,1073741824.0,107374182.4
Dragonfly+,3656,549824364544.0,94.64386261261262,14208,9792,1073741824.0,107374182.4
Dragonfly+,3657,549824364544.0,94.65090090090091,14208,9792,1073741824.0,107374182.4
Dragonfly+,3658,549824364544.0,94.6579391891892,14208,9792,1073741824.0,107374182.4
Dragonfly+,3659,549824364544.0,94.66497747747748,14208,9792,1073741824.0,107374182.4
Dragonfly+,3660,549824364544.0,94.67201576576578,14208,9792,1073741824.0,107374182.4
Dragonfly+,3661,549824364544.0,94.67905405405406,14208,9792,1073741824.0,107374182.4
Dragonfly+,3662,549824364544.0,94.68609234234235,14208,9792,1073741824.0,107374182.4
Dragonfly+,3663,549824364544.0,94.69313063063063,14208,9792,1073741824.0,107374182.4
Dragonfly+,3664,549824364544.0,94.70016891891892,14208,9792,1073741824.0,107374182.4
Dragonfly+,3665,549824364544.0,94.7072072072072,14208,9792,1073741824.0,107374182.4
Dragonfly+,3666,549824364544.0,94.7142454954955,14208,9792,1073741824.0,107374182.4
Dragonfly+,3667,549824364544.0,94.72128378378379,14208,9792,1073741824.0,107374182.4
Dragonfly+,3668,549824364544.0,94.72832207207207,14208,9792,1073741824.0,107374182.4
Dragonfly+,3669,549824364544.0,94.73536036036036,14208,9792,1073741824.0,107374182.4
Dragonfly+,3670,549824364544.0,94.74239864864865,14208,9792,1073741824.0,107374182.4
Dragonfly+,3671,549824364544.0,94.74943693693693,14208,9792,1073741824.0,107374182.4
Dragonfly+,3672,549824364544.0,94.75647522522522,14208,9792,1073741824.0,107374182.4
Dragonfly+,3673,549824364544.0,94.76351351351352,14208,9792,1073741824.0,107374182.4
Dragonfly+,3674,549824364544.0,94.7705518018018,14208,9792,1073741824.0,107374182.4
Dragonfly+,3675,549824364544.0,94.77759009009009,14208,9792,1073741824.0,107374182.4
Dragonfly+,3676,549824364544.0,94.78462837837837,14208,9792,1073741824.0,107374182.4
Dragonfly+,3677,549824364544.0,94.79166666666666,14208,9792,1073741824.0,107374182.4
Dragonfly+,3678,549824364544.0,94.79870495495496,14208,9792,1073741824.0,107374182.4
Dragonfly+,3679,549824364544.0,94.80574324324324,14208,9792,1073741824.0,107374182.4
Dragonfly+,3680,549824364544.0,94.81278153153153,14208,9792,1073741824.0,107374182.4
Dragonfly+,3681,549824364544.0,94.81981981981981,14208,9792,1073741824.0,107374182.4
Dragonfly+,3682,549824364544.0,94.8268581081081,14208,9792,1073741824.0,107374182.4
Dragonfly+,3683,549824364544.0,94.8338963963964,14208,9792,1073741824.0,107374182.4
Dragonfly+,3684,549824364544.0,94.84093468468468,14208,9792,1073741824.0,107374182.4
Dragonfly+,3685,549824364544.0,94.84797297297297,14208,9792,1073741824.0,107374182.4
Dragonfly+,3686,549824364544.0,94.85501126126125,14208,9792,1073741824.0,107374182.4
Dragonfly+,3687,549824364544.0,94.86204954954955,14208,9792,1073741824.0,107374182.4
Dragonfly+,3688,549824364544.0,94.86908783783784,14208,9792,1073741824.0,107374182.4
Dragonfly+,3689,549824364544.0,94.87612612612612,14208,9792,1073741824.0,107374182.4
Dragonfly+,3690,549824364544.0,94.88316441441441,14208,9792,1073741824.0,107374182.4
Dragonfly+,3691,549824364544.0,94.8902027027027,14208,9792,1073741824.0,107374182.4
Dragonfly+,3692,549824364544.0,94.897240990991,14208,9792,1073741824.0,107374182.4
Dragonfly+,3693,549824364544.0,94.90427927927928,14208,9792,1073741824.0,107374182.4
Dragonfly+,3694,549824364544.0,94.91131756756756,14208,9792,1073741824.0,107374182.4
Dragonfly+,3695,549824364544.0,94.91835585585585,14208,9792,1073741824.0,107374182.4
Dragonfly+,3696,549824364544.0,94.92539414414415,14208,9792,1073741824.0,107374182.4
Dragonfly+,3697,549824364544.0,94.93243243243244,14208,9792,1073741824.0,107374182.4
Dragonfly+,3698,549824364544.0,94.93947072072072,14208,9792,1073741824.0,107374182.4
Dragonfly+,3699,549824364544.0,94.946509009009,14208,9792,1073741824.0,107374182.4
Dragonfly+,3700,549824364544.0,94.9535472972973,14208,9792,1073741824.0,107374182.4
Dragonfly+,3701,549824364544.0,94.96058558558559,14208,9792,1073741824.0,107374182.4
Dragonfly+,3702,549824364544.0,94.96762387387388,14208,9792,1073741824.0,107374182.4
Dragonfly+,3703,549824364544.0,94.97466216216216,14208,9792,1073741824.0,107374182.4
Dragonfly+,3704,549824364544.0,94.98170045045045,14208,9792,1073741824.0,107374182.4
Dragonfly+,3705,549824364544.0,94.98873873873875,14208,9792,1073741824.0,107374182.4
Dragonfly+,3706,549824364544.0,94.99577702702703,14208,9792,1073741824.0,107374182.4
Dragonfly+,3707,549824364544.0,95.00281531531532,14208,9792,1073741824.0,107374182.4
Dragonfly+,3708,549824364544.0,95.0098536036036,14208,9792,1073741824.0,107374182.4
Dragonfly+,3709,549824364544.0,95.0168918918919,14208,9792,1073741824.0,107374182.4
Dragonfly+,3710,549824364544.0,95.02393018018019,14208,9792,1073741824.0,107374182.4
Dragonfly+,3711,549824364544.0,95.03096846846847,14208,9792,1073741824.0,107374182.4
Dragonfly+,3712,549824364544.0,95.03800675675676,14208,9792,1073741824.0,107374182.4
Dragonfly+,3713,549824364544.0,95.04504504504504,14208,9792,1073741824.0,107374182.4
Dragonfly+,3714,549824364544.0,95.05208333333334,14208,9792,1073741824.0,107374182.4
Dragonfly+,3715,549824364544.0,95.05912162162163,14208,9792,1073741824.0,107374182.4
Dragonfly+,3716,549824364544.0,95.06615990990991,14208,9792,1073741824.0,107374182.4
Dragonfly+,3717,549824364544.0,95.0731981981982,14208,9792,1073741824.0,107374182.4
Dragonfly+,3718,549824364544.0,95.08023648648648,14208,9792,1073741824.0,107374182.4
Dragonfly+,3719,549824364544.0,95.08727477477478,14208,9792,1073741824.0,107374182.4
Dragonfly+,3720,549824364544.0,95.09431306306307,14208,9792,1073741824.0,107374182.4
Dragonfly+,3721,549824364544.0,95.10135135135135,14208,9792,1073741824.0,107374182.4
Dragonfly+,3722,549824364544.0,95.10838963963964,14208,9792,1073741824.0,107374182.4
Dragonfly+,3723,549824364544.0,95.11542792792793,14208,9792,1073741824.0,107374182.4
Dragonfly+,3724,549824364544.0,95.12246621621621,14208,9792,1073741824.0,107374182.4
Dragonfly+,3725,549824364544.0,95.1295045045045,14208,9792,1073741824.0,107374182.4
Dragonfly+,3726,549824364544.0,95.1365427927928,14208,9792,1073741824.0,107374182.4
Dragonfly+,3727,549824364544.0,95.14358108108108,14208,9792,1073741824.0,107374182.4
Dragonfly+,3728,549824364544.0,95.15061936936937,14208,9792,1073741824.0,107374182.4
Dragonfly+,3729,549824364544.0,95.15765765765765,14208,9792,1073741824.0,107374182.4
Dragonfly+,3730,549824364544.0,95.16469594594594,14208,9792,1073741824.0,107374182.4
Dragonfly+,3731,549824364544.0,95.17173423423422,14208,9792,1073741824.0,107374182.4
Dragonfly+,3732,549824364544.0,95.17877252252252,14208,9792,1073741824.0,107374182.4
Dragonfly+,3733,549824364544.0,95.1858108108108,14208,9792,1073741824.0,107374182.4
Dragonfly+,3734,549824364544.0,95.19284909909909,14208,9792,1073741824.0,107374182.4
Dragonfly+,3735,549824364544.0,95.19988738738738,14208,9792,1073741824.0,107374182.4
Dragonfly+,3736,549824364544.0,95.20692567567568,14208,9792,1073741824.0,107374182.4
Dragonfly+,3737,549824364544.0,95.21396396396396,14208,9792,1073741824.0,107374182.4
Dragonfly+,3738,549824364544.0,95.22100225225225,14208,9792,1073741824.0,107374182.4
Dragonfly+,3739,549824364544.0,95.22804054054053,14208,9792,1073741824.0,107374182.4
Dragonfly+,3740,549824364544.0,95.23507882882883,14208,9792,1073741824.0,107374182.4
Dragonfly+,3741,549824364544.0,95.24211711711712,14208,9792,1073741824.0,107374182.4
Dragonfly+,3742,549824364544.0,95.2491554054054,14208,9792,1073741824.0,107374182.4
Dragonfly+,3743,549824364544.0,95.25619369369369,14208,9792,1073741824.0,107374182.4
Dragonfly+,3744,549824364544.0,95.26323198198197,14208,9792,1073741824.0,107374182.4
Dragonfly+,3745,549824364544.0,95.27027027027027,14208,9792,1073741824.0,107374182.4
Dragonfly+,3746,549824364544.0,95.27730855855856,14208,9792,1073741824.0,107374182.4
Dragonfly+,3747,549824364544.0,95.28434684684684,14208,9792,1073741824.0,107374182.4
Dragonfly+,3748,549824364544.0,95.29138513513513,14208,9792,1073741824.0,107374182.4
Dragonfly+,3749,549824364544.0,95.29842342342343,14208,9792,1073741824.0,107374182.4
Dragonfly+,3750,549824364544.0,95.30546171171171,14208,9792,1073741824.0,107374182.4
Dragonfly+,3751,549824364544.0,95.3125,14208,9792,1073741824.0,107374182.4
Dragonfly+,3752,549824364544.0,95.31953828828829,14208,9792,1073741824.0,107374182.4
Dragonfly+,3753,549824364544.0,95.32657657657657,14208,9792,1073741824.0,107374182.4
Dragonfly+,3754,549824364544.0,95.33361486486487,14208,9792,1073741824.0,107374182.4
Dragonfly+,3755,549824364544.0,95.34065315315316,14208,9792,1073741824.0,107374182.4
Dragonfly+,3756,549824364544.0,95.34769144144144,14208,9792,1073741824.0,107374182.4
Dragonfly+,3757,549824364544.0,95.35472972972973,14208,9792,1073741824.0,107374182.4
Dragonfly+,3758,549824364544.0,95.36176801801803,14208,9792,1073741824.0,107374182.4
Dragonfly+,3759,549824364544.0,95.36880630630631,14208,9792,1073741824.0,107374182.4
Dragonfly+,3760,549824364544.0,95.3758445945946,14208,9792,1073741824.0,107374182.4
Dragonfly+,3761,549824364544.0,95.38288288288288,14208,9792,1073741824.0,107374182.4
Dragonfly+,3762,549824364544.0,95.38992117117117,14208,9792,1073741824.0,107374182.4
Dragonfly+,3763,549824364544.0,95.39695945945947,14208,9792,1073741824.0,107374182.4
Dragonfly+,3764,549824364544.0,95.40399774774775,14208,9792,1073741824.0,107374182.4
Dragonfly+,3765,549824364544.0,95.41103603603604,14208,9792,1073741824.0,107374182.4
Dragonfly+,3766,549824364544.0,95.41807432432432,14208,9792,1073741824.0,107374182.4
Dragonfly+,3767,549824364544.0,95.42511261261262,14208,9792,1073741824.0,107374182.4
Dragonfly+,3768,549824364544.0,95.43215090090091,14208,9792,1073741824.0,107374182.4
Dragonfly+,3769,549824364544.0,95.4391891891892,14208,9792,1073741824.0,107374182.4
Dragonfly+,3770,549824364544.0,95.44622747747748,14208,9792,1073741824.0,107374182.4
Dragonfly+,3771,549824364544.0,95.45326576576578,14208,9792,1073741824.0,107374182.4
Dragonfly+,3772,549824364544.0,95.46030405405406,14208,9792,1073741824.0,107374182.4
Dragonfly+,3773,549824364544.0,95.46734234234235,14208,9792,1073741824.0,107374182.4
Dragonfly+,3774,549824364544.0,95.47438063063063,14208,9792,1073741824.0,107374182.4
Dragonfly+,3775,549824364544.0,95.48141891891892,14208,9792,1073741824.0,107374182.4
Dragonfly+,3776,549824364544.0,95.4884572072072,14208,9792,1073741824.0,107374182.4
Dragonfly+,3777,549824364544.0,95.4954954954955,14208,9792,1073741824.0,107374182.4
Dragonfly+,3778,549824364544.0,95.50253378378379,14208,9792,1073741824.0,107374182.4
Dragonfly+,3779,549824364544.0,95.50957207207207,14208,9792,1073741824.0,107374182.4
Dragonfly+,3780,549824364544.0,95.51661036036036,14208,9792,1073741824.0,107374182.4
Dragonfly+,3781,549824364544.0,95.52364864864865,14208,9792,1073741824.0,107374182.4
Dragonfly+,3782,549824364544.0,95.53068693693693,14208,9792,1073741824.0,107374182.4
Dragonfly+,3783,549824364544.0,95.53772522522522,14208,9792,1073741824.0,107374182.4
Dragonfly+,3784,549824364544.0,95.54476351351352,14208,9792,1073741824.0,107374182.4
Dragonfly+,3785,549824364544.0,95.5518018018018,14208,9792,1073741824.0,107374182.4
Dragonfly+,3786,549824364544.0,95.55884009009009,14208,9792,1073741824.0,107374182.4
Dragonfly+,3787,549824364544.0,95.56587837837837,14208,9792,1073741824.0,107374182.4
Dragonfly+,3788,549824364544.0,95.57291666666666,14208,9792,1073741824.0,107374182.4
Dragonfly+,3789,549824364544.0,95.57995495495496,14208,9792,1073741824.0,107374182.4
Dragonfly+,3790,549824364544.0,95.58699324324324,14208,9792,1073741824.0,107374182.4
Dragonfly+,3791,549824364544.0,95.59403153153153,14208,9792,1073741824.0,107374182.4
Dragonfly+,3792,549824364544.0,95.60106981981981,14208,9792,1073741824.0,107374182.4
Dragonfly+,3793,549824364544.0,95.6081081081081,14208,9792,1073741824.0,107374182.4
Dragonfly+,3794,549824364544.0,95.6151463963964,14208,9792,1073741824.0,107374182.4
Dragonfly+,3795,549824364544.0,95.62218468468468,14208,9792,1073741824.0,107374182.4
Dragonfly+,3796,549824364544.0,95.62922297297297,14208,9792,1073741824.0,107374182.4
Dragonfly+,3797,549824364544.0,95.63626126126125,14208,9792,1073741824.0,107374182.4
Dragonfly+,3798,549824364544.0,95.64329954954955,14208,9792,1073741824.0,107374182.4
Dragonfly+,3799,549824364544.0,95.65033783783784,14208,9792,1073741824.0,107374182.4
Dragonfly+,3800,549824364544.0,95.65737612612612,14208,9792,1073741824.0,107374182.4
Dragonfly+,3801,549824364544.0,95.66441441441441,14208,9792,1073741824.0,107374182.4
Dragonfly+,3802,549824364544.0,95.6714527027027,14208,9792,1073741824.0,107374182.4
Dragonfly+,3803,549824364544.0,95.678490990991,14208,9792,1073741824.0,107374182.4
Dragonfly+,3804,549824364544.0,95.68552927927928,14208,9792,1073741824.0,107374182.4
Dragonfly+,3805,549824364544.0,95.69256756756756,14208,9792,1073741824.0,107374182.4
Dragonfly+,3806,549824364544.0,95.69960585585585,14208,9792,1073741824.0,107374182.4
Dragonfly+,3807,549824364544.0,95.70664414414415,14208,9792,1073741824.0,107374182.4
Dragonfly+,3808,549824364544.0,95.71368243243244,14208,9792,1073741824.0,107374182.4
Dragonfly+,3809,549824364544.0,95.72072072072072,14208,9792,1073741824.0,107374182.4
Dragonfly+,3810,549824364544.0,95.727759009009,14208,9792,1073741824.0,107374182.4
Dragonfly+,3811,549824364544.0,95.7347972972973,14208,9792,1073741824.0,107374182.4
Dragonfly+,3812,549824364544.0,95.74183558558559,14208,9792,1073741824.0,107374182.4
Dragonfly+,3813,549824364544.0,95.74887387387388,14208,9792,1073741824.0,107374182.4
Dragonfly+,3814,549824364544.0,95.75591216216216,14208,9792,1073741824.0,107374182.4
Dragonfly+,3815,549824364544.0,95.76295045045045,14208,9792,1073741824.0,107374182.4
Dragonfly+,3816,549824364544.0,95.76998873873875,14208,9792,1073741824.0,107374182.4
Dragonfly+,3817,549824364544.0,95.77702702702703,14208,9792,1073741824.0,107374182.4
Dragonfly+,3818,549824364544.0,95.78406531531532,14208,9792,1073741824.0,107374182.4
Dragonfly+,3819,549824364544.0,95.7911036036036,14208,9792,1073741824.0,107374182.4
Dragonfly+,3820,549824364544.0,95.7981418918919,14208,9792,1073741824.0,107374182.4
Dragonfly+,3821,549824364544.0,95.80518018018019,14208,9792,1073741824.0,107374182.4
Dragonfly+,3822,549824364544.0,95.81221846846847,14208,9792,1073741824.0,107374182.4
Dragonfly+,3823,549824364544.0,95.81925675675676,14208,9792,1073741824.0,107374182.4
Dragonfly+,3824,549824364544.0,95.82629504504504,14208,9792,1073741824.0,107374182.4
Dragonfly+,3825,549824364544.0,95.83333333333334,14208,9792,1073741824.0,107374182.4
Dragonfly+,3826,549824364544.0,95.84037162162163,14208,9792,1073741824.0,107374182.4
Dragonfly+,3827,549824364544.0,95.84740990990991,14208,9792,1073741824.0,107374182.4
Dragonfly+,3828,549824364544.0,95.8544481981982,14208,9792,1073741824.0,107374182.4
Dragonfly+,3829,549824364544.0,95.86148648648648,14208,9792,1073741824.0,107374182.4
Dragonfly+,3830,549824364544.0,95.86852477477478,14208,9792,1073741824.0,107374182.4
Dragonfly+,3831,549824364544.0,95.87556306306307,14208,9792,1073741824.0,107374182.4
Dragonfly+,3832,549824364544.0,95.88260135135135,14208,9792,1073741824.0,107374182.4
Dragonfly+,3833,549824364544.0,95.88963963963964,14208,9792,1073741824.0,107374182.4
Dragonfly+,3834,549824364544.0,95.89667792792793,14208,9792,1073741824.0,107374182.4
Dragonfly+,3835,549824364544.0,95.90371621621621,14208,9792,1073741824.0,107374182.4
Dragonfly+,3836,549824364544.0,95.9107545045045,14208,9792,1073741824.0,107374182.4
Dragonfly+,3837,549824364544.0,95.9177927927928,14208,9792,1073741824.0,107374182.4
Dragonfly+,3838,549824364544.0,95.92483108108108,14208,9792,1073741824.0,107374182.4
Dragonfly+,3839,549824364544.0,95.93186936936937,14208,9792,1073741824.0,107374182.4
Dragonfly+,3840,549824364544.0,95.93890765765765,14208,9792,1073741824.0,107374182.4
Dragonfly+,3841,549824364544.0,95.94594594594594,14208,9792,1073741824.0,107374182.4
Dragonfly+,3842,549824364544.0,95.95298423423422,14208,9792,1073741824.0,107374182.4
Dragonfly+,3843,549824364544.0,95.96002252252252,14208,9792,1073741824.0,107374182.4
Dragonfly+,3844,549824364544.0,95.9670608108108,14208,9792,1073741824.0,107374182.4
Dragonfly+,3845,549824364544.0,95.97409909909909,14208,9792,1073741824.0,107374182.4
Dragonfly+,3846,549824364544.0,95.98113738738738,14208,9792,1073741824.0,107374182.4
Dragonfly+,3847,549824364544.0,95.98817567567568,14208,9792,1073741824.0,107374182.4
Dragonfly+,3848,549824364544.0,95.99521396396396,14208,9792,1073741824.0,107374182.4
Dragonfly+,3849,549824364544.0,96.00225225225225,14208,9792,1073741824.0,107374182.4
Dragonfly+,3850,549824364544.0,96.00929054054053,14208,9792,1073741824.0,107374182.4
Dragonfly+,3851,549824364544.0,96.01632882882883,14208,9792,1073741824.0,107374182.4
Dragonfly+,3852,549824364544.0,96.02336711711712,14208,9792,1073741824.0,107374182.4
Dragonfly+,3853,549824364544.0,96.0304054054054,14208,9792,1073741824.0,107374182.4
Dragonfly+,3854,549824364544.0,96.03744369369369,14208,9792,1073741824.0,107374182.4
Dragonfly+,3855,549824364544.0,96.04448198198197,14208,9792,1073741824.0,107374182.4
Dragonfly+,3856,549824364544.0,96.05152027027027,14208,9792,1073741824.0,107374182.4
Dragonfly+,3857,549824364544.0,96.05855855855856,14208,9792,1073741824.0,107374182.4
Dragonfly+,3858,549824364544.0,96.06559684684684,14208,9792,1073741824.0,107374182.4
Dragonfly+,3859,549824364544.0,96.07263513513513,14208,9792,1073741824.0,107374182.4
Dragonfly+,3860,549824364544.0,96.07967342342343,14208,9792,1073741824.0,107374182.4
Dragonfly+,3861,549824364544.0,96.08671171171171,14208,9792,1073741824.0,107374182.4
Dragonfly+,3862,549824364544.0,96.09375,14208,9792,1073741824.0,107374182.4
Dragonfly+,3863,549824364544.0,96.10078828828829,14208,9792,1073741824.0,107374182.4
Dragonfly+,3864,549824364544.0,96.10782657657657,14208,9792,1073741824.0,107374182.4
Dragonfly+,3865,549824364544.0,96.11486486486487,14208,9792,1073741824.0,107374182.4
Dragonfly+,3866,549824364544.0,96.12190315315316,14208,9792,1073741824.0,107374182.4
Dragonfly+,3867,549824364544.0,96.12894144144144,14208,9792,1073741824.0,107374182.4
Dragonfly+,3868,549824364544.0,96.13597972972973,14208,9792,1073741824.0,107374182.4
Dragonfly+,3869,549824364544.0,96.14301801801803,14208,9792,1073741824.0,107374182.4
Dragonfly+,3870,549824364544.0,96.15005630630631,14208,9792,1073741824.0,107374182.4
Dragonfly+,3871,549824364544.0,96.1570945945946,14208,9792,1073741824.0,107374182.4
Dragonfly+,3872,549824364544.0,96.16413288288288,14208,9792,1073741824.0,107374182.4
Dragonfly+,3873,549824364544.0,96.17117117117117,14208,9792,1073741824.0,107374182.4
Dragonfly+,3874,549824364544.0,96.17820945945947,14208,9792,1073741824.0,107374182.4
Dragonfly+,3875,549824364544.0,96.18524774774775,14208,9792,1073741824.0,107374182.4
Dragonfly+,3876,549824364544.0,96.19228603603604,14208,9792,1073741824.0,107374182.4
Dragonfly+,3877,549824364544.0,96.19932432432432,14208,9792,1073741824.0,107374182.4
Dragonfly+,3878,549824364544.0,96.20636261261262,14208,9792,1073741824.0,107374182.4
Dragonfly+,3879,549824364544.0,96.21340090090091,14208,9792,1073741824.0,107374182.4
Dragonfly+,3880,549824364544.0,96.2204391891892,14208,9792,1073741824.0,107374182.4
Dragonfly+,3881,549824364544.0,96.22747747747748,14208,9792,1073741824.0,107374182.4
Dragonfly+,3882,549824364544.0,96.23451576576578,14208,9792,1073741824.0,107374182.4
Dragonfly+,3883,549824364544.0,96.24155405405406,14208,9792,1073741824.0,107374182.4
Dragonfly+,3884,549824364544.0,96.24859234234235,14208,9792,1073741824.0,107374182.4
Dragonfly+,3885,549824364544.0,96.25563063063063,14208,9792,1073741824.0,107374182.4
Dragonfly+,3886,549824364544.0,96.26266891891892,14208,9792,1073741824.0,107374182.4
Dragonfly+,3887,549824364544.0,96.2697072072072,14208,9792,1073741824.0,107374182.4
Dragonfly+,3888,549824364544.0,96.2767454954955,14208,9792,1073741824.0,107374182.4
Dragonfly+,3889,549824364544.0,96.28378378378379,14208,9792,1073741824.0,107374182.4
Dragonfly+,3890,549824364544.0,96.29082207207207,14208,9792,1073741824.0,107374182.4
Dragonfly+,3891,549824364544.0,96.29786036036036,14208,9792,1073741824.0,107374182.4
Dragonfly+,3892,549824364544.0,96.30489864864865,14208,9792,1073741824.0,107374182.4
Dragonfly+,3893,549824364544.0,96.31193693693693,14208,9792,1073741824.0,107374182.4
Dragonfly+,3894,549824364544.0,96.31897522522522,14208,9792,1073741824.0,107374182.4
Dragonfly+,3895,549824364544.0,96.32601351351352,14208,9792,1073741824.0,107374182.4
Dragonfly+,3896,549824364544.0,96.3330518018018,14208,9792,1073741824.0,107374182.4
Dragonfly+,3897,549824364544.0,96.34009009009009,14208,9792,1073741824.0,107374182.4
Dragonfly+,3898,549824364544.0,96.34712837837837,14208,9792,1073741824.0,107374182.4
Dragonfly+,3899,549824364544.0,96.35416666666666,14208,9792,1073741824.0,107374182.4
Dragonfly+,3900,549824364544.0,96.36120495495496,14208,9792,1073741824.0,107374182.4
Dragonfly+,3901,549824364544.0,96.36824324324324,14208,9792,1073741824.0,107374182.4
Dragonfly+,3902,549824364544.0,96.37528153153153,14208,9792,1073741824.0,107374182.4
Dragonfly+,3903,549824364544.0,96.38231981981981,14208,9792,1073741824.0,107374182.4
Dragonfly+,3904,549824364544.0,96.3893581081081,14208,9792,1073741824.0,107374182.4
Dragonfly+,3905,549824364544.0,96.3963963963964,14208,9792,1073741824.0,107374182.4
Dragonfly+,3906,549824364544.0,96.40343468468468,14208,9792,1073741824.0,107374182.4
Dragonfly+,3907,549824364544.0,96.41047297297297,14208,9792,1073741824.0,107374182.4
Dragonfly+,3908,549824364544.0,96.41751126126125,14208,9792,1073741824.0,107374182.4
Dragonfly+,3909,549824364544.0,96.42454954954955,14208,9792,1073741824.0,107374182.4
Dragonfly+,3910,549824364544.0,96.43158783783784,14208,9792,1073741824.0,107374182.4
Dragonfly+,3911,549824364544.0,96.43862612612612,14208,9792,1073741824.0,107374182.4
Dragonfly+,3912,549824364544.0,96.44566441441441,14208,9792,1073741824.0,107374182.4
Dragonfly+,3913,549824364544.0,96.4527027027027,14208,9792,1073741824.0,107374182.4
Dragonfly+,3914,549824364544.0,96.459740990991,14208,9792,1073741824.0,107374182.4
Dragonfly+,3915,549824364544.0,96.46677927927928,14208,9792,1073741824.0,107374182.4
Dragonfly+,3916,549824364544.0,96.47381756756756,14208,9792,1073741824.0,107374182.4
Dragonfly+,3917,549824364544.0,96.48085585585585,14208,9792,1073741824.0,107374182.4
Dragonfly+,3918,549824364544.0,96.48789414414415,14208,9792,1073741824.0,107374182.4
Dragonfly+,3919,549824364544.0,96.49493243243244,14208,9792,1073741824.0,107374182.4
Dragonfly+,3920,549824364544.0,96.50197072072072,14208,9792,1073741824.0,107374182.4
Dragonfly+,3921,549824364544.0,96.509009009009,14208,9792,1073741824.0,107374182.4
Dragonfly+,3922,549824364544.0,96.5160472972973,14208,9792,1073741824.0,107374182.4
Dragonfly+,3923,549824364544.0,96.52308558558559,14208,9792,1073741824.0,107374182.4
Dragonfly+,3924,549824364544.0,96.53012387387388,14208,9792,1073741824.0,107374182.4
Dragonfly+,3925,549824364544.0,96.53716216216216,14208,9792,1073741824.0,107374182.4
Dragonfly+,3926,549824364544.0,96.54420045045045,14208,9792,1073741824.0,107374182.4
Dragonfly+,3927,549824364544.0,96.55123873873875,14208,9792,1073741824.0,107374182.4
Dragonfly+,3928,549824364544.0,96.55827702702703,14208,9792,1073741824.0,107374182.4
Dragonfly+,3929,549824364544.0,96.56531531531532,14208,9792,1073741824.0,107374182.4
Dragonfly+,3930,549824364544.0,96.5723536036036,14208,9792,1073741824.0,107374182.4
Dragonfly+,3931,549824364544.0,96.5793918918919,14208,9792,1073741824.0,107374182.4
Dragonfly+,3932,549824364544.0,96.58643018018019,14208,9792,1073741824.0,107374182.4
Dragonfly+,3933,549824364544.0,96.59346846846847,14208,9792,1073741824.0,107374182.4
Dragonfly+,3934,549824364544.0,96.60050675675676,14208,9792,1073741824.0,107374182.4
Dragonfly+,3935,549824364544.0,96.60754504504504,14208,9792,1073741824.0,107374182.4
Dragonfly+,3936,549824364544.0,96.61458333333334,14208,9792,1073741824.0,107374182.4
Dragonfly+,3937,549824364544.0,96.62162162162163,14208,9792,1073741824.0,107374182.4
Dragonfly+,3938,549824364544.0,96.62865990990991,14208,9792,1073741824.0,107374182.4
Dragonfly+,3939,549824364544.0,96.6356981981982,14208,9792,1073741824.0,107374182.4
Dragonfly+,3940,549824364544.0,96.64273648648648,14208,9792,1073741824.0,107374182.4
Dragonfly+,3941,549824364544.0,96.64977477477478,14208,9792,1073741824.0,107374182.4
Dragonfly+,3942,549824364544.0,96.65681306306307,14208,9792,1073741824.0,107374182.4
Dragonfly+,3943,549824364544.0,96.66385135135135,14208,9792,1073741824.0,107374182.4
Dragonfly+,3944,549824364544.0,96.67088963963964,14208,9792,1073741824.0,107374182.4
Dragonfly+,3945,549824364544.0,96.67792792792793,14208,9792,1073741824.0,107374182.4
Dragonfly+,3946,549824364544.0,96.68496621621621,14208,9792,1073741824.0,107374182.4
Dragonfly+,3947,549824364544.0,96.6920045045045,14208,9792,1073741824.0,107374182.4
Dragonfly+,3948,549824364544.0,96.6990427927928,14208,9792,1073741824.0,107374182.4
Dragonfly+,3949,549824364544.0,96.70608108108108,14208,9792,1073741824.0,107374182.4
Dragonfly+,3950,549824364544.0,96.71311936936937,14208,9792,1073741824.0,107374182.4
Dragonfly+,3951,549824364544.0,96.72015765765765,14208,9792,1073741824.0,107374182.4
Dragonfly+,3952,549824364544.0,96.72719594594594,14208,9792,1073741824.0,107374182.4
Dragonfly+,3953,549824364544.0,96.73423423423422,14208,9792,1073741824.0,107374182.4
Dragonfly+,3954,549824364544.0,96.74127252252252,14208,9792,1073741824.0,107374182.4
Dragonfly+,3955,549824364544.0,96.7483108108108,14208,9792,1073741824.0,107374182.4
Dragonfly+,3956,549824364544.0,96.75534909909909,14208,9792,1073741824.0,107374182.4
Dragonfly+,3957,549824364544.0,96.76238738738738,14208,9792,1073741824.0,107374182.4
Dragonfly+,3958,549824364544.0,96.76942567567568,14208,9792,1073741824.0,107374182.4
Dragonfly+,3959,549824364544.0,96.77646396396396,14208,9792,1073741824.0,107374182.4
Dragonfly+,3960,549824364544.0,96.78350225225225,14208,9792,1073741824.0,107374182.4
Dragonfly+,3961,549824364544.0,96.79054054054053,14208,9792,1073741824.0,107374182.4
Dragonfly+,3962,549824364544.0,96.79757882882883,14208,9792,1073741824.0,107374182.4
Dragonfly+,3963,549824364544.0,96.80461711711712,14208,9792,1073741824.0,107374182.4
Dragonfly+,3964,549824364544.0,96.8116554054054,14208,9792,1073741824.0,107374182.4
Dragonfly+,3965,549824364544.0,96.81869369369369,14208,9792,1073741824.0,107374182.4
Dragonfly+,3966,549824364544.0,96.82573198198197,14208,9792,1073741824.0,107374182.4
Dragonfly+,3967,549824364544.0,96.83277027027027,14208,9792,1073741824.0,107374182.4
Dragonfly+,3968,549824364544.0,96.83980855855856,14208,9792,1073741824.0,107374182.4
Dragonfly+,3969,549824364544.0,96.84684684684684,14208,9792,1073741824.0,107374182.4
Dragonfly+,3970,549824364544.0,96.85388513513513,14208,9792,1073741824.0,107374182.4
Dragonfly+,3971,549824364544.0,96.86092342342343,14208,9792,1073741824.0,107374182.4
Dragonfly+,3972,549824364544.0,96.86796171171171,14208,9792,1073741824.0,107374182.4
Dragonfly+,3973,549824364544.0,96.875,14208,9792,1073741824.0,107374182.4
Dragonfly+,3974,549824364544.0,96.88203828828829,14208,9792,1073741824.0,107374182.4
Dragonfly+,3975,549824364544.0,96.88907657657657,14208,9792,1073741824.0,107374182.4
Dragonfly+,3976,549824364544.0,96.89611486486487,14208,9792,1073741824.0,107374182.4
Dragonfly+,3977,549824364544.0,96.90315315315316,14208,9792,1073741824.0,107374182.4
Dragonfly+,3978,549824364544.0,96.91019144144144,14208,9792,1073741824.0,107374182.4
Dragonfly+,3979,549824364544.0,96.91722972972973,14208,9792,1073741824.0,107374182.4
Dragonfly+,3980,549824364544.0,96.92426801801803,14208,9792,1073741824.0,107374182.4
Dragonfly+,3981,549824364544.0,96.93130630630631,14208,9792,1073741824.0,107374182.4
Dragonfly+,3982,549824364544.0,96.9383445945946,14208,9792,1073741824.0,107374182.4
Dragonfly+,3983,549824364544.0,96.94538288288288,14208,9792,1073741824.0,107374182.4
Dragonfly+,3984,549824364544.0,96.95242117117117,14208,9792,1073741824.0,107374182.4
Dragonfly+,3985,549824364544.0,96.95945945945947,14208,9792,1073741824.0,107374182.4
Dragonfly+,3986,549824364544.0,96.96649774774775,14208,9792,1073741824.0,107374182.4
Dragonfly+,3987,549824364544.0,96.97353603603604,14208,9792,1073741824.0,107374182.4
Dragonfly+,3988,549824364544.0,96.98057432432432,14208,9792,1073741824.0,107374182.4
Dragonfly+,3989,549824364544.0,96.98761261261262,14208,9792,1073741824.0,107374182.4
Dragonfly+,3990,549824364544.0,96.99465090090091,14208,9792,1073741824.0,107374182.4
Dragonfly+,3991,549824364544.0,97.0016891891892,14208,9792,1073741824.0,107374182.4
Dragonfly+,3992,549824364544.0,97.00872747747748,14208,9792,1073741824.0,107374182.4
Dragonfly+,3993,549824364544.0,97.01576576576578,14208,9792,1073741824.0,107374182.4
Dragonfly+,3994,549824364544.0,97.02280405405406,14208,9792,1073741824.0,107374182.4
Dragonfly+,3995,549824364544.0,97.02984234234235,14208,9792,1073741824.0,107374182.4
Dragonfly+,3996,549824364544.0,97.03688063063063,14208,9792,1073741824.0,107374182.4
Dragonfly+,3997,549824364544.0,97.04391891891892,14208,9792,1073741824.0,107374182.4
Dragonfly+,3998,549824364544.0,97.0509572072072,14208,9792,1073741824.0,107374182.4
Dragonfly+,3999,549824364544.0,97.0579954954955,14208,9792,1073741824.0,107374182.4
Dragonfly+,4000,549824364544.0,97.06503378378379,14208,9792,1073741824.0,107374182.4
Dragonfly+,4001,549824364544.0,97.07207207207207,14208,9792,1073741824.0,107374182.4
Dragonfly+,4002,549824364544.0,97.07911036036036,14208,9792,1073741824.0,107374182.4
Dragonfly+,4003,549824364544.0,97.08614864864865,14208,9792,1073741824.0,107374182.4
Dragonfly+,4004,549824364544.0,97.09318693693693,14208,9792,1073741824.0,107374182.4
Dragonfly+,4005,549824364544.0,97.10022522522522,14208,9792,1073741824.0,107374182.4
Dragonfly+,4006,549824364544.0,97.10726351351352,14208,9792,1073741824.0,107374182.4
Dragonfly+,4007,549824364544.0,97.1143018018018,14208,9792,1073741824.0,107374182.4
Dragonfly+,4008,549824364544.0,97.12134009009009,14208,9792,1073741824.0,107374182.4
Dragonfly+,4009,549824364544.0,97.12837837837837,14208,9792,1073741824.0,107374182.4
Dragonfly+,4010,549824364544.0,97.13541666666666,14208,9792,1073741824.0,107374182.4
Dragonfly+,4011,549824364544.0,97.14245495495496,14208,9792,1073741824.0,107374182.4
Dragonfly+,4012,549824364544.0,97.14949324324324,14208,9792,1073741824.0,107374182.4
Dragonfly+,4013,549824364544.0,97.15653153153153,14208,9792,1073741824.0,107374182.4
Dragonfly+,4014,549824364544.0,97.16356981981981,14208,9792,1073741824.0,107374182.4
Dragonfly+,4015,549824364544.0,97.1706081081081,14208,9792,1073741824.0,107374182.4
Dragonfly+,4016,549824364544.0,97.1776463963964,14208,9792,1073741824.0,107374182.4
Dragonfly+,4017,549824364544.0,97.18468468468468,14208,9792,1073741824.0,107374182.4
Dragonfly+,4018,549824364544.0,97.19172297297297,14208,9792,1073741824.0,107374182.4
Dragonfly+,4019,549824364544.0,97.19876126126125,14208,9792,1073741824.0,107374182.4
Dragonfly+,4020,549824364544.0,97.20579954954955,14208,9792,1073741824.0,107374182.4
Dragonfly+,4021,549824364544.0,97.21283783783784,14208,9792,1073741824.0,107374182.4
Dragonfly+,4022,549824364544.0,97.21987612612612,14208,9792,1073741824.0,107374182.4
Dragonfly+,4023,549824364544.0,97.22691441441441,14208,9792,1073741824.0,107374182.4
Dragonfly+,4024,549824364544.0,97.2339527027027,14208,9792,1073741824.0,107374182.4
Dragonfly+,4025,549824364544.0,97.240990990991,14208,9792,1073741824.0,107374182.4
Dragonfly+,4026,549824364544.0,97.24802927927928,14208,9792,1073741824.0,107374182.4
Dragonfly+,4027,549824364544.0,97.25506756756756,14208,9792,1073741824.0,107374182.4
Dragonfly+,4028,549824364544.0,97.26210585585585,14208,9792,1073741824.0,107374182.4
Dragonfly+,4029,549824364544.0,97.26914414414415,14208,9792,1073741824.0,107374182.4
Dragonfly+,4030,549824364544.0,97.27618243243244,14208,9792,1073741824.0,107374182.4
Dragonfly+,4031,549824364544.0,97.28322072072072,14208,9792,1073741824.0,107374182.4
Dragonfly+,4032,549824364544.0,97.290259009009,14208,9792,1073741824.0,107374182.4
Dragonfly+,4033,549824364544.0,97.2972972972973,14208,9792,1073741824.0,107374182.4
Dragonfly+,4034,549824364544.0,97.30433558558559,14208,9792,1073741824.0,107374182.4
Dragonfly+,4035,549824364544.0,97.31137387387388,14208,9792,1073741824.0,107374182.4
Dragonfly+,4036,549824364544.0,97.31841216216216,14208,9792,1073741824.0,107374182.4
Dragonfly+,4037,549824364544.0,97.32545045045045,14208,9792,1073741824.0,107374182.4
Dragonfly+,4038,549824364544.0,97.33248873873875,14208,9792,1073741824.0,107374182.4
Dragonfly+,4039,549824364544.0,97.33952702702703,14208,9792,1073741824.0,107374182.4
Dragonfly+,4040,549824364544.0,97.34656531531532,14208,9792,1073741824.0,107374182.4
Dragonfly+,4041,549824364544.0,97.3536036036036,14208,9792,1073741824.0,107374182.4
Dragonfly+,4042,549824364544.0,97.3606418918919,14208,9792,1073741824.0,107374182.4
Dragonfly+,4043,549824364544.0,97.36768018018019,14208,9792,1073741824.0,107374182.4
Dragonfly+,4044,549824364544.0,97.37471846846847,14208,9792,1073741824.0,107374182.4
Dragonfly+,4045,549824364544.0,97.38175675675676,14208,9792,1073741824.0,107374182.4
Dragonfly+,4046,549824364544.0,97.38879504504504,14208,9792,1073741824.0,107374182.4
Dragonfly+,4047,549824364544.0,97.39583333333334,14208,9792,1073741824.0,107374182.4
Dragonfly+,4048,549824364544.0,97.40287162162163,14208,9792,1073741824.0,107374182.4
Dragonfly+,4049,549824364544.0,97.40990990990991,14208,9792,1073741824.0,107374182.4
Dragonfly+,4050,549824364544.0,97.4169481981982,14208,9792,1073741824.0,107374182.4
Dragonfly+,4051,549824364544.0,97.42398648648648,14208,9792,1073741824.0,107374182.4
Dragonfly+,4052,549824364544.0,97.43102477477478,14208,9792,1073741824.0,107374182.4
Dragonfly+,4053,549824364544.0,97.43806306306307,14208,9792,1073741824.0,107374182.4
Dragonfly+,4054,549824364544.0,97.44510135135135,14208,9792,1073741824.0,107374182.4
Dragonfly+,4055,549824364544.0,97.45213963963964,14208,9792,1073741824.0,107374182.4
Dragonfly+,4056,549824364544.0,97.45917792792793,14208,9792,1073741824.0,107374182.4
Dragonfly+,4057,549824364544.0,97.46621621621621,14208,9792,1073741824.0,107374182.4
Dragonfly+,4058,549824364544.0,97.4732545045045,14208,9792,1073741824.0,107374182.4
Dragonfly+,4059,549824364544.0,97.4802927927928,14208,9792,1073741824.0,107374182.4
Dragonfly+,4060,549824364544.0,97.48733108108108,14208,9792,1073741824.0,107374182.4
Dragonfly+,4061,549824364544.0,97.49436936936937,14208,9792,1073741824.0,107374182.4
Dragonfly+,4062,549824364544.0,97.50140765765765,14208,9792,1073741824.0,107374182.4
Dragonfly+,4063,549824364544.0,97.50844594594594,14208,9792,1073741824.0,107374182.4
Dragonfly+,4064,549824364544.0,97.51548423423422,14208,9792,1073741824.0,107374182.4
Dragonfly+,4065,549824364544.0,97.52252252252252,14208,9792,1073741824.0,107374182.4
Dragonfly+,4066,549824364544.0,97.5295608108108,14208,9792,1073741824.0,107374182.4
Dragonfly+,4067,549824364544.0,97.53659909909909,14208,9792,1073741824.0,107374182.4
Dragonfly+,4068,549824364544.0,97.54363738738738,14208,9792,1073741824.0,107374182.4
Dragonfly+,4069,549824364544.0,97.55067567567568,14208,9792,1073741824.0,107374182.4
Dragonfly+,4070,549824364544.0,97.55771396396396,14208,9792,1073741824.0,107374182.4
Dragonfly+,4071,549824364544.0,97.56475225225225,14208,9792,1073741824.0,107374182.4
Dragonfly+,4072,549824364544.0,97.57179054054053,14208,9792,1073741824.0,107374182.4
Dragonfly+,4073,549824364544.0,97.57882882882883,14208,9792,1073741824.0,107374182.4
Dragonfly+,4074,549824364544.0,97.58586711711712,14208,9792,1073741824.0,107374182.4
Dragonfly+,4075,549824364544.0,97.5929054054054,14208,9792,1073741824.0,107374182.4
Dragonfly+,4076,549824364544.0,97.59994369369369,14208,9792,1073741824.0,107374182.4
Dragonfly+,4077,549824364544.0,97.60698198198197,14208,9792,1073741824.0,107374182.4
Dragonfly+,4078,549824364544.0,97.61402027027027,14208,9792,1073741824.0,107374182.4
Dragonfly+,4079,549824364544.0,97.62105855855856,14208,9792,1073741824.0,107374182.4
Dragonfly+,4080,549824364544.0,97.62809684684684,14208,9792,1073741824.0,107374182.4
Dragonfly+,4081,549824364544.0,97.63513513513513,14208,9792,1073741824.0,107374182.4
Dragonfly+,4082,549824364544.0,97.64217342342343,14208,9792,1073741824.0,107374182.4
Dragonfly+,4083,549824364544.0,97.64921171171171,14208,9792,1073741824.0,107374182.4
Dragonfly+,4084,549824364544.0,97.65625,14208,9792,1073741824.0,107374182.4
Dragonfly+,4085,549824364544.0,97.66328828828829,14208,9792,1073741824.0,107374182.4
Dragonfly+,4086,549824364544.0,97.67032657657657,14208,9792,1073741824.0,107374182.4
Dragonfly+,4087,549824364544.0,97.67736486486487,14208,9792,1073741824.0,107374182.4
Dragonfly+,4088,549824364544.0,97.68440315315316,14208,9792,1073741824.0,107374182.4
Dragonfly+,4089,549824364544.0,97.69144144144144,14208,9792,1073741824.0,107374182.4
Dragonfly+,4090,549824364544.0,97.69847972972973,14208,9792,1073741824.0,107374182.4
Dragonfly+,4091,549824364544.0,97.70551801801803,14208,9792,1073741824.0,107374182.4
Dragonfly+,4092,549824364544.0,97.71255630630631,14208,9792,1073741824.0,107374182.4
Dragonfly+,4093,549824364544.0,97.7195945945946,14208,9792,1073741824.0,107374182.4
Dragonfly+,4094,549824364544.0,97.72663288288288,14208,9792,1073741824.0,107374182.4
Dragonfly+,4095,549824364544.0,97.73367117117117,14208,9792,1073741824.0,107374182.4
Dragonfly+,4096,549824364544.0,97.74070945945947,14208,9792,1073741824.0,107374182.4
Dragonfly+,4097,549824364544.0,97.74774774774775,14208,9792,1073741824.0,107374182.4
Dragonfly+,4098,549824364544.0,97.75478603603604,14208,9792,1073741824.0,107374182.4
Dragonfly+,4099,549824364544.0,97.76182432432432,14208,9792,1073741824.0,107374182.4
Dragonfly+,4100,549824364544.0,97.76886261261262,14208,9792,1073741824.0,107374182.4
Dragonfly+,4101,549824364544.0,97.77590090090091,14208,9792,1073741824.0,107374182.4
Dragonfly+,4102,549824364544.0,97.7829391891892,14208,9792,1073741824.0,107374182.4
Dragonfly+,4103,549824364544.0,97.78997747747748,14208,9792,1073741824.0,107374182.4
Dragonfly+,4104,549824364544.0,97.79701576576578,14208,9792,1073741824.0,107374182.4
Dragonfly+,4105,549824364544.0,97.80405405405406,14208,9792,1073741824.0,107374182.4
Dragonfly+,4106,549824364544.0,97.81109234234235,14208,9792,1073741824.0,107374182.4
Dragonfly+,4107,549824364544.0,97.81813063063063,14208,9792,1073741824.0,107374182.4
Dragonfly+,4108,549824364544.0,97.82516891891892,14208,9792,1073741824.0,107374182.4
Dragonfly+,4109,549824364544.0,97.8322072072072,14208,9792,1073741824.0,107374182.4
Dragonfly+,4110,549824364544.0,97.8392454954955,14208,9792,1073741824.0,107374182.4
Dragonfly+,4111,549824364544.0,97.84628378378379,14208,9792,1073741824.0,107374182.4
Dragonfly+,4112,549824364544.0,97.85332207207207,14208,9792,1073741824.0,107374182.4
Dragonfly+,4113,549824364544.0,97.86036036036036,14208,9792,1073741824.0,107374182.4
Dragonfly+,4114,549824364544.0,97.86739864864865,14208,9792,1073741824.0,107374182.4
Dragonfly+,4115,549824364544.0,97.87443693693693,14208,9792,1073741824.0,107374182.4
Dragonfly+,4116,549824364544.0,97.88147522522522,14208,9792,1073741824.0,107374182.4
Dragonfly+,4117,549824364544.0,97.88851351351352,14208,9792,1073741824.0,107374182.4
Dragonfly+,4118,549824364544.0,97.8955518018018,14208,9792,1073741824.0,107374182.4
Dragonfly+,4119,549824364544.0,97.90259009009009,14208,9792,1073741824.0,107374182.4
Dragonfly+,4120,549824364544.0,97.90962837837837,14208,9792,1073741824.0,107374182.4
Dragonfly+,4121,549824364544.0,97.91666666666666,14208,9792,1073741824.0,107374182.4
Dragonfly+,4122,549824364544.0,97.92370495495496,14208,9792,1073741824.0,107374182.4
Dragonfly+,4123,549824364544.0,97.93074324324324,14208,9792,1073741824.0,107374182.4
Dragonfly+,4124,549824364544.0,97.93778153153153,14208,9792,1073741824.0,107374182.4
Dragonfly+,4125,549824364544.0,97.94481981981981,14208,9792,1073741824.0,107374182.4
Dragonfly+,4126,549824364544.0,97.9518581081081,14208,9792,1073741824.0,107374182.4
Dragonfly+,4127,549824364544.0,97.9588963963964,14208,9792,1073741824.0,107374182.4
Dragonfly+,4128,549824364544.0,97.96593468468468,14208,9792,1073741824.0,107374182.4
Dragonfly+,4129,549824364544.0,97.97297297297297,14208,9792,1073741824.0,107374182.4
Dragonfly+,4130,549824364544.0,97.98001126126125,14208,9792,1073741824.0,107374182.4
Dragonfly+,4131,549824364544.0,97.98704954954955,14208,9792,1073741824.0,107374182.4
Dragonfly+,4132,549824364544.0,97.99408783783784,14208,9792,1073741824.0,107374182.4
Dragonfly+,4133,549824364544.0,98.00112612612612,14208,9792,1073741824.0,107374182.4
Dragonfly+,4134,549824364544.0,98.00816441441441,14208,9792,1073741824.0,107374182.4
Dragonfly+,4135,549824364544.0,98.0152027027027,14208,9792,1073741824.0,107374182.4
Dragonfly+,4136,549824364544.0,98.022240990991,14208,9792,1073741824.0,107374182.4
Dragonfly+,4137,549824364544.0,98.02927927927928,14208,9792,1073741824.0,107374182.4
Dragonfly+,4138,549824364544.0,98.03631756756756,14208,9792,1073741824.0,107374182.4
Dragonfly+,4139,549824364544.0,98.04335585585585,14208,9792,1073741824.0,107374182.4
Dragonfly+,4140,549824364544.0,98.05039414414415,14208,9792,1073741824.0,107374182.4
Dragonfly+,4141,549824364544.0,98.05743243243244,14208,9792,1073741824.0,107374182.4
Dragonfly+,4142,549824364544.0,98.06447072072072,14208,9792,1073741824.0,107374182.4
Dragonfly+,4143,549824364544.0,98.071509009009,14208,9792,1073741824.0,107374182.4
Dragonfly+,4144,549824364544.0,98.0785472972973,14208,9792,1073741824.0,107374182.4
Dragonfly+,4145,549824364544.0,98.08558558558559,14208,9792,1073741824.0,107374182.4
Dragonfly+,4146,549824364544.0,98.09262387387388,14208,9792,1073741824.0,107374182.4
Dragonfly+,4147,549824364544.0,98.09966216216216,14208,9792,1073741824.0,107374182.4
Dragonfly+,4148,549824364544.0,98.10670045045045,14208,9792,1073741824.0,107374182.4
Dragonfly+,4149,549824364544.0,98.11373873873875,14208,9792,1073741824.0,107374182.4
Dragonfly+,4150,549824364544.0,98.12077702702703,14208,9792,1073741824.0,107374182.4
Dragonfly+,4151,549824364544.0,98.12781531531532,14208,9792,1073741824.0,107374182.4
Dragonfly+,4152,549824364544.0,98.1348536036036,14208,9792,1073741824.0,107374182.4
Dragonfly+,4153,549824364544.0,98.1418918918919,14208,9792,1073741824.0,107374182.4
Dragonfly+,4154,549824364544.0,98.14893018018019,14208,9792,1073741824.0,107374182.4
Dragonfly+,4155,549824364544.0,98.15596846846847,14208,9792,1073741824.0,107374182.4
Dragonfly+,4156,549824364544.0,98.16300675675676,14208,9792,1073741824.0,107374182.4
Dragonfly+,4157,549824364544.0,98.17004504504504,14208,9792,1073741824.0,107374182.4
Dragonfly+,4158,549824364544.0,98.17708333333334,14208,9792,1073741824.0,107374182.4
Dragonfly+,4159,549824364544.0,98.18412162162163,14208,9792,1073741824.0,107374182.4
Dragonfly+,4160,549824364544.0,98.19115990990991,14208,9792,1073741824.0,107374182.4
Dragonfly+,4161,549824364544.0,98.1981981981982,14208,9792,1073741824.0,107374182.4
Dragonfly+,4162,549824364544.0,98.20523648648648,14208,9792,1073741824.0,107374182.4
Dragonfly+,4163,549824364544.0,98.21227477477478,14208,9792,1073741824.0,107374182.4
Dragonfly+,4164,549824364544.0,98.21931306306307,14208,9792,1073741824.0,107374182.4
Dragonfly+,4165,549824364544.0,98.22635135135135,14208,9792,1073741824.0,107374182.4
Dragonfly+,4166,549824364544.0,98.23338963963964,14208,9792,1073741824.0,107374182.4
Dragonfly+,4167,549824364544.0,98.24042792792793,14208,9792,1073741824.0,107374182.4
Dragonfly+,4168,549824364544.0,98.24746621621621,14208,9792,1073741824.0,107374182.4
Dragonfly+,4169,549824364544.0,98.2545045045045,14208,9792,1073741824.0,107374182.4
Dragonfly+,4170,549824364544.0,98.2615427927928,14208,9792,1073741824.0,107374182.4
Dragonfly+,4171,549824364544.0,98.26858108108108,14208,9792,1073741824.0,107374182.4
Dragonfly+,4172,549824364544.0,98.27561936936937,14208,9792,1073741824.0,107374182.4
Dragonfly+,4173,549824364544.0,98.28265765765765,14208,9792,1073741824.0,107374182.4
Dragonfly+,4174,549824364544.0,98.28969594594594,14208,9792,1073741824.0,107374182.4
Dragonfly+,4175,549824364544.0,98.29673423423422,14208,9792,1073741824.0,107374182.4
Dragonfly+,4176,549824364544.0,98.30377252252252,14208,9792,1073741824.0,107374182.4
Dragonfly+,4177,549824364544.0,98.3108108108108,14208,9792,1073741824.0,107374182.4
Dragonfly+,4178,549824364544.0,98.31784909909909,14208,9792,1073741824.0,107374182.4
Dragonfly+,4179,549824364544.0,98.32488738738738,14208,9792,1073741824.0,107374182.4
Dragonfly+,4180,549824364544.0,98.33192567567568,14208,9792,1073741824.0,107374182.4
Dragonfly+,4181,549824364544.0,98.33896396396396,14208,9792,1073741824.0,107374182.4
Dragonfly+,4182,549824364544.0,98.34600225225225,14208,9792,1073741824.0,107374182.4
Dragonfly+,4183,549824364544.0,98.35304054054053,14208,9792,1073741824.0,107374182.4
Dragonfly+,4184,549824364544.0,98.36007882882883,14208,9792,1073741824.0,107374182.4
Dragonfly+,4185,549824364544.0,98.36711711711712,14208,9792,1073741824.0,107374182.4
Dragonfly+,4186,549824364544.0,98.3741554054054,14208,9792,1073741824.0,107374182.4
Dragonfly+,4187,549824364544.0,98.38119369369369,14208,9792,1073741824.0,107374182.4
Dragonfly+,4188,549824364544.0,98.38823198198197,14208,9792,1073741824.0,107374182.4
Dragonfly+,4189,549824364544.0,98.39527027027027,14208,9792,1073741824.0,107374182.4
Dragonfly+,4190,549824364544.0,98.40230855855856,14208,9792,1073741824.0,107374182.4
Dragonfly+,4191,549824364544.0,98.40934684684684,14208,9792,1073741824.0,107374182.4
Dragonfly+,4192,549824364544.0,98.41638513513513,14208,9792,1073741824.0,107374182.4
Dragonfly+,4193,549824364544.0,98.42342342342343,14208,9792,1073741824.0,107374182.4
Dragonfly+,4194,549824364544.0,98.43046171171171,14208,9792,1073741824.0,107374182.4
Dragonfly+,4195,549824364544.0,98.4375,14208,9792,1073741824.0,107374182.4
Dragonfly+,4196,549824364544.0,98.44453828828829,14208,9792,1073741824.0,107374182.4
Dragonfly+,4197,549824364544.0,98.45157657657657,14208,9792,1073741824.0,107374182.4
Dragonfly+,4198,549824364544.0,98.45861486486487,14208,9792,1073741824.0,107374182.4
Dragonfly+,4199,549824364544.0,98.46565315315316,14208,9792,1073741824.0,107374182.4
Dragonfly+,4200,549824364544.0,98.47269144144144,14208,9792,1073741824.0,107374182.4
Dragonfly+,4201,549824364544.0,98.47972972972973,14208,9792,1073741824.0,107374182.4
Dragonfly+,4202,549824364544.0,98.48676801801803,14208,9792,1073741824.0,107374182.4
Dragonfly+,4203,549824364544.0,98.49380630630631,14208,9792,1073741824.0,107374182.4
Dragonfly+,4204,549824364544.0,98.5008445945946,14208,9792,1073741824.0,107374182.4
Dragonfly+,4205,549824364544.0,98.50788288288288,14208,9792,1073741824.0,107374182.4
Dragonfly+,4206,549824364544.0,98.51492117117117,14208,9792,1073741824.0,107374182.4
Dragonfly+,4207,549824364544.0,98.52195945945947,14208,9792,1073741824.0,107374182.4
Dragonfly+,4208,549824364544.0,98.52899774774775,14208,9792,1073741824.0,107374182.4
Dragonfly+,4209,549824364544.0,98.53603603603604,14208,9792,1073741824.0,107374182.4
Dragonfly+,4210,549824364544.0,98.54307432432432,14208,9792,1073741824.0,107374182.4
Dragonfly+,4211,549824364544.0,98.55011261261262,14208,9792,1073741824.0,107374182.4
Dragonfly+,4212,549824364544.0,98.55715090090091,14208,9792,1073741824.0,107374182.4
Dragonfly+,4213,549824364544.0,98.5641891891892,14208,9792,1073741824.0,107374182.4
Dragonfly+,4214,549824364544.0,98.57122747747748,14208,9792,1073741824.0,107374182.4
Dragonfly+,4215,549824364544.0,98.57826576576578,14208,9792,1073741824.0,107374182.4
Dragonfly+,4216,549824364544.0,98.58530405405406,14208,9792,1073741824.0,107374182.4
Dragonfly+,4217,549824364544.0,98.59234234234235,14208,9792,1073741824.0,107374182.4
Dragonfly+,4218,549824364544.0,98.59938063063063,14208,9792,1073741824.0,107374182.4
Dragonfly+,4219,549824364544.0,98.60641891891892,14208,9792,1073741824.0,107374182.4
Dragonfly+,4220,549824364544.0,98.6134572072072,14208,9792,1073741824.0,107374182.4
Dragonfly+,4221,549824364544.0,98.6204954954955,14208,9792,1073741824.0,107374182.4
Dragonfly+,4222,549824364544.0,98.62753378378379,14208,9792,1073741824.0,107374182.4
Dragonfly+,4223,549824364544.0,98.63457207207207,14208,9792,1073741824.0,107374182.4
Dragonfly+,4224,549824364544.0,98.64161036036036,14208,9792,1073741824.0,107374182.4
Dragonfly+,4225,549824364544.0,98.64864864864865,14208,9792,1073741824.0,107374182.4
Dragonfly+,4226,549824364544.0,98.65568693693693,14208,9792,1073741824.0,107374182.4
Dragonfly+,4227,549824364544.0,98.66272522522522,14208,9792,1073741824.0,107374182.4
Dragonfly+,4228,549824364544.0,98.66976351351352,14208,9792,1073741824.0,107374182.4
Dragonfly+,4229,549824364544.0,98.6768018018018,14208,9792,1073741824.0,107374182.4
Dragonfly+,4230,549824364544.0,98.68384009009009,14208,9792,1073741824.0,107374182.4
Dragonfly+,4231,549824364544.0,98.69087837837837,14208,9792,1073741824.0,107374182.4
Dragonfly+,4232,549824364544.0,98.69791666666666,14208,9792,1073741824.0,107374182.4
Dragonfly+,4233,549824364544.0,98.70495495495496,14208,9792,1073741824.0,107374182.4
Dragonfly+,4234,549824364544.0,98.71199324324324,14208,9792,1073741824.0,107374182.4
Dragonfly+,4235,549824364544.0,98.71903153153153,14208,9792,1073741824.0,107374182.4
Dragonfly+,4236,549824364544.0,98.72606981981981,14208,9792,1073741824.0,107374182.4
Dragonfly+,4237,549824364544.0,98.7331081081081,14208,9792,1073741824.0,107374182.4
Dragonfly+,4238,549824364544.0,98.7401463963964,14208,9792,1073741824.0,107374182.4
Dragonfly+,4239,549824364544.0,98.74718468468468,14208,9792,1073741824.0,107374182.4
Dragonfly+,4240,549824364544.0,98.75422297297297,14208,9792,1073741824.0,107374182.4
Dragonfly+,4241,549824364544.0,98.76126126126125,14208,9792,1073741824.0,107374182.4
Dragonfly+,4242,549824364544.0,98.76829954954955,14208,9792,1073741824.0,107374182.4
Dragonfly+,4243,549824364544.0,98.77533783783784,14208,9792,1073741824.0,107374182.4
Dragonfly+,4244,549824364544.0,98.78237612612612,14208,9792,1073741824.0,107374182.4
Dragonfly+,4245,549824364544.0,98.78941441441441,14208,9792,1073741824.0,107374182.4
Dragonfly+,4246,549824364544.0,98.7964527027027,14208,9792,1073741824.0,107374182.4
Dragonfly+,4247,549824364544.0,98.803490990991,14208,9792,1073741824.0,107374182.4
Dragonfly+,4248,549824364544.0,98.81052927927928,14208,9792,1073741824.0,107374182.4
Dragonfly+,4249,549824364544.0,98.81756756756756,14208,9792,1073741824.0,107374182.4
Dragonfly+,4250,549824364544.0,98.82460585585585,14208,9792,1073741824.0,107374182.4
Dragonfly+,4251,549824364544.0,98.83164414414415,14208,9792,1073741824.0,107374182.4
Dragonfly+,4252,549824364544.0,98.83868243243244,14208,9792,1073741824.0,107374182.4
Dragonfly+,4253,549824364544.0,98.84572072072072,14208,9792,1073741824.0,107374182.4
Dragonfly+,4254,549824364544.0,98.852759009009,14208,9792,1073741824.0,107374182.4
Dragonfly+,4255,549824364544.0,98.8597972972973,14208,9792,1073741824.0,107374182.4
Dragonfly+,4256,549824364544.0,98.86683558558559,14208,9792,1073741824.0,107374182.4
Dragonfly+,4257,549824364544.0,98.87387387387388,14208,9792,1073741824.0,107374182.4
Dragonfly+,4258,549824364544.0,98.88091216216216,14208,9792,1073741824.0,107374182.4
Dragonfly+,4259,549824364544.0,98.88795045045045,14208,9792,1073741824.0,107374182.4
Dragonfly+,4260,549824364544.0,98.89498873873875,14208,9792,1073741824.0,107374182.4
Dragonfly+,4261,549824364544.0,98.90202702702703,14208,9792,1073741824.0,107374182.4
Dragonfly+,4262,549824364544.0,98.90906531531532,14208,9792,1073741824.0,107374182.4
Dragonfly+,4263,549824364544.0,98.9161036036036,14208,9792,1073741824.0,107374182.4
Dragonfly+,4264,549824364544.0,98.9231418918919,14208,9792,1073741824.0,107374182.4
Dragonfly+,4265,549824364544.0,98.93018018018019,14208,9792,1073741824.0,107374182.4
Dragonfly+,4266,549824364544.0,98.93721846846847,14208,9792,1073741824.0,107374182.4
Dragonfly+,4267,549824364544.0,98.94425675675676,14208,9792,1073741824.0,107374182.4
Dragonfly+,4268,549824364544.0,98.95129504504504,14208,9792,1073741824.0,107374182.4
Dragonfly+,4269,549824364544.0,98.95833333333334,14208,9792,1073741824.0,107374182.4
Dragonfly+,4270,549824364544.0,98.96537162162163,14208,9792,1073741824.0,107374182.4
Dragonfly+,4271,549824364544.0,98.97240990990991,14208,9792,1073741824.0,107374182.4
Dragonfly+,4272,549824364544.0,98.9794481981982,14208,9792,1073741824.0,107374182.4
Dragonfly+,4273,549824364544.0,98.98648648648648,14208,9792,1073741824.0,107374182.4
Dragonfly+,4274,549824364544.0,98.99352477477478,14208,9792,1073741824.0,107374182.4
Dragonfly+,4275,549824364544.0,99.00056306306307,14208,9792,1073741824.0,107374182.4
Dragonfly+,4276,549824364544.0,99.00760135135135,14208,9792,1073741824.0,107374182.4
Dragonfly+,4277,549824364544.0,99.01463963963964,14208,9792,1073741824.0,107374182.4
Dragonfly+,4278,549824364544.0,99.02167792792793,14208,9792,1073741824.0,107374182.4
Dragonfly+,4279,549824364544.0,99.02871621621621,14208,9792,1073741824.0,107374182.4
Dragonfly+,4280,549824364544.0,99.0357545045045,14208,9792,1073741824.0,107374182.4
Dragonfly+,4281,549824364544.0,99.0427927927928,14208,9792,1073741824.0,107374182.4
Dragonfly+,4282,549824364544.0,99.04983108108108,14208,9792,1073741824.0,107374182.4
Dragonfly+,4283,549824364544.0,99.05686936936937,14208,9792,1073741824.0,107374182.4
Dragonfly+,4284,549824364544.0,99.06390765765765,14208,9792,1073741824.0,107374182.4
Dragonfly+,4285,549824364544.0,99.07094594594594,14208,9792,1073741824.0,107374182.4
Dragonfly+,4286,549824364544.0,99.07798423423422,14208,9792,1073741824.0,107374182.4
Dragonfly+,4287,549824364544.0,99.08502252252252,14208,9792,1073741824.0,107374182.4
Dragonfly+,4288,549824364544.0,99.0920608108108,14208,9792,1073741824.0,107374182.4
Dragonfly+,4289,549824364544.0,99.09909909909909,14208,9792,1073741824.0,107374182.4
Dragonfly+,4290,549824364544.0,99.10613738738738,14208,9792,1073741824.0,107374182.4
Dragonfly+,4291,549824364544.0,99.11317567567568,14208,9792,1073741824.0,107374182.4
Dragonfly+,4292,549824364544.0,99.12021396396396,14208,9792,1073741824.0,107374182.4
Dragonfly+,4293,549824364544.0,99.12725225225225,14208,9792,1073741824.0,107374182.4
Dragonfly+,4294,549824364544.0,99.13429054054053,14208,9792,1073741824.0,107374182.4
Dragonfly+,4295,549824364544.0,99.14132882882883,14208,9792,1073741824.0,107374182.4
Dragonfly+,4296,549824364544.0,99.14836711711712,14208,9792,1073741824.0,107374182.4
Dragonfly+,4297,549824364544.0,99.1554054054054,14208,9792,1073741824.0,107374182.4
Dragonfly+,4298,549824364544.0,99.16244369369369,14208,9792,1073741824.0,107374182.4
Dragonfly+,4299,549824364544.0,99.16948198198197,14208,9792,1073741824.0,107374182.4
Dragonfly+,4300,549824364544.0,99.17652027027027,14208,9792,1073741824.0,107374182.4
Dragonfly+,4301,549824364544.0,99.18355855855856,14208,9792,1073741824.0,107374182.4
Dragonfly+,4302,549824364544.0,99.19059684684684,14208,9792,1073741824.0,107374182.4
Dragonfly+,4303,549824364544.0,99.19763513513513,14208,9792,1073741824.0,107374182.4
Dragonfly+,4304,549824364544.0,99.20467342342343,14208,9792,1073741824.0,107374182.4
Dragonfly+,4305,549824364544.0,99.21171171171171,14208,9792,1073741824.0,107374182.4
Dragonfly+,4306,549824364544.0,99.21875,14208,9792,1073741824.0,107374182.4
Dragonfly+,4307,549824364544.0,99.22578828828829,14208,9792,1073741824.0,107374182.4
Dragonfly+,4308,549824364544.0,99.23282657657657,14208,9792,1073741824.0,107374182.4
Dragonfly+,4309,549824364544.0,99.23986486486487,14208,9792,1073741824.0,107374182.4
Dragonfly+,4310,549824364544.0,99.24690315315316,14208,9792,1073741824.0,107374182.4
Dragonfly+,4311,549824364544.0,99.25394144144144,14208,9792,1073741824.0,107374182.4
Dragonfly+,4312,549824364544.0,99.26097972972973,14208,9792,1073741824.0,107374182.4
Dragonfly+,4313,549824364544.0,99.26801801801803,14208,9792,1073741824.0,107374182.4
Dragonfly+,4314,549824364544.0,99.27505630630631,14208,9792,1073741824.0,107374182.4
Dragonfly+,4315,549824364544.0,99.2820945945946,14208,9792,1073741824.0,107374182.4
Dragonfly+,4316,549824364544.0,99.28913288288288,14208,9792,1073741824.0,107374182.4
Dragonfly+,4317,549824364544.0,99.29617117117117,14208,9792,1073741824.0,107374182.4
Dragonfly+,4318,549824364544.0,99.30320945945947,14208,9792,1073741824.0,107374182.4
Dragonfly+,4319,549824364544.0,99.31024774774775,14208,9792,1073741824.0,107374182.4
Dragonfly+,4320,549824364544.0,99.31728603603604,14208,9792,1073741824.0,107374182.4
Dragonfly+,4321,549824364544.0,99.32432432432432,14208,9792,1073741824.0,107374182.4
Dragonfly+,4322,549824364544.0,99.33136261261262,14208,9792,1073741824.0,107374182.4
Dragonfly+,4323,549824364544.0,99.33840090090091,14208,9792,1073741824.0,107374182.4
Dragonfly+,4324,549824364544.0,99.3454391891892,14208,9792,1073741824.0,107374182.4
Dragonfly+,4325,549824364544.0,99.35247747747748,14208,9792,1073741824.0,107374182.4
Dragonfly+,4326,549824364544.0,99.35951576576578,14208,9792,1073741824.0,107374182.4
Dragonfly+,4327,549824364544.0,99.36655405405406,14208,9792,1073741824.0,107374182.4
Dragonfly+,4328,549824364544.0,99.37359234234235,14208,9792,1073741824.0,107374182.4
Dragonfly+,4329,549824364544.0,99.38063063063063,14208,9792,1073741824.0,107374182.4
Dragonfly+,4330,549824364544.0,99.38766891891892,14208,9792,1073741824.0,107374182.4
Dragonfly+,4331,549824364544.0,99.3947072072072,14208,9792,1073741824.0,107374182.4
Dragonfly+,4332,549824364544.0,99.4017454954955,14208,9792,1073741824.0,107374182.4
Dragonfly+,4333,549824364544.0,99.40878378378379,14208,9792,1073741824.0,107374182.4
Dragonfly+,4334,549824364544.0,99.41582207207207,14208,9792,1073741824.0,107374182.4
Dragonfly+,4335,549824364544.0,99.42286036036036,14208,9792,1073741824.0,107374182.4
Dragonfly+,4336,549824364544.0,99.42989864864865,14208,9792,1073741824.0,107374182.4
Dragonfly+,4337,549824364544.0,99.43693693693693,14208,9792,1073741824.0,107374182.4
Dragonfly+,4338,549824364544.0,99.44397522522522,14208,9792,1073741824.0,107374182.4
Dragonfly+,4339,549824364544.0,99.45101351351352,14208,9792,1073741824.0,107374182.4
Dragonfly+,4340,549824364544.0,99.4580518018018,14208,9792,1073741824.0,107374182.4
Dragonfly+,4341,549824364544.0,99.46509009009009,14208,9792,1073741824.0,107374182.4
Dragonfly+,4342,549824364544.0,99.47212837837837,14208,9792,1073741824.0,107374182.4
Dragonfly+,4343,549824364544.0,99.47916666666666,14208,9792,1073741824.0,107374182.4
Dragonfly+,4344,549824364544.0,99.48620495495496,14208,9792,1073741824.0,107374182.4
Dragonfly+,4345,549824364544.0,99.49324324324324,14208,9792,1073741824.0,107374182.4
Dragonfly+,4346,549824364544.0,99.50028153153153,14208,9792,1073741824.0,107374182.4
Dragonfly+,4347,549824364544.0,99.50731981981981,14208,9792,1073741824.0,107374182.4
Dragonfly+,4348,549824364544.0,99.5143581081081,14208,9792,1073741824.0,107374182.4
Dragonfly+,4349,549824364544.0,99.5213963963964,14208,9792,1073741824.0,107374182.4
Dragonfly+,4350,549824364544.0,99.52843468468468,14208,9792,1073741824.0,107374182.4
Dragonfly+,4351,549824364544.0,99.53547297297297,14208,9792,1073741824.0,107374182.4
Dragonfly+,4352,549824364544.0,99.54251126126125,14208,9792,1073741824.0,107374182.4
Dragonfly+,4353,549824364544.0,99.54954954954955,14208,9792,1073741824.0,107374182.4
Dragonfly+,4354,549824364544.0,99.55658783783784,14208,9792,1073741824.0,107374182.4
Dragonfly+,4355,549824364544.0,99.56362612612612,14208,9792,1073741824.0,107374182.4
Dragonfly+,4356,549824364544.0,99.57066441441441,14208,9792,1073741824.0,107374182.4
Dragonfly+,4357,549824364544.0,99.5777027027027,14208,9792,1073741824.0,107374182.4
Dragonfly+,4358,549824364544.0,99.584740990991,14208,9792,1073741824.0,107374182.4
Dragonfly+,4359,549824364544.0,99.59177927927928,14208,9792,1073741824.0,107374182.4
Dragonfly+,4360,549824364544.0,99.59881756756756,14208,9792,1073741824.0,107374182.4
Dragonfly+,4361,549824364544.0,99.60585585585585,14208,9792,1073741824.0,107374182.4
Dragonfly+,4362,549824364544.0,99.61289414414415,14208,9792,1073741824.0,107374182.4
Dragonfly+,4363,549824364544.0,99.61993243243244,14208,9792,1073741824.0,107374182.4
Dragonfly+,4364,549824364544.0,99.62697072072072,14208,9792,1073741824.0,107374182.4
Dragonfly+,4365,549824364544.0,99.634009009009,14208,9792,1073741824.0,107374182.4
Dragonfly+,4366,549824364544.0,99.6410472972973,14208,9792,1073741824.0,107374182.4
Dragonfly+,4367,549824364544.0,99.64808558558559,14208,9792,1073741824.0,107374182.4
Dragonfly+,4368,549824364544.0,99.65512387387388,14208,9792,1073741824.0,107374182.4
Dragonfly+,4369,549824364544.0,99.66216216216216,14208,9792,1073741824.0,107374182.4
Dragonfly+,4370,549824364544.0,99.66920045045045,14208,9792,1073741824.0,107374182.4
Dragonfly+,4371,549824364544.0,99.67623873873875,14208,9792,1073741824.0,107374182.4
Dragonfly+,4372,549824364544.0,99.68327702702703,14208,9792,1073741824.0,107374182.4
Dragonfly+,4373,549824364544.0,99.69031531531532,14208,9792,1073741824.0,107374182.4
Dragonfly+,4374,549824364544.0,99.6973536036036,14208,9792,1073741824.0,107374182.4
Dragonfly+,4375,549824364544.0,99.7043918918919,14208,9792,1073741824.0,107374182.4
Dragonfly+,4376,549824364544.0,99.71143018018019,14208,9792,1073741824.0,107374182.4
Dragonfly+,4377,549824364544.0,99.71846846846847,14208,9792,1073741824.0,107374182.4
Dragonfly+,4378,549824364544.0,99.72550675675676,14208,9792,1073741824.0,107374182.4
Dragonfly+,4379,549824364544.0,99.73254504504504,14208,9792,1073741824.0,107374182.4
Dragonfly+,4380,549824364544.0,99.73958333333334,14208,9792,1073741824.0,107374182.4
Dragonfly+,4381,549824364544.0,99.74662162162163,14208,9792,1073741824.0,107374182.4
Dragonfly+,4382,549824364544.0,99.75365990990991,14208,9792,1073741824.0,107374182.4
Dragonfly+,4383,549824364544.0,99.7606981981982,14208,9792,1073741824.0,107374182.4
Dragonfly+,4384,549824364544.0,99.76773648648648,14208,9792,1073741824.0,107374182.4
Dragonfly+,4385,549824364544.0,99.77477477477478,14208,9792,1073741824.0,107374182.4
Dragonfly+,4386,549824364544.0,99.78181306306307,14208,9792,1073741824.0,107374182.4
Dragonfly+,4387,549824364544.0,99.78885135135135,14208,9792,1073741824.0,107374182.4
Dragonfly+,4388,549824364544.0,99.79588963963964,14208,9792,1073741824.0,107374182.4
Dragonfly+,4389,549824364544.0,99.80292792792793,14208,9792,1073741824.0,107374182.4
Dragonfly+,4390,549824364544.0,99.80996621621621,14208,9792,1073741824.0,107374182.4
Dragonfly+,4391,549824364544.0,99.8170045045045,14208,9792,1073741824.0,107374182.4
Dragonfly+,4392,549824364544.0,99.8240427927928,14208,9792,1073741824.0,107374182.4
Dragonfly+,4393,549824364544.0,99.83108108108108,14208,9792,1073741824.0,107374182.4
Dragonfly+,4394,549824364544.0,99.83811936936937,14208,9792,1073741824.0,107374182.4
Dragonfly+,4395,549824364544.0,99.84515765765765,14208,9792,1073741824.0,107374182.4
Dragonfly+,4396,549824364544.0,99.85219594594594,14208,9792,1073741824.0,107374182.4
Dragonfly+,4397,549824364544.0,99.85923423423422,14208,9792,1073741824.0,107374182.4
Dragonfly+,4398,549824364544.0,99.86627252252252,14208,9792,1073741824.0,107374182.4
Dragonfly+,4399,549824364544.0,99.8733108108108,14208,9792,1073741824.0,107374182.4
Dragonfly+,4400,549824364544.0,99.88034909909909,14208,9792,1073741824.0,107374182.4
Dragonfly+,4401,549824364544.0,99.88738738738738,14208,9792,1073741824.0,107374182.4
Dragonfly+,4402,549824364544.0,99.89442567567568,14208,9792,1073741824.0,107374182.4
Dragonfly+,4403,549824364544.0,99.90146396396396,14208,9792,1073741824.0,107374182.4
Dragonfly+,4404,549824364544.0,99.90850225225225,14208,9792,1073741824.0,107374182.4
Dragonfly+,4405,549824364544.0,99.91554054054053,14208,9792,1073741824.0,107374182.4
Dragonfly+,4406,549824364544.0,99.92257882882883,14208,9792,1073741824.0,107374182.4
Dragonfly+,4407,549824364544.0,99.92961711711712,14208,9792,1073741824.0,107374182.4
Dragonfly+,4408,549824364544.0,99.9366554054054,14208,9792,1073741824.0,107374182.4
Dragonfly+,4409,549824364544.0,99.94369369369369,14208,9792,1073741824.0,107374182.4
Dragonfly+,4410,549824364544.0,99.95073198198197,14208,9792,1073741824.0,107374182.4
Dragonfly+,4411,549824364544.0,99.95777027027027,14208,9792,1073741824.0,107374182.4
Dragonfly+,4412,549824364544.0,99.96480855855856,14208,9792,1073741824.0,107374182.4
Dragonfly+,4413,549824364544.0,99.97184684684684,14208,9792,1073741824.0,107374182.4
Dragonfly+,4414,549824364544.0,99.97888513513513,14208,9792,1073741824.0,107374182.4
Dragonfly+,4415,549824364544.0,99.98592342342343,14208,9792,1073741824.0,107374182.4
Dragonfly+,4416,549824364544.0,99.99296171171171,14208,9792,1073741824.0,107374182.4
Dragonfly+,4417,549824364544.0,100.0,14208,9792,1073741824.0,107374182.4
