topology,point_idx,load,cdf_percent,num_edges,num_zeros,first_positive_load,global_x_start
Fat Tree,0,10066329.6,0.0,9252,6144,805306368.0,10066329.6
Fat Tree,1,805306368.0,0.0,9252,6144,805306368.0,10066329.6
Fat Tree,2,805306368.0,66.41807176826632,9252,6144,805306368.0,10066329.6
Fat Tree,3,805306368.0,66.42888024210981,9252,6144,805306368.0,10066329.6
Fat Tree,4,805306368.0,66.43968871595331,9252,6144,805306368.0,10066329.6
Fat Tree,5,805306368.0,66.45049718979679,9252,6144,805306368.0,10066329.6
Fat Tree,6,805306368.0,66.46130566364029,9252,6144,805306368.0,10066329.6
Fat Tree,7,805306368.0,66.47211413748379,9252,6144,805306368.0,10066329.6
Fat Tree,8,805306368.0,66.48292261132728,9252,6144,805306368.0,10066329.6
Fat Tree,9,805306368.0,66.49373108517077,9252,6144,805306368.0,10066329.6
Fat Tree,10,805306368.0,66.50453955901426,9252,6144,805306368.0,10066329.6
Fat Tree,11,805306368.0,66.51534803285776,9252,6144,805306368.0,10066329.6
Fat Tree,12,805306368.0,66.52615650670126,9252,6144,805306368.0,10066329.6
Fat Tree,13,805306368.0,66.53696498054474,9252,6144,805306368.0,10066329.6
Fat Tree,14,805306368.0,66.54777345438823,9252,6144,805306368.0,10066329.6
Fat Tree,15,805306368.0,66.55858192823173,9252,6144,805306368.0,10066329.6
Fat Tree,16,805306368.0,66.56939040207523,9252,6144,805306368.0,10066329.6
Fat Tree,17,805306368.0,66.58019887591871,9252,6144,805306368.0,10066329.6
Fat Tree,18,805306368.0,66.59100734976221,9252,6144,805306368.0,10066329.6
Fat Tree,19,805306368.0,66.6018158236057,9252,6144,805306368.0,10066329.6
Fat Tree,20,805306368.0,66.6126242974492,9252,6144,805306368.0,10066329.6
Fat Tree,21,805306368.0,66.62343277129268,9252,6144,805306368.0,10066329.6
Fat Tree,22,805306368.0,66.63424124513618,9252,6144,805306368.0,10066329.6
Fat Tree,23,805306368.0,66.64504971897968,9252,6144,805306368.0,10066329.6
Fat Tree,24,805306368.0,66.65585819282317,9252,6144,805306368.0,10066329.6
Fat Tree,25,805306368.0,66.66666666666666,9252,6144,805306368.0,10066329.6
Fat Tree,26,805306368.0,66.67747514051015,9252,6144,805306368.0,10066329.6
Fat Tree,27,805306368.0,66.68828361435365,9252,6144,805306368.0,10066329.6
Fat Tree,28,805306368.0,66.69909208819715,9252,6144,805306368.0,10066329.6
Fat Tree,29,805306368.0,66.70990056204063,9252,6144,805306368.0,10066329.6
Fat Tree,30,805306368.0,66.72070903588413,9252,6144,805306368.0,10066329.6
Fat Tree,31,805306368.0,66.73151750972762,9252,6144,805306368.0,10066329.6
Fat Tree,32,805306368.0,66.74232598357112,9252,6144,805306368.0,10066329.6
Fat Tree,33,805306368.0,66.7531344574146,9252,6144,805306368.0,10066329.6
Fat Tree,34,6442450944.0,66.7639429312581,9252,6144,805306368.0,10066329.6
Fat Tree,35,6442450944.0,66.7747514051016,9252,6144,805306368.0,10066329.6
Fat Tree,36,6442450944.0,66.7855598789451,9252,6144,805306368.0,10066329.6
Fat Tree,37,6442450944.0,66.79636835278858,9252,6144,805306368.0,10066329.6
Fat Tree,38,11296737280.0,66.80717682663207,9252,6144,805306368.0,10066329.6
Fat Tree,39,11296737280.0,66.81798530047557,9252,6144,805306368.0,10066329.6
Fat Tree,40,11296737280.0,66.82879377431907,9252,6144,805306368.0,10066329.6
Fat Tree,41,11296737280.0,66.83960224816255,9252,6144,805306368.0,10066329.6
Fat Tree,42,11296737280.0,66.85041072200605,9252,6144,805306368.0,10066329.6
Fat Tree,43,11296737280.0,66.86121919584954,9252,6144,805306368.0,10066329.6
Fat Tree,44,11296737280.0,66.87202766969304,9252,6144,805306368.0,10066329.6
Fat Tree,45,11296737280.0,66.88283614353652,9252,6144,805306368.0,10066329.6
Fat Tree,46,11296737280.0,66.89364461738002,9252,6144,805306368.0,10066329.6
Fat Tree,47,11296737280.0,66.90445309122352,9252,6144,805306368.0,10066329.6
Fat Tree,48,11296737280.0,66.91526156506701,9252,6144,805306368.0,10066329.6
Fat Tree,49,11296737280.0,66.9260700389105,9252,6144,805306368.0,10066329.6
Fat Tree,50,11296737280.0,66.93687851275399,9252,6144,805306368.0,10066329.6
Fat Tree,51,11296737280.0,66.94768698659749,9252,6144,805306368.0,10066329.6
Fat Tree,52,11296737280.0,66.95849546044099,9252,6144,805306368.0,10066329.6
Fat Tree,53,11296737280.0,66.96930393428447,9252,6144,805306368.0,10066329.6
Fat Tree,54,11296737280.0,66.98011240812797,9252,6144,805306368.0,10066329.6
Fat Tree,55,11296737280.0,66.99092088197146,9252,6144,805306368.0,10066329.6
Fat Tree,56,11296737280.0,67.00172935581496,9252,6144,805306368.0,10066329.6
Fat Tree,57,11296737280.0,67.01253782965844,9252,6144,805306368.0,10066329.6
Fat Tree,58,11296737280.0,67.02334630350194,9252,6144,805306368.0,10066329.6
Fat Tree,59,11296737280.0,67.03415477734544,9252,6144,805306368.0,10066329.6
Fat Tree,60,11296737280.0,67.04496325118893,9252,6144,805306368.0,10066329.6
Fat Tree,61,11296737280.0,67.05577172503241,9252,6144,805306368.0,10066329.6
Fat Tree,62,11296737280.0,67.06658019887591,9252,6144,805306368.0,10066329.6
Fat Tree,63,11296737280.0,67.07738867271941,9252,6144,805306368.0,10066329.6
Fat Tree,64,11296737280.0,67.0881971465629,9252,6144,805306368.0,10066329.6
Fat Tree,65,11296737280.0,67.09900562040639,9252,6144,805306368.0,10066329.6
Fat Tree,66,11296737280.0,67.10981409424988,9252,6144,805306368.0,10066329.6
Fat Tree,67,11296737280.0,67.12062256809338,9252,6144,805306368.0,10066329.6
Fat Tree,68,11296737280.0,67.13143104193688,9252,6144,805306368.0,10066329.6
Fat Tree,69,11296737280.0,67.14223951578036,9252,6144,805306368.0,10066329.6
Fat Tree,70,11296737280.0,67.15304798962386,9252,6144,805306368.0,10066329.6
Fat Tree,71,11296737280.0,67.16385646346735,9252,6144,805306368.0,10066329.6
Fat Tree,72,11296737280.0,67.17466493731085,9252,6144,805306368.0,10066329.6
Fat Tree,73,11296737280.0,67.18547341115433,9252,6144,805306368.0,10066329.6
Fat Tree,74,11296737280.0,67.19628188499784,9252,6144,805306368.0,10066329.6
Fat Tree,75,11296737280.0,67.20709035884134,9252,6144,805306368.0,10066329.6
Fat Tree,76,11296737280.0,67.21789883268482,9252,6144,805306368.0,10066329.6
Fat Tree,77,11296737280.0,67.22870730652832,9252,6144,805306368.0,10066329.6
Fat Tree,78,11296737280.0,67.23951578037182,9252,6144,805306368.0,10066329.6
Fat Tree,79,11296737280.0,67.25032425421531,9252,6144,805306368.0,10066329.6
Fat Tree,80,11296737280.0,67.2611327280588,9252,6144,805306368.0,10066329.6
Fat Tree,81,11296737280.0,67.2719412019023,9252,6144,805306368.0,10066329.6
Fat Tree,82,11296737280.0,67.28274967574579,9252,6144,805306368.0,10066329.6
Fat Tree,83,11296737280.0,67.29355814958929,9252,6144,805306368.0,10066329.6
Fat Tree,84,11296737280.0,67.30436662343277,9252,6144,805306368.0,10066329.6
Fat Tree,85,11296737280.0,67.31517509727627,9252,6144,805306368.0,10066329.6
Fat Tree,86,11296737280.0,67.32598357111976,9252,6144,805306368.0,10066329.6
Fat Tree,87,11296737280.0,67.33679204496326,9252,6144,805306368.0,10066329.6
Fat Tree,88,11296737280.0,67.34760051880674,9252,6144,805306368.0,10066329.6
Fat Tree,89,11296737280.0,67.35840899265024,9252,6144,805306368.0,10066329.6
Fat Tree,90,11296737280.0,67.36921746649374,9252,6144,805306368.0,10066329.6
Fat Tree,91,11296737280.0,67.38002594033723,9252,6144,805306368.0,10066329.6
Fat Tree,92,11296737280.0,67.39083441418072,9252,6144,805306368.0,10066329.6
Fat Tree,93,11296737280.0,67.40164288802421,9252,6144,805306368.0,10066329.6
Fat Tree,94,11296737280.0,67.41245136186771,9252,6144,805306368.0,10066329.6
Fat Tree,95,11296737280.0,67.4232598357112,9252,6144,805306368.0,10066329.6
Fat Tree,96,11296737280.0,67.43406830955469,9252,6144,805306368.0,10066329.6
Fat Tree,97,11296737280.0,67.44487678339819,9252,6144,805306368.0,10066329.6
Fat Tree,98,11296737280.0,67.45568525724168,9252,6144,805306368.0,10066329.6
Fat Tree,99,11296737280.0,67.46649373108518,9252,6144,805306368.0,10066329.6
Fat Tree,100,11296737280.0,67.47730220492866,9252,6144,805306368.0,10066329.6
Fat Tree,101,11296737280.0,67.48811067877216,9252,6144,805306368.0,10066329.6
Fat Tree,102,11296737280.0,67.49891915261566,9252,6144,805306368.0,10066329.6
Fat Tree,103,11296737280.0,67.50972762645915,9252,6144,805306368.0,10066329.6
Fat Tree,104,11296737280.0,67.52053610030264,9252,6144,805306368.0,10066329.6
Fat Tree,105,11296737280.0,67.53134457414613,9252,6144,805306368.0,10066329.6
Fat Tree,106,11296737280.0,67.54215304798963,9252,6144,805306368.0,10066329.6
Fat Tree,107,11296737280.0,67.55296152183313,9252,6144,805306368.0,10066329.6
Fat Tree,108,11296737280.0,67.56376999567661,9252,6144,805306368.0,10066329.6
Fat Tree,109,11296737280.0,67.5745784695201,9252,6144,805306368.0,10066329.6
Fat Tree,110,11296737280.0,67.5853869433636,9252,6144,805306368.0,10066329.6
Fat Tree,111,11296737280.0,67.5961954172071,9252,6144,805306368.0,10066329.6
Fat Tree,112,11296737280.0,67.60700389105058,9252,6144,805306368.0,10066329.6
Fat Tree,113,11296737280.0,67.61781236489408,9252,6144,805306368.0,10066329.6
Fat Tree,114,11296737280.0,67.62862083873758,9252,6144,805306368.0,10066329.6
Fat Tree,115,11296737280.0,67.63942931258107,9252,6144,805306368.0,10066329.6
Fat Tree,116,11296737280.0,67.65023778642455,9252,6144,805306368.0,10066329.6
Fat Tree,117,11296737280.0,67.66104626026805,9252,6144,805306368.0,10066329.6
Fat Tree,118,11296737280.0,67.67185473411155,9252,6144,805306368.0,10066329.6
Fat Tree,119,11296737280.0,67.68266320795504,9252,6144,805306368.0,10066329.6
Fat Tree,120,11296737280.0,67.69347168179853,9252,6144,805306368.0,10066329.6
Fat Tree,121,11296737280.0,67.70428015564202,9252,6144,805306368.0,10066329.6
Fat Tree,122,11296737280.0,67.71508862948552,9252,6144,805306368.0,10066329.6
Fat Tree,123,11296737280.0,67.72589710332902,9252,6144,805306368.0,10066329.6
Fat Tree,124,11296737280.0,67.7367055771725,9252,6144,805306368.0,10066329.6
Fat Tree,125,11296737280.0,67.747514051016,9252,6144,805306368.0,10066329.6
Fat Tree,126,11296737280.0,67.7583225248595,9252,6144,805306368.0,10066329.6
Fat Tree,127,11296737280.0,67.76913099870299,9252,6144,805306368.0,10066329.6
Fat Tree,128,11296737280.0,67.77993947254647,9252,6144,805306368.0,10066329.6
Fat Tree,129,11296737280.0,67.79074794638997,9252,6144,805306368.0,10066329.6
Fat Tree,130,11296737280.0,67.80155642023347,9252,6144,805306368.0,10066329.6
Fat Tree,131,11296737280.0,67.81236489407696,9252,6144,805306368.0,10066329.6
Fat Tree,132,11296737280.0,67.82317336792045,9252,6144,805306368.0,10066329.6
Fat Tree,133,11296737280.0,67.83398184176394,9252,6144,805306368.0,10066329.6
Fat Tree,134,11296737280.0,67.84479031560744,9252,6144,805306368.0,10066329.6
Fat Tree,135,11296737280.0,67.85559878945094,9252,6144,805306368.0,10066329.6
Fat Tree,136,11296737280.0,67.86640726329442,9252,6144,805306368.0,10066329.6
Fat Tree,137,11296737280.0,67.87721573713792,9252,6144,805306368.0,10066329.6
Fat Tree,138,11296737280.0,67.88802421098141,9252,6144,805306368.0,10066329.6
Fat Tree,139,11296737280.0,67.89883268482491,9252,6144,805306368.0,10066329.6
Fat Tree,140,11296737280.0,67.90964115866839,9252,6144,805306368.0,10066329.6
Fat Tree,141,11296737280.0,67.92044963251189,9252,6144,805306368.0,10066329.6
Fat Tree,142,11296737280.0,67.93125810635539,9252,6144,805306368.0,10066329.6
Fat Tree,143,11296737280.0,67.94206658019888,9252,6144,805306368.0,10066329.6
Fat Tree,144,11296737280.0,67.95287505404237,9252,6144,805306368.0,10066329.6
Fat Tree,145,11296737280.0,67.96368352788586,9252,6144,805306368.0,10066329.6
Fat Tree,146,11296737280.0,67.97449200172936,9252,6144,805306368.0,10066329.6
Fat Tree,147,11296737280.0,67.98530047557286,9252,6144,805306368.0,10066329.6
Fat Tree,148,11296737280.0,67.99610894941634,9252,6144,805306368.0,10066329.6
Fat Tree,149,11296737280.0,68.00691742325984,9252,6144,805306368.0,10066329.6
Fat Tree,150,11296737280.0,68.01772589710333,9252,6144,805306368.0,10066329.6
Fat Tree,151,11296737280.0,68.02853437094683,9252,6144,805306368.0,10066329.6
Fat Tree,152,11296737280.0,68.03934284479031,9252,6144,805306368.0,10066329.6
Fat Tree,153,11296737280.0,68.05015131863381,9252,6144,805306368.0,10066329.6
Fat Tree,154,11296737280.0,68.0609597924773,9252,6144,805306368.0,10066329.6
Fat Tree,155,11296737280.0,68.0717682663208,9252,6144,805306368.0,10066329.6
Fat Tree,156,11296737280.0,68.08257674016428,9252,6144,805306368.0,10066329.6
Fat Tree,157,11296737280.0,68.09338521400778,9252,6144,805306368.0,10066329.6
Fat Tree,158,11296737280.0,68.10419368785128,9252,6144,805306368.0,10066329.6
Fat Tree,159,11296737280.0,68.11500216169478,9252,6144,805306368.0,10066329.6
Fat Tree,160,11296737280.0,68.12581063553826,9252,6144,805306368.0,10066329.6
Fat Tree,161,11296737280.0,68.13661910938175,9252,6144,805306368.0,10066329.6
Fat Tree,162,11296737280.0,68.14742758322525,9252,6144,805306368.0,10066329.6
Fat Tree,163,11296737280.0,68.15823605706875,9252,6144,805306368.0,10066329.6
Fat Tree,164,11296737280.0,68.16904453091223,9252,6144,805306368.0,10066329.6
Fat Tree,165,11296737280.0,68.17985300475573,9252,6144,805306368.0,10066329.6
Fat Tree,166,11296737280.0,68.19066147859922,9252,6144,805306368.0,10066329.6
Fat Tree,167,11296737280.0,68.20146995244272,9252,6144,805306368.0,10066329.6
Fat Tree,168,11296737280.0,68.2122784262862,9252,6144,805306368.0,10066329.6
Fat Tree,169,11296737280.0,68.2230869001297,9252,6144,805306368.0,10066329.6
Fat Tree,170,11296737280.0,68.2338953739732,9252,6144,805306368.0,10066329.6
Fat Tree,171,11296737280.0,68.2447038478167,9252,6144,805306368.0,10066329.6
Fat Tree,172,11296737280.0,68.25551232166018,9252,6144,805306368.0,10066329.6
Fat Tree,173,11296737280.0,68.26632079550367,9252,6144,805306368.0,10066329.6
Fat Tree,174,11296737280.0,68.27712926934717,9252,6144,805306368.0,10066329.6
Fat Tree,175,11296737280.0,68.28793774319067,9252,6144,805306368.0,10066329.6
Fat Tree,176,11296737280.0,68.29874621703415,9252,6144,805306368.0,10066329.6
Fat Tree,177,11296737280.0,68.30955469087765,9252,6144,805306368.0,10066329.6
Fat Tree,178,11296737280.0,68.32036316472114,9252,6144,805306368.0,10066329.6
Fat Tree,179,11296737280.0,68.33117163856464,9252,6144,805306368.0,10066329.6
Fat Tree,180,11296737280.0,68.34198011240812,9252,6144,805306368.0,10066329.6
Fat Tree,181,11296737280.0,68.35278858625162,9252,6144,805306368.0,10066329.6
Fat Tree,182,11296737280.0,68.36359706009512,9252,6144,805306368.0,10066329.6
Fat Tree,183,11296737280.0,68.37440553393861,9252,6144,805306368.0,10066329.6
Fat Tree,184,11296737280.0,68.3852140077821,9252,6144,805306368.0,10066329.6
Fat Tree,185,11296737280.0,68.3960224816256,9252,6144,805306368.0,10066329.6
Fat Tree,186,11296737280.0,68.40683095546909,9252,6144,805306368.0,10066329.6
Fat Tree,187,11296737280.0,68.41763942931259,9252,6144,805306368.0,10066329.6
Fat Tree,188,11296737280.0,68.42844790315607,9252,6144,805306368.0,10066329.6
Fat Tree,189,11296737280.0,68.43925637699957,9252,6144,805306368.0,10066329.6
Fat Tree,190,11296737280.0,68.45006485084306,9252,6144,805306368.0,10066329.6
Fat Tree,191,11296737280.0,68.46087332468656,9252,6144,805306368.0,10066329.6
Fat Tree,192,11296737280.0,68.47168179853004,9252,6144,805306368.0,10066329.6
Fat Tree,193,11296737280.0,68.48249027237354,9252,6144,805306368.0,10066329.6
Fat Tree,194,11296737280.0,68.49329874621704,9252,6144,805306368.0,10066329.6
Fat Tree,195,11296737280.0,68.50410722006053,9252,6144,805306368.0,10066329.6
Fat Tree,196,11296737280.0,68.51491569390402,9252,6144,805306368.0,10066329.6
Fat Tree,197,11296737280.0,68.52572416774751,9252,6144,805306368.0,10066329.6
Fat Tree,198,11296737280.0,68.53653264159101,9252,6144,805306368.0,10066329.6
Fat Tree,199,11296737280.0,68.5473411154345,9252,6144,805306368.0,10066329.6
Fat Tree,200,11296737280.0,68.55814958927799,9252,6144,805306368.0,10066329.6
Fat Tree,201,11296737280.0,68.56895806312149,9252,6144,805306368.0,10066329.6
Fat Tree,202,11296737280.0,68.57976653696498,9252,6144,805306368.0,10066329.6
Fat Tree,203,11296737280.0,68.59057501080848,9252,6144,805306368.0,10066329.6
Fat Tree,204,11296737280.0,68.60138348465196,9252,6144,805306368.0,10066329.6
Fat Tree,205,11296737280.0,68.61219195849546,9252,6144,805306368.0,10066329.6
Fat Tree,206,11296737280.0,68.62300043233896,9252,6144,805306368.0,10066329.6
Fat Tree,207,11296737280.0,68.63380890618245,9252,6144,805306368.0,10066329.6
Fat Tree,208,11296737280.0,68.64461738002593,9252,6144,805306368.0,10066329.6
Fat Tree,209,11296737280.0,68.65542585386943,9252,6144,805306368.0,10066329.6
Fat Tree,210,11296737280.0,68.66623432771293,9252,6144,805306368.0,10066329.6
Fat Tree,211,11296737280.0,68.67704280155642,9252,6144,805306368.0,10066329.6
Fat Tree,212,11296737280.0,68.68785127539991,9252,6144,805306368.0,10066329.6
Fat Tree,213,11296737280.0,68.6986597492434,9252,6144,805306368.0,10066329.6
Fat Tree,214,11296737280.0,68.7094682230869,9252,6144,805306368.0,10066329.6
Fat Tree,215,11296737280.0,68.7202766969304,9252,6144,805306368.0,10066329.6
Fat Tree,216,11296737280.0,68.73108517077388,9252,6144,805306368.0,10066329.6
Fat Tree,217,11296737280.0,68.74189364461738,9252,6144,805306368.0,10066329.6
Fat Tree,218,11296737280.0,68.75270211846087,9252,6144,805306368.0,10066329.6
Fat Tree,219,11296737280.0,68.76351059230437,9252,6144,805306368.0,10066329.6
Fat Tree,220,11296737280.0,68.77431906614785,9252,6144,805306368.0,10066329.6
Fat Tree,221,11296737280.0,68.78512753999135,9252,6144,805306368.0,10066329.6
Fat Tree,222,11296737280.0,68.79593601383485,9252,6144,805306368.0,10066329.6
Fat Tree,223,11296737280.0,68.80674448767834,9252,6144,805306368.0,10066329.6
Fat Tree,224,11296737280.0,68.81755296152183,9252,6144,805306368.0,10066329.6
Fat Tree,225,11296737280.0,68.82836143536532,9252,6144,805306368.0,10066329.6
Fat Tree,226,11296737280.0,68.83916990920882,9252,6144,805306368.0,10066329.6
Fat Tree,227,11296737280.0,68.84997838305232,9252,6144,805306368.0,10066329.6
Fat Tree,228,11296737280.0,68.8607868568958,9252,6144,805306368.0,10066329.6
Fat Tree,229,11296737280.0,68.8715953307393,9252,6144,805306368.0,10066329.6
Fat Tree,230,11296737280.0,68.8824038045828,9252,6144,805306368.0,10066329.6
Fat Tree,231,11296737280.0,68.89321227842629,9252,6144,805306368.0,10066329.6
Fat Tree,232,11296737280.0,68.90402075226977,9252,6144,805306368.0,10066329.6
Fat Tree,233,11296737280.0,68.91482922611327,9252,6144,805306368.0,10066329.6
Fat Tree,234,11296737280.0,68.92563769995677,9252,6144,805306368.0,10066329.6
Fat Tree,235,11296737280.0,68.93644617380026,9252,6144,805306368.0,10066329.6
Fat Tree,236,11296737280.0,68.94725464764375,9252,6144,805306368.0,10066329.6
Fat Tree,237,11296737280.0,68.95806312148724,9252,6144,805306368.0,10066329.6
Fat Tree,238,11296737280.0,68.96887159533074,9252,6144,805306368.0,10066329.6
Fat Tree,239,11296737280.0,68.97968006917424,9252,6144,805306368.0,10066329.6
Fat Tree,240,11296737280.0,68.99048854301772,9252,6144,805306368.0,10066329.6
Fat Tree,241,11296737280.0,69.00129701686122,9252,6144,805306368.0,10066329.6
Fat Tree,242,11296737280.0,69.01210549070471,9252,6144,805306368.0,10066329.6
Fat Tree,243,11296737280.0,69.02291396454821,9252,6144,805306368.0,10066329.6
Fat Tree,244,11296737280.0,69.03372243839169,9252,6144,805306368.0,10066329.6
Fat Tree,245,11296737280.0,69.04453091223519,9252,6144,805306368.0,10066329.6
Fat Tree,246,11296737280.0,69.05533938607869,9252,6144,805306368.0,10066329.6
Fat Tree,247,11296737280.0,69.06614785992218,9252,6144,805306368.0,10066329.6
Fat Tree,248,11296737280.0,69.07695633376566,9252,6144,805306368.0,10066329.6
Fat Tree,249,11296737280.0,69.08776480760916,9252,6144,805306368.0,10066329.6
Fat Tree,250,11296737280.0,69.09857328145266,9252,6144,805306368.0,10066329.6
Fat Tree,251,11296737280.0,69.10938175529616,9252,6144,805306368.0,10066329.6
Fat Tree,252,11296737280.0,69.12019022913964,9252,6144,805306368.0,10066329.6
Fat Tree,253,11296737280.0,69.13099870298313,9252,6144,805306368.0,10066329.6
Fat Tree,254,11296737280.0,69.14180717682663,9252,6144,805306368.0,10066329.6
Fat Tree,255,11296737280.0,69.15261565067013,9252,6144,805306368.0,10066329.6
Fat Tree,256,11296737280.0,69.16342412451361,9252,6144,805306368.0,10066329.6
Fat Tree,257,11296737280.0,69.17423259835711,9252,6144,805306368.0,10066329.6
Fat Tree,258,11296737280.0,69.1850410722006,9252,6144,805306368.0,10066329.6
Fat Tree,259,11296737280.0,69.1958495460441,9252,6144,805306368.0,10066329.6
Fat Tree,260,11296737280.0,69.20665801988758,9252,6144,805306368.0,10066329.6
Fat Tree,261,11296737280.0,69.21746649373108,9252,6144,805306368.0,10066329.6
Fat Tree,262,11296737280.0,69.22827496757458,9252,6144,805306368.0,10066329.6
Fat Tree,263,11296737280.0,69.23908344141807,9252,6144,805306368.0,10066329.6
Fat Tree,264,11296737280.0,69.24989191526156,9252,6144,805306368.0,10066329.6
Fat Tree,265,11296737280.0,69.26070038910505,9252,6144,805306368.0,10066329.6
Fat Tree,266,11296737280.0,69.27150886294855,9252,6144,805306368.0,10066329.6
Fat Tree,267,11296737280.0,69.28231733679205,9252,6144,805306368.0,10066329.6
Fat Tree,268,11296737280.0,69.29312581063553,9252,6144,805306368.0,10066329.6
Fat Tree,269,11296737280.0,69.30393428447903,9252,6144,805306368.0,10066329.6
Fat Tree,270,11296737280.0,69.31474275832252,9252,6144,805306368.0,10066329.6
Fat Tree,271,11296737280.0,69.32555123216602,9252,6144,805306368.0,10066329.6
Fat Tree,272,11296737280.0,69.3363597060095,9252,6144,805306368.0,10066329.6
Fat Tree,273,11296737280.0,69.347168179853,9252,6144,805306368.0,10066329.6
Fat Tree,274,11296737280.0,69.3579766536965,9252,6144,805306368.0,10066329.6
Fat Tree,275,11296737280.0,69.36878512754,9252,6144,805306368.0,10066329.6
Fat Tree,276,11296737280.0,69.37959360138348,9252,6144,805306368.0,10066329.6
Fat Tree,277,11296737280.0,69.39040207522697,9252,6144,805306368.0,10066329.6
Fat Tree,278,11296737280.0,69.40121054907047,9252,6144,805306368.0,10066329.6
Fat Tree,279,11296737280.0,69.41201902291397,9252,6144,805306368.0,10066329.6
Fat Tree,280,11296737280.0,69.42282749675745,9252,6144,805306368.0,10066329.6
Fat Tree,281,11296737280.0,69.43363597060095,9252,6144,805306368.0,10066329.6
Fat Tree,282,11296737280.0,69.44444444444444,9252,6144,805306368.0,10066329.6
Fat Tree,283,11296737280.0,69.45525291828794,9252,6144,805306368.0,10066329.6
Fat Tree,284,11296737280.0,69.46606139213142,9252,6144,805306368.0,10066329.6
Fat Tree,285,11296737280.0,69.47686986597492,9252,6144,805306368.0,10066329.6
Fat Tree,286,11296737280.0,69.48767833981842,9252,6144,805306368.0,10066329.6
Fat Tree,287,11296737280.0,69.49848681366191,9252,6144,805306368.0,10066329.6
Fat Tree,288,11296737280.0,69.5092952875054,9252,6144,805306368.0,10066329.6
Fat Tree,289,11296737280.0,69.52010376134889,9252,6144,805306368.0,10066329.6
Fat Tree,290,11296737280.0,69.53091223519239,9252,6144,805306368.0,10066329.6
Fat Tree,291,11296737280.0,69.54172070903589,9252,6144,805306368.0,10066329.6
Fat Tree,292,11296737280.0,69.55252918287937,9252,6144,805306368.0,10066329.6
Fat Tree,293,11296737280.0,69.56333765672287,9252,6144,805306368.0,10066329.6
Fat Tree,294,11296737280.0,69.57414613056636,9252,6144,805306368.0,10066329.6
Fat Tree,295,11296737280.0,69.58495460440986,9252,6144,805306368.0,10066329.6
Fat Tree,296,11296737280.0,69.59576307825334,9252,6144,805306368.0,10066329.6
Fat Tree,297,11296737280.0,69.60657155209684,9252,6144,805306368.0,10066329.6
Fat Tree,298,11296737280.0,69.61738002594034,9252,6144,805306368.0,10066329.6
Fat Tree,299,11296737280.0,69.62818849978383,9252,6144,805306368.0,10066329.6
Fat Tree,300,11296737280.0,69.63899697362731,9252,6144,805306368.0,10066329.6
Fat Tree,301,11296737280.0,69.64980544747081,9252,6144,805306368.0,10066329.6
Fat Tree,302,11296737280.0,69.66061392131431,9252,6144,805306368.0,10066329.6
Fat Tree,303,11296737280.0,69.6714223951578,9252,6144,805306368.0,10066329.6
Fat Tree,304,11296737280.0,69.68223086900129,9252,6144,805306368.0,10066329.6
Fat Tree,305,11296737280.0,69.69303934284478,9252,6144,805306368.0,10066329.6
Fat Tree,306,11296737280.0,69.70384781668828,9252,6144,805306368.0,10066329.6
Fat Tree,307,11296737280.0,69.71465629053178,9252,6144,805306368.0,10066329.6
Fat Tree,308,11296737280.0,69.72546476437526,9252,6144,805306368.0,10066329.6
Fat Tree,309,11296737280.0,69.73627323821876,9252,6144,805306368.0,10066329.6
Fat Tree,310,11296737280.0,69.74708171206225,9252,6144,805306368.0,10066329.6
Fat Tree,311,11296737280.0,69.75789018590575,9252,6144,805306368.0,10066329.6
Fat Tree,312,11296737280.0,69.76869865974923,9252,6144,805306368.0,10066329.6
Fat Tree,313,11296737280.0,69.77950713359273,9252,6144,805306368.0,10066329.6
Fat Tree,314,11296737280.0,69.79031560743623,9252,6144,805306368.0,10066329.6
Fat Tree,315,11296737280.0,69.80112408127972,9252,6144,805306368.0,10066329.6
Fat Tree,316,11296737280.0,69.8119325551232,9252,6144,805306368.0,10066329.6
Fat Tree,317,11296737280.0,69.8227410289667,9252,6144,805306368.0,10066329.6
Fat Tree,318,11296737280.0,69.8335495028102,9252,6144,805306368.0,10066329.6
Fat Tree,319,11296737280.0,69.8443579766537,9252,6144,805306368.0,10066329.6
Fat Tree,320,11296737280.0,69.85516645049718,9252,6144,805306368.0,10066329.6
Fat Tree,321,11296737280.0,69.86597492434068,9252,6144,805306368.0,10066329.6
Fat Tree,322,11296737280.0,69.87678339818417,9252,6144,805306368.0,10066329.6
Fat Tree,323,11296737280.0,69.88759187202767,9252,6144,805306368.0,10066329.6
Fat Tree,324,11296737280.0,69.89840034587115,9252,6144,805306368.0,10066329.6
Fat Tree,325,11296737280.0,69.90920881971465,9252,6144,805306368.0,10066329.6
Fat Tree,326,11296737280.0,69.92001729355815,9252,6144,805306368.0,10066329.6
Fat Tree,327,11296737280.0,69.93082576740164,9252,6144,805306368.0,10066329.6
Fat Tree,328,11296737280.0,69.94163424124513,9252,6144,805306368.0,10066329.6
Fat Tree,329,11296737280.0,69.95244271508862,9252,6144,805306368.0,10066329.6
Fat Tree,330,11296737280.0,69.96325118893212,9252,6144,805306368.0,10066329.6
Fat Tree,331,11296737280.0,69.97405966277562,9252,6144,805306368.0,10066329.6
Fat Tree,332,11296737280.0,69.9848681366191,9252,6144,805306368.0,10066329.6
Fat Tree,333,11296737280.0,69.9956766104626,9252,6144,805306368.0,10066329.6
Fat Tree,334,11296737280.0,70.00648508430609,9252,6144,805306368.0,10066329.6
Fat Tree,335,11296737280.0,70.01729355814959,9252,6144,805306368.0,10066329.6
Fat Tree,336,11296737280.0,70.02810203199307,9252,6144,805306368.0,10066329.6
Fat Tree,337,11296737280.0,70.03891050583657,9252,6144,805306368.0,10066329.6
Fat Tree,338,11296737280.0,70.04971897968007,9252,6144,805306368.0,10066329.6
Fat Tree,339,11296737280.0,70.06052745352356,9252,6144,805306368.0,10066329.6
Fat Tree,340,11296737280.0,70.07133592736704,9252,6144,805306368.0,10066329.6
Fat Tree,341,11296737280.0,70.08214440121054,9252,6144,805306368.0,10066329.6
Fat Tree,342,11296737280.0,70.09295287505404,9252,6144,805306368.0,10066329.6
Fat Tree,343,11296737280.0,70.10376134889754,9252,6144,805306368.0,10066329.6
Fat Tree,344,11296737280.0,70.11456982274102,9252,6144,805306368.0,10066329.6
Fat Tree,345,11296737280.0,70.12537829658451,9252,6144,805306368.0,10066329.6
Fat Tree,346,11296737280.0,70.13618677042801,9252,6144,805306368.0,10066329.6
Fat Tree,347,11296737280.0,70.14699524427151,9252,6144,805306368.0,10066329.6
Fat Tree,348,11296737280.0,70.15780371811499,9252,6144,805306368.0,10066329.6
Fat Tree,349,11296737280.0,70.16861219195849,9252,6144,805306368.0,10066329.6
Fat Tree,350,11296737280.0,70.17942066580198,9252,6144,805306368.0,10066329.6
Fat Tree,351,11296737280.0,70.19022913964548,9252,6144,805306368.0,10066329.6
Fat Tree,352,11296737280.0,70.20103761348896,9252,6144,805306368.0,10066329.6
Fat Tree,353,11296737280.0,70.21184608733246,9252,6144,805306368.0,10066329.6
Fat Tree,354,11296737280.0,70.22265456117596,9252,6144,805306368.0,10066329.6
Fat Tree,355,11296737280.0,70.23346303501945,9252,6144,805306368.0,10066329.6
Fat Tree,356,11296737280.0,70.24427150886294,9252,6144,805306368.0,10066329.6
Fat Tree,357,11296737280.0,70.25507998270643,9252,6144,805306368.0,10066329.6
Fat Tree,358,11296737280.0,70.26588845654993,9252,6144,805306368.0,10066329.6
Fat Tree,359,11296737280.0,70.27669693039343,9252,6144,805306368.0,10066329.6
Fat Tree,360,11296737280.0,70.28750540423691,9252,6144,805306368.0,10066329.6
Fat Tree,361,11296737280.0,70.2983138780804,9252,6144,805306368.0,10066329.6
Fat Tree,362,11296737280.0,70.3091223519239,9252,6144,805306368.0,10066329.6
Fat Tree,363,11296737280.0,70.3199308257674,9252,6144,805306368.0,10066329.6
Fat Tree,364,11296737280.0,70.3307392996109,9252,6144,805306368.0,10066329.6
Fat Tree,365,11296737280.0,70.3415477734544,9252,6144,805306368.0,10066329.6
Fat Tree,366,11296737280.0,70.35235624729789,9252,6144,805306368.0,10066329.6
Fat Tree,367,11296737280.0,70.36316472114137,9252,6144,805306368.0,10066329.6
Fat Tree,368,11296737280.0,70.37397319498487,9252,6144,805306368.0,10066329.6
Fat Tree,369,11296737280.0,70.38478166882837,9252,6144,805306368.0,10066329.6
Fat Tree,370,11296737280.0,70.39559014267186,9252,6144,805306368.0,10066329.6
Fat Tree,371,11296737280.0,70.40639861651535,9252,6144,805306368.0,10066329.6
Fat Tree,372,11296737280.0,70.41720709035884,9252,6144,805306368.0,10066329.6
Fat Tree,373,11296737280.0,70.42801556420234,9252,6144,805306368.0,10066329.6
Fat Tree,374,11296737280.0,70.43882403804584,9252,6144,805306368.0,10066329.6
Fat Tree,375,11296737280.0,70.44963251188932,9252,6144,805306368.0,10066329.6
Fat Tree,376,11296737280.0,70.46044098573282,9252,6144,805306368.0,10066329.6
Fat Tree,377,11296737280.0,70.47124945957631,9252,6144,805306368.0,10066329.6
Fat Tree,378,11296737280.0,70.48205793341981,9252,6144,805306368.0,10066329.6
Fat Tree,379,11296737280.0,70.49286640726329,9252,6144,805306368.0,10066329.6
Fat Tree,380,11296737280.0,70.50367488110679,9252,6144,805306368.0,10066329.6
Fat Tree,381,11296737280.0,70.51448335495029,9252,6144,805306368.0,10066329.6
Fat Tree,382,11296737280.0,70.52529182879378,9252,6144,805306368.0,10066329.6
Fat Tree,383,11296737280.0,70.53610030263727,9252,6144,805306368.0,10066329.6
Fat Tree,384,11296737280.0,70.54690877648076,9252,6144,805306368.0,10066329.6
Fat Tree,385,11296737280.0,70.55771725032426,9252,6144,805306368.0,10066329.6
Fat Tree,386,11296737280.0,70.56852572416776,9252,6144,805306368.0,10066329.6
Fat Tree,387,11296737280.0,70.57933419801124,9252,6144,805306368.0,10066329.6
Fat Tree,388,11296737280.0,70.59014267185474,9252,6144,805306368.0,10066329.6
Fat Tree,389,11296737280.0,70.60095114569823,9252,6144,805306368.0,10066329.6
Fat Tree,390,11296737280.0,70.61175961954173,9252,6144,805306368.0,10066329.6
Fat Tree,391,11296737280.0,70.62256809338521,9252,6144,805306368.0,10066329.6
Fat Tree,392,11296737280.0,70.63337656722871,9252,6144,805306368.0,10066329.6
Fat Tree,393,11296737280.0,70.6441850410722,9252,6144,805306368.0,10066329.6
Fat Tree,394,11296737280.0,70.6549935149157,9252,6144,805306368.0,10066329.6
Fat Tree,395,11296737280.0,70.66580198875918,9252,6144,805306368.0,10066329.6
Fat Tree,396,11296737280.0,70.67661046260268,9252,6144,805306368.0,10066329.6
Fat Tree,397,11296737280.0,70.68741893644618,9252,6144,805306368.0,10066329.6
Fat Tree,398,11296737280.0,70.69822741028968,9252,6144,805306368.0,10066329.6
Fat Tree,399,11296737280.0,70.70903588413316,9252,6144,805306368.0,10066329.6
Fat Tree,400,11296737280.0,70.71984435797665,9252,6144,805306368.0,10066329.6
Fat Tree,401,11296737280.0,70.73065283182015,9252,6144,805306368.0,10066329.6
Fat Tree,402,11296737280.0,70.74146130566365,9252,6144,805306368.0,10066329.6
Fat Tree,403,11296737280.0,70.75226977950713,9252,6144,805306368.0,10066329.6
Fat Tree,404,11296737280.0,70.76307825335063,9252,6144,805306368.0,10066329.6
Fat Tree,405,11296737280.0,70.77388672719412,9252,6144,805306368.0,10066329.6
Fat Tree,406,11296737280.0,70.78469520103762,9252,6144,805306368.0,10066329.6
Fat Tree,407,11296737280.0,70.7955036748811,9252,6144,805306368.0,10066329.6
Fat Tree,408,11296737280.0,70.8063121487246,9252,6144,805306368.0,10066329.6
Fat Tree,409,11296737280.0,70.8171206225681,9252,6144,805306368.0,10066329.6
Fat Tree,410,11296737280.0,70.8279290964116,9252,6144,805306368.0,10066329.6
Fat Tree,411,11296737280.0,70.83873757025508,9252,6144,805306368.0,10066329.6
Fat Tree,412,11296737280.0,70.84954604409857,9252,6144,805306368.0,10066329.6
Fat Tree,413,11296737280.0,70.86035451794207,9252,6144,805306368.0,10066329.6
Fat Tree,414,11296737280.0,70.87116299178557,9252,6144,805306368.0,10066329.6
Fat Tree,415,11296737280.0,70.88197146562905,9252,6144,805306368.0,10066329.6
Fat Tree,416,11296737280.0,70.89277993947255,9252,6144,805306368.0,10066329.6
Fat Tree,417,11296737280.0,70.90358841331604,9252,6144,805306368.0,10066329.6
Fat Tree,418,11296737280.0,70.91439688715954,9252,6144,805306368.0,10066329.6
Fat Tree,419,11296737280.0,70.92520536100302,9252,6144,805306368.0,10066329.6
Fat Tree,420,11296737280.0,70.93601383484652,9252,6144,805306368.0,10066329.6
Fat Tree,421,11296737280.0,70.94682230869002,9252,6144,805306368.0,10066329.6
Fat Tree,422,11296737280.0,70.95763078253351,9252,6144,805306368.0,10066329.6
Fat Tree,423,11296737280.0,70.968439256377,9252,6144,805306368.0,10066329.6
Fat Tree,424,11296737280.0,70.9792477302205,9252,6144,805306368.0,10066329.6
Fat Tree,425,11296737280.0,70.99005620406399,9252,6144,805306368.0,10066329.6
Fat Tree,426,11296737280.0,71.00086467790749,9252,6144,805306368.0,10066329.6
Fat Tree,427,11296737280.0,71.01167315175097,9252,6144,805306368.0,10066329.6
Fat Tree,428,11296737280.0,71.02248162559447,9252,6144,805306368.0,10066329.6
Fat Tree,429,11296737280.0,71.03329009943796,9252,6144,805306368.0,10066329.6
Fat Tree,430,11296737280.0,71.04409857328146,9252,6144,805306368.0,10066329.6
Fat Tree,431,11296737280.0,71.05490704712494,9252,6144,805306368.0,10066329.6
Fat Tree,432,11296737280.0,71.06571552096844,9252,6144,805306368.0,10066329.6
Fat Tree,433,11296737280.0,71.07652399481194,9252,6144,805306368.0,10066329.6
Fat Tree,434,11296737280.0,71.08733246865543,9252,6144,805306368.0,10066329.6
Fat Tree,435,11296737280.0,71.09814094249892,9252,6144,805306368.0,10066329.6
Fat Tree,436,11296737280.0,71.10894941634241,9252,6144,805306368.0,10066329.6
Fat Tree,437,11296737280.0,71.11975789018591,9252,6144,805306368.0,10066329.6
Fat Tree,438,11296737280.0,71.1305663640294,9252,6144,805306368.0,10066329.6
Fat Tree,439,11296737280.0,71.14137483787289,9252,6144,805306368.0,10066329.6
Fat Tree,440,11296737280.0,71.15218331171639,9252,6144,805306368.0,10066329.6
Fat Tree,441,11296737280.0,71.16299178555988,9252,6144,805306368.0,10066329.6
Fat Tree,442,11296737280.0,71.17380025940338,9252,6144,805306368.0,10066329.6
Fat Tree,443,11296737280.0,71.18460873324686,9252,6144,805306368.0,10066329.6
Fat Tree,444,11296737280.0,71.19541720709036,9252,6144,805306368.0,10066329.6
Fat Tree,445,11296737280.0,71.20622568093385,9252,6144,805306368.0,10066329.6
Fat Tree,446,11296737280.0,71.21703415477735,9252,6144,805306368.0,10066329.6
Fat Tree,447,11296737280.0,71.22784262862083,9252,6144,805306368.0,10066329.6
Fat Tree,448,11296737280.0,71.23865110246433,9252,6144,805306368.0,10066329.6
Fat Tree,449,11296737280.0,71.24945957630783,9252,6144,805306368.0,10066329.6
Fat Tree,450,11296737280.0,71.26026805015132,9252,6144,805306368.0,10066329.6
Fat Tree,451,11296737280.0,71.27107652399481,9252,6144,805306368.0,10066329.6
Fat Tree,452,11296737280.0,71.2818849978383,9252,6144,805306368.0,10066329.6
Fat Tree,453,11296737280.0,71.2926934716818,9252,6144,805306368.0,10066329.6
Fat Tree,454,11296737280.0,71.3035019455253,9252,6144,805306368.0,10066329.6
Fat Tree,455,11296737280.0,71.31431041936878,9252,6144,805306368.0,10066329.6
Fat Tree,456,11296737280.0,71.32511889321228,9252,6144,805306368.0,10066329.6
Fat Tree,457,11296737280.0,71.33592736705577,9252,6144,805306368.0,10066329.6
Fat Tree,458,11296737280.0,71.34673584089927,9252,6144,805306368.0,10066329.6
Fat Tree,459,11296737280.0,71.35754431474275,9252,6144,805306368.0,10066329.6
Fat Tree,460,11296737280.0,71.36835278858625,9252,6144,805306368.0,10066329.6
Fat Tree,461,11296737280.0,71.37916126242975,9252,6144,805306368.0,10066329.6
Fat Tree,462,11296737280.0,71.38996973627324,9252,6144,805306368.0,10066329.6
Fat Tree,463,11296737280.0,71.40077821011673,9252,6144,805306368.0,10066329.6
Fat Tree,464,11296737280.0,71.41158668396022,9252,6144,805306368.0,10066329.6
Fat Tree,465,11296737280.0,71.42239515780372,9252,6144,805306368.0,10066329.6
Fat Tree,466,11296737280.0,71.43320363164722,9252,6144,805306368.0,10066329.6
Fat Tree,467,11296737280.0,71.4440121054907,9252,6144,805306368.0,10066329.6
Fat Tree,468,11296737280.0,71.4548205793342,9252,6144,805306368.0,10066329.6
Fat Tree,469,11296737280.0,71.4656290531777,9252,6144,805306368.0,10066329.6
Fat Tree,470,11296737280.0,71.47643752702119,9252,6144,805306368.0,10066329.6
Fat Tree,471,11296737280.0,71.48724600086467,9252,6144,805306368.0,10066329.6
Fat Tree,472,11296737280.0,71.49805447470817,9252,6144,805306368.0,10066329.6
Fat Tree,473,11296737280.0,71.50886294855167,9252,6144,805306368.0,10066329.6
Fat Tree,474,11296737280.0,71.51967142239516,9252,6144,805306368.0,10066329.6
Fat Tree,475,11296737280.0,71.53047989623865,9252,6144,805306368.0,10066329.6
Fat Tree,476,11296737280.0,71.54128837008214,9252,6144,805306368.0,10066329.6
Fat Tree,477,11296737280.0,71.55209684392564,9252,6144,805306368.0,10066329.6
Fat Tree,478,11296737280.0,71.56290531776914,9252,6144,805306368.0,10066329.6
Fat Tree,479,11296737280.0,71.57371379161262,9252,6144,805306368.0,10066329.6
Fat Tree,480,11296737280.0,71.58452226545612,9252,6144,805306368.0,10066329.6
Fat Tree,481,11296737280.0,71.59533073929961,9252,6144,805306368.0,10066329.6
Fat Tree,482,11296737280.0,71.60613921314311,9252,6144,805306368.0,10066329.6
Fat Tree,483,11296737280.0,71.61694768698659,9252,6144,805306368.0,10066329.6
Fat Tree,484,11296737280.0,71.62775616083009,9252,6144,805306368.0,10066329.6
Fat Tree,485,11296737280.0,71.63856463467359,9252,6144,805306368.0,10066329.6
Fat Tree,486,11296737280.0,71.64937310851708,9252,6144,805306368.0,10066329.6
Fat Tree,487,11296737280.0,71.66018158236056,9252,6144,805306368.0,10066329.6
Fat Tree,488,11296737280.0,71.67099005620406,9252,6144,805306368.0,10066329.6
Fat Tree,489,11296737280.0,71.68179853004756,9252,6144,805306368.0,10066329.6
Fat Tree,490,11296737280.0,71.69260700389106,9252,6144,805306368.0,10066329.6
Fat Tree,491,11296737280.0,71.70341547773454,9252,6144,805306368.0,10066329.6
Fat Tree,492,11296737280.0,71.71422395157803,9252,6144,805306368.0,10066329.6
Fat Tree,493,11296737280.0,71.72503242542153,9252,6144,805306368.0,10066329.6
Fat Tree,494,11296737280.0,71.73584089926503,9252,6144,805306368.0,10066329.6
Fat Tree,495,11296737280.0,71.74664937310851,9252,6144,805306368.0,10066329.6
Fat Tree,496,11296737280.0,71.75745784695201,9252,6144,805306368.0,10066329.6
Fat Tree,497,11296737280.0,71.7682663207955,9252,6144,805306368.0,10066329.6
Fat Tree,498,11296737280.0,71.779074794639,9252,6144,805306368.0,10066329.6
Fat Tree,499,11296737280.0,71.78988326848248,9252,6144,805306368.0,10066329.6
Fat Tree,500,11296737280.0,71.80069174232598,9252,6144,805306368.0,10066329.6
Fat Tree,501,11296737280.0,71.81150021616948,9252,6144,805306368.0,10066329.6
Fat Tree,502,11296737280.0,71.82230869001297,9252,6144,805306368.0,10066329.6
Fat Tree,503,11296737280.0,71.83311716385646,9252,6144,805306368.0,10066329.6
Fat Tree,504,11296737280.0,71.84392563769995,9252,6144,805306368.0,10066329.6
Fat Tree,505,11296737280.0,71.85473411154345,9252,6144,805306368.0,10066329.6
Fat Tree,506,11296737280.0,71.86554258538695,9252,6144,805306368.0,10066329.6
Fat Tree,507,11296737280.0,71.87635105923043,9252,6144,805306368.0,10066329.6
Fat Tree,508,11296737280.0,71.88715953307393,9252,6144,805306368.0,10066329.6
Fat Tree,509,11296737280.0,71.89796800691742,9252,6144,805306368.0,10066329.6
Fat Tree,510,11296737280.0,71.90877648076092,9252,6144,805306368.0,10066329.6
Fat Tree,511,11296737280.0,71.9195849546044,9252,6144,805306368.0,10066329.6
Fat Tree,512,11296737280.0,71.9303934284479,9252,6144,805306368.0,10066329.6
Fat Tree,513,11296737280.0,71.9412019022914,9252,6144,805306368.0,10066329.6
Fat Tree,514,11296737280.0,71.9520103761349,9252,6144,805306368.0,10066329.6
Fat Tree,515,11296737280.0,71.96281884997838,9252,6144,805306368.0,10066329.6
Fat Tree,516,11296737280.0,71.97362732382187,9252,6144,805306368.0,10066329.6
Fat Tree,517,11296737280.0,71.98443579766537,9252,6144,805306368.0,10066329.6
Fat Tree,518,11296737280.0,71.99524427150887,9252,6144,805306368.0,10066329.6
Fat Tree,519,11296737280.0,72.00605274535235,9252,6144,805306368.0,10066329.6
Fat Tree,520,11296737280.0,72.01686121919585,9252,6144,805306368.0,10066329.6
Fat Tree,521,11296737280.0,72.02766969303934,9252,6144,805306368.0,10066329.6
Fat Tree,522,11296737280.0,72.03847816688284,9252,6144,805306368.0,10066329.6
Fat Tree,523,11296737280.0,72.04928664072632,9252,6144,805306368.0,10066329.6
Fat Tree,524,11296737280.0,72.06009511456982,9252,6144,805306368.0,10066329.6
Fat Tree,525,11296737280.0,72.07090358841332,9252,6144,805306368.0,10066329.6
Fat Tree,526,11296737280.0,72.08171206225681,9252,6144,805306368.0,10066329.6
Fat Tree,527,11296737280.0,72.0925205361003,9252,6144,805306368.0,10066329.6
Fat Tree,528,11296737280.0,72.10332900994379,9252,6144,805306368.0,10066329.6
Fat Tree,529,11296737280.0,72.11413748378729,9252,6144,805306368.0,10066329.6
Fat Tree,530,11296737280.0,72.12494595763079,9252,6144,805306368.0,10066329.6
Fat Tree,531,11296737280.0,72.13575443147427,9252,6144,805306368.0,10066329.6
Fat Tree,532,11296737280.0,72.14656290531777,9252,6144,805306368.0,10066329.6
Fat Tree,533,11296737280.0,72.15737137916126,9252,6144,805306368.0,10066329.6
Fat Tree,534,11296737280.0,72.16817985300476,9252,6144,805306368.0,10066329.6
Fat Tree,535,11296737280.0,72.17898832684824,9252,6144,805306368.0,10066329.6
Fat Tree,536,11296737280.0,72.18979680069174,9252,6144,805306368.0,10066329.6
Fat Tree,537,11296737280.0,72.20060527453523,9252,6144,805306368.0,10066329.6
Fat Tree,538,11296737280.0,72.21141374837873,9252,6144,805306368.0,10066329.6
Fat Tree,539,11296737280.0,72.22222222222221,9252,6144,805306368.0,10066329.6
Fat Tree,540,11296737280.0,72.23303069606571,9252,6144,805306368.0,10066329.6
Fat Tree,541,11296737280.0,72.24383916990921,9252,6144,805306368.0,10066329.6
Fat Tree,542,11296737280.0,72.2546476437527,9252,6144,805306368.0,10066329.6
Fat Tree,543,11296737280.0,72.26545611759619,9252,6144,805306368.0,10066329.6
Fat Tree,544,11296737280.0,72.27626459143968,9252,6144,805306368.0,10066329.6
Fat Tree,545,11296737280.0,72.28707306528318,9252,6144,805306368.0,10066329.6
Fat Tree,546,11296737280.0,72.29788153912668,9252,6144,805306368.0,10066329.6
Fat Tree,547,11296737280.0,72.30869001297016,9252,6144,805306368.0,10066329.6
Fat Tree,548,11296737280.0,72.31949848681366,9252,6144,805306368.0,10066329.6
Fat Tree,549,11296737280.0,72.33030696065715,9252,6144,805306368.0,10066329.6
Fat Tree,550,11296737280.0,72.34111543450065,9252,6144,805306368.0,10066329.6
Fat Tree,551,11296737280.0,72.35192390834413,9252,6144,805306368.0,10066329.6
Fat Tree,552,11296737280.0,72.36273238218763,9252,6144,805306368.0,10066329.6
Fat Tree,553,11296737280.0,72.37354085603113,9252,6144,805306368.0,10066329.6
Fat Tree,554,11296737280.0,72.38434932987462,9252,6144,805306368.0,10066329.6
Fat Tree,555,11296737280.0,72.3951578037181,9252,6144,805306368.0,10066329.6
Fat Tree,556,11296737280.0,72.4059662775616,9252,6144,805306368.0,10066329.6
Fat Tree,557,11296737280.0,72.4167747514051,9252,6144,805306368.0,10066329.6
Fat Tree,558,11296737280.0,72.4275832252486,9252,6144,805306368.0,10066329.6
Fat Tree,559,11296737280.0,72.43839169909208,9252,6144,805306368.0,10066329.6
Fat Tree,560,11296737280.0,72.44920017293558,9252,6144,805306368.0,10066329.6
Fat Tree,561,11296737280.0,72.46000864677907,9252,6144,805306368.0,10066329.6
Fat Tree,562,11296737280.0,72.47081712062257,9252,6144,805306368.0,10066329.6
Fat Tree,563,11296737280.0,72.48162559446605,9252,6144,805306368.0,10066329.6
Fat Tree,564,11296737280.0,72.49243406830955,9252,6144,805306368.0,10066329.6
Fat Tree,565,11296737280.0,72.50324254215305,9252,6144,805306368.0,10066329.6
Fat Tree,566,11296737280.0,72.51405101599654,9252,6144,805306368.0,10066329.6
Fat Tree,567,11296737280.0,72.52485948984003,9252,6144,805306368.0,10066329.6
Fat Tree,568,11296737280.0,72.53566796368352,9252,6144,805306368.0,10066329.6
Fat Tree,569,11296737280.0,72.54647643752702,9252,6144,805306368.0,10066329.6
Fat Tree,570,11296737280.0,72.55728491137052,9252,6144,805306368.0,10066329.6
Fat Tree,571,11296737280.0,72.568093385214,9252,6144,805306368.0,10066329.6
Fat Tree,572,11296737280.0,72.5789018590575,9252,6144,805306368.0,10066329.6
Fat Tree,573,11296737280.0,72.58971033290099,9252,6144,805306368.0,10066329.6
Fat Tree,574,11296737280.0,72.60051880674449,9252,6144,805306368.0,10066329.6
Fat Tree,575,11296737280.0,72.61132728058797,9252,6144,805306368.0,10066329.6
Fat Tree,576,11296737280.0,72.62213575443147,9252,6144,805306368.0,10066329.6
Fat Tree,577,11296737280.0,72.63294422827497,9252,6144,805306368.0,10066329.6
Fat Tree,578,11296737280.0,72.64375270211846,9252,6144,805306368.0,10066329.6
Fat Tree,579,11296737280.0,72.65456117596194,9252,6144,805306368.0,10066329.6
Fat Tree,580,11296737280.0,72.66536964980544,9252,6144,805306368.0,10066329.6
Fat Tree,581,11296737280.0,72.67617812364894,9252,6144,805306368.0,10066329.6
Fat Tree,582,11296737280.0,72.68698659749244,9252,6144,805306368.0,10066329.6
Fat Tree,583,11296737280.0,72.69779507133592,9252,6144,805306368.0,10066329.6
Fat Tree,584,11296737280.0,72.70860354517941,9252,6144,805306368.0,10066329.6
Fat Tree,585,11296737280.0,72.71941201902291,9252,6144,805306368.0,10066329.6
Fat Tree,586,11296737280.0,72.73022049286641,9252,6144,805306368.0,10066329.6
Fat Tree,587,11296737280.0,72.74102896670989,9252,6144,805306368.0,10066329.6
Fat Tree,588,11296737280.0,72.75183744055339,9252,6144,805306368.0,10066329.6
Fat Tree,589,11296737280.0,72.76264591439688,9252,6144,805306368.0,10066329.6
Fat Tree,590,11296737280.0,72.77345438824038,9252,6144,805306368.0,10066329.6
Fat Tree,591,11296737280.0,72.78426286208386,9252,6144,805306368.0,10066329.6
Fat Tree,592,11296737280.0,72.79507133592736,9252,6144,805306368.0,10066329.6
Fat Tree,593,11296737280.0,72.80587980977086,9252,6144,805306368.0,10066329.6
Fat Tree,594,11296737280.0,72.81668828361435,9252,6144,805306368.0,10066329.6
Fat Tree,595,11296737280.0,72.82749675745784,9252,6144,805306368.0,10066329.6
Fat Tree,596,11296737280.0,72.83830523130133,9252,6144,805306368.0,10066329.6
Fat Tree,597,11296737280.0,72.84911370514483,9252,6144,805306368.0,10066329.6
Fat Tree,598,11296737280.0,72.85992217898833,9252,6144,805306368.0,10066329.6
Fat Tree,599,11296737280.0,72.87073065283181,9252,6144,805306368.0,10066329.6
Fat Tree,600,11296737280.0,72.8815391266753,9252,6144,805306368.0,10066329.6
Fat Tree,601,11296737280.0,72.8923476005188,9252,6144,805306368.0,10066329.6
Fat Tree,602,11296737280.0,72.9031560743623,9252,6144,805306368.0,10066329.6
Fat Tree,603,11296737280.0,72.91396454820578,9252,6144,805306368.0,10066329.6
Fat Tree,604,11296737280.0,72.92477302204928,9252,6144,805306368.0,10066329.6
Fat Tree,605,11296737280.0,72.93558149589278,9252,6144,805306368.0,10066329.6
Fat Tree,606,11296737280.0,72.94638996973627,9252,6144,805306368.0,10066329.6
Fat Tree,607,11296737280.0,72.95719844357976,9252,6144,805306368.0,10066329.6
Fat Tree,608,11296737280.0,72.96800691742325,9252,6144,805306368.0,10066329.6
Fat Tree,609,11296737280.0,72.97881539126675,9252,6144,805306368.0,10066329.6
Fat Tree,610,11296737280.0,72.98962386511025,9252,6144,805306368.0,10066329.6
Fat Tree,611,11296737280.0,73.00043233895373,9252,6144,805306368.0,10066329.6
Fat Tree,612,11296737280.0,73.01124081279723,9252,6144,805306368.0,10066329.6
Fat Tree,613,11296737280.0,73.02204928664072,9252,6144,805306368.0,10066329.6
Fat Tree,614,11296737280.0,73.03285776048422,9252,6144,805306368.0,10066329.6
Fat Tree,615,11296737280.0,73.0436662343277,9252,6144,805306368.0,10066329.6
Fat Tree,616,11296737280.0,73.0544747081712,9252,6144,805306368.0,10066329.6
Fat Tree,617,11296737280.0,73.0652831820147,9252,6144,805306368.0,10066329.6
Fat Tree,618,11296737280.0,73.07609165585819,9252,6144,805306368.0,10066329.6
Fat Tree,619,11296737280.0,73.08690012970168,9252,6144,805306368.0,10066329.6
Fat Tree,620,11296737280.0,73.09770860354517,9252,6144,805306368.0,10066329.6
Fat Tree,621,11296737280.0,73.10851707738867,9252,6144,805306368.0,10066329.6
Fat Tree,622,11296737280.0,73.11932555123217,9252,6144,805306368.0,10066329.6
Fat Tree,623,11296737280.0,73.13013402507565,9252,6144,805306368.0,10066329.6
Fat Tree,624,11296737280.0,73.14094249891915,9252,6144,805306368.0,10066329.6
Fat Tree,625,11296737280.0,73.15175097276264,9252,6144,805306368.0,10066329.6
Fat Tree,626,11296737280.0,73.16255944660614,9252,6144,805306368.0,10066329.6
Fat Tree,627,11296737280.0,73.17336792044962,9252,6144,805306368.0,10066329.6
Fat Tree,628,11296737280.0,73.18417639429312,9252,6144,805306368.0,10066329.6
Fat Tree,629,11296737280.0,73.19498486813661,9252,6144,805306368.0,10066329.6
Fat Tree,630,11296737280.0,73.20579334198011,9252,6144,805306368.0,10066329.6
Fat Tree,631,11296737280.0,73.2166018158236,9252,6144,805306368.0,10066329.6
Fat Tree,632,11296737280.0,73.22741028966709,9252,6144,805306368.0,10066329.6
Fat Tree,633,11296737280.0,73.23821876351059,9252,6144,805306368.0,10066329.6
Fat Tree,634,11296737280.0,73.24902723735408,9252,6144,805306368.0,10066329.6
Fat Tree,635,11296737280.0,73.25983571119757,9252,6144,805306368.0,10066329.6
Fat Tree,636,11296737280.0,73.27064418504106,9252,6144,805306368.0,10066329.6
Fat Tree,637,11296737280.0,73.28145265888456,9252,6144,805306368.0,10066329.6
Fat Tree,638,11296737280.0,73.29226113272806,9252,6144,805306368.0,10066329.6
Fat Tree,639,11296737280.0,73.30306960657154,9252,6144,805306368.0,10066329.6
Fat Tree,640,11296737280.0,73.31387808041504,9252,6144,805306368.0,10066329.6
Fat Tree,641,11296737280.0,73.32468655425853,9252,6144,805306368.0,10066329.6
Fat Tree,642,11296737280.0,73.33549502810203,9252,6144,805306368.0,10066329.6
Fat Tree,643,11296737280.0,73.34630350194551,9252,6144,805306368.0,10066329.6
Fat Tree,644,11296737280.0,73.35711197578901,9252,6144,805306368.0,10066329.6
Fat Tree,645,11296737280.0,73.3679204496325,9252,6144,805306368.0,10066329.6
Fat Tree,646,11296737280.0,73.378728923476,9252,6144,805306368.0,10066329.6
Fat Tree,647,11296737280.0,73.38953739731949,9252,6144,805306368.0,10066329.6
Fat Tree,648,11296737280.0,73.40034587116298,9252,6144,805306368.0,10066329.6
Fat Tree,649,11296737280.0,73.41115434500648,9252,6144,805306368.0,10066329.6
Fat Tree,650,11296737280.0,73.42196281884998,9252,6144,805306368.0,10066329.6
Fat Tree,651,11296737280.0,73.43277129269346,9252,6144,805306368.0,10066329.6
Fat Tree,652,11296737280.0,73.44357976653697,9252,6144,805306368.0,10066329.6
Fat Tree,653,11296737280.0,73.45438824038047,9252,6144,805306368.0,10066329.6
Fat Tree,654,11296737280.0,73.46519671422396,9252,6144,805306368.0,10066329.6
Fat Tree,655,11296737280.0,73.47600518806745,9252,6144,805306368.0,10066329.6
Fat Tree,656,11296737280.0,73.48681366191094,9252,6144,805306368.0,10066329.6
Fat Tree,657,11296737280.0,73.49762213575444,9252,6144,805306368.0,10066329.6
Fat Tree,658,11296737280.0,73.50843060959792,9252,6144,805306368.0,10066329.6
Fat Tree,659,11296737280.0,73.51923908344142,9252,6144,805306368.0,10066329.6
Fat Tree,660,11296737280.0,73.53004755728492,9252,6144,805306368.0,10066329.6
Fat Tree,661,11296737280.0,73.54085603112841,9252,6144,805306368.0,10066329.6
Fat Tree,662,11296737280.0,73.55166450497191,9252,6144,805306368.0,10066329.6
Fat Tree,663,11296737280.0,73.56247297881539,9252,6144,805306368.0,10066329.6
Fat Tree,664,11296737280.0,73.57328145265889,9252,6144,805306368.0,10066329.6
Fat Tree,665,11296737280.0,73.58408992650239,9252,6144,805306368.0,10066329.6
Fat Tree,666,11296737280.0,73.59489840034587,9252,6144,805306368.0,10066329.6
Fat Tree,667,11296737280.0,73.60570687418937,9252,6144,805306368.0,10066329.6
Fat Tree,668,11296737280.0,73.61651534803286,9252,6144,805306368.0,10066329.6
Fat Tree,669,11296737280.0,73.62732382187636,9252,6144,805306368.0,10066329.6
Fat Tree,670,11296737280.0,73.63813229571986,9252,6144,805306368.0,10066329.6
Fat Tree,671,11296737280.0,73.64894076956334,9252,6144,805306368.0,10066329.6
Fat Tree,672,11296737280.0,73.65974924340684,9252,6144,805306368.0,10066329.6
Fat Tree,673,11296737280.0,73.67055771725033,9252,6144,805306368.0,10066329.6
Fat Tree,674,11296737280.0,73.68136619109382,9252,6144,805306368.0,10066329.6
Fat Tree,675,11296737280.0,73.69217466493731,9252,6144,805306368.0,10066329.6
Fat Tree,676,11296737280.0,73.70298313878081,9252,6144,805306368.0,10066329.6
Fat Tree,677,11296737280.0,73.7137916126243,9252,6144,805306368.0,10066329.6
Fat Tree,678,11296737280.0,73.7246000864678,9252,6144,805306368.0,10066329.6
Fat Tree,679,11296737280.0,73.73540856031128,9252,6144,805306368.0,10066329.6
Fat Tree,680,11296737280.0,73.74621703415478,9252,6144,805306368.0,10066329.6
Fat Tree,681,11296737280.0,73.75702550799828,9252,6144,805306368.0,10066329.6
Fat Tree,682,11296737280.0,73.76783398184176,9252,6144,805306368.0,10066329.6
Fat Tree,683,11296737280.0,73.77864245568526,9252,6144,805306368.0,10066329.6
Fat Tree,684,11296737280.0,73.78945092952875,9252,6144,805306368.0,10066329.6
Fat Tree,685,11296737280.0,73.80025940337225,9252,6144,805306368.0,10066329.6
Fat Tree,686,11296737280.0,73.81106787721575,9252,6144,805306368.0,10066329.6
Fat Tree,687,11296737280.0,73.82187635105923,9252,6144,805306368.0,10066329.6
Fat Tree,688,11296737280.0,73.83268482490273,9252,6144,805306368.0,10066329.6
Fat Tree,689,11296737280.0,73.84349329874622,9252,6144,805306368.0,10066329.6
Fat Tree,690,11296737280.0,73.85430177258971,9252,6144,805306368.0,10066329.6
Fat Tree,691,11296737280.0,73.8651102464332,9252,6144,805306368.0,10066329.6
Fat Tree,692,11296737280.0,73.8759187202767,9252,6144,805306368.0,10066329.6
Fat Tree,693,11296737280.0,73.8867271941202,9252,6144,805306368.0,10066329.6
Fat Tree,694,11296737280.0,73.8975356679637,9252,6144,805306368.0,10066329.6
Fat Tree,695,11296737280.0,73.90834414180718,9252,6144,805306368.0,10066329.6
Fat Tree,696,11296737280.0,73.91915261565067,9252,6144,805306368.0,10066329.6
Fat Tree,697,11296737280.0,73.92996108949417,9252,6144,805306368.0,10066329.6
Fat Tree,698,11296737280.0,73.94076956333765,9252,6144,805306368.0,10066329.6
Fat Tree,699,11296737280.0,73.95157803718115,9252,6144,805306368.0,10066329.6
Fat Tree,700,11296737280.0,73.96238651102465,9252,6144,805306368.0,10066329.6
Fat Tree,701,11296737280.0,73.97319498486814,9252,6144,805306368.0,10066329.6
Fat Tree,702,11296737280.0,73.98400345871164,9252,6144,805306368.0,10066329.6
Fat Tree,703,11296737280.0,73.99481193255512,9252,6144,805306368.0,10066329.6
Fat Tree,704,11296737280.0,74.00562040639862,9252,6144,805306368.0,10066329.6
Fat Tree,705,11296737280.0,74.01642888024212,9252,6144,805306368.0,10066329.6
Fat Tree,706,11296737280.0,74.0272373540856,9252,6144,805306368.0,10066329.6
Fat Tree,707,11296737280.0,74.0380458279291,9252,6144,805306368.0,10066329.6
Fat Tree,708,11296737280.0,74.0488543017726,9252,6144,805306368.0,10066329.6
Fat Tree,709,11296737280.0,74.05966277561609,9252,6144,805306368.0,10066329.6
Fat Tree,710,11296737280.0,74.07047124945959,9252,6144,805306368.0,10066329.6
Fat Tree,711,11296737280.0,74.08127972330307,9252,6144,805306368.0,10066329.6
Fat Tree,712,11296737280.0,74.09208819714657,9252,6144,805306368.0,10066329.6
Fat Tree,713,11296737280.0,74.10289667099006,9252,6144,805306368.0,10066329.6
Fat Tree,714,11296737280.0,74.11370514483355,9252,6144,805306368.0,10066329.6
Fat Tree,715,11296737280.0,74.12451361867704,9252,6144,805306368.0,10066329.6
Fat Tree,716,11296737280.0,74.13532209252054,9252,6144,805306368.0,10066329.6
Fat Tree,717,11296737280.0,74.14613056636404,9252,6144,805306368.0,10066329.6
Fat Tree,718,11296737280.0,74.15693904020753,9252,6144,805306368.0,10066329.6
Fat Tree,719,11296737280.0,74.16774751405102,9252,6144,805306368.0,10066329.6
Fat Tree,720,11296737280.0,74.17855598789451,9252,6144,805306368.0,10066329.6
Fat Tree,721,11296737280.0,74.18936446173801,9252,6144,805306368.0,10066329.6
Fat Tree,722,11296737280.0,74.20017293558149,9252,6144,805306368.0,10066329.6
Fat Tree,723,11296737280.0,74.21098140942499,9252,6144,805306368.0,10066329.6
Fat Tree,724,11296737280.0,74.22178988326849,9252,6144,805306368.0,10066329.6
Fat Tree,725,11296737280.0,74.23259835711198,9252,6144,805306368.0,10066329.6
Fat Tree,726,11296737280.0,74.24340683095548,9252,6144,805306368.0,10066329.6
Fat Tree,727,11296737280.0,74.25421530479896,9252,6144,805306368.0,10066329.6
Fat Tree,728,11296737280.0,74.26502377864246,9252,6144,805306368.0,10066329.6
Fat Tree,729,11296737280.0,74.27583225248596,9252,6144,805306368.0,10066329.6
Fat Tree,730,11296737280.0,74.28664072632944,9252,6144,805306368.0,10066329.6
Fat Tree,731,11296737280.0,74.29744920017293,9252,6144,805306368.0,10066329.6
Fat Tree,732,11296737280.0,74.30825767401643,9252,6144,805306368.0,10066329.6
Fat Tree,733,11296737280.0,74.31906614785993,9252,6144,805306368.0,10066329.6
Fat Tree,734,11296737280.0,74.32987462170342,9252,6144,805306368.0,10066329.6
Fat Tree,735,11296737280.0,74.34068309554691,9252,6144,805306368.0,10066329.6
Fat Tree,736,11296737280.0,74.3514915693904,9252,6144,805306368.0,10066329.6
Fat Tree,737,11296737280.0,74.3623000432339,9252,6144,805306368.0,10066329.6
Fat Tree,738,11296737280.0,74.37310851707738,9252,6144,805306368.0,10066329.6
Fat Tree,739,11296737280.0,74.38391699092088,9252,6144,805306368.0,10066329.6
Fat Tree,740,11296737280.0,74.39472546476438,9252,6144,805306368.0,10066329.6
Fat Tree,741,11296737280.0,74.40553393860787,9252,6144,805306368.0,10066329.6
Fat Tree,742,11296737280.0,74.41634241245137,9252,6144,805306368.0,10066329.6
Fat Tree,743,11296737280.0,74.42715088629485,9252,6144,805306368.0,10066329.6
Fat Tree,744,11296737280.0,74.43795936013835,9252,6144,805306368.0,10066329.6
Fat Tree,745,11296737280.0,74.44876783398185,9252,6144,805306368.0,10066329.6
Fat Tree,746,11296737280.0,74.45957630782533,9252,6144,805306368.0,10066329.6
Fat Tree,747,11296737280.0,74.47038478166883,9252,6144,805306368.0,10066329.6
Fat Tree,748,11296737280.0,74.48119325551232,9252,6144,805306368.0,10066329.6
Fat Tree,749,11296737280.0,74.49200172935582,9252,6144,805306368.0,10066329.6
Fat Tree,750,11296737280.0,74.50281020319932,9252,6144,805306368.0,10066329.6
Fat Tree,751,11296737280.0,74.5136186770428,9252,6144,805306368.0,10066329.6
Fat Tree,752,11296737280.0,74.5244271508863,9252,6144,805306368.0,10066329.6
Fat Tree,753,11296737280.0,74.5352356247298,9252,6144,805306368.0,10066329.6
Fat Tree,754,11296737280.0,74.54604409857328,9252,6144,805306368.0,10066329.6
Fat Tree,755,11296737280.0,74.55685257241677,9252,6144,805306368.0,10066329.6
Fat Tree,756,11296737280.0,74.56766104626027,9252,6144,805306368.0,10066329.6
Fat Tree,757,11296737280.0,74.57846952010377,9252,6144,805306368.0,10066329.6
Fat Tree,758,11296737280.0,74.58927799394726,9252,6144,805306368.0,10066329.6
Fat Tree,759,11296737280.0,74.60008646779075,9252,6144,805306368.0,10066329.6
Fat Tree,760,11296737280.0,74.61089494163424,9252,6144,805306368.0,10066329.6
Fat Tree,761,11296737280.0,74.62170341547774,9252,6144,805306368.0,10066329.6
Fat Tree,762,11296737280.0,74.63251188932122,9252,6144,805306368.0,10066329.6
Fat Tree,763,11296737280.0,74.64332036316472,9252,6144,805306368.0,10066329.6
Fat Tree,764,11296737280.0,74.65412883700822,9252,6144,805306368.0,10066329.6
Fat Tree,765,11296737280.0,74.66493731085171,9252,6144,805306368.0,10066329.6
Fat Tree,766,11296737280.0,74.67574578469521,9252,6144,805306368.0,10066329.6
Fat Tree,767,11296737280.0,74.68655425853869,9252,6144,805306368.0,10066329.6
Fat Tree,768,11296737280.0,74.69736273238219,9252,6144,805306368.0,10066329.6
Fat Tree,769,11296737280.0,74.70817120622569,9252,6144,805306368.0,10066329.6
Fat Tree,770,11296737280.0,74.71897968006917,9252,6144,805306368.0,10066329.6
Fat Tree,771,11296737280.0,74.72978815391266,9252,6144,805306368.0,10066329.6
Fat Tree,772,11296737280.0,74.74059662775616,9252,6144,805306368.0,10066329.6
Fat Tree,773,11296737280.0,74.75140510159966,9252,6144,805306368.0,10066329.6
Fat Tree,774,11296737280.0,74.76221357544316,9252,6144,805306368.0,10066329.6
Fat Tree,775,11296737280.0,74.77302204928664,9252,6144,805306368.0,10066329.6
Fat Tree,776,11296737280.0,74.78383052313013,9252,6144,805306368.0,10066329.6
Fat Tree,777,11296737280.0,74.79463899697363,9252,6144,805306368.0,10066329.6
Fat Tree,778,11296737280.0,74.80544747081711,9252,6144,805306368.0,10066329.6
Fat Tree,779,11296737280.0,74.81625594466061,9252,6144,805306368.0,10066329.6
Fat Tree,780,11296737280.0,74.82706441850411,9252,6144,805306368.0,10066329.6
Fat Tree,781,11296737280.0,74.8378728923476,9252,6144,805306368.0,10066329.6
Fat Tree,782,11296737280.0,74.8486813661911,9252,6144,805306368.0,10066329.6
Fat Tree,783,11296737280.0,74.85948984003458,9252,6144,805306368.0,10066329.6
Fat Tree,784,11296737280.0,74.87029831387808,9252,6144,805306368.0,10066329.6
Fat Tree,785,11296737280.0,74.88110678772158,9252,6144,805306368.0,10066329.6
Fat Tree,786,11296737280.0,74.89191526156506,9252,6144,805306368.0,10066329.6
Fat Tree,787,11296737280.0,74.90272373540856,9252,6144,805306368.0,10066329.6
Fat Tree,788,11296737280.0,74.91353220925205,9252,6144,805306368.0,10066329.6
Fat Tree,789,11296737280.0,74.92434068309555,9252,6144,805306368.0,10066329.6
Fat Tree,790,11296737280.0,74.93514915693905,9252,6144,805306368.0,10066329.6
Fat Tree,791,11296737280.0,74.94595763078253,9252,6144,805306368.0,10066329.6
Fat Tree,792,11296737280.0,74.95676610462603,9252,6144,805306368.0,10066329.6
Fat Tree,793,11296737280.0,74.96757457846952,9252,6144,805306368.0,10066329.6
Fat Tree,794,11296737280.0,74.978383052313,9252,6144,805306368.0,10066329.6
Fat Tree,795,11296737280.0,74.9891915261565,9252,6144,805306368.0,10066329.6
Fat Tree,796,11296737280.0,75.0,9252,6144,805306368.0,10066329.6
Fat Tree,797,11296737280.0,75.0108084738435,9252,6144,805306368.0,10066329.6
Fat Tree,798,11296737280.0,75.021616947687,9252,6144,805306368.0,10066329.6
Fat Tree,799,11296737280.0,75.03242542153048,9252,6144,805306368.0,10066329.6
Fat Tree,800,11296737280.0,75.04323389537397,9252,6144,805306368.0,10066329.6
Fat Tree,801,11296737280.0,75.05404236921747,9252,6144,805306368.0,10066329.6
Fat Tree,802,11296737280.0,75.06485084306095,9252,6144,805306368.0,10066329.6
Fat Tree,803,11296737280.0,75.07565931690445,9252,6144,805306368.0,10066329.6
Fat Tree,804,11296737280.0,75.08646779074795,9252,6144,805306368.0,10066329.6
Fat Tree,805,11296737280.0,75.09727626459144,9252,6144,805306368.0,10066329.6
Fat Tree,806,11296737280.0,75.10808473843494,9252,6144,805306368.0,10066329.6
Fat Tree,807,11296737280.0,75.11889321227842,9252,6144,805306368.0,10066329.6
Fat Tree,808,11296737280.0,75.12970168612192,9252,6144,805306368.0,10066329.6
Fat Tree,809,11296737280.0,75.14051015996542,9252,6144,805306368.0,10066329.6
Fat Tree,810,11296737280.0,75.1513186338089,9252,6144,805306368.0,10066329.6
Fat Tree,811,11296737280.0,75.1621271076524,9252,6144,805306368.0,10066329.6
Fat Tree,812,11296737280.0,75.17293558149589,9252,6144,805306368.0,10066329.6
Fat Tree,813,11296737280.0,75.18374405533939,9252,6144,805306368.0,10066329.6
Fat Tree,814,11296737280.0,75.19455252918289,9252,6144,805306368.0,10066329.6
Fat Tree,815,11296737280.0,75.20536100302637,9252,6144,805306368.0,10066329.6
Fat Tree,816,11296737280.0,75.21616947686987,9252,6144,805306368.0,10066329.6
Fat Tree,817,11296737280.0,75.22697795071336,9252,6144,805306368.0,10066329.6
Fat Tree,818,11296737280.0,75.23778642455684,9252,6144,805306368.0,10066329.6
Fat Tree,819,11296737280.0,75.24859489840034,9252,6144,805306368.0,10066329.6
Fat Tree,820,11296737280.0,75.25940337224384,9252,6144,805306368.0,10066329.6
Fat Tree,821,11296737280.0,75.27021184608734,9252,6144,805306368.0,10066329.6
Fat Tree,822,11296737280.0,75.28102031993083,9252,6144,805306368.0,10066329.6
Fat Tree,823,11296737280.0,75.29182879377431,9252,6144,805306368.0,10066329.6
Fat Tree,824,11296737280.0,75.30263726761781,9252,6144,805306368.0,10066329.6
Fat Tree,825,11296737280.0,75.31344574146131,9252,6144,805306368.0,10066329.6
Fat Tree,826,11296737280.0,75.32425421530479,9252,6144,805306368.0,10066329.6
Fat Tree,827,11296737280.0,75.33506268914829,9252,6144,805306368.0,10066329.6
Fat Tree,828,11296737280.0,75.34587116299178,9252,6144,805306368.0,10066329.6
Fat Tree,829,11296737280.0,75.35667963683528,9252,6144,805306368.0,10066329.6
Fat Tree,830,11296737280.0,75.36748811067878,9252,6144,805306368.0,10066329.6
Fat Tree,831,11296737280.0,75.37829658452226,9252,6144,805306368.0,10066329.6
Fat Tree,832,11296737280.0,75.38910505836576,9252,6144,805306368.0,10066329.6
Fat Tree,833,11296737280.0,75.39991353220925,9252,6144,805306368.0,10066329.6
Fat Tree,834,11296737280.0,75.41072200605274,9252,6144,805306368.0,10066329.6
Fat Tree,835,11296737280.0,75.42153047989623,9252,6144,805306368.0,10066329.6
Fat Tree,836,11296737280.0,75.43233895373973,9252,6144,805306368.0,10066329.6
Fat Tree,837,11296737280.0,75.44314742758323,9252,6144,805306368.0,10066329.6
Fat Tree,838,11296737280.0,75.45395590142672,9252,6144,805306368.0,10066329.6
Fat Tree,839,11296737280.0,75.4647643752702,9252,6144,805306368.0,10066329.6
Fat Tree,840,11296737280.0,75.4755728491137,9252,6144,805306368.0,10066329.6
Fat Tree,841,11296737280.0,75.4863813229572,9252,6144,805306368.0,10066329.6
Fat Tree,842,11296737280.0,75.49718979680068,9252,6144,805306368.0,10066329.6
Fat Tree,843,11296737280.0,75.50799827064418,9252,6144,805306368.0,10066329.6
Fat Tree,844,11296737280.0,75.51880674448768,9252,6144,805306368.0,10066329.6
Fat Tree,845,11296737280.0,75.52961521833117,9252,6144,805306368.0,10066329.6
Fat Tree,846,11296737280.0,75.54042369217467,9252,6144,805306368.0,10066329.6
Fat Tree,847,11296737280.0,75.55123216601815,9252,6144,805306368.0,10066329.6
Fat Tree,848,11296737280.0,75.56204063986165,9252,6144,805306368.0,10066329.6
Fat Tree,849,11296737280.0,75.57284911370515,9252,6144,805306368.0,10066329.6
Fat Tree,850,11296737280.0,75.58365758754863,9252,6144,805306368.0,10066329.6
Fat Tree,851,11296737280.0,75.59446606139213,9252,6144,805306368.0,10066329.6
Fat Tree,852,11296737280.0,75.60527453523562,9252,6144,805306368.0,10066329.6
Fat Tree,853,11296737280.0,75.61608300907912,9252,6144,805306368.0,10066329.6
Fat Tree,854,11296737280.0,75.62689148292262,9252,6144,805306368.0,10066329.6
Fat Tree,855,11296737280.0,75.6376999567661,9252,6144,805306368.0,10066329.6
Fat Tree,856,11296737280.0,75.6485084306096,9252,6144,805306368.0,10066329.6
Fat Tree,857,11296737280.0,75.65931690445309,9252,6144,805306368.0,10066329.6
Fat Tree,858,11296737280.0,75.67012537829658,9252,6144,805306368.0,10066329.6
Fat Tree,859,11296737280.0,75.68093385214007,9252,6144,805306368.0,10066329.6
Fat Tree,860,11296737280.0,75.69174232598357,9252,6144,805306368.0,10066329.6
Fat Tree,861,11296737280.0,75.70255079982707,9252,6144,805306368.0,10066329.6
Fat Tree,862,11296737280.0,75.71335927367056,9252,6144,805306368.0,10066329.6
Fat Tree,863,11296737280.0,75.72416774751404,9252,6144,805306368.0,10066329.6
Fat Tree,864,11296737280.0,75.73497622135754,9252,6144,805306368.0,10066329.6
Fat Tree,865,11296737280.0,75.74578469520104,9252,6144,805306368.0,10066329.6
Fat Tree,866,11296737280.0,75.75659316904452,9252,6144,805306368.0,10066329.6
Fat Tree,867,11296737280.0,75.76740164288802,9252,6144,805306368.0,10066329.6
Fat Tree,868,11296737280.0,75.77821011673151,9252,6144,805306368.0,10066329.6
Fat Tree,869,11296737280.0,75.78901859057501,9252,6144,805306368.0,10066329.6
Fat Tree,870,11296737280.0,75.79982706441851,9252,6144,805306368.0,10066329.6
Fat Tree,871,11296737280.0,75.81063553826199,9252,6144,805306368.0,10066329.6
Fat Tree,872,11296737280.0,75.82144401210549,9252,6144,805306368.0,10066329.6
Fat Tree,873,11296737280.0,75.83225248594898,9252,6144,805306368.0,10066329.6
Fat Tree,874,11296737280.0,75.84306095979247,9252,6144,805306368.0,10066329.6
Fat Tree,875,11296737280.0,75.85386943363596,9252,6144,805306368.0,10066329.6
Fat Tree,876,11296737280.0,75.86467790747946,9252,6144,805306368.0,10066329.6
Fat Tree,877,11296737280.0,75.87548638132296,9252,6144,805306368.0,10066329.6
Fat Tree,878,11296737280.0,75.88629485516645,9252,6144,805306368.0,10066329.6
Fat Tree,879,11296737280.0,75.89710332900994,9252,6144,805306368.0,10066329.6
Fat Tree,880,11296737280.0,75.90791180285343,9252,6144,805306368.0,10066329.6
Fat Tree,881,11296737280.0,75.91872027669693,9252,6144,805306368.0,10066329.6
Fat Tree,882,11296737280.0,75.92952875054041,9252,6144,805306368.0,10066329.6
Fat Tree,883,11296737280.0,75.94033722438391,9252,6144,805306368.0,10066329.6
Fat Tree,884,11296737280.0,75.9511456982274,9252,6144,805306368.0,10066329.6
Fat Tree,885,11296737280.0,75.9619541720709,9252,6144,805306368.0,10066329.6
Fat Tree,886,11296737280.0,75.9727626459144,9252,6144,805306368.0,10066329.6
Fat Tree,887,11296737280.0,75.98357111975788,9252,6144,805306368.0,10066329.6
Fat Tree,888,11296737280.0,75.99437959360138,9252,6144,805306368.0,10066329.6
Fat Tree,889,11296737280.0,76.00518806744488,9252,6144,805306368.0,10066329.6
Fat Tree,890,11296737280.0,76.01599654128836,9252,6144,805306368.0,10066329.6
Fat Tree,891,11296737280.0,76.02680501513186,9252,6144,805306368.0,10066329.6
Fat Tree,892,11296737280.0,76.03761348897535,9252,6144,805306368.0,10066329.6
Fat Tree,893,11296737280.0,76.04842196281885,9252,6144,805306368.0,10066329.6
Fat Tree,894,11296737280.0,76.05923043666235,9252,6144,805306368.0,10066329.6
Fat Tree,895,11296737280.0,76.07003891050583,9252,6144,805306368.0,10066329.6
Fat Tree,896,11296737280.0,76.08084738434933,9252,6144,805306368.0,10066329.6
Fat Tree,897,11296737280.0,76.09165585819282,9252,6144,805306368.0,10066329.6
Fat Tree,898,11296737280.0,76.1024643320363,9252,6144,805306368.0,10066329.6
Fat Tree,899,11296737280.0,76.1132728058798,9252,6144,805306368.0,10066329.6
Fat Tree,900,11296737280.0,76.1240812797233,9252,6144,805306368.0,10066329.6
Fat Tree,901,11296737280.0,76.1348897535668,9252,6144,805306368.0,10066329.6
Fat Tree,902,11296737280.0,76.14569822741029,9252,6144,805306368.0,10066329.6
Fat Tree,903,11296737280.0,76.15650670125378,9252,6144,805306368.0,10066329.6
Fat Tree,904,11296737280.0,76.16731517509727,9252,6144,805306368.0,10066329.6
Fat Tree,905,11296737280.0,76.17812364894077,9252,6144,805306368.0,10066329.6
Fat Tree,906,11296737280.0,76.18893212278425,9252,6144,805306368.0,10066329.6
Fat Tree,907,11296737280.0,76.19974059662775,9252,6144,805306368.0,10066329.6
Fat Tree,908,11296737280.0,76.21054907047125,9252,6144,805306368.0,10066329.6
Fat Tree,909,11296737280.0,76.22135754431474,9252,6144,805306368.0,10066329.6
Fat Tree,910,11296737280.0,76.23216601815824,9252,6144,805306368.0,10066329.6
Fat Tree,911,11296737280.0,76.24297449200172,9252,6144,805306368.0,10066329.6
Fat Tree,912,11296737280.0,76.25378296584522,9252,6144,805306368.0,10066329.6
Fat Tree,913,11296737280.0,76.26459143968872,9252,6144,805306368.0,10066329.6
Fat Tree,914,11296737280.0,76.2753999135322,9252,6144,805306368.0,10066329.6
Fat Tree,915,11296737280.0,76.2862083873757,9252,6144,805306368.0,10066329.6
Fat Tree,916,11296737280.0,76.29701686121919,9252,6144,805306368.0,10066329.6
Fat Tree,917,11296737280.0,76.30782533506269,9252,6144,805306368.0,10066329.6
Fat Tree,918,11296737280.0,76.31863380890618,9252,6144,805306368.0,10066329.6
Fat Tree,919,11296737280.0,76.32944228274967,9252,6144,805306368.0,10066329.6
Fat Tree,920,11296737280.0,76.34025075659316,9252,6144,805306368.0,10066329.6
Fat Tree,921,11296737280.0,76.35105923043666,9252,6144,805306368.0,10066329.6
Fat Tree,922,11296737280.0,76.36186770428014,9252,6144,805306368.0,10066329.6
Fat Tree,923,11296737280.0,76.37267617812364,9252,6144,805306368.0,10066329.6
Fat Tree,924,11296737280.0,76.38348465196714,9252,6144,805306368.0,10066329.6
Fat Tree,925,11296737280.0,76.39429312581063,9252,6144,805306368.0,10066329.6
Fat Tree,926,11296737280.0,76.40510159965413,9252,6144,805306368.0,10066329.6
Fat Tree,927,11296737280.0,76.41591007349761,9252,6144,805306368.0,10066329.6
Fat Tree,928,11296737280.0,76.42671854734111,9252,6144,805306368.0,10066329.6
Fat Tree,929,11296737280.0,76.43752702118461,9252,6144,805306368.0,10066329.6
Fat Tree,930,11296737280.0,76.44833549502809,9252,6144,805306368.0,10066329.6
Fat Tree,931,11296737280.0,76.45914396887159,9252,6144,805306368.0,10066329.6
Fat Tree,932,11296737280.0,76.46995244271508,9252,6144,805306368.0,10066329.6
Fat Tree,933,11296737280.0,76.48076091655858,9252,6144,805306368.0,10066329.6
Fat Tree,934,11296737280.0,76.49156939040208,9252,6144,805306368.0,10066329.6
Fat Tree,935,11296737280.0,76.50237786424556,9252,6144,805306368.0,10066329.6
Fat Tree,936,11296737280.0,76.51318633808906,9252,6144,805306368.0,10066329.6
Fat Tree,937,11296737280.0,76.52399481193255,9252,6144,805306368.0,10066329.6
Fat Tree,938,11296737280.0,76.53480328577604,9252,6144,805306368.0,10066329.6
Fat Tree,939,11296737280.0,76.54561175961953,9252,6144,805306368.0,10066329.6
Fat Tree,940,11296737280.0,76.55642023346303,9252,6144,805306368.0,10066329.6
Fat Tree,941,11296737280.0,76.56722870730654,9252,6144,805306368.0,10066329.6
Fat Tree,942,11296737280.0,76.57803718115002,9252,6144,805306368.0,10066329.6
Fat Tree,943,11296737280.0,76.58884565499352,9252,6144,805306368.0,10066329.6
Fat Tree,944,11296737280.0,76.59965412883702,9252,6144,805306368.0,10066329.6
Fat Tree,945,11296737280.0,76.61046260268051,9252,6144,805306368.0,10066329.6
Fat Tree,946,11296737280.0,76.621271076524,9252,6144,805306368.0,10066329.6
Fat Tree,947,11296737280.0,76.6320795503675,9252,6144,805306368.0,10066329.6
Fat Tree,948,11296737280.0,76.64288802421099,9252,6144,805306368.0,10066329.6
Fat Tree,949,11296737280.0,76.65369649805449,9252,6144,805306368.0,10066329.6
Fat Tree,950,11296737280.0,76.66450497189797,9252,6144,805306368.0,10066329.6
Fat Tree,951,11296737280.0,76.67531344574147,9252,6144,805306368.0,10066329.6
Fat Tree,952,11296737280.0,76.68612191958496,9252,6144,805306368.0,10066329.6
Fat Tree,953,11296737280.0,76.69693039342846,9252,6144,805306368.0,10066329.6
Fat Tree,954,11296737280.0,76.70773886727194,9252,6144,805306368.0,10066329.6
Fat Tree,955,11296737280.0,76.71854734111544,9252,6144,805306368.0,10066329.6
Fat Tree,956,11296737280.0,76.72935581495894,9252,6144,805306368.0,10066329.6
Fat Tree,957,11296737280.0,76.74016428880243,9252,6144,805306368.0,10066329.6
Fat Tree,958,11296737280.0,76.75097276264592,9252,6144,805306368.0,10066329.6
Fat Tree,959,11296737280.0,76.76178123648941,9252,6144,805306368.0,10066329.6
Fat Tree,960,11296737280.0,76.77258971033291,9252,6144,805306368.0,10066329.6
Fat Tree,961,11296737280.0,76.7833981841764,9252,6144,805306368.0,10066329.6
Fat Tree,962,11296737280.0,76.79420665801989,9252,6144,805306368.0,10066329.6
Fat Tree,963,11296737280.0,76.80501513186339,9252,6144,805306368.0,10066329.6
Fat Tree,964,11296737280.0,76.81582360570688,9252,6144,805306368.0,10066329.6
Fat Tree,965,11296737280.0,76.82663207955038,9252,6144,805306368.0,10066329.6
Fat Tree,966,11296737280.0,76.83744055339386,9252,6144,805306368.0,10066329.6
Fat Tree,967,11296737280.0,76.84824902723736,9252,6144,805306368.0,10066329.6
Fat Tree,968,11296737280.0,76.85905750108085,9252,6144,805306368.0,10066329.6
Fat Tree,969,11296737280.0,76.86986597492435,9252,6144,805306368.0,10066329.6
Fat Tree,970,11296737280.0,76.88067444876783,9252,6144,805306368.0,10066329.6
Fat Tree,971,11296737280.0,76.89148292261133,9252,6144,805306368.0,10066329.6
Fat Tree,972,11296737280.0,76.90229139645483,9252,6144,805306368.0,10066329.6
Fat Tree,973,11296737280.0,76.91309987029832,9252,6144,805306368.0,10066329.6
Fat Tree,974,11296737280.0,76.92390834414181,9252,6144,805306368.0,10066329.6
Fat Tree,975,11296737280.0,76.9347168179853,9252,6144,805306368.0,10066329.6
Fat Tree,976,11296737280.0,76.9455252918288,9252,6144,805306368.0,10066329.6
Fat Tree,977,11296737280.0,76.9563337656723,9252,6144,805306368.0,10066329.6
Fat Tree,978,11296737280.0,76.96714223951578,9252,6144,805306368.0,10066329.6
Fat Tree,979,11296737280.0,76.97795071335928,9252,6144,805306368.0,10066329.6
Fat Tree,980,11296737280.0,76.98875918720277,9252,6144,805306368.0,10066329.6
Fat Tree,981,11296737280.0,76.99956766104627,9252,6144,805306368.0,10066329.6
Fat Tree,982,11296737280.0,77.01037613488975,9252,6144,805306368.0,10066329.6
Fat Tree,983,11296737280.0,77.02118460873325,9252,6144,805306368.0,10066329.6
Fat Tree,984,11296737280.0,77.03199308257675,9252,6144,805306368.0,10066329.6
Fat Tree,985,11296737280.0,77.04280155642024,9252,6144,805306368.0,10066329.6
Fat Tree,986,11296737280.0,77.05361003026373,9252,6144,805306368.0,10066329.6
Fat Tree,987,11296737280.0,77.06441850410722,9252,6144,805306368.0,10066329.6
Fat Tree,988,11296737280.0,77.07522697795072,9252,6144,805306368.0,10066329.6
Fat Tree,989,11296737280.0,77.08603545179422,9252,6144,805306368.0,10066329.6
Fat Tree,990,11296737280.0,77.0968439256377,9252,6144,805306368.0,10066329.6
Fat Tree,991,11296737280.0,77.1076523994812,9252,6144,805306368.0,10066329.6
Fat Tree,992,11296737280.0,77.1184608733247,9252,6144,805306368.0,10066329.6
Fat Tree,993,11296737280.0,77.12926934716819,9252,6144,805306368.0,10066329.6
Fat Tree,994,11296737280.0,77.14007782101167,9252,6144,805306368.0,10066329.6
Fat Tree,995,11296737280.0,77.15088629485517,9252,6144,805306368.0,10066329.6
Fat Tree,996,11296737280.0,77.16169476869867,9252,6144,805306368.0,10066329.6
Fat Tree,997,11296737280.0,77.17250324254216,9252,6144,805306368.0,10066329.6
Fat Tree,998,11296737280.0,77.18331171638565,9252,6144,805306368.0,10066329.6
Fat Tree,999,11296737280.0,77.19412019022914,9252,6144,805306368.0,10066329.6
Fat Tree,1000,11296737280.0,77.20492866407264,9252,6144,805306368.0,10066329.6
Fat Tree,1001,11296737280.0,77.21573713791614,9252,6144,805306368.0,10066329.6
Fat Tree,1002,11296737280.0,77.22654561175962,9252,6144,805306368.0,10066329.6
Fat Tree,1003,11296737280.0,77.23735408560312,9252,6144,805306368.0,10066329.6
Fat Tree,1004,11296737280.0,77.24816255944661,9252,6144,805306368.0,10066329.6
Fat Tree,1005,11296737280.0,77.25897103329011,9252,6144,805306368.0,10066329.6
Fat Tree,1006,11296737280.0,77.26977950713359,9252,6144,805306368.0,10066329.6
Fat Tree,1007,11296737280.0,77.28058798097709,9252,6144,805306368.0,10066329.6
Fat Tree,1008,11296737280.0,77.29139645482059,9252,6144,805306368.0,10066329.6
Fat Tree,1009,11296737280.0,77.30220492866408,9252,6144,805306368.0,10066329.6
Fat Tree,1010,11296737280.0,77.31301340250756,9252,6144,805306368.0,10066329.6
Fat Tree,1011,11296737280.0,77.32382187635106,9252,6144,805306368.0,10066329.6
Fat Tree,1012,11296737280.0,77.33463035019456,9252,6144,805306368.0,10066329.6
Fat Tree,1013,11296737280.0,77.34543882403806,9252,6144,805306368.0,10066329.6
Fat Tree,1014,11296737280.0,77.35624729788154,9252,6144,805306368.0,10066329.6
Fat Tree,1015,11296737280.0,77.36705577172503,9252,6144,805306368.0,10066329.6
Fat Tree,1016,11296737280.0,77.37786424556853,9252,6144,805306368.0,10066329.6
Fat Tree,1017,11296737280.0,77.38867271941203,9252,6144,805306368.0,10066329.6
Fat Tree,1018,11296737280.0,77.39948119325551,9252,6144,805306368.0,10066329.6
Fat Tree,1019,11296737280.0,77.41028966709901,9252,6144,805306368.0,10066329.6
Fat Tree,1020,11296737280.0,77.4210981409425,9252,6144,805306368.0,10066329.6
Fat Tree,1021,11296737280.0,77.431906614786,9252,6144,805306368.0,10066329.6
Fat Tree,1022,11296737280.0,77.44271508862948,9252,6144,805306368.0,10066329.6
Fat Tree,1023,11296737280.0,77.45352356247298,9252,6144,805306368.0,10066329.6
Fat Tree,1024,11296737280.0,77.46433203631648,9252,6144,805306368.0,10066329.6
Fat Tree,1025,11296737280.0,77.47514051015997,9252,6144,805306368.0,10066329.6
Fat Tree,1026,11296737280.0,77.48594898400346,9252,6144,805306368.0,10066329.6
Fat Tree,1027,11296737280.0,77.49675745784695,9252,6144,805306368.0,10066329.6
Fat Tree,1028,11296737280.0,77.50756593169045,9252,6144,805306368.0,10066329.6
Fat Tree,1029,11296737280.0,77.51837440553395,9252,6144,805306368.0,10066329.6
Fat Tree,1030,11296737280.0,77.52918287937743,9252,6144,805306368.0,10066329.6
Fat Tree,1031,11296737280.0,77.53999135322093,9252,6144,805306368.0,10066329.6
Fat Tree,1032,11296737280.0,77.55079982706442,9252,6144,805306368.0,10066329.6
Fat Tree,1033,11296737280.0,77.56160830090792,9252,6144,805306368.0,10066329.6
Fat Tree,1034,11296737280.0,77.5724167747514,9252,6144,805306368.0,10066329.6
Fat Tree,1035,11296737280.0,77.5832252485949,9252,6144,805306368.0,10066329.6
Fat Tree,1036,11296737280.0,77.5940337224384,9252,6144,805306368.0,10066329.6
Fat Tree,1037,11296737280.0,77.6048421962819,9252,6144,805306368.0,10066329.6
Fat Tree,1038,11296737280.0,77.61565067012538,9252,6144,805306368.0,10066329.6
Fat Tree,1039,11296737280.0,77.62645914396887,9252,6144,805306368.0,10066329.6
Fat Tree,1040,11296737280.0,77.63726761781237,9252,6144,805306368.0,10066329.6
Fat Tree,1041,11296737280.0,77.64807609165587,9252,6144,805306368.0,10066329.6
Fat Tree,1042,11296737280.0,77.65888456549935,9252,6144,805306368.0,10066329.6
Fat Tree,1043,11296737280.0,77.66969303934285,9252,6144,805306368.0,10066329.6
Fat Tree,1044,11296737280.0,77.68050151318634,9252,6144,805306368.0,10066329.6
Fat Tree,1045,11296737280.0,77.69130998702984,9252,6144,805306368.0,10066329.6
Fat Tree,1046,11296737280.0,77.70211846087332,9252,6144,805306368.0,10066329.6
Fat Tree,1047,11296737280.0,77.71292693471682,9252,6144,805306368.0,10066329.6
Fat Tree,1048,11296737280.0,77.72373540856032,9252,6144,805306368.0,10066329.6
Fat Tree,1049,11296737280.0,77.73454388240381,9252,6144,805306368.0,10066329.6
Fat Tree,1050,11296737280.0,77.7453523562473,9252,6144,805306368.0,10066329.6
Fat Tree,1051,11296737280.0,77.75616083009079,9252,6144,805306368.0,10066329.6
Fat Tree,1052,11296737280.0,77.76696930393429,9252,6144,805306368.0,10066329.6
Fat Tree,1053,11296737280.0,77.77777777777779,9252,6144,805306368.0,10066329.6
Fat Tree,1054,11296737280.0,77.78858625162127,9252,6144,805306368.0,10066329.6
Fat Tree,1055,11296737280.0,77.79939472546477,9252,6144,805306368.0,10066329.6
Fat Tree,1056,11296737280.0,77.81020319930826,9252,6144,805306368.0,10066329.6
Fat Tree,1057,11296737280.0,77.82101167315176,9252,6144,805306368.0,10066329.6
Fat Tree,1058,11296737280.0,77.83182014699524,9252,6144,805306368.0,10066329.6
Fat Tree,1059,11296737280.0,77.84262862083874,9252,6144,805306368.0,10066329.6
Fat Tree,1060,11296737280.0,77.85343709468223,9252,6144,805306368.0,10066329.6
Fat Tree,1061,11296737280.0,77.86424556852573,9252,6144,805306368.0,10066329.6
Fat Tree,1062,11296737280.0,77.87505404236921,9252,6144,805306368.0,10066329.6
Fat Tree,1063,11296737280.0,77.88586251621271,9252,6144,805306368.0,10066329.6
Fat Tree,1064,11296737280.0,77.89667099005621,9252,6144,805306368.0,10066329.6
Fat Tree,1065,11296737280.0,77.9074794638997,9252,6144,805306368.0,10066329.6
Fat Tree,1066,11296737280.0,77.91828793774319,9252,6144,805306368.0,10066329.6
Fat Tree,1067,11296737280.0,77.92909641158668,9252,6144,805306368.0,10066329.6
Fat Tree,1068,11296737280.0,77.93990488543018,9252,6144,805306368.0,10066329.6
Fat Tree,1069,11296737280.0,77.95071335927368,9252,6144,805306368.0,10066329.6
Fat Tree,1070,11296737280.0,77.96152183311716,9252,6144,805306368.0,10066329.6
Fat Tree,1071,11296737280.0,77.97233030696066,9252,6144,805306368.0,10066329.6
Fat Tree,1072,11296737280.0,77.98313878080415,9252,6144,805306368.0,10066329.6
Fat Tree,1073,11296737280.0,77.99394725464765,9252,6144,805306368.0,10066329.6
Fat Tree,1074,11296737280.0,78.00475572849113,9252,6144,805306368.0,10066329.6
Fat Tree,1075,11296737280.0,78.01556420233463,9252,6144,805306368.0,10066329.6
Fat Tree,1076,11296737280.0,78.02637267617813,9252,6144,805306368.0,10066329.6
Fat Tree,1077,11296737280.0,78.03718115002162,9252,6144,805306368.0,10066329.6
Fat Tree,1078,11296737280.0,78.0479896238651,9252,6144,805306368.0,10066329.6
Fat Tree,1079,11296737280.0,78.0587980977086,9252,6144,805306368.0,10066329.6
Fat Tree,1080,11296737280.0,78.0696065715521,9252,6144,805306368.0,10066329.6
Fat Tree,1081,11296737280.0,78.0804150453956,9252,6144,805306368.0,10066329.6
Fat Tree,1082,11296737280.0,78.09122351923908,9252,6144,805306368.0,10066329.6
Fat Tree,1083,11296737280.0,78.10203199308258,9252,6144,805306368.0,10066329.6
Fat Tree,1084,11296737280.0,78.11284046692607,9252,6144,805306368.0,10066329.6
Fat Tree,1085,11296737280.0,78.12364894076957,9252,6144,805306368.0,10066329.6
Fat Tree,1086,11296737280.0,78.13445741461305,9252,6144,805306368.0,10066329.6
Fat Tree,1087,11296737280.0,78.14526588845655,9252,6144,805306368.0,10066329.6
Fat Tree,1088,11296737280.0,78.15607436230005,9252,6144,805306368.0,10066329.6
Fat Tree,1089,11296737280.0,78.16688283614354,9252,6144,805306368.0,10066329.6
Fat Tree,1090,11296737280.0,78.17769130998703,9252,6144,805306368.0,10066329.6
Fat Tree,1091,11296737280.0,78.18849978383052,9252,6144,805306368.0,10066329.6
Fat Tree,1092,11296737280.0,78.19930825767402,9252,6144,805306368.0,10066329.6
Fat Tree,1093,11296737280.0,78.21011673151752,9252,6144,805306368.0,10066329.6
Fat Tree,1094,11296737280.0,78.220925205361,9252,6144,805306368.0,10066329.6
Fat Tree,1095,11296737280.0,78.2317336792045,9252,6144,805306368.0,10066329.6
Fat Tree,1096,11296737280.0,78.24254215304799,9252,6144,805306368.0,10066329.6
Fat Tree,1097,11296737280.0,78.25335062689149,9252,6144,805306368.0,10066329.6
Fat Tree,1098,11296737280.0,78.26415910073497,9252,6144,805306368.0,10066329.6
Fat Tree,1099,11296737280.0,78.27496757457847,9252,6144,805306368.0,10066329.6
Fat Tree,1100,11296737280.0,78.28577604842197,9252,6144,805306368.0,10066329.6
Fat Tree,1101,11296737280.0,78.29658452226546,9252,6144,805306368.0,10066329.6
Fat Tree,1102,11296737280.0,78.30739299610894,9252,6144,805306368.0,10066329.6
Fat Tree,1103,11296737280.0,78.31820146995244,9252,6144,805306368.0,10066329.6
Fat Tree,1104,11296737280.0,78.32900994379594,9252,6144,805306368.0,10066329.6
Fat Tree,1105,11296737280.0,78.33981841763944,9252,6144,805306368.0,10066329.6
Fat Tree,1106,11296737280.0,78.35062689148292,9252,6144,805306368.0,10066329.6
Fat Tree,1107,11296737280.0,78.36143536532641,9252,6144,805306368.0,10066329.6
Fat Tree,1108,11296737280.0,78.37224383916991,9252,6144,805306368.0,10066329.6
Fat Tree,1109,11296737280.0,78.38305231301341,9252,6144,805306368.0,10066329.6
Fat Tree,1110,11296737280.0,78.39386078685689,9252,6144,805306368.0,10066329.6
Fat Tree,1111,11296737280.0,78.40466926070039,9252,6144,805306368.0,10066329.6
Fat Tree,1112,11296737280.0,78.41547773454388,9252,6144,805306368.0,10066329.6
Fat Tree,1113,11296737280.0,78.42628620838738,9252,6144,805306368.0,10066329.6
Fat Tree,1114,11296737280.0,78.43709468223086,9252,6144,805306368.0,10066329.6
Fat Tree,1115,11296737280.0,78.44790315607436,9252,6144,805306368.0,10066329.6
Fat Tree,1116,11296737280.0,78.45871162991786,9252,6144,805306368.0,10066329.6
Fat Tree,1117,11296737280.0,78.46952010376135,9252,6144,805306368.0,10066329.6
Fat Tree,1118,11296737280.0,78.48032857760484,9252,6144,805306368.0,10066329.6
Fat Tree,1119,11296737280.0,78.49113705144833,9252,6144,805306368.0,10066329.6
Fat Tree,1120,11296737280.0,78.50194552529183,9252,6144,805306368.0,10066329.6
Fat Tree,1121,11296737280.0,78.51275399913533,9252,6144,805306368.0,10066329.6
Fat Tree,1122,11296737280.0,78.52356247297881,9252,6144,805306368.0,10066329.6
Fat Tree,1123,11296737280.0,78.5343709468223,9252,6144,805306368.0,10066329.6
Fat Tree,1124,11296737280.0,78.5451794206658,9252,6144,805306368.0,10066329.6
Fat Tree,1125,11296737280.0,78.5559878945093,9252,6144,805306368.0,10066329.6
Fat Tree,1126,11296737280.0,78.56679636835278,9252,6144,805306368.0,10066329.6
Fat Tree,1127,11296737280.0,78.57760484219628,9252,6144,805306368.0,10066329.6
Fat Tree,1128,11296737280.0,78.58841331603978,9252,6144,805306368.0,10066329.6
Fat Tree,1129,11296737280.0,78.59922178988327,9252,6144,805306368.0,10066329.6
Fat Tree,1130,11296737280.0,78.61003026372676,9252,6144,805306368.0,10066329.6
Fat Tree,1131,11296737280.0,78.62083873757025,9252,6144,805306368.0,10066329.6
Fat Tree,1132,11296737280.0,78.63164721141375,9252,6144,805306368.0,10066329.6
Fat Tree,1133,11296737280.0,78.64245568525725,9252,6144,805306368.0,10066329.6
Fat Tree,1134,11296737280.0,78.65326415910073,9252,6144,805306368.0,10066329.6
Fat Tree,1135,11296737280.0,78.66407263294423,9252,6144,805306368.0,10066329.6
Fat Tree,1136,11296737280.0,78.67488110678772,9252,6144,805306368.0,10066329.6
Fat Tree,1137,11296737280.0,78.68568958063122,9252,6144,805306368.0,10066329.6
Fat Tree,1138,11296737280.0,78.6964980544747,9252,6144,805306368.0,10066329.6
Fat Tree,1139,11296737280.0,78.7073065283182,9252,6144,805306368.0,10066329.6
Fat Tree,1140,11296737280.0,78.7181150021617,9252,6144,805306368.0,10066329.6
Fat Tree,1141,11296737280.0,78.72892347600519,9252,6144,805306368.0,10066329.6
Fat Tree,1142,11296737280.0,78.73973194984868,9252,6144,805306368.0,10066329.6
Fat Tree,1143,11296737280.0,78.75054042369217,9252,6144,805306368.0,10066329.6
Fat Tree,1144,11296737280.0,78.76134889753567,9252,6144,805306368.0,10066329.6
Fat Tree,1145,11296737280.0,78.77215737137917,9252,6144,805306368.0,10066329.6
Fat Tree,1146,11296737280.0,78.78296584522265,9252,6144,805306368.0,10066329.6
Fat Tree,1147,11296737280.0,78.79377431906615,9252,6144,805306368.0,10066329.6
Fat Tree,1148,11296737280.0,78.80458279290964,9252,6144,805306368.0,10066329.6
Fat Tree,1149,11296737280.0,78.81539126675314,9252,6144,805306368.0,10066329.6
Fat Tree,1150,11296737280.0,78.82619974059662,9252,6144,805306368.0,10066329.6
Fat Tree,1151,11296737280.0,78.83700821444012,9252,6144,805306368.0,10066329.6
Fat Tree,1152,11296737280.0,78.84781668828361,9252,6144,805306368.0,10066329.6
Fat Tree,1153,11296737280.0,78.85862516212711,9252,6144,805306368.0,10066329.6
Fat Tree,1154,11296737280.0,78.8694336359706,9252,6144,805306368.0,10066329.6
Fat Tree,1155,11296737280.0,78.88024210981409,9252,6144,805306368.0,10066329.6
Fat Tree,1156,11296737280.0,78.89105058365759,9252,6144,805306368.0,10066329.6
Fat Tree,1157,11296737280.0,78.90185905750108,9252,6144,805306368.0,10066329.6
Fat Tree,1158,11296737280.0,78.91266753134457,9252,6144,805306368.0,10066329.6
Fat Tree,1159,11296737280.0,78.92347600518806,9252,6144,805306368.0,10066329.6
Fat Tree,1160,11296737280.0,78.93428447903156,9252,6144,805306368.0,10066329.6
Fat Tree,1161,11296737280.0,78.94509295287506,9252,6144,805306368.0,10066329.6
Fat Tree,1162,11296737280.0,78.95590142671854,9252,6144,805306368.0,10066329.6
Fat Tree,1163,11296737280.0,78.96670990056204,9252,6144,805306368.0,10066329.6
Fat Tree,1164,11296737280.0,78.97751837440553,9252,6144,805306368.0,10066329.6
Fat Tree,1165,11296737280.0,78.98832684824903,9252,6144,805306368.0,10066329.6
Fat Tree,1166,11296737280.0,78.99913532209251,9252,6144,805306368.0,10066329.6
Fat Tree,1167,11296737280.0,79.00994379593601,9252,6144,805306368.0,10066329.6
Fat Tree,1168,11296737280.0,79.0207522697795,9252,6144,805306368.0,10066329.6
Fat Tree,1169,11296737280.0,79.031560743623,9252,6144,805306368.0,10066329.6
Fat Tree,1170,11296737280.0,79.04236921746649,9252,6144,805306368.0,10066329.6
Fat Tree,1171,11296737280.0,79.05317769130998,9252,6144,805306368.0,10066329.6
Fat Tree,1172,11296737280.0,79.06398616515348,9252,6144,805306368.0,10066329.6
Fat Tree,1173,11296737280.0,79.07479463899698,9252,6144,805306368.0,10066329.6
Fat Tree,1174,11296737280.0,79.08560311284046,9252,6144,805306368.0,10066329.6
Fat Tree,1175,11296737280.0,79.09641158668396,9252,6144,805306368.0,10066329.6
Fat Tree,1176,11296737280.0,79.10722006052745,9252,6144,805306368.0,10066329.6
Fat Tree,1177,11296737280.0,79.11802853437095,9252,6144,805306368.0,10066329.6
Fat Tree,1178,11296737280.0,79.12883700821443,9252,6144,805306368.0,10066329.6
Fat Tree,1179,11296737280.0,79.13964548205793,9252,6144,805306368.0,10066329.6
Fat Tree,1180,11296737280.0,79.15045395590143,9252,6144,805306368.0,10066329.6
Fat Tree,1181,11296737280.0,79.16126242974492,9252,6144,805306368.0,10066329.6
Fat Tree,1182,11296737280.0,79.1720709035884,9252,6144,805306368.0,10066329.6
Fat Tree,1183,11296737280.0,79.1828793774319,9252,6144,805306368.0,10066329.6
Fat Tree,1184,11296737280.0,79.1936878512754,9252,6144,805306368.0,10066329.6
Fat Tree,1185,11296737280.0,79.2044963251189,9252,6144,805306368.0,10066329.6
Fat Tree,1186,11296737280.0,79.21530479896238,9252,6144,805306368.0,10066329.6
Fat Tree,1187,11296737280.0,79.22611327280588,9252,6144,805306368.0,10066329.6
Fat Tree,1188,11296737280.0,79.23692174664937,9252,6144,805306368.0,10066329.6
Fat Tree,1189,11296737280.0,79.24773022049287,9252,6144,805306368.0,10066329.6
Fat Tree,1190,11296737280.0,79.25853869433635,9252,6144,805306368.0,10066329.6
Fat Tree,1191,11296737280.0,79.26934716817985,9252,6144,805306368.0,10066329.6
Fat Tree,1192,11296737280.0,79.28015564202335,9252,6144,805306368.0,10066329.6
Fat Tree,1193,11296737280.0,79.29096411586684,9252,6144,805306368.0,10066329.6
Fat Tree,1194,11296737280.0,79.30177258971032,9252,6144,805306368.0,10066329.6
Fat Tree,1195,11296737280.0,79.31258106355382,9252,6144,805306368.0,10066329.6
Fat Tree,1196,11296737280.0,79.32338953739732,9252,6144,805306368.0,10066329.6
Fat Tree,1197,11296737280.0,79.33419801124082,9252,6144,805306368.0,10066329.6
Fat Tree,1198,11296737280.0,79.3450064850843,9252,6144,805306368.0,10066329.6
Fat Tree,1199,11296737280.0,79.3558149589278,9252,6144,805306368.0,10066329.6
Fat Tree,1200,11296737280.0,79.36662343277129,9252,6144,805306368.0,10066329.6
Fat Tree,1201,11296737280.0,79.37743190661479,9252,6144,805306368.0,10066329.6
Fat Tree,1202,11296737280.0,79.38824038045827,9252,6144,805306368.0,10066329.6
Fat Tree,1203,11296737280.0,79.39904885430177,9252,6144,805306368.0,10066329.6
Fat Tree,1204,11296737280.0,79.40985732814526,9252,6144,805306368.0,10066329.6
Fat Tree,1205,11296737280.0,79.42066580198876,9252,6144,805306368.0,10066329.6
Fat Tree,1206,11296737280.0,79.43147427583224,9252,6144,805306368.0,10066329.6
Fat Tree,1207,11296737280.0,79.44228274967574,9252,6144,805306368.0,10066329.6
Fat Tree,1208,11296737280.0,79.45309122351924,9252,6144,805306368.0,10066329.6
Fat Tree,1209,11296737280.0,79.46389969736273,9252,6144,805306368.0,10066329.6
Fat Tree,1210,11296737280.0,79.47470817120622,9252,6144,805306368.0,10066329.6
Fat Tree,1211,11296737280.0,79.48551664504971,9252,6144,805306368.0,10066329.6
Fat Tree,1212,11296737280.0,79.49632511889321,9252,6144,805306368.0,10066329.6
Fat Tree,1213,11296737280.0,79.50713359273671,9252,6144,805306368.0,10066329.6
Fat Tree,1214,11296737280.0,79.51794206658019,9252,6144,805306368.0,10066329.6
Fat Tree,1215,11296737280.0,79.52875054042369,9252,6144,805306368.0,10066329.6
Fat Tree,1216,11296737280.0,79.53955901426718,9252,6144,805306368.0,10066329.6
Fat Tree,1217,11296737280.0,79.55036748811068,9252,6144,805306368.0,10066329.6
Fat Tree,1218,11296737280.0,79.56117596195416,9252,6144,805306368.0,10066329.6
Fat Tree,1219,11296737280.0,79.57198443579766,9252,6144,805306368.0,10066329.6
Fat Tree,1220,11296737280.0,79.58279290964116,9252,6144,805306368.0,10066329.6
Fat Tree,1221,11296737280.0,79.59360138348465,9252,6144,805306368.0,10066329.6
Fat Tree,1222,11296737280.0,79.60440985732814,9252,6144,805306368.0,10066329.6
Fat Tree,1223,11296737280.0,79.61521833117163,9252,6144,805306368.0,10066329.6
Fat Tree,1224,11296737280.0,79.62602680501513,9252,6144,805306368.0,10066329.6
Fat Tree,1225,11296737280.0,79.63683527885863,9252,6144,805306368.0,10066329.6
Fat Tree,1226,11296737280.0,79.64764375270211,9252,6144,805306368.0,10066329.6
Fat Tree,1227,11296737280.0,79.6584522265456,9252,6144,805306368.0,10066329.6
Fat Tree,1228,11296737280.0,79.6692607003891,9252,6144,805306368.0,10066329.6
Fat Tree,1229,11296737280.0,79.6800691742326,9252,6144,805306368.0,10066329.6
Fat Tree,1230,11296737280.0,79.6908776480761,9252,6144,805306368.0,10066329.6
Fat Tree,1231,11296737280.0,79.7016861219196,9252,6144,805306368.0,10066329.6
Fat Tree,1232,11296737280.0,79.71249459576309,9252,6144,805306368.0,10066329.6
Fat Tree,1233,11296737280.0,79.72330306960657,9252,6144,805306368.0,10066329.6
Fat Tree,1234,11296737280.0,79.73411154345007,9252,6144,805306368.0,10066329.6
Fat Tree,1235,11296737280.0,79.74492001729357,9252,6144,805306368.0,10066329.6
Fat Tree,1236,11296737280.0,79.75572849113706,9252,6144,805306368.0,10066329.6
Fat Tree,1237,11296737280.0,79.76653696498055,9252,6144,805306368.0,10066329.6
Fat Tree,1238,11296737280.0,79.77734543882404,9252,6144,805306368.0,10066329.6
Fat Tree,1239,11296737280.0,79.78815391266754,9252,6144,805306368.0,10066329.6
Fat Tree,1240,11296737280.0,79.79896238651104,9252,6144,805306368.0,10066329.6
Fat Tree,1241,11296737280.0,79.80977086035452,9252,6144,805306368.0,10066329.6
Fat Tree,1242,11296737280.0,79.82057933419802,9252,6144,805306368.0,10066329.6
Fat Tree,1243,11296737280.0,79.83138780804151,9252,6144,805306368.0,10066329.6
Fat Tree,1244,11296737280.0,79.84219628188501,9252,6144,805306368.0,10066329.6
Fat Tree,1245,11296737280.0,79.85300475572849,9252,6144,805306368.0,10066329.6
Fat Tree,1246,11296737280.0,79.86381322957199,9252,6144,805306368.0,10066329.6
Fat Tree,1247,11296737280.0,79.87462170341549,9252,6144,805306368.0,10066329.6
Fat Tree,1248,11296737280.0,79.88543017725898,9252,6144,805306368.0,10066329.6
Fat Tree,1249,11296737280.0,79.89623865110246,9252,6144,805306368.0,10066329.6
Fat Tree,1250,11296737280.0,79.90704712494596,9252,6144,805306368.0,10066329.6
Fat Tree,1251,11296737280.0,79.91785559878946,9252,6144,805306368.0,10066329.6
Fat Tree,1252,11296737280.0,79.92866407263296,9252,6144,805306368.0,10066329.6
Fat Tree,1253,11296737280.0,79.93947254647644,9252,6144,805306368.0,10066329.6
Fat Tree,1254,11296737280.0,79.95028102031993,9252,6144,805306368.0,10066329.6
Fat Tree,1255,11296737280.0,79.96108949416343,9252,6144,805306368.0,10066329.6
Fat Tree,1256,11296737280.0,79.97189796800693,9252,6144,805306368.0,10066329.6
Fat Tree,1257,11296737280.0,79.98270644185041,9252,6144,805306368.0,10066329.6
Fat Tree,1258,11296737280.0,79.99351491569391,9252,6144,805306368.0,10066329.6
Fat Tree,1259,11296737280.0,80.0043233895374,9252,6144,805306368.0,10066329.6
Fat Tree,1260,11296737280.0,80.0151318633809,9252,6144,805306368.0,10066329.6
Fat Tree,1261,11296737280.0,80.02594033722438,9252,6144,805306368.0,10066329.6
Fat Tree,1262,11296737280.0,80.03674881106788,9252,6144,805306368.0,10066329.6
Fat Tree,1263,11296737280.0,80.04755728491138,9252,6144,805306368.0,10066329.6
Fat Tree,1264,11296737280.0,80.05836575875487,9252,6144,805306368.0,10066329.6
Fat Tree,1265,11296737280.0,80.06917423259836,9252,6144,805306368.0,10066329.6
Fat Tree,1266,11296737280.0,80.07998270644185,9252,6144,805306368.0,10066329.6
Fat Tree,1267,11296737280.0,80.09079118028535,9252,6144,805306368.0,10066329.6
Fat Tree,1268,11296737280.0,80.10159965412885,9252,6144,805306368.0,10066329.6
Fat Tree,1269,11296737280.0,80.11240812797233,9252,6144,805306368.0,10066329.6
Fat Tree,1270,11296737280.0,80.12321660181583,9252,6144,805306368.0,10066329.6
Fat Tree,1271,11296737280.0,80.13402507565932,9252,6144,805306368.0,10066329.6
Fat Tree,1272,11296737280.0,80.14483354950282,9252,6144,805306368.0,10066329.6
Fat Tree,1273,11296737280.0,80.1556420233463,9252,6144,805306368.0,10066329.6
Fat Tree,1274,11296737280.0,80.1664504971898,9252,6144,805306368.0,10066329.6
Fat Tree,1275,11296737280.0,80.1772589710333,9252,6144,805306368.0,10066329.6
Fat Tree,1276,11296737280.0,80.1880674448768,9252,6144,805306368.0,10066329.6
Fat Tree,1277,11296737280.0,80.19887591872028,9252,6144,805306368.0,10066329.6
Fat Tree,1278,11296737280.0,80.20968439256377,9252,6144,805306368.0,10066329.6
Fat Tree,1279,11296737280.0,80.22049286640727,9252,6144,805306368.0,10066329.6
Fat Tree,1280,11296737280.0,80.23130134025077,9252,6144,805306368.0,10066329.6
Fat Tree,1281,11296737280.0,80.24210981409425,9252,6144,805306368.0,10066329.6
Fat Tree,1282,11296737280.0,80.25291828793775,9252,6144,805306368.0,10066329.6
Fat Tree,1283,11296737280.0,80.26372676178124,9252,6144,805306368.0,10066329.6
Fat Tree,1284,11296737280.0,80.27453523562474,9252,6144,805306368.0,10066329.6
Fat Tree,1285,11296737280.0,80.28534370946822,9252,6144,805306368.0,10066329.6
Fat Tree,1286,11296737280.0,80.29615218331172,9252,6144,805306368.0,10066329.6
Fat Tree,1287,11296737280.0,80.30696065715522,9252,6144,805306368.0,10066329.6
Fat Tree,1288,11296737280.0,80.31776913099871,9252,6144,805306368.0,10066329.6
Fat Tree,1289,11296737280.0,80.3285776048422,9252,6144,805306368.0,10066329.6
Fat Tree,1290,11296737280.0,80.33938607868569,9252,6144,805306368.0,10066329.6
Fat Tree,1291,11296737280.0,80.35019455252919,9252,6144,805306368.0,10066329.6
Fat Tree,1292,11296737280.0,80.36100302637269,9252,6144,805306368.0,10066329.6
Fat Tree,1293,11296737280.0,80.37181150021617,9252,6144,805306368.0,10066329.6
Fat Tree,1294,11296737280.0,80.38261997405966,9252,6144,805306368.0,10066329.6
Fat Tree,1295,11296737280.0,80.39342844790316,9252,6144,805306368.0,10066329.6
Fat Tree,1296,11296737280.0,80.40423692174666,9252,6144,805306368.0,10066329.6
Fat Tree,1297,11296737280.0,80.41504539559014,9252,6144,805306368.0,10066329.6
Fat Tree,1298,11296737280.0,80.42585386943364,9252,6144,805306368.0,10066329.6
Fat Tree,1299,11296737280.0,80.43666234327713,9252,6144,805306368.0,10066329.6
Fat Tree,1300,11296737280.0,80.44747081712063,9252,6144,805306368.0,10066329.6
Fat Tree,1301,11296737280.0,80.45827929096411,9252,6144,805306368.0,10066329.6
Fat Tree,1302,11296737280.0,80.46908776480761,9252,6144,805306368.0,10066329.6
Fat Tree,1303,11296737280.0,80.47989623865111,9252,6144,805306368.0,10066329.6
Fat Tree,1304,11296737280.0,80.4907047124946,9252,6144,805306368.0,10066329.6
Fat Tree,1305,11296737280.0,80.50151318633809,9252,6144,805306368.0,10066329.6
Fat Tree,1306,11296737280.0,80.51232166018158,9252,6144,805306368.0,10066329.6
Fat Tree,1307,11296737280.0,80.52313013402508,9252,6144,805306368.0,10066329.6
Fat Tree,1308,11296737280.0,80.53393860786858,9252,6144,805306368.0,10066329.6
Fat Tree,1309,11296737280.0,80.54474708171206,9252,6144,805306368.0,10066329.6
Fat Tree,1310,11296737280.0,80.55555555555556,9252,6144,805306368.0,10066329.6
Fat Tree,1311,11296737280.0,80.56636402939905,9252,6144,805306368.0,10066329.6
Fat Tree,1312,11296737280.0,80.57717250324255,9252,6144,805306368.0,10066329.6
Fat Tree,1313,11296737280.0,80.58798097708603,9252,6144,805306368.0,10066329.6
Fat Tree,1314,11296737280.0,80.59878945092953,9252,6144,805306368.0,10066329.6
Fat Tree,1315,11296737280.0,80.60959792477303,9252,6144,805306368.0,10066329.6
Fat Tree,1316,11296737280.0,80.62040639861652,9252,6144,805306368.0,10066329.6
Fat Tree,1317,11296737280.0,80.63121487246,9252,6144,805306368.0,10066329.6
Fat Tree,1318,11296737280.0,80.6420233463035,9252,6144,805306368.0,10066329.6
Fat Tree,1319,11296737280.0,80.652831820147,9252,6144,805306368.0,10066329.6
Fat Tree,1320,11296737280.0,80.6636402939905,9252,6144,805306368.0,10066329.6
Fat Tree,1321,11296737280.0,80.67444876783398,9252,6144,805306368.0,10066329.6
Fat Tree,1322,11296737280.0,80.68525724167748,9252,6144,805306368.0,10066329.6
Fat Tree,1323,11296737280.0,80.69606571552097,9252,6144,805306368.0,10066329.6
Fat Tree,1324,11296737280.0,80.70687418936447,9252,6144,805306368.0,10066329.6
Fat Tree,1325,11296737280.0,80.71768266320795,9252,6144,805306368.0,10066329.6
Fat Tree,1326,11296737280.0,80.72849113705145,9252,6144,805306368.0,10066329.6
Fat Tree,1327,11296737280.0,80.73929961089495,9252,6144,805306368.0,10066329.6
Fat Tree,1328,11296737280.0,80.75010808473844,9252,6144,805306368.0,10066329.6
Fat Tree,1329,11296737280.0,80.76091655858193,9252,6144,805306368.0,10066329.6
Fat Tree,1330,11296737280.0,80.77172503242542,9252,6144,805306368.0,10066329.6
Fat Tree,1331,11296737280.0,80.78253350626892,9252,6144,805306368.0,10066329.6
Fat Tree,1332,11296737280.0,80.79334198011242,9252,6144,805306368.0,10066329.6
Fat Tree,1333,11296737280.0,80.8041504539559,9252,6144,805306368.0,10066329.6
Fat Tree,1334,11296737280.0,80.8149589277994,9252,6144,805306368.0,10066329.6
Fat Tree,1335,11296737280.0,80.82576740164289,9252,6144,805306368.0,10066329.6
Fat Tree,1336,11296737280.0,80.83657587548639,9252,6144,805306368.0,10066329.6
Fat Tree,1337,11296737280.0,80.84738434932987,9252,6144,805306368.0,10066329.6
Fat Tree,1338,11296737280.0,80.85819282317337,9252,6144,805306368.0,10066329.6
Fat Tree,1339,11296737280.0,80.86900129701687,9252,6144,805306368.0,10066329.6
Fat Tree,1340,11296737280.0,80.87980977086036,9252,6144,805306368.0,10066329.6
Fat Tree,1341,11296737280.0,80.89061824470384,9252,6144,805306368.0,10066329.6
Fat Tree,1342,11296737280.0,80.90142671854734,9252,6144,805306368.0,10066329.6
Fat Tree,1343,11296737280.0,80.91223519239084,9252,6144,805306368.0,10066329.6
Fat Tree,1344,11296737280.0,80.92304366623434,9252,6144,805306368.0,10066329.6
Fat Tree,1345,11296737280.0,80.93385214007782,9252,6144,805306368.0,10066329.6
Fat Tree,1346,11296737280.0,80.94466061392131,9252,6144,805306368.0,10066329.6
Fat Tree,1347,11296737280.0,80.95546908776481,9252,6144,805306368.0,10066329.6
Fat Tree,1348,11296737280.0,80.96627756160831,9252,6144,805306368.0,10066329.6
Fat Tree,1349,11296737280.0,80.97708603545179,9252,6144,805306368.0,10066329.6
Fat Tree,1350,11296737280.0,80.98789450929529,9252,6144,805306368.0,10066329.6
Fat Tree,1351,11296737280.0,80.99870298313878,9252,6144,805306368.0,10066329.6
Fat Tree,1352,11296737280.0,81.00951145698228,9252,6144,805306368.0,10066329.6
Fat Tree,1353,11296737280.0,81.02031993082576,9252,6144,805306368.0,10066329.6
Fat Tree,1354,11296737280.0,81.03112840466926,9252,6144,805306368.0,10066329.6
Fat Tree,1355,11296737280.0,81.04193687851276,9252,6144,805306368.0,10066329.6
Fat Tree,1356,11296737280.0,81.05274535235625,9252,6144,805306368.0,10066329.6
Fat Tree,1357,11296737280.0,81.06355382619974,9252,6144,805306368.0,10066329.6
Fat Tree,1358,11296737280.0,81.07436230004323,9252,6144,805306368.0,10066329.6
Fat Tree,1359,11296737280.0,81.08517077388673,9252,6144,805306368.0,10066329.6
Fat Tree,1360,11296737280.0,81.09597924773023,9252,6144,805306368.0,10066329.6
Fat Tree,1361,11296737280.0,81.10678772157371,9252,6144,805306368.0,10066329.6
Fat Tree,1362,11296737280.0,81.1175961954172,9252,6144,805306368.0,10066329.6
Fat Tree,1363,11296737280.0,81.1284046692607,9252,6144,805306368.0,10066329.6
Fat Tree,1364,11296737280.0,81.1392131431042,9252,6144,805306368.0,10066329.6
Fat Tree,1365,11296737280.0,81.15002161694768,9252,6144,805306368.0,10066329.6
Fat Tree,1366,11296737280.0,81.16083009079118,9252,6144,805306368.0,10066329.6
Fat Tree,1367,11296737280.0,81.17163856463468,9252,6144,805306368.0,10066329.6
Fat Tree,1368,11296737280.0,81.18244703847817,9252,6144,805306368.0,10066329.6
Fat Tree,1369,11296737280.0,81.19325551232166,9252,6144,805306368.0,10066329.6
Fat Tree,1370,11296737280.0,81.20406398616515,9252,6144,805306368.0,10066329.6
Fat Tree,1371,11296737280.0,81.21487246000865,9252,6144,805306368.0,10066329.6
Fat Tree,1372,11296737280.0,81.22568093385215,9252,6144,805306368.0,10066329.6
Fat Tree,1373,11296737280.0,81.23648940769563,9252,6144,805306368.0,10066329.6
Fat Tree,1374,11296737280.0,81.24729788153913,9252,6144,805306368.0,10066329.6
Fat Tree,1375,11296737280.0,81.25810635538262,9252,6144,805306368.0,10066329.6
Fat Tree,1376,11296737280.0,81.26891482922612,9252,6144,805306368.0,10066329.6
Fat Tree,1377,11296737280.0,81.2797233030696,9252,6144,805306368.0,10066329.6
Fat Tree,1378,11296737280.0,81.2905317769131,9252,6144,805306368.0,10066329.6
Fat Tree,1379,11296737280.0,81.3013402507566,9252,6144,805306368.0,10066329.6
Fat Tree,1380,11296737280.0,81.31214872460009,9252,6144,805306368.0,10066329.6
Fat Tree,1381,11296737280.0,81.32295719844358,9252,6144,805306368.0,10066329.6
Fat Tree,1382,11296737280.0,81.33376567228707,9252,6144,805306368.0,10066329.6
Fat Tree,1383,11296737280.0,81.34457414613057,9252,6144,805306368.0,10066329.6
Fat Tree,1384,11296737280.0,81.35538261997407,9252,6144,805306368.0,10066329.6
Fat Tree,1385,11296737280.0,81.36619109381755,9252,6144,805306368.0,10066329.6
Fat Tree,1386,11296737280.0,81.37699956766104,9252,6144,805306368.0,10066329.6
Fat Tree,1387,11296737280.0,81.38780804150454,9252,6144,805306368.0,10066329.6
Fat Tree,1388,11296737280.0,81.39861651534804,9252,6144,805306368.0,10066329.6
Fat Tree,1389,11296737280.0,81.40942498919152,9252,6144,805306368.0,10066329.6
Fat Tree,1390,11296737280.0,81.42023346303502,9252,6144,805306368.0,10066329.6
Fat Tree,1391,11296737280.0,81.43104193687851,9252,6144,805306368.0,10066329.6
Fat Tree,1392,11296737280.0,81.44185041072201,9252,6144,805306368.0,10066329.6
Fat Tree,1393,11296737280.0,81.4526588845655,9252,6144,805306368.0,10066329.6
Fat Tree,1394,11296737280.0,81.46346735840899,9252,6144,805306368.0,10066329.6
Fat Tree,1395,11296737280.0,81.47427583225249,9252,6144,805306368.0,10066329.6
Fat Tree,1396,11296737280.0,81.48508430609598,9252,6144,805306368.0,10066329.6
Fat Tree,1397,11296737280.0,81.49589277993947,9252,6144,805306368.0,10066329.6
Fat Tree,1398,11296737280.0,81.50670125378296,9252,6144,805306368.0,10066329.6
Fat Tree,1399,11296737280.0,81.51750972762646,9252,6144,805306368.0,10066329.6
Fat Tree,1400,11296737280.0,81.52831820146996,9252,6144,805306368.0,10066329.6
Fat Tree,1401,11296737280.0,81.53912667531344,9252,6144,805306368.0,10066329.6
Fat Tree,1402,11296737280.0,81.54993514915694,9252,6144,805306368.0,10066329.6
Fat Tree,1403,11296737280.0,81.56074362300043,9252,6144,805306368.0,10066329.6
Fat Tree,1404,11296737280.0,81.57155209684393,9252,6144,805306368.0,10066329.6
Fat Tree,1405,11296737280.0,81.58236057068741,9252,6144,805306368.0,10066329.6
Fat Tree,1406,11296737280.0,81.59316904453091,9252,6144,805306368.0,10066329.6
Fat Tree,1407,11296737280.0,81.6039775183744,9252,6144,805306368.0,10066329.6
Fat Tree,1408,11296737280.0,81.6147859922179,9252,6144,805306368.0,10066329.6
Fat Tree,1409,11296737280.0,81.62559446606139,9252,6144,805306368.0,10066329.6
Fat Tree,1410,11296737280.0,81.63640293990488,9252,6144,805306368.0,10066329.6
Fat Tree,1411,11296737280.0,81.64721141374838,9252,6144,805306368.0,10066329.6
Fat Tree,1412,11296737280.0,81.65801988759188,9252,6144,805306368.0,10066329.6
Fat Tree,1413,11296737280.0,81.66882836143536,9252,6144,805306368.0,10066329.6
Fat Tree,1414,11296737280.0,81.67963683527886,9252,6144,805306368.0,10066329.6
Fat Tree,1415,11296737280.0,81.69044530912235,9252,6144,805306368.0,10066329.6
Fat Tree,1416,11296737280.0,81.70125378296585,9252,6144,805306368.0,10066329.6
Fat Tree,1417,11296737280.0,81.71206225680933,9252,6144,805306368.0,10066329.6
Fat Tree,1418,11296737280.0,81.72287073065283,9252,6144,805306368.0,10066329.6
Fat Tree,1419,11296737280.0,81.73367920449633,9252,6144,805306368.0,10066329.6
Fat Tree,1420,11296737280.0,81.74448767833982,9252,6144,805306368.0,10066329.6
Fat Tree,1421,11296737280.0,81.7552961521833,9252,6144,805306368.0,10066329.6
Fat Tree,1422,11296737280.0,81.7661046260268,9252,6144,805306368.0,10066329.6
Fat Tree,1423,11296737280.0,81.7769130998703,9252,6144,805306368.0,10066329.6
Fat Tree,1424,11296737280.0,81.7877215737138,9252,6144,805306368.0,10066329.6
Fat Tree,1425,11296737280.0,81.79853004755728,9252,6144,805306368.0,10066329.6
Fat Tree,1426,11296737280.0,81.80933852140078,9252,6144,805306368.0,10066329.6
Fat Tree,1427,11296737280.0,81.82014699524427,9252,6144,805306368.0,10066329.6
Fat Tree,1428,11296737280.0,81.83095546908777,9252,6144,805306368.0,10066329.6
Fat Tree,1429,11296737280.0,81.84176394293125,9252,6144,805306368.0,10066329.6
Fat Tree,1430,11296737280.0,81.85257241677475,9252,6144,805306368.0,10066329.6
Fat Tree,1431,11296737280.0,81.86338089061825,9252,6144,805306368.0,10066329.6
Fat Tree,1432,11296737280.0,81.87418936446174,9252,6144,805306368.0,10066329.6
Fat Tree,1433,11296737280.0,81.88499783830522,9252,6144,805306368.0,10066329.6
Fat Tree,1434,11296737280.0,81.89580631214872,9252,6144,805306368.0,10066329.6
Fat Tree,1435,11296737280.0,81.90661478599222,9252,6144,805306368.0,10066329.6
Fat Tree,1436,11296737280.0,81.91742325983572,9252,6144,805306368.0,10066329.6
Fat Tree,1437,11296737280.0,81.9282317336792,9252,6144,805306368.0,10066329.6
Fat Tree,1438,11296737280.0,81.9390402075227,9252,6144,805306368.0,10066329.6
Fat Tree,1439,11296737280.0,81.94984868136619,9252,6144,805306368.0,10066329.6
Fat Tree,1440,11296737280.0,81.96065715520969,9252,6144,805306368.0,10066329.6
Fat Tree,1441,11296737280.0,81.97146562905317,9252,6144,805306368.0,10066329.6
Fat Tree,1442,11296737280.0,81.98227410289667,9252,6144,805306368.0,10066329.6
Fat Tree,1443,11296737280.0,81.99308257674016,9252,6144,805306368.0,10066329.6
Fat Tree,1444,11296737280.0,82.00389105058366,9252,6144,805306368.0,10066329.6
Fat Tree,1445,11296737280.0,82.01469952442714,9252,6144,805306368.0,10066329.6
Fat Tree,1446,11296737280.0,82.02550799827064,9252,6144,805306368.0,10066329.6
Fat Tree,1447,11296737280.0,82.03631647211414,9252,6144,805306368.0,10066329.6
Fat Tree,1448,11296737280.0,82.04712494595763,9252,6144,805306368.0,10066329.6
Fat Tree,1449,11296737280.0,82.05793341980112,9252,6144,805306368.0,10066329.6
Fat Tree,1450,11296737280.0,82.06874189364461,9252,6144,805306368.0,10066329.6
Fat Tree,1451,11296737280.0,82.07955036748811,9252,6144,805306368.0,10066329.6
Fat Tree,1452,11296737280.0,82.09035884133161,9252,6144,805306368.0,10066329.6
Fat Tree,1453,11296737280.0,82.10116731517509,9252,6144,805306368.0,10066329.6
Fat Tree,1454,11296737280.0,82.11197578901859,9252,6144,805306368.0,10066329.6
Fat Tree,1455,11296737280.0,82.12278426286208,9252,6144,805306368.0,10066329.6
Fat Tree,1456,11296737280.0,82.13359273670558,9252,6144,805306368.0,10066329.6
Fat Tree,1457,11296737280.0,82.14440121054906,9252,6144,805306368.0,10066329.6
Fat Tree,1458,11296737280.0,82.15520968439256,9252,6144,805306368.0,10066329.6
Fat Tree,1459,11296737280.0,82.16601815823606,9252,6144,805306368.0,10066329.6
Fat Tree,1460,11296737280.0,82.17682663207955,9252,6144,805306368.0,10066329.6
Fat Tree,1461,11296737280.0,82.18763510592304,9252,6144,805306368.0,10066329.6
Fat Tree,1462,11296737280.0,82.19844357976653,9252,6144,805306368.0,10066329.6
Fat Tree,1463,11296737280.0,82.20925205361003,9252,6144,805306368.0,10066329.6
Fat Tree,1464,11296737280.0,82.22006052745353,9252,6144,805306368.0,10066329.6
Fat Tree,1465,11296737280.0,82.23086900129701,9252,6144,805306368.0,10066329.6
Fat Tree,1466,11296737280.0,82.2416774751405,9252,6144,805306368.0,10066329.6
Fat Tree,1467,11296737280.0,82.252485948984,9252,6144,805306368.0,10066329.6
Fat Tree,1468,11296737280.0,82.2632944228275,9252,6144,805306368.0,10066329.6
Fat Tree,1469,11296737280.0,82.27410289667098,9252,6144,805306368.0,10066329.6
Fat Tree,1470,11296737280.0,82.28491137051448,9252,6144,805306368.0,10066329.6
Fat Tree,1471,11296737280.0,82.29571984435798,9252,6144,805306368.0,10066329.6
Fat Tree,1472,11296737280.0,82.30652831820147,9252,6144,805306368.0,10066329.6
Fat Tree,1473,11296737280.0,82.31733679204496,9252,6144,805306368.0,10066329.6
Fat Tree,1474,11296737280.0,82.32814526588845,9252,6144,805306368.0,10066329.6
Fat Tree,1475,11296737280.0,82.33895373973195,9252,6144,805306368.0,10066329.6
Fat Tree,1476,11296737280.0,82.34976221357545,9252,6144,805306368.0,10066329.6
Fat Tree,1477,11296737280.0,82.36057068741893,9252,6144,805306368.0,10066329.6
Fat Tree,1478,11296737280.0,82.37137916126242,9252,6144,805306368.0,10066329.6
Fat Tree,1479,11296737280.0,82.38218763510592,9252,6144,805306368.0,10066329.6
Fat Tree,1480,11296737280.0,82.39299610894942,9252,6144,805306368.0,10066329.6
Fat Tree,1481,11296737280.0,82.4038045827929,9252,6144,805306368.0,10066329.6
Fat Tree,1482,11296737280.0,82.4146130566364,9252,6144,805306368.0,10066329.6
Fat Tree,1483,11296737280.0,82.4254215304799,9252,6144,805306368.0,10066329.6
Fat Tree,1484,11296737280.0,82.43623000432339,9252,6144,805306368.0,10066329.6
Fat Tree,1485,11296737280.0,82.44703847816687,9252,6144,805306368.0,10066329.6
Fat Tree,1486,11296737280.0,82.45784695201037,9252,6144,805306368.0,10066329.6
Fat Tree,1487,11296737280.0,82.46865542585387,9252,6144,805306368.0,10066329.6
Fat Tree,1488,11296737280.0,82.47946389969736,9252,6144,805306368.0,10066329.6
Fat Tree,1489,11296737280.0,82.49027237354085,9252,6144,805306368.0,10066329.6
Fat Tree,1490,11296737280.0,82.50108084738434,9252,6144,805306368.0,10066329.6
Fat Tree,1491,11296737280.0,82.51188932122784,9252,6144,805306368.0,10066329.6
Fat Tree,1492,11296737280.0,82.52269779507134,9252,6144,805306368.0,10066329.6
Fat Tree,1493,11296737280.0,82.53350626891482,9252,6144,805306368.0,10066329.6
Fat Tree,1494,11296737280.0,82.54431474275832,9252,6144,805306368.0,10066329.6
Fat Tree,1495,11296737280.0,82.55512321660181,9252,6144,805306368.0,10066329.6
Fat Tree,1496,11296737280.0,82.56593169044531,9252,6144,805306368.0,10066329.6
Fat Tree,1497,11296737280.0,82.5767401642888,9252,6144,805306368.0,10066329.6
Fat Tree,1498,11296737280.0,82.58754863813229,9252,6144,805306368.0,10066329.6
Fat Tree,1499,11296737280.0,82.59835711197579,9252,6144,805306368.0,10066329.6
Fat Tree,1500,11296737280.0,82.60916558581928,9252,6144,805306368.0,10066329.6
Fat Tree,1501,11296737280.0,82.61997405966277,9252,6144,805306368.0,10066329.6
Fat Tree,1502,11296737280.0,82.63078253350626,9252,6144,805306368.0,10066329.6
Fat Tree,1503,11296737280.0,82.64159100734976,9252,6144,805306368.0,10066329.6
Fat Tree,1504,11296737280.0,82.65239948119326,9252,6144,805306368.0,10066329.6
Fat Tree,1505,11296737280.0,82.66320795503674,9252,6144,805306368.0,10066329.6
Fat Tree,1506,11296737280.0,82.67401642888024,9252,6144,805306368.0,10066329.6
Fat Tree,1507,11296737280.0,82.68482490272373,9252,6144,805306368.0,10066329.6
Fat Tree,1508,11296737280.0,82.69563337656723,9252,6144,805306368.0,10066329.6
Fat Tree,1509,11296737280.0,82.70644185041071,9252,6144,805306368.0,10066329.6
Fat Tree,1510,11296737280.0,82.71725032425421,9252,6144,805306368.0,10066329.6
Fat Tree,1511,11296737280.0,82.7280587980977,9252,6144,805306368.0,10066329.6
Fat Tree,1512,11296737280.0,82.7388672719412,9252,6144,805306368.0,10066329.6
Fat Tree,1513,11296737280.0,82.74967574578469,9252,6144,805306368.0,10066329.6
Fat Tree,1514,11296737280.0,82.76048421962818,9252,6144,805306368.0,10066329.6
Fat Tree,1515,11296737280.0,82.77129269347168,9252,6144,805306368.0,10066329.6
Fat Tree,1516,11296737280.0,82.78210116731518,9252,6144,805306368.0,10066329.6
Fat Tree,1517,11296737280.0,82.79290964115866,9252,6144,805306368.0,10066329.6
Fat Tree,1518,11296737280.0,82.80371811500216,9252,6144,805306368.0,10066329.6
Fat Tree,1519,11296737280.0,82.81452658884567,9252,6144,805306368.0,10066329.6
Fat Tree,1520,11296737280.0,82.82533506268915,9252,6144,805306368.0,10066329.6
Fat Tree,1521,11296737280.0,82.83614353653265,9252,6144,805306368.0,10066329.6
Fat Tree,1522,11296737280.0,82.84695201037614,9252,6144,805306368.0,10066329.6
Fat Tree,1523,11296737280.0,82.85776048421964,9252,6144,805306368.0,10066329.6
Fat Tree,1524,11296737280.0,82.86856895806312,9252,6144,805306368.0,10066329.6
Fat Tree,1525,11296737280.0,82.87937743190662,9252,6144,805306368.0,10066329.6
Fat Tree,1526,11296737280.0,82.89018590575012,9252,6144,805306368.0,10066329.6
Fat Tree,1527,11296737280.0,82.90099437959361,9252,6144,805306368.0,10066329.6
Fat Tree,1528,11296737280.0,82.9118028534371,9252,6144,805306368.0,10066329.6
Fat Tree,1529,11296737280.0,82.92261132728059,9252,6144,805306368.0,10066329.6
Fat Tree,1530,11296737280.0,82.93341980112409,9252,6144,805306368.0,10066329.6
Fat Tree,1531,11296737280.0,82.94422827496759,9252,6144,805306368.0,10066329.6
Fat Tree,1532,11296737280.0,82.95503674881107,9252,6144,805306368.0,10066329.6
Fat Tree,1533,11296737280.0,82.96584522265456,9252,6144,805306368.0,10066329.6
Fat Tree,1534,11296737280.0,82.97665369649806,9252,6144,805306368.0,10066329.6
Fat Tree,1535,11296737280.0,82.98746217034156,9252,6144,805306368.0,10066329.6
Fat Tree,1536,11296737280.0,82.99827064418504,9252,6144,805306368.0,10066329.6
Fat Tree,1537,11296737280.0,83.00907911802854,9252,6144,805306368.0,10066329.6
Fat Tree,1538,11296737280.0,83.01988759187203,9252,6144,805306368.0,10066329.6
Fat Tree,1539,11296737280.0,83.03069606571553,9252,6144,805306368.0,10066329.6
Fat Tree,1540,11296737280.0,83.04150453955901,9252,6144,805306368.0,10066329.6
Fat Tree,1541,11296737280.0,83.05231301340251,9252,6144,805306368.0,10066329.6
Fat Tree,1542,11296737280.0,83.06312148724601,9252,6144,805306368.0,10066329.6
Fat Tree,1543,11296737280.0,83.0739299610895,9252,6144,805306368.0,10066329.6
Fat Tree,1544,11296737280.0,83.08473843493299,9252,6144,805306368.0,10066329.6
Fat Tree,1545,11296737280.0,83.09554690877648,9252,6144,805306368.0,10066329.6
Fat Tree,1546,11296737280.0,83.10635538261998,9252,6144,805306368.0,10066329.6
Fat Tree,1547,11296737280.0,83.11716385646348,9252,6144,805306368.0,10066329.6
Fat Tree,1548,11296737280.0,83.12797233030696,9252,6144,805306368.0,10066329.6
Fat Tree,1549,11296737280.0,83.13878080415046,9252,6144,805306368.0,10066329.6
Fat Tree,1550,11296737280.0,83.14958927799395,9252,6144,805306368.0,10066329.6
Fat Tree,1551,11296737280.0,83.16039775183745,9252,6144,805306368.0,10066329.6
Fat Tree,1552,11296737280.0,83.17120622568093,9252,6144,805306368.0,10066329.6
Fat Tree,1553,11296737280.0,83.18201469952443,9252,6144,805306368.0,10066329.6
Fat Tree,1554,11296737280.0,83.19282317336793,9252,6144,805306368.0,10066329.6
Fat Tree,1555,11296737280.0,83.20363164721142,9252,6144,805306368.0,10066329.6
Fat Tree,1556,11296737280.0,83.2144401210549,9252,6144,805306368.0,10066329.6
Fat Tree,1557,11296737280.0,83.2252485948984,9252,6144,805306368.0,10066329.6
Fat Tree,1558,11296737280.0,83.2360570687419,9252,6144,805306368.0,10066329.6
Fat Tree,1559,11296737280.0,83.2468655425854,9252,6144,805306368.0,10066329.6
Fat Tree,1560,11296737280.0,83.25767401642888,9252,6144,805306368.0,10066329.6
Fat Tree,1561,11296737280.0,83.26848249027238,9252,6144,805306368.0,10066329.6
Fat Tree,1562,11296737280.0,83.27929096411587,9252,6144,805306368.0,10066329.6
Fat Tree,1563,11296737280.0,83.29009943795937,9252,6144,805306368.0,10066329.6
Fat Tree,1564,11296737280.0,83.30090791180285,9252,6144,805306368.0,10066329.6
Fat Tree,1565,11296737280.0,83.31171638564635,9252,6144,805306368.0,10066329.6
Fat Tree,1566,11296737280.0,83.32252485948985,9252,6144,805306368.0,10066329.6
Fat Tree,1567,11296737280.0,83.33333333333334,9252,6144,805306368.0,10066329.6
Fat Tree,1568,11296737280.0,83.34414180717683,9252,6144,805306368.0,10066329.6
Fat Tree,1569,11296737280.0,83.35495028102032,9252,6144,805306368.0,10066329.6
Fat Tree,1570,11296737280.0,83.36575875486382,9252,6144,805306368.0,10066329.6
Fat Tree,1571,11296737280.0,83.37656722870732,9252,6144,805306368.0,10066329.6
Fat Tree,1572,11296737280.0,83.3873757025508,9252,6144,805306368.0,10066329.6
Fat Tree,1573,11296737280.0,83.3981841763943,9252,6144,805306368.0,10066329.6
Fat Tree,1574,11296737280.0,83.40899265023779,9252,6144,805306368.0,10066329.6
Fat Tree,1575,11296737280.0,83.41980112408129,9252,6144,805306368.0,10066329.6
Fat Tree,1576,11296737280.0,83.43060959792477,9252,6144,805306368.0,10066329.6
Fat Tree,1577,11296737280.0,83.44141807176827,9252,6144,805306368.0,10066329.6
Fat Tree,1578,11296737280.0,83.45222654561177,9252,6144,805306368.0,10066329.6
Fat Tree,1579,11296737280.0,83.46303501945526,9252,6144,805306368.0,10066329.6
Fat Tree,1580,11296737280.0,83.47384349329874,9252,6144,805306368.0,10066329.6
Fat Tree,1581,11296737280.0,83.48465196714224,9252,6144,805306368.0,10066329.6
Fat Tree,1582,11296737280.0,83.49546044098574,9252,6144,805306368.0,10066329.6
Fat Tree,1583,11296737280.0,83.50626891482923,9252,6144,805306368.0,10066329.6
Fat Tree,1584,11296737280.0,83.51707738867272,9252,6144,805306368.0,10066329.6
Fat Tree,1585,11296737280.0,83.52788586251621,9252,6144,805306368.0,10066329.6
Fat Tree,1586,11296737280.0,83.53869433635971,9252,6144,805306368.0,10066329.6
Fat Tree,1587,11296737280.0,83.54950281020321,9252,6144,805306368.0,10066329.6
Fat Tree,1588,11296737280.0,83.56031128404669,9252,6144,805306368.0,10066329.6
Fat Tree,1589,11296737280.0,83.57111975789019,9252,6144,805306368.0,10066329.6
Fat Tree,1590,11296737280.0,83.58192823173368,9252,6144,805306368.0,10066329.6
Fat Tree,1591,11296737280.0,83.59273670557718,9252,6144,805306368.0,10066329.6
Fat Tree,1592,11296737280.0,83.60354517942066,9252,6144,805306368.0,10066329.6
Fat Tree,1593,11296737280.0,83.61435365326416,9252,6144,805306368.0,10066329.6
Fat Tree,1594,11296737280.0,83.62516212710766,9252,6144,805306368.0,10066329.6
Fat Tree,1595,11296737280.0,83.63597060095115,9252,6144,805306368.0,10066329.6
Fat Tree,1596,11296737280.0,83.64677907479464,9252,6144,805306368.0,10066329.6
Fat Tree,1597,11296737280.0,83.65758754863813,9252,6144,805306368.0,10066329.6
Fat Tree,1598,11296737280.0,83.66839602248163,9252,6144,805306368.0,10066329.6
Fat Tree,1599,11296737280.0,83.67920449632513,9252,6144,805306368.0,10066329.6
Fat Tree,1600,11296737280.0,83.69001297016861,9252,6144,805306368.0,10066329.6
Fat Tree,1601,11296737280.0,83.7008214440121,9252,6144,805306368.0,10066329.6
Fat Tree,1602,11296737280.0,83.7116299178556,9252,6144,805306368.0,10066329.6
Fat Tree,1603,11296737280.0,83.7224383916991,9252,6144,805306368.0,10066329.6
Fat Tree,1604,11296737280.0,83.73324686554258,9252,6144,805306368.0,10066329.6
Fat Tree,1605,11296737280.0,83.74405533938608,9252,6144,805306368.0,10066329.6
Fat Tree,1606,11296737280.0,83.75486381322958,9252,6144,805306368.0,10066329.6
Fat Tree,1607,11296737280.0,83.76567228707307,9252,6144,805306368.0,10066329.6
Fat Tree,1608,11296737280.0,83.77648076091656,9252,6144,805306368.0,10066329.6
Fat Tree,1609,11296737280.0,83.78728923476005,9252,6144,805306368.0,10066329.6
Fat Tree,1610,11296737280.0,83.79809770860355,9252,6144,805306368.0,10066329.6
Fat Tree,1611,11296737280.0,83.80890618244705,9252,6144,805306368.0,10066329.6
Fat Tree,1612,11296737280.0,83.81971465629053,9252,6144,805306368.0,10066329.6
Fat Tree,1613,11296737280.0,83.83052313013403,9252,6144,805306368.0,10066329.6
Fat Tree,1614,11296737280.0,83.84133160397752,9252,6144,805306368.0,10066329.6
Fat Tree,1615,11296737280.0,83.85214007782102,9252,6144,805306368.0,10066329.6
Fat Tree,1616,11296737280.0,83.8629485516645,9252,6144,805306368.0,10066329.6
Fat Tree,1617,11296737280.0,83.873757025508,9252,6144,805306368.0,10066329.6
Fat Tree,1618,11296737280.0,83.8845654993515,9252,6144,805306368.0,10066329.6
Fat Tree,1619,11296737280.0,83.89537397319499,9252,6144,805306368.0,10066329.6
Fat Tree,1620,11296737280.0,83.90618244703847,9252,6144,805306368.0,10066329.6
Fat Tree,1621,11296737280.0,83.91699092088197,9252,6144,805306368.0,10066329.6
Fat Tree,1622,11296737280.0,83.92779939472547,9252,6144,805306368.0,10066329.6
Fat Tree,1623,11296737280.0,83.93860786856897,9252,6144,805306368.0,10066329.6
Fat Tree,1624,11296737280.0,83.94941634241245,9252,6144,805306368.0,10066329.6
Fat Tree,1625,11296737280.0,83.96022481625594,9252,6144,805306368.0,10066329.6
Fat Tree,1626,11296737280.0,83.97103329009944,9252,6144,805306368.0,10066329.6
Fat Tree,1627,11296737280.0,83.98184176394294,9252,6144,805306368.0,10066329.6
Fat Tree,1628,11296737280.0,83.99265023778642,9252,6144,805306368.0,10066329.6
Fat Tree,1629,11296737280.0,84.00345871162992,9252,6144,805306368.0,10066329.6
Fat Tree,1630,11296737280.0,84.01426718547341,9252,6144,805306368.0,10066329.6
Fat Tree,1631,11296737280.0,84.02507565931691,9252,6144,805306368.0,10066329.6
Fat Tree,1632,11296737280.0,84.0358841331604,9252,6144,805306368.0,10066329.6
Fat Tree,1633,11296737280.0,84.04669260700389,9252,6144,805306368.0,10066329.6
Fat Tree,1634,11296737280.0,84.05750108084739,9252,6144,805306368.0,10066329.6
Fat Tree,1635,11296737280.0,84.06830955469088,9252,6144,805306368.0,10066329.6
Fat Tree,1636,11296737280.0,84.07911802853437,9252,6144,805306368.0,10066329.6
Fat Tree,1637,11296737280.0,84.08992650237786,9252,6144,805306368.0,10066329.6
Fat Tree,1638,11296737280.0,84.10073497622136,9252,6144,805306368.0,10066329.6
Fat Tree,1639,11296737280.0,84.11154345006486,9252,6144,805306368.0,10066329.6
Fat Tree,1640,11296737280.0,84.12235192390834,9252,6144,805306368.0,10066329.6
Fat Tree,1641,11296737280.0,84.13316039775184,9252,6144,805306368.0,10066329.6
Fat Tree,1642,11296737280.0,84.14396887159533,9252,6144,805306368.0,10066329.6
Fat Tree,1643,11296737280.0,84.15477734543883,9252,6144,805306368.0,10066329.6
Fat Tree,1644,11296737280.0,84.16558581928231,9252,6144,805306368.0,10066329.6
Fat Tree,1645,11296737280.0,84.17639429312581,9252,6144,805306368.0,10066329.6
Fat Tree,1646,11296737280.0,84.1872027669693,9252,6144,805306368.0,10066329.6
Fat Tree,1647,11296737280.0,84.1980112408128,9252,6144,805306368.0,10066329.6
Fat Tree,1648,11296737280.0,84.20881971465629,9252,6144,805306368.0,10066329.6
Fat Tree,1649,11296737280.0,84.21962818849978,9252,6144,805306368.0,10066329.6
Fat Tree,1650,11296737280.0,84.23043666234328,9252,6144,805306368.0,10066329.6
Fat Tree,1651,11296737280.0,84.24124513618678,9252,6144,805306368.0,10066329.6
Fat Tree,1652,11296737280.0,84.25205361003026,9252,6144,805306368.0,10066329.6
Fat Tree,1653,11296737280.0,84.26286208387376,9252,6144,805306368.0,10066329.6
Fat Tree,1654,11296737280.0,84.27367055771725,9252,6144,805306368.0,10066329.6
Fat Tree,1655,11296737280.0,84.28447903156075,9252,6144,805306368.0,10066329.6
Fat Tree,1656,11296737280.0,84.29528750540423,9252,6144,805306368.0,10066329.6
Fat Tree,1657,11296737280.0,84.30609597924773,9252,6144,805306368.0,10066329.6
Fat Tree,1658,11296737280.0,84.31690445309123,9252,6144,805306368.0,10066329.6
Fat Tree,1659,11296737280.0,84.32771292693472,9252,6144,805306368.0,10066329.6
Fat Tree,1660,11296737280.0,84.3385214007782,9252,6144,805306368.0,10066329.6
Fat Tree,1661,11296737280.0,84.3493298746217,9252,6144,805306368.0,10066329.6
Fat Tree,1662,11296737280.0,84.3601383484652,9252,6144,805306368.0,10066329.6
Fat Tree,1663,11296737280.0,84.3709468223087,9252,6144,805306368.0,10066329.6
Fat Tree,1664,11296737280.0,84.38175529615218,9252,6144,805306368.0,10066329.6
Fat Tree,1665,11296737280.0,84.39256376999568,9252,6144,805306368.0,10066329.6
Fat Tree,1666,11296737280.0,84.40337224383917,9252,6144,805306368.0,10066329.6
Fat Tree,1667,11296737280.0,84.41418071768267,9252,6144,805306368.0,10066329.6
Fat Tree,1668,11296737280.0,84.42498919152615,9252,6144,805306368.0,10066329.6
Fat Tree,1669,11296737280.0,84.43579766536965,9252,6144,805306368.0,10066329.6
Fat Tree,1670,11296737280.0,84.44660613921315,9252,6144,805306368.0,10066329.6
Fat Tree,1671,11296737280.0,84.45741461305664,9252,6144,805306368.0,10066329.6
Fat Tree,1672,11296737280.0,84.46822308690012,9252,6144,805306368.0,10066329.6
Fat Tree,1673,11296737280.0,84.47903156074362,9252,6144,805306368.0,10066329.6
Fat Tree,1674,11296737280.0,84.48984003458712,9252,6144,805306368.0,10066329.6
Fat Tree,1675,11296737280.0,84.50064850843061,9252,6144,805306368.0,10066329.6
Fat Tree,1676,11296737280.0,84.5114569822741,9252,6144,805306368.0,10066329.6
Fat Tree,1677,11296737280.0,84.5222654561176,9252,6144,805306368.0,10066329.6
Fat Tree,1678,11296737280.0,84.53307392996109,9252,6144,805306368.0,10066329.6
Fat Tree,1679,11296737280.0,84.54388240380459,9252,6144,805306368.0,10066329.6
Fat Tree,1680,11296737280.0,84.55469087764807,9252,6144,805306368.0,10066329.6
Fat Tree,1681,11296737280.0,84.56549935149157,9252,6144,805306368.0,10066329.6
Fat Tree,1682,11296737280.0,84.57630782533506,9252,6144,805306368.0,10066329.6
Fat Tree,1683,11296737280.0,84.58711629917856,9252,6144,805306368.0,10066329.6
Fat Tree,1684,11296737280.0,84.59792477302204,9252,6144,805306368.0,10066329.6
Fat Tree,1685,11296737280.0,84.60873324686554,9252,6144,805306368.0,10066329.6
Fat Tree,1686,11296737280.0,84.61954172070904,9252,6144,805306368.0,10066329.6
Fat Tree,1687,11296737280.0,84.63035019455253,9252,6144,805306368.0,10066329.6
Fat Tree,1688,11296737280.0,84.64115866839602,9252,6144,805306368.0,10066329.6
Fat Tree,1689,11296737280.0,84.65196714223951,9252,6144,805306368.0,10066329.6
Fat Tree,1690,11296737280.0,84.66277561608301,9252,6144,805306368.0,10066329.6
Fat Tree,1691,11296737280.0,84.6735840899265,9252,6144,805306368.0,10066329.6
Fat Tree,1692,11296737280.0,84.68439256376999,9252,6144,805306368.0,10066329.6
Fat Tree,1693,11296737280.0,84.69520103761349,9252,6144,805306368.0,10066329.6
Fat Tree,1694,11296737280.0,84.70600951145698,9252,6144,805306368.0,10066329.6
Fat Tree,1695,11296737280.0,84.71681798530048,9252,6144,805306368.0,10066329.6
Fat Tree,1696,11296737280.0,84.72762645914396,9252,6144,805306368.0,10066329.6
Fat Tree,1697,11296737280.0,84.73843493298746,9252,6144,805306368.0,10066329.6
Fat Tree,1698,11296737280.0,84.74924340683096,9252,6144,805306368.0,10066329.6
Fat Tree,1699,11296737280.0,84.76005188067445,9252,6144,805306368.0,10066329.6
Fat Tree,1700,11296737280.0,84.77086035451794,9252,6144,805306368.0,10066329.6
Fat Tree,1701,11296737280.0,84.78166882836143,9252,6144,805306368.0,10066329.6
Fat Tree,1702,11296737280.0,84.79247730220493,9252,6144,805306368.0,10066329.6
Fat Tree,1703,11296737280.0,84.80328577604843,9252,6144,805306368.0,10066329.6
Fat Tree,1704,11296737280.0,84.81409424989191,9252,6144,805306368.0,10066329.6
Fat Tree,1705,11296737280.0,84.8249027237354,9252,6144,805306368.0,10066329.6
Fat Tree,1706,11296737280.0,84.8357111975789,9252,6144,805306368.0,10066329.6
Fat Tree,1707,11296737280.0,84.8465196714224,9252,6144,805306368.0,10066329.6
Fat Tree,1708,11296737280.0,84.85732814526588,9252,6144,805306368.0,10066329.6
Fat Tree,1709,11296737280.0,84.86813661910938,9252,6144,805306368.0,10066329.6
Fat Tree,1710,11296737280.0,84.87894509295288,9252,6144,805306368.0,10066329.6
Fat Tree,1711,11296737280.0,84.88975356679637,9252,6144,805306368.0,10066329.6
Fat Tree,1712,11296737280.0,84.90056204063985,9252,6144,805306368.0,10066329.6
Fat Tree,1713,11296737280.0,84.91137051448335,9252,6144,805306368.0,10066329.6
Fat Tree,1714,11296737280.0,84.92217898832685,9252,6144,805306368.0,10066329.6
Fat Tree,1715,11296737280.0,84.93298746217035,9252,6144,805306368.0,10066329.6
Fat Tree,1716,11296737280.0,84.94379593601383,9252,6144,805306368.0,10066329.6
Fat Tree,1717,11296737280.0,84.95460440985732,9252,6144,805306368.0,10066329.6
Fat Tree,1718,11296737280.0,84.96541288370082,9252,6144,805306368.0,10066329.6
Fat Tree,1719,11296737280.0,84.97622135754432,9252,6144,805306368.0,10066329.6
Fat Tree,1720,11296737280.0,84.9870298313878,9252,6144,805306368.0,10066329.6
Fat Tree,1721,11296737280.0,84.9978383052313,9252,6144,805306368.0,10066329.6
Fat Tree,1722,11296737280.0,85.0086467790748,9252,6144,805306368.0,10066329.6
Fat Tree,1723,11296737280.0,85.01945525291829,9252,6144,805306368.0,10066329.6
Fat Tree,1724,11296737280.0,85.03026372676177,9252,6144,805306368.0,10066329.6
Fat Tree,1725,11296737280.0,85.04107220060527,9252,6144,805306368.0,10066329.6
Fat Tree,1726,11296737280.0,85.05188067444877,9252,6144,805306368.0,10066329.6
Fat Tree,1727,11296737280.0,85.06268914829226,9252,6144,805306368.0,10066329.6
Fat Tree,1728,11296737280.0,85.07349762213575,9252,6144,805306368.0,10066329.6
Fat Tree,1729,11296737280.0,85.08430609597924,9252,6144,805306368.0,10066329.6
Fat Tree,1730,11296737280.0,85.09511456982274,9252,6144,805306368.0,10066329.6
Fat Tree,1731,11296737280.0,85.10592304366624,9252,6144,805306368.0,10066329.6
Fat Tree,1732,11296737280.0,85.11673151750972,9252,6144,805306368.0,10066329.6
Fat Tree,1733,11296737280.0,85.12753999135322,9252,6144,805306368.0,10066329.6
Fat Tree,1734,11296737280.0,85.13834846519671,9252,6144,805306368.0,10066329.6
Fat Tree,1735,11296737280.0,85.14915693904021,9252,6144,805306368.0,10066329.6
Fat Tree,1736,11296737280.0,85.1599654128837,9252,6144,805306368.0,10066329.6
Fat Tree,1737,11296737280.0,85.17077388672719,9252,6144,805306368.0,10066329.6
Fat Tree,1738,11296737280.0,85.18158236057069,9252,6144,805306368.0,10066329.6
Fat Tree,1739,11296737280.0,85.19239083441418,9252,6144,805306368.0,10066329.6
Fat Tree,1740,11296737280.0,85.20319930825767,9252,6144,805306368.0,10066329.6
Fat Tree,1741,11296737280.0,85.21400778210116,9252,6144,805306368.0,10066329.6
Fat Tree,1742,11296737280.0,85.22481625594466,9252,6144,805306368.0,10066329.6
Fat Tree,1743,11296737280.0,85.23562472978816,9252,6144,805306368.0,10066329.6
Fat Tree,1744,11296737280.0,85.24643320363164,9252,6144,805306368.0,10066329.6
Fat Tree,1745,11296737280.0,85.25724167747514,9252,6144,805306368.0,10066329.6
Fat Tree,1746,11296737280.0,85.26805015131863,9252,6144,805306368.0,10066329.6
Fat Tree,1747,11296737280.0,85.27885862516213,9252,6144,805306368.0,10066329.6
Fat Tree,1748,11296737280.0,85.28966709900561,9252,6144,805306368.0,10066329.6
Fat Tree,1749,11296737280.0,85.30047557284911,9252,6144,805306368.0,10066329.6
Fat Tree,1750,11296737280.0,85.3112840466926,9252,6144,805306368.0,10066329.6
Fat Tree,1751,11296737280.0,85.3220925205361,9252,6144,805306368.0,10066329.6
Fat Tree,1752,11296737280.0,85.33290099437959,9252,6144,805306368.0,10066329.6
Fat Tree,1753,11296737280.0,85.34370946822308,9252,6144,805306368.0,10066329.6
Fat Tree,1754,11296737280.0,85.35451794206658,9252,6144,805306368.0,10066329.6
Fat Tree,1755,11296737280.0,85.36532641591008,9252,6144,805306368.0,10066329.6
Fat Tree,1756,11296737280.0,85.37613488975356,9252,6144,805306368.0,10066329.6
Fat Tree,1757,11296737280.0,85.38694336359706,9252,6144,805306368.0,10066329.6
Fat Tree,1758,11296737280.0,85.39775183744055,9252,6144,805306368.0,10066329.6
Fat Tree,1759,11296737280.0,85.40856031128405,9252,6144,805306368.0,10066329.6
Fat Tree,1760,11296737280.0,85.41936878512753,9252,6144,805306368.0,10066329.6
Fat Tree,1761,11296737280.0,85.43017725897103,9252,6144,805306368.0,10066329.6
Fat Tree,1762,11296737280.0,85.44098573281453,9252,6144,805306368.0,10066329.6
Fat Tree,1763,11296737280.0,85.45179420665802,9252,6144,805306368.0,10066329.6
Fat Tree,1764,11296737280.0,85.4626026805015,9252,6144,805306368.0,10066329.6
Fat Tree,1765,11296737280.0,85.473411154345,9252,6144,805306368.0,10066329.6
Fat Tree,1766,11296737280.0,85.4842196281885,9252,6144,805306368.0,10066329.6
Fat Tree,1767,11296737280.0,85.495028102032,9252,6144,805306368.0,10066329.6
Fat Tree,1768,11296737280.0,85.50583657587548,9252,6144,805306368.0,10066329.6
Fat Tree,1769,11296737280.0,85.51664504971897,9252,6144,805306368.0,10066329.6
Fat Tree,1770,11296737280.0,85.52745352356247,9252,6144,805306368.0,10066329.6
Fat Tree,1771,11296737280.0,85.53826199740597,9252,6144,805306368.0,10066329.6
Fat Tree,1772,11296737280.0,85.54907047124945,9252,6144,805306368.0,10066329.6
Fat Tree,1773,11296737280.0,85.55987894509295,9252,6144,805306368.0,10066329.6
Fat Tree,1774,11296737280.0,85.57068741893644,9252,6144,805306368.0,10066329.6
Fat Tree,1775,11296737280.0,85.58149589277994,9252,6144,805306368.0,10066329.6
Fat Tree,1776,11296737280.0,85.59230436662342,9252,6144,805306368.0,10066329.6
Fat Tree,1777,11296737280.0,85.60311284046692,9252,6144,805306368.0,10066329.6
Fat Tree,1778,11296737280.0,85.61392131431042,9252,6144,805306368.0,10066329.6
Fat Tree,1779,11296737280.0,85.62472978815391,9252,6144,805306368.0,10066329.6
Fat Tree,1780,11296737280.0,85.6355382619974,9252,6144,805306368.0,10066329.6
Fat Tree,1781,11296737280.0,85.6463467358409,9252,6144,805306368.0,10066329.6
Fat Tree,1782,11296737280.0,85.65715520968439,9252,6144,805306368.0,10066329.6
Fat Tree,1783,11296737280.0,85.66796368352789,9252,6144,805306368.0,10066329.6
Fat Tree,1784,11296737280.0,85.67877215737137,9252,6144,805306368.0,10066329.6
Fat Tree,1785,11296737280.0,85.68958063121487,9252,6144,805306368.0,10066329.6
Fat Tree,1786,11296737280.0,85.70038910505836,9252,6144,805306368.0,10066329.6
Fat Tree,1787,11296737280.0,85.71119757890186,9252,6144,805306368.0,10066329.6
Fat Tree,1788,11296737280.0,85.72200605274534,9252,6144,805306368.0,10066329.6
Fat Tree,1789,11296737280.0,85.73281452658884,9252,6144,805306368.0,10066329.6
Fat Tree,1790,11296737280.0,85.74362300043234,9252,6144,805306368.0,10066329.6
Fat Tree,1791,11296737280.0,85.75443147427583,9252,6144,805306368.0,10066329.6
Fat Tree,1792,11296737280.0,85.76523994811932,9252,6144,805306368.0,10066329.6
Fat Tree,1793,11296737280.0,85.77604842196281,9252,6144,805306368.0,10066329.6
Fat Tree,1794,11296737280.0,85.78685689580631,9252,6144,805306368.0,10066329.6
Fat Tree,1795,11296737280.0,85.7976653696498,9252,6144,805306368.0,10066329.6
Fat Tree,1796,11296737280.0,85.80847384349329,9252,6144,805306368.0,10066329.6
Fat Tree,1797,11296737280.0,85.81928231733679,9252,6144,805306368.0,10066329.6
Fat Tree,1798,11296737280.0,85.83009079118028,9252,6144,805306368.0,10066329.6
Fat Tree,1799,11296737280.0,85.84089926502378,9252,6144,805306368.0,10066329.6
Fat Tree,1800,11296737280.0,85.85170773886726,9252,6144,805306368.0,10066329.6
Fat Tree,1801,11296737280.0,85.86251621271076,9252,6144,805306368.0,10066329.6
Fat Tree,1802,11296737280.0,85.87332468655426,9252,6144,805306368.0,10066329.6
Fat Tree,1803,11296737280.0,85.88413316039775,9252,6144,805306368.0,10066329.6
Fat Tree,1804,11296737280.0,85.89494163424123,9252,6144,805306368.0,10066329.6
Fat Tree,1805,11296737280.0,85.90575010808473,9252,6144,805306368.0,10066329.6
Fat Tree,1806,11296737280.0,85.91655858192823,9252,6144,805306368.0,10066329.6
Fat Tree,1807,11296737280.0,85.92736705577173,9252,6144,805306368.0,10066329.6
Fat Tree,1808,11296737280.0,85.93817552961522,9252,6144,805306368.0,10066329.6
Fat Tree,1809,11296737280.0,85.94898400345872,9252,6144,805306368.0,10066329.6
Fat Tree,1810,11296737280.0,85.95979247730222,9252,6144,805306368.0,10066329.6
Fat Tree,1811,11296737280.0,85.9706009511457,9252,6144,805306368.0,10066329.6
Fat Tree,1812,11296737280.0,85.9814094249892,9252,6144,805306368.0,10066329.6
Fat Tree,1813,11296737280.0,85.99221789883269,9252,6144,805306368.0,10066329.6
Fat Tree,1814,11296737280.0,86.00302637267619,9252,6144,805306368.0,10066329.6
Fat Tree,1815,11296737280.0,86.01383484651967,9252,6144,805306368.0,10066329.6
Fat Tree,1816,11296737280.0,86.02464332036317,9252,6144,805306368.0,10066329.6
Fat Tree,1817,11296737280.0,86.03545179420666,9252,6144,805306368.0,10066329.6
Fat Tree,1818,11296737280.0,86.04626026805016,9252,6144,805306368.0,10066329.6
Fat Tree,1819,11296737280.0,86.05706874189364,9252,6144,805306368.0,10066329.6
Fat Tree,1820,11296737280.0,86.06787721573714,9252,6144,805306368.0,10066329.6
Fat Tree,1821,11296737280.0,86.07868568958064,9252,6144,805306368.0,10066329.6
Fat Tree,1822,11296737280.0,86.08949416342413,9252,6144,805306368.0,10066329.6
Fat Tree,1823,11296737280.0,86.10030263726762,9252,6144,805306368.0,10066329.6
Fat Tree,1824,11296737280.0,86.11111111111111,9252,6144,805306368.0,10066329.6
Fat Tree,1825,11296737280.0,86.12191958495461,9252,6144,805306368.0,10066329.6
Fat Tree,1826,11296737280.0,86.13272805879811,9252,6144,805306368.0,10066329.6
Fat Tree,1827,11296737280.0,86.14353653264159,9252,6144,805306368.0,10066329.6
Fat Tree,1828,11296737280.0,86.15434500648509,9252,6144,805306368.0,10066329.6
Fat Tree,1829,11296737280.0,86.16515348032858,9252,6144,805306368.0,10066329.6
Fat Tree,1830,11296737280.0,86.17596195417208,9252,6144,805306368.0,10066329.6
Fat Tree,1831,11296737280.0,86.18677042801556,9252,6144,805306368.0,10066329.6
Fat Tree,1832,11296737280.0,86.19757890185906,9252,6144,805306368.0,10066329.6
Fat Tree,1833,11296737280.0,86.20838737570256,9252,6144,805306368.0,10066329.6
Fat Tree,1834,11296737280.0,86.21919584954605,9252,6144,805306368.0,10066329.6
Fat Tree,1835,11296737280.0,86.23000432338954,9252,6144,805306368.0,10066329.6
Fat Tree,1836,11296737280.0,86.24081279723303,9252,6144,805306368.0,10066329.6
Fat Tree,1837,11296737280.0,86.25162127107653,9252,6144,805306368.0,10066329.6
Fat Tree,1838,11296737280.0,86.26242974492003,9252,6144,805306368.0,10066329.6
Fat Tree,1839,11296737280.0,86.27323821876351,9252,6144,805306368.0,10066329.6
Fat Tree,1840,11296737280.0,86.284046692607,9252,6144,805306368.0,10066329.6
Fat Tree,1841,11296737280.0,86.2948551664505,9252,6144,805306368.0,10066329.6
Fat Tree,1842,11296737280.0,86.305663640294,9252,6144,805306368.0,10066329.6
Fat Tree,1843,11296737280.0,86.31647211413748,9252,6144,805306368.0,10066329.6
Fat Tree,1844,11296737280.0,86.32728058798098,9252,6144,805306368.0,10066329.6
Fat Tree,1845,11296737280.0,86.33808906182448,9252,6144,805306368.0,10066329.6
Fat Tree,1846,11296737280.0,86.34889753566797,9252,6144,805306368.0,10066329.6
Fat Tree,1847,11296737280.0,86.35970600951146,9252,6144,805306368.0,10066329.6
Fat Tree,1848,11296737280.0,86.37051448335495,9252,6144,805306368.0,10066329.6
Fat Tree,1849,11296737280.0,86.38132295719845,9252,6144,805306368.0,10066329.6
Fat Tree,1850,11296737280.0,86.39213143104195,9252,6144,805306368.0,10066329.6
Fat Tree,1851,11296737280.0,86.40293990488543,9252,6144,805306368.0,10066329.6
Fat Tree,1852,11296737280.0,86.41374837872893,9252,6144,805306368.0,10066329.6
Fat Tree,1853,11296737280.0,86.42455685257242,9252,6144,805306368.0,10066329.6
Fat Tree,1854,11296737280.0,86.43536532641592,9252,6144,805306368.0,10066329.6
Fat Tree,1855,11296737280.0,86.4461738002594,9252,6144,805306368.0,10066329.6
Fat Tree,1856,11296737280.0,86.4569822741029,9252,6144,805306368.0,10066329.6
Fat Tree,1857,11296737280.0,86.4677907479464,9252,6144,805306368.0,10066329.6
Fat Tree,1858,11296737280.0,86.47859922178989,9252,6144,805306368.0,10066329.6
Fat Tree,1859,11296737280.0,86.48940769563337,9252,6144,805306368.0,10066329.6
Fat Tree,1860,11296737280.0,86.50021616947687,9252,6144,805306368.0,10066329.6
Fat Tree,1861,11296737280.0,86.51102464332037,9252,6144,805306368.0,10066329.6
Fat Tree,1862,11296737280.0,86.52183311716387,9252,6144,805306368.0,10066329.6
Fat Tree,1863,11296737280.0,86.53264159100735,9252,6144,805306368.0,10066329.6
Fat Tree,1864,11296737280.0,86.54345006485084,9252,6144,805306368.0,10066329.6
Fat Tree,1865,11296737280.0,86.55425853869434,9252,6144,805306368.0,10066329.6
Fat Tree,1866,11296737280.0,86.56506701253784,9252,6144,805306368.0,10066329.6
Fat Tree,1867,11296737280.0,86.57587548638132,9252,6144,805306368.0,10066329.6
Fat Tree,1868,11296737280.0,86.58668396022482,9252,6144,805306368.0,10066329.6
Fat Tree,1869,11296737280.0,86.59749243406831,9252,6144,805306368.0,10066329.6
Fat Tree,1870,11296737280.0,86.60830090791181,9252,6144,805306368.0,10066329.6
Fat Tree,1871,11296737280.0,86.6191093817553,9252,6144,805306368.0,10066329.6
Fat Tree,1872,11296737280.0,86.62991785559879,9252,6144,805306368.0,10066329.6
Fat Tree,1873,11296737280.0,86.64072632944229,9252,6144,805306368.0,10066329.6
Fat Tree,1874,11296737280.0,86.65153480328578,9252,6144,805306368.0,10066329.6
Fat Tree,1875,11296737280.0,86.66234327712927,9252,6144,805306368.0,10066329.6
Fat Tree,1876,11296737280.0,86.67315175097276,9252,6144,805306368.0,10066329.6
Fat Tree,1877,11296737280.0,86.68396022481626,9252,6144,805306368.0,10066329.6
Fat Tree,1878,11296737280.0,86.69476869865976,9252,6144,805306368.0,10066329.6
Fat Tree,1879,11296737280.0,86.70557717250324,9252,6144,805306368.0,10066329.6
Fat Tree,1880,11296737280.0,86.71638564634674,9252,6144,805306368.0,10066329.6
Fat Tree,1881,11296737280.0,86.72719412019023,9252,6144,805306368.0,10066329.6
Fat Tree,1882,11296737280.0,86.73800259403373,9252,6144,805306368.0,10066329.6
Fat Tree,1883,11296737280.0,86.74881106787721,9252,6144,805306368.0,10066329.6
Fat Tree,1884,11296737280.0,86.75961954172071,9252,6144,805306368.0,10066329.6
Fat Tree,1885,11296737280.0,86.7704280155642,9252,6144,805306368.0,10066329.6
Fat Tree,1886,11296737280.0,86.7812364894077,9252,6144,805306368.0,10066329.6
Fat Tree,1887,11296737280.0,86.79204496325119,9252,6144,805306368.0,10066329.6
Fat Tree,1888,11296737280.0,86.80285343709468,9252,6144,805306368.0,10066329.6
Fat Tree,1889,11296737280.0,86.81366191093818,9252,6144,805306368.0,10066329.6
Fat Tree,1890,11296737280.0,86.82447038478168,9252,6144,805306368.0,10066329.6
Fat Tree,1891,11296737280.0,86.83527885862516,9252,6144,805306368.0,10066329.6
Fat Tree,1892,11296737280.0,86.84608733246866,9252,6144,805306368.0,10066329.6
Fat Tree,1893,11296737280.0,86.85689580631215,9252,6144,805306368.0,10066329.6
Fat Tree,1894,11296737280.0,86.86770428015565,9252,6144,805306368.0,10066329.6
Fat Tree,1895,11296737280.0,86.87851275399913,9252,6144,805306368.0,10066329.6
Fat Tree,1896,11296737280.0,86.88932122784263,9252,6144,805306368.0,10066329.6
Fat Tree,1897,11296737280.0,86.90012970168613,9252,6144,805306368.0,10066329.6
Fat Tree,1898,11296737280.0,86.91093817552962,9252,6144,805306368.0,10066329.6
Fat Tree,1899,11296737280.0,86.9217466493731,9252,6144,805306368.0,10066329.6
Fat Tree,1900,11296737280.0,86.9325551232166,9252,6144,805306368.0,10066329.6
Fat Tree,1901,11296737280.0,86.9433635970601,9252,6144,805306368.0,10066329.6
Fat Tree,1902,11296737280.0,86.9541720709036,9252,6144,805306368.0,10066329.6
Fat Tree,1903,11296737280.0,86.96498054474708,9252,6144,805306368.0,10066329.6
Fat Tree,1904,11296737280.0,86.97578901859058,9252,6144,805306368.0,10066329.6
Fat Tree,1905,11296737280.0,86.98659749243407,9252,6144,805306368.0,10066329.6
Fat Tree,1906,11296737280.0,86.99740596627757,9252,6144,805306368.0,10066329.6
Fat Tree,1907,11296737280.0,87.00821444012105,9252,6144,805306368.0,10066329.6
Fat Tree,1908,11296737280.0,87.01902291396455,9252,6144,805306368.0,10066329.6
Fat Tree,1909,11296737280.0,87.02983138780804,9252,6144,805306368.0,10066329.6
Fat Tree,1910,11296737280.0,87.04063986165154,9252,6144,805306368.0,10066329.6
Fat Tree,1911,11296737280.0,87.05144833549502,9252,6144,805306368.0,10066329.6
Fat Tree,1912,11296737280.0,87.06225680933852,9252,6144,805306368.0,10066329.6
Fat Tree,1913,11296737280.0,87.07306528318202,9252,6144,805306368.0,10066329.6
Fat Tree,1914,11296737280.0,87.08387375702551,9252,6144,805306368.0,10066329.6
Fat Tree,1915,11296737280.0,87.094682230869,9252,6144,805306368.0,10066329.6
Fat Tree,1916,11296737280.0,87.1054907047125,9252,6144,805306368.0,10066329.6
Fat Tree,1917,11296737280.0,87.11629917855599,9252,6144,805306368.0,10066329.6
Fat Tree,1918,11296737280.0,87.12710765239949,9252,6144,805306368.0,10066329.6
Fat Tree,1919,11296737280.0,87.13791612624297,9252,6144,805306368.0,10066329.6
Fat Tree,1920,11296737280.0,87.14872460008647,9252,6144,805306368.0,10066329.6
Fat Tree,1921,11296737280.0,87.15953307392996,9252,6144,805306368.0,10066329.6
Fat Tree,1922,11296737280.0,87.17034154777346,9252,6144,805306368.0,10066329.6
Fat Tree,1923,11296737280.0,87.18115002161694,9252,6144,805306368.0,10066329.6
Fat Tree,1924,11296737280.0,87.19195849546044,9252,6144,805306368.0,10066329.6
Fat Tree,1925,11296737280.0,87.20276696930394,9252,6144,805306368.0,10066329.6
Fat Tree,1926,11296737280.0,87.21357544314743,9252,6144,805306368.0,10066329.6
Fat Tree,1927,11296737280.0,87.22438391699092,9252,6144,805306368.0,10066329.6
Fat Tree,1928,11296737280.0,87.23519239083441,9252,6144,805306368.0,10066329.6
Fat Tree,1929,11296737280.0,87.24600086467791,9252,6144,805306368.0,10066329.6
Fat Tree,1930,11296737280.0,87.2568093385214,9252,6144,805306368.0,10066329.6
Fat Tree,1931,11296737280.0,87.26761781236489,9252,6144,805306368.0,10066329.6
Fat Tree,1932,11296737280.0,87.27842628620839,9252,6144,805306368.0,10066329.6
Fat Tree,1933,11296737280.0,87.28923476005188,9252,6144,805306368.0,10066329.6
Fat Tree,1934,11296737280.0,87.30004323389538,9252,6144,805306368.0,10066329.6
Fat Tree,1935,11296737280.0,87.31085170773886,9252,6144,805306368.0,10066329.6
Fat Tree,1936,11296737280.0,87.32166018158236,9252,6144,805306368.0,10066329.6
Fat Tree,1937,11296737280.0,87.33246865542586,9252,6144,805306368.0,10066329.6
Fat Tree,1938,11296737280.0,87.34327712926935,9252,6144,805306368.0,10066329.6
Fat Tree,1939,11296737280.0,87.35408560311284,9252,6144,805306368.0,10066329.6
Fat Tree,1940,11296737280.0,87.36489407695633,9252,6144,805306368.0,10066329.6
Fat Tree,1941,11296737280.0,87.37570255079983,9252,6144,805306368.0,10066329.6
Fat Tree,1942,11296737280.0,87.38651102464333,9252,6144,805306368.0,10066329.6
Fat Tree,1943,11296737280.0,87.39731949848681,9252,6144,805306368.0,10066329.6
Fat Tree,1944,11296737280.0,87.4081279723303,9252,6144,805306368.0,10066329.6
Fat Tree,1945,11296737280.0,87.4189364461738,9252,6144,805306368.0,10066329.6
Fat Tree,1946,11296737280.0,87.4297449200173,9252,6144,805306368.0,10066329.6
Fat Tree,1947,11296737280.0,87.44055339386078,9252,6144,805306368.0,10066329.6
Fat Tree,1948,11296737280.0,87.45136186770428,9252,6144,805306368.0,10066329.6
Fat Tree,1949,11296737280.0,87.46217034154778,9252,6144,805306368.0,10066329.6
Fat Tree,1950,11296737280.0,87.47297881539127,9252,6144,805306368.0,10066329.6
Fat Tree,1951,11296737280.0,87.48378728923475,9252,6144,805306368.0,10066329.6
Fat Tree,1952,11296737280.0,87.49459576307825,9252,6144,805306368.0,10066329.6
Fat Tree,1953,11296737280.0,87.50540423692175,9252,6144,805306368.0,10066329.6
Fat Tree,1954,11296737280.0,87.51621271076525,9252,6144,805306368.0,10066329.6
Fat Tree,1955,11296737280.0,87.52702118460873,9252,6144,805306368.0,10066329.6
Fat Tree,1956,11296737280.0,87.53782965845222,9252,6144,805306368.0,10066329.6
Fat Tree,1957,11296737280.0,87.54863813229572,9252,6144,805306368.0,10066329.6
Fat Tree,1958,11296737280.0,87.55944660613922,9252,6144,805306368.0,10066329.6
Fat Tree,1959,11296737280.0,87.5702550799827,9252,6144,805306368.0,10066329.6
Fat Tree,1960,11296737280.0,87.5810635538262,9252,6144,805306368.0,10066329.6
Fat Tree,1961,11296737280.0,87.5918720276697,9252,6144,805306368.0,10066329.6
Fat Tree,1962,11296737280.0,87.60268050151319,9252,6144,805306368.0,10066329.6
Fat Tree,1963,11296737280.0,87.61348897535667,9252,6144,805306368.0,10066329.6
Fat Tree,1964,11296737280.0,87.62429744920017,9252,6144,805306368.0,10066329.6
Fat Tree,1965,11296737280.0,87.63510592304367,9252,6144,805306368.0,10066329.6
Fat Tree,1966,11296737280.0,87.64591439688716,9252,6144,805306368.0,10066329.6
Fat Tree,1967,11296737280.0,87.65672287073065,9252,6144,805306368.0,10066329.6
Fat Tree,1968,11296737280.0,87.66753134457414,9252,6144,805306368.0,10066329.6
Fat Tree,1969,11296737280.0,87.67833981841764,9252,6144,805306368.0,10066329.6
Fat Tree,1970,11296737280.0,87.68914829226114,9252,6144,805306368.0,10066329.6
Fat Tree,1971,11296737280.0,87.69995676610462,9252,6144,805306368.0,10066329.6
Fat Tree,1972,11296737280.0,87.71076523994812,9252,6144,805306368.0,10066329.6
Fat Tree,1973,11296737280.0,87.72157371379161,9252,6144,805306368.0,10066329.6
Fat Tree,1974,11296737280.0,87.73238218763511,9252,6144,805306368.0,10066329.6
Fat Tree,1975,11296737280.0,87.7431906614786,9252,6144,805306368.0,10066329.6
Fat Tree,1976,11296737280.0,87.75399913532209,9252,6144,805306368.0,10066329.6
Fat Tree,1977,11296737280.0,87.76480760916559,9252,6144,805306368.0,10066329.6
Fat Tree,1978,11296737280.0,87.77561608300908,9252,6144,805306368.0,10066329.6
Fat Tree,1979,11296737280.0,87.78642455685257,9252,6144,805306368.0,10066329.6
Fat Tree,1980,11296737280.0,87.79723303069606,9252,6144,805306368.0,10066329.6
Fat Tree,1981,11296737280.0,87.80804150453956,9252,6144,805306368.0,10066329.6
Fat Tree,1982,11296737280.0,87.81884997838306,9252,6144,805306368.0,10066329.6
Fat Tree,1983,11296737280.0,87.82965845222654,9252,6144,805306368.0,10066329.6
Fat Tree,1984,11296737280.0,87.84046692607004,9252,6144,805306368.0,10066329.6
Fat Tree,1985,11296737280.0,87.85127539991353,9252,6144,805306368.0,10066329.6
Fat Tree,1986,11296737280.0,87.86208387375703,9252,6144,805306368.0,10066329.6
Fat Tree,1987,11296737280.0,87.87289234760051,9252,6144,805306368.0,10066329.6
Fat Tree,1988,11296737280.0,87.88370082144401,9252,6144,805306368.0,10066329.6
Fat Tree,1989,11296737280.0,87.8945092952875,9252,6144,805306368.0,10066329.6
Fat Tree,1990,11296737280.0,87.905317769131,9252,6144,805306368.0,10066329.6
Fat Tree,1991,11296737280.0,87.91612624297449,9252,6144,805306368.0,10066329.6
Fat Tree,1992,11296737280.0,87.92693471681798,9252,6144,805306368.0,10066329.6
Fat Tree,1993,11296737280.0,87.93774319066148,9252,6144,805306368.0,10066329.6
Fat Tree,1994,11296737280.0,87.94855166450498,9252,6144,805306368.0,10066329.6
Fat Tree,1995,11296737280.0,87.95936013834846,9252,6144,805306368.0,10066329.6
Fat Tree,1996,11296737280.0,87.97016861219196,9252,6144,805306368.0,10066329.6
Fat Tree,1997,11296737280.0,87.98097708603545,9252,6144,805306368.0,10066329.6
Fat Tree,1998,11296737280.0,87.99178555987895,9252,6144,805306368.0,10066329.6
Fat Tree,1999,11296737280.0,88.00259403372243,9252,6144,805306368.0,10066329.6
Fat Tree,2000,11296737280.0,88.01340250756593,9252,6144,805306368.0,10066329.6
Fat Tree,2001,11296737280.0,88.02421098140942,9252,6144,805306368.0,10066329.6
Fat Tree,2002,11296737280.0,88.03501945525292,9252,6144,805306368.0,10066329.6
Fat Tree,2003,11296737280.0,88.0458279290964,9252,6144,805306368.0,10066329.6
Fat Tree,2004,11296737280.0,88.0566364029399,9252,6144,805306368.0,10066329.6
Fat Tree,2005,11296737280.0,88.0674448767834,9252,6144,805306368.0,10066329.6
Fat Tree,2006,11296737280.0,88.0782533506269,9252,6144,805306368.0,10066329.6
Fat Tree,2007,11296737280.0,88.08906182447038,9252,6144,805306368.0,10066329.6
Fat Tree,2008,11296737280.0,88.09987029831387,9252,6144,805306368.0,10066329.6
Fat Tree,2009,11296737280.0,88.11067877215737,9252,6144,805306368.0,10066329.6
Fat Tree,2010,11296737280.0,88.12148724600087,9252,6144,805306368.0,10066329.6
Fat Tree,2011,11296737280.0,88.13229571984435,9252,6144,805306368.0,10066329.6
Fat Tree,2012,11296737280.0,88.14310419368785,9252,6144,805306368.0,10066329.6
Fat Tree,2013,11296737280.0,88.15391266753134,9252,6144,805306368.0,10066329.6
Fat Tree,2014,11296737280.0,88.16472114137484,9252,6144,805306368.0,10066329.6
Fat Tree,2015,11296737280.0,88.17552961521832,9252,6144,805306368.0,10066329.6
Fat Tree,2016,11296737280.0,88.18633808906182,9252,6144,805306368.0,10066329.6
Fat Tree,2017,11296737280.0,88.19714656290532,9252,6144,805306368.0,10066329.6
Fat Tree,2018,11296737280.0,88.20795503674881,9252,6144,805306368.0,10066329.6
Fat Tree,2019,11296737280.0,88.2187635105923,9252,6144,805306368.0,10066329.6
Fat Tree,2020,11296737280.0,88.2295719844358,9252,6144,805306368.0,10066329.6
Fat Tree,2021,11296737280.0,88.24038045827929,9252,6144,805306368.0,10066329.6
Fat Tree,2022,11296737280.0,88.25118893212279,9252,6144,805306368.0,10066329.6
Fat Tree,2023,11296737280.0,88.26199740596627,9252,6144,805306368.0,10066329.6
Fat Tree,2024,11296737280.0,88.27280587980977,9252,6144,805306368.0,10066329.6
Fat Tree,2025,11296737280.0,88.28361435365326,9252,6144,805306368.0,10066329.6
Fat Tree,2026,11296737280.0,88.29442282749676,9252,6144,805306368.0,10066329.6
Fat Tree,2027,11296737280.0,88.30523130134024,9252,6144,805306368.0,10066329.6
Fat Tree,2028,11296737280.0,88.31603977518374,9252,6144,805306368.0,10066329.6
Fat Tree,2029,11296737280.0,88.32684824902724,9252,6144,805306368.0,10066329.6
Fat Tree,2030,11296737280.0,88.33765672287073,9252,6144,805306368.0,10066329.6
Fat Tree,2031,11296737280.0,88.34846519671422,9252,6144,805306368.0,10066329.6
Fat Tree,2032,11296737280.0,88.35927367055771,9252,6144,805306368.0,10066329.6
Fat Tree,2033,11296737280.0,88.37008214440121,9252,6144,805306368.0,10066329.6
Fat Tree,2034,11296737280.0,88.3808906182447,9252,6144,805306368.0,10066329.6
Fat Tree,2035,11296737280.0,88.39169909208819,9252,6144,805306368.0,10066329.6
Fat Tree,2036,11296737280.0,88.40250756593169,9252,6144,805306368.0,10066329.6
Fat Tree,2037,11296737280.0,88.41331603977518,9252,6144,805306368.0,10066329.6
Fat Tree,2038,11296737280.0,88.42412451361868,9252,6144,805306368.0,10066329.6
Fat Tree,2039,11296737280.0,88.43493298746216,9252,6144,805306368.0,10066329.6
Fat Tree,2040,11296737280.0,88.44574146130566,9252,6144,805306368.0,10066329.6
Fat Tree,2041,11296737280.0,88.45654993514916,9252,6144,805306368.0,10066329.6
Fat Tree,2042,11296737280.0,88.46735840899265,9252,6144,805306368.0,10066329.6
Fat Tree,2043,11296737280.0,88.47816688283613,9252,6144,805306368.0,10066329.6
Fat Tree,2044,11296737280.0,88.48897535667963,9252,6144,805306368.0,10066329.6
Fat Tree,2045,11296737280.0,88.49978383052313,9252,6144,805306368.0,10066329.6
Fat Tree,2046,11296737280.0,88.51059230436663,9252,6144,805306368.0,10066329.6
Fat Tree,2047,11296737280.0,88.52140077821011,9252,6144,805306368.0,10066329.6
Fat Tree,2048,11296737280.0,88.5322092520536,9252,6144,805306368.0,10066329.6
Fat Tree,2049,11296737280.0,88.5430177258971,9252,6144,805306368.0,10066329.6
Fat Tree,2050,11296737280.0,88.5538261997406,9252,6144,805306368.0,10066329.6
Fat Tree,2051,11296737280.0,88.56463467358408,9252,6144,805306368.0,10066329.6
Fat Tree,2052,11296737280.0,88.57544314742758,9252,6144,805306368.0,10066329.6
Fat Tree,2053,11296737280.0,88.58625162127107,9252,6144,805306368.0,10066329.6
Fat Tree,2054,11296737280.0,88.59706009511457,9252,6144,805306368.0,10066329.6
Fat Tree,2055,11296737280.0,88.60786856895805,9252,6144,805306368.0,10066329.6
Fat Tree,2056,11296737280.0,88.61867704280155,9252,6144,805306368.0,10066329.6
Fat Tree,2057,11296737280.0,88.62948551664505,9252,6144,805306368.0,10066329.6
Fat Tree,2058,11296737280.0,88.64029399048854,9252,6144,805306368.0,10066329.6
Fat Tree,2059,11296737280.0,88.65110246433203,9252,6144,805306368.0,10066329.6
Fat Tree,2060,11296737280.0,88.66191093817552,9252,6144,805306368.0,10066329.6
Fat Tree,2061,11296737280.0,88.67271941201902,9252,6144,805306368.0,10066329.6
Fat Tree,2062,11296737280.0,88.68352788586252,9252,6144,805306368.0,10066329.6
Fat Tree,2063,11296737280.0,88.694336359706,9252,6144,805306368.0,10066329.6
Fat Tree,2064,11296737280.0,88.7051448335495,9252,6144,805306368.0,10066329.6
Fat Tree,2065,11296737280.0,88.715953307393,9252,6144,805306368.0,10066329.6
Fat Tree,2066,11296737280.0,88.72676178123649,9252,6144,805306368.0,10066329.6
Fat Tree,2067,11296737280.0,88.73757025507997,9252,6144,805306368.0,10066329.6
Fat Tree,2068,11296737280.0,88.74837872892347,9252,6144,805306368.0,10066329.6
Fat Tree,2069,11296737280.0,88.75918720276697,9252,6144,805306368.0,10066329.6
Fat Tree,2070,11296737280.0,88.76999567661046,9252,6144,805306368.0,10066329.6
Fat Tree,2071,11296737280.0,88.78080415045395,9252,6144,805306368.0,10066329.6
Fat Tree,2072,11296737280.0,88.79161262429744,9252,6144,805306368.0,10066329.6
Fat Tree,2073,11296737280.0,88.80242109814094,9252,6144,805306368.0,10066329.6
Fat Tree,2074,11296737280.0,88.81322957198444,9252,6144,805306368.0,10066329.6
Fat Tree,2075,11296737280.0,88.82403804582792,9252,6144,805306368.0,10066329.6
Fat Tree,2076,11296737280.0,88.83484651967142,9252,6144,805306368.0,10066329.6
Fat Tree,2077,11296737280.0,88.84565499351491,9252,6144,805306368.0,10066329.6
Fat Tree,2078,11296737280.0,88.85646346735841,9252,6144,805306368.0,10066329.6
Fat Tree,2079,11296737280.0,88.86727194120189,9252,6144,805306368.0,10066329.6
Fat Tree,2080,11296737280.0,88.87808041504539,9252,6144,805306368.0,10066329.6
Fat Tree,2081,11296737280.0,88.88888888888889,9252,6144,805306368.0,10066329.6
Fat Tree,2082,11296737280.0,88.89969736273238,9252,6144,805306368.0,10066329.6
Fat Tree,2083,11296737280.0,88.91050583657587,9252,6144,805306368.0,10066329.6
Fat Tree,2084,11296737280.0,88.92131431041936,9252,6144,805306368.0,10066329.6
Fat Tree,2085,11296737280.0,88.93212278426286,9252,6144,805306368.0,10066329.6
Fat Tree,2086,447259410432.0,88.94293125810636,9252,6144,805306368.0,10066329.6
Fat Tree,2087,447259410432.0,88.95373973194984,9252,6144,805306368.0,10066329.6
Fat Tree,2088,447259410432.0,88.96454820579334,9252,6144,805306368.0,10066329.6
Fat Tree,2089,447259410432.0,88.97535667963683,9252,6144,805306368.0,10066329.6
Fat Tree,2090,447259410432.0,88.98616515348033,9252,6144,805306368.0,10066329.6
Fat Tree,2091,447259410432.0,88.99697362732381,9252,6144,805306368.0,10066329.6
Fat Tree,2092,447259410432.0,89.00778210116731,9252,6144,805306368.0,10066329.6
Fat Tree,2093,447259410432.0,89.0185905750108,9252,6144,805306368.0,10066329.6
Fat Tree,2094,447259410432.0,89.0293990488543,9252,6144,805306368.0,10066329.6
Fat Tree,2095,447259410432.0,89.04020752269778,9252,6144,805306368.0,10066329.6
Fat Tree,2096,447259410432.0,89.05101599654128,9252,6144,805306368.0,10066329.6
Fat Tree,2097,447259410432.0,89.06182447038478,9252,6144,805306368.0,10066329.6
Fat Tree,2098,447259410432.0,89.07263294422827,9252,6144,805306368.0,10066329.6
Fat Tree,2099,447259410432.0,89.08344141807177,9252,6144,805306368.0,10066329.6
Fat Tree,2100,447259410432.0,89.09424989191527,9252,6144,805306368.0,10066329.6
Fat Tree,2101,447259410432.0,89.10505836575877,9252,6144,805306368.0,10066329.6
Fat Tree,2102,447259410432.0,89.11586683960225,9252,6144,805306368.0,10066329.6
Fat Tree,2103,447259410432.0,89.12667531344574,9252,6144,805306368.0,10066329.6
Fat Tree,2104,447259410432.0,89.13748378728924,9252,6144,805306368.0,10066329.6
Fat Tree,2105,447259410432.0,89.14829226113274,9252,6144,805306368.0,10066329.6
Fat Tree,2106,447259410432.0,89.15910073497622,9252,6144,805306368.0,10066329.6
Fat Tree,2107,447259410432.0,89.16990920881972,9252,6144,805306368.0,10066329.6
Fat Tree,2108,447259410432.0,89.18071768266321,9252,6144,805306368.0,10066329.6
Fat Tree,2109,447259410432.0,89.19152615650671,9252,6144,805306368.0,10066329.6
Fat Tree,2110,447259410432.0,89.2023346303502,9252,6144,805306368.0,10066329.6
Fat Tree,2111,447259410432.0,89.21314310419369,9252,6144,805306368.0,10066329.6
Fat Tree,2112,447259410432.0,89.22395157803719,9252,6144,805306368.0,10066329.6
Fat Tree,2113,447259410432.0,89.23476005188068,9252,6144,805306368.0,10066329.6
Fat Tree,2114,447259410432.0,89.24556852572417,9252,6144,805306368.0,10066329.6
Fat Tree,2115,447259410432.0,89.25637699956766,9252,6144,805306368.0,10066329.6
Fat Tree,2116,447259410432.0,89.26718547341116,9252,6144,805306368.0,10066329.6
Fat Tree,2117,447259410432.0,89.27799394725466,9252,6144,805306368.0,10066329.6
Fat Tree,2118,447259410432.0,89.28880242109814,9252,6144,805306368.0,10066329.6
Fat Tree,2119,447259410432.0,89.29961089494164,9252,6144,805306368.0,10066329.6
Fat Tree,2120,447259410432.0,89.31041936878513,9252,6144,805306368.0,10066329.6
Fat Tree,2121,447259410432.0,89.32122784262863,9252,6144,805306368.0,10066329.6
Fat Tree,2122,447259410432.0,89.33203631647211,9252,6144,805306368.0,10066329.6
Fat Tree,2123,447259410432.0,89.34284479031561,9252,6144,805306368.0,10066329.6
Fat Tree,2124,447259410432.0,89.3536532641591,9252,6144,805306368.0,10066329.6
Fat Tree,2125,447259410432.0,89.3644617380026,9252,6144,805306368.0,10066329.6
Fat Tree,2126,447259410432.0,89.37527021184609,9252,6144,805306368.0,10066329.6
Fat Tree,2127,447259410432.0,89.38607868568958,9252,6144,805306368.0,10066329.6
Fat Tree,2128,447259410432.0,89.39688715953308,9252,6144,805306368.0,10066329.6
Fat Tree,2129,447259410432.0,89.40769563337658,9252,6144,805306368.0,10066329.6
Fat Tree,2130,447259410432.0,89.41850410722006,9252,6144,805306368.0,10066329.6
Fat Tree,2131,447259410432.0,89.42931258106356,9252,6144,805306368.0,10066329.6
Fat Tree,2132,447259410432.0,89.44012105490705,9252,6144,805306368.0,10066329.6
Fat Tree,2133,447259410432.0,89.45092952875055,9252,6144,805306368.0,10066329.6
Fat Tree,2134,447259410432.0,89.46173800259403,9252,6144,805306368.0,10066329.6
Fat Tree,2135,447259410432.0,89.47254647643753,9252,6144,805306368.0,10066329.6
Fat Tree,2136,447259410432.0,89.48335495028103,9252,6144,805306368.0,10066329.6
Fat Tree,2137,447259410432.0,89.49416342412452,9252,6144,805306368.0,10066329.6
Fat Tree,2138,447259410432.0,89.504971897968,9252,6144,805306368.0,10066329.6
Fat Tree,2139,447259410432.0,89.5157803718115,9252,6144,805306368.0,10066329.6
Fat Tree,2140,447259410432.0,89.526588845655,9252,6144,805306368.0,10066329.6
Fat Tree,2141,447259410432.0,89.5373973194985,9252,6144,805306368.0,10066329.6
Fat Tree,2142,447259410432.0,89.54820579334198,9252,6144,805306368.0,10066329.6
Fat Tree,2143,447259410432.0,89.55901426718547,9252,6144,805306368.0,10066329.6
Fat Tree,2144,447259410432.0,89.56982274102897,9252,6144,805306368.0,10066329.6
Fat Tree,2145,447259410432.0,89.58063121487247,9252,6144,805306368.0,10066329.6
Fat Tree,2146,447259410432.0,89.59143968871595,9252,6144,805306368.0,10066329.6
Fat Tree,2147,447259410432.0,89.60224816255945,9252,6144,805306368.0,10066329.6
Fat Tree,2148,447259410432.0,89.61305663640294,9252,6144,805306368.0,10066329.6
Fat Tree,2149,447259410432.0,89.62386511024644,9252,6144,805306368.0,10066329.6
Fat Tree,2150,447259410432.0,89.63467358408992,9252,6144,805306368.0,10066329.6
Fat Tree,2151,447259410432.0,89.64548205793342,9252,6144,805306368.0,10066329.6
Fat Tree,2152,447259410432.0,89.65629053177692,9252,6144,805306368.0,10066329.6
Fat Tree,2153,447259410432.0,89.66709900562041,9252,6144,805306368.0,10066329.6
Fat Tree,2154,447259410432.0,89.6779074794639,9252,6144,805306368.0,10066329.6
Fat Tree,2155,447259410432.0,89.6887159533074,9252,6144,805306368.0,10066329.6
Fat Tree,2156,447259410432.0,89.69952442715089,9252,6144,805306368.0,10066329.6
Fat Tree,2157,447259410432.0,89.71033290099439,9252,6144,805306368.0,10066329.6
Fat Tree,2158,447259410432.0,89.72114137483787,9252,6144,805306368.0,10066329.6
Fat Tree,2159,447259410432.0,89.73194984868137,9252,6144,805306368.0,10066329.6
Fat Tree,2160,447259410432.0,89.74275832252486,9252,6144,805306368.0,10066329.6
Fat Tree,2161,447259410432.0,89.75356679636836,9252,6144,805306368.0,10066329.6
Fat Tree,2162,447259410432.0,89.76437527021184,9252,6144,805306368.0,10066329.6
Fat Tree,2163,447259410432.0,89.77518374405534,9252,6144,805306368.0,10066329.6
Fat Tree,2164,447259410432.0,89.78599221789884,9252,6144,805306368.0,10066329.6
Fat Tree,2165,447259410432.0,89.79680069174233,9252,6144,805306368.0,10066329.6
Fat Tree,2166,447259410432.0,89.80760916558582,9252,6144,805306368.0,10066329.6
Fat Tree,2167,447259410432.0,89.81841763942931,9252,6144,805306368.0,10066329.6
Fat Tree,2168,447259410432.0,89.82922611327281,9252,6144,805306368.0,10066329.6
Fat Tree,2169,447259410432.0,89.8400345871163,9252,6144,805306368.0,10066329.6
Fat Tree,2170,447259410432.0,89.85084306095979,9252,6144,805306368.0,10066329.6
Fat Tree,2171,447259410432.0,89.86165153480329,9252,6144,805306368.0,10066329.6
Fat Tree,2172,447259410432.0,89.87246000864678,9252,6144,805306368.0,10066329.6
Fat Tree,2173,447259410432.0,89.88326848249028,9252,6144,805306368.0,10066329.6
Fat Tree,2174,447259410432.0,89.89407695633376,9252,6144,805306368.0,10066329.6
Fat Tree,2175,447259410432.0,89.90488543017726,9252,6144,805306368.0,10066329.6
Fat Tree,2176,447259410432.0,89.91569390402076,9252,6144,805306368.0,10066329.6
Fat Tree,2177,447259410432.0,89.92650237786425,9252,6144,805306368.0,10066329.6
Fat Tree,2178,447259410432.0,89.93731085170774,9252,6144,805306368.0,10066329.6
Fat Tree,2179,447259410432.0,89.94811932555123,9252,6144,805306368.0,10066329.6
Fat Tree,2180,447259410432.0,89.95892779939473,9252,6144,805306368.0,10066329.6
Fat Tree,2181,447259410432.0,89.96973627323823,9252,6144,805306368.0,10066329.6
Fat Tree,2182,447259410432.0,89.98054474708171,9252,6144,805306368.0,10066329.6
Fat Tree,2183,447259410432.0,89.9913532209252,9252,6144,805306368.0,10066329.6
Fat Tree,2184,447259410432.0,90.0021616947687,9252,6144,805306368.0,10066329.6
Fat Tree,2185,447259410432.0,90.0129701686122,9252,6144,805306368.0,10066329.6
Fat Tree,2186,447259410432.0,90.02377864245568,9252,6144,805306368.0,10066329.6
Fat Tree,2187,447259410432.0,90.03458711629918,9252,6144,805306368.0,10066329.6
Fat Tree,2188,447259410432.0,90.04539559014268,9252,6144,805306368.0,10066329.6
Fat Tree,2189,447259410432.0,90.05620406398617,9252,6144,805306368.0,10066329.6
Fat Tree,2190,447259410432.0,90.06701253782965,9252,6144,805306368.0,10066329.6
Fat Tree,2191,447259410432.0,90.07782101167315,9252,6144,805306368.0,10066329.6
Fat Tree,2192,447259410432.0,90.08862948551665,9252,6144,805306368.0,10066329.6
Fat Tree,2193,447259410432.0,90.09943795936015,9252,6144,805306368.0,10066329.6
Fat Tree,2194,447259410432.0,90.11024643320363,9252,6144,805306368.0,10066329.6
Fat Tree,2195,447259410432.0,90.12105490704712,9252,6144,805306368.0,10066329.6
Fat Tree,2196,447259410432.0,90.13186338089062,9252,6144,805306368.0,10066329.6
Fat Tree,2197,447259410432.0,90.14267185473412,9252,6144,805306368.0,10066329.6
Fat Tree,2198,447259410432.0,90.1534803285776,9252,6144,805306368.0,10066329.6
Fat Tree,2199,447259410432.0,90.1642888024211,9252,6144,805306368.0,10066329.6
Fat Tree,2200,447259410432.0,90.1750972762646,9252,6144,805306368.0,10066329.6
Fat Tree,2201,447259410432.0,90.18590575010809,9252,6144,805306368.0,10066329.6
Fat Tree,2202,447259410432.0,90.19671422395157,9252,6144,805306368.0,10066329.6
Fat Tree,2203,447259410432.0,90.20752269779507,9252,6144,805306368.0,10066329.6
Fat Tree,2204,447259410432.0,90.21833117163857,9252,6144,805306368.0,10066329.6
Fat Tree,2205,447259410432.0,90.22913964548206,9252,6144,805306368.0,10066329.6
Fat Tree,2206,447259410432.0,90.23994811932555,9252,6144,805306368.0,10066329.6
Fat Tree,2207,447259410432.0,90.25075659316904,9252,6144,805306368.0,10066329.6
Fat Tree,2208,447259410432.0,90.26156506701254,9252,6144,805306368.0,10066329.6
Fat Tree,2209,447259410432.0,90.27237354085604,9252,6144,805306368.0,10066329.6
Fat Tree,2210,447259410432.0,90.28318201469952,9252,6144,805306368.0,10066329.6
Fat Tree,2211,447259410432.0,90.29399048854302,9252,6144,805306368.0,10066329.6
Fat Tree,2212,447259410432.0,90.30479896238651,9252,6144,805306368.0,10066329.6
Fat Tree,2213,447259410432.0,90.31560743623001,9252,6144,805306368.0,10066329.6
Fat Tree,2214,447259410432.0,90.3264159100735,9252,6144,805306368.0,10066329.6
Fat Tree,2215,447259410432.0,90.33722438391699,9252,6144,805306368.0,10066329.6
Fat Tree,2216,447259410432.0,90.34803285776049,9252,6144,805306368.0,10066329.6
Fat Tree,2217,447259410432.0,90.35884133160398,9252,6144,805306368.0,10066329.6
Fat Tree,2218,447259410432.0,90.36964980544747,9252,6144,805306368.0,10066329.6
Fat Tree,2219,447259410432.0,90.38045827929096,9252,6144,805306368.0,10066329.6
Fat Tree,2220,447259410432.0,90.39126675313446,9252,6144,805306368.0,10066329.6
Fat Tree,2221,447259410432.0,90.40207522697796,9252,6144,805306368.0,10066329.6
Fat Tree,2222,447259410432.0,90.41288370082144,9252,6144,805306368.0,10066329.6
Fat Tree,2223,447259410432.0,90.42369217466494,9252,6144,805306368.0,10066329.6
Fat Tree,2224,447259410432.0,90.43450064850843,9252,6144,805306368.0,10066329.6
Fat Tree,2225,447259410432.0,90.44530912235193,9252,6144,805306368.0,10066329.6
Fat Tree,2226,447259410432.0,90.45611759619541,9252,6144,805306368.0,10066329.6
Fat Tree,2227,447259410432.0,90.46692607003891,9252,6144,805306368.0,10066329.6
Fat Tree,2228,447259410432.0,90.4777345438824,9252,6144,805306368.0,10066329.6
Fat Tree,2229,447259410432.0,90.4885430177259,9252,6144,805306368.0,10066329.6
Fat Tree,2230,447259410432.0,90.49935149156939,9252,6144,805306368.0,10066329.6
Fat Tree,2231,447259410432.0,90.51015996541288,9252,6144,805306368.0,10066329.6
Fat Tree,2232,447259410432.0,90.52096843925638,9252,6144,805306368.0,10066329.6
Fat Tree,2233,447259410432.0,90.53177691309988,9252,6144,805306368.0,10066329.6
Fat Tree,2234,447259410432.0,90.54258538694336,9252,6144,805306368.0,10066329.6
Fat Tree,2235,447259410432.0,90.55339386078685,9252,6144,805306368.0,10066329.6
Fat Tree,2236,447259410432.0,90.56420233463035,9252,6144,805306368.0,10066329.6
Fat Tree,2237,447259410432.0,90.57501080847385,9252,6144,805306368.0,10066329.6
Fat Tree,2238,447259410432.0,90.58581928231733,9252,6144,805306368.0,10066329.6
Fat Tree,2239,447259410432.0,90.59662775616083,9252,6144,805306368.0,10066329.6
Fat Tree,2240,447259410432.0,90.60743623000432,9252,6144,805306368.0,10066329.6
Fat Tree,2241,447259410432.0,90.61824470384782,9252,6144,805306368.0,10066329.6
Fat Tree,2242,447259410432.0,90.6290531776913,9252,6144,805306368.0,10066329.6
Fat Tree,2243,447259410432.0,90.6398616515348,9252,6144,805306368.0,10066329.6
Fat Tree,2244,447259410432.0,90.6506701253783,9252,6144,805306368.0,10066329.6
Fat Tree,2245,447259410432.0,90.6614785992218,9252,6144,805306368.0,10066329.6
Fat Tree,2246,447259410432.0,90.67228707306528,9252,6144,805306368.0,10066329.6
Fat Tree,2247,447259410432.0,90.68309554690877,9252,6144,805306368.0,10066329.6
Fat Tree,2248,447259410432.0,90.69390402075227,9252,6144,805306368.0,10066329.6
Fat Tree,2249,447259410432.0,90.70471249459577,9252,6144,805306368.0,10066329.6
Fat Tree,2250,447259410432.0,90.71552096843925,9252,6144,805306368.0,10066329.6
Fat Tree,2251,447259410432.0,90.72632944228275,9252,6144,805306368.0,10066329.6
Fat Tree,2252,447259410432.0,90.73713791612624,9252,6144,805306368.0,10066329.6
Fat Tree,2253,447259410432.0,90.74794638996974,9252,6144,805306368.0,10066329.6
Fat Tree,2254,447259410432.0,90.75875486381322,9252,6144,805306368.0,10066329.6
Fat Tree,2255,447259410432.0,90.76956333765672,9252,6144,805306368.0,10066329.6
Fat Tree,2256,447259410432.0,90.78037181150022,9252,6144,805306368.0,10066329.6
Fat Tree,2257,447259410432.0,90.79118028534371,9252,6144,805306368.0,10066329.6
Fat Tree,2258,447259410432.0,90.8019887591872,9252,6144,805306368.0,10066329.6
Fat Tree,2259,447259410432.0,90.8127972330307,9252,6144,805306368.0,10066329.6
Fat Tree,2260,447259410432.0,90.82360570687419,9252,6144,805306368.0,10066329.6
Fat Tree,2261,447259410432.0,90.83441418071769,9252,6144,805306368.0,10066329.6
Fat Tree,2262,447259410432.0,90.84522265456117,9252,6144,805306368.0,10066329.6
Fat Tree,2263,447259410432.0,90.85603112840467,9252,6144,805306368.0,10066329.6
Fat Tree,2264,447259410432.0,90.86683960224816,9252,6144,805306368.0,10066329.6
Fat Tree,2265,447259410432.0,90.87764807609166,9252,6144,805306368.0,10066329.6
Fat Tree,2266,447259410432.0,90.88845654993514,9252,6144,805306368.0,10066329.6
Fat Tree,2267,447259410432.0,90.89926502377864,9252,6144,805306368.0,10066329.6
Fat Tree,2268,447259410432.0,90.91007349762214,9252,6144,805306368.0,10066329.6
Fat Tree,2269,447259410432.0,90.92088197146563,9252,6144,805306368.0,10066329.6
Fat Tree,2270,447259410432.0,90.93169044530912,9252,6144,805306368.0,10066329.6
Fat Tree,2271,447259410432.0,90.94249891915261,9252,6144,805306368.0,10066329.6
Fat Tree,2272,447259410432.0,90.95330739299611,9252,6144,805306368.0,10066329.6
Fat Tree,2273,447259410432.0,90.9641158668396,9252,6144,805306368.0,10066329.6
Fat Tree,2274,447259410432.0,90.97492434068309,9252,6144,805306368.0,10066329.6
Fat Tree,2275,447259410432.0,90.98573281452659,9252,6144,805306368.0,10066329.6
Fat Tree,2276,447259410432.0,90.99654128837008,9252,6144,805306368.0,10066329.6
Fat Tree,2277,447259410432.0,91.00734976221358,9252,6144,805306368.0,10066329.6
Fat Tree,2278,447259410432.0,91.01815823605706,9252,6144,805306368.0,10066329.6
Fat Tree,2279,447259410432.0,91.02896670990056,9252,6144,805306368.0,10066329.6
Fat Tree,2280,447259410432.0,91.03977518374406,9252,6144,805306368.0,10066329.6
Fat Tree,2281,447259410432.0,91.05058365758755,9252,6144,805306368.0,10066329.6
Fat Tree,2282,447259410432.0,91.06139213143103,9252,6144,805306368.0,10066329.6
Fat Tree,2283,447259410432.0,91.07220060527453,9252,6144,805306368.0,10066329.6
Fat Tree,2284,447259410432.0,91.08300907911803,9252,6144,805306368.0,10066329.6
Fat Tree,2285,447259410432.0,91.09381755296153,9252,6144,805306368.0,10066329.6
Fat Tree,2286,447259410432.0,91.10462602680501,9252,6144,805306368.0,10066329.6
Fat Tree,2287,447259410432.0,91.1154345006485,9252,6144,805306368.0,10066329.6
Fat Tree,2288,447259410432.0,91.126242974492,9252,6144,805306368.0,10066329.6
Fat Tree,2289,447259410432.0,91.1370514483355,9252,6144,805306368.0,10066329.6
Fat Tree,2290,447259410432.0,91.14785992217898,9252,6144,805306368.0,10066329.6
Fat Tree,2291,447259410432.0,91.15866839602248,9252,6144,805306368.0,10066329.6
Fat Tree,2292,447259410432.0,91.16947686986597,9252,6144,805306368.0,10066329.6
Fat Tree,2293,447259410432.0,91.18028534370947,9252,6144,805306368.0,10066329.6
Fat Tree,2294,447259410432.0,91.19109381755295,9252,6144,805306368.0,10066329.6
Fat Tree,2295,447259410432.0,91.20190229139645,9252,6144,805306368.0,10066329.6
Fat Tree,2296,447259410432.0,91.21271076523995,9252,6144,805306368.0,10066329.6
Fat Tree,2297,447259410432.0,91.22351923908344,9252,6144,805306368.0,10066329.6
Fat Tree,2298,447259410432.0,91.23432771292693,9252,6144,805306368.0,10066329.6
Fat Tree,2299,447259410432.0,91.24513618677042,9252,6144,805306368.0,10066329.6
Fat Tree,2300,447259410432.0,91.25594466061392,9252,6144,805306368.0,10066329.6
Fat Tree,2301,447259410432.0,91.26675313445742,9252,6144,805306368.0,10066329.6
Fat Tree,2302,447259410432.0,91.2775616083009,9252,6144,805306368.0,10066329.6
Fat Tree,2303,447259410432.0,91.2883700821444,9252,6144,805306368.0,10066329.6
Fat Tree,2304,447259410432.0,91.2991785559879,9252,6144,805306368.0,10066329.6
Fat Tree,2305,447259410432.0,91.30998702983139,9252,6144,805306368.0,10066329.6
Fat Tree,2306,447259410432.0,91.32079550367487,9252,6144,805306368.0,10066329.6
Fat Tree,2307,447259410432.0,91.33160397751837,9252,6144,805306368.0,10066329.6
Fat Tree,2308,447259410432.0,91.34241245136187,9252,6144,805306368.0,10066329.6
Fat Tree,2309,447259410432.0,91.35322092520536,9252,6144,805306368.0,10066329.6
Fat Tree,2310,447259410432.0,91.36402939904885,9252,6144,805306368.0,10066329.6
Fat Tree,2311,447259410432.0,91.37483787289234,9252,6144,805306368.0,10066329.6
Fat Tree,2312,447259410432.0,91.38564634673584,9252,6144,805306368.0,10066329.6
Fat Tree,2313,447259410432.0,91.39645482057934,9252,6144,805306368.0,10066329.6
Fat Tree,2314,447259410432.0,91.40726329442282,9252,6144,805306368.0,10066329.6
Fat Tree,2315,447259410432.0,91.41807176826632,9252,6144,805306368.0,10066329.6
Fat Tree,2316,447259410432.0,91.42888024210981,9252,6144,805306368.0,10066329.6
Fat Tree,2317,447259410432.0,91.43968871595331,9252,6144,805306368.0,10066329.6
Fat Tree,2318,447259410432.0,91.45049718979679,9252,6144,805306368.0,10066329.6
Fat Tree,2319,447259410432.0,91.46130566364029,9252,6144,805306368.0,10066329.6
Fat Tree,2320,447259410432.0,91.47211413748379,9252,6144,805306368.0,10066329.6
Fat Tree,2321,447259410432.0,91.48292261132728,9252,6144,805306368.0,10066329.6
Fat Tree,2322,447259410432.0,91.49373108517077,9252,6144,805306368.0,10066329.6
Fat Tree,2323,447259410432.0,91.50453955901426,9252,6144,805306368.0,10066329.6
Fat Tree,2324,447259410432.0,91.51534803285776,9252,6144,805306368.0,10066329.6
Fat Tree,2325,447259410432.0,91.52615650670126,9252,6144,805306368.0,10066329.6
Fat Tree,2326,447259410432.0,91.53696498054474,9252,6144,805306368.0,10066329.6
Fat Tree,2327,447259410432.0,91.54777345438823,9252,6144,805306368.0,10066329.6
Fat Tree,2328,447259410432.0,91.55858192823173,9252,6144,805306368.0,10066329.6
Fat Tree,2329,447259410432.0,91.56939040207523,9252,6144,805306368.0,10066329.6
Fat Tree,2330,447259410432.0,91.58019887591871,9252,6144,805306368.0,10066329.6
Fat Tree,2331,447259410432.0,91.59100734976221,9252,6144,805306368.0,10066329.6
Fat Tree,2332,447259410432.0,91.6018158236057,9252,6144,805306368.0,10066329.6
Fat Tree,2333,447259410432.0,91.6126242974492,9252,6144,805306368.0,10066329.6
Fat Tree,2334,447259410432.0,91.62343277129268,9252,6144,805306368.0,10066329.6
Fat Tree,2335,447259410432.0,91.63424124513618,9252,6144,805306368.0,10066329.6
Fat Tree,2336,447259410432.0,91.64504971897968,9252,6144,805306368.0,10066329.6
Fat Tree,2337,447259410432.0,91.65585819282317,9252,6144,805306368.0,10066329.6
Fat Tree,2338,447259410432.0,91.66666666666666,9252,6144,805306368.0,10066329.6
Fat Tree,2339,447259410432.0,91.67747514051015,9252,6144,805306368.0,10066329.6
Fat Tree,2340,447259410432.0,91.68828361435365,9252,6144,805306368.0,10066329.6
Fat Tree,2341,447259410432.0,91.69909208819715,9252,6144,805306368.0,10066329.6
Fat Tree,2342,447259410432.0,91.70990056204063,9252,6144,805306368.0,10066329.6
Fat Tree,2343,447259410432.0,91.72070903588413,9252,6144,805306368.0,10066329.6
Fat Tree,2344,447259410432.0,91.73151750972762,9252,6144,805306368.0,10066329.6
Fat Tree,2345,447259410432.0,91.74232598357112,9252,6144,805306368.0,10066329.6
Fat Tree,2346,447259410432.0,91.7531344574146,9252,6144,805306368.0,10066329.6
Fat Tree,2347,447259410432.0,91.7639429312581,9252,6144,805306368.0,10066329.6
Fat Tree,2348,447259410432.0,91.7747514051016,9252,6144,805306368.0,10066329.6
Fat Tree,2349,447259410432.0,91.7855598789451,9252,6144,805306368.0,10066329.6
Fat Tree,2350,447259410432.0,91.79636835278858,9252,6144,805306368.0,10066329.6
Fat Tree,2351,447259410432.0,91.80717682663207,9252,6144,805306368.0,10066329.6
Fat Tree,2352,447259410432.0,91.81798530047557,9252,6144,805306368.0,10066329.6
Fat Tree,2353,447259410432.0,91.82879377431907,9252,6144,805306368.0,10066329.6
Fat Tree,2354,447259410432.0,91.83960224816255,9252,6144,805306368.0,10066329.6
Fat Tree,2355,447259410432.0,91.85041072200605,9252,6144,805306368.0,10066329.6
Fat Tree,2356,447259410432.0,91.86121919584954,9252,6144,805306368.0,10066329.6
Fat Tree,2357,447259410432.0,91.87202766969304,9252,6144,805306368.0,10066329.6
Fat Tree,2358,447259410432.0,91.88283614353652,9252,6144,805306368.0,10066329.6
Fat Tree,2359,447259410432.0,91.89364461738002,9252,6144,805306368.0,10066329.6
Fat Tree,2360,447259410432.0,91.90445309122352,9252,6144,805306368.0,10066329.6
Fat Tree,2361,447259410432.0,91.91526156506701,9252,6144,805306368.0,10066329.6
Fat Tree,2362,447259410432.0,91.9260700389105,9252,6144,805306368.0,10066329.6
Fat Tree,2363,447259410432.0,91.93687851275399,9252,6144,805306368.0,10066329.6
Fat Tree,2364,447259410432.0,91.94768698659749,9252,6144,805306368.0,10066329.6
Fat Tree,2365,447259410432.0,91.95849546044099,9252,6144,805306368.0,10066329.6
Fat Tree,2366,447259410432.0,91.96930393428447,9252,6144,805306368.0,10066329.6
Fat Tree,2367,447259410432.0,91.98011240812797,9252,6144,805306368.0,10066329.6
Fat Tree,2368,447259410432.0,91.99092088197146,9252,6144,805306368.0,10066329.6
Fat Tree,2369,447259410432.0,92.00172935581496,9252,6144,805306368.0,10066329.6
Fat Tree,2370,447259410432.0,92.01253782965844,9252,6144,805306368.0,10066329.6
Fat Tree,2371,447259410432.0,92.02334630350194,9252,6144,805306368.0,10066329.6
Fat Tree,2372,447259410432.0,92.03415477734544,9252,6144,805306368.0,10066329.6
Fat Tree,2373,447259410432.0,92.04496325118893,9252,6144,805306368.0,10066329.6
Fat Tree,2374,447259410432.0,92.05577172503241,9252,6144,805306368.0,10066329.6
Fat Tree,2375,447259410432.0,92.06658019887591,9252,6144,805306368.0,10066329.6
Fat Tree,2376,447259410432.0,92.07738867271941,9252,6144,805306368.0,10066329.6
Fat Tree,2377,447259410432.0,92.0881971465629,9252,6144,805306368.0,10066329.6
Fat Tree,2378,447259410432.0,92.09900562040639,9252,6144,805306368.0,10066329.6
Fat Tree,2379,447259410432.0,92.10981409424988,9252,6144,805306368.0,10066329.6
Fat Tree,2380,447259410432.0,92.12062256809338,9252,6144,805306368.0,10066329.6
Fat Tree,2381,447259410432.0,92.13143104193688,9252,6144,805306368.0,10066329.6
Fat Tree,2382,447259410432.0,92.14223951578036,9252,6144,805306368.0,10066329.6
Fat Tree,2383,447259410432.0,92.15304798962386,9252,6144,805306368.0,10066329.6
Fat Tree,2384,447259410432.0,92.16385646346735,9252,6144,805306368.0,10066329.6
Fat Tree,2385,447259410432.0,92.17466493731085,9252,6144,805306368.0,10066329.6
Fat Tree,2386,447259410432.0,92.18547341115433,9252,6144,805306368.0,10066329.6
Fat Tree,2387,447259410432.0,92.19628188499784,9252,6144,805306368.0,10066329.6
Fat Tree,2388,447259410432.0,92.20709035884134,9252,6144,805306368.0,10066329.6
Fat Tree,2389,447259410432.0,92.21789883268482,9252,6144,805306368.0,10066329.6
Fat Tree,2390,447259410432.0,92.22870730652832,9252,6144,805306368.0,10066329.6
Fat Tree,2391,447259410432.0,92.23951578037182,9252,6144,805306368.0,10066329.6
Fat Tree,2392,447259410432.0,92.25032425421531,9252,6144,805306368.0,10066329.6
Fat Tree,2393,447259410432.0,92.2611327280588,9252,6144,805306368.0,10066329.6
Fat Tree,2394,447259410432.0,92.2719412019023,9252,6144,805306368.0,10066329.6
Fat Tree,2395,447259410432.0,92.28274967574579,9252,6144,805306368.0,10066329.6
Fat Tree,2396,447259410432.0,92.29355814958929,9252,6144,805306368.0,10066329.6
Fat Tree,2397,447259410432.0,92.30436662343277,9252,6144,805306368.0,10066329.6
Fat Tree,2398,447259410432.0,92.31517509727627,9252,6144,805306368.0,10066329.6
Fat Tree,2399,447259410432.0,92.32598357111976,9252,6144,805306368.0,10066329.6
Fat Tree,2400,447259410432.0,92.33679204496326,9252,6144,805306368.0,10066329.6
Fat Tree,2401,447259410432.0,92.34760051880674,9252,6144,805306368.0,10066329.6
Fat Tree,2402,447259410432.0,92.35840899265024,9252,6144,805306368.0,10066329.6
Fat Tree,2403,447259410432.0,92.36921746649374,9252,6144,805306368.0,10066329.6
Fat Tree,2404,447259410432.0,92.38002594033723,9252,6144,805306368.0,10066329.6
Fat Tree,2405,447259410432.0,92.39083441418072,9252,6144,805306368.0,10066329.6
Fat Tree,2406,447259410432.0,92.40164288802421,9252,6144,805306368.0,10066329.6
Fat Tree,2407,447259410432.0,92.41245136186771,9252,6144,805306368.0,10066329.6
Fat Tree,2408,447259410432.0,92.4232598357112,9252,6144,805306368.0,10066329.6
Fat Tree,2409,447259410432.0,92.43406830955469,9252,6144,805306368.0,10066329.6
Fat Tree,2410,447259410432.0,92.44487678339819,9252,6144,805306368.0,10066329.6
Fat Tree,2411,447259410432.0,92.45568525724168,9252,6144,805306368.0,10066329.6
Fat Tree,2412,447259410432.0,92.46649373108518,9252,6144,805306368.0,10066329.6
Fat Tree,2413,447259410432.0,92.47730220492866,9252,6144,805306368.0,10066329.6
Fat Tree,2414,447259410432.0,92.48811067877216,9252,6144,805306368.0,10066329.6
Fat Tree,2415,447259410432.0,92.49891915261566,9252,6144,805306368.0,10066329.6
Fat Tree,2416,447259410432.0,92.50972762645915,9252,6144,805306368.0,10066329.6
Fat Tree,2417,447259410432.0,92.52053610030264,9252,6144,805306368.0,10066329.6
Fat Tree,2418,447259410432.0,92.53134457414613,9252,6144,805306368.0,10066329.6
Fat Tree,2419,447259410432.0,92.54215304798963,9252,6144,805306368.0,10066329.6
Fat Tree,2420,447259410432.0,92.55296152183313,9252,6144,805306368.0,10066329.6
Fat Tree,2421,447259410432.0,92.56376999567661,9252,6144,805306368.0,10066329.6
Fat Tree,2422,447259410432.0,92.5745784695201,9252,6144,805306368.0,10066329.6
Fat Tree,2423,447259410432.0,92.5853869433636,9252,6144,805306368.0,10066329.6
Fat Tree,2424,447259410432.0,92.5961954172071,9252,6144,805306368.0,10066329.6
Fat Tree,2425,447259410432.0,92.60700389105058,9252,6144,805306368.0,10066329.6
Fat Tree,2426,447259410432.0,92.61781236489408,9252,6144,805306368.0,10066329.6
Fat Tree,2427,447259410432.0,92.62862083873758,9252,6144,805306368.0,10066329.6
Fat Tree,2428,447259410432.0,92.63942931258107,9252,6144,805306368.0,10066329.6
Fat Tree,2429,447259410432.0,92.65023778642455,9252,6144,805306368.0,10066329.6
Fat Tree,2430,447259410432.0,92.66104626026805,9252,6144,805306368.0,10066329.6
Fat Tree,2431,447259410432.0,92.67185473411155,9252,6144,805306368.0,10066329.6
Fat Tree,2432,447259410432.0,92.68266320795504,9252,6144,805306368.0,10066329.6
Fat Tree,2433,447259410432.0,92.69347168179853,9252,6144,805306368.0,10066329.6
Fat Tree,2434,447259410432.0,92.70428015564202,9252,6144,805306368.0,10066329.6
Fat Tree,2435,447259410432.0,92.71508862948552,9252,6144,805306368.0,10066329.6
Fat Tree,2436,447259410432.0,92.72589710332902,9252,6144,805306368.0,10066329.6
Fat Tree,2437,447259410432.0,92.7367055771725,9252,6144,805306368.0,10066329.6
Fat Tree,2438,447259410432.0,92.747514051016,9252,6144,805306368.0,10066329.6
Fat Tree,2439,447259410432.0,92.7583225248595,9252,6144,805306368.0,10066329.6
Fat Tree,2440,447259410432.0,92.76913099870299,9252,6144,805306368.0,10066329.6
Fat Tree,2441,447259410432.0,92.77993947254647,9252,6144,805306368.0,10066329.6
Fat Tree,2442,447259410432.0,92.79074794638997,9252,6144,805306368.0,10066329.6
Fat Tree,2443,447259410432.0,92.80155642023347,9252,6144,805306368.0,10066329.6
Fat Tree,2444,447259410432.0,92.81236489407696,9252,6144,805306368.0,10066329.6
Fat Tree,2445,447259410432.0,92.82317336792045,9252,6144,805306368.0,10066329.6
Fat Tree,2446,447259410432.0,92.83398184176394,9252,6144,805306368.0,10066329.6
Fat Tree,2447,447259410432.0,92.84479031560744,9252,6144,805306368.0,10066329.6
Fat Tree,2448,447259410432.0,92.85559878945094,9252,6144,805306368.0,10066329.6
Fat Tree,2449,447259410432.0,92.86640726329442,9252,6144,805306368.0,10066329.6
Fat Tree,2450,447259410432.0,92.87721573713792,9252,6144,805306368.0,10066329.6
Fat Tree,2451,447259410432.0,92.88802421098141,9252,6144,805306368.0,10066329.6
Fat Tree,2452,447259410432.0,92.89883268482491,9252,6144,805306368.0,10066329.6
Fat Tree,2453,447259410432.0,92.90964115866839,9252,6144,805306368.0,10066329.6
Fat Tree,2454,447259410432.0,92.92044963251189,9252,6144,805306368.0,10066329.6
Fat Tree,2455,447259410432.0,92.93125810635539,9252,6144,805306368.0,10066329.6
Fat Tree,2456,447259410432.0,92.94206658019888,9252,6144,805306368.0,10066329.6
Fat Tree,2457,447259410432.0,92.95287505404237,9252,6144,805306368.0,10066329.6
Fat Tree,2458,447259410432.0,92.96368352788586,9252,6144,805306368.0,10066329.6
Fat Tree,2459,447259410432.0,92.97449200172936,9252,6144,805306368.0,10066329.6
Fat Tree,2460,447259410432.0,92.98530047557286,9252,6144,805306368.0,10066329.6
Fat Tree,2461,447259410432.0,92.99610894941634,9252,6144,805306368.0,10066329.6
Fat Tree,2462,447259410432.0,93.00691742325984,9252,6144,805306368.0,10066329.6
Fat Tree,2463,447259410432.0,93.01772589710333,9252,6144,805306368.0,10066329.6
Fat Tree,2464,447259410432.0,93.02853437094683,9252,6144,805306368.0,10066329.6
Fat Tree,2465,447259410432.0,93.03934284479031,9252,6144,805306368.0,10066329.6
Fat Tree,2466,447259410432.0,93.05015131863381,9252,6144,805306368.0,10066329.6
Fat Tree,2467,447259410432.0,93.0609597924773,9252,6144,805306368.0,10066329.6
Fat Tree,2468,447259410432.0,93.0717682663208,9252,6144,805306368.0,10066329.6
Fat Tree,2469,447259410432.0,93.08257674016428,9252,6144,805306368.0,10066329.6
Fat Tree,2470,447259410432.0,93.09338521400778,9252,6144,805306368.0,10066329.6
Fat Tree,2471,447259410432.0,93.10419368785128,9252,6144,805306368.0,10066329.6
Fat Tree,2472,447259410432.0,93.11500216169478,9252,6144,805306368.0,10066329.6
Fat Tree,2473,447259410432.0,93.12581063553826,9252,6144,805306368.0,10066329.6
Fat Tree,2474,447259410432.0,93.13661910938175,9252,6144,805306368.0,10066329.6
Fat Tree,2475,447259410432.0,93.14742758322525,9252,6144,805306368.0,10066329.6
Fat Tree,2476,447259410432.0,93.15823605706875,9252,6144,805306368.0,10066329.6
Fat Tree,2477,447259410432.0,93.16904453091223,9252,6144,805306368.0,10066329.6
Fat Tree,2478,447259410432.0,93.17985300475573,9252,6144,805306368.0,10066329.6
Fat Tree,2479,447259410432.0,93.19066147859922,9252,6144,805306368.0,10066329.6
Fat Tree,2480,447259410432.0,93.20146995244272,9252,6144,805306368.0,10066329.6
Fat Tree,2481,447259410432.0,93.2122784262862,9252,6144,805306368.0,10066329.6
Fat Tree,2482,447259410432.0,93.2230869001297,9252,6144,805306368.0,10066329.6
Fat Tree,2483,447259410432.0,93.2338953739732,9252,6144,805306368.0,10066329.6
Fat Tree,2484,447259410432.0,93.2447038478167,9252,6144,805306368.0,10066329.6
Fat Tree,2485,447259410432.0,93.25551232166018,9252,6144,805306368.0,10066329.6
Fat Tree,2486,447259410432.0,93.26632079550367,9252,6144,805306368.0,10066329.6
Fat Tree,2487,447259410432.0,93.27712926934717,9252,6144,805306368.0,10066329.6
Fat Tree,2488,447259410432.0,93.28793774319067,9252,6144,805306368.0,10066329.6
Fat Tree,2489,447259410432.0,93.29874621703415,9252,6144,805306368.0,10066329.6
Fat Tree,2490,447259410432.0,93.30955469087765,9252,6144,805306368.0,10066329.6
Fat Tree,2491,447259410432.0,93.32036316472114,9252,6144,805306368.0,10066329.6
Fat Tree,2492,447259410432.0,93.33117163856464,9252,6144,805306368.0,10066329.6
Fat Tree,2493,447259410432.0,93.34198011240812,9252,6144,805306368.0,10066329.6
Fat Tree,2494,447259410432.0,93.35278858625162,9252,6144,805306368.0,10066329.6
Fat Tree,2495,447259410432.0,93.36359706009512,9252,6144,805306368.0,10066329.6
Fat Tree,2496,447259410432.0,93.37440553393861,9252,6144,805306368.0,10066329.6
Fat Tree,2497,447259410432.0,93.3852140077821,9252,6144,805306368.0,10066329.6
Fat Tree,2498,447259410432.0,93.3960224816256,9252,6144,805306368.0,10066329.6
Fat Tree,2499,447259410432.0,93.40683095546909,9252,6144,805306368.0,10066329.6
Fat Tree,2500,447259410432.0,93.41763942931259,9252,6144,805306368.0,10066329.6
Fat Tree,2501,447259410432.0,93.42844790315607,9252,6144,805306368.0,10066329.6
Fat Tree,2502,447259410432.0,93.43925637699957,9252,6144,805306368.0,10066329.6
Fat Tree,2503,447259410432.0,93.45006485084306,9252,6144,805306368.0,10066329.6
Fat Tree,2504,447259410432.0,93.46087332468656,9252,6144,805306368.0,10066329.6
Fat Tree,2505,447259410432.0,93.47168179853004,9252,6144,805306368.0,10066329.6
Fat Tree,2506,447259410432.0,93.48249027237354,9252,6144,805306368.0,10066329.6
Fat Tree,2507,447259410432.0,93.49329874621704,9252,6144,805306368.0,10066329.6
Fat Tree,2508,447259410432.0,93.50410722006053,9252,6144,805306368.0,10066329.6
Fat Tree,2509,447259410432.0,93.51491569390402,9252,6144,805306368.0,10066329.6
Fat Tree,2510,447259410432.0,93.52572416774751,9252,6144,805306368.0,10066329.6
Fat Tree,2511,447259410432.0,93.53653264159101,9252,6144,805306368.0,10066329.6
Fat Tree,2512,447259410432.0,93.5473411154345,9252,6144,805306368.0,10066329.6
Fat Tree,2513,447259410432.0,93.55814958927799,9252,6144,805306368.0,10066329.6
Fat Tree,2514,447259410432.0,93.56895806312149,9252,6144,805306368.0,10066329.6
Fat Tree,2515,447259410432.0,93.57976653696498,9252,6144,805306368.0,10066329.6
Fat Tree,2516,447259410432.0,93.59057501080848,9252,6144,805306368.0,10066329.6
Fat Tree,2517,447259410432.0,93.60138348465196,9252,6144,805306368.0,10066329.6
Fat Tree,2518,447259410432.0,93.61219195849546,9252,6144,805306368.0,10066329.6
Fat Tree,2519,447259410432.0,93.62300043233896,9252,6144,805306368.0,10066329.6
Fat Tree,2520,447259410432.0,93.63380890618245,9252,6144,805306368.0,10066329.6
Fat Tree,2521,447259410432.0,93.64461738002593,9252,6144,805306368.0,10066329.6
Fat Tree,2522,447259410432.0,93.65542585386943,9252,6144,805306368.0,10066329.6
Fat Tree,2523,447259410432.0,93.66623432771293,9252,6144,805306368.0,10066329.6
Fat Tree,2524,447259410432.0,93.67704280155642,9252,6144,805306368.0,10066329.6
Fat Tree,2525,447259410432.0,93.68785127539991,9252,6144,805306368.0,10066329.6
Fat Tree,2526,447259410432.0,93.6986597492434,9252,6144,805306368.0,10066329.6
Fat Tree,2527,447259410432.0,93.7094682230869,9252,6144,805306368.0,10066329.6
Fat Tree,2528,447259410432.0,93.7202766969304,9252,6144,805306368.0,10066329.6
Fat Tree,2529,447259410432.0,93.73108517077388,9252,6144,805306368.0,10066329.6
Fat Tree,2530,447259410432.0,93.74189364461738,9252,6144,805306368.0,10066329.6
Fat Tree,2531,447259410432.0,93.75270211846087,9252,6144,805306368.0,10066329.6
Fat Tree,2532,447259410432.0,93.76351059230437,9252,6144,805306368.0,10066329.6
Fat Tree,2533,447259410432.0,93.77431906614785,9252,6144,805306368.0,10066329.6
Fat Tree,2534,447259410432.0,93.78512753999135,9252,6144,805306368.0,10066329.6
Fat Tree,2535,447259410432.0,93.79593601383485,9252,6144,805306368.0,10066329.6
Fat Tree,2536,447259410432.0,93.80674448767834,9252,6144,805306368.0,10066329.6
Fat Tree,2537,447259410432.0,93.81755296152183,9252,6144,805306368.0,10066329.6
Fat Tree,2538,447259410432.0,93.82836143536532,9252,6144,805306368.0,10066329.6
Fat Tree,2539,447259410432.0,93.83916990920882,9252,6144,805306368.0,10066329.6
Fat Tree,2540,447259410432.0,93.84997838305232,9252,6144,805306368.0,10066329.6
Fat Tree,2541,447259410432.0,93.8607868568958,9252,6144,805306368.0,10066329.6
Fat Tree,2542,447259410432.0,93.8715953307393,9252,6144,805306368.0,10066329.6
Fat Tree,2543,447259410432.0,93.8824038045828,9252,6144,805306368.0,10066329.6
Fat Tree,2544,447259410432.0,93.89321227842629,9252,6144,805306368.0,10066329.6
Fat Tree,2545,447259410432.0,93.90402075226977,9252,6144,805306368.0,10066329.6
Fat Tree,2546,447259410432.0,93.91482922611327,9252,6144,805306368.0,10066329.6
Fat Tree,2547,447259410432.0,93.92563769995677,9252,6144,805306368.0,10066329.6
Fat Tree,2548,447259410432.0,93.93644617380026,9252,6144,805306368.0,10066329.6
Fat Tree,2549,447259410432.0,93.94725464764375,9252,6144,805306368.0,10066329.6
Fat Tree,2550,447259410432.0,93.95806312148724,9252,6144,805306368.0,10066329.6
Fat Tree,2551,447259410432.0,93.96887159533074,9252,6144,805306368.0,10066329.6
Fat Tree,2552,447259410432.0,93.97968006917424,9252,6144,805306368.0,10066329.6
Fat Tree,2553,447259410432.0,93.99048854301772,9252,6144,805306368.0,10066329.6
Fat Tree,2554,447259410432.0,94.00129701686122,9252,6144,805306368.0,10066329.6
Fat Tree,2555,447259410432.0,94.01210549070471,9252,6144,805306368.0,10066329.6
Fat Tree,2556,447259410432.0,94.02291396454821,9252,6144,805306368.0,10066329.6
Fat Tree,2557,447259410432.0,94.03372243839169,9252,6144,805306368.0,10066329.6
Fat Tree,2558,447259410432.0,94.04453091223519,9252,6144,805306368.0,10066329.6
Fat Tree,2559,447259410432.0,94.05533938607869,9252,6144,805306368.0,10066329.6
Fat Tree,2560,447259410432.0,94.06614785992218,9252,6144,805306368.0,10066329.6
Fat Tree,2561,447259410432.0,94.07695633376566,9252,6144,805306368.0,10066329.6
Fat Tree,2562,447259410432.0,94.08776480760916,9252,6144,805306368.0,10066329.6
Fat Tree,2563,447259410432.0,94.09857328145266,9252,6144,805306368.0,10066329.6
Fat Tree,2564,447259410432.0,94.10938175529616,9252,6144,805306368.0,10066329.6
Fat Tree,2565,447259410432.0,94.12019022913964,9252,6144,805306368.0,10066329.6
Fat Tree,2566,447259410432.0,94.13099870298313,9252,6144,805306368.0,10066329.6
Fat Tree,2567,447259410432.0,94.14180717682663,9252,6144,805306368.0,10066329.6
Fat Tree,2568,447259410432.0,94.15261565067013,9252,6144,805306368.0,10066329.6
Fat Tree,2569,447259410432.0,94.16342412451361,9252,6144,805306368.0,10066329.6
Fat Tree,2570,447259410432.0,94.17423259835711,9252,6144,805306368.0,10066329.6
Fat Tree,2571,447259410432.0,94.1850410722006,9252,6144,805306368.0,10066329.6
Fat Tree,2572,447259410432.0,94.1958495460441,9252,6144,805306368.0,10066329.6
Fat Tree,2573,447259410432.0,94.20665801988758,9252,6144,805306368.0,10066329.6
Fat Tree,2574,447259410432.0,94.21746649373108,9252,6144,805306368.0,10066329.6
Fat Tree,2575,447259410432.0,94.22827496757458,9252,6144,805306368.0,10066329.6
Fat Tree,2576,447259410432.0,94.23908344141807,9252,6144,805306368.0,10066329.6
Fat Tree,2577,447259410432.0,94.24989191526156,9252,6144,805306368.0,10066329.6
Fat Tree,2578,447259410432.0,94.26070038910505,9252,6144,805306368.0,10066329.6
Fat Tree,2579,447259410432.0,94.27150886294855,9252,6144,805306368.0,10066329.6
Fat Tree,2580,447259410432.0,94.28231733679205,9252,6144,805306368.0,10066329.6
Fat Tree,2581,447259410432.0,94.29312581063553,9252,6144,805306368.0,10066329.6
Fat Tree,2582,447259410432.0,94.30393428447903,9252,6144,805306368.0,10066329.6
Fat Tree,2583,447259410432.0,94.31474275832252,9252,6144,805306368.0,10066329.6
Fat Tree,2584,447259410432.0,94.32555123216602,9252,6144,805306368.0,10066329.6
Fat Tree,2585,447259410432.0,94.3363597060095,9252,6144,805306368.0,10066329.6
Fat Tree,2586,447259410432.0,94.347168179853,9252,6144,805306368.0,10066329.6
Fat Tree,2587,447259410432.0,94.3579766536965,9252,6144,805306368.0,10066329.6
Fat Tree,2588,447259410432.0,94.36878512754,9252,6144,805306368.0,10066329.6
Fat Tree,2589,447259410432.0,94.37959360138348,9252,6144,805306368.0,10066329.6
Fat Tree,2590,447259410432.0,94.39040207522697,9252,6144,805306368.0,10066329.6
Fat Tree,2591,447259410432.0,94.40121054907047,9252,6144,805306368.0,10066329.6
Fat Tree,2592,447259410432.0,94.41201902291397,9252,6144,805306368.0,10066329.6
Fat Tree,2593,447259410432.0,94.42282749675745,9252,6144,805306368.0,10066329.6
Fat Tree,2594,447259410432.0,94.43363597060095,9252,6144,805306368.0,10066329.6
Fat Tree,2595,447259410432.0,94.44444444444444,9252,6144,805306368.0,10066329.6
Fat Tree,2596,447259410432.0,94.45525291828794,9252,6144,805306368.0,10066329.6
Fat Tree,2597,447259410432.0,94.46606139213142,9252,6144,805306368.0,10066329.6
Fat Tree,2598,447259410432.0,94.47686986597492,9252,6144,805306368.0,10066329.6
Fat Tree,2599,447259410432.0,94.48767833981842,9252,6144,805306368.0,10066329.6
Fat Tree,2600,447259410432.0,94.49848681366191,9252,6144,805306368.0,10066329.6
Fat Tree,2601,447259410432.0,94.5092952875054,9252,6144,805306368.0,10066329.6
Fat Tree,2602,447259410432.0,94.52010376134889,9252,6144,805306368.0,10066329.6
Fat Tree,2603,447259410432.0,94.53091223519239,9252,6144,805306368.0,10066329.6
Fat Tree,2604,447259410432.0,94.54172070903589,9252,6144,805306368.0,10066329.6
Fat Tree,2605,447259410432.0,94.55252918287937,9252,6144,805306368.0,10066329.6
Fat Tree,2606,447259410432.0,94.56333765672287,9252,6144,805306368.0,10066329.6
Fat Tree,2607,447259410432.0,94.57414613056636,9252,6144,805306368.0,10066329.6
Fat Tree,2608,447259410432.0,94.58495460440986,9252,6144,805306368.0,10066329.6
Fat Tree,2609,447259410432.0,94.59576307825334,9252,6144,805306368.0,10066329.6
Fat Tree,2610,447259410432.0,94.60657155209684,9252,6144,805306368.0,10066329.6
Fat Tree,2611,447259410432.0,94.61738002594034,9252,6144,805306368.0,10066329.6
Fat Tree,2612,447259410432.0,94.62818849978383,9252,6144,805306368.0,10066329.6
Fat Tree,2613,447259410432.0,94.63899697362731,9252,6144,805306368.0,10066329.6
Fat Tree,2614,447259410432.0,94.64980544747081,9252,6144,805306368.0,10066329.6
Fat Tree,2615,447259410432.0,94.66061392131431,9252,6144,805306368.0,10066329.6
Fat Tree,2616,447259410432.0,94.6714223951578,9252,6144,805306368.0,10066329.6
Fat Tree,2617,447259410432.0,94.68223086900129,9252,6144,805306368.0,10066329.6
Fat Tree,2618,447259410432.0,94.69303934284478,9252,6144,805306368.0,10066329.6
Fat Tree,2619,447259410432.0,94.70384781668828,9252,6144,805306368.0,10066329.6
Fat Tree,2620,447259410432.0,94.71465629053178,9252,6144,805306368.0,10066329.6
Fat Tree,2621,447259410432.0,94.72546476437526,9252,6144,805306368.0,10066329.6
Fat Tree,2622,447259410432.0,94.73627323821876,9252,6144,805306368.0,10066329.6
Fat Tree,2623,447259410432.0,94.74708171206225,9252,6144,805306368.0,10066329.6
Fat Tree,2624,447259410432.0,94.75789018590575,9252,6144,805306368.0,10066329.6
Fat Tree,2625,447259410432.0,94.76869865974923,9252,6144,805306368.0,10066329.6
Fat Tree,2626,447259410432.0,94.77950713359273,9252,6144,805306368.0,10066329.6
Fat Tree,2627,447259410432.0,94.79031560743623,9252,6144,805306368.0,10066329.6
Fat Tree,2628,447259410432.0,94.80112408127972,9252,6144,805306368.0,10066329.6
Fat Tree,2629,447259410432.0,94.8119325551232,9252,6144,805306368.0,10066329.6
Fat Tree,2630,447259410432.0,94.8227410289667,9252,6144,805306368.0,10066329.6
Fat Tree,2631,447259410432.0,94.8335495028102,9252,6144,805306368.0,10066329.6
Fat Tree,2632,447259410432.0,94.8443579766537,9252,6144,805306368.0,10066329.6
Fat Tree,2633,447259410432.0,94.85516645049718,9252,6144,805306368.0,10066329.6
Fat Tree,2634,447259410432.0,94.86597492434068,9252,6144,805306368.0,10066329.6
Fat Tree,2635,447259410432.0,94.87678339818417,9252,6144,805306368.0,10066329.6
Fat Tree,2636,447259410432.0,94.88759187202767,9252,6144,805306368.0,10066329.6
Fat Tree,2637,447259410432.0,94.89840034587115,9252,6144,805306368.0,10066329.6
Fat Tree,2638,447259410432.0,94.90920881971465,9252,6144,805306368.0,10066329.6
Fat Tree,2639,447259410432.0,94.92001729355815,9252,6144,805306368.0,10066329.6
Fat Tree,2640,447259410432.0,94.93082576740164,9252,6144,805306368.0,10066329.6
Fat Tree,2641,447259410432.0,94.94163424124513,9252,6144,805306368.0,10066329.6
Fat Tree,2642,447259410432.0,94.95244271508862,9252,6144,805306368.0,10066329.6
Fat Tree,2643,447259410432.0,94.96325118893212,9252,6144,805306368.0,10066329.6
Fat Tree,2644,447259410432.0,94.97405966277562,9252,6144,805306368.0,10066329.6
Fat Tree,2645,447259410432.0,94.9848681366191,9252,6144,805306368.0,10066329.6
Fat Tree,2646,447259410432.0,94.9956766104626,9252,6144,805306368.0,10066329.6
Fat Tree,2647,447259410432.0,95.00648508430609,9252,6144,805306368.0,10066329.6
Fat Tree,2648,447259410432.0,95.01729355814959,9252,6144,805306368.0,10066329.6
Fat Tree,2649,447259410432.0,95.02810203199307,9252,6144,805306368.0,10066329.6
Fat Tree,2650,447259410432.0,95.03891050583657,9252,6144,805306368.0,10066329.6
Fat Tree,2651,447259410432.0,95.04971897968007,9252,6144,805306368.0,10066329.6
Fat Tree,2652,447259410432.0,95.06052745352356,9252,6144,805306368.0,10066329.6
Fat Tree,2653,447259410432.0,95.07133592736704,9252,6144,805306368.0,10066329.6
Fat Tree,2654,447259410432.0,95.08214440121054,9252,6144,805306368.0,10066329.6
Fat Tree,2655,447259410432.0,95.09295287505404,9252,6144,805306368.0,10066329.6
Fat Tree,2656,447259410432.0,95.10376134889754,9252,6144,805306368.0,10066329.6
Fat Tree,2657,447259410432.0,95.11456982274102,9252,6144,805306368.0,10066329.6
Fat Tree,2658,447259410432.0,95.12537829658451,9252,6144,805306368.0,10066329.6
Fat Tree,2659,447259410432.0,95.13618677042801,9252,6144,805306368.0,10066329.6
Fat Tree,2660,447259410432.0,95.14699524427151,9252,6144,805306368.0,10066329.6
Fat Tree,2661,447259410432.0,95.15780371811499,9252,6144,805306368.0,10066329.6
Fat Tree,2662,447259410432.0,95.16861219195849,9252,6144,805306368.0,10066329.6
Fat Tree,2663,447259410432.0,95.17942066580198,9252,6144,805306368.0,10066329.6
Fat Tree,2664,447259410432.0,95.19022913964548,9252,6144,805306368.0,10066329.6
Fat Tree,2665,447259410432.0,95.20103761348896,9252,6144,805306368.0,10066329.6
Fat Tree,2666,447259410432.0,95.21184608733246,9252,6144,805306368.0,10066329.6
Fat Tree,2667,447259410432.0,95.22265456117596,9252,6144,805306368.0,10066329.6
Fat Tree,2668,447259410432.0,95.23346303501945,9252,6144,805306368.0,10066329.6
Fat Tree,2669,447259410432.0,95.24427150886294,9252,6144,805306368.0,10066329.6
Fat Tree,2670,447259410432.0,95.25507998270643,9252,6144,805306368.0,10066329.6
Fat Tree,2671,447259410432.0,95.26588845654993,9252,6144,805306368.0,10066329.6
Fat Tree,2672,447259410432.0,95.27669693039343,9252,6144,805306368.0,10066329.6
Fat Tree,2673,447259410432.0,95.28750540423691,9252,6144,805306368.0,10066329.6
Fat Tree,2674,447259410432.0,95.2983138780804,9252,6144,805306368.0,10066329.6
Fat Tree,2675,447259410432.0,95.3091223519239,9252,6144,805306368.0,10066329.6
Fat Tree,2676,447259410432.0,95.3199308257674,9252,6144,805306368.0,10066329.6
Fat Tree,2677,447259410432.0,95.3307392996109,9252,6144,805306368.0,10066329.6
Fat Tree,2678,447259410432.0,95.3415477734544,9252,6144,805306368.0,10066329.6
Fat Tree,2679,447259410432.0,95.35235624729789,9252,6144,805306368.0,10066329.6
Fat Tree,2680,447259410432.0,95.36316472114137,9252,6144,805306368.0,10066329.6
Fat Tree,2681,447259410432.0,95.37397319498487,9252,6144,805306368.0,10066329.6
Fat Tree,2682,447259410432.0,95.38478166882837,9252,6144,805306368.0,10066329.6
Fat Tree,2683,447259410432.0,95.39559014267186,9252,6144,805306368.0,10066329.6
Fat Tree,2684,447259410432.0,95.40639861651535,9252,6144,805306368.0,10066329.6
Fat Tree,2685,447259410432.0,95.41720709035884,9252,6144,805306368.0,10066329.6
Fat Tree,2686,447259410432.0,95.42801556420234,9252,6144,805306368.0,10066329.6
Fat Tree,2687,447259410432.0,95.43882403804584,9252,6144,805306368.0,10066329.6
Fat Tree,2688,447259410432.0,95.44963251188932,9252,6144,805306368.0,10066329.6
Fat Tree,2689,447259410432.0,95.46044098573282,9252,6144,805306368.0,10066329.6
Fat Tree,2690,447259410432.0,95.47124945957631,9252,6144,805306368.0,10066329.6
Fat Tree,2691,447259410432.0,95.48205793341981,9252,6144,805306368.0,10066329.6
Fat Tree,2692,447259410432.0,95.49286640726329,9252,6144,805306368.0,10066329.6
Fat Tree,2693,447259410432.0,95.50367488110679,9252,6144,805306368.0,10066329.6
Fat Tree,2694,447259410432.0,95.51448335495029,9252,6144,805306368.0,10066329.6
Fat Tree,2695,447259410432.0,95.52529182879378,9252,6144,805306368.0,10066329.6
Fat Tree,2696,447259410432.0,95.53610030263727,9252,6144,805306368.0,10066329.6
Fat Tree,2697,447259410432.0,95.54690877648076,9252,6144,805306368.0,10066329.6
Fat Tree,2698,447259410432.0,95.55771725032426,9252,6144,805306368.0,10066329.6
Fat Tree,2699,447259410432.0,95.56852572416776,9252,6144,805306368.0,10066329.6
Fat Tree,2700,447259410432.0,95.57933419801124,9252,6144,805306368.0,10066329.6
Fat Tree,2701,447259410432.0,95.59014267185474,9252,6144,805306368.0,10066329.6
Fat Tree,2702,447259410432.0,95.60095114569823,9252,6144,805306368.0,10066329.6
Fat Tree,2703,447259410432.0,95.61175961954173,9252,6144,805306368.0,10066329.6
Fat Tree,2704,447259410432.0,95.62256809338521,9252,6144,805306368.0,10066329.6
Fat Tree,2705,447259410432.0,95.63337656722871,9252,6144,805306368.0,10066329.6
Fat Tree,2706,447259410432.0,95.6441850410722,9252,6144,805306368.0,10066329.6
Fat Tree,2707,447259410432.0,95.6549935149157,9252,6144,805306368.0,10066329.6
Fat Tree,2708,447259410432.0,95.66580198875918,9252,6144,805306368.0,10066329.6
Fat Tree,2709,447259410432.0,95.67661046260268,9252,6144,805306368.0,10066329.6
Fat Tree,2710,447259410432.0,95.68741893644618,9252,6144,805306368.0,10066329.6
Fat Tree,2711,447259410432.0,95.69822741028968,9252,6144,805306368.0,10066329.6
Fat Tree,2712,447259410432.0,95.70903588413316,9252,6144,805306368.0,10066329.6
Fat Tree,2713,447259410432.0,95.71984435797665,9252,6144,805306368.0,10066329.6
Fat Tree,2714,447259410432.0,95.73065283182015,9252,6144,805306368.0,10066329.6
Fat Tree,2715,447259410432.0,95.74146130566365,9252,6144,805306368.0,10066329.6
Fat Tree,2716,447259410432.0,95.75226977950713,9252,6144,805306368.0,10066329.6
Fat Tree,2717,447259410432.0,95.76307825335063,9252,6144,805306368.0,10066329.6
Fat Tree,2718,447259410432.0,95.77388672719412,9252,6144,805306368.0,10066329.6
Fat Tree,2719,447259410432.0,95.78469520103762,9252,6144,805306368.0,10066329.6
Fat Tree,2720,447259410432.0,95.7955036748811,9252,6144,805306368.0,10066329.6
Fat Tree,2721,447259410432.0,95.8063121487246,9252,6144,805306368.0,10066329.6
Fat Tree,2722,447259410432.0,95.8171206225681,9252,6144,805306368.0,10066329.6
Fat Tree,2723,447259410432.0,95.8279290964116,9252,6144,805306368.0,10066329.6
Fat Tree,2724,447259410432.0,95.83873757025508,9252,6144,805306368.0,10066329.6
Fat Tree,2725,447259410432.0,95.84954604409857,9252,6144,805306368.0,10066329.6
Fat Tree,2726,447259410432.0,95.86035451794207,9252,6144,805306368.0,10066329.6
Fat Tree,2727,447259410432.0,95.87116299178557,9252,6144,805306368.0,10066329.6
Fat Tree,2728,447259410432.0,95.88197146562905,9252,6144,805306368.0,10066329.6
Fat Tree,2729,447259410432.0,95.89277993947255,9252,6144,805306368.0,10066329.6
Fat Tree,2730,447259410432.0,95.90358841331604,9252,6144,805306368.0,10066329.6
Fat Tree,2731,447259410432.0,95.91439688715954,9252,6144,805306368.0,10066329.6
Fat Tree,2732,447259410432.0,95.92520536100302,9252,6144,805306368.0,10066329.6
Fat Tree,2733,447259410432.0,95.93601383484652,9252,6144,805306368.0,10066329.6
Fat Tree,2734,447259410432.0,95.94682230869002,9252,6144,805306368.0,10066329.6
Fat Tree,2735,447259410432.0,95.95763078253351,9252,6144,805306368.0,10066329.6
Fat Tree,2736,447259410432.0,95.968439256377,9252,6144,805306368.0,10066329.6
Fat Tree,2737,447259410432.0,95.9792477302205,9252,6144,805306368.0,10066329.6
Fat Tree,2738,447259410432.0,95.99005620406399,9252,6144,805306368.0,10066329.6
Fat Tree,2739,447259410432.0,96.00086467790749,9252,6144,805306368.0,10066329.6
Fat Tree,2740,447259410432.0,96.01167315175097,9252,6144,805306368.0,10066329.6
Fat Tree,2741,447259410432.0,96.02248162559447,9252,6144,805306368.0,10066329.6
Fat Tree,2742,447259410432.0,96.03329009943796,9252,6144,805306368.0,10066329.6
Fat Tree,2743,447259410432.0,96.04409857328146,9252,6144,805306368.0,10066329.6
Fat Tree,2744,447259410432.0,96.05490704712494,9252,6144,805306368.0,10066329.6
Fat Tree,2745,447259410432.0,96.06571552096844,9252,6144,805306368.0,10066329.6
Fat Tree,2746,447259410432.0,96.07652399481194,9252,6144,805306368.0,10066329.6
Fat Tree,2747,447259410432.0,96.08733246865543,9252,6144,805306368.0,10066329.6
Fat Tree,2748,447259410432.0,96.09814094249892,9252,6144,805306368.0,10066329.6
Fat Tree,2749,447259410432.0,96.10894941634241,9252,6144,805306368.0,10066329.6
Fat Tree,2750,447259410432.0,96.11975789018591,9252,6144,805306368.0,10066329.6
Fat Tree,2751,447259410432.0,96.1305663640294,9252,6144,805306368.0,10066329.6
Fat Tree,2752,447259410432.0,96.14137483787289,9252,6144,805306368.0,10066329.6
Fat Tree,2753,447259410432.0,96.15218331171639,9252,6144,805306368.0,10066329.6
Fat Tree,2754,447259410432.0,96.16299178555988,9252,6144,805306368.0,10066329.6
Fat Tree,2755,447259410432.0,96.17380025940338,9252,6144,805306368.0,10066329.6
Fat Tree,2756,447259410432.0,96.18460873324686,9252,6144,805306368.0,10066329.6
Fat Tree,2757,447259410432.0,96.19541720709036,9252,6144,805306368.0,10066329.6
Fat Tree,2758,447259410432.0,96.20622568093385,9252,6144,805306368.0,10066329.6
Fat Tree,2759,447259410432.0,96.21703415477735,9252,6144,805306368.0,10066329.6
Fat Tree,2760,447259410432.0,96.22784262862083,9252,6144,805306368.0,10066329.6
Fat Tree,2761,447259410432.0,96.23865110246433,9252,6144,805306368.0,10066329.6
Fat Tree,2762,447259410432.0,96.24945957630783,9252,6144,805306368.0,10066329.6
Fat Tree,2763,447259410432.0,96.26026805015132,9252,6144,805306368.0,10066329.6
Fat Tree,2764,447259410432.0,96.27107652399481,9252,6144,805306368.0,10066329.6
Fat Tree,2765,447259410432.0,96.2818849978383,9252,6144,805306368.0,10066329.6
Fat Tree,2766,447259410432.0,96.2926934716818,9252,6144,805306368.0,10066329.6
Fat Tree,2767,447259410432.0,96.3035019455253,9252,6144,805306368.0,10066329.6
Fat Tree,2768,447259410432.0,96.31431041936878,9252,6144,805306368.0,10066329.6
Fat Tree,2769,447259410432.0,96.32511889321228,9252,6144,805306368.0,10066329.6
Fat Tree,2770,447259410432.0,96.33592736705577,9252,6144,805306368.0,10066329.6
Fat Tree,2771,447259410432.0,96.34673584089927,9252,6144,805306368.0,10066329.6
Fat Tree,2772,447259410432.0,96.35754431474275,9252,6144,805306368.0,10066329.6
Fat Tree,2773,447259410432.0,96.36835278858625,9252,6144,805306368.0,10066329.6
Fat Tree,2774,447259410432.0,96.37916126242975,9252,6144,805306368.0,10066329.6
Fat Tree,2775,447259410432.0,96.38996973627324,9252,6144,805306368.0,10066329.6
Fat Tree,2776,447259410432.0,96.40077821011673,9252,6144,805306368.0,10066329.6
Fat Tree,2777,447259410432.0,96.41158668396022,9252,6144,805306368.0,10066329.6
Fat Tree,2778,447259410432.0,96.42239515780372,9252,6144,805306368.0,10066329.6
Fat Tree,2779,447259410432.0,96.43320363164722,9252,6144,805306368.0,10066329.6
Fat Tree,2780,447259410432.0,96.4440121054907,9252,6144,805306368.0,10066329.6
Fat Tree,2781,447259410432.0,96.4548205793342,9252,6144,805306368.0,10066329.6
Fat Tree,2782,447259410432.0,96.4656290531777,9252,6144,805306368.0,10066329.6
Fat Tree,2783,447259410432.0,96.47643752702119,9252,6144,805306368.0,10066329.6
Fat Tree,2784,447259410432.0,96.48724600086467,9252,6144,805306368.0,10066329.6
Fat Tree,2785,447259410432.0,96.49805447470817,9252,6144,805306368.0,10066329.6
Fat Tree,2786,447259410432.0,96.50886294855167,9252,6144,805306368.0,10066329.6
Fat Tree,2787,447259410432.0,96.51967142239516,9252,6144,805306368.0,10066329.6
Fat Tree,2788,447259410432.0,96.53047989623865,9252,6144,805306368.0,10066329.6
Fat Tree,2789,447259410432.0,96.54128837008214,9252,6144,805306368.0,10066329.6
Fat Tree,2790,447259410432.0,96.55209684392564,9252,6144,805306368.0,10066329.6
Fat Tree,2791,447259410432.0,96.56290531776914,9252,6144,805306368.0,10066329.6
Fat Tree,2792,447259410432.0,96.57371379161262,9252,6144,805306368.0,10066329.6
Fat Tree,2793,447259410432.0,96.58452226545612,9252,6144,805306368.0,10066329.6
Fat Tree,2794,447259410432.0,96.59533073929961,9252,6144,805306368.0,10066329.6
Fat Tree,2795,447259410432.0,96.60613921314311,9252,6144,805306368.0,10066329.6
Fat Tree,2796,447259410432.0,96.61694768698659,9252,6144,805306368.0,10066329.6
Fat Tree,2797,447259410432.0,96.62775616083009,9252,6144,805306368.0,10066329.6
Fat Tree,2798,447259410432.0,96.63856463467359,9252,6144,805306368.0,10066329.6
Fat Tree,2799,447259410432.0,96.64937310851708,9252,6144,805306368.0,10066329.6
Fat Tree,2800,447259410432.0,96.66018158236056,9252,6144,805306368.0,10066329.6
Fat Tree,2801,447259410432.0,96.67099005620406,9252,6144,805306368.0,10066329.6
Fat Tree,2802,447259410432.0,96.68179853004756,9252,6144,805306368.0,10066329.6
Fat Tree,2803,447259410432.0,96.69260700389106,9252,6144,805306368.0,10066329.6
Fat Tree,2804,447259410432.0,96.70341547773454,9252,6144,805306368.0,10066329.6
Fat Tree,2805,447259410432.0,96.71422395157803,9252,6144,805306368.0,10066329.6
Fat Tree,2806,447259410432.0,96.72503242542153,9252,6144,805306368.0,10066329.6
Fat Tree,2807,447259410432.0,96.73584089926503,9252,6144,805306368.0,10066329.6
Fat Tree,2808,447259410432.0,96.74664937310851,9252,6144,805306368.0,10066329.6
Fat Tree,2809,447259410432.0,96.75745784695201,9252,6144,805306368.0,10066329.6
Fat Tree,2810,447259410432.0,96.7682663207955,9252,6144,805306368.0,10066329.6
Fat Tree,2811,447259410432.0,96.779074794639,9252,6144,805306368.0,10066329.6
Fat Tree,2812,447259410432.0,96.78988326848248,9252,6144,805306368.0,10066329.6
Fat Tree,2813,447259410432.0,96.80069174232598,9252,6144,805306368.0,10066329.6
Fat Tree,2814,447259410432.0,96.81150021616948,9252,6144,805306368.0,10066329.6
Fat Tree,2815,447259410432.0,96.82230869001297,9252,6144,805306368.0,10066329.6
Fat Tree,2816,447259410432.0,96.83311716385646,9252,6144,805306368.0,10066329.6
Fat Tree,2817,447259410432.0,96.84392563769995,9252,6144,805306368.0,10066329.6
Fat Tree,2818,447259410432.0,96.85473411154345,9252,6144,805306368.0,10066329.6
Fat Tree,2819,447259410432.0,96.86554258538695,9252,6144,805306368.0,10066329.6
Fat Tree,2820,447259410432.0,96.87635105923043,9252,6144,805306368.0,10066329.6
Fat Tree,2821,447259410432.0,96.88715953307393,9252,6144,805306368.0,10066329.6
Fat Tree,2822,447259410432.0,96.89796800691742,9252,6144,805306368.0,10066329.6
Fat Tree,2823,447259410432.0,96.90877648076092,9252,6144,805306368.0,10066329.6
Fat Tree,2824,447259410432.0,96.9195849546044,9252,6144,805306368.0,10066329.6
Fat Tree,2825,447259410432.0,96.9303934284479,9252,6144,805306368.0,10066329.6
Fat Tree,2826,447259410432.0,96.9412019022914,9252,6144,805306368.0,10066329.6
Fat Tree,2827,447259410432.0,96.9520103761349,9252,6144,805306368.0,10066329.6
Fat Tree,2828,447259410432.0,96.96281884997838,9252,6144,805306368.0,10066329.6
Fat Tree,2829,447259410432.0,96.97362732382187,9252,6144,805306368.0,10066329.6
Fat Tree,2830,447259410432.0,96.98443579766537,9252,6144,805306368.0,10066329.6
Fat Tree,2831,447259410432.0,96.99524427150887,9252,6144,805306368.0,10066329.6
Fat Tree,2832,447259410432.0,97.00605274535235,9252,6144,805306368.0,10066329.6
Fat Tree,2833,447259410432.0,97.01686121919585,9252,6144,805306368.0,10066329.6
Fat Tree,2834,447259410432.0,97.02766969303934,9252,6144,805306368.0,10066329.6
Fat Tree,2835,447259410432.0,97.03847816688284,9252,6144,805306368.0,10066329.6
Fat Tree,2836,447259410432.0,97.04928664072632,9252,6144,805306368.0,10066329.6
Fat Tree,2837,447259410432.0,97.06009511456982,9252,6144,805306368.0,10066329.6
Fat Tree,2838,447259410432.0,97.07090358841332,9252,6144,805306368.0,10066329.6
Fat Tree,2839,447259410432.0,97.08171206225681,9252,6144,805306368.0,10066329.6
Fat Tree,2840,447259410432.0,97.0925205361003,9252,6144,805306368.0,10066329.6
Fat Tree,2841,447259410432.0,97.10332900994379,9252,6144,805306368.0,10066329.6
Fat Tree,2842,447259410432.0,97.11413748378729,9252,6144,805306368.0,10066329.6
Fat Tree,2843,447259410432.0,97.12494595763079,9252,6144,805306368.0,10066329.6
Fat Tree,2844,447259410432.0,97.13575443147427,9252,6144,805306368.0,10066329.6
Fat Tree,2845,447259410432.0,97.14656290531777,9252,6144,805306368.0,10066329.6
Fat Tree,2846,447259410432.0,97.15737137916126,9252,6144,805306368.0,10066329.6
Fat Tree,2847,447259410432.0,97.16817985300476,9252,6144,805306368.0,10066329.6
Fat Tree,2848,447259410432.0,97.17898832684824,9252,6144,805306368.0,10066329.6
Fat Tree,2849,447259410432.0,97.18979680069174,9252,6144,805306368.0,10066329.6
Fat Tree,2850,447259410432.0,97.20060527453523,9252,6144,805306368.0,10066329.6
Fat Tree,2851,447259410432.0,97.21141374837873,9252,6144,805306368.0,10066329.6
Fat Tree,2852,447259410432.0,97.22222222222221,9252,6144,805306368.0,10066329.6
Fat Tree,2853,447259410432.0,97.23303069606571,9252,6144,805306368.0,10066329.6
Fat Tree,2854,447259410432.0,97.24383916990921,9252,6144,805306368.0,10066329.6
Fat Tree,2855,447259410432.0,97.2546476437527,9252,6144,805306368.0,10066329.6
Fat Tree,2856,447259410432.0,97.26545611759619,9252,6144,805306368.0,10066329.6
Fat Tree,2857,447259410432.0,97.27626459143968,9252,6144,805306368.0,10066329.6
Fat Tree,2858,447259410432.0,97.28707306528318,9252,6144,805306368.0,10066329.6
Fat Tree,2859,447259410432.0,97.29788153912668,9252,6144,805306368.0,10066329.6
Fat Tree,2860,447259410432.0,97.30869001297016,9252,6144,805306368.0,10066329.6
Fat Tree,2861,447259410432.0,97.31949848681366,9252,6144,805306368.0,10066329.6
Fat Tree,2862,447259410432.0,97.33030696065715,9252,6144,805306368.0,10066329.6
Fat Tree,2863,447259410432.0,97.34111543450065,9252,6144,805306368.0,10066329.6
Fat Tree,2864,447259410432.0,97.35192390834413,9252,6144,805306368.0,10066329.6
Fat Tree,2865,447259410432.0,97.36273238218763,9252,6144,805306368.0,10066329.6
Fat Tree,2866,447259410432.0,97.37354085603113,9252,6144,805306368.0,10066329.6
Fat Tree,2867,447259410432.0,97.38434932987462,9252,6144,805306368.0,10066329.6
Fat Tree,2868,447259410432.0,97.3951578037181,9252,6144,805306368.0,10066329.6
Fat Tree,2869,447259410432.0,97.4059662775616,9252,6144,805306368.0,10066329.6
Fat Tree,2870,447259410432.0,97.4167747514051,9252,6144,805306368.0,10066329.6
Fat Tree,2871,447259410432.0,97.4275832252486,9252,6144,805306368.0,10066329.6
Fat Tree,2872,447259410432.0,97.43839169909208,9252,6144,805306368.0,10066329.6
Fat Tree,2873,447259410432.0,97.44920017293558,9252,6144,805306368.0,10066329.6
Fat Tree,2874,447259410432.0,97.46000864677907,9252,6144,805306368.0,10066329.6
Fat Tree,2875,447259410432.0,97.47081712062257,9252,6144,805306368.0,10066329.6
Fat Tree,2876,447259410432.0,97.48162559446605,9252,6144,805306368.0,10066329.6
Fat Tree,2877,447259410432.0,97.49243406830955,9252,6144,805306368.0,10066329.6
Fat Tree,2878,447259410432.0,97.50324254215305,9252,6144,805306368.0,10066329.6
Fat Tree,2879,447259410432.0,97.51405101599654,9252,6144,805306368.0,10066329.6
Fat Tree,2880,447259410432.0,97.52485948984003,9252,6144,805306368.0,10066329.6
Fat Tree,2881,447259410432.0,97.53566796368352,9252,6144,805306368.0,10066329.6
Fat Tree,2882,447259410432.0,97.54647643752702,9252,6144,805306368.0,10066329.6
Fat Tree,2883,447259410432.0,97.55728491137052,9252,6144,805306368.0,10066329.6
Fat Tree,2884,447259410432.0,97.568093385214,9252,6144,805306368.0,10066329.6
Fat Tree,2885,447259410432.0,97.5789018590575,9252,6144,805306368.0,10066329.6
Fat Tree,2886,447259410432.0,97.58971033290099,9252,6144,805306368.0,10066329.6
Fat Tree,2887,447259410432.0,97.60051880674449,9252,6144,805306368.0,10066329.6
Fat Tree,2888,447259410432.0,97.61132728058797,9252,6144,805306368.0,10066329.6
Fat Tree,2889,447259410432.0,97.62213575443147,9252,6144,805306368.0,10066329.6
Fat Tree,2890,447259410432.0,97.63294422827497,9252,6144,805306368.0,10066329.6
Fat Tree,2891,447259410432.0,97.64375270211846,9252,6144,805306368.0,10066329.6
Fat Tree,2892,447259410432.0,97.65456117596194,9252,6144,805306368.0,10066329.6
Fat Tree,2893,447259410432.0,97.66536964980544,9252,6144,805306368.0,10066329.6
Fat Tree,2894,447259410432.0,97.67617812364894,9252,6144,805306368.0,10066329.6
Fat Tree,2895,447259410432.0,97.68698659749244,9252,6144,805306368.0,10066329.6
Fat Tree,2896,447259410432.0,97.69779507133592,9252,6144,805306368.0,10066329.6
Fat Tree,2897,447259410432.0,97.70860354517941,9252,6144,805306368.0,10066329.6
Fat Tree,2898,447259410432.0,97.71941201902291,9252,6144,805306368.0,10066329.6
Fat Tree,2899,447259410432.0,97.73022049286641,9252,6144,805306368.0,10066329.6
Fat Tree,2900,447259410432.0,97.74102896670989,9252,6144,805306368.0,10066329.6
Fat Tree,2901,447259410432.0,97.75183744055339,9252,6144,805306368.0,10066329.6
Fat Tree,2902,447259410432.0,97.76264591439688,9252,6144,805306368.0,10066329.6
Fat Tree,2903,447259410432.0,97.77345438824038,9252,6144,805306368.0,10066329.6
Fat Tree,2904,447259410432.0,97.78426286208386,9252,6144,805306368.0,10066329.6
Fat Tree,2905,447259410432.0,97.79507133592736,9252,6144,805306368.0,10066329.6
Fat Tree,2906,447259410432.0,97.80587980977086,9252,6144,805306368.0,10066329.6
Fat Tree,2907,447259410432.0,97.81668828361435,9252,6144,805306368.0,10066329.6
Fat Tree,2908,447259410432.0,97.82749675745784,9252,6144,805306368.0,10066329.6
Fat Tree,2909,447259410432.0,97.83830523130133,9252,6144,805306368.0,10066329.6
Fat Tree,2910,447259410432.0,97.84911370514483,9252,6144,805306368.0,10066329.6
Fat Tree,2911,447259410432.0,97.85992217898833,9252,6144,805306368.0,10066329.6
Fat Tree,2912,447259410432.0,97.87073065283181,9252,6144,805306368.0,10066329.6
Fat Tree,2913,447259410432.0,97.8815391266753,9252,6144,805306368.0,10066329.6
Fat Tree,2914,447259410432.0,97.8923476005188,9252,6144,805306368.0,10066329.6
Fat Tree,2915,447259410432.0,97.9031560743623,9252,6144,805306368.0,10066329.6
Fat Tree,2916,447259410432.0,97.91396454820578,9252,6144,805306368.0,10066329.6
Fat Tree,2917,447259410432.0,97.92477302204928,9252,6144,805306368.0,10066329.6
Fat Tree,2918,447259410432.0,97.93558149589278,9252,6144,805306368.0,10066329.6
Fat Tree,2919,447259410432.0,97.94638996973627,9252,6144,805306368.0,10066329.6
Fat Tree,2920,447259410432.0,97.95719844357976,9252,6144,805306368.0,10066329.6
Fat Tree,2921,447259410432.0,97.96800691742325,9252,6144,805306368.0,10066329.6
Fat Tree,2922,447259410432.0,97.97881539126675,9252,6144,805306368.0,10066329.6
Fat Tree,2923,447259410432.0,97.98962386511025,9252,6144,805306368.0,10066329.6
Fat Tree,2924,447259410432.0,98.00043233895373,9252,6144,805306368.0,10066329.6
Fat Tree,2925,447259410432.0,98.01124081279723,9252,6144,805306368.0,10066329.6
Fat Tree,2926,447259410432.0,98.02204928664072,9252,6144,805306368.0,10066329.6
Fat Tree,2927,447259410432.0,98.03285776048422,9252,6144,805306368.0,10066329.6
Fat Tree,2928,447259410432.0,98.0436662343277,9252,6144,805306368.0,10066329.6
Fat Tree,2929,447259410432.0,98.0544747081712,9252,6144,805306368.0,10066329.6
Fat Tree,2930,447259410432.0,98.0652831820147,9252,6144,805306368.0,10066329.6
Fat Tree,2931,447259410432.0,98.07609165585819,9252,6144,805306368.0,10066329.6
Fat Tree,2932,447259410432.0,98.08690012970168,9252,6144,805306368.0,10066329.6
Fat Tree,2933,447259410432.0,98.09770860354517,9252,6144,805306368.0,10066329.6
Fat Tree,2934,447259410432.0,98.10851707738867,9252,6144,805306368.0,10066329.6
Fat Tree,2935,447259410432.0,98.11932555123217,9252,6144,805306368.0,10066329.6
Fat Tree,2936,447259410432.0,98.13013402507565,9252,6144,805306368.0,10066329.6
Fat Tree,2937,447259410432.0,98.14094249891915,9252,6144,805306368.0,10066329.6
Fat Tree,2938,447259410432.0,98.15175097276264,9252,6144,805306368.0,10066329.6
Fat Tree,2939,447259410432.0,98.16255944660614,9252,6144,805306368.0,10066329.6
Fat Tree,2940,447259410432.0,98.17336792044962,9252,6144,805306368.0,10066329.6
Fat Tree,2941,447259410432.0,98.18417639429312,9252,6144,805306368.0,10066329.6
Fat Tree,2942,447259410432.0,98.19498486813661,9252,6144,805306368.0,10066329.6
Fat Tree,2943,447259410432.0,98.20579334198011,9252,6144,805306368.0,10066329.6
Fat Tree,2944,447259410432.0,98.2166018158236,9252,6144,805306368.0,10066329.6
Fat Tree,2945,447259410432.0,98.22741028966709,9252,6144,805306368.0,10066329.6
Fat Tree,2946,447259410432.0,98.23821876351059,9252,6144,805306368.0,10066329.6
Fat Tree,2947,447259410432.0,98.24902723735408,9252,6144,805306368.0,10066329.6
Fat Tree,2948,447259410432.0,98.25983571119757,9252,6144,805306368.0,10066329.6
Fat Tree,2949,447259410432.0,98.27064418504106,9252,6144,805306368.0,10066329.6
Fat Tree,2950,447259410432.0,98.28145265888456,9252,6144,805306368.0,10066329.6
Fat Tree,2951,447259410432.0,98.29226113272806,9252,6144,805306368.0,10066329.6
Fat Tree,2952,447259410432.0,98.30306960657154,9252,6144,805306368.0,10066329.6
Fat Tree,2953,447259410432.0,98.31387808041504,9252,6144,805306368.0,10066329.6
Fat Tree,2954,447259410432.0,98.32468655425853,9252,6144,805306368.0,10066329.6
Fat Tree,2955,447259410432.0,98.33549502810203,9252,6144,805306368.0,10066329.6
Fat Tree,2956,447259410432.0,98.34630350194551,9252,6144,805306368.0,10066329.6
Fat Tree,2957,447259410432.0,98.35711197578901,9252,6144,805306368.0,10066329.6
Fat Tree,2958,447259410432.0,98.3679204496325,9252,6144,805306368.0,10066329.6
Fat Tree,2959,447259410432.0,98.378728923476,9252,6144,805306368.0,10066329.6
Fat Tree,2960,447259410432.0,98.38953739731949,9252,6144,805306368.0,10066329.6
Fat Tree,2961,447259410432.0,98.40034587116298,9252,6144,805306368.0,10066329.6
Fat Tree,2962,447259410432.0,98.41115434500648,9252,6144,805306368.0,10066329.6
Fat Tree,2963,447259410432.0,98.42196281884998,9252,6144,805306368.0,10066329.6
Fat Tree,2964,447259410432.0,98.43277129269346,9252,6144,805306368.0,10066329.6
Fat Tree,2965,447259410432.0,98.44357976653697,9252,6144,805306368.0,10066329.6
Fat Tree,2966,447259410432.0,98.45438824038047,9252,6144,805306368.0,10066329.6
Fat Tree,2967,447259410432.0,98.46519671422396,9252,6144,805306368.0,10066329.6
Fat Tree,2968,447259410432.0,98.47600518806745,9252,6144,805306368.0,10066329.6
Fat Tree,2969,447259410432.0,98.48681366191094,9252,6144,805306368.0,10066329.6
Fat Tree,2970,447259410432.0,98.49762213575444,9252,6144,805306368.0,10066329.6
Fat Tree,2971,447259410432.0,98.50843060959792,9252,6144,805306368.0,10066329.6
Fat Tree,2972,447259410432.0,98.51923908344142,9252,6144,805306368.0,10066329.6
Fat Tree,2973,447259410432.0,98.53004755728492,9252,6144,805306368.0,10066329.6
Fat Tree,2974,447259410432.0,98.54085603112841,9252,6144,805306368.0,10066329.6
Fat Tree,2975,447259410432.0,98.55166450497191,9252,6144,805306368.0,10066329.6
Fat Tree,2976,447259410432.0,98.56247297881539,9252,6144,805306368.0,10066329.6
Fat Tree,2977,447259410432.0,98.57328145265889,9252,6144,805306368.0,10066329.6
Fat Tree,2978,447259410432.0,98.58408992650239,9252,6144,805306368.0,10066329.6
Fat Tree,2979,447259410432.0,98.59489840034587,9252,6144,805306368.0,10066329.6
Fat Tree,2980,447259410432.0,98.60570687418937,9252,6144,805306368.0,10066329.6
Fat Tree,2981,447259410432.0,98.61651534803286,9252,6144,805306368.0,10066329.6
Fat Tree,2982,447259410432.0,98.62732382187636,9252,6144,805306368.0,10066329.6
Fat Tree,2983,447259410432.0,98.63813229571986,9252,6144,805306368.0,10066329.6
Fat Tree,2984,447259410432.0,98.64894076956334,9252,6144,805306368.0,10066329.6
Fat Tree,2985,447259410432.0,98.65974924340684,9252,6144,805306368.0,10066329.6
Fat Tree,2986,447259410432.0,98.67055771725033,9252,6144,805306368.0,10066329.6
Fat Tree,2987,447259410432.0,98.68136619109382,9252,6144,805306368.0,10066329.6
Fat Tree,2988,447259410432.0,98.69217466493731,9252,6144,805306368.0,10066329.6
Fat Tree,2989,447259410432.0,98.70298313878081,9252,6144,805306368.0,10066329.6
Fat Tree,2990,447259410432.0,98.7137916126243,9252,6144,805306368.0,10066329.6
Fat Tree,2991,447259410432.0,98.7246000864678,9252,6144,805306368.0,10066329.6
Fat Tree,2992,447259410432.0,98.73540856031128,9252,6144,805306368.0,10066329.6
Fat Tree,2993,447259410432.0,98.74621703415478,9252,6144,805306368.0,10066329.6
Fat Tree,2994,447259410432.0,98.75702550799828,9252,6144,805306368.0,10066329.6
Fat Tree,2995,447259410432.0,98.76783398184176,9252,6144,805306368.0,10066329.6
Fat Tree,2996,447259410432.0,98.77864245568526,9252,6144,805306368.0,10066329.6
Fat Tree,2997,447259410432.0,98.78945092952875,9252,6144,805306368.0,10066329.6
Fat Tree,2998,447259410432.0,98.80025940337225,9252,6144,805306368.0,10066329.6
Fat Tree,2999,447259410432.0,98.81106787721575,9252,6144,805306368.0,10066329.6
Fat Tree,3000,447259410432.0,98.82187635105923,9252,6144,805306368.0,10066329.6
Fat Tree,3001,447259410432.0,98.83268482490273,9252,6144,805306368.0,10066329.6
Fat Tree,3002,447259410432.0,98.84349329874622,9252,6144,805306368.0,10066329.6
Fat Tree,3003,447259410432.0,98.85430177258971,9252,6144,805306368.0,10066329.6
Fat Tree,3004,447259410432.0,98.8651102464332,9252,6144,805306368.0,10066329.6
Fat Tree,3005,447259410432.0,98.8759187202767,9252,6144,805306368.0,10066329.6
Fat Tree,3006,447259410432.0,98.8867271941202,9252,6144,805306368.0,10066329.6
Fat Tree,3007,447259410432.0,98.8975356679637,9252,6144,805306368.0,10066329.6
Fat Tree,3008,447259410432.0,98.90834414180718,9252,6144,805306368.0,10066329.6
Fat Tree,3009,447259410432.0,98.91915261565067,9252,6144,805306368.0,10066329.6
Fat Tree,3010,447259410432.0,98.92996108949417,9252,6144,805306368.0,10066329.6
Fat Tree,3011,447259410432.0,98.94076956333765,9252,6144,805306368.0,10066329.6
Fat Tree,3012,447259410432.0,98.95157803718115,9252,6144,805306368.0,10066329.6
Fat Tree,3013,447259410432.0,98.96238651102465,9252,6144,805306368.0,10066329.6
Fat Tree,3014,447259410432.0,98.97319498486814,9252,6144,805306368.0,10066329.6
Fat Tree,3015,447259410432.0,98.98400345871164,9252,6144,805306368.0,10066329.6
Fat Tree,3016,447259410432.0,98.99481193255512,9252,6144,805306368.0,10066329.6
Fat Tree,3017,447259410432.0,99.00562040639862,9252,6144,805306368.0,10066329.6
Fat Tree,3018,447259410432.0,99.01642888024212,9252,6144,805306368.0,10066329.6
Fat Tree,3019,447259410432.0,99.0272373540856,9252,6144,805306368.0,10066329.6
Fat Tree,3020,447259410432.0,99.0380458279291,9252,6144,805306368.0,10066329.6
Fat Tree,3021,447259410432.0,99.0488543017726,9252,6144,805306368.0,10066329.6
Fat Tree,3022,447259410432.0,99.05966277561609,9252,6144,805306368.0,10066329.6
Fat Tree,3023,447259410432.0,99.07047124945959,9252,6144,805306368.0,10066329.6
Fat Tree,3024,447259410432.0,99.08127972330307,9252,6144,805306368.0,10066329.6
Fat Tree,3025,447259410432.0,99.09208819714657,9252,6144,805306368.0,10066329.6
Fat Tree,3026,447259410432.0,99.10289667099006,9252,6144,805306368.0,10066329.6
Fat Tree,3027,447259410432.0,99.11370514483355,9252,6144,805306368.0,10066329.6
Fat Tree,3028,447259410432.0,99.12451361867704,9252,6144,805306368.0,10066329.6
Fat Tree,3029,447259410432.0,99.13532209252054,9252,6144,805306368.0,10066329.6
Fat Tree,3030,447259410432.0,99.14613056636404,9252,6144,805306368.0,10066329.6
Fat Tree,3031,447259410432.0,99.15693904020753,9252,6144,805306368.0,10066329.6
Fat Tree,3032,447259410432.0,99.16774751405102,9252,6144,805306368.0,10066329.6
Fat Tree,3033,447259410432.0,99.17855598789451,9252,6144,805306368.0,10066329.6
Fat Tree,3034,447259410432.0,99.18936446173801,9252,6144,805306368.0,10066329.6
Fat Tree,3035,447259410432.0,99.20017293558149,9252,6144,805306368.0,10066329.6
Fat Tree,3036,447259410432.0,99.21098140942499,9252,6144,805306368.0,10066329.6
Fat Tree,3037,447259410432.0,99.22178988326849,9252,6144,805306368.0,10066329.6
Fat Tree,3038,447259410432.0,99.23259835711198,9252,6144,805306368.0,10066329.6
Fat Tree,3039,447259410432.0,99.24340683095548,9252,6144,805306368.0,10066329.6
Fat Tree,3040,447259410432.0,99.25421530479896,9252,6144,805306368.0,10066329.6
Fat Tree,3041,447259410432.0,99.26502377864246,9252,6144,805306368.0,10066329.6
Fat Tree,3042,447259410432.0,99.27583225248596,9252,6144,805306368.0,10066329.6
Fat Tree,3043,447259410432.0,99.28664072632944,9252,6144,805306368.0,10066329.6
Fat Tree,3044,447259410432.0,99.29744920017293,9252,6144,805306368.0,10066329.6
Fat Tree,3045,447259410432.0,99.30825767401643,9252,6144,805306368.0,10066329.6
Fat Tree,3046,447259410432.0,99.31906614785993,9252,6144,805306368.0,10066329.6
Fat Tree,3047,447259410432.0,99.32987462170342,9252,6144,805306368.0,10066329.6
Fat Tree,3048,447259410432.0,99.34068309554691,9252,6144,805306368.0,10066329.6
Fat Tree,3049,447259410432.0,99.3514915693904,9252,6144,805306368.0,10066329.6
Fat Tree,3050,447259410432.0,99.3623000432339,9252,6144,805306368.0,10066329.6
Fat Tree,3051,447259410432.0,99.37310851707738,9252,6144,805306368.0,10066329.6
Fat Tree,3052,447259410432.0,99.38391699092088,9252,6144,805306368.0,10066329.6
Fat Tree,3053,447259410432.0,99.39472546476438,9252,6144,805306368.0,10066329.6
Fat Tree,3054,447259410432.0,99.40553393860787,9252,6144,805306368.0,10066329.6
Fat Tree,3055,447259410432.0,99.41634241245137,9252,6144,805306368.0,10066329.6
Fat Tree,3056,447259410432.0,99.42715088629485,9252,6144,805306368.0,10066329.6
Fat Tree,3057,447259410432.0,99.43795936013835,9252,6144,805306368.0,10066329.6
Fat Tree,3058,447259410432.0,99.44876783398185,9252,6144,805306368.0,10066329.6
Fat Tree,3059,447259410432.0,99.45957630782533,9252,6144,805306368.0,10066329.6
Fat Tree,3060,447259410432.0,99.47038478166883,9252,6144,805306368.0,10066329.6
Fat Tree,3061,447259410432.0,99.48119325551232,9252,6144,805306368.0,10066329.6
Fat Tree,3062,447259410432.0,99.49200172935582,9252,6144,805306368.0,10066329.6
Fat Tree,3063,447259410432.0,99.50281020319932,9252,6144,805306368.0,10066329.6
Fat Tree,3064,447259410432.0,99.5136186770428,9252,6144,805306368.0,10066329.6
Fat Tree,3065,447259410432.0,99.5244271508863,9252,6144,805306368.0,10066329.6
Fat Tree,3066,447259410432.0,99.5352356247298,9252,6144,805306368.0,10066329.6
Fat Tree,3067,447259410432.0,99.54604409857328,9252,6144,805306368.0,10066329.6
Fat Tree,3068,447259410432.0,99.55685257241677,9252,6144,805306368.0,10066329.6
Fat Tree,3069,447259410432.0,99.56766104626027,9252,6144,805306368.0,10066329.6
Fat Tree,3070,447259410432.0,99.57846952010377,9252,6144,805306368.0,10066329.6
Fat Tree,3071,447259410432.0,99.58927799394726,9252,6144,805306368.0,10066329.6
Fat Tree,3072,447259410432.0,99.60008646779075,9252,6144,805306368.0,10066329.6
Fat Tree,3073,447259410432.0,99.61089494163424,9252,6144,805306368.0,10066329.6
Fat Tree,3074,447259410432.0,99.62170341547774,9252,6144,805306368.0,10066329.6
Fat Tree,3075,447259410432.0,99.63251188932122,9252,6144,805306368.0,10066329.6
Fat Tree,3076,447259410432.0,99.64332036316472,9252,6144,805306368.0,10066329.6
Fat Tree,3077,447259410432.0,99.65412883700822,9252,6144,805306368.0,10066329.6
Fat Tree,3078,447259410432.0,99.66493731085171,9252,6144,805306368.0,10066329.6
Fat Tree,3079,447259410432.0,99.67574578469521,9252,6144,805306368.0,10066329.6
Fat Tree,3080,447259410432.0,99.68655425853869,9252,6144,805306368.0,10066329.6
Fat Tree,3081,447259410432.0,99.69736273238219,9252,6144,805306368.0,10066329.6
Fat Tree,3082,447259410432.0,99.70817120622569,9252,6144,805306368.0,10066329.6
Fat Tree,3083,447259410432.0,99.71897968006917,9252,6144,805306368.0,10066329.6
Fat Tree,3084,447259410432.0,99.72978815391266,9252,6144,805306368.0,10066329.6
Fat Tree,3085,447259410432.0,99.74059662775616,9252,6144,805306368.0,10066329.6
Fat Tree,3086,447259410432.0,99.75140510159966,9252,6144,805306368.0,10066329.6
Fat Tree,3087,447259410432.0,99.76221357544316,9252,6144,805306368.0,10066329.6
Fat Tree,3088,447259410432.0,99.77302204928664,9252,6144,805306368.0,10066329.6
Fat Tree,3089,447259410432.0,99.78383052313013,9252,6144,805306368.0,10066329.6
Fat Tree,3090,447259410432.0,99.79463899697363,9252,6144,805306368.0,10066329.6
Fat Tree,3091,447259410432.0,99.80544747081711,9252,6144,805306368.0,10066329.6
Fat Tree,3092,447259410432.0,99.81625594466061,9252,6144,805306368.0,10066329.6
Fat Tree,3093,447259410432.0,99.82706441850411,9252,6144,805306368.0,10066329.6
Fat Tree,3094,447259410432.0,99.8378728923476,9252,6144,805306368.0,10066329.6
Fat Tree,3095,447259410432.0,99.8486813661911,9252,6144,805306368.0,10066329.6
Fat Tree,3096,447259410432.0,99.85948984003458,9252,6144,805306368.0,10066329.6
Fat Tree,3097,447259410432.0,99.87029831387808,9252,6144,805306368.0,10066329.6
Fat Tree,3098,447259410432.0,99.88110678772158,9252,6144,805306368.0,10066329.6
Fat Tree,3099,447259410432.0,99.89191526156506,9252,6144,805306368.0,10066329.6
Fat Tree,3100,447259410432.0,99.90272373540856,9252,6144,805306368.0,10066329.6
Fat Tree,3101,447259410432.0,99.91353220925205,9252,6144,805306368.0,10066329.6
Fat Tree,3102,447259410432.0,99.92434068309555,9252,6144,805306368.0,10066329.6
Fat Tree,3103,447259410432.0,99.93514915693905,9252,6144,805306368.0,10066329.6
Fat Tree,3104,447259410432.0,99.94595763078253,9252,6144,805306368.0,10066329.6
Fat Tree,3105,447259410432.0,99.95676610462603,9252,6144,805306368.0,10066329.6
Fat Tree,3106,447259410432.0,99.96757457846952,9252,6144,805306368.0,10066329.6
Fat Tree,3107,447259410432.0,99.978383052313,9252,6144,805306368.0,10066329.6
Fat Tree,3108,447259410432.0,99.9891915261565,9252,6144,805306368.0,10066329.6
Fat Tree,3109,447259410432.0,100.0,9252,6144,805306368.0,10066329.6
HyperX,0,10066329.6,0.0,10880,7328,100663296.0,10066329.6
HyperX,1,100663296.0,0.0,10880,7328,100663296.0,10066329.6
HyperX,2,100663296.0,67.36213235294117,10880,7328,100663296.0,10066329.6
HyperX,3,100663296.0,67.37132352941177,10880,7328,100663296.0,10066329.6
HyperX,4,100663296.0,67.38051470588235,10880,7328,100663296.0,10066329.6
HyperX,5,100663296.0,67.38970588235294,10880,7328,100663296.0,10066329.6
HyperX,6,100663296.0,67.39889705882352,10880,7328,100663296.0,10066329.6
HyperX,7,100663296.0,67.40808823529412,10880,7328,100663296.0,10066329.6
HyperX,8,100663296.0,67.41727941176471,10880,7328,100663296.0,10066329.6
HyperX,9,100663296.0,67.4264705882353,10880,7328,100663296.0,10066329.6
HyperX,10,100663296.0,67.43566176470588,10880,7328,100663296.0,10066329.6
HyperX,11,100663296.0,67.44485294117646,10880,7328,100663296.0,10066329.6
HyperX,12,100663296.0,67.45404411764706,10880,7328,100663296.0,10066329.6
HyperX,13,100663296.0,67.46323529411765,10880,7328,100663296.0,10066329.6
HyperX,14,100663296.0,67.47242647058823,10880,7328,100663296.0,10066329.6
HyperX,15,100663296.0,67.48161764705883,10880,7328,100663296.0,10066329.6
HyperX,16,100663296.0,67.49080882352942,10880,7328,100663296.0,10066329.6
HyperX,17,100663296.0,67.5,10880,7328,100663296.0,10066329.6
HyperX,18,100663296.0,67.50919117647058,10880,7328,100663296.0,10066329.6
HyperX,19,100663296.0,67.51838235294117,10880,7328,100663296.0,10066329.6
HyperX,20,100663296.0,67.52757352941177,10880,7328,100663296.0,10066329.6
HyperX,21,100663296.0,67.53676470588236,10880,7328,100663296.0,10066329.6
HyperX,22,100663296.0,67.54595588235294,10880,7328,100663296.0,10066329.6
HyperX,23,100663296.0,67.55514705882352,10880,7328,100663296.0,10066329.6
HyperX,24,100663296.0,67.56433823529412,10880,7328,100663296.0,10066329.6
HyperX,25,100663296.0,67.57352941176471,10880,7328,100663296.0,10066329.6
HyperX,26,100663296.0,67.58272058823529,10880,7328,100663296.0,10066329.6
HyperX,27,100663296.0,67.59191176470588,10880,7328,100663296.0,10066329.6
HyperX,28,100663296.0,67.60110294117648,10880,7328,100663296.0,10066329.6
HyperX,29,100663296.0,67.61029411764706,10880,7328,100663296.0,10066329.6
HyperX,30,100663296.0,67.61948529411764,10880,7328,100663296.0,10066329.6
HyperX,31,100663296.0,67.62867647058823,10880,7328,100663296.0,10066329.6
HyperX,32,100663296.0,67.63786764705883,10880,7328,100663296.0,10066329.6
HyperX,33,100663296.0,67.64705882352942,10880,7328,100663296.0,10066329.6
HyperX,34,100663296.0,67.65625,10880,7328,100663296.0,10066329.6
HyperX,35,100663296.0,67.66544117647058,10880,7328,100663296.0,10066329.6
HyperX,36,100663296.0,67.67463235294117,10880,7328,100663296.0,10066329.6
HyperX,37,100663296.0,67.68382352941177,10880,7328,100663296.0,10066329.6
HyperX,38,100663296.0,67.69301470588235,10880,7328,100663296.0,10066329.6
HyperX,39,100663296.0,67.70220588235294,10880,7328,100663296.0,10066329.6
HyperX,40,100663296.0,67.71139705882354,10880,7328,100663296.0,10066329.6
HyperX,41,100663296.0,67.72058823529412,10880,7328,100663296.0,10066329.6
HyperX,42,100663296.0,67.7297794117647,10880,7328,100663296.0,10066329.6
HyperX,43,100663296.0,67.73897058823529,10880,7328,100663296.0,10066329.6
HyperX,44,100663296.0,67.74816176470588,10880,7328,100663296.0,10066329.6
HyperX,45,100663296.0,67.75735294117648,10880,7328,100663296.0,10066329.6
HyperX,46,100663296.0,67.76654411764706,10880,7328,100663296.0,10066329.6
HyperX,47,100663296.0,67.77573529411765,10880,7328,100663296.0,10066329.6
HyperX,48,100663296.0,67.78492647058823,10880,7328,100663296.0,10066329.6
HyperX,49,100663296.0,67.79411764705883,10880,7328,100663296.0,10066329.6
HyperX,50,100663296.0,67.8033088235294,10880,7328,100663296.0,10066329.6
HyperX,51,100663296.0,67.8125,10880,7328,100663296.0,10066329.6
HyperX,52,100663296.0,67.8216911764706,10880,7328,100663296.0,10066329.6
HyperX,53,100663296.0,67.83088235294117,10880,7328,100663296.0,10066329.6
HyperX,54,100663296.0,67.84007352941175,10880,7328,100663296.0,10066329.6
HyperX,55,100663296.0,67.84926470588235,10880,7328,100663296.0,10066329.6
HyperX,56,100663296.0,67.85845588235294,10880,7328,100663296.0,10066329.6
HyperX,57,100663296.0,67.86764705882354,10880,7328,100663296.0,10066329.6
HyperX,58,100663296.0,67.87683823529412,10880,7328,100663296.0,10066329.6
HyperX,59,100663296.0,67.88602941176471,10880,7328,100663296.0,10066329.6
HyperX,60,100663296.0,67.89522058823529,10880,7328,100663296.0,10066329.6
HyperX,61,100663296.0,67.90441176470588,10880,7328,100663296.0,10066329.6
HyperX,62,100663296.0,67.91360294117646,10880,7328,100663296.0,10066329.6
HyperX,63,100663296.0,67.92279411764706,10880,7328,100663296.0,10066329.6
HyperX,64,100663296.0,67.93198529411765,10880,7328,100663296.0,10066329.6
HyperX,65,100663296.0,67.94117647058823,10880,7328,100663296.0,10066329.6
HyperX,66,100663296.0,67.95036764705881,10880,7328,100663296.0,10066329.6
HyperX,67,100663296.0,67.9595588235294,10880,7328,100663296.0,10066329.6
HyperX,68,100663296.0,67.96875,10880,7328,100663296.0,10066329.6
HyperX,69,100663296.0,67.9779411764706,10880,7328,100663296.0,10066329.6
HyperX,70,100663296.0,67.98713235294119,10880,7328,100663296.0,10066329.6
HyperX,71,100663296.0,67.99632352941177,10880,7328,100663296.0,10066329.6
HyperX,72,100663296.0,68.00551470588235,10880,7328,100663296.0,10066329.6
HyperX,73,100663296.0,68.01470588235294,10880,7328,100663296.0,10066329.6
HyperX,74,100663296.0,68.02389705882354,10880,7328,100663296.0,10066329.6
HyperX,75,100663296.0,68.03308823529412,10880,7328,100663296.0,10066329.6
HyperX,76,100663296.0,68.04227941176471,10880,7328,100663296.0,10066329.6
HyperX,77,100663296.0,68.05147058823529,10880,7328,100663296.0,10066329.6
HyperX,78,100663296.0,68.06066176470588,10880,7328,100663296.0,10066329.6
HyperX,79,100663296.0,68.06985294117646,10880,7328,100663296.0,10066329.6
HyperX,80,100663296.0,68.07904411764706,10880,7328,100663296.0,10066329.6
HyperX,81,100663296.0,68.08823529411765,10880,7328,100663296.0,10066329.6
HyperX,82,100663296.0,68.09742647058825,10880,7328,100663296.0,10066329.6
HyperX,83,100663296.0,68.10661764705883,10880,7328,100663296.0,10066329.6
HyperX,84,100663296.0,68.1158088235294,10880,7328,100663296.0,10066329.6
HyperX,85,100663296.0,68.125,10880,7328,100663296.0,10066329.6
HyperX,86,100663296.0,68.1341911764706,10880,7328,100663296.0,10066329.6
HyperX,87,100663296.0,68.14338235294117,10880,7328,100663296.0,10066329.6
HyperX,88,100663296.0,68.15257352941177,10880,7328,100663296.0,10066329.6
HyperX,89,100663296.0,68.16176470588235,10880,7328,100663296.0,10066329.6
HyperX,90,100663296.0,68.17095588235294,10880,7328,100663296.0,10066329.6
HyperX,91,100663296.0,68.18014705882352,10880,7328,100663296.0,10066329.6
HyperX,92,100663296.0,68.18933823529412,10880,7328,100663296.0,10066329.6
HyperX,93,100663296.0,68.19852941176471,10880,7328,100663296.0,10066329.6
HyperX,94,100663296.0,68.2077205882353,10880,7328,100663296.0,10066329.6
HyperX,95,100663296.0,68.21691176470588,10880,7328,100663296.0,10066329.6
HyperX,96,100663296.0,68.22610294117646,10880,7328,100663296.0,10066329.6
HyperX,97,100663296.0,68.23529411764706,10880,7328,100663296.0,10066329.6
HyperX,98,100663296.0,68.24448529411765,10880,7328,100663296.0,10066329.6
HyperX,99,100663296.0,68.25367647058823,10880,7328,100663296.0,10066329.6
HyperX,100,100663296.0,68.26286764705883,10880,7328,100663296.0,10066329.6
HyperX,101,100663296.0,68.27205882352942,10880,7328,100663296.0,10066329.6
HyperX,102,100663296.0,68.28125,10880,7328,100663296.0,10066329.6
HyperX,103,100663296.0,68.29044117647058,10880,7328,100663296.0,10066329.6
HyperX,104,100663296.0,68.29963235294117,10880,7328,100663296.0,10066329.6
HyperX,105,100663296.0,68.30882352941177,10880,7328,100663296.0,10066329.6
HyperX,106,100663296.0,68.31801470588236,10880,7328,100663296.0,10066329.6
HyperX,107,100663296.0,68.32720588235294,10880,7328,100663296.0,10066329.6
HyperX,108,100663296.0,68.33639705882352,10880,7328,100663296.0,10066329.6
HyperX,109,100663296.0,68.34558823529412,10880,7328,100663296.0,10066329.6
HyperX,110,100663296.0,68.35477941176471,10880,7328,100663296.0,10066329.6
HyperX,111,100663296.0,68.36397058823529,10880,7328,100663296.0,10066329.6
HyperX,112,100663296.0,68.37316176470588,10880,7328,100663296.0,10066329.6
HyperX,113,100663296.0,68.38235294117648,10880,7328,100663296.0,10066329.6
HyperX,114,100663296.0,68.39154411764706,10880,7328,100663296.0,10066329.6
HyperX,115,100663296.0,68.40073529411764,10880,7328,100663296.0,10066329.6
HyperX,116,100663296.0,68.40992647058823,10880,7328,100663296.0,10066329.6
HyperX,117,100663296.0,68.41911764705883,10880,7328,100663296.0,10066329.6
HyperX,118,100663296.0,68.42830882352942,10880,7328,100663296.0,10066329.6
HyperX,119,100663296.0,68.4375,10880,7328,100663296.0,10066329.6
HyperX,120,100663296.0,68.44669117647058,10880,7328,100663296.0,10066329.6
HyperX,121,100663296.0,68.45588235294117,10880,7328,100663296.0,10066329.6
HyperX,122,100663296.0,68.46507352941177,10880,7328,100663296.0,10066329.6
HyperX,123,100663296.0,68.47426470588235,10880,7328,100663296.0,10066329.6
HyperX,124,100663296.0,68.48345588235294,10880,7328,100663296.0,10066329.6
HyperX,125,100663296.0,68.49264705882354,10880,7328,100663296.0,10066329.6
HyperX,126,100663296.0,68.50183823529412,10880,7328,100663296.0,10066329.6
HyperX,127,100663296.0,68.5110294117647,10880,7328,100663296.0,10066329.6
HyperX,128,100663296.0,68.52022058823529,10880,7328,100663296.0,10066329.6
HyperX,129,100663296.0,68.52941176470588,10880,7328,100663296.0,10066329.6
HyperX,130,100663296.0,68.53860294117648,10880,7328,100663296.0,10066329.6
HyperX,131,100663296.0,68.54779411764706,10880,7328,100663296.0,10066329.6
HyperX,132,100663296.0,68.55698529411765,10880,7328,100663296.0,10066329.6
HyperX,133,100663296.0,68.56617647058823,10880,7328,100663296.0,10066329.6
HyperX,134,100663296.0,68.57536764705883,10880,7328,100663296.0,10066329.6
HyperX,135,100663296.0,68.5845588235294,10880,7328,100663296.0,10066329.6
HyperX,136,100663296.0,68.59375,10880,7328,100663296.0,10066329.6
HyperX,137,100663296.0,68.6029411764706,10880,7328,100663296.0,10066329.6
HyperX,138,100663296.0,68.61213235294117,10880,7328,100663296.0,10066329.6
HyperX,139,100663296.0,68.62132352941175,10880,7328,100663296.0,10066329.6
HyperX,140,100663296.0,68.63051470588235,10880,7328,100663296.0,10066329.6
HyperX,141,100663296.0,68.63970588235294,10880,7328,100663296.0,10066329.6
HyperX,142,100663296.0,68.64889705882354,10880,7328,100663296.0,10066329.6
HyperX,143,100663296.0,68.65808823529412,10880,7328,100663296.0,10066329.6
HyperX,144,100663296.0,68.66727941176471,10880,7328,100663296.0,10066329.6
HyperX,145,100663296.0,68.67647058823529,10880,7328,100663296.0,10066329.6
HyperX,146,100663296.0,68.68566176470588,10880,7328,100663296.0,10066329.6
HyperX,147,100663296.0,68.69485294117646,10880,7328,100663296.0,10066329.6
HyperX,148,100663296.0,68.70404411764706,10880,7328,100663296.0,10066329.6
HyperX,149,100663296.0,68.71323529411765,10880,7328,100663296.0,10066329.6
HyperX,150,100663296.0,68.72242647058823,10880,7328,100663296.0,10066329.6
HyperX,151,100663296.0,68.73161764705881,10880,7328,100663296.0,10066329.6
HyperX,152,100663296.0,68.7408088235294,10880,7328,100663296.0,10066329.6
HyperX,153,100663296.0,68.75,10880,7328,100663296.0,10066329.6
HyperX,154,100663296.0,68.7591911764706,10880,7328,100663296.0,10066329.6
HyperX,155,100663296.0,68.76838235294119,10880,7328,100663296.0,10066329.6
HyperX,156,100663296.0,68.77757352941177,10880,7328,100663296.0,10066329.6
HyperX,157,100663296.0,68.78676470588235,10880,7328,100663296.0,10066329.6
HyperX,158,100663296.0,68.79595588235294,10880,7328,100663296.0,10066329.6
HyperX,159,100663296.0,68.80514705882354,10880,7328,100663296.0,10066329.6
HyperX,160,100663296.0,68.81433823529412,10880,7328,100663296.0,10066329.6
HyperX,161,100663296.0,68.82352941176471,10880,7328,100663296.0,10066329.6
HyperX,162,100663296.0,68.83272058823529,10880,7328,100663296.0,10066329.6
HyperX,163,100663296.0,68.84191176470588,10880,7328,100663296.0,10066329.6
HyperX,164,100663296.0,68.85110294117646,10880,7328,100663296.0,10066329.6
HyperX,165,100663296.0,68.86029411764706,10880,7328,100663296.0,10066329.6
HyperX,166,100663296.0,68.86948529411765,10880,7328,100663296.0,10066329.6
HyperX,167,100663296.0,68.87867647058825,10880,7328,100663296.0,10066329.6
HyperX,168,100663296.0,68.88786764705883,10880,7328,100663296.0,10066329.6
HyperX,169,100663296.0,68.8970588235294,10880,7328,100663296.0,10066329.6
HyperX,170,100663296.0,68.90625,10880,7328,100663296.0,10066329.6
HyperX,171,100663296.0,68.9154411764706,10880,7328,100663296.0,10066329.6
HyperX,172,100663296.0,68.92463235294117,10880,7328,100663296.0,10066329.6
HyperX,173,100663296.0,68.93382352941177,10880,7328,100663296.0,10066329.6
HyperX,174,100663296.0,68.94301470588235,10880,7328,100663296.0,10066329.6
HyperX,175,100663296.0,68.95220588235294,10880,7328,100663296.0,10066329.6
HyperX,176,100663296.0,68.96139705882352,10880,7328,100663296.0,10066329.6
HyperX,177,100663296.0,68.97058823529412,10880,7328,100663296.0,10066329.6
HyperX,178,100663296.0,68.97977941176471,10880,7328,100663296.0,10066329.6
HyperX,179,100663296.0,68.9889705882353,10880,7328,100663296.0,10066329.6
HyperX,180,100663296.0,68.99816176470588,10880,7328,100663296.0,10066329.6
HyperX,181,100663296.0,69.00735294117646,10880,7328,100663296.0,10066329.6
HyperX,182,100663296.0,69.01654411764706,10880,7328,100663296.0,10066329.6
HyperX,183,100663296.0,69.02573529411765,10880,7328,100663296.0,10066329.6
HyperX,184,100663296.0,69.03492647058823,10880,7328,100663296.0,10066329.6
HyperX,185,100663296.0,69.04411764705883,10880,7328,100663296.0,10066329.6
HyperX,186,100663296.0,69.05330882352942,10880,7328,100663296.0,10066329.6
HyperX,187,100663296.0,69.0625,10880,7328,100663296.0,10066329.6
HyperX,188,100663296.0,69.07169117647058,10880,7328,100663296.0,10066329.6
HyperX,189,100663296.0,69.08088235294117,10880,7328,100663296.0,10066329.6
HyperX,190,100663296.0,69.09007352941177,10880,7328,100663296.0,10066329.6
HyperX,191,100663296.0,69.09926470588236,10880,7328,100663296.0,10066329.6
HyperX,192,100663296.0,69.10845588235294,10880,7328,100663296.0,10066329.6
HyperX,193,100663296.0,69.11764705882352,10880,7328,100663296.0,10066329.6
HyperX,194,100663296.0,69.12683823529412,10880,7328,100663296.0,10066329.6
HyperX,195,100663296.0,69.13602941176471,10880,7328,100663296.0,10066329.6
HyperX,196,100663296.0,69.14522058823529,10880,7328,100663296.0,10066329.6
HyperX,197,100663296.0,69.15441176470588,10880,7328,100663296.0,10066329.6
HyperX,198,100663296.0,69.16360294117648,10880,7328,100663296.0,10066329.6
HyperX,199,100663296.0,69.17279411764706,10880,7328,100663296.0,10066329.6
HyperX,200,100663296.0,69.18198529411764,10880,7328,100663296.0,10066329.6
HyperX,201,100663296.0,69.19117647058823,10880,7328,100663296.0,10066329.6
HyperX,202,100663296.0,69.20036764705883,10880,7328,100663296.0,10066329.6
HyperX,203,100663296.0,69.20955882352942,10880,7328,100663296.0,10066329.6
HyperX,204,100663296.0,69.21875,10880,7328,100663296.0,10066329.6
HyperX,205,100663296.0,69.22794117647058,10880,7328,100663296.0,10066329.6
HyperX,206,100663296.0,69.23713235294117,10880,7328,100663296.0,10066329.6
HyperX,207,100663296.0,69.24632352941177,10880,7328,100663296.0,10066329.6
HyperX,208,100663296.0,69.25551470588235,10880,7328,100663296.0,10066329.6
HyperX,209,100663296.0,69.26470588235294,10880,7328,100663296.0,10066329.6
HyperX,210,100663296.0,69.27389705882354,10880,7328,100663296.0,10066329.6
HyperX,211,100663296.0,69.28308823529412,10880,7328,100663296.0,10066329.6
HyperX,212,100663296.0,69.2922794117647,10880,7328,100663296.0,10066329.6
HyperX,213,100663296.0,69.30147058823529,10880,7328,100663296.0,10066329.6
HyperX,214,100663296.0,69.31066176470588,10880,7328,100663296.0,10066329.6
HyperX,215,100663296.0,69.31985294117648,10880,7328,100663296.0,10066329.6
HyperX,216,100663296.0,69.32904411764706,10880,7328,100663296.0,10066329.6
HyperX,217,100663296.0,69.33823529411765,10880,7328,100663296.0,10066329.6
HyperX,218,100663296.0,69.34742647058823,10880,7328,100663296.0,10066329.6
HyperX,219,100663296.0,69.35661764705883,10880,7328,100663296.0,10066329.6
HyperX,220,100663296.0,69.3658088235294,10880,7328,100663296.0,10066329.6
HyperX,221,100663296.0,69.375,10880,7328,100663296.0,10066329.6
HyperX,222,100663296.0,69.3841911764706,10880,7328,100663296.0,10066329.6
HyperX,223,100663296.0,69.39338235294117,10880,7328,100663296.0,10066329.6
HyperX,224,100663296.0,69.40257352941175,10880,7328,100663296.0,10066329.6
HyperX,225,100663296.0,69.41176470588235,10880,7328,100663296.0,10066329.6
HyperX,226,100663296.0,69.42095588235294,10880,7328,100663296.0,10066329.6
HyperX,227,100663296.0,69.43014705882354,10880,7328,100663296.0,10066329.6
HyperX,228,100663296.0,69.43933823529412,10880,7328,100663296.0,10066329.6
HyperX,229,100663296.0,69.44852941176471,10880,7328,100663296.0,10066329.6
HyperX,230,100663296.0,69.45772058823529,10880,7328,100663296.0,10066329.6
HyperX,231,100663296.0,69.46691176470588,10880,7328,100663296.0,10066329.6
HyperX,232,100663296.0,69.47610294117646,10880,7328,100663296.0,10066329.6
HyperX,233,100663296.0,69.48529411764706,10880,7328,100663296.0,10066329.6
HyperX,234,100663296.0,69.49448529411765,10880,7328,100663296.0,10066329.6
HyperX,235,100663296.0,69.50367647058823,10880,7328,100663296.0,10066329.6
HyperX,236,100663296.0,69.51286764705881,10880,7328,100663296.0,10066329.6
HyperX,237,100663296.0,69.5220588235294,10880,7328,100663296.0,10066329.6
HyperX,238,100663296.0,69.53125,10880,7328,100663296.0,10066329.6
HyperX,239,100663296.0,69.5404411764706,10880,7328,100663296.0,10066329.6
HyperX,240,100663296.0,69.54963235294119,10880,7328,100663296.0,10066329.6
HyperX,241,100663296.0,69.55882352941177,10880,7328,100663296.0,10066329.6
HyperX,242,100663296.0,69.56801470588235,10880,7328,100663296.0,10066329.6
HyperX,243,100663296.0,69.57720588235294,10880,7328,100663296.0,10066329.6
HyperX,244,100663296.0,69.58639705882354,10880,7328,100663296.0,10066329.6
HyperX,245,100663296.0,69.59558823529412,10880,7328,100663296.0,10066329.6
HyperX,246,100663296.0,69.60477941176471,10880,7328,100663296.0,10066329.6
HyperX,247,100663296.0,69.61397058823529,10880,7328,100663296.0,10066329.6
HyperX,248,100663296.0,69.62316176470588,10880,7328,100663296.0,10066329.6
HyperX,249,100663296.0,69.63235294117646,10880,7328,100663296.0,10066329.6
HyperX,250,100663296.0,69.64154411764706,10880,7328,100663296.0,10066329.6
HyperX,251,100663296.0,69.65073529411765,10880,7328,100663296.0,10066329.6
HyperX,252,100663296.0,69.65992647058825,10880,7328,100663296.0,10066329.6
HyperX,253,100663296.0,69.66911764705883,10880,7328,100663296.0,10066329.6
HyperX,254,100663296.0,69.6783088235294,10880,7328,100663296.0,10066329.6
HyperX,255,100663296.0,69.6875,10880,7328,100663296.0,10066329.6
HyperX,256,100663296.0,69.6966911764706,10880,7328,100663296.0,10066329.6
HyperX,257,100663296.0,69.70588235294117,10880,7328,100663296.0,10066329.6
HyperX,258,11296737280.0,69.71507352941177,10880,7328,100663296.0,10066329.6
HyperX,259,11296737280.0,69.72426470588235,10880,7328,100663296.0,10066329.6
HyperX,260,11296737280.0,69.73345588235294,10880,7328,100663296.0,10066329.6
HyperX,261,11296737280.0,69.74264705882352,10880,7328,100663296.0,10066329.6
HyperX,262,11296737280.0,69.75183823529412,10880,7328,100663296.0,10066329.6
HyperX,263,11296737280.0,69.76102941176471,10880,7328,100663296.0,10066329.6
HyperX,264,11296737280.0,69.7702205882353,10880,7328,100663296.0,10066329.6
HyperX,265,11296737280.0,69.77941176470588,10880,7328,100663296.0,10066329.6
HyperX,266,11296737280.0,69.78860294117646,10880,7328,100663296.0,10066329.6
HyperX,267,11296737280.0,69.79779411764706,10880,7328,100663296.0,10066329.6
HyperX,268,11296737280.0,69.80698529411765,10880,7328,100663296.0,10066329.6
HyperX,269,11296737280.0,69.81617647058823,10880,7328,100663296.0,10066329.6
HyperX,270,11296737280.0,69.82536764705883,10880,7328,100663296.0,10066329.6
HyperX,271,11296737280.0,69.83455882352942,10880,7328,100663296.0,10066329.6
HyperX,272,11296737280.0,69.84375,10880,7328,100663296.0,10066329.6
HyperX,273,11296737280.0,69.85294117647058,10880,7328,100663296.0,10066329.6
HyperX,274,11296737280.0,69.86213235294117,10880,7328,100663296.0,10066329.6
HyperX,275,11296737280.0,69.87132352941177,10880,7328,100663296.0,10066329.6
HyperX,276,11296737280.0,69.88051470588236,10880,7328,100663296.0,10066329.6
HyperX,277,11296737280.0,69.88970588235294,10880,7328,100663296.0,10066329.6
HyperX,278,11296737280.0,69.89889705882352,10880,7328,100663296.0,10066329.6
HyperX,279,11296737280.0,69.90808823529412,10880,7328,100663296.0,10066329.6
HyperX,280,11296737280.0,69.91727941176471,10880,7328,100663296.0,10066329.6
HyperX,281,11296737280.0,69.92647058823529,10880,7328,100663296.0,10066329.6
HyperX,282,11296737280.0,69.93566176470588,10880,7328,100663296.0,10066329.6
HyperX,283,11296737280.0,69.94485294117648,10880,7328,100663296.0,10066329.6
HyperX,284,11296737280.0,69.95404411764706,10880,7328,100663296.0,10066329.6
HyperX,285,11296737280.0,69.96323529411764,10880,7328,100663296.0,10066329.6
HyperX,286,11296737280.0,69.97242647058823,10880,7328,100663296.0,10066329.6
HyperX,287,11296737280.0,69.98161764705883,10880,7328,100663296.0,10066329.6
HyperX,288,11296737280.0,69.99080882352942,10880,7328,100663296.0,10066329.6
HyperX,289,11296737280.0,70.0,10880,7328,100663296.0,10066329.6
HyperX,290,11296737280.0,70.00919117647058,10880,7328,100663296.0,10066329.6
HyperX,291,11296737280.0,70.01838235294117,10880,7328,100663296.0,10066329.6
HyperX,292,11296737280.0,70.02757352941177,10880,7328,100663296.0,10066329.6
HyperX,293,11296737280.0,70.03676470588235,10880,7328,100663296.0,10066329.6
HyperX,294,11296737280.0,70.04595588235294,10880,7328,100663296.0,10066329.6
HyperX,295,11296737280.0,70.05514705882354,10880,7328,100663296.0,10066329.6
HyperX,296,11296737280.0,70.06433823529412,10880,7328,100663296.0,10066329.6
HyperX,297,11296737280.0,70.0735294117647,10880,7328,100663296.0,10066329.6
HyperX,298,11296737280.0,70.08272058823529,10880,7328,100663296.0,10066329.6
HyperX,299,11296737280.0,70.09191176470588,10880,7328,100663296.0,10066329.6
HyperX,300,11296737280.0,70.10110294117648,10880,7328,100663296.0,10066329.6
HyperX,301,11296737280.0,70.11029411764706,10880,7328,100663296.0,10066329.6
HyperX,302,11296737280.0,70.11948529411765,10880,7328,100663296.0,10066329.6
HyperX,303,11296737280.0,70.12867647058823,10880,7328,100663296.0,10066329.6
HyperX,304,11296737280.0,70.13786764705883,10880,7328,100663296.0,10066329.6
HyperX,305,11296737280.0,70.1470588235294,10880,7328,100663296.0,10066329.6
HyperX,306,11296737280.0,70.15625,10880,7328,100663296.0,10066329.6
HyperX,307,11296737280.0,70.1654411764706,10880,7328,100663296.0,10066329.6
HyperX,308,11296737280.0,70.17463235294117,10880,7328,100663296.0,10066329.6
HyperX,309,11296737280.0,70.18382352941175,10880,7328,100663296.0,10066329.6
HyperX,310,11296737280.0,70.19301470588235,10880,7328,100663296.0,10066329.6
HyperX,311,11296737280.0,70.20220588235294,10880,7328,100663296.0,10066329.6
HyperX,312,11296737280.0,70.21139705882354,10880,7328,100663296.0,10066329.6
HyperX,313,11296737280.0,70.22058823529412,10880,7328,100663296.0,10066329.6
HyperX,314,11296737280.0,70.22977941176471,10880,7328,100663296.0,10066329.6
HyperX,315,11296737280.0,70.23897058823529,10880,7328,100663296.0,10066329.6
HyperX,316,11296737280.0,70.24816176470588,10880,7328,100663296.0,10066329.6
HyperX,317,11296737280.0,70.25735294117646,10880,7328,100663296.0,10066329.6
HyperX,318,11296737280.0,70.26654411764706,10880,7328,100663296.0,10066329.6
HyperX,319,11296737280.0,70.27573529411765,10880,7328,100663296.0,10066329.6
HyperX,320,11296737280.0,70.28492647058823,10880,7328,100663296.0,10066329.6
HyperX,321,11296737280.0,70.29411764705881,10880,7328,100663296.0,10066329.6
HyperX,322,11296737280.0,70.3033088235294,10880,7328,100663296.0,10066329.6
HyperX,323,11296737280.0,70.3125,10880,7328,100663296.0,10066329.6
HyperX,324,11296737280.0,70.3216911764706,10880,7328,100663296.0,10066329.6
HyperX,325,11296737280.0,70.33088235294119,10880,7328,100663296.0,10066329.6
HyperX,326,11296737280.0,70.34007352941177,10880,7328,100663296.0,10066329.6
HyperX,327,11296737280.0,70.34926470588235,10880,7328,100663296.0,10066329.6
HyperX,328,11296737280.0,70.35845588235294,10880,7328,100663296.0,10066329.6
HyperX,329,11296737280.0,70.36764705882354,10880,7328,100663296.0,10066329.6
HyperX,330,11296737280.0,70.37683823529412,10880,7328,100663296.0,10066329.6
HyperX,331,11296737280.0,70.38602941176471,10880,7328,100663296.0,10066329.6
HyperX,332,11296737280.0,70.39522058823529,10880,7328,100663296.0,10066329.6
HyperX,333,11296737280.0,70.40441176470588,10880,7328,100663296.0,10066329.6
HyperX,334,11296737280.0,70.41360294117646,10880,7328,100663296.0,10066329.6
HyperX,335,11296737280.0,70.42279411764706,10880,7328,100663296.0,10066329.6
HyperX,336,11296737280.0,70.43198529411765,10880,7328,100663296.0,10066329.6
HyperX,337,11296737280.0,70.44117647058825,10880,7328,100663296.0,10066329.6
HyperX,338,11296737280.0,70.45036764705883,10880,7328,100663296.0,10066329.6
HyperX,339,11296737280.0,70.4595588235294,10880,7328,100663296.0,10066329.6
HyperX,340,11296737280.0,70.46875,10880,7328,100663296.0,10066329.6
HyperX,341,11296737280.0,70.4779411764706,10880,7328,100663296.0,10066329.6
HyperX,342,11296737280.0,70.48713235294117,10880,7328,100663296.0,10066329.6
HyperX,343,11296737280.0,70.49632352941177,10880,7328,100663296.0,10066329.6
HyperX,344,11296737280.0,70.50551470588235,10880,7328,100663296.0,10066329.6
HyperX,345,11296737280.0,70.51470588235294,10880,7328,100663296.0,10066329.6
HyperX,346,11296737280.0,70.52389705882352,10880,7328,100663296.0,10066329.6
HyperX,347,11296737280.0,70.53308823529412,10880,7328,100663296.0,10066329.6
HyperX,348,11296737280.0,70.54227941176471,10880,7328,100663296.0,10066329.6
HyperX,349,11296737280.0,70.5514705882353,10880,7328,100663296.0,10066329.6
HyperX,350,11296737280.0,70.56066176470588,10880,7328,100663296.0,10066329.6
HyperX,351,11296737280.0,70.56985294117646,10880,7328,100663296.0,10066329.6
HyperX,352,11296737280.0,70.57904411764706,10880,7328,100663296.0,10066329.6
HyperX,353,11296737280.0,70.58823529411765,10880,7328,100663296.0,10066329.6
HyperX,354,11296737280.0,70.59742647058823,10880,7328,100663296.0,10066329.6
HyperX,355,11296737280.0,70.60661764705883,10880,7328,100663296.0,10066329.6
HyperX,356,11296737280.0,70.61580882352942,10880,7328,100663296.0,10066329.6
HyperX,357,11296737280.0,70.625,10880,7328,100663296.0,10066329.6
HyperX,358,11296737280.0,70.63419117647058,10880,7328,100663296.0,10066329.6
HyperX,359,11296737280.0,70.64338235294117,10880,7328,100663296.0,10066329.6
HyperX,360,11296737280.0,70.65257352941177,10880,7328,100663296.0,10066329.6
HyperX,361,11296737280.0,70.66176470588236,10880,7328,100663296.0,10066329.6
HyperX,362,11296737280.0,70.67095588235294,10880,7328,100663296.0,10066329.6
HyperX,363,11296737280.0,70.68014705882352,10880,7328,100663296.0,10066329.6
HyperX,364,11296737280.0,70.68933823529412,10880,7328,100663296.0,10066329.6
HyperX,365,11296737280.0,70.69852941176471,10880,7328,100663296.0,10066329.6
HyperX,366,11296737280.0,70.70772058823529,10880,7328,100663296.0,10066329.6
HyperX,367,11296737280.0,70.71691176470588,10880,7328,100663296.0,10066329.6
HyperX,368,11296737280.0,70.72610294117648,10880,7328,100663296.0,10066329.6
HyperX,369,11296737280.0,70.73529411764706,10880,7328,100663296.0,10066329.6
HyperX,370,11296737280.0,70.74448529411764,10880,7328,100663296.0,10066329.6
HyperX,371,11296737280.0,70.75367647058823,10880,7328,100663296.0,10066329.6
HyperX,372,11296737280.0,70.76286764705883,10880,7328,100663296.0,10066329.6
HyperX,373,11296737280.0,70.77205882352942,10880,7328,100663296.0,10066329.6
HyperX,374,11296737280.0,70.78125,10880,7328,100663296.0,10066329.6
HyperX,375,11296737280.0,70.79044117647058,10880,7328,100663296.0,10066329.6
HyperX,376,11296737280.0,70.79963235294117,10880,7328,100663296.0,10066329.6
HyperX,377,11296737280.0,70.80882352941177,10880,7328,100663296.0,10066329.6
HyperX,378,11296737280.0,70.81801470588235,10880,7328,100663296.0,10066329.6
HyperX,379,11296737280.0,70.82720588235294,10880,7328,100663296.0,10066329.6
HyperX,380,11296737280.0,70.83639705882354,10880,7328,100663296.0,10066329.6
HyperX,381,11296737280.0,70.84558823529412,10880,7328,100663296.0,10066329.6
HyperX,382,11296737280.0,70.8547794117647,10880,7328,100663296.0,10066329.6
HyperX,383,11296737280.0,70.86397058823529,10880,7328,100663296.0,10066329.6
HyperX,384,11296737280.0,70.87316176470588,10880,7328,100663296.0,10066329.6
HyperX,385,11296737280.0,70.88235294117648,10880,7328,100663296.0,10066329.6
HyperX,386,11296737280.0,70.89154411764706,10880,7328,100663296.0,10066329.6
HyperX,387,11296737280.0,70.90073529411765,10880,7328,100663296.0,10066329.6
HyperX,388,11296737280.0,70.90992647058823,10880,7328,100663296.0,10066329.6
HyperX,389,11296737280.0,70.91911764705883,10880,7328,100663296.0,10066329.6
HyperX,390,11296737280.0,70.9283088235294,10880,7328,100663296.0,10066329.6
HyperX,391,11296737280.0,70.9375,10880,7328,100663296.0,10066329.6
HyperX,392,11296737280.0,70.9466911764706,10880,7328,100663296.0,10066329.6
HyperX,393,11296737280.0,70.95588235294117,10880,7328,100663296.0,10066329.6
HyperX,394,11296737280.0,70.96507352941175,10880,7328,100663296.0,10066329.6
HyperX,395,11296737280.0,70.97426470588235,10880,7328,100663296.0,10066329.6
HyperX,396,11296737280.0,70.98345588235294,10880,7328,100663296.0,10066329.6
HyperX,397,11296737280.0,70.99264705882354,10880,7328,100663296.0,10066329.6
HyperX,398,11296737280.0,71.00183823529412,10880,7328,100663296.0,10066329.6
HyperX,399,11296737280.0,71.01102941176471,10880,7328,100663296.0,10066329.6
HyperX,400,11296737280.0,71.02022058823529,10880,7328,100663296.0,10066329.6
HyperX,401,11296737280.0,71.02941176470588,10880,7328,100663296.0,10066329.6
HyperX,402,11296737280.0,71.03860294117646,10880,7328,100663296.0,10066329.6
HyperX,403,11296737280.0,71.04779411764706,10880,7328,100663296.0,10066329.6
HyperX,404,11296737280.0,71.05698529411765,10880,7328,100663296.0,10066329.6
HyperX,405,11296737280.0,71.06617647058823,10880,7328,100663296.0,10066329.6
HyperX,406,11296737280.0,71.07536764705881,10880,7328,100663296.0,10066329.6
HyperX,407,11296737280.0,71.0845588235294,10880,7328,100663296.0,10066329.6
HyperX,408,11296737280.0,71.09375,10880,7328,100663296.0,10066329.6
HyperX,409,11296737280.0,71.1029411764706,10880,7328,100663296.0,10066329.6
HyperX,410,11296737280.0,71.11213235294119,10880,7328,100663296.0,10066329.6
HyperX,411,11296737280.0,71.12132352941177,10880,7328,100663296.0,10066329.6
HyperX,412,11296737280.0,71.13051470588235,10880,7328,100663296.0,10066329.6
HyperX,413,11296737280.0,71.13970588235294,10880,7328,100663296.0,10066329.6
HyperX,414,11296737280.0,71.14889705882354,10880,7328,100663296.0,10066329.6
HyperX,415,11296737280.0,71.15808823529412,10880,7328,100663296.0,10066329.6
HyperX,416,11296737280.0,71.16727941176471,10880,7328,100663296.0,10066329.6
HyperX,417,11296737280.0,71.17647058823529,10880,7328,100663296.0,10066329.6
HyperX,418,11296737280.0,71.18566176470588,10880,7328,100663296.0,10066329.6
HyperX,419,11296737280.0,71.19485294117646,10880,7328,100663296.0,10066329.6
HyperX,420,11296737280.0,71.20404411764706,10880,7328,100663296.0,10066329.6
HyperX,421,11296737280.0,71.21323529411765,10880,7328,100663296.0,10066329.6
HyperX,422,11296737280.0,71.22242647058825,10880,7328,100663296.0,10066329.6
HyperX,423,11296737280.0,71.23161764705883,10880,7328,100663296.0,10066329.6
HyperX,424,11296737280.0,71.2408088235294,10880,7328,100663296.0,10066329.6
HyperX,425,11296737280.0,71.25,10880,7328,100663296.0,10066329.6
HyperX,426,11296737280.0,71.2591911764706,10880,7328,100663296.0,10066329.6
HyperX,427,11296737280.0,71.26838235294117,10880,7328,100663296.0,10066329.6
HyperX,428,11296737280.0,71.27757352941177,10880,7328,100663296.0,10066329.6
HyperX,429,11296737280.0,71.28676470588235,10880,7328,100663296.0,10066329.6
HyperX,430,11296737280.0,71.29595588235294,10880,7328,100663296.0,10066329.6
HyperX,431,11296737280.0,71.30514705882352,10880,7328,100663296.0,10066329.6
HyperX,432,11296737280.0,71.31433823529412,10880,7328,100663296.0,10066329.6
HyperX,433,11296737280.0,71.32352941176471,10880,7328,100663296.0,10066329.6
HyperX,434,11296737280.0,71.3327205882353,10880,7328,100663296.0,10066329.6
HyperX,435,11296737280.0,71.34191176470588,10880,7328,100663296.0,10066329.6
HyperX,436,11296737280.0,71.35110294117646,10880,7328,100663296.0,10066329.6
HyperX,437,11296737280.0,71.36029411764706,10880,7328,100663296.0,10066329.6
HyperX,438,11296737280.0,71.36948529411765,10880,7328,100663296.0,10066329.6
HyperX,439,11296737280.0,71.37867647058823,10880,7328,100663296.0,10066329.6
HyperX,440,11296737280.0,71.38786764705883,10880,7328,100663296.0,10066329.6
HyperX,441,11296737280.0,71.39705882352942,10880,7328,100663296.0,10066329.6
HyperX,442,11296737280.0,71.40625,10880,7328,100663296.0,10066329.6
HyperX,443,11296737280.0,71.41544117647058,10880,7328,100663296.0,10066329.6
HyperX,444,11296737280.0,71.42463235294117,10880,7328,100663296.0,10066329.6
HyperX,445,11296737280.0,71.43382352941177,10880,7328,100663296.0,10066329.6
HyperX,446,11296737280.0,71.44301470588236,10880,7328,100663296.0,10066329.6
HyperX,447,11296737280.0,71.45220588235294,10880,7328,100663296.0,10066329.6
HyperX,448,11296737280.0,71.46139705882352,10880,7328,100663296.0,10066329.6
HyperX,449,11296737280.0,71.47058823529412,10880,7328,100663296.0,10066329.6
HyperX,450,11296737280.0,71.47977941176471,10880,7328,100663296.0,10066329.6
HyperX,451,11296737280.0,71.48897058823529,10880,7328,100663296.0,10066329.6
HyperX,452,11296737280.0,71.49816176470588,10880,7328,100663296.0,10066329.6
HyperX,453,11296737280.0,71.50735294117648,10880,7328,100663296.0,10066329.6
HyperX,454,11296737280.0,71.51654411764706,10880,7328,100663296.0,10066329.6
HyperX,455,11296737280.0,71.52573529411764,10880,7328,100663296.0,10066329.6
HyperX,456,11296737280.0,71.53492647058823,10880,7328,100663296.0,10066329.6
HyperX,457,11296737280.0,71.54411764705883,10880,7328,100663296.0,10066329.6
HyperX,458,11296737280.0,71.55330882352942,10880,7328,100663296.0,10066329.6
HyperX,459,11296737280.0,71.5625,10880,7328,100663296.0,10066329.6
HyperX,460,11296737280.0,71.57169117647058,10880,7328,100663296.0,10066329.6
HyperX,461,11296737280.0,71.58088235294117,10880,7328,100663296.0,10066329.6
HyperX,462,11296737280.0,71.59007352941177,10880,7328,100663296.0,10066329.6
HyperX,463,11296737280.0,71.59926470588235,10880,7328,100663296.0,10066329.6
HyperX,464,11296737280.0,71.60845588235294,10880,7328,100663296.0,10066329.6
HyperX,465,11296737280.0,71.61764705882354,10880,7328,100663296.0,10066329.6
HyperX,466,11296737280.0,71.62683823529412,10880,7328,100663296.0,10066329.6
HyperX,467,11296737280.0,71.6360294117647,10880,7328,100663296.0,10066329.6
HyperX,468,11296737280.0,71.64522058823529,10880,7328,100663296.0,10066329.6
HyperX,469,11296737280.0,71.65441176470588,10880,7328,100663296.0,10066329.6
HyperX,470,11296737280.0,71.66360294117648,10880,7328,100663296.0,10066329.6
HyperX,471,11296737280.0,71.67279411764706,10880,7328,100663296.0,10066329.6
HyperX,472,11296737280.0,71.68198529411765,10880,7328,100663296.0,10066329.6
HyperX,473,11296737280.0,71.69117647058823,10880,7328,100663296.0,10066329.6
HyperX,474,11296737280.0,71.70036764705883,10880,7328,100663296.0,10066329.6
HyperX,475,11296737280.0,71.7095588235294,10880,7328,100663296.0,10066329.6
HyperX,476,11296737280.0,71.71875,10880,7328,100663296.0,10066329.6
HyperX,477,11296737280.0,71.7279411764706,10880,7328,100663296.0,10066329.6
HyperX,478,11296737280.0,71.73713235294117,10880,7328,100663296.0,10066329.6
HyperX,479,11296737280.0,71.74632352941175,10880,7328,100663296.0,10066329.6
HyperX,480,11296737280.0,71.75551470588235,10880,7328,100663296.0,10066329.6
HyperX,481,11296737280.0,71.76470588235294,10880,7328,100663296.0,10066329.6
HyperX,482,11296737280.0,71.77389705882354,10880,7328,100663296.0,10066329.6
HyperX,483,11296737280.0,71.78308823529412,10880,7328,100663296.0,10066329.6
HyperX,484,11296737280.0,71.79227941176471,10880,7328,100663296.0,10066329.6
HyperX,485,11296737280.0,71.80147058823529,10880,7328,100663296.0,10066329.6
HyperX,486,11296737280.0,71.81066176470588,10880,7328,100663296.0,10066329.6
HyperX,487,11296737280.0,71.81985294117646,10880,7328,100663296.0,10066329.6
HyperX,488,11296737280.0,71.82904411764706,10880,7328,100663296.0,10066329.6
HyperX,489,11296737280.0,71.83823529411765,10880,7328,100663296.0,10066329.6
HyperX,490,11296737280.0,71.84742647058823,10880,7328,100663296.0,10066329.6
HyperX,491,11296737280.0,71.85661764705881,10880,7328,100663296.0,10066329.6
HyperX,492,11296737280.0,71.8658088235294,10880,7328,100663296.0,10066329.6
HyperX,493,11296737280.0,71.875,10880,7328,100663296.0,10066329.6
HyperX,494,11296737280.0,71.8841911764706,10880,7328,100663296.0,10066329.6
HyperX,495,11296737280.0,71.89338235294119,10880,7328,100663296.0,10066329.6
HyperX,496,11296737280.0,71.90257352941177,10880,7328,100663296.0,10066329.6
HyperX,497,11296737280.0,71.91176470588235,10880,7328,100663296.0,10066329.6
HyperX,498,11296737280.0,71.92095588235294,10880,7328,100663296.0,10066329.6
HyperX,499,11296737280.0,71.93014705882354,10880,7328,100663296.0,10066329.6
HyperX,500,11296737280.0,71.93933823529412,10880,7328,100663296.0,10066329.6
HyperX,501,11296737280.0,71.94852941176471,10880,7328,100663296.0,10066329.6
HyperX,502,11296737280.0,71.95772058823529,10880,7328,100663296.0,10066329.6
HyperX,503,11296737280.0,71.96691176470588,10880,7328,100663296.0,10066329.6
HyperX,504,11296737280.0,71.97610294117646,10880,7328,100663296.0,10066329.6
HyperX,505,11296737280.0,71.98529411764706,10880,7328,100663296.0,10066329.6
HyperX,506,11296737280.0,71.99448529411765,10880,7328,100663296.0,10066329.6
HyperX,507,11296737280.0,72.00367647058825,10880,7328,100663296.0,10066329.6
HyperX,508,11296737280.0,72.01286764705883,10880,7328,100663296.0,10066329.6
HyperX,509,11296737280.0,72.0220588235294,10880,7328,100663296.0,10066329.6
HyperX,510,11296737280.0,72.03125,10880,7328,100663296.0,10066329.6
HyperX,511,11296737280.0,72.0404411764706,10880,7328,100663296.0,10066329.6
HyperX,512,11296737280.0,72.04963235294117,10880,7328,100663296.0,10066329.6
HyperX,513,11296737280.0,72.05882352941177,10880,7328,100663296.0,10066329.6
HyperX,514,11296737280.0,72.06801470588235,10880,7328,100663296.0,10066329.6
HyperX,515,11296737280.0,72.07720588235294,10880,7328,100663296.0,10066329.6
HyperX,516,11296737280.0,72.08639705882352,10880,7328,100663296.0,10066329.6
HyperX,517,11296737280.0,72.09558823529412,10880,7328,100663296.0,10066329.6
HyperX,518,11296737280.0,72.10477941176471,10880,7328,100663296.0,10066329.6
HyperX,519,11296737280.0,72.1139705882353,10880,7328,100663296.0,10066329.6
HyperX,520,11296737280.0,72.12316176470588,10880,7328,100663296.0,10066329.6
HyperX,521,11296737280.0,72.13235294117646,10880,7328,100663296.0,10066329.6
HyperX,522,11296737280.0,72.14154411764706,10880,7328,100663296.0,10066329.6
HyperX,523,11296737280.0,72.15073529411765,10880,7328,100663296.0,10066329.6
HyperX,524,11296737280.0,72.15992647058823,10880,7328,100663296.0,10066329.6
HyperX,525,11296737280.0,72.16911764705883,10880,7328,100663296.0,10066329.6
HyperX,526,11296737280.0,72.17830882352942,10880,7328,100663296.0,10066329.6
HyperX,527,11296737280.0,72.1875,10880,7328,100663296.0,10066329.6
HyperX,528,11296737280.0,72.19669117647058,10880,7328,100663296.0,10066329.6
HyperX,529,11296737280.0,72.20588235294117,10880,7328,100663296.0,10066329.6
HyperX,530,11296737280.0,72.21507352941177,10880,7328,100663296.0,10066329.6
HyperX,531,11296737280.0,72.22426470588236,10880,7328,100663296.0,10066329.6
HyperX,532,11296737280.0,72.23345588235294,10880,7328,100663296.0,10066329.6
HyperX,533,11296737280.0,72.24264705882352,10880,7328,100663296.0,10066329.6
HyperX,534,11296737280.0,72.25183823529412,10880,7328,100663296.0,10066329.6
HyperX,535,11296737280.0,72.26102941176471,10880,7328,100663296.0,10066329.6
HyperX,536,11296737280.0,72.27022058823529,10880,7328,100663296.0,10066329.6
HyperX,537,11296737280.0,72.27941176470588,10880,7328,100663296.0,10066329.6
HyperX,538,11296737280.0,72.28860294117648,10880,7328,100663296.0,10066329.6
HyperX,539,11296737280.0,72.29779411764706,10880,7328,100663296.0,10066329.6
HyperX,540,11296737280.0,72.30698529411764,10880,7328,100663296.0,10066329.6
HyperX,541,11296737280.0,72.31617647058823,10880,7328,100663296.0,10066329.6
HyperX,542,11296737280.0,72.32536764705883,10880,7328,100663296.0,10066329.6
HyperX,543,11296737280.0,72.33455882352942,10880,7328,100663296.0,10066329.6
HyperX,544,11296737280.0,72.34375,10880,7328,100663296.0,10066329.6
HyperX,545,11296737280.0,72.35294117647058,10880,7328,100663296.0,10066329.6
HyperX,546,11296737280.0,72.36213235294117,10880,7328,100663296.0,10066329.6
HyperX,547,11296737280.0,72.37132352941177,10880,7328,100663296.0,10066329.6
HyperX,548,11296737280.0,72.38051470588235,10880,7328,100663296.0,10066329.6
HyperX,549,11296737280.0,72.38970588235294,10880,7328,100663296.0,10066329.6
HyperX,550,11296737280.0,72.39889705882354,10880,7328,100663296.0,10066329.6
HyperX,551,11296737280.0,72.40808823529412,10880,7328,100663296.0,10066329.6
HyperX,552,11296737280.0,72.4172794117647,10880,7328,100663296.0,10066329.6
HyperX,553,11296737280.0,72.42647058823529,10880,7328,100663296.0,10066329.6
HyperX,554,11296737280.0,72.43566176470588,10880,7328,100663296.0,10066329.6
HyperX,555,11296737280.0,72.44485294117648,10880,7328,100663296.0,10066329.6
HyperX,556,11296737280.0,72.45404411764706,10880,7328,100663296.0,10066329.6
HyperX,557,11296737280.0,72.46323529411765,10880,7328,100663296.0,10066329.6
HyperX,558,11296737280.0,72.47242647058823,10880,7328,100663296.0,10066329.6
HyperX,559,11296737280.0,72.48161764705883,10880,7328,100663296.0,10066329.6
HyperX,560,11296737280.0,72.4908088235294,10880,7328,100663296.0,10066329.6
HyperX,561,11296737280.0,72.5,10880,7328,100663296.0,10066329.6
HyperX,562,11296737280.0,72.5091911764706,10880,7328,100663296.0,10066329.6
HyperX,563,11296737280.0,72.51838235294117,10880,7328,100663296.0,10066329.6
HyperX,564,11296737280.0,72.52757352941175,10880,7328,100663296.0,10066329.6
HyperX,565,11296737280.0,72.53676470588235,10880,7328,100663296.0,10066329.6
HyperX,566,11296737280.0,72.54595588235294,10880,7328,100663296.0,10066329.6
HyperX,567,11296737280.0,72.55514705882354,10880,7328,100663296.0,10066329.6
HyperX,568,11296737280.0,72.56433823529412,10880,7328,100663296.0,10066329.6
HyperX,569,11296737280.0,72.57352941176471,10880,7328,100663296.0,10066329.6
HyperX,570,11296737280.0,72.58272058823529,10880,7328,100663296.0,10066329.6
HyperX,571,11296737280.0,72.59191176470588,10880,7328,100663296.0,10066329.6
HyperX,572,11296737280.0,72.60110294117646,10880,7328,100663296.0,10066329.6
HyperX,573,11296737280.0,72.61029411764706,10880,7328,100663296.0,10066329.6
HyperX,574,11296737280.0,72.61948529411765,10880,7328,100663296.0,10066329.6
HyperX,575,11296737280.0,72.62867647058823,10880,7328,100663296.0,10066329.6
HyperX,576,11296737280.0,72.63786764705881,10880,7328,100663296.0,10066329.6
HyperX,577,11296737280.0,72.6470588235294,10880,7328,100663296.0,10066329.6
HyperX,578,11296737280.0,72.65625,10880,7328,100663296.0,10066329.6
HyperX,579,11296737280.0,72.6654411764706,10880,7328,100663296.0,10066329.6
HyperX,580,11296737280.0,72.67463235294119,10880,7328,100663296.0,10066329.6
HyperX,581,11296737280.0,72.68382352941177,10880,7328,100663296.0,10066329.6
HyperX,582,11296737280.0,72.69301470588235,10880,7328,100663296.0,10066329.6
HyperX,583,11296737280.0,72.70220588235294,10880,7328,100663296.0,10066329.6
HyperX,584,11296737280.0,72.71139705882354,10880,7328,100663296.0,10066329.6
HyperX,585,11296737280.0,72.72058823529412,10880,7328,100663296.0,10066329.6
HyperX,586,11296737280.0,72.72977941176471,10880,7328,100663296.0,10066329.6
HyperX,587,11296737280.0,72.73897058823529,10880,7328,100663296.0,10066329.6
HyperX,588,11296737280.0,72.74816176470588,10880,7328,100663296.0,10066329.6
HyperX,589,11296737280.0,72.75735294117646,10880,7328,100663296.0,10066329.6
HyperX,590,11296737280.0,72.76654411764706,10880,7328,100663296.0,10066329.6
HyperX,591,11296737280.0,72.77573529411765,10880,7328,100663296.0,10066329.6
HyperX,592,11296737280.0,72.78492647058825,10880,7328,100663296.0,10066329.6
HyperX,593,11296737280.0,72.79411764705883,10880,7328,100663296.0,10066329.6
HyperX,594,11296737280.0,72.8033088235294,10880,7328,100663296.0,10066329.6
HyperX,595,11296737280.0,72.8125,10880,7328,100663296.0,10066329.6
HyperX,596,11296737280.0,72.8216911764706,10880,7328,100663296.0,10066329.6
HyperX,597,11296737280.0,72.83088235294117,10880,7328,100663296.0,10066329.6
HyperX,598,11296737280.0,72.84007352941177,10880,7328,100663296.0,10066329.6
HyperX,599,11296737280.0,72.84926470588235,10880,7328,100663296.0,10066329.6
HyperX,600,11296737280.0,72.85845588235294,10880,7328,100663296.0,10066329.6
HyperX,601,11296737280.0,72.86764705882352,10880,7328,100663296.0,10066329.6
HyperX,602,11296737280.0,72.87683823529412,10880,7328,100663296.0,10066329.6
HyperX,603,11296737280.0,72.88602941176471,10880,7328,100663296.0,10066329.6
HyperX,604,11296737280.0,72.8952205882353,10880,7328,100663296.0,10066329.6
HyperX,605,11296737280.0,72.90441176470588,10880,7328,100663296.0,10066329.6
HyperX,606,11296737280.0,72.91360294117646,10880,7328,100663296.0,10066329.6
HyperX,607,11296737280.0,72.92279411764706,10880,7328,100663296.0,10066329.6
HyperX,608,11296737280.0,72.93198529411765,10880,7328,100663296.0,10066329.6
HyperX,609,11296737280.0,72.94117647058823,10880,7328,100663296.0,10066329.6
HyperX,610,11296737280.0,72.95036764705883,10880,7328,100663296.0,10066329.6
HyperX,611,11296737280.0,72.95955882352942,10880,7328,100663296.0,10066329.6
HyperX,612,11296737280.0,72.96875,10880,7328,100663296.0,10066329.6
HyperX,613,11296737280.0,72.97794117647058,10880,7328,100663296.0,10066329.6
HyperX,614,11296737280.0,72.98713235294117,10880,7328,100663296.0,10066329.6
HyperX,615,11296737280.0,72.99632352941177,10880,7328,100663296.0,10066329.6
HyperX,616,11296737280.0,73.00551470588236,10880,7328,100663296.0,10066329.6
HyperX,617,11296737280.0,73.01470588235294,10880,7328,100663296.0,10066329.6
HyperX,618,11296737280.0,73.02389705882352,10880,7328,100663296.0,10066329.6
HyperX,619,11296737280.0,73.03308823529412,10880,7328,100663296.0,10066329.6
HyperX,620,11296737280.0,73.04227941176471,10880,7328,100663296.0,10066329.6
HyperX,621,11296737280.0,73.05147058823529,10880,7328,100663296.0,10066329.6
HyperX,622,11296737280.0,73.06066176470588,10880,7328,100663296.0,10066329.6
HyperX,623,11296737280.0,73.06985294117648,10880,7328,100663296.0,10066329.6
HyperX,624,11296737280.0,73.07904411764706,10880,7328,100663296.0,10066329.6
HyperX,625,11296737280.0,73.08823529411764,10880,7328,100663296.0,10066329.6
HyperX,626,11296737280.0,73.09742647058823,10880,7328,100663296.0,10066329.6
HyperX,627,11296737280.0,73.10661764705883,10880,7328,100663296.0,10066329.6
HyperX,628,11296737280.0,73.11580882352942,10880,7328,100663296.0,10066329.6
HyperX,629,11296737280.0,73.125,10880,7328,100663296.0,10066329.6
HyperX,630,11296737280.0,73.13419117647058,10880,7328,100663296.0,10066329.6
HyperX,631,11296737280.0,73.14338235294117,10880,7328,100663296.0,10066329.6
HyperX,632,11296737280.0,73.15257352941177,10880,7328,100663296.0,10066329.6
HyperX,633,11296737280.0,73.16176470588235,10880,7328,100663296.0,10066329.6
HyperX,634,11296737280.0,73.17095588235294,10880,7328,100663296.0,10066329.6
HyperX,635,11296737280.0,73.18014705882354,10880,7328,100663296.0,10066329.6
HyperX,636,11296737280.0,73.18933823529412,10880,7328,100663296.0,10066329.6
HyperX,637,11296737280.0,73.1985294117647,10880,7328,100663296.0,10066329.6
HyperX,638,11296737280.0,73.20772058823529,10880,7328,100663296.0,10066329.6
HyperX,639,11296737280.0,73.21691176470588,10880,7328,100663296.0,10066329.6
HyperX,640,11296737280.0,73.22610294117648,10880,7328,100663296.0,10066329.6
HyperX,641,11296737280.0,73.23529411764706,10880,7328,100663296.0,10066329.6
HyperX,642,11296737280.0,73.24448529411765,10880,7328,100663296.0,10066329.6
HyperX,643,11296737280.0,73.25367647058823,10880,7328,100663296.0,10066329.6
HyperX,644,11296737280.0,73.26286764705883,10880,7328,100663296.0,10066329.6
HyperX,645,11296737280.0,73.2720588235294,10880,7328,100663296.0,10066329.6
HyperX,646,11296737280.0,73.28125,10880,7328,100663296.0,10066329.6
HyperX,647,11296737280.0,73.2904411764706,10880,7328,100663296.0,10066329.6
HyperX,648,11296737280.0,73.29963235294117,10880,7328,100663296.0,10066329.6
HyperX,649,11296737280.0,73.30882352941175,10880,7328,100663296.0,10066329.6
HyperX,650,11296737280.0,73.31801470588235,10880,7328,100663296.0,10066329.6
HyperX,651,11296737280.0,73.32720588235294,10880,7328,100663296.0,10066329.6
HyperX,652,11296737280.0,73.33639705882354,10880,7328,100663296.0,10066329.6
HyperX,653,11296737280.0,73.34558823529412,10880,7328,100663296.0,10066329.6
HyperX,654,11296737280.0,73.35477941176471,10880,7328,100663296.0,10066329.6
HyperX,655,11296737280.0,73.36397058823529,10880,7328,100663296.0,10066329.6
HyperX,656,11296737280.0,73.37316176470588,10880,7328,100663296.0,10066329.6
HyperX,657,11296737280.0,73.38235294117646,10880,7328,100663296.0,10066329.6
HyperX,658,11296737280.0,73.39154411764706,10880,7328,100663296.0,10066329.6
HyperX,659,11296737280.0,73.40073529411765,10880,7328,100663296.0,10066329.6
HyperX,660,11296737280.0,73.40992647058823,10880,7328,100663296.0,10066329.6
HyperX,661,11296737280.0,73.41911764705881,10880,7328,100663296.0,10066329.6
HyperX,662,11296737280.0,73.4283088235294,10880,7328,100663296.0,10066329.6
HyperX,663,11296737280.0,73.4375,10880,7328,100663296.0,10066329.6
HyperX,664,11296737280.0,73.4466911764706,10880,7328,100663296.0,10066329.6
HyperX,665,11296737280.0,73.45588235294119,10880,7328,100663296.0,10066329.6
HyperX,666,11296737280.0,73.46507352941177,10880,7328,100663296.0,10066329.6
HyperX,667,11296737280.0,73.47426470588235,10880,7328,100663296.0,10066329.6
HyperX,668,11296737280.0,73.48345588235294,10880,7328,100663296.0,10066329.6
HyperX,669,11296737280.0,73.49264705882354,10880,7328,100663296.0,10066329.6
HyperX,670,11296737280.0,73.50183823529412,10880,7328,100663296.0,10066329.6
HyperX,671,11296737280.0,73.51102941176471,10880,7328,100663296.0,10066329.6
HyperX,672,11296737280.0,73.52022058823529,10880,7328,100663296.0,10066329.6
HyperX,673,11296737280.0,73.52941176470588,10880,7328,100663296.0,10066329.6
HyperX,674,11296737280.0,73.53860294117646,10880,7328,100663296.0,10066329.6
HyperX,675,11296737280.0,73.54779411764706,10880,7328,100663296.0,10066329.6
HyperX,676,11296737280.0,73.55698529411765,10880,7328,100663296.0,10066329.6
HyperX,677,11296737280.0,73.56617647058825,10880,7328,100663296.0,10066329.6
HyperX,678,11296737280.0,73.57536764705883,10880,7328,100663296.0,10066329.6
HyperX,679,11296737280.0,73.5845588235294,10880,7328,100663296.0,10066329.6
HyperX,680,11296737280.0,73.59375,10880,7328,100663296.0,10066329.6
HyperX,681,11296737280.0,73.6029411764706,10880,7328,100663296.0,10066329.6
HyperX,682,11296737280.0,73.61213235294117,10880,7328,100663296.0,10066329.6
HyperX,683,11296737280.0,73.62132352941177,10880,7328,100663296.0,10066329.6
HyperX,684,11296737280.0,73.63051470588235,10880,7328,100663296.0,10066329.6
HyperX,685,11296737280.0,73.63970588235294,10880,7328,100663296.0,10066329.6
HyperX,686,11296737280.0,73.64889705882352,10880,7328,100663296.0,10066329.6
HyperX,687,11296737280.0,73.65808823529412,10880,7328,100663296.0,10066329.6
HyperX,688,11296737280.0,73.66727941176471,10880,7328,100663296.0,10066329.6
HyperX,689,11296737280.0,73.6764705882353,10880,7328,100663296.0,10066329.6
HyperX,690,11296737280.0,73.68566176470588,10880,7328,100663296.0,10066329.6
HyperX,691,11296737280.0,73.69485294117646,10880,7328,100663296.0,10066329.6
HyperX,692,11296737280.0,73.70404411764706,10880,7328,100663296.0,10066329.6
HyperX,693,11296737280.0,73.71323529411765,10880,7328,100663296.0,10066329.6
HyperX,694,11296737280.0,73.72242647058823,10880,7328,100663296.0,10066329.6
HyperX,695,11296737280.0,73.73161764705883,10880,7328,100663296.0,10066329.6
HyperX,696,11296737280.0,73.74080882352942,10880,7328,100663296.0,10066329.6
HyperX,697,11296737280.0,73.75,10880,7328,100663296.0,10066329.6
HyperX,698,11296737280.0,73.75919117647058,10880,7328,100663296.0,10066329.6
HyperX,699,11296737280.0,73.76838235294117,10880,7328,100663296.0,10066329.6
HyperX,700,11296737280.0,73.77757352941177,10880,7328,100663296.0,10066329.6
HyperX,701,11296737280.0,73.78676470588236,10880,7328,100663296.0,10066329.6
HyperX,702,11296737280.0,73.79595588235294,10880,7328,100663296.0,10066329.6
HyperX,703,11296737280.0,73.80514705882352,10880,7328,100663296.0,10066329.6
HyperX,704,11296737280.0,73.81433823529412,10880,7328,100663296.0,10066329.6
HyperX,705,11296737280.0,73.82352941176471,10880,7328,100663296.0,10066329.6
HyperX,706,11296737280.0,73.83272058823529,10880,7328,100663296.0,10066329.6
HyperX,707,11296737280.0,73.84191176470588,10880,7328,100663296.0,10066329.6
HyperX,708,11296737280.0,73.85110294117648,10880,7328,100663296.0,10066329.6
HyperX,709,11296737280.0,73.86029411764706,10880,7328,100663296.0,10066329.6
HyperX,710,11296737280.0,73.86948529411764,10880,7328,100663296.0,10066329.6
HyperX,711,11296737280.0,73.87867647058823,10880,7328,100663296.0,10066329.6
HyperX,712,11296737280.0,73.88786764705883,10880,7328,100663296.0,10066329.6
HyperX,713,11296737280.0,73.89705882352942,10880,7328,100663296.0,10066329.6
HyperX,714,11296737280.0,73.90625,10880,7328,100663296.0,10066329.6
HyperX,715,11296737280.0,73.91544117647058,10880,7328,100663296.0,10066329.6
HyperX,716,11296737280.0,73.92463235294117,10880,7328,100663296.0,10066329.6
HyperX,717,11296737280.0,73.93382352941177,10880,7328,100663296.0,10066329.6
HyperX,718,11296737280.0,73.94301470588235,10880,7328,100663296.0,10066329.6
HyperX,719,11296737280.0,73.95220588235294,10880,7328,100663296.0,10066329.6
HyperX,720,11296737280.0,73.96139705882354,10880,7328,100663296.0,10066329.6
HyperX,721,11296737280.0,73.97058823529412,10880,7328,100663296.0,10066329.6
HyperX,722,11296737280.0,73.9797794117647,10880,7328,100663296.0,10066329.6
HyperX,723,11296737280.0,73.98897058823529,10880,7328,100663296.0,10066329.6
HyperX,724,11296737280.0,73.99816176470588,10880,7328,100663296.0,10066329.6
HyperX,725,11296737280.0,74.00735294117648,10880,7328,100663296.0,10066329.6
HyperX,726,11296737280.0,74.01654411764706,10880,7328,100663296.0,10066329.6
HyperX,727,11296737280.0,74.02573529411765,10880,7328,100663296.0,10066329.6
HyperX,728,11296737280.0,74.03492647058823,10880,7328,100663296.0,10066329.6
HyperX,729,11296737280.0,74.04411764705883,10880,7328,100663296.0,10066329.6
HyperX,730,11296737280.0,74.0533088235294,10880,7328,100663296.0,10066329.6
HyperX,731,11296737280.0,74.0625,10880,7328,100663296.0,10066329.6
HyperX,732,11296737280.0,74.0716911764706,10880,7328,100663296.0,10066329.6
HyperX,733,11296737280.0,74.08088235294117,10880,7328,100663296.0,10066329.6
HyperX,734,11296737280.0,74.09007352941175,10880,7328,100663296.0,10066329.6
HyperX,735,11296737280.0,74.09926470588235,10880,7328,100663296.0,10066329.6
HyperX,736,11296737280.0,74.10845588235294,10880,7328,100663296.0,10066329.6
HyperX,737,11296737280.0,74.11764705882354,10880,7328,100663296.0,10066329.6
HyperX,738,11296737280.0,74.12683823529412,10880,7328,100663296.0,10066329.6
HyperX,739,11296737280.0,74.13602941176471,10880,7328,100663296.0,10066329.6
HyperX,740,11296737280.0,74.14522058823529,10880,7328,100663296.0,10066329.6
HyperX,741,11296737280.0,74.15441176470588,10880,7328,100663296.0,10066329.6
HyperX,742,11296737280.0,74.16360294117646,10880,7328,100663296.0,10066329.6
HyperX,743,11296737280.0,74.17279411764706,10880,7328,100663296.0,10066329.6
HyperX,744,11296737280.0,74.18198529411765,10880,7328,100663296.0,10066329.6
HyperX,745,11296737280.0,74.19117647058823,10880,7328,100663296.0,10066329.6
HyperX,746,11296737280.0,74.20036764705881,10880,7328,100663296.0,10066329.6
HyperX,747,11296737280.0,74.2095588235294,10880,7328,100663296.0,10066329.6
HyperX,748,11296737280.0,74.21875,10880,7328,100663296.0,10066329.6
HyperX,749,11296737280.0,74.2279411764706,10880,7328,100663296.0,10066329.6
HyperX,750,11296737280.0,74.23713235294119,10880,7328,100663296.0,10066329.6
HyperX,751,11296737280.0,74.24632352941177,10880,7328,100663296.0,10066329.6
HyperX,752,11296737280.0,74.25551470588235,10880,7328,100663296.0,10066329.6
HyperX,753,11296737280.0,74.26470588235294,10880,7328,100663296.0,10066329.6
HyperX,754,11296737280.0,74.27389705882354,10880,7328,100663296.0,10066329.6
HyperX,755,11296737280.0,74.28308823529412,10880,7328,100663296.0,10066329.6
HyperX,756,11296737280.0,74.29227941176471,10880,7328,100663296.0,10066329.6
HyperX,757,11296737280.0,74.30147058823529,10880,7328,100663296.0,10066329.6
HyperX,758,11296737280.0,74.31066176470588,10880,7328,100663296.0,10066329.6
HyperX,759,11296737280.0,74.31985294117646,10880,7328,100663296.0,10066329.6
HyperX,760,11296737280.0,74.32904411764706,10880,7328,100663296.0,10066329.6
HyperX,761,11296737280.0,74.33823529411765,10880,7328,100663296.0,10066329.6
HyperX,762,11296737280.0,74.34742647058825,10880,7328,100663296.0,10066329.6
HyperX,763,11296737280.0,74.35661764705883,10880,7328,100663296.0,10066329.6
HyperX,764,11296737280.0,74.3658088235294,10880,7328,100663296.0,10066329.6
HyperX,765,11296737280.0,74.375,10880,7328,100663296.0,10066329.6
HyperX,766,11296737280.0,74.3841911764706,10880,7328,100663296.0,10066329.6
HyperX,767,11296737280.0,74.39338235294117,10880,7328,100663296.0,10066329.6
HyperX,768,11296737280.0,74.40257352941177,10880,7328,100663296.0,10066329.6
HyperX,769,11296737280.0,74.41176470588235,10880,7328,100663296.0,10066329.6
HyperX,770,11296737280.0,74.42095588235294,10880,7328,100663296.0,10066329.6
HyperX,771,11296737280.0,74.43014705882352,10880,7328,100663296.0,10066329.6
HyperX,772,11296737280.0,74.43933823529412,10880,7328,100663296.0,10066329.6
HyperX,773,11296737280.0,74.44852941176471,10880,7328,100663296.0,10066329.6
HyperX,774,11296737280.0,74.4577205882353,10880,7328,100663296.0,10066329.6
HyperX,775,11296737280.0,74.46691176470588,10880,7328,100663296.0,10066329.6
HyperX,776,11296737280.0,74.47610294117646,10880,7328,100663296.0,10066329.6
HyperX,777,11296737280.0,74.48529411764706,10880,7328,100663296.0,10066329.6
HyperX,778,11296737280.0,74.49448529411765,10880,7328,100663296.0,10066329.6
HyperX,779,11296737280.0,74.50367647058823,10880,7328,100663296.0,10066329.6
HyperX,780,11296737280.0,74.51286764705883,10880,7328,100663296.0,10066329.6
HyperX,781,11296737280.0,74.52205882352942,10880,7328,100663296.0,10066329.6
HyperX,782,11296737280.0,74.53125,10880,7328,100663296.0,10066329.6
HyperX,783,11296737280.0,74.54044117647058,10880,7328,100663296.0,10066329.6
HyperX,784,11296737280.0,74.54963235294117,10880,7328,100663296.0,10066329.6
HyperX,785,11296737280.0,74.55882352941177,10880,7328,100663296.0,10066329.6
HyperX,786,11296737280.0,74.56801470588236,10880,7328,100663296.0,10066329.6
HyperX,787,11296737280.0,74.57720588235294,10880,7328,100663296.0,10066329.6
HyperX,788,11296737280.0,74.58639705882352,10880,7328,100663296.0,10066329.6
HyperX,789,11296737280.0,74.59558823529412,10880,7328,100663296.0,10066329.6
HyperX,790,11296737280.0,74.60477941176471,10880,7328,100663296.0,10066329.6
HyperX,791,11296737280.0,74.61397058823529,10880,7328,100663296.0,10066329.6
HyperX,792,11296737280.0,74.62316176470588,10880,7328,100663296.0,10066329.6
HyperX,793,11296737280.0,74.63235294117648,10880,7328,100663296.0,10066329.6
HyperX,794,11296737280.0,74.64154411764706,10880,7328,100663296.0,10066329.6
HyperX,795,11296737280.0,74.65073529411764,10880,7328,100663296.0,10066329.6
HyperX,796,11296737280.0,74.65992647058823,10880,7328,100663296.0,10066329.6
HyperX,797,11296737280.0,74.66911764705883,10880,7328,100663296.0,10066329.6
HyperX,798,11296737280.0,74.67830882352942,10880,7328,100663296.0,10066329.6
HyperX,799,11296737280.0,74.6875,10880,7328,100663296.0,10066329.6
HyperX,800,11296737280.0,74.69669117647058,10880,7328,100663296.0,10066329.6
HyperX,801,11296737280.0,74.70588235294117,10880,7328,100663296.0,10066329.6
HyperX,802,11296737280.0,74.71507352941177,10880,7328,100663296.0,10066329.6
HyperX,803,11296737280.0,74.72426470588235,10880,7328,100663296.0,10066329.6
HyperX,804,11296737280.0,74.73345588235294,10880,7328,100663296.0,10066329.6
HyperX,805,11296737280.0,74.74264705882354,10880,7328,100663296.0,10066329.6
HyperX,806,11296737280.0,74.75183823529412,10880,7328,100663296.0,10066329.6
HyperX,807,11296737280.0,74.7610294117647,10880,7328,100663296.0,10066329.6
HyperX,808,11296737280.0,74.77022058823529,10880,7328,100663296.0,10066329.6
HyperX,809,11296737280.0,74.77941176470588,10880,7328,100663296.0,10066329.6
HyperX,810,11296737280.0,74.78860294117648,10880,7328,100663296.0,10066329.6
HyperX,811,11296737280.0,74.79779411764706,10880,7328,100663296.0,10066329.6
HyperX,812,11296737280.0,74.80698529411765,10880,7328,100663296.0,10066329.6
HyperX,813,11296737280.0,74.81617647058823,10880,7328,100663296.0,10066329.6
HyperX,814,11296737280.0,74.82536764705883,10880,7328,100663296.0,10066329.6
HyperX,815,11296737280.0,74.8345588235294,10880,7328,100663296.0,10066329.6
HyperX,816,11296737280.0,74.84375,10880,7328,100663296.0,10066329.6
HyperX,817,11296737280.0,74.8529411764706,10880,7328,100663296.0,10066329.6
HyperX,818,11296737280.0,74.86213235294117,10880,7328,100663296.0,10066329.6
HyperX,819,11296737280.0,74.87132352941175,10880,7328,100663296.0,10066329.6
HyperX,820,11296737280.0,74.88051470588235,10880,7328,100663296.0,10066329.6
HyperX,821,11296737280.0,74.88970588235294,10880,7328,100663296.0,10066329.6
HyperX,822,11296737280.0,74.89889705882354,10880,7328,100663296.0,10066329.6
HyperX,823,11296737280.0,74.90808823529412,10880,7328,100663296.0,10066329.6
HyperX,824,11296737280.0,74.91727941176471,10880,7328,100663296.0,10066329.6
HyperX,825,11296737280.0,74.92647058823529,10880,7328,100663296.0,10066329.6
HyperX,826,11296737280.0,74.93566176470588,10880,7328,100663296.0,10066329.6
HyperX,827,11296737280.0,74.94485294117646,10880,7328,100663296.0,10066329.6
HyperX,828,11296737280.0,74.95404411764706,10880,7328,100663296.0,10066329.6
HyperX,829,11296737280.0,74.96323529411765,10880,7328,100663296.0,10066329.6
HyperX,830,11296737280.0,74.97242647058823,10880,7328,100663296.0,10066329.6
HyperX,831,11296737280.0,74.98161764705881,10880,7328,100663296.0,10066329.6
HyperX,832,11296737280.0,74.9908088235294,10880,7328,100663296.0,10066329.6
HyperX,833,11296737280.0,75.0,10880,7328,100663296.0,10066329.6
HyperX,834,11296737280.0,75.0091911764706,10880,7328,100663296.0,10066329.6
HyperX,835,11296737280.0,75.01838235294119,10880,7328,100663296.0,10066329.6
HyperX,836,11296737280.0,75.02757352941177,10880,7328,100663296.0,10066329.6
HyperX,837,11296737280.0,75.03676470588235,10880,7328,100663296.0,10066329.6
HyperX,838,11296737280.0,75.04595588235294,10880,7328,100663296.0,10066329.6
HyperX,839,11296737280.0,75.05514705882354,10880,7328,100663296.0,10066329.6
HyperX,840,11296737280.0,75.06433823529412,10880,7328,100663296.0,10066329.6
HyperX,841,11296737280.0,75.07352941176471,10880,7328,100663296.0,10066329.6
HyperX,842,11296737280.0,75.08272058823529,10880,7328,100663296.0,10066329.6
HyperX,843,11296737280.0,75.09191176470588,10880,7328,100663296.0,10066329.6
HyperX,844,11296737280.0,75.10110294117646,10880,7328,100663296.0,10066329.6
HyperX,845,11296737280.0,75.11029411764706,10880,7328,100663296.0,10066329.6
HyperX,846,11296737280.0,75.11948529411765,10880,7328,100663296.0,10066329.6
HyperX,847,11296737280.0,75.12867647058825,10880,7328,100663296.0,10066329.6
HyperX,848,11296737280.0,75.13786764705883,10880,7328,100663296.0,10066329.6
HyperX,849,11296737280.0,75.1470588235294,10880,7328,100663296.0,10066329.6
HyperX,850,11296737280.0,75.15625,10880,7328,100663296.0,10066329.6
HyperX,851,11296737280.0,75.1654411764706,10880,7328,100663296.0,10066329.6
HyperX,852,11296737280.0,75.17463235294117,10880,7328,100663296.0,10066329.6
HyperX,853,11296737280.0,75.18382352941177,10880,7328,100663296.0,10066329.6
HyperX,854,11296737280.0,75.19301470588235,10880,7328,100663296.0,10066329.6
HyperX,855,11296737280.0,75.20220588235294,10880,7328,100663296.0,10066329.6
HyperX,856,11296737280.0,75.21139705882352,10880,7328,100663296.0,10066329.6
HyperX,857,11296737280.0,75.22058823529412,10880,7328,100663296.0,10066329.6
HyperX,858,11296737280.0,75.22977941176471,10880,7328,100663296.0,10066329.6
HyperX,859,11296737280.0,75.2389705882353,10880,7328,100663296.0,10066329.6
HyperX,860,11296737280.0,75.24816176470588,10880,7328,100663296.0,10066329.6
HyperX,861,11296737280.0,75.25735294117646,10880,7328,100663296.0,10066329.6
HyperX,862,11296737280.0,75.26654411764706,10880,7328,100663296.0,10066329.6
HyperX,863,11296737280.0,75.27573529411765,10880,7328,100663296.0,10066329.6
HyperX,864,11296737280.0,75.28492647058823,10880,7328,100663296.0,10066329.6
HyperX,865,11296737280.0,75.29411764705883,10880,7328,100663296.0,10066329.6
HyperX,866,11296737280.0,75.30330882352942,10880,7328,100663296.0,10066329.6
HyperX,867,11296737280.0,75.3125,10880,7328,100663296.0,10066329.6
HyperX,868,11296737280.0,75.32169117647058,10880,7328,100663296.0,10066329.6
HyperX,869,11296737280.0,75.33088235294117,10880,7328,100663296.0,10066329.6
HyperX,870,11296737280.0,75.34007352941177,10880,7328,100663296.0,10066329.6
HyperX,871,11296737280.0,75.34926470588236,10880,7328,100663296.0,10066329.6
HyperX,872,11296737280.0,75.35845588235294,10880,7328,100663296.0,10066329.6
HyperX,873,11296737280.0,75.36764705882352,10880,7328,100663296.0,10066329.6
HyperX,874,11296737280.0,75.37683823529412,10880,7328,100663296.0,10066329.6
HyperX,875,11296737280.0,75.38602941176471,10880,7328,100663296.0,10066329.6
HyperX,876,11296737280.0,75.39522058823529,10880,7328,100663296.0,10066329.6
HyperX,877,11296737280.0,75.40441176470588,10880,7328,100663296.0,10066329.6
HyperX,878,11296737280.0,75.41360294117648,10880,7328,100663296.0,10066329.6
HyperX,879,11296737280.0,75.42279411764706,10880,7328,100663296.0,10066329.6
HyperX,880,11296737280.0,75.43198529411764,10880,7328,100663296.0,10066329.6
HyperX,881,11296737280.0,75.44117647058823,10880,7328,100663296.0,10066329.6
HyperX,882,11296737280.0,75.45036764705883,10880,7328,100663296.0,10066329.6
HyperX,883,11296737280.0,75.45955882352942,10880,7328,100663296.0,10066329.6
HyperX,884,11296737280.0,75.46875,10880,7328,100663296.0,10066329.6
HyperX,885,11296737280.0,75.47794117647058,10880,7328,100663296.0,10066329.6
HyperX,886,11296737280.0,75.48713235294117,10880,7328,100663296.0,10066329.6
HyperX,887,11296737280.0,75.49632352941177,10880,7328,100663296.0,10066329.6
HyperX,888,11296737280.0,75.50551470588235,10880,7328,100663296.0,10066329.6
HyperX,889,11296737280.0,75.51470588235294,10880,7328,100663296.0,10066329.6
HyperX,890,11296737280.0,75.52389705882354,10880,7328,100663296.0,10066329.6
HyperX,891,11296737280.0,75.53308823529412,10880,7328,100663296.0,10066329.6
HyperX,892,11296737280.0,75.5422794117647,10880,7328,100663296.0,10066329.6
HyperX,893,11296737280.0,75.55147058823529,10880,7328,100663296.0,10066329.6
HyperX,894,11296737280.0,75.56066176470588,10880,7328,100663296.0,10066329.6
HyperX,895,11296737280.0,75.56985294117648,10880,7328,100663296.0,10066329.6
HyperX,896,11296737280.0,75.57904411764706,10880,7328,100663296.0,10066329.6
HyperX,897,11296737280.0,75.58823529411765,10880,7328,100663296.0,10066329.6
HyperX,898,11296737280.0,75.59742647058823,10880,7328,100663296.0,10066329.6
HyperX,899,11296737280.0,75.60661764705883,10880,7328,100663296.0,10066329.6
HyperX,900,11296737280.0,75.6158088235294,10880,7328,100663296.0,10066329.6
HyperX,901,11296737280.0,75.625,10880,7328,100663296.0,10066329.6
HyperX,902,11296737280.0,75.6341911764706,10880,7328,100663296.0,10066329.6
HyperX,903,11296737280.0,75.64338235294117,10880,7328,100663296.0,10066329.6
HyperX,904,11296737280.0,75.65257352941175,10880,7328,100663296.0,10066329.6
HyperX,905,11296737280.0,75.66176470588235,10880,7328,100663296.0,10066329.6
HyperX,906,11296737280.0,75.67095588235294,10880,7328,100663296.0,10066329.6
HyperX,907,11296737280.0,75.68014705882354,10880,7328,100663296.0,10066329.6
HyperX,908,11296737280.0,75.68933823529412,10880,7328,100663296.0,10066329.6
HyperX,909,11296737280.0,75.69852941176471,10880,7328,100663296.0,10066329.6
HyperX,910,11296737280.0,75.70772058823529,10880,7328,100663296.0,10066329.6
HyperX,911,11296737280.0,75.71691176470588,10880,7328,100663296.0,10066329.6
HyperX,912,11296737280.0,75.72610294117646,10880,7328,100663296.0,10066329.6
HyperX,913,11296737280.0,75.73529411764706,10880,7328,100663296.0,10066329.6
HyperX,914,11296737280.0,75.74448529411765,10880,7328,100663296.0,10066329.6
HyperX,915,11296737280.0,75.75367647058823,10880,7328,100663296.0,10066329.6
HyperX,916,11296737280.0,75.76286764705881,10880,7328,100663296.0,10066329.6
HyperX,917,11296737280.0,75.7720588235294,10880,7328,100663296.0,10066329.6
HyperX,918,11296737280.0,75.78125,10880,7328,100663296.0,10066329.6
HyperX,919,11296737280.0,75.7904411764706,10880,7328,100663296.0,10066329.6
HyperX,920,11296737280.0,75.79963235294119,10880,7328,100663296.0,10066329.6
HyperX,921,11296737280.0,75.80882352941177,10880,7328,100663296.0,10066329.6
HyperX,922,11296737280.0,75.81801470588235,10880,7328,100663296.0,10066329.6
HyperX,923,11296737280.0,75.82720588235294,10880,7328,100663296.0,10066329.6
HyperX,924,11296737280.0,75.83639705882354,10880,7328,100663296.0,10066329.6
HyperX,925,11296737280.0,75.84558823529412,10880,7328,100663296.0,10066329.6
HyperX,926,11296737280.0,75.85477941176471,10880,7328,100663296.0,10066329.6
HyperX,927,11296737280.0,75.86397058823529,10880,7328,100663296.0,10066329.6
HyperX,928,11296737280.0,75.87316176470588,10880,7328,100663296.0,10066329.6
HyperX,929,11296737280.0,75.88235294117646,10880,7328,100663296.0,10066329.6
HyperX,930,11296737280.0,75.89154411764706,10880,7328,100663296.0,10066329.6
HyperX,931,11296737280.0,75.90073529411765,10880,7328,100663296.0,10066329.6
HyperX,932,11296737280.0,75.90992647058825,10880,7328,100663296.0,10066329.6
HyperX,933,11296737280.0,75.91911764705883,10880,7328,100663296.0,10066329.6
HyperX,934,11296737280.0,75.9283088235294,10880,7328,100663296.0,10066329.6
HyperX,935,11296737280.0,75.9375,10880,7328,100663296.0,10066329.6
HyperX,936,11296737280.0,75.9466911764706,10880,7328,100663296.0,10066329.6
HyperX,937,11296737280.0,75.95588235294117,10880,7328,100663296.0,10066329.6
HyperX,938,11296737280.0,75.96507352941177,10880,7328,100663296.0,10066329.6
HyperX,939,11296737280.0,75.97426470588235,10880,7328,100663296.0,10066329.6
HyperX,940,11296737280.0,75.98345588235294,10880,7328,100663296.0,10066329.6
HyperX,941,11296737280.0,75.99264705882352,10880,7328,100663296.0,10066329.6
HyperX,942,11296737280.0,76.00183823529412,10880,7328,100663296.0,10066329.6
HyperX,943,11296737280.0,76.01102941176471,10880,7328,100663296.0,10066329.6
HyperX,944,11296737280.0,76.0202205882353,10880,7328,100663296.0,10066329.6
HyperX,945,11296737280.0,76.02941176470588,10880,7328,100663296.0,10066329.6
HyperX,946,11296737280.0,76.03860294117646,10880,7328,100663296.0,10066329.6
HyperX,947,11296737280.0,76.04779411764706,10880,7328,100663296.0,10066329.6
HyperX,948,11296737280.0,76.05698529411765,10880,7328,100663296.0,10066329.6
HyperX,949,11296737280.0,76.06617647058823,10880,7328,100663296.0,10066329.6
HyperX,950,11296737280.0,76.07536764705883,10880,7328,100663296.0,10066329.6
HyperX,951,11296737280.0,76.08455882352942,10880,7328,100663296.0,10066329.6
HyperX,952,11296737280.0,76.09375,10880,7328,100663296.0,10066329.6
HyperX,953,11296737280.0,76.10294117647058,10880,7328,100663296.0,10066329.6
HyperX,954,11296737280.0,76.11213235294117,10880,7328,100663296.0,10066329.6
HyperX,955,11296737280.0,76.12132352941177,10880,7328,100663296.0,10066329.6
HyperX,956,11296737280.0,76.13051470588236,10880,7328,100663296.0,10066329.6
HyperX,957,11296737280.0,76.13970588235294,10880,7328,100663296.0,10066329.6
HyperX,958,11296737280.0,76.14889705882352,10880,7328,100663296.0,10066329.6
HyperX,959,11296737280.0,76.15808823529412,10880,7328,100663296.0,10066329.6
HyperX,960,11296737280.0,76.16727941176471,10880,7328,100663296.0,10066329.6
HyperX,961,11296737280.0,76.17647058823529,10880,7328,100663296.0,10066329.6
HyperX,962,11296737280.0,76.18566176470588,10880,7328,100663296.0,10066329.6
HyperX,963,11296737280.0,76.19485294117648,10880,7328,100663296.0,10066329.6
HyperX,964,11296737280.0,76.20404411764706,10880,7328,100663296.0,10066329.6
HyperX,965,11296737280.0,76.21323529411764,10880,7328,100663296.0,10066329.6
HyperX,966,11296737280.0,76.22242647058823,10880,7328,100663296.0,10066329.6
HyperX,967,11296737280.0,76.23161764705883,10880,7328,100663296.0,10066329.6
HyperX,968,11296737280.0,76.24080882352942,10880,7328,100663296.0,10066329.6
HyperX,969,11296737280.0,76.25,10880,7328,100663296.0,10066329.6
HyperX,970,11296737280.0,76.25919117647058,10880,7328,100663296.0,10066329.6
HyperX,971,11296737280.0,76.26838235294117,10880,7328,100663296.0,10066329.6
HyperX,972,11296737280.0,76.27757352941177,10880,7328,100663296.0,10066329.6
HyperX,973,11296737280.0,76.28676470588235,10880,7328,100663296.0,10066329.6
HyperX,974,11296737280.0,76.29595588235294,10880,7328,100663296.0,10066329.6
HyperX,975,11296737280.0,76.30514705882354,10880,7328,100663296.0,10066329.6
HyperX,976,11296737280.0,76.31433823529412,10880,7328,100663296.0,10066329.6
HyperX,977,11296737280.0,76.3235294117647,10880,7328,100663296.0,10066329.6
HyperX,978,11296737280.0,76.33272058823529,10880,7328,100663296.0,10066329.6
HyperX,979,11296737280.0,76.34191176470588,10880,7328,100663296.0,10066329.6
HyperX,980,11296737280.0,76.35110294117648,10880,7328,100663296.0,10066329.6
HyperX,981,11296737280.0,76.36029411764706,10880,7328,100663296.0,10066329.6
HyperX,982,11296737280.0,76.36948529411765,10880,7328,100663296.0,10066329.6
HyperX,983,11296737280.0,76.37867647058823,10880,7328,100663296.0,10066329.6
HyperX,984,11296737280.0,76.38786764705883,10880,7328,100663296.0,10066329.6
HyperX,985,11296737280.0,76.3970588235294,10880,7328,100663296.0,10066329.6
HyperX,986,11296737280.0,76.40625,10880,7328,100663296.0,10066329.6
HyperX,987,11296737280.0,76.4154411764706,10880,7328,100663296.0,10066329.6
HyperX,988,11296737280.0,76.42463235294117,10880,7328,100663296.0,10066329.6
HyperX,989,11296737280.0,76.43382352941175,10880,7328,100663296.0,10066329.6
HyperX,990,11296737280.0,76.44301470588235,10880,7328,100663296.0,10066329.6
HyperX,991,11296737280.0,76.45220588235294,10880,7328,100663296.0,10066329.6
HyperX,992,11296737280.0,76.46139705882354,10880,7328,100663296.0,10066329.6
HyperX,993,11296737280.0,76.47058823529412,10880,7328,100663296.0,10066329.6
HyperX,994,11296737280.0,76.47977941176471,10880,7328,100663296.0,10066329.6
HyperX,995,11296737280.0,76.48897058823529,10880,7328,100663296.0,10066329.6
HyperX,996,11296737280.0,76.49816176470588,10880,7328,100663296.0,10066329.6
HyperX,997,11296737280.0,76.50735294117646,10880,7328,100663296.0,10066329.6
HyperX,998,11296737280.0,76.51654411764706,10880,7328,100663296.0,10066329.6
HyperX,999,11296737280.0,76.52573529411765,10880,7328,100663296.0,10066329.6
HyperX,1000,11296737280.0,76.53492647058823,10880,7328,100663296.0,10066329.6
HyperX,1001,11296737280.0,76.54411764705881,10880,7328,100663296.0,10066329.6
HyperX,1002,11296737280.0,76.5533088235294,10880,7328,100663296.0,10066329.6
HyperX,1003,11296737280.0,76.5625,10880,7328,100663296.0,10066329.6
HyperX,1004,11296737280.0,76.5716911764706,10880,7328,100663296.0,10066329.6
HyperX,1005,11296737280.0,76.58088235294119,10880,7328,100663296.0,10066329.6
HyperX,1006,11296737280.0,76.59007352941177,10880,7328,100663296.0,10066329.6
HyperX,1007,11296737280.0,76.59926470588235,10880,7328,100663296.0,10066329.6
HyperX,1008,11296737280.0,76.60845588235294,10880,7328,100663296.0,10066329.6
HyperX,1009,11296737280.0,76.61764705882354,10880,7328,100663296.0,10066329.6
HyperX,1010,11296737280.0,76.62683823529412,10880,7328,100663296.0,10066329.6
HyperX,1011,11296737280.0,76.63602941176471,10880,7328,100663296.0,10066329.6
HyperX,1012,11296737280.0,76.64522058823529,10880,7328,100663296.0,10066329.6
HyperX,1013,11296737280.0,76.65441176470588,10880,7328,100663296.0,10066329.6
HyperX,1014,11296737280.0,76.66360294117646,10880,7328,100663296.0,10066329.6
HyperX,1015,11296737280.0,76.67279411764706,10880,7328,100663296.0,10066329.6
HyperX,1016,11296737280.0,76.68198529411765,10880,7328,100663296.0,10066329.6
HyperX,1017,11296737280.0,76.69117647058825,10880,7328,100663296.0,10066329.6
HyperX,1018,11296737280.0,76.70036764705883,10880,7328,100663296.0,10066329.6
HyperX,1019,11296737280.0,76.7095588235294,10880,7328,100663296.0,10066329.6
HyperX,1020,11296737280.0,76.71875,10880,7328,100663296.0,10066329.6
HyperX,1021,11296737280.0,76.7279411764706,10880,7328,100663296.0,10066329.6
HyperX,1022,11296737280.0,76.73713235294117,10880,7328,100663296.0,10066329.6
HyperX,1023,11296737280.0,76.74632352941177,10880,7328,100663296.0,10066329.6
HyperX,1024,11296737280.0,76.75551470588235,10880,7328,100663296.0,10066329.6
HyperX,1025,11296737280.0,76.76470588235294,10880,7328,100663296.0,10066329.6
HyperX,1026,11296737280.0,76.77389705882352,10880,7328,100663296.0,10066329.6
HyperX,1027,11296737280.0,76.78308823529412,10880,7328,100663296.0,10066329.6
HyperX,1028,11296737280.0,76.79227941176471,10880,7328,100663296.0,10066329.6
HyperX,1029,11296737280.0,76.8014705882353,10880,7328,100663296.0,10066329.6
HyperX,1030,11296737280.0,76.81066176470588,10880,7328,100663296.0,10066329.6
HyperX,1031,11296737280.0,76.81985294117646,10880,7328,100663296.0,10066329.6
HyperX,1032,11296737280.0,76.82904411764706,10880,7328,100663296.0,10066329.6
HyperX,1033,11296737280.0,76.83823529411765,10880,7328,100663296.0,10066329.6
HyperX,1034,11296737280.0,76.84742647058823,10880,7328,100663296.0,10066329.6
HyperX,1035,11296737280.0,76.85661764705883,10880,7328,100663296.0,10066329.6
HyperX,1036,11296737280.0,76.86580882352942,10880,7328,100663296.0,10066329.6
HyperX,1037,11296737280.0,76.875,10880,7328,100663296.0,10066329.6
HyperX,1038,11296737280.0,76.88419117647058,10880,7328,100663296.0,10066329.6
HyperX,1039,11296737280.0,76.89338235294117,10880,7328,100663296.0,10066329.6
HyperX,1040,11296737280.0,76.90257352941177,10880,7328,100663296.0,10066329.6
HyperX,1041,11296737280.0,76.91176470588236,10880,7328,100663296.0,10066329.6
HyperX,1042,11296737280.0,76.92095588235294,10880,7328,100663296.0,10066329.6
HyperX,1043,11296737280.0,76.93014705882352,10880,7328,100663296.0,10066329.6
HyperX,1044,11296737280.0,76.93933823529412,10880,7328,100663296.0,10066329.6
HyperX,1045,11296737280.0,76.94852941176471,10880,7328,100663296.0,10066329.6
HyperX,1046,11296737280.0,76.95772058823529,10880,7328,100663296.0,10066329.6
HyperX,1047,11296737280.0,76.96691176470588,10880,7328,100663296.0,10066329.6
HyperX,1048,11296737280.0,76.97610294117648,10880,7328,100663296.0,10066329.6
HyperX,1049,11296737280.0,76.98529411764706,10880,7328,100663296.0,10066329.6
HyperX,1050,11296737280.0,76.99448529411764,10880,7328,100663296.0,10066329.6
HyperX,1051,11296737280.0,77.00367647058823,10880,7328,100663296.0,10066329.6
HyperX,1052,11296737280.0,77.01286764705883,10880,7328,100663296.0,10066329.6
HyperX,1053,11296737280.0,77.02205882352942,10880,7328,100663296.0,10066329.6
HyperX,1054,11296737280.0,77.03125,10880,7328,100663296.0,10066329.6
HyperX,1055,11296737280.0,77.04044117647058,10880,7328,100663296.0,10066329.6
HyperX,1056,11296737280.0,77.04963235294117,10880,7328,100663296.0,10066329.6
HyperX,1057,11296737280.0,77.05882352941177,10880,7328,100663296.0,10066329.6
HyperX,1058,11296737280.0,77.06801470588235,10880,7328,100663296.0,10066329.6
HyperX,1059,11296737280.0,77.07720588235294,10880,7328,100663296.0,10066329.6
HyperX,1060,11296737280.0,77.08639705882354,10880,7328,100663296.0,10066329.6
HyperX,1061,11296737280.0,77.09558823529412,10880,7328,100663296.0,10066329.6
HyperX,1062,11296737280.0,77.1047794117647,10880,7328,100663296.0,10066329.6
HyperX,1063,11296737280.0,77.11397058823529,10880,7328,100663296.0,10066329.6
HyperX,1064,11296737280.0,77.12316176470588,10880,7328,100663296.0,10066329.6
HyperX,1065,11296737280.0,77.13235294117648,10880,7328,100663296.0,10066329.6
HyperX,1066,11296737280.0,77.14154411764706,10880,7328,100663296.0,10066329.6
HyperX,1067,11296737280.0,77.15073529411765,10880,7328,100663296.0,10066329.6
HyperX,1068,11296737280.0,77.15992647058823,10880,7328,100663296.0,10066329.6
HyperX,1069,11296737280.0,77.16911764705883,10880,7328,100663296.0,10066329.6
HyperX,1070,11296737280.0,77.1783088235294,10880,7328,100663296.0,10066329.6
HyperX,1071,11296737280.0,77.1875,10880,7328,100663296.0,10066329.6
HyperX,1072,11296737280.0,77.1966911764706,10880,7328,100663296.0,10066329.6
HyperX,1073,11296737280.0,77.20588235294117,10880,7328,100663296.0,10066329.6
HyperX,1074,11296737280.0,77.21507352941175,10880,7328,100663296.0,10066329.6
HyperX,1075,11296737280.0,77.22426470588235,10880,7328,100663296.0,10066329.6
HyperX,1076,11296737280.0,77.23345588235294,10880,7328,100663296.0,10066329.6
HyperX,1077,11296737280.0,77.24264705882354,10880,7328,100663296.0,10066329.6
HyperX,1078,11296737280.0,77.25183823529412,10880,7328,100663296.0,10066329.6
HyperX,1079,11296737280.0,77.26102941176471,10880,7328,100663296.0,10066329.6
HyperX,1080,11296737280.0,77.27022058823529,10880,7328,100663296.0,10066329.6
HyperX,1081,11296737280.0,77.27941176470588,10880,7328,100663296.0,10066329.6
HyperX,1082,11296737280.0,77.28860294117646,10880,7328,100663296.0,10066329.6
HyperX,1083,11296737280.0,77.29779411764706,10880,7328,100663296.0,10066329.6
HyperX,1084,11296737280.0,77.30698529411765,10880,7328,100663296.0,10066329.6
HyperX,1085,11296737280.0,77.31617647058823,10880,7328,100663296.0,10066329.6
HyperX,1086,11296737280.0,77.32536764705881,10880,7328,100663296.0,10066329.6
HyperX,1087,11296737280.0,77.3345588235294,10880,7328,100663296.0,10066329.6
HyperX,1088,11296737280.0,77.34375,10880,7328,100663296.0,10066329.6
HyperX,1089,11296737280.0,77.3529411764706,10880,7328,100663296.0,10066329.6
HyperX,1090,11296737280.0,77.36213235294119,10880,7328,100663296.0,10066329.6
HyperX,1091,11296737280.0,77.37132352941177,10880,7328,100663296.0,10066329.6
HyperX,1092,11296737280.0,77.38051470588235,10880,7328,100663296.0,10066329.6
HyperX,1093,11296737280.0,77.38970588235294,10880,7328,100663296.0,10066329.6
HyperX,1094,11296737280.0,77.39889705882354,10880,7328,100663296.0,10066329.6
HyperX,1095,11296737280.0,77.40808823529412,10880,7328,100663296.0,10066329.6
HyperX,1096,11296737280.0,77.41727941176471,10880,7328,100663296.0,10066329.6
HyperX,1097,11296737280.0,77.42647058823529,10880,7328,100663296.0,10066329.6
HyperX,1098,11296737280.0,77.43566176470588,10880,7328,100663296.0,10066329.6
HyperX,1099,11296737280.0,77.44485294117646,10880,7328,100663296.0,10066329.6
HyperX,1100,11296737280.0,77.45404411764706,10880,7328,100663296.0,10066329.6
HyperX,1101,11296737280.0,77.46323529411765,10880,7328,100663296.0,10066329.6
HyperX,1102,11296737280.0,77.47242647058825,10880,7328,100663296.0,10066329.6
HyperX,1103,11296737280.0,77.48161764705883,10880,7328,100663296.0,10066329.6
HyperX,1104,11296737280.0,77.4908088235294,10880,7328,100663296.0,10066329.6
HyperX,1105,11296737280.0,77.5,10880,7328,100663296.0,10066329.6
HyperX,1106,11296737280.0,77.5091911764706,10880,7328,100663296.0,10066329.6
HyperX,1107,11296737280.0,77.51838235294117,10880,7328,100663296.0,10066329.6
HyperX,1108,11296737280.0,77.52757352941177,10880,7328,100663296.0,10066329.6
HyperX,1109,11296737280.0,77.53676470588235,10880,7328,100663296.0,10066329.6
HyperX,1110,11296737280.0,77.54595588235294,10880,7328,100663296.0,10066329.6
HyperX,1111,11296737280.0,77.55514705882352,10880,7328,100663296.0,10066329.6
HyperX,1112,11296737280.0,77.56433823529412,10880,7328,100663296.0,10066329.6
HyperX,1113,11296737280.0,77.57352941176471,10880,7328,100663296.0,10066329.6
HyperX,1114,11296737280.0,77.5827205882353,10880,7328,100663296.0,10066329.6
HyperX,1115,11296737280.0,77.59191176470588,10880,7328,100663296.0,10066329.6
HyperX,1116,11296737280.0,77.60110294117646,10880,7328,100663296.0,10066329.6
HyperX,1117,11296737280.0,77.61029411764706,10880,7328,100663296.0,10066329.6
HyperX,1118,11296737280.0,77.61948529411765,10880,7328,100663296.0,10066329.6
HyperX,1119,11296737280.0,77.62867647058823,10880,7328,100663296.0,10066329.6
HyperX,1120,11296737280.0,77.63786764705883,10880,7328,100663296.0,10066329.6
HyperX,1121,11296737280.0,77.64705882352942,10880,7328,100663296.0,10066329.6
HyperX,1122,11296737280.0,77.65625,10880,7328,100663296.0,10066329.6
HyperX,1123,11296737280.0,77.66544117647058,10880,7328,100663296.0,10066329.6
HyperX,1124,11296737280.0,77.67463235294117,10880,7328,100663296.0,10066329.6
HyperX,1125,11296737280.0,77.68382352941177,10880,7328,100663296.0,10066329.6
HyperX,1126,11296737280.0,77.69301470588236,10880,7328,100663296.0,10066329.6
HyperX,1127,11296737280.0,77.70220588235294,10880,7328,100663296.0,10066329.6
HyperX,1128,11296737280.0,77.71139705882352,10880,7328,100663296.0,10066329.6
HyperX,1129,11296737280.0,77.72058823529412,10880,7328,100663296.0,10066329.6
HyperX,1130,11296737280.0,77.72977941176471,10880,7328,100663296.0,10066329.6
HyperX,1131,11296737280.0,77.73897058823529,10880,7328,100663296.0,10066329.6
HyperX,1132,11296737280.0,77.74816176470588,10880,7328,100663296.0,10066329.6
HyperX,1133,11296737280.0,77.75735294117648,10880,7328,100663296.0,10066329.6
HyperX,1134,11296737280.0,77.76654411764706,10880,7328,100663296.0,10066329.6
HyperX,1135,11296737280.0,77.77573529411764,10880,7328,100663296.0,10066329.6
HyperX,1136,11296737280.0,77.78492647058823,10880,7328,100663296.0,10066329.6
HyperX,1137,11296737280.0,77.79411764705883,10880,7328,100663296.0,10066329.6
HyperX,1138,11296737280.0,77.80330882352942,10880,7328,100663296.0,10066329.6
HyperX,1139,11296737280.0,77.8125,10880,7328,100663296.0,10066329.6
HyperX,1140,11296737280.0,77.82169117647058,10880,7328,100663296.0,10066329.6
HyperX,1141,11296737280.0,77.83088235294117,10880,7328,100663296.0,10066329.6
HyperX,1142,11296737280.0,77.84007352941177,10880,7328,100663296.0,10066329.6
HyperX,1143,11296737280.0,77.84926470588235,10880,7328,100663296.0,10066329.6
HyperX,1144,11296737280.0,77.85845588235294,10880,7328,100663296.0,10066329.6
HyperX,1145,11296737280.0,77.86764705882354,10880,7328,100663296.0,10066329.6
HyperX,1146,11296737280.0,77.87683823529412,10880,7328,100663296.0,10066329.6
HyperX,1147,11296737280.0,77.8860294117647,10880,7328,100663296.0,10066329.6
HyperX,1148,11296737280.0,77.89522058823529,10880,7328,100663296.0,10066329.6
HyperX,1149,11296737280.0,77.90441176470588,10880,7328,100663296.0,10066329.6
HyperX,1150,11296737280.0,77.91360294117648,10880,7328,100663296.0,10066329.6
HyperX,1151,11296737280.0,77.92279411764706,10880,7328,100663296.0,10066329.6
HyperX,1152,11296737280.0,77.93198529411765,10880,7328,100663296.0,10066329.6
HyperX,1153,11296737280.0,77.94117647058823,10880,7328,100663296.0,10066329.6
HyperX,1154,11296737280.0,77.95036764705883,10880,7328,100663296.0,10066329.6
HyperX,1155,11296737280.0,77.9595588235294,10880,7328,100663296.0,10066329.6
HyperX,1156,11296737280.0,77.96875,10880,7328,100663296.0,10066329.6
HyperX,1157,11296737280.0,77.9779411764706,10880,7328,100663296.0,10066329.6
HyperX,1158,11296737280.0,77.98713235294117,10880,7328,100663296.0,10066329.6
HyperX,1159,11296737280.0,77.99632352941175,10880,7328,100663296.0,10066329.6
HyperX,1160,11296737280.0,78.00551470588235,10880,7328,100663296.0,10066329.6
HyperX,1161,11296737280.0,78.01470588235294,10880,7328,100663296.0,10066329.6
HyperX,1162,11296737280.0,78.02389705882354,10880,7328,100663296.0,10066329.6
HyperX,1163,11296737280.0,78.03308823529412,10880,7328,100663296.0,10066329.6
HyperX,1164,11296737280.0,78.04227941176471,10880,7328,100663296.0,10066329.6
HyperX,1165,11296737280.0,78.05147058823529,10880,7328,100663296.0,10066329.6
HyperX,1166,11296737280.0,78.06066176470588,10880,7328,100663296.0,10066329.6
HyperX,1167,11296737280.0,78.06985294117646,10880,7328,100663296.0,10066329.6
HyperX,1168,11296737280.0,78.07904411764706,10880,7328,100663296.0,10066329.6
HyperX,1169,11296737280.0,78.08823529411765,10880,7328,100663296.0,10066329.6
HyperX,1170,11296737280.0,78.09742647058823,10880,7328,100663296.0,10066329.6
HyperX,1171,11296737280.0,78.10661764705881,10880,7328,100663296.0,10066329.6
HyperX,1172,11296737280.0,78.1158088235294,10880,7328,100663296.0,10066329.6
HyperX,1173,11296737280.0,78.125,10880,7328,100663296.0,10066329.6
HyperX,1174,11296737280.0,78.1341911764706,10880,7328,100663296.0,10066329.6
HyperX,1175,11296737280.0,78.14338235294119,10880,7328,100663296.0,10066329.6
HyperX,1176,11296737280.0,78.15257352941177,10880,7328,100663296.0,10066329.6
HyperX,1177,11296737280.0,78.16176470588235,10880,7328,100663296.0,10066329.6
HyperX,1178,11296737280.0,78.17095588235294,10880,7328,100663296.0,10066329.6
HyperX,1179,11296737280.0,78.18014705882354,10880,7328,100663296.0,10066329.6
HyperX,1180,11296737280.0,78.18933823529412,10880,7328,100663296.0,10066329.6
HyperX,1181,11296737280.0,78.19852941176471,10880,7328,100663296.0,10066329.6
HyperX,1182,11296737280.0,78.20772058823529,10880,7328,100663296.0,10066329.6
HyperX,1183,11296737280.0,78.21691176470588,10880,7328,100663296.0,10066329.6
HyperX,1184,11296737280.0,78.22610294117646,10880,7328,100663296.0,10066329.6
HyperX,1185,11296737280.0,78.23529411764706,10880,7328,100663296.0,10066329.6
HyperX,1186,11296737280.0,78.24448529411765,10880,7328,100663296.0,10066329.6
HyperX,1187,11296737280.0,78.25367647058825,10880,7328,100663296.0,10066329.6
HyperX,1188,11296737280.0,78.26286764705883,10880,7328,100663296.0,10066329.6
HyperX,1189,11296737280.0,78.2720588235294,10880,7328,100663296.0,10066329.6
HyperX,1190,11296737280.0,78.28125,10880,7328,100663296.0,10066329.6
HyperX,1191,11296737280.0,78.2904411764706,10880,7328,100663296.0,10066329.6
HyperX,1192,11296737280.0,78.29963235294117,10880,7328,100663296.0,10066329.6
HyperX,1193,11296737280.0,78.30882352941177,10880,7328,100663296.0,10066329.6
HyperX,1194,11296737280.0,78.31801470588235,10880,7328,100663296.0,10066329.6
HyperX,1195,11296737280.0,78.32720588235294,10880,7328,100663296.0,10066329.6
HyperX,1196,11296737280.0,78.33639705882352,10880,7328,100663296.0,10066329.6
HyperX,1197,11296737280.0,78.34558823529412,10880,7328,100663296.0,10066329.6
HyperX,1198,11296737280.0,78.35477941176471,10880,7328,100663296.0,10066329.6
HyperX,1199,11296737280.0,78.3639705882353,10880,7328,100663296.0,10066329.6
HyperX,1200,11296737280.0,78.37316176470588,10880,7328,100663296.0,10066329.6
HyperX,1201,11296737280.0,78.38235294117646,10880,7328,100663296.0,10066329.6
HyperX,1202,11296737280.0,78.39154411764706,10880,7328,100663296.0,10066329.6
HyperX,1203,11296737280.0,78.40073529411765,10880,7328,100663296.0,10066329.6
HyperX,1204,11296737280.0,78.40992647058823,10880,7328,100663296.0,10066329.6
HyperX,1205,11296737280.0,78.41911764705883,10880,7328,100663296.0,10066329.6
HyperX,1206,11296737280.0,78.42830882352942,10880,7328,100663296.0,10066329.6
HyperX,1207,11296737280.0,78.4375,10880,7328,100663296.0,10066329.6
HyperX,1208,11296737280.0,78.44669117647058,10880,7328,100663296.0,10066329.6
HyperX,1209,11296737280.0,78.45588235294117,10880,7328,100663296.0,10066329.6
HyperX,1210,11296737280.0,78.46507352941177,10880,7328,100663296.0,10066329.6
HyperX,1211,11296737280.0,78.47426470588236,10880,7328,100663296.0,10066329.6
HyperX,1212,11296737280.0,78.48345588235294,10880,7328,100663296.0,10066329.6
HyperX,1213,11296737280.0,78.49264705882352,10880,7328,100663296.0,10066329.6
HyperX,1214,11296737280.0,78.50183823529412,10880,7328,100663296.0,10066329.6
HyperX,1215,11296737280.0,78.51102941176471,10880,7328,100663296.0,10066329.6
HyperX,1216,11296737280.0,78.52022058823529,10880,7328,100663296.0,10066329.6
HyperX,1217,11296737280.0,78.52941176470588,10880,7328,100663296.0,10066329.6
HyperX,1218,11296737280.0,78.53860294117648,10880,7328,100663296.0,10066329.6
HyperX,1219,11296737280.0,78.54779411764706,10880,7328,100663296.0,10066329.6
HyperX,1220,11296737280.0,78.55698529411764,10880,7328,100663296.0,10066329.6
HyperX,1221,11296737280.0,78.56617647058823,10880,7328,100663296.0,10066329.6
HyperX,1222,11296737280.0,78.57536764705883,10880,7328,100663296.0,10066329.6
HyperX,1223,11296737280.0,78.58455882352942,10880,7328,100663296.0,10066329.6
HyperX,1224,11296737280.0,78.59375,10880,7328,100663296.0,10066329.6
HyperX,1225,11296737280.0,78.60294117647058,10880,7328,100663296.0,10066329.6
HyperX,1226,11296737280.0,78.61213235294117,10880,7328,100663296.0,10066329.6
HyperX,1227,11296737280.0,78.62132352941177,10880,7328,100663296.0,10066329.6
HyperX,1228,11296737280.0,78.63051470588235,10880,7328,100663296.0,10066329.6
HyperX,1229,11296737280.0,78.63970588235294,10880,7328,100663296.0,10066329.6
HyperX,1230,11296737280.0,78.64889705882354,10880,7328,100663296.0,10066329.6
HyperX,1231,11296737280.0,78.65808823529412,10880,7328,100663296.0,10066329.6
HyperX,1232,11296737280.0,78.6672794117647,10880,7328,100663296.0,10066329.6
HyperX,1233,11296737280.0,78.67647058823529,10880,7328,100663296.0,10066329.6
HyperX,1234,11296737280.0,78.68566176470588,10880,7328,100663296.0,10066329.6
HyperX,1235,11296737280.0,78.69485294117648,10880,7328,100663296.0,10066329.6
HyperX,1236,11296737280.0,78.70404411764706,10880,7328,100663296.0,10066329.6
HyperX,1237,11296737280.0,78.71323529411765,10880,7328,100663296.0,10066329.6
HyperX,1238,11296737280.0,78.72242647058823,10880,7328,100663296.0,10066329.6
HyperX,1239,11296737280.0,78.73161764705883,10880,7328,100663296.0,10066329.6
HyperX,1240,11296737280.0,78.7408088235294,10880,7328,100663296.0,10066329.6
HyperX,1241,11296737280.0,78.75,10880,7328,100663296.0,10066329.6
HyperX,1242,11296737280.0,78.7591911764706,10880,7328,100663296.0,10066329.6
HyperX,1243,11296737280.0,78.76838235294117,10880,7328,100663296.0,10066329.6
HyperX,1244,11296737280.0,78.77757352941175,10880,7328,100663296.0,10066329.6
HyperX,1245,11296737280.0,78.78676470588235,10880,7328,100663296.0,10066329.6
HyperX,1246,11296737280.0,78.79595588235294,10880,7328,100663296.0,10066329.6
HyperX,1247,11296737280.0,78.80514705882354,10880,7328,100663296.0,10066329.6
HyperX,1248,11296737280.0,78.81433823529412,10880,7328,100663296.0,10066329.6
HyperX,1249,11296737280.0,78.82352941176471,10880,7328,100663296.0,10066329.6
HyperX,1250,11296737280.0,78.83272058823529,10880,7328,100663296.0,10066329.6
HyperX,1251,11296737280.0,78.84191176470588,10880,7328,100663296.0,10066329.6
HyperX,1252,11296737280.0,78.85110294117646,10880,7328,100663296.0,10066329.6
HyperX,1253,11296737280.0,78.86029411764706,10880,7328,100663296.0,10066329.6
HyperX,1254,11296737280.0,78.86948529411765,10880,7328,100663296.0,10066329.6
HyperX,1255,11296737280.0,78.87867647058823,10880,7328,100663296.0,10066329.6
HyperX,1256,11296737280.0,78.88786764705881,10880,7328,100663296.0,10066329.6
HyperX,1257,11296737280.0,78.8970588235294,10880,7328,100663296.0,10066329.6
HyperX,1258,11296737280.0,78.90625,10880,7328,100663296.0,10066329.6
HyperX,1259,11296737280.0,78.9154411764706,10880,7328,100663296.0,10066329.6
HyperX,1260,11296737280.0,78.92463235294119,10880,7328,100663296.0,10066329.6
HyperX,1261,11296737280.0,78.93382352941177,10880,7328,100663296.0,10066329.6
HyperX,1262,11296737280.0,78.94301470588235,10880,7328,100663296.0,10066329.6
HyperX,1263,11296737280.0,78.95220588235294,10880,7328,100663296.0,10066329.6
HyperX,1264,11296737280.0,78.96139705882354,10880,7328,100663296.0,10066329.6
HyperX,1265,11296737280.0,78.97058823529412,10880,7328,100663296.0,10066329.6
HyperX,1266,11296737280.0,78.97977941176471,10880,7328,100663296.0,10066329.6
HyperX,1267,11296737280.0,78.98897058823529,10880,7328,100663296.0,10066329.6
HyperX,1268,11296737280.0,78.99816176470588,10880,7328,100663296.0,10066329.6
HyperX,1269,11296737280.0,79.00735294117646,10880,7328,100663296.0,10066329.6
HyperX,1270,11296737280.0,79.01654411764706,10880,7328,100663296.0,10066329.6
HyperX,1271,11296737280.0,79.02573529411765,10880,7328,100663296.0,10066329.6
HyperX,1272,11296737280.0,79.03492647058825,10880,7328,100663296.0,10066329.6
HyperX,1273,11296737280.0,79.04411764705883,10880,7328,100663296.0,10066329.6
HyperX,1274,11296737280.0,79.0533088235294,10880,7328,100663296.0,10066329.6
HyperX,1275,11296737280.0,79.0625,10880,7328,100663296.0,10066329.6
HyperX,1276,11296737280.0,79.0716911764706,10880,7328,100663296.0,10066329.6
HyperX,1277,11296737280.0,79.08088235294117,10880,7328,100663296.0,10066329.6
HyperX,1278,11296737280.0,79.09007352941177,10880,7328,100663296.0,10066329.6
HyperX,1279,11296737280.0,79.09926470588235,10880,7328,100663296.0,10066329.6
HyperX,1280,11296737280.0,79.10845588235294,10880,7328,100663296.0,10066329.6
HyperX,1281,11296737280.0,79.11764705882352,10880,7328,100663296.0,10066329.6
HyperX,1282,11296737280.0,79.12683823529412,10880,7328,100663296.0,10066329.6
HyperX,1283,11296737280.0,79.13602941176471,10880,7328,100663296.0,10066329.6
HyperX,1284,11296737280.0,79.1452205882353,10880,7328,100663296.0,10066329.6
HyperX,1285,11296737280.0,79.15441176470588,10880,7328,100663296.0,10066329.6
HyperX,1286,11296737280.0,79.16360294117646,10880,7328,100663296.0,10066329.6
HyperX,1287,11296737280.0,79.17279411764706,10880,7328,100663296.0,10066329.6
HyperX,1288,11296737280.0,79.18198529411765,10880,7328,100663296.0,10066329.6
HyperX,1289,11296737280.0,79.19117647058823,10880,7328,100663296.0,10066329.6
HyperX,1290,11296737280.0,79.20036764705883,10880,7328,100663296.0,10066329.6
HyperX,1291,11296737280.0,79.20955882352942,10880,7328,100663296.0,10066329.6
HyperX,1292,11296737280.0,79.21875,10880,7328,100663296.0,10066329.6
HyperX,1293,11296737280.0,79.22794117647058,10880,7328,100663296.0,10066329.6
HyperX,1294,11296737280.0,79.23713235294117,10880,7328,100663296.0,10066329.6
HyperX,1295,11296737280.0,79.24632352941177,10880,7328,100663296.0,10066329.6
HyperX,1296,11296737280.0,79.25551470588236,10880,7328,100663296.0,10066329.6
HyperX,1297,11296737280.0,79.26470588235294,10880,7328,100663296.0,10066329.6
HyperX,1298,11296737280.0,79.27389705882352,10880,7328,100663296.0,10066329.6
HyperX,1299,11296737280.0,79.28308823529412,10880,7328,100663296.0,10066329.6
HyperX,1300,11296737280.0,79.29227941176471,10880,7328,100663296.0,10066329.6
HyperX,1301,11296737280.0,79.30147058823529,10880,7328,100663296.0,10066329.6
HyperX,1302,11296737280.0,79.31066176470588,10880,7328,100663296.0,10066329.6
HyperX,1303,11296737280.0,79.31985294117648,10880,7328,100663296.0,10066329.6
HyperX,1304,11296737280.0,79.32904411764706,10880,7328,100663296.0,10066329.6
HyperX,1305,11296737280.0,79.33823529411764,10880,7328,100663296.0,10066329.6
HyperX,1306,11296737280.0,79.34742647058823,10880,7328,100663296.0,10066329.6
HyperX,1307,11296737280.0,79.35661764705883,10880,7328,100663296.0,10066329.6
HyperX,1308,11296737280.0,79.36580882352942,10880,7328,100663296.0,10066329.6
HyperX,1309,11296737280.0,79.375,10880,7328,100663296.0,10066329.6
HyperX,1310,11296737280.0,79.38419117647058,10880,7328,100663296.0,10066329.6
HyperX,1311,11296737280.0,79.39338235294117,10880,7328,100663296.0,10066329.6
HyperX,1312,11296737280.0,79.40257352941177,10880,7328,100663296.0,10066329.6
HyperX,1313,11296737280.0,79.41176470588235,10880,7328,100663296.0,10066329.6
HyperX,1314,11296737280.0,79.42095588235294,10880,7328,100663296.0,10066329.6
HyperX,1315,11296737280.0,79.43014705882354,10880,7328,100663296.0,10066329.6
HyperX,1316,11296737280.0,79.43933823529412,10880,7328,100663296.0,10066329.6
HyperX,1317,11296737280.0,79.4485294117647,10880,7328,100663296.0,10066329.6
HyperX,1318,11296737280.0,79.45772058823529,10880,7328,100663296.0,10066329.6
HyperX,1319,11296737280.0,79.46691176470588,10880,7328,100663296.0,10066329.6
HyperX,1320,11296737280.0,79.47610294117648,10880,7328,100663296.0,10066329.6
HyperX,1321,11296737280.0,79.48529411764706,10880,7328,100663296.0,10066329.6
HyperX,1322,11296737280.0,79.49448529411765,10880,7328,100663296.0,10066329.6
HyperX,1323,11296737280.0,79.50367647058823,10880,7328,100663296.0,10066329.6
HyperX,1324,11296737280.0,79.51286764705883,10880,7328,100663296.0,10066329.6
HyperX,1325,11296737280.0,79.5220588235294,10880,7328,100663296.0,10066329.6
HyperX,1326,11296737280.0,79.53125,10880,7328,100663296.0,10066329.6
HyperX,1327,11296737280.0,79.5404411764706,10880,7328,100663296.0,10066329.6
HyperX,1328,11296737280.0,79.54963235294117,10880,7328,100663296.0,10066329.6
HyperX,1329,11296737280.0,79.55882352941175,10880,7328,100663296.0,10066329.6
HyperX,1330,11296737280.0,79.56801470588235,10880,7328,100663296.0,10066329.6
HyperX,1331,11296737280.0,79.57720588235294,10880,7328,100663296.0,10066329.6
HyperX,1332,11296737280.0,79.58639705882354,10880,7328,100663296.0,10066329.6
HyperX,1333,11296737280.0,79.59558823529412,10880,7328,100663296.0,10066329.6
HyperX,1334,11296737280.0,79.60477941176471,10880,7328,100663296.0,10066329.6
HyperX,1335,11296737280.0,79.61397058823529,10880,7328,100663296.0,10066329.6
HyperX,1336,11296737280.0,79.62316176470588,10880,7328,100663296.0,10066329.6
HyperX,1337,11296737280.0,79.63235294117646,10880,7328,100663296.0,10066329.6
HyperX,1338,11296737280.0,79.64154411764706,10880,7328,100663296.0,10066329.6
HyperX,1339,11296737280.0,79.65073529411765,10880,7328,100663296.0,10066329.6
HyperX,1340,11296737280.0,79.65992647058823,10880,7328,100663296.0,10066329.6
HyperX,1341,11296737280.0,79.66911764705881,10880,7328,100663296.0,10066329.6
HyperX,1342,11296737280.0,79.6783088235294,10880,7328,100663296.0,10066329.6
HyperX,1343,11296737280.0,79.6875,10880,7328,100663296.0,10066329.6
HyperX,1344,11296737280.0,79.6966911764706,10880,7328,100663296.0,10066329.6
HyperX,1345,11296737280.0,79.70588235294119,10880,7328,100663296.0,10066329.6
HyperX,1346,11296737280.0,79.71507352941177,10880,7328,100663296.0,10066329.6
HyperX,1347,11296737280.0,79.72426470588235,10880,7328,100663296.0,10066329.6
HyperX,1348,11296737280.0,79.73345588235294,10880,7328,100663296.0,10066329.6
HyperX,1349,11296737280.0,79.74264705882354,10880,7328,100663296.0,10066329.6
HyperX,1350,11296737280.0,79.75183823529412,10880,7328,100663296.0,10066329.6
HyperX,1351,11296737280.0,79.76102941176471,10880,7328,100663296.0,10066329.6
HyperX,1352,11296737280.0,79.77022058823529,10880,7328,100663296.0,10066329.6
HyperX,1353,11296737280.0,79.77941176470588,10880,7328,100663296.0,10066329.6
HyperX,1354,11296737280.0,79.78860294117646,10880,7328,100663296.0,10066329.6
HyperX,1355,11296737280.0,79.79779411764706,10880,7328,100663296.0,10066329.6
HyperX,1356,11296737280.0,79.80698529411765,10880,7328,100663296.0,10066329.6
HyperX,1357,11296737280.0,79.81617647058825,10880,7328,100663296.0,10066329.6
HyperX,1358,11296737280.0,79.82536764705883,10880,7328,100663296.0,10066329.6
HyperX,1359,11296737280.0,79.8345588235294,10880,7328,100663296.0,10066329.6
HyperX,1360,11296737280.0,79.84375,10880,7328,100663296.0,10066329.6
HyperX,1361,11296737280.0,79.8529411764706,10880,7328,100663296.0,10066329.6
HyperX,1362,11296737280.0,79.86213235294117,10880,7328,100663296.0,10066329.6
HyperX,1363,11296737280.0,79.87132352941177,10880,7328,100663296.0,10066329.6
HyperX,1364,11296737280.0,79.88051470588235,10880,7328,100663296.0,10066329.6
HyperX,1365,11296737280.0,79.88970588235294,10880,7328,100663296.0,10066329.6
HyperX,1366,11296737280.0,79.89889705882352,10880,7328,100663296.0,10066329.6
HyperX,1367,11296737280.0,79.90808823529412,10880,7328,100663296.0,10066329.6
HyperX,1368,11296737280.0,79.91727941176471,10880,7328,100663296.0,10066329.6
HyperX,1369,11296737280.0,79.9264705882353,10880,7328,100663296.0,10066329.6
HyperX,1370,11296737280.0,79.93566176470588,10880,7328,100663296.0,10066329.6
HyperX,1371,11296737280.0,79.94485294117646,10880,7328,100663296.0,10066329.6
HyperX,1372,11296737280.0,79.95404411764706,10880,7328,100663296.0,10066329.6
HyperX,1373,11296737280.0,79.96323529411765,10880,7328,100663296.0,10066329.6
HyperX,1374,11296737280.0,79.97242647058823,10880,7328,100663296.0,10066329.6
HyperX,1375,11296737280.0,79.98161764705883,10880,7328,100663296.0,10066329.6
HyperX,1376,11296737280.0,79.99080882352942,10880,7328,100663296.0,10066329.6
HyperX,1377,11296737280.0,80.0,10880,7328,100663296.0,10066329.6
HyperX,1378,11296737280.0,80.00919117647058,10880,7328,100663296.0,10066329.6
HyperX,1379,11296737280.0,80.01838235294117,10880,7328,100663296.0,10066329.6
HyperX,1380,11296737280.0,80.02757352941177,10880,7328,100663296.0,10066329.6
HyperX,1381,11296737280.0,80.03676470588236,10880,7328,100663296.0,10066329.6
HyperX,1382,11296737280.0,80.04595588235294,10880,7328,100663296.0,10066329.6
HyperX,1383,11296737280.0,80.05514705882352,10880,7328,100663296.0,10066329.6
HyperX,1384,11296737280.0,80.06433823529412,10880,7328,100663296.0,10066329.6
HyperX,1385,11296737280.0,80.07352941176471,10880,7328,100663296.0,10066329.6
HyperX,1386,11296737280.0,80.08272058823529,10880,7328,100663296.0,10066329.6
HyperX,1387,11296737280.0,80.09191176470588,10880,7328,100663296.0,10066329.6
HyperX,1388,11296737280.0,80.10110294117648,10880,7328,100663296.0,10066329.6
HyperX,1389,11296737280.0,80.11029411764706,10880,7328,100663296.0,10066329.6
HyperX,1390,11296737280.0,80.11948529411764,10880,7328,100663296.0,10066329.6
HyperX,1391,11296737280.0,80.12867647058823,10880,7328,100663296.0,10066329.6
HyperX,1392,11296737280.0,80.13786764705883,10880,7328,100663296.0,10066329.6
HyperX,1393,11296737280.0,80.14705882352942,10880,7328,100663296.0,10066329.6
HyperX,1394,11296737280.0,80.15625,10880,7328,100663296.0,10066329.6
HyperX,1395,11296737280.0,80.16544117647058,10880,7328,100663296.0,10066329.6
HyperX,1396,11296737280.0,80.17463235294117,10880,7328,100663296.0,10066329.6
HyperX,1397,11296737280.0,80.18382352941177,10880,7328,100663296.0,10066329.6
HyperX,1398,11296737280.0,80.19301470588235,10880,7328,100663296.0,10066329.6
HyperX,1399,11296737280.0,80.20220588235294,10880,7328,100663296.0,10066329.6
HyperX,1400,11296737280.0,80.21139705882354,10880,7328,100663296.0,10066329.6
HyperX,1401,11296737280.0,80.22058823529412,10880,7328,100663296.0,10066329.6
HyperX,1402,11296737280.0,80.2297794117647,10880,7328,100663296.0,10066329.6
HyperX,1403,11296737280.0,80.23897058823529,10880,7328,100663296.0,10066329.6
HyperX,1404,11296737280.0,80.24816176470588,10880,7328,100663296.0,10066329.6
HyperX,1405,11296737280.0,80.25735294117648,10880,7328,100663296.0,10066329.6
HyperX,1406,11296737280.0,80.26654411764706,10880,7328,100663296.0,10066329.6
HyperX,1407,11296737280.0,80.27573529411765,10880,7328,100663296.0,10066329.6
HyperX,1408,11296737280.0,80.28492647058823,10880,7328,100663296.0,10066329.6
HyperX,1409,11296737280.0,80.29411764705883,10880,7328,100663296.0,10066329.6
HyperX,1410,11296737280.0,80.3033088235294,10880,7328,100663296.0,10066329.6
HyperX,1411,11296737280.0,80.3125,10880,7328,100663296.0,10066329.6
HyperX,1412,11296737280.0,80.3216911764706,10880,7328,100663296.0,10066329.6
HyperX,1413,11296737280.0,80.33088235294117,10880,7328,100663296.0,10066329.6
HyperX,1414,11296737280.0,80.34007352941175,10880,7328,100663296.0,10066329.6
HyperX,1415,11296737280.0,80.34926470588235,10880,7328,100663296.0,10066329.6
HyperX,1416,11296737280.0,80.35845588235294,10880,7328,100663296.0,10066329.6
HyperX,1417,11296737280.0,80.36764705882354,10880,7328,100663296.0,10066329.6
HyperX,1418,11296737280.0,80.37683823529412,10880,7328,100663296.0,10066329.6
HyperX,1419,11296737280.0,80.38602941176471,10880,7328,100663296.0,10066329.6
HyperX,1420,11296737280.0,80.39522058823529,10880,7328,100663296.0,10066329.6
HyperX,1421,11296737280.0,80.40441176470588,10880,7328,100663296.0,10066329.6
HyperX,1422,11296737280.0,80.41360294117646,10880,7328,100663296.0,10066329.6
HyperX,1423,11296737280.0,80.42279411764706,10880,7328,100663296.0,10066329.6
HyperX,1424,11296737280.0,80.43198529411765,10880,7328,100663296.0,10066329.6
HyperX,1425,11296737280.0,80.44117647058823,10880,7328,100663296.0,10066329.6
HyperX,1426,11296737280.0,80.45036764705881,10880,7328,100663296.0,10066329.6
HyperX,1427,11296737280.0,80.4595588235294,10880,7328,100663296.0,10066329.6
HyperX,1428,11296737280.0,80.46875,10880,7328,100663296.0,10066329.6
HyperX,1429,11296737280.0,80.4779411764706,10880,7328,100663296.0,10066329.6
HyperX,1430,11296737280.0,80.48713235294119,10880,7328,100663296.0,10066329.6
HyperX,1431,11296737280.0,80.49632352941177,10880,7328,100663296.0,10066329.6
HyperX,1432,11296737280.0,80.50551470588235,10880,7328,100663296.0,10066329.6
HyperX,1433,11296737280.0,80.51470588235294,10880,7328,100663296.0,10066329.6
HyperX,1434,11296737280.0,80.52389705882354,10880,7328,100663296.0,10066329.6
HyperX,1435,11296737280.0,80.53308823529412,10880,7328,100663296.0,10066329.6
HyperX,1436,11296737280.0,80.54227941176471,10880,7328,100663296.0,10066329.6
HyperX,1437,11296737280.0,80.55147058823529,10880,7328,100663296.0,10066329.6
HyperX,1438,11296737280.0,80.56066176470588,10880,7328,100663296.0,10066329.6
HyperX,1439,11296737280.0,80.56985294117646,10880,7328,100663296.0,10066329.6
HyperX,1440,11296737280.0,80.57904411764706,10880,7328,100663296.0,10066329.6
HyperX,1441,11296737280.0,80.58823529411765,10880,7328,100663296.0,10066329.6
HyperX,1442,11296737280.0,80.59742647058825,10880,7328,100663296.0,10066329.6
HyperX,1443,11296737280.0,80.60661764705883,10880,7328,100663296.0,10066329.6
HyperX,1444,11296737280.0,80.6158088235294,10880,7328,100663296.0,10066329.6
HyperX,1445,11296737280.0,80.625,10880,7328,100663296.0,10066329.6
HyperX,1446,11296737280.0,80.6341911764706,10880,7328,100663296.0,10066329.6
HyperX,1447,11296737280.0,80.64338235294117,10880,7328,100663296.0,10066329.6
HyperX,1448,11296737280.0,80.65257352941177,10880,7328,100663296.0,10066329.6
HyperX,1449,11296737280.0,80.66176470588235,10880,7328,100663296.0,10066329.6
HyperX,1450,11296737280.0,80.67095588235294,10880,7328,100663296.0,10066329.6
HyperX,1451,11296737280.0,80.68014705882352,10880,7328,100663296.0,10066329.6
HyperX,1452,11296737280.0,80.68933823529412,10880,7328,100663296.0,10066329.6
HyperX,1453,11296737280.0,80.69852941176471,10880,7328,100663296.0,10066329.6
HyperX,1454,11296737280.0,80.7077205882353,10880,7328,100663296.0,10066329.6
HyperX,1455,11296737280.0,80.71691176470588,10880,7328,100663296.0,10066329.6
HyperX,1456,11296737280.0,80.72610294117646,10880,7328,100663296.0,10066329.6
HyperX,1457,11296737280.0,80.73529411764706,10880,7328,100663296.0,10066329.6
HyperX,1458,11296737280.0,80.74448529411765,10880,7328,100663296.0,10066329.6
HyperX,1459,11296737280.0,80.75367647058823,10880,7328,100663296.0,10066329.6
HyperX,1460,11296737280.0,80.76286764705883,10880,7328,100663296.0,10066329.6
HyperX,1461,11296737280.0,80.77205882352942,10880,7328,100663296.0,10066329.6
HyperX,1462,11296737280.0,80.78125,10880,7328,100663296.0,10066329.6
HyperX,1463,11296737280.0,80.79044117647058,10880,7328,100663296.0,10066329.6
HyperX,1464,11296737280.0,80.79963235294117,10880,7328,100663296.0,10066329.6
HyperX,1465,11296737280.0,80.80882352941177,10880,7328,100663296.0,10066329.6
HyperX,1466,11296737280.0,80.81801470588236,10880,7328,100663296.0,10066329.6
HyperX,1467,11296737280.0,80.82720588235294,10880,7328,100663296.0,10066329.6
HyperX,1468,11296737280.0,80.83639705882352,10880,7328,100663296.0,10066329.6
HyperX,1469,11296737280.0,80.84558823529412,10880,7328,100663296.0,10066329.6
HyperX,1470,11296737280.0,80.85477941176471,10880,7328,100663296.0,10066329.6
HyperX,1471,11296737280.0,80.86397058823529,10880,7328,100663296.0,10066329.6
HyperX,1472,11296737280.0,80.87316176470588,10880,7328,100663296.0,10066329.6
HyperX,1473,11296737280.0,80.88235294117648,10880,7328,100663296.0,10066329.6
HyperX,1474,11296737280.0,80.89154411764706,10880,7328,100663296.0,10066329.6
HyperX,1475,11296737280.0,80.90073529411764,10880,7328,100663296.0,10066329.6
HyperX,1476,11296737280.0,80.90992647058823,10880,7328,100663296.0,10066329.6
HyperX,1477,11296737280.0,80.91911764705883,10880,7328,100663296.0,10066329.6
HyperX,1478,11296737280.0,80.92830882352942,10880,7328,100663296.0,10066329.6
HyperX,1479,11296737280.0,80.9375,10880,7328,100663296.0,10066329.6
HyperX,1480,11296737280.0,80.94669117647058,10880,7328,100663296.0,10066329.6
HyperX,1481,11296737280.0,80.95588235294117,10880,7328,100663296.0,10066329.6
HyperX,1482,11296737280.0,80.96507352941177,10880,7328,100663296.0,10066329.6
HyperX,1483,11296737280.0,80.97426470588235,10880,7328,100663296.0,10066329.6
HyperX,1484,11296737280.0,80.98345588235294,10880,7328,100663296.0,10066329.6
HyperX,1485,11296737280.0,80.99264705882354,10880,7328,100663296.0,10066329.6
HyperX,1486,11296737280.0,81.00183823529412,10880,7328,100663296.0,10066329.6
HyperX,1487,11296737280.0,81.0110294117647,10880,7328,100663296.0,10066329.6
HyperX,1488,11296737280.0,81.02022058823529,10880,7328,100663296.0,10066329.6
HyperX,1489,11296737280.0,81.02941176470588,10880,7328,100663296.0,10066329.6
HyperX,1490,11296737280.0,81.03860294117648,10880,7328,100663296.0,10066329.6
HyperX,1491,11296737280.0,81.04779411764706,10880,7328,100663296.0,10066329.6
HyperX,1492,11296737280.0,81.05698529411765,10880,7328,100663296.0,10066329.6
HyperX,1493,11296737280.0,81.06617647058823,10880,7328,100663296.0,10066329.6
HyperX,1494,11296737280.0,81.07536764705883,10880,7328,100663296.0,10066329.6
HyperX,1495,11296737280.0,81.0845588235294,10880,7328,100663296.0,10066329.6
HyperX,1496,11296737280.0,81.09375,10880,7328,100663296.0,10066329.6
HyperX,1497,11296737280.0,81.1029411764706,10880,7328,100663296.0,10066329.6
HyperX,1498,11296737280.0,81.11213235294117,10880,7328,100663296.0,10066329.6
HyperX,1499,11296737280.0,81.12132352941175,10880,7328,100663296.0,10066329.6
HyperX,1500,11296737280.0,81.13051470588235,10880,7328,100663296.0,10066329.6
HyperX,1501,11296737280.0,81.13970588235294,10880,7328,100663296.0,10066329.6
HyperX,1502,11296737280.0,81.14889705882354,10880,7328,100663296.0,10066329.6
HyperX,1503,11296737280.0,81.15808823529412,10880,7328,100663296.0,10066329.6
HyperX,1504,11296737280.0,81.16727941176471,10880,7328,100663296.0,10066329.6
HyperX,1505,11296737280.0,81.17647058823529,10880,7328,100663296.0,10066329.6
HyperX,1506,11296737280.0,81.18566176470588,10880,7328,100663296.0,10066329.6
HyperX,1507,11296737280.0,81.19485294117646,10880,7328,100663296.0,10066329.6
HyperX,1508,11296737280.0,81.20404411764706,10880,7328,100663296.0,10066329.6
HyperX,1509,11296737280.0,81.21323529411765,10880,7328,100663296.0,10066329.6
HyperX,1510,11296737280.0,81.22242647058823,10880,7328,100663296.0,10066329.6
HyperX,1511,11296737280.0,81.23161764705881,10880,7328,100663296.0,10066329.6
HyperX,1512,11296737280.0,81.2408088235294,10880,7328,100663296.0,10066329.6
HyperX,1513,11296737280.0,81.25,10880,7328,100663296.0,10066329.6
HyperX,1514,11296737280.0,81.2591911764706,10880,7328,100663296.0,10066329.6
HyperX,1515,11296737280.0,81.26838235294119,10880,7328,100663296.0,10066329.6
HyperX,1516,11296737280.0,81.27757352941177,10880,7328,100663296.0,10066329.6
HyperX,1517,11296737280.0,81.28676470588235,10880,7328,100663296.0,10066329.6
HyperX,1518,11296737280.0,81.29595588235294,10880,7328,100663296.0,10066329.6
HyperX,1519,11296737280.0,81.30514705882354,10880,7328,100663296.0,10066329.6
HyperX,1520,11296737280.0,81.31433823529412,10880,7328,100663296.0,10066329.6
HyperX,1521,11296737280.0,81.32352941176471,10880,7328,100663296.0,10066329.6
HyperX,1522,11296737280.0,81.33272058823529,10880,7328,100663296.0,10066329.6
HyperX,1523,11296737280.0,81.34191176470588,10880,7328,100663296.0,10066329.6
HyperX,1524,11296737280.0,81.35110294117646,10880,7328,100663296.0,10066329.6
HyperX,1525,11296737280.0,81.36029411764706,10880,7328,100663296.0,10066329.6
HyperX,1526,11296737280.0,81.36948529411765,10880,7328,100663296.0,10066329.6
HyperX,1527,11296737280.0,81.37867647058825,10880,7328,100663296.0,10066329.6
HyperX,1528,11296737280.0,81.38786764705883,10880,7328,100663296.0,10066329.6
HyperX,1529,11296737280.0,81.3970588235294,10880,7328,100663296.0,10066329.6
HyperX,1530,11296737280.0,81.40625,10880,7328,100663296.0,10066329.6
HyperX,1531,11296737280.0,81.4154411764706,10880,7328,100663296.0,10066329.6
HyperX,1532,11296737280.0,81.42463235294117,10880,7328,100663296.0,10066329.6
HyperX,1533,11296737280.0,81.43382352941177,10880,7328,100663296.0,10066329.6
HyperX,1534,11296737280.0,81.44301470588235,10880,7328,100663296.0,10066329.6
HyperX,1535,11296737280.0,81.45220588235294,10880,7328,100663296.0,10066329.6
HyperX,1536,11296737280.0,81.46139705882352,10880,7328,100663296.0,10066329.6
HyperX,1537,11296737280.0,81.47058823529412,10880,7328,100663296.0,10066329.6
HyperX,1538,11296737280.0,81.47977941176471,10880,7328,100663296.0,10066329.6
HyperX,1539,11296737280.0,81.4889705882353,10880,7328,100663296.0,10066329.6
HyperX,1540,11296737280.0,81.49816176470588,10880,7328,100663296.0,10066329.6
HyperX,1541,11296737280.0,81.50735294117646,10880,7328,100663296.0,10066329.6
HyperX,1542,11296737280.0,81.51654411764706,10880,7328,100663296.0,10066329.6
HyperX,1543,11296737280.0,81.52573529411765,10880,7328,100663296.0,10066329.6
HyperX,1544,11296737280.0,81.53492647058823,10880,7328,100663296.0,10066329.6
HyperX,1545,11296737280.0,81.54411764705883,10880,7328,100663296.0,10066329.6
HyperX,1546,11296737280.0,81.55330882352942,10880,7328,100663296.0,10066329.6
HyperX,1547,11296737280.0,81.5625,10880,7328,100663296.0,10066329.6
HyperX,1548,11296737280.0,81.57169117647058,10880,7328,100663296.0,10066329.6
HyperX,1549,11296737280.0,81.58088235294117,10880,7328,100663296.0,10066329.6
HyperX,1550,11296737280.0,81.59007352941177,10880,7328,100663296.0,10066329.6
HyperX,1551,11296737280.0,81.59926470588236,10880,7328,100663296.0,10066329.6
HyperX,1552,11296737280.0,81.60845588235294,10880,7328,100663296.0,10066329.6
HyperX,1553,11296737280.0,81.61764705882352,10880,7328,100663296.0,10066329.6
HyperX,1554,11296737280.0,81.62683823529412,10880,7328,100663296.0,10066329.6
HyperX,1555,11296737280.0,81.63602941176471,10880,7328,100663296.0,10066329.6
HyperX,1556,11296737280.0,81.64522058823529,10880,7328,100663296.0,10066329.6
HyperX,1557,11296737280.0,81.65441176470588,10880,7328,100663296.0,10066329.6
HyperX,1558,11296737280.0,81.66360294117648,10880,7328,100663296.0,10066329.6
HyperX,1559,11296737280.0,81.67279411764706,10880,7328,100663296.0,10066329.6
HyperX,1560,11296737280.0,81.68198529411764,10880,7328,100663296.0,10066329.6
HyperX,1561,11296737280.0,81.69117647058823,10880,7328,100663296.0,10066329.6
HyperX,1562,11296737280.0,81.70036764705883,10880,7328,100663296.0,10066329.6
HyperX,1563,11296737280.0,81.70955882352942,10880,7328,100663296.0,10066329.6
HyperX,1564,11296737280.0,81.71875,10880,7328,100663296.0,10066329.6
HyperX,1565,11296737280.0,81.72794117647058,10880,7328,100663296.0,10066329.6
HyperX,1566,11296737280.0,81.73713235294117,10880,7328,100663296.0,10066329.6
HyperX,1567,11296737280.0,81.74632352941177,10880,7328,100663296.0,10066329.6
HyperX,1568,11296737280.0,81.75551470588235,10880,7328,100663296.0,10066329.6
HyperX,1569,11296737280.0,81.76470588235294,10880,7328,100663296.0,10066329.6
HyperX,1570,11296737280.0,81.77389705882354,10880,7328,100663296.0,10066329.6
HyperX,1571,11296737280.0,81.78308823529412,10880,7328,100663296.0,10066329.6
HyperX,1572,11296737280.0,81.7922794117647,10880,7328,100663296.0,10066329.6
HyperX,1573,11296737280.0,81.80147058823529,10880,7328,100663296.0,10066329.6
HyperX,1574,11296737280.0,81.81066176470588,10880,7328,100663296.0,10066329.6
HyperX,1575,11296737280.0,81.81985294117648,10880,7328,100663296.0,10066329.6
HyperX,1576,11296737280.0,81.82904411764706,10880,7328,100663296.0,10066329.6
HyperX,1577,11296737280.0,81.83823529411765,10880,7328,100663296.0,10066329.6
HyperX,1578,11296737280.0,81.84742647058823,10880,7328,100663296.0,10066329.6
HyperX,1579,11296737280.0,81.85661764705883,10880,7328,100663296.0,10066329.6
HyperX,1580,11296737280.0,81.8658088235294,10880,7328,100663296.0,10066329.6
HyperX,1581,11296737280.0,81.875,10880,7328,100663296.0,10066329.6
HyperX,1582,11296737280.0,81.8841911764706,10880,7328,100663296.0,10066329.6
HyperX,1583,11296737280.0,81.89338235294117,10880,7328,100663296.0,10066329.6
HyperX,1584,11296737280.0,81.90257352941175,10880,7328,100663296.0,10066329.6
HyperX,1585,11296737280.0,81.91176470588235,10880,7328,100663296.0,10066329.6
HyperX,1586,11296737280.0,81.92095588235294,10880,7328,100663296.0,10066329.6
HyperX,1587,11296737280.0,81.93014705882354,10880,7328,100663296.0,10066329.6
HyperX,1588,11296737280.0,81.93933823529412,10880,7328,100663296.0,10066329.6
HyperX,1589,11296737280.0,81.94852941176471,10880,7328,100663296.0,10066329.6
HyperX,1590,11296737280.0,81.95772058823529,10880,7328,100663296.0,10066329.6
HyperX,1591,11296737280.0,81.96691176470588,10880,7328,100663296.0,10066329.6
HyperX,1592,11296737280.0,81.97610294117646,10880,7328,100663296.0,10066329.6
HyperX,1593,11296737280.0,81.98529411764706,10880,7328,100663296.0,10066329.6
HyperX,1594,11296737280.0,81.99448529411765,10880,7328,100663296.0,10066329.6
HyperX,1595,11296737280.0,82.00367647058823,10880,7328,100663296.0,10066329.6
HyperX,1596,11296737280.0,82.01286764705881,10880,7328,100663296.0,10066329.6
HyperX,1597,11296737280.0,82.0220588235294,10880,7328,100663296.0,10066329.6
HyperX,1598,11296737280.0,82.03125,10880,7328,100663296.0,10066329.6
HyperX,1599,11296737280.0,82.0404411764706,10880,7328,100663296.0,10066329.6
HyperX,1600,11296737280.0,82.04963235294119,10880,7328,100663296.0,10066329.6
HyperX,1601,11296737280.0,82.05882352941177,10880,7328,100663296.0,10066329.6
HyperX,1602,11296737280.0,82.06801470588235,10880,7328,100663296.0,10066329.6
HyperX,1603,11296737280.0,82.07720588235294,10880,7328,100663296.0,10066329.6
HyperX,1604,11296737280.0,82.08639705882354,10880,7328,100663296.0,10066329.6
HyperX,1605,11296737280.0,82.09558823529412,10880,7328,100663296.0,10066329.6
HyperX,1606,11296737280.0,82.10477941176471,10880,7328,100663296.0,10066329.6
HyperX,1607,11296737280.0,82.11397058823529,10880,7328,100663296.0,10066329.6
HyperX,1608,11296737280.0,82.12316176470588,10880,7328,100663296.0,10066329.6
HyperX,1609,11296737280.0,82.13235294117646,10880,7328,100663296.0,10066329.6
HyperX,1610,11296737280.0,82.14154411764706,10880,7328,100663296.0,10066329.6
HyperX,1611,11296737280.0,82.15073529411765,10880,7328,100663296.0,10066329.6
HyperX,1612,11296737280.0,82.15992647058825,10880,7328,100663296.0,10066329.6
HyperX,1613,11296737280.0,82.16911764705883,10880,7328,100663296.0,10066329.6
HyperX,1614,11296737280.0,82.1783088235294,10880,7328,100663296.0,10066329.6
HyperX,1615,11296737280.0,82.1875,10880,7328,100663296.0,10066329.6
HyperX,1616,11296737280.0,82.1966911764706,10880,7328,100663296.0,10066329.6
HyperX,1617,11296737280.0,82.20588235294117,10880,7328,100663296.0,10066329.6
HyperX,1618,11296737280.0,82.21507352941177,10880,7328,100663296.0,10066329.6
HyperX,1619,11296737280.0,82.22426470588235,10880,7328,100663296.0,10066329.6
HyperX,1620,11296737280.0,82.23345588235294,10880,7328,100663296.0,10066329.6
HyperX,1621,11296737280.0,82.24264705882352,10880,7328,100663296.0,10066329.6
HyperX,1622,11296737280.0,82.25183823529412,10880,7328,100663296.0,10066329.6
HyperX,1623,11296737280.0,82.26102941176471,10880,7328,100663296.0,10066329.6
HyperX,1624,11296737280.0,82.2702205882353,10880,7328,100663296.0,10066329.6
HyperX,1625,11296737280.0,82.27941176470588,10880,7328,100663296.0,10066329.6
HyperX,1626,11296737280.0,82.28860294117646,10880,7328,100663296.0,10066329.6
HyperX,1627,11296737280.0,82.29779411764706,10880,7328,100663296.0,10066329.6
HyperX,1628,11296737280.0,82.30698529411765,10880,7328,100663296.0,10066329.6
HyperX,1629,11296737280.0,82.31617647058823,10880,7328,100663296.0,10066329.6
HyperX,1630,11296737280.0,82.32536764705883,10880,7328,100663296.0,10066329.6
HyperX,1631,11296737280.0,82.33455882352942,10880,7328,100663296.0,10066329.6
HyperX,1632,11296737280.0,82.34375,10880,7328,100663296.0,10066329.6
HyperX,1633,11296737280.0,82.35294117647058,10880,7328,100663296.0,10066329.6
HyperX,1634,11296737280.0,82.36213235294117,10880,7328,100663296.0,10066329.6
HyperX,1635,11296737280.0,82.37132352941177,10880,7328,100663296.0,10066329.6
HyperX,1636,11296737280.0,82.38051470588236,10880,7328,100663296.0,10066329.6
HyperX,1637,11296737280.0,82.38970588235294,10880,7328,100663296.0,10066329.6
HyperX,1638,11296737280.0,82.39889705882352,10880,7328,100663296.0,10066329.6
HyperX,1639,11296737280.0,82.40808823529412,10880,7328,100663296.0,10066329.6
HyperX,1640,11296737280.0,82.41727941176471,10880,7328,100663296.0,10066329.6
HyperX,1641,11296737280.0,82.42647058823529,10880,7328,100663296.0,10066329.6
HyperX,1642,11296737280.0,82.43566176470588,10880,7328,100663296.0,10066329.6
HyperX,1643,11296737280.0,82.44485294117648,10880,7328,100663296.0,10066329.6
HyperX,1644,11296737280.0,82.45404411764706,10880,7328,100663296.0,10066329.6
HyperX,1645,11296737280.0,82.46323529411764,10880,7328,100663296.0,10066329.6
HyperX,1646,11296737280.0,82.47242647058823,10880,7328,100663296.0,10066329.6
HyperX,1647,11296737280.0,82.48161764705883,10880,7328,100663296.0,10066329.6
HyperX,1648,11296737280.0,82.49080882352942,10880,7328,100663296.0,10066329.6
HyperX,1649,11296737280.0,82.5,10880,7328,100663296.0,10066329.6
HyperX,1650,11296737280.0,82.50919117647058,10880,7328,100663296.0,10066329.6
HyperX,1651,11296737280.0,82.51838235294117,10880,7328,100663296.0,10066329.6
HyperX,1652,11296737280.0,82.52757352941177,10880,7328,100663296.0,10066329.6
HyperX,1653,11296737280.0,82.53676470588235,10880,7328,100663296.0,10066329.6
HyperX,1654,11296737280.0,82.54595588235294,10880,7328,100663296.0,10066329.6
HyperX,1655,11296737280.0,82.55514705882354,10880,7328,100663296.0,10066329.6
HyperX,1656,11296737280.0,82.56433823529412,10880,7328,100663296.0,10066329.6
HyperX,1657,11296737280.0,82.5735294117647,10880,7328,100663296.0,10066329.6
HyperX,1658,11296737280.0,82.58272058823529,10880,7328,100663296.0,10066329.6
HyperX,1659,11296737280.0,82.59191176470588,10880,7328,100663296.0,10066329.6
HyperX,1660,11296737280.0,82.60110294117648,10880,7328,100663296.0,10066329.6
HyperX,1661,11296737280.0,82.61029411764706,10880,7328,100663296.0,10066329.6
HyperX,1662,11296737280.0,82.61948529411765,10880,7328,100663296.0,10066329.6
HyperX,1663,11296737280.0,82.62867647058823,10880,7328,100663296.0,10066329.6
HyperX,1664,11296737280.0,82.63786764705883,10880,7328,100663296.0,10066329.6
HyperX,1665,11296737280.0,82.6470588235294,10880,7328,100663296.0,10066329.6
HyperX,1666,11296737280.0,82.65625,10880,7328,100663296.0,10066329.6
HyperX,1667,11296737280.0,82.6654411764706,10880,7328,100663296.0,10066329.6
HyperX,1668,11296737280.0,82.67463235294117,10880,7328,100663296.0,10066329.6
HyperX,1669,11296737280.0,82.68382352941175,10880,7328,100663296.0,10066329.6
HyperX,1670,11296737280.0,82.69301470588235,10880,7328,100663296.0,10066329.6
HyperX,1671,11296737280.0,82.70220588235294,10880,7328,100663296.0,10066329.6
HyperX,1672,11296737280.0,82.71139705882354,10880,7328,100663296.0,10066329.6
HyperX,1673,11296737280.0,82.72058823529412,10880,7328,100663296.0,10066329.6
HyperX,1674,11296737280.0,82.72977941176471,10880,7328,100663296.0,10066329.6
HyperX,1675,11296737280.0,82.73897058823529,10880,7328,100663296.0,10066329.6
HyperX,1676,11296737280.0,82.74816176470588,10880,7328,100663296.0,10066329.6
HyperX,1677,11296737280.0,82.75735294117646,10880,7328,100663296.0,10066329.6
HyperX,1678,11296737280.0,82.76654411764706,10880,7328,100663296.0,10066329.6
HyperX,1679,11296737280.0,82.77573529411765,10880,7328,100663296.0,10066329.6
HyperX,1680,11296737280.0,82.78492647058823,10880,7328,100663296.0,10066329.6
HyperX,1681,11296737280.0,82.79411764705881,10880,7328,100663296.0,10066329.6
HyperX,1682,11296737280.0,82.8033088235294,10880,7328,100663296.0,10066329.6
HyperX,1683,11296737280.0,82.8125,10880,7328,100663296.0,10066329.6
HyperX,1684,11296737280.0,82.8216911764706,10880,7328,100663296.0,10066329.6
HyperX,1685,11296737280.0,82.83088235294119,10880,7328,100663296.0,10066329.6
HyperX,1686,11296737280.0,82.84007352941177,10880,7328,100663296.0,10066329.6
HyperX,1687,11296737280.0,82.84926470588235,10880,7328,100663296.0,10066329.6
HyperX,1688,11296737280.0,82.85845588235294,10880,7328,100663296.0,10066329.6
HyperX,1689,11296737280.0,82.86764705882354,10880,7328,100663296.0,10066329.6
HyperX,1690,11296737280.0,82.87683823529412,10880,7328,100663296.0,10066329.6
HyperX,1691,11296737280.0,82.88602941176471,10880,7328,100663296.0,10066329.6
HyperX,1692,11296737280.0,82.89522058823529,10880,7328,100663296.0,10066329.6
HyperX,1693,11296737280.0,82.90441176470588,10880,7328,100663296.0,10066329.6
HyperX,1694,11296737280.0,82.91360294117646,10880,7328,100663296.0,10066329.6
HyperX,1695,11296737280.0,82.92279411764706,10880,7328,100663296.0,10066329.6
HyperX,1696,11296737280.0,82.93198529411765,10880,7328,100663296.0,10066329.6
HyperX,1697,11296737280.0,82.94117647058825,10880,7328,100663296.0,10066329.6
HyperX,1698,11296737280.0,82.95036764705883,10880,7328,100663296.0,10066329.6
HyperX,1699,11296737280.0,82.9595588235294,10880,7328,100663296.0,10066329.6
HyperX,1700,11296737280.0,82.96875,10880,7328,100663296.0,10066329.6
HyperX,1701,11296737280.0,82.9779411764706,10880,7328,100663296.0,10066329.6
HyperX,1702,11296737280.0,82.98713235294117,10880,7328,100663296.0,10066329.6
HyperX,1703,11296737280.0,82.99632352941177,10880,7328,100663296.0,10066329.6
HyperX,1704,11296737280.0,83.00551470588235,10880,7328,100663296.0,10066329.6
HyperX,1705,11296737280.0,83.01470588235294,10880,7328,100663296.0,10066329.6
HyperX,1706,11296737280.0,83.02389705882352,10880,7328,100663296.0,10066329.6
HyperX,1707,11296737280.0,83.03308823529412,10880,7328,100663296.0,10066329.6
HyperX,1708,11296737280.0,83.04227941176471,10880,7328,100663296.0,10066329.6
HyperX,1709,11296737280.0,83.0514705882353,10880,7328,100663296.0,10066329.6
HyperX,1710,11296737280.0,83.06066176470588,10880,7328,100663296.0,10066329.6
HyperX,1711,11296737280.0,83.06985294117646,10880,7328,100663296.0,10066329.6
HyperX,1712,11296737280.0,83.07904411764706,10880,7328,100663296.0,10066329.6
HyperX,1713,11296737280.0,83.08823529411765,10880,7328,100663296.0,10066329.6
HyperX,1714,11296737280.0,83.09742647058823,10880,7328,100663296.0,10066329.6
HyperX,1715,11296737280.0,83.10661764705883,10880,7328,100663296.0,10066329.6
HyperX,1716,11296737280.0,83.11580882352942,10880,7328,100663296.0,10066329.6
HyperX,1717,11296737280.0,83.125,10880,7328,100663296.0,10066329.6
HyperX,1718,11296737280.0,83.13419117647058,10880,7328,100663296.0,10066329.6
HyperX,1719,11296737280.0,83.14338235294117,10880,7328,100663296.0,10066329.6
HyperX,1720,11296737280.0,83.15257352941177,10880,7328,100663296.0,10066329.6
HyperX,1721,11296737280.0,83.16176470588236,10880,7328,100663296.0,10066329.6
HyperX,1722,11296737280.0,83.17095588235294,10880,7328,100663296.0,10066329.6
HyperX,1723,11296737280.0,83.18014705882352,10880,7328,100663296.0,10066329.6
HyperX,1724,11296737280.0,83.18933823529412,10880,7328,100663296.0,10066329.6
HyperX,1725,11296737280.0,83.19852941176471,10880,7328,100663296.0,10066329.6
HyperX,1726,11296737280.0,83.20772058823529,10880,7328,100663296.0,10066329.6
HyperX,1727,11296737280.0,83.21691176470588,10880,7328,100663296.0,10066329.6
HyperX,1728,11296737280.0,83.22610294117648,10880,7328,100663296.0,10066329.6
HyperX,1729,11296737280.0,83.23529411764706,10880,7328,100663296.0,10066329.6
HyperX,1730,11296737280.0,83.24448529411764,10880,7328,100663296.0,10066329.6
HyperX,1731,11296737280.0,83.25367647058823,10880,7328,100663296.0,10066329.6
HyperX,1732,11296737280.0,83.26286764705883,10880,7328,100663296.0,10066329.6
HyperX,1733,11296737280.0,83.27205882352942,10880,7328,100663296.0,10066329.6
HyperX,1734,11296737280.0,83.28125,10880,7328,100663296.0,10066329.6
HyperX,1735,11296737280.0,83.29044117647058,10880,7328,100663296.0,10066329.6
HyperX,1736,11296737280.0,83.29963235294117,10880,7328,100663296.0,10066329.6
HyperX,1737,11296737280.0,83.30882352941177,10880,7328,100663296.0,10066329.6
HyperX,1738,11296737280.0,83.31801470588235,10880,7328,100663296.0,10066329.6
HyperX,1739,11296737280.0,83.32720588235294,10880,7328,100663296.0,10066329.6
HyperX,1740,11296737280.0,83.33639705882354,10880,7328,100663296.0,10066329.6
HyperX,1741,11296737280.0,83.34558823529412,10880,7328,100663296.0,10066329.6
HyperX,1742,11296737280.0,83.3547794117647,10880,7328,100663296.0,10066329.6
HyperX,1743,11296737280.0,83.36397058823529,10880,7328,100663296.0,10066329.6
HyperX,1744,11296737280.0,83.37316176470588,10880,7328,100663296.0,10066329.6
HyperX,1745,11296737280.0,83.38235294117648,10880,7328,100663296.0,10066329.6
HyperX,1746,11296737280.0,83.39154411764706,10880,7328,100663296.0,10066329.6
HyperX,1747,11296737280.0,83.40073529411765,10880,7328,100663296.0,10066329.6
HyperX,1748,11296737280.0,83.40992647058823,10880,7328,100663296.0,10066329.6
HyperX,1749,11296737280.0,83.41911764705883,10880,7328,100663296.0,10066329.6
HyperX,1750,11296737280.0,83.4283088235294,10880,7328,100663296.0,10066329.6
HyperX,1751,11296737280.0,83.4375,10880,7328,100663296.0,10066329.6
HyperX,1752,11296737280.0,83.4466911764706,10880,7328,100663296.0,10066329.6
HyperX,1753,11296737280.0,83.45588235294117,10880,7328,100663296.0,10066329.6
HyperX,1754,11296737280.0,83.46507352941175,10880,7328,100663296.0,10066329.6
HyperX,1755,11296737280.0,83.47426470588235,10880,7328,100663296.0,10066329.6
HyperX,1756,11296737280.0,83.48345588235294,10880,7328,100663296.0,10066329.6
HyperX,1757,11296737280.0,83.49264705882354,10880,7328,100663296.0,10066329.6
HyperX,1758,11296737280.0,83.50183823529412,10880,7328,100663296.0,10066329.6
HyperX,1759,11296737280.0,83.51102941176471,10880,7328,100663296.0,10066329.6
HyperX,1760,11296737280.0,83.52022058823529,10880,7328,100663296.0,10066329.6
HyperX,1761,11296737280.0,83.52941176470588,10880,7328,100663296.0,10066329.6
HyperX,1762,11296737280.0,83.53860294117646,10880,7328,100663296.0,10066329.6
HyperX,1763,11296737280.0,83.54779411764706,10880,7328,100663296.0,10066329.6
HyperX,1764,11296737280.0,83.55698529411765,10880,7328,100663296.0,10066329.6
HyperX,1765,11296737280.0,83.56617647058823,10880,7328,100663296.0,10066329.6
HyperX,1766,11296737280.0,83.57536764705881,10880,7328,100663296.0,10066329.6
HyperX,1767,11296737280.0,83.5845588235294,10880,7328,100663296.0,10066329.6
HyperX,1768,11296737280.0,83.59375,10880,7328,100663296.0,10066329.6
HyperX,1769,11296737280.0,83.6029411764706,10880,7328,100663296.0,10066329.6
HyperX,1770,11296737280.0,83.61213235294119,10880,7328,100663296.0,10066329.6
HyperX,1771,11296737280.0,83.62132352941177,10880,7328,100663296.0,10066329.6
HyperX,1772,11296737280.0,83.63051470588235,10880,7328,100663296.0,10066329.6
HyperX,1773,11296737280.0,83.63970588235294,10880,7328,100663296.0,10066329.6
HyperX,1774,11296737280.0,83.64889705882354,10880,7328,100663296.0,10066329.6
HyperX,1775,11296737280.0,83.65808823529412,10880,7328,100663296.0,10066329.6
HyperX,1776,11296737280.0,83.66727941176471,10880,7328,100663296.0,10066329.6
HyperX,1777,11296737280.0,83.67647058823529,10880,7328,100663296.0,10066329.6
HyperX,1778,11296737280.0,83.68566176470588,10880,7328,100663296.0,10066329.6
HyperX,1779,11296737280.0,83.69485294117646,10880,7328,100663296.0,10066329.6
HyperX,1780,11296737280.0,83.70404411764706,10880,7328,100663296.0,10066329.6
HyperX,1781,11296737280.0,83.71323529411765,10880,7328,100663296.0,10066329.6
HyperX,1782,11296737280.0,83.72242647058825,10880,7328,100663296.0,10066329.6
HyperX,1783,11296737280.0,83.73161764705883,10880,7328,100663296.0,10066329.6
HyperX,1784,11296737280.0,83.7408088235294,10880,7328,100663296.0,10066329.6
HyperX,1785,11296737280.0,83.75,10880,7328,100663296.0,10066329.6
HyperX,1786,11296737280.0,83.7591911764706,10880,7328,100663296.0,10066329.6
HyperX,1787,11296737280.0,83.76838235294117,10880,7328,100663296.0,10066329.6
HyperX,1788,11296737280.0,83.77757352941177,10880,7328,100663296.0,10066329.6
HyperX,1789,11296737280.0,83.78676470588235,10880,7328,100663296.0,10066329.6
HyperX,1790,11296737280.0,83.79595588235294,10880,7328,100663296.0,10066329.6
HyperX,1791,11296737280.0,83.80514705882352,10880,7328,100663296.0,10066329.6
HyperX,1792,11296737280.0,83.81433823529412,10880,7328,100663296.0,10066329.6
HyperX,1793,11296737280.0,83.82352941176471,10880,7328,100663296.0,10066329.6
HyperX,1794,11296737280.0,83.8327205882353,10880,7328,100663296.0,10066329.6
HyperX,1795,11296737280.0,83.84191176470588,10880,7328,100663296.0,10066329.6
HyperX,1796,11296737280.0,83.85110294117646,10880,7328,100663296.0,10066329.6
HyperX,1797,11296737280.0,83.86029411764706,10880,7328,100663296.0,10066329.6
HyperX,1798,11296737280.0,83.86948529411765,10880,7328,100663296.0,10066329.6
HyperX,1799,11296737280.0,83.87867647058823,10880,7328,100663296.0,10066329.6
HyperX,1800,11296737280.0,83.88786764705883,10880,7328,100663296.0,10066329.6
HyperX,1801,11296737280.0,83.89705882352942,10880,7328,100663296.0,10066329.6
HyperX,1802,11296737280.0,83.90625,10880,7328,100663296.0,10066329.6
HyperX,1803,11296737280.0,83.91544117647058,10880,7328,100663296.0,10066329.6
HyperX,1804,11296737280.0,83.92463235294117,10880,7328,100663296.0,10066329.6
HyperX,1805,11296737280.0,83.93382352941177,10880,7328,100663296.0,10066329.6
HyperX,1806,11296737280.0,83.94301470588236,10880,7328,100663296.0,10066329.6
HyperX,1807,11296737280.0,83.95220588235294,10880,7328,100663296.0,10066329.6
HyperX,1808,11296737280.0,83.96139705882352,10880,7328,100663296.0,10066329.6
HyperX,1809,11296737280.0,83.97058823529412,10880,7328,100663296.0,10066329.6
HyperX,1810,11296737280.0,83.97977941176471,10880,7328,100663296.0,10066329.6
HyperX,1811,11296737280.0,83.98897058823529,10880,7328,100663296.0,10066329.6
HyperX,1812,11296737280.0,83.99816176470588,10880,7328,100663296.0,10066329.6
HyperX,1813,11296737280.0,84.00735294117648,10880,7328,100663296.0,10066329.6
HyperX,1814,11296737280.0,84.01654411764706,10880,7328,100663296.0,10066329.6
HyperX,1815,11296737280.0,84.02573529411764,10880,7328,100663296.0,10066329.6
HyperX,1816,11296737280.0,84.03492647058823,10880,7328,100663296.0,10066329.6
HyperX,1817,11296737280.0,84.04411764705883,10880,7328,100663296.0,10066329.6
HyperX,1818,11296737280.0,84.05330882352942,10880,7328,100663296.0,10066329.6
HyperX,1819,11296737280.0,84.0625,10880,7328,100663296.0,10066329.6
HyperX,1820,11296737280.0,84.07169117647058,10880,7328,100663296.0,10066329.6
HyperX,1821,11296737280.0,84.08088235294117,10880,7328,100663296.0,10066329.6
HyperX,1822,11296737280.0,84.09007352941177,10880,7328,100663296.0,10066329.6
HyperX,1823,11296737280.0,84.09926470588235,10880,7328,100663296.0,10066329.6
HyperX,1824,11296737280.0,84.10845588235294,10880,7328,100663296.0,10066329.6
HyperX,1825,11296737280.0,84.11764705882354,10880,7328,100663296.0,10066329.6
HyperX,1826,11296737280.0,84.12683823529412,10880,7328,100663296.0,10066329.6
HyperX,1827,11296737280.0,84.1360294117647,10880,7328,100663296.0,10066329.6
HyperX,1828,11296737280.0,84.14522058823529,10880,7328,100663296.0,10066329.6
HyperX,1829,11296737280.0,84.15441176470588,10880,7328,100663296.0,10066329.6
HyperX,1830,11296737280.0,84.16360294117648,10880,7328,100663296.0,10066329.6
HyperX,1831,11296737280.0,84.17279411764706,10880,7328,100663296.0,10066329.6
HyperX,1832,11296737280.0,84.18198529411765,10880,7328,100663296.0,10066329.6
HyperX,1833,11296737280.0,84.19117647058823,10880,7328,100663296.0,10066329.6
HyperX,1834,11296737280.0,84.20036764705883,10880,7328,100663296.0,10066329.6
HyperX,1835,11296737280.0,84.2095588235294,10880,7328,100663296.0,10066329.6
HyperX,1836,11296737280.0,84.21875,10880,7328,100663296.0,10066329.6
HyperX,1837,11296737280.0,84.2279411764706,10880,7328,100663296.0,10066329.6
HyperX,1838,11296737280.0,84.23713235294117,10880,7328,100663296.0,10066329.6
HyperX,1839,11296737280.0,84.24632352941175,10880,7328,100663296.0,10066329.6
HyperX,1840,11296737280.0,84.25551470588235,10880,7328,100663296.0,10066329.6
HyperX,1841,11296737280.0,84.26470588235294,10880,7328,100663296.0,10066329.6
HyperX,1842,11296737280.0,84.27389705882354,10880,7328,100663296.0,10066329.6
HyperX,1843,11296737280.0,84.28308823529412,10880,7328,100663296.0,10066329.6
HyperX,1844,11296737280.0,84.29227941176471,10880,7328,100663296.0,10066329.6
HyperX,1845,11296737280.0,84.30147058823529,10880,7328,100663296.0,10066329.6
HyperX,1846,11296737280.0,84.31066176470588,10880,7328,100663296.0,10066329.6
HyperX,1847,11296737280.0,84.31985294117646,10880,7328,100663296.0,10066329.6
HyperX,1848,11296737280.0,84.32904411764706,10880,7328,100663296.0,10066329.6
HyperX,1849,11296737280.0,84.33823529411765,10880,7328,100663296.0,10066329.6
HyperX,1850,11296737280.0,84.34742647058823,10880,7328,100663296.0,10066329.6
HyperX,1851,11296737280.0,84.35661764705881,10880,7328,100663296.0,10066329.6
HyperX,1852,11296737280.0,84.3658088235294,10880,7328,100663296.0,10066329.6
HyperX,1853,11296737280.0,84.375,10880,7328,100663296.0,10066329.6
HyperX,1854,11296737280.0,84.3841911764706,10880,7328,100663296.0,10066329.6
HyperX,1855,11296737280.0,84.39338235294119,10880,7328,100663296.0,10066329.6
HyperX,1856,11296737280.0,84.40257352941177,10880,7328,100663296.0,10066329.6
HyperX,1857,11296737280.0,84.41176470588235,10880,7328,100663296.0,10066329.6
HyperX,1858,11296737280.0,84.42095588235294,10880,7328,100663296.0,10066329.6
HyperX,1859,11296737280.0,84.43014705882354,10880,7328,100663296.0,10066329.6
HyperX,1860,11296737280.0,84.43933823529412,10880,7328,100663296.0,10066329.6
HyperX,1861,11296737280.0,84.44852941176471,10880,7328,100663296.0,10066329.6
HyperX,1862,11296737280.0,84.45772058823529,10880,7328,100663296.0,10066329.6
HyperX,1863,11296737280.0,84.46691176470588,10880,7328,100663296.0,10066329.6
HyperX,1864,11296737280.0,84.47610294117646,10880,7328,100663296.0,10066329.6
HyperX,1865,11296737280.0,84.48529411764706,10880,7328,100663296.0,10066329.6
HyperX,1866,11296737280.0,84.49448529411765,10880,7328,100663296.0,10066329.6
HyperX,1867,11296737280.0,84.50367647058825,10880,7328,100663296.0,10066329.6
HyperX,1868,11296737280.0,84.51286764705883,10880,7328,100663296.0,10066329.6
HyperX,1869,11296737280.0,84.5220588235294,10880,7328,100663296.0,10066329.6
HyperX,1870,11296737280.0,84.53125,10880,7328,100663296.0,10066329.6
HyperX,1871,11296737280.0,84.5404411764706,10880,7328,100663296.0,10066329.6
HyperX,1872,11296737280.0,84.54963235294117,10880,7328,100663296.0,10066329.6
HyperX,1873,11296737280.0,84.55882352941177,10880,7328,100663296.0,10066329.6
HyperX,1874,11296737280.0,84.56801470588235,10880,7328,100663296.0,10066329.6
HyperX,1875,11296737280.0,84.57720588235294,10880,7328,100663296.0,10066329.6
HyperX,1876,11296737280.0,84.58639705882352,10880,7328,100663296.0,10066329.6
HyperX,1877,11296737280.0,84.59558823529412,10880,7328,100663296.0,10066329.6
HyperX,1878,11296737280.0,84.60477941176471,10880,7328,100663296.0,10066329.6
HyperX,1879,11296737280.0,84.6139705882353,10880,7328,100663296.0,10066329.6
HyperX,1880,11296737280.0,84.62316176470588,10880,7328,100663296.0,10066329.6
HyperX,1881,11296737280.0,84.63235294117646,10880,7328,100663296.0,10066329.6
HyperX,1882,11296737280.0,84.64154411764706,10880,7328,100663296.0,10066329.6
HyperX,1883,11296737280.0,84.65073529411765,10880,7328,100663296.0,10066329.6
HyperX,1884,11296737280.0,84.65992647058823,10880,7328,100663296.0,10066329.6
HyperX,1885,11296737280.0,84.66911764705883,10880,7328,100663296.0,10066329.6
HyperX,1886,11296737280.0,84.67830882352942,10880,7328,100663296.0,10066329.6
HyperX,1887,11296737280.0,84.6875,10880,7328,100663296.0,10066329.6
HyperX,1888,11296737280.0,84.69669117647058,10880,7328,100663296.0,10066329.6
HyperX,1889,11296737280.0,84.70588235294117,10880,7328,100663296.0,10066329.6
HyperX,1890,11296737280.0,84.71507352941177,10880,7328,100663296.0,10066329.6
HyperX,1891,11296737280.0,84.72426470588236,10880,7328,100663296.0,10066329.6
HyperX,1892,11296737280.0,84.73345588235294,10880,7328,100663296.0,10066329.6
HyperX,1893,11296737280.0,84.74264705882352,10880,7328,100663296.0,10066329.6
HyperX,1894,11296737280.0,84.75183823529412,10880,7328,100663296.0,10066329.6
HyperX,1895,11296737280.0,84.76102941176471,10880,7328,100663296.0,10066329.6
HyperX,1896,11296737280.0,84.77022058823529,10880,7328,100663296.0,10066329.6
HyperX,1897,11296737280.0,84.77941176470588,10880,7328,100663296.0,10066329.6
HyperX,1898,11296737280.0,84.78860294117648,10880,7328,100663296.0,10066329.6
HyperX,1899,11296737280.0,84.79779411764706,10880,7328,100663296.0,10066329.6
HyperX,1900,11296737280.0,84.80698529411764,10880,7328,100663296.0,10066329.6
HyperX,1901,11296737280.0,84.81617647058823,10880,7328,100663296.0,10066329.6
HyperX,1902,11296737280.0,84.82536764705883,10880,7328,100663296.0,10066329.6
HyperX,1903,11296737280.0,84.83455882352942,10880,7328,100663296.0,10066329.6
HyperX,1904,11296737280.0,84.84375,10880,7328,100663296.0,10066329.6
HyperX,1905,11296737280.0,84.85294117647058,10880,7328,100663296.0,10066329.6
HyperX,1906,11296737280.0,84.86213235294117,10880,7328,100663296.0,10066329.6
HyperX,1907,11296737280.0,84.87132352941177,10880,7328,100663296.0,10066329.6
HyperX,1908,11296737280.0,84.88051470588235,10880,7328,100663296.0,10066329.6
HyperX,1909,11296737280.0,84.88970588235294,10880,7328,100663296.0,10066329.6
HyperX,1910,11296737280.0,84.89889705882354,10880,7328,100663296.0,10066329.6
HyperX,1911,11296737280.0,84.90808823529412,10880,7328,100663296.0,10066329.6
HyperX,1912,11296737280.0,84.9172794117647,10880,7328,100663296.0,10066329.6
HyperX,1913,11296737280.0,84.92647058823529,10880,7328,100663296.0,10066329.6
HyperX,1914,11296737280.0,84.93566176470588,10880,7328,100663296.0,10066329.6
HyperX,1915,11296737280.0,84.94485294117648,10880,7328,100663296.0,10066329.6
HyperX,1916,11296737280.0,84.95404411764706,10880,7328,100663296.0,10066329.6
HyperX,1917,11296737280.0,84.96323529411765,10880,7328,100663296.0,10066329.6
HyperX,1918,11296737280.0,84.97242647058823,10880,7328,100663296.0,10066329.6
HyperX,1919,11296737280.0,84.98161764705883,10880,7328,100663296.0,10066329.6
HyperX,1920,11296737280.0,84.9908088235294,10880,7328,100663296.0,10066329.6
HyperX,1921,11296737280.0,85.0,10880,7328,100663296.0,10066329.6
HyperX,1922,11296737280.0,85.0091911764706,10880,7328,100663296.0,10066329.6
HyperX,1923,11296737280.0,85.01838235294117,10880,7328,100663296.0,10066329.6
HyperX,1924,11296737280.0,85.02757352941175,10880,7328,100663296.0,10066329.6
HyperX,1925,11296737280.0,85.03676470588235,10880,7328,100663296.0,10066329.6
HyperX,1926,11296737280.0,85.04595588235294,10880,7328,100663296.0,10066329.6
HyperX,1927,11296737280.0,85.05514705882354,10880,7328,100663296.0,10066329.6
HyperX,1928,11296737280.0,85.06433823529412,10880,7328,100663296.0,10066329.6
HyperX,1929,11296737280.0,85.07352941176471,10880,7328,100663296.0,10066329.6
HyperX,1930,11296737280.0,85.08272058823529,10880,7328,100663296.0,10066329.6
HyperX,1931,11296737280.0,85.09191176470588,10880,7328,100663296.0,10066329.6
HyperX,1932,11296737280.0,85.10110294117646,10880,7328,100663296.0,10066329.6
HyperX,1933,11296737280.0,85.11029411764706,10880,7328,100663296.0,10066329.6
HyperX,1934,11296737280.0,85.11948529411765,10880,7328,100663296.0,10066329.6
HyperX,1935,11296737280.0,85.12867647058823,10880,7328,100663296.0,10066329.6
HyperX,1936,11296737280.0,85.13786764705881,10880,7328,100663296.0,10066329.6
HyperX,1937,11296737280.0,85.1470588235294,10880,7328,100663296.0,10066329.6
HyperX,1938,11296737280.0,85.15625,10880,7328,100663296.0,10066329.6
HyperX,1939,11296737280.0,85.1654411764706,10880,7328,100663296.0,10066329.6
HyperX,1940,11296737280.0,85.17463235294119,10880,7328,100663296.0,10066329.6
HyperX,1941,11296737280.0,85.18382352941177,10880,7328,100663296.0,10066329.6
HyperX,1942,11296737280.0,85.19301470588235,10880,7328,100663296.0,10066329.6
HyperX,1943,11296737280.0,85.20220588235294,10880,7328,100663296.0,10066329.6
HyperX,1944,11296737280.0,85.21139705882354,10880,7328,100663296.0,10066329.6
HyperX,1945,11296737280.0,85.22058823529412,10880,7328,100663296.0,10066329.6
HyperX,1946,11296737280.0,85.22977941176471,10880,7328,100663296.0,10066329.6
HyperX,1947,11296737280.0,85.23897058823529,10880,7328,100663296.0,10066329.6
HyperX,1948,11296737280.0,85.24816176470588,10880,7328,100663296.0,10066329.6
HyperX,1949,11296737280.0,85.25735294117646,10880,7328,100663296.0,10066329.6
HyperX,1950,11296737280.0,85.26654411764706,10880,7328,100663296.0,10066329.6
HyperX,1951,11296737280.0,85.27573529411765,10880,7328,100663296.0,10066329.6
HyperX,1952,11296737280.0,85.28492647058825,10880,7328,100663296.0,10066329.6
HyperX,1953,11296737280.0,85.29411764705883,10880,7328,100663296.0,10066329.6
HyperX,1954,11296737280.0,85.3033088235294,10880,7328,100663296.0,10066329.6
HyperX,1955,11296737280.0,85.3125,10880,7328,100663296.0,10066329.6
HyperX,1956,11296737280.0,85.3216911764706,10880,7328,100663296.0,10066329.6
HyperX,1957,11296737280.0,85.33088235294117,10880,7328,100663296.0,10066329.6
HyperX,1958,11296737280.0,85.34007352941177,10880,7328,100663296.0,10066329.6
HyperX,1959,11296737280.0,85.34926470588235,10880,7328,100663296.0,10066329.6
HyperX,1960,11296737280.0,85.35845588235294,10880,7328,100663296.0,10066329.6
HyperX,1961,11296737280.0,85.36764705882352,10880,7328,100663296.0,10066329.6
HyperX,1962,11296737280.0,85.37683823529412,10880,7328,100663296.0,10066329.6
HyperX,1963,11296737280.0,85.38602941176471,10880,7328,100663296.0,10066329.6
HyperX,1964,11296737280.0,85.3952205882353,10880,7328,100663296.0,10066329.6
HyperX,1965,11296737280.0,85.40441176470588,10880,7328,100663296.0,10066329.6
HyperX,1966,11296737280.0,85.41360294117646,10880,7328,100663296.0,10066329.6
HyperX,1967,11296737280.0,85.42279411764706,10880,7328,100663296.0,10066329.6
HyperX,1968,11296737280.0,85.43198529411765,10880,7328,100663296.0,10066329.6
HyperX,1969,11296737280.0,85.44117647058823,10880,7328,100663296.0,10066329.6
HyperX,1970,11296737280.0,85.45036764705883,10880,7328,100663296.0,10066329.6
HyperX,1971,11296737280.0,85.45955882352942,10880,7328,100663296.0,10066329.6
HyperX,1972,11296737280.0,85.46875,10880,7328,100663296.0,10066329.6
HyperX,1973,11296737280.0,85.47794117647058,10880,7328,100663296.0,10066329.6
HyperX,1974,11296737280.0,85.48713235294117,10880,7328,100663296.0,10066329.6
HyperX,1975,11296737280.0,85.49632352941177,10880,7328,100663296.0,10066329.6
HyperX,1976,11296737280.0,85.50551470588236,10880,7328,100663296.0,10066329.6
HyperX,1977,11296737280.0,85.51470588235294,10880,7328,100663296.0,10066329.6
HyperX,1978,11296737280.0,85.52389705882352,10880,7328,100663296.0,10066329.6
HyperX,1979,11296737280.0,85.53308823529412,10880,7328,100663296.0,10066329.6
HyperX,1980,11296737280.0,85.54227941176471,10880,7328,100663296.0,10066329.6
HyperX,1981,11296737280.0,85.55147058823529,10880,7328,100663296.0,10066329.6
HyperX,1982,11296737280.0,85.56066176470588,10880,7328,100663296.0,10066329.6
HyperX,1983,11296737280.0,85.56985294117648,10880,7328,100663296.0,10066329.6
HyperX,1984,11296737280.0,85.57904411764706,10880,7328,100663296.0,10066329.6
HyperX,1985,11296737280.0,85.58823529411764,10880,7328,100663296.0,10066329.6
HyperX,1986,11296737280.0,85.59742647058823,10880,7328,100663296.0,10066329.6
HyperX,1987,11296737280.0,85.60661764705883,10880,7328,100663296.0,10066329.6
HyperX,1988,11296737280.0,85.61580882352942,10880,7328,100663296.0,10066329.6
HyperX,1989,11296737280.0,85.625,10880,7328,100663296.0,10066329.6
HyperX,1990,11296737280.0,85.63419117647058,10880,7328,100663296.0,10066329.6
HyperX,1991,11296737280.0,85.64338235294117,10880,7328,100663296.0,10066329.6
HyperX,1992,11296737280.0,85.65257352941177,10880,7328,100663296.0,10066329.6
HyperX,1993,11296737280.0,85.66176470588235,10880,7328,100663296.0,10066329.6
HyperX,1994,11296737280.0,85.67095588235294,10880,7328,100663296.0,10066329.6
HyperX,1995,11296737280.0,85.68014705882354,10880,7328,100663296.0,10066329.6
HyperX,1996,11296737280.0,85.68933823529412,10880,7328,100663296.0,10066329.6
HyperX,1997,11296737280.0,85.6985294117647,10880,7328,100663296.0,10066329.6
HyperX,1998,11296737280.0,85.70772058823529,10880,7328,100663296.0,10066329.6
HyperX,1999,11296737280.0,85.71691176470588,10880,7328,100663296.0,10066329.6
HyperX,2000,11296737280.0,85.72610294117648,10880,7328,100663296.0,10066329.6
HyperX,2001,11296737280.0,85.73529411764706,10880,7328,100663296.0,10066329.6
HyperX,2002,11296737280.0,85.74448529411765,10880,7328,100663296.0,10066329.6
HyperX,2003,11296737280.0,85.75367647058823,10880,7328,100663296.0,10066329.6
HyperX,2004,11296737280.0,85.76286764705883,10880,7328,100663296.0,10066329.6
HyperX,2005,11296737280.0,85.7720588235294,10880,7328,100663296.0,10066329.6
HyperX,2006,11296737280.0,85.78125,10880,7328,100663296.0,10066329.6
HyperX,2007,11296737280.0,85.7904411764706,10880,7328,100663296.0,10066329.6
HyperX,2008,11296737280.0,85.79963235294117,10880,7328,100663296.0,10066329.6
HyperX,2009,11296737280.0,85.80882352941175,10880,7328,100663296.0,10066329.6
HyperX,2010,11296737280.0,85.81801470588235,10880,7328,100663296.0,10066329.6
HyperX,2011,11296737280.0,85.82720588235294,10880,7328,100663296.0,10066329.6
HyperX,2012,11296737280.0,85.83639705882354,10880,7328,100663296.0,10066329.6
HyperX,2013,11296737280.0,85.84558823529412,10880,7328,100663296.0,10066329.6
HyperX,2014,11296737280.0,85.85477941176471,10880,7328,100663296.0,10066329.6
HyperX,2015,11296737280.0,85.86397058823529,10880,7328,100663296.0,10066329.6
HyperX,2016,11296737280.0,85.87316176470588,10880,7328,100663296.0,10066329.6
HyperX,2017,11296737280.0,85.88235294117646,10880,7328,100663296.0,10066329.6
HyperX,2018,11296737280.0,85.89154411764706,10880,7328,100663296.0,10066329.6
HyperX,2019,11296737280.0,85.90073529411765,10880,7328,100663296.0,10066329.6
HyperX,2020,11296737280.0,85.90992647058823,10880,7328,100663296.0,10066329.6
HyperX,2021,11296737280.0,85.91911764705881,10880,7328,100663296.0,10066329.6
HyperX,2022,11296737280.0,85.9283088235294,10880,7328,100663296.0,10066329.6
HyperX,2023,11296737280.0,85.9375,10880,7328,100663296.0,10066329.6
HyperX,2024,11296737280.0,85.9466911764706,10880,7328,100663296.0,10066329.6
HyperX,2025,11296737280.0,85.95588235294119,10880,7328,100663296.0,10066329.6
HyperX,2026,11296737280.0,85.96507352941177,10880,7328,100663296.0,10066329.6
HyperX,2027,11296737280.0,85.97426470588235,10880,7328,100663296.0,10066329.6
HyperX,2028,11296737280.0,85.98345588235294,10880,7328,100663296.0,10066329.6
HyperX,2029,11296737280.0,85.99264705882354,10880,7328,100663296.0,10066329.6
HyperX,2030,11296737280.0,86.00183823529412,10880,7328,100663296.0,10066329.6
HyperX,2031,11296737280.0,86.01102941176471,10880,7328,100663296.0,10066329.6
HyperX,2032,11296737280.0,86.02022058823529,10880,7328,100663296.0,10066329.6
HyperX,2033,11296737280.0,86.02941176470588,10880,7328,100663296.0,10066329.6
HyperX,2034,11296737280.0,86.03860294117646,10880,7328,100663296.0,10066329.6
HyperX,2035,11296737280.0,86.04779411764706,10880,7328,100663296.0,10066329.6
HyperX,2036,11296737280.0,86.05698529411765,10880,7328,100663296.0,10066329.6
HyperX,2037,11296737280.0,86.06617647058825,10880,7328,100663296.0,10066329.6
HyperX,2038,11296737280.0,86.07536764705883,10880,7328,100663296.0,10066329.6
HyperX,2039,11296737280.0,86.0845588235294,10880,7328,100663296.0,10066329.6
HyperX,2040,11296737280.0,86.09375,10880,7328,100663296.0,10066329.6
HyperX,2041,11296737280.0,86.1029411764706,10880,7328,100663296.0,10066329.6
HyperX,2042,11296737280.0,86.11213235294117,10880,7328,100663296.0,10066329.6
HyperX,2043,11296737280.0,86.12132352941177,10880,7328,100663296.0,10066329.6
HyperX,2044,11296737280.0,86.13051470588235,10880,7328,100663296.0,10066329.6
HyperX,2045,11296737280.0,86.13970588235294,10880,7328,100663296.0,10066329.6
HyperX,2046,11296737280.0,86.14889705882352,10880,7328,100663296.0,10066329.6
HyperX,2047,11296737280.0,86.15808823529412,10880,7328,100663296.0,10066329.6
HyperX,2048,11296737280.0,86.16727941176471,10880,7328,100663296.0,10066329.6
HyperX,2049,11296737280.0,86.1764705882353,10880,7328,100663296.0,10066329.6
HyperX,2050,11296737280.0,86.18566176470588,10880,7328,100663296.0,10066329.6
HyperX,2051,11296737280.0,86.19485294117646,10880,7328,100663296.0,10066329.6
HyperX,2052,11296737280.0,86.20404411764706,10880,7328,100663296.0,10066329.6
HyperX,2053,11296737280.0,86.21323529411765,10880,7328,100663296.0,10066329.6
HyperX,2054,11296737280.0,86.22242647058823,10880,7328,100663296.0,10066329.6
HyperX,2055,11296737280.0,86.23161764705883,10880,7328,100663296.0,10066329.6
HyperX,2056,11296737280.0,86.24080882352942,10880,7328,100663296.0,10066329.6
HyperX,2057,11296737280.0,86.25,10880,7328,100663296.0,10066329.6
HyperX,2058,11296737280.0,86.25919117647058,10880,7328,100663296.0,10066329.6
HyperX,2059,11296737280.0,86.26838235294117,10880,7328,100663296.0,10066329.6
HyperX,2060,11296737280.0,86.27757352941177,10880,7328,100663296.0,10066329.6
HyperX,2061,11296737280.0,86.28676470588236,10880,7328,100663296.0,10066329.6
HyperX,2062,11296737280.0,86.29595588235294,10880,7328,100663296.0,10066329.6
HyperX,2063,11296737280.0,86.30514705882352,10880,7328,100663296.0,10066329.6
HyperX,2064,11296737280.0,86.31433823529412,10880,7328,100663296.0,10066329.6
HyperX,2065,11296737280.0,86.32352941176471,10880,7328,100663296.0,10066329.6
HyperX,2066,11296737280.0,86.33272058823529,10880,7328,100663296.0,10066329.6
HyperX,2067,11296737280.0,86.34191176470588,10880,7328,100663296.0,10066329.6
HyperX,2068,11296737280.0,86.35110294117648,10880,7328,100663296.0,10066329.6
HyperX,2069,11296737280.0,86.36029411764706,10880,7328,100663296.0,10066329.6
HyperX,2070,11296737280.0,86.36948529411764,10880,7328,100663296.0,10066329.6
HyperX,2071,11296737280.0,86.37867647058823,10880,7328,100663296.0,10066329.6
HyperX,2072,11296737280.0,86.38786764705883,10880,7328,100663296.0,10066329.6
HyperX,2073,11296737280.0,86.39705882352942,10880,7328,100663296.0,10066329.6
HyperX,2074,11296737280.0,86.40625,10880,7328,100663296.0,10066329.6
HyperX,2075,11296737280.0,86.41544117647058,10880,7328,100663296.0,10066329.6
HyperX,2076,11296737280.0,86.42463235294117,10880,7328,100663296.0,10066329.6
HyperX,2077,11296737280.0,86.43382352941177,10880,7328,100663296.0,10066329.6
HyperX,2078,11296737280.0,86.44301470588235,10880,7328,100663296.0,10066329.6
HyperX,2079,11296737280.0,86.45220588235294,10880,7328,100663296.0,10066329.6
HyperX,2080,11296737280.0,86.46139705882354,10880,7328,100663296.0,10066329.6
HyperX,2081,11296737280.0,86.47058823529412,10880,7328,100663296.0,10066329.6
HyperX,2082,11296737280.0,86.4797794117647,10880,7328,100663296.0,10066329.6
HyperX,2083,11296737280.0,86.48897058823529,10880,7328,100663296.0,10066329.6
HyperX,2084,11296737280.0,86.49816176470588,10880,7328,100663296.0,10066329.6
HyperX,2085,11296737280.0,86.50735294117648,10880,7328,100663296.0,10066329.6
HyperX,2086,11296737280.0,86.51654411764706,10880,7328,100663296.0,10066329.6
HyperX,2087,11296737280.0,86.52573529411765,10880,7328,100663296.0,10066329.6
HyperX,2088,11296737280.0,86.53492647058823,10880,7328,100663296.0,10066329.6
HyperX,2089,11296737280.0,86.54411764705883,10880,7328,100663296.0,10066329.6
HyperX,2090,11296737280.0,86.5533088235294,10880,7328,100663296.0,10066329.6
HyperX,2091,11296737280.0,86.5625,10880,7328,100663296.0,10066329.6
HyperX,2092,11296737280.0,86.5716911764706,10880,7328,100663296.0,10066329.6
HyperX,2093,11296737280.0,86.58088235294117,10880,7328,100663296.0,10066329.6
HyperX,2094,11296737280.0,86.59007352941175,10880,7328,100663296.0,10066329.6
HyperX,2095,11296737280.0,86.59926470588235,10880,7328,100663296.0,10066329.6
HyperX,2096,11296737280.0,86.60845588235294,10880,7328,100663296.0,10066329.6
HyperX,2097,11296737280.0,86.61764705882354,10880,7328,100663296.0,10066329.6
HyperX,2098,11296737280.0,86.62683823529412,10880,7328,100663296.0,10066329.6
HyperX,2099,11296737280.0,86.63602941176471,10880,7328,100663296.0,10066329.6
HyperX,2100,11296737280.0,86.64522058823529,10880,7328,100663296.0,10066329.6
HyperX,2101,11296737280.0,86.65441176470588,10880,7328,100663296.0,10066329.6
HyperX,2102,11296737280.0,86.66360294117646,10880,7328,100663296.0,10066329.6
HyperX,2103,11296737280.0,86.67279411764706,10880,7328,100663296.0,10066329.6
HyperX,2104,11296737280.0,86.68198529411765,10880,7328,100663296.0,10066329.6
HyperX,2105,11296737280.0,86.69117647058823,10880,7328,100663296.0,10066329.6
HyperX,2106,11296737280.0,86.70036764705881,10880,7328,100663296.0,10066329.6
HyperX,2107,11296737280.0,86.7095588235294,10880,7328,100663296.0,10066329.6
HyperX,2108,11296737280.0,86.71875,10880,7328,100663296.0,10066329.6
HyperX,2109,11296737280.0,86.7279411764706,10880,7328,100663296.0,10066329.6
HyperX,2110,11296737280.0,86.73713235294119,10880,7328,100663296.0,10066329.6
HyperX,2111,11296737280.0,86.74632352941177,10880,7328,100663296.0,10066329.6
HyperX,2112,11296737280.0,86.75551470588235,10880,7328,100663296.0,10066329.6
HyperX,2113,11296737280.0,86.76470588235294,10880,7328,100663296.0,10066329.6
HyperX,2114,11296737280.0,86.77389705882354,10880,7328,100663296.0,10066329.6
HyperX,2115,11296737280.0,86.78308823529412,10880,7328,100663296.0,10066329.6
HyperX,2116,11296737280.0,86.79227941176471,10880,7328,100663296.0,10066329.6
HyperX,2117,11296737280.0,86.80147058823529,10880,7328,100663296.0,10066329.6
HyperX,2118,11296737280.0,86.81066176470588,10880,7328,100663296.0,10066329.6
HyperX,2119,11296737280.0,86.81985294117646,10880,7328,100663296.0,10066329.6
HyperX,2120,11296737280.0,86.82904411764706,10880,7328,100663296.0,10066329.6
HyperX,2121,11296737280.0,86.83823529411765,10880,7328,100663296.0,10066329.6
HyperX,2122,11296737280.0,86.84742647058825,10880,7328,100663296.0,10066329.6
HyperX,2123,11296737280.0,86.85661764705883,10880,7328,100663296.0,10066329.6
HyperX,2124,11296737280.0,86.8658088235294,10880,7328,100663296.0,10066329.6
HyperX,2125,11296737280.0,86.875,10880,7328,100663296.0,10066329.6
HyperX,2126,11296737280.0,86.8841911764706,10880,7328,100663296.0,10066329.6
HyperX,2127,11296737280.0,86.89338235294117,10880,7328,100663296.0,10066329.6
HyperX,2128,11296737280.0,86.90257352941177,10880,7328,100663296.0,10066329.6
HyperX,2129,11296737280.0,86.91176470588235,10880,7328,100663296.0,10066329.6
HyperX,2130,11296737280.0,86.92095588235294,10880,7328,100663296.0,10066329.6
HyperX,2131,11296737280.0,86.93014705882352,10880,7328,100663296.0,10066329.6
HyperX,2132,11296737280.0,86.93933823529412,10880,7328,100663296.0,10066329.6
HyperX,2133,11296737280.0,86.94852941176471,10880,7328,100663296.0,10066329.6
HyperX,2134,11296737280.0,86.9577205882353,10880,7328,100663296.0,10066329.6
HyperX,2135,11296737280.0,86.96691176470588,10880,7328,100663296.0,10066329.6
HyperX,2136,11296737280.0,86.97610294117646,10880,7328,100663296.0,10066329.6
HyperX,2137,11296737280.0,86.98529411764706,10880,7328,100663296.0,10066329.6
HyperX,2138,11296737280.0,86.99448529411765,10880,7328,100663296.0,10066329.6
HyperX,2139,11296737280.0,87.00367647058823,10880,7328,100663296.0,10066329.6
HyperX,2140,11296737280.0,87.01286764705883,10880,7328,100663296.0,10066329.6
HyperX,2141,11296737280.0,87.02205882352942,10880,7328,100663296.0,10066329.6
HyperX,2142,11296737280.0,87.03125,10880,7328,100663296.0,10066329.6
HyperX,2143,11296737280.0,87.04044117647058,10880,7328,100663296.0,10066329.6
HyperX,2144,11296737280.0,87.04963235294117,10880,7328,100663296.0,10066329.6
HyperX,2145,11296737280.0,87.05882352941177,10880,7328,100663296.0,10066329.6
HyperX,2146,11296737280.0,87.06801470588236,10880,7328,100663296.0,10066329.6
HyperX,2147,11296737280.0,87.07720588235294,10880,7328,100663296.0,10066329.6
HyperX,2148,11296737280.0,87.08639705882352,10880,7328,100663296.0,10066329.6
HyperX,2149,11296737280.0,87.09558823529412,10880,7328,100663296.0,10066329.6
HyperX,2150,11296737280.0,87.10477941176471,10880,7328,100663296.0,10066329.6
HyperX,2151,11296737280.0,87.11397058823529,10880,7328,100663296.0,10066329.6
HyperX,2152,11296737280.0,87.12316176470588,10880,7328,100663296.0,10066329.6
HyperX,2153,11296737280.0,87.13235294117648,10880,7328,100663296.0,10066329.6
HyperX,2154,11296737280.0,87.14154411764706,10880,7328,100663296.0,10066329.6
HyperX,2155,11296737280.0,87.15073529411764,10880,7328,100663296.0,10066329.6
HyperX,2156,11296737280.0,87.15992647058823,10880,7328,100663296.0,10066329.6
HyperX,2157,11296737280.0,87.16911764705883,10880,7328,100663296.0,10066329.6
HyperX,2158,11296737280.0,87.17830882352942,10880,7328,100663296.0,10066329.6
HyperX,2159,11296737280.0,87.1875,10880,7328,100663296.0,10066329.6
HyperX,2160,11296737280.0,87.19669117647058,10880,7328,100663296.0,10066329.6
HyperX,2161,11296737280.0,87.20588235294117,10880,7328,100663296.0,10066329.6
HyperX,2162,11296737280.0,87.21507352941177,10880,7328,100663296.0,10066329.6
HyperX,2163,11296737280.0,87.22426470588235,10880,7328,100663296.0,10066329.6
HyperX,2164,11296737280.0,87.23345588235294,10880,7328,100663296.0,10066329.6
HyperX,2165,11296737280.0,87.24264705882354,10880,7328,100663296.0,10066329.6
HyperX,2166,11296737280.0,87.25183823529412,10880,7328,100663296.0,10066329.6
HyperX,2167,11296737280.0,87.2610294117647,10880,7328,100663296.0,10066329.6
HyperX,2168,11296737280.0,87.27022058823529,10880,7328,100663296.0,10066329.6
HyperX,2169,11296737280.0,87.27941176470588,10880,7328,100663296.0,10066329.6
HyperX,2170,11296737280.0,87.28860294117648,10880,7328,100663296.0,10066329.6
HyperX,2171,11296737280.0,87.29779411764706,10880,7328,100663296.0,10066329.6
HyperX,2172,11296737280.0,87.30698529411765,10880,7328,100663296.0,10066329.6
HyperX,2173,11296737280.0,87.31617647058823,10880,7328,100663296.0,10066329.6
HyperX,2174,11296737280.0,87.32536764705883,10880,7328,100663296.0,10066329.6
HyperX,2175,11296737280.0,87.3345588235294,10880,7328,100663296.0,10066329.6
HyperX,2176,11296737280.0,87.34375,10880,7328,100663296.0,10066329.6
HyperX,2177,11296737280.0,87.3529411764706,10880,7328,100663296.0,10066329.6
HyperX,2178,11296737280.0,87.36213235294117,10880,7328,100663296.0,10066329.6
HyperX,2179,11296737280.0,87.37132352941175,10880,7328,100663296.0,10066329.6
HyperX,2180,11296737280.0,87.38051470588235,10880,7328,100663296.0,10066329.6
HyperX,2181,11296737280.0,87.38970588235294,10880,7328,100663296.0,10066329.6
HyperX,2182,11296737280.0,87.39889705882354,10880,7328,100663296.0,10066329.6
HyperX,2183,11296737280.0,87.40808823529412,10880,7328,100663296.0,10066329.6
HyperX,2184,11296737280.0,87.41727941176471,10880,7328,100663296.0,10066329.6
HyperX,2185,11296737280.0,87.42647058823529,10880,7328,100663296.0,10066329.6
HyperX,2186,11296737280.0,87.43566176470588,10880,7328,100663296.0,10066329.6
HyperX,2187,11296737280.0,87.44485294117646,10880,7328,100663296.0,10066329.6
HyperX,2188,11296737280.0,87.45404411764706,10880,7328,100663296.0,10066329.6
HyperX,2189,11296737280.0,87.46323529411765,10880,7328,100663296.0,10066329.6
HyperX,2190,11296737280.0,87.47242647058823,10880,7328,100663296.0,10066329.6
HyperX,2191,11296737280.0,87.48161764705881,10880,7328,100663296.0,10066329.6
HyperX,2192,11296737280.0,87.4908088235294,10880,7328,100663296.0,10066329.6
HyperX,2193,11296737280.0,87.5,10880,7328,100663296.0,10066329.6
HyperX,2194,11296737280.0,87.5091911764706,10880,7328,100663296.0,10066329.6
HyperX,2195,11296737280.0,87.51838235294119,10880,7328,100663296.0,10066329.6
HyperX,2196,11296737280.0,87.52757352941177,10880,7328,100663296.0,10066329.6
HyperX,2197,11296737280.0,87.53676470588235,10880,7328,100663296.0,10066329.6
HyperX,2198,11296737280.0,87.54595588235294,10880,7328,100663296.0,10066329.6
HyperX,2199,11296737280.0,87.55514705882354,10880,7328,100663296.0,10066329.6
HyperX,2200,11296737280.0,87.56433823529412,10880,7328,100663296.0,10066329.6
HyperX,2201,11296737280.0,87.57352941176471,10880,7328,100663296.0,10066329.6
HyperX,2202,11296737280.0,87.58272058823529,10880,7328,100663296.0,10066329.6
HyperX,2203,11296737280.0,87.59191176470588,10880,7328,100663296.0,10066329.6
HyperX,2204,11296737280.0,87.60110294117646,10880,7328,100663296.0,10066329.6
HyperX,2205,11296737280.0,87.61029411764706,10880,7328,100663296.0,10066329.6
HyperX,2206,11296737280.0,87.61948529411765,10880,7328,100663296.0,10066329.6
HyperX,2207,11296737280.0,87.62867647058825,10880,7328,100663296.0,10066329.6
HyperX,2208,11296737280.0,87.63786764705883,10880,7328,100663296.0,10066329.6
HyperX,2209,11296737280.0,87.6470588235294,10880,7328,100663296.0,10066329.6
HyperX,2210,11296737280.0,87.65625,10880,7328,100663296.0,10066329.6
HyperX,2211,11296737280.0,87.6654411764706,10880,7328,100663296.0,10066329.6
HyperX,2212,11296737280.0,87.67463235294117,10880,7328,100663296.0,10066329.6
HyperX,2213,11296737280.0,87.68382352941177,10880,7328,100663296.0,10066329.6
HyperX,2214,11296737280.0,87.69301470588235,10880,7328,100663296.0,10066329.6
HyperX,2215,11296737280.0,87.70220588235294,10880,7328,100663296.0,10066329.6
HyperX,2216,11296737280.0,87.71139705882352,10880,7328,100663296.0,10066329.6
HyperX,2217,11296737280.0,87.72058823529412,10880,7328,100663296.0,10066329.6
HyperX,2218,11296737280.0,87.72977941176471,10880,7328,100663296.0,10066329.6
HyperX,2219,11296737280.0,87.7389705882353,10880,7328,100663296.0,10066329.6
HyperX,2220,11296737280.0,87.74816176470588,10880,7328,100663296.0,10066329.6
HyperX,2221,11296737280.0,87.75735294117646,10880,7328,100663296.0,10066329.6
HyperX,2222,11296737280.0,87.76654411764706,10880,7328,100663296.0,10066329.6
HyperX,2223,11296737280.0,87.77573529411765,10880,7328,100663296.0,10066329.6
HyperX,2224,11296737280.0,87.78492647058823,10880,7328,100663296.0,10066329.6
HyperX,2225,11296737280.0,87.79411764705883,10880,7328,100663296.0,10066329.6
HyperX,2226,11296737280.0,87.80330882352942,10880,7328,100663296.0,10066329.6
HyperX,2227,11296737280.0,87.8125,10880,7328,100663296.0,10066329.6
HyperX,2228,11296737280.0,87.82169117647058,10880,7328,100663296.0,10066329.6
HyperX,2229,11296737280.0,87.83088235294117,10880,7328,100663296.0,10066329.6
HyperX,2230,11296737280.0,87.84007352941177,10880,7328,100663296.0,10066329.6
HyperX,2231,11296737280.0,87.84926470588236,10880,7328,100663296.0,10066329.6
HyperX,2232,11296737280.0,87.85845588235294,10880,7328,100663296.0,10066329.6
HyperX,2233,11296737280.0,87.86764705882352,10880,7328,100663296.0,10066329.6
HyperX,2234,11296737280.0,87.87683823529412,10880,7328,100663296.0,10066329.6
HyperX,2235,11296737280.0,87.88602941176471,10880,7328,100663296.0,10066329.6
HyperX,2236,11296737280.0,87.89522058823529,10880,7328,100663296.0,10066329.6
HyperX,2237,11296737280.0,87.90441176470588,10880,7328,100663296.0,10066329.6
HyperX,2238,11296737280.0,87.91360294117648,10880,7328,100663296.0,10066329.6
HyperX,2239,11296737280.0,87.92279411764706,10880,7328,100663296.0,10066329.6
HyperX,2240,11296737280.0,87.93198529411764,10880,7328,100663296.0,10066329.6
HyperX,2241,11296737280.0,87.94117647058823,10880,7328,100663296.0,10066329.6
HyperX,2242,11296737280.0,87.95036764705883,10880,7328,100663296.0,10066329.6
HyperX,2243,11296737280.0,87.95955882352942,10880,7328,100663296.0,10066329.6
HyperX,2244,11296737280.0,87.96875,10880,7328,100663296.0,10066329.6
HyperX,2245,11296737280.0,87.97794117647058,10880,7328,100663296.0,10066329.6
HyperX,2246,11296737280.0,87.98713235294117,10880,7328,100663296.0,10066329.6
HyperX,2247,11296737280.0,87.99632352941177,10880,7328,100663296.0,10066329.6
HyperX,2248,11296737280.0,88.00551470588235,10880,7328,100663296.0,10066329.6
HyperX,2249,11296737280.0,88.01470588235294,10880,7328,100663296.0,10066329.6
HyperX,2250,11296737280.0,88.02389705882354,10880,7328,100663296.0,10066329.6
HyperX,2251,11296737280.0,88.03308823529412,10880,7328,100663296.0,10066329.6
HyperX,2252,11296737280.0,88.0422794117647,10880,7328,100663296.0,10066329.6
HyperX,2253,11296737280.0,88.05147058823529,10880,7328,100663296.0,10066329.6
HyperX,2254,11296737280.0,88.06066176470588,10880,7328,100663296.0,10066329.6
HyperX,2255,11296737280.0,88.06985294117648,10880,7328,100663296.0,10066329.6
HyperX,2256,11296737280.0,88.07904411764706,10880,7328,100663296.0,10066329.6
HyperX,2257,11296737280.0,88.08823529411765,10880,7328,100663296.0,10066329.6
HyperX,2258,11296737280.0,88.09742647058823,10880,7328,100663296.0,10066329.6
HyperX,2259,11296737280.0,88.10661764705883,10880,7328,100663296.0,10066329.6
HyperX,2260,11296737280.0,88.1158088235294,10880,7328,100663296.0,10066329.6
HyperX,2261,11296737280.0,88.125,10880,7328,100663296.0,10066329.6
HyperX,2262,11296737280.0,88.1341911764706,10880,7328,100663296.0,10066329.6
HyperX,2263,11296737280.0,88.14338235294117,10880,7328,100663296.0,10066329.6
HyperX,2264,11296737280.0,88.15257352941175,10880,7328,100663296.0,10066329.6
HyperX,2265,11296737280.0,88.16176470588235,10880,7328,100663296.0,10066329.6
HyperX,2266,11296737280.0,88.17095588235294,10880,7328,100663296.0,10066329.6
HyperX,2267,11296737280.0,88.18014705882354,10880,7328,100663296.0,10066329.6
HyperX,2268,11296737280.0,88.18933823529412,10880,7328,100663296.0,10066329.6
HyperX,2269,11296737280.0,88.19852941176471,10880,7328,100663296.0,10066329.6
HyperX,2270,11296737280.0,88.20772058823529,10880,7328,100663296.0,10066329.6
HyperX,2271,11296737280.0,88.21691176470588,10880,7328,100663296.0,10066329.6
HyperX,2272,11296737280.0,88.22610294117646,10880,7328,100663296.0,10066329.6
HyperX,2273,11296737280.0,88.23529411764706,10880,7328,100663296.0,10066329.6
HyperX,2274,11296737280.0,88.24448529411765,10880,7328,100663296.0,10066329.6
HyperX,2275,11296737280.0,88.25367647058823,10880,7328,100663296.0,10066329.6
HyperX,2276,11296737280.0,88.26286764705881,10880,7328,100663296.0,10066329.6
HyperX,2277,11296737280.0,88.2720588235294,10880,7328,100663296.0,10066329.6
HyperX,2278,11296737280.0,88.28125,10880,7328,100663296.0,10066329.6
HyperX,2279,11296737280.0,88.2904411764706,10880,7328,100663296.0,10066329.6
HyperX,2280,11296737280.0,88.29963235294119,10880,7328,100663296.0,10066329.6
HyperX,2281,11296737280.0,88.30882352941177,10880,7328,100663296.0,10066329.6
HyperX,2282,11296737280.0,88.31801470588235,10880,7328,100663296.0,10066329.6
HyperX,2283,11296737280.0,88.32720588235294,10880,7328,100663296.0,10066329.6
HyperX,2284,11296737280.0,88.33639705882354,10880,7328,100663296.0,10066329.6
HyperX,2285,11296737280.0,88.34558823529412,10880,7328,100663296.0,10066329.6
HyperX,2286,11296737280.0,88.35477941176471,10880,7328,100663296.0,10066329.6
HyperX,2287,11296737280.0,88.36397058823529,10880,7328,100663296.0,10066329.6
HyperX,2288,11296737280.0,88.37316176470588,10880,7328,100663296.0,10066329.6
HyperX,2289,11296737280.0,88.38235294117646,10880,7328,100663296.0,10066329.6
HyperX,2290,11296737280.0,88.39154411764706,10880,7328,100663296.0,10066329.6
HyperX,2291,11296737280.0,88.40073529411765,10880,7328,100663296.0,10066329.6
HyperX,2292,11296737280.0,88.40992647058825,10880,7328,100663296.0,10066329.6
HyperX,2293,11296737280.0,88.41911764705883,10880,7328,100663296.0,10066329.6
HyperX,2294,11296737280.0,88.4283088235294,10880,7328,100663296.0,10066329.6
HyperX,2295,11296737280.0,88.4375,10880,7328,100663296.0,10066329.6
HyperX,2296,11296737280.0,88.4466911764706,10880,7328,100663296.0,10066329.6
HyperX,2297,11296737280.0,88.45588235294117,10880,7328,100663296.0,10066329.6
HyperX,2298,11296737280.0,88.46507352941177,10880,7328,100663296.0,10066329.6
HyperX,2299,11296737280.0,88.47426470588235,10880,7328,100663296.0,10066329.6
HyperX,2300,11296737280.0,88.48345588235294,10880,7328,100663296.0,10066329.6
HyperX,2301,11296737280.0,88.49264705882352,10880,7328,100663296.0,10066329.6
HyperX,2302,11296737280.0,88.50183823529412,10880,7328,100663296.0,10066329.6
HyperX,2303,11296737280.0,88.51102941176471,10880,7328,100663296.0,10066329.6
HyperX,2304,11296737280.0,88.5202205882353,10880,7328,100663296.0,10066329.6
HyperX,2305,11296737280.0,88.52941176470588,10880,7328,100663296.0,10066329.6
HyperX,2306,15028761941.333332,88.53860294117646,10880,7328,100663296.0,10066329.6
HyperX,2307,15028761941.333332,88.54779411764706,10880,7328,100663296.0,10066329.6
HyperX,2308,15028761941.333332,88.55698529411765,10880,7328,100663296.0,10066329.6
HyperX,2309,15028761941.333332,88.56617647058823,10880,7328,100663296.0,10066329.6
HyperX,2310,15028761941.333332,88.57536764705883,10880,7328,100663296.0,10066329.6
HyperX,2311,15028761941.333332,88.58455882352942,10880,7328,100663296.0,10066329.6
HyperX,2312,15028761941.333332,88.59375,10880,7328,100663296.0,10066329.6
HyperX,2313,15028761941.333332,88.60294117647058,10880,7328,100663296.0,10066329.6
HyperX,2314,15028761941.333332,88.61213235294117,10880,7328,100663296.0,10066329.6
HyperX,2315,15028761941.333332,88.62132352941177,10880,7328,100663296.0,10066329.6
HyperX,2316,15028761941.333332,88.63051470588236,10880,7328,100663296.0,10066329.6
HyperX,2317,15028761941.333332,88.63970588235294,10880,7328,100663296.0,10066329.6
HyperX,2318,15028761941.333332,88.64889705882352,10880,7328,100663296.0,10066329.6
HyperX,2319,15028761941.333332,88.65808823529412,10880,7328,100663296.0,10066329.6
HyperX,2320,15028761941.333332,88.66727941176471,10880,7328,100663296.0,10066329.6
HyperX,2321,15028761941.333332,88.67647058823529,10880,7328,100663296.0,10066329.6
HyperX,2322,30057523882.66667,88.68566176470588,10880,7328,100663296.0,10066329.6
HyperX,2323,30057523882.66667,88.69485294117648,10880,7328,100663296.0,10066329.6
HyperX,2324,30057523882.66667,88.70404411764706,10880,7328,100663296.0,10066329.6
HyperX,2325,30057523882.66667,88.71323529411764,10880,7328,100663296.0,10066329.6
HyperX,2326,30057523882.66667,88.72242647058823,10880,7328,100663296.0,10066329.6
HyperX,2327,30057523882.66667,88.73161764705883,10880,7328,100663296.0,10066329.6
HyperX,2328,30057523882.66667,88.74080882352942,10880,7328,100663296.0,10066329.6
HyperX,2329,30057523882.66667,88.75,10880,7328,100663296.0,10066329.6
HyperX,2330,30057523882.66667,88.75919117647058,10880,7328,100663296.0,10066329.6
HyperX,2331,30057523882.66667,88.76838235294117,10880,7328,100663296.0,10066329.6
HyperX,2332,30057523882.66667,88.77757352941177,10880,7328,100663296.0,10066329.6
HyperX,2333,30057523882.66667,88.78676470588235,10880,7328,100663296.0,10066329.6
HyperX,2334,30057523882.66667,88.79595588235294,10880,7328,100663296.0,10066329.6
HyperX,2335,30057523882.66667,88.80514705882354,10880,7328,100663296.0,10066329.6
HyperX,2336,30057523882.66667,88.81433823529412,10880,7328,100663296.0,10066329.6
HyperX,2337,30057523882.66667,88.8235294117647,10880,7328,100663296.0,10066329.6
HyperX,2338,45086285823.99999,88.83272058823529,10880,7328,100663296.0,10066329.6
HyperX,2339,45086285823.99999,88.84191176470588,10880,7328,100663296.0,10066329.6
HyperX,2340,45086285823.99999,88.85110294117648,10880,7328,100663296.0,10066329.6
HyperX,2341,45086285823.99999,88.86029411764706,10880,7328,100663296.0,10066329.6
HyperX,2342,45086285823.99999,88.86948529411765,10880,7328,100663296.0,10066329.6
HyperX,2343,45086285823.99999,88.87867647058823,10880,7328,100663296.0,10066329.6
HyperX,2344,45086285823.99999,88.88786764705883,10880,7328,100663296.0,10066329.6
HyperX,2345,45086285823.99999,88.8970588235294,10880,7328,100663296.0,10066329.6
HyperX,2346,45086285823.99999,88.90625,10880,7328,100663296.0,10066329.6
HyperX,2347,45086285823.99999,88.9154411764706,10880,7328,100663296.0,10066329.6
HyperX,2348,45086285823.99999,88.92463235294117,10880,7328,100663296.0,10066329.6
HyperX,2349,45086285823.99999,88.93382352941175,10880,7328,100663296.0,10066329.6
HyperX,2350,45086285823.99999,88.94301470588235,10880,7328,100663296.0,10066329.6
HyperX,2351,45086285823.99999,88.95220588235294,10880,7328,100663296.0,10066329.6
HyperX,2352,45086285823.99999,88.96139705882354,10880,7328,100663296.0,10066329.6
HyperX,2353,45086285823.99999,88.97058823529412,10880,7328,100663296.0,10066329.6
HyperX,2354,45086285824.0,88.97977941176471,10880,7328,100663296.0,10066329.6
HyperX,2355,45086285824.0,88.98897058823529,10880,7328,100663296.0,10066329.6
HyperX,2356,45086285824.0,88.99816176470588,10880,7328,100663296.0,10066329.6
HyperX,2357,45086285824.0,89.00735294117646,10880,7328,100663296.0,10066329.6
HyperX,2358,45086285824.0,89.01654411764706,10880,7328,100663296.0,10066329.6
HyperX,2359,45086285824.0,89.02573529411765,10880,7328,100663296.0,10066329.6
HyperX,2360,45086285824.0,89.03492647058823,10880,7328,100663296.0,10066329.6
HyperX,2361,45086285824.0,89.04411764705881,10880,7328,100663296.0,10066329.6
HyperX,2362,45086285824.0,89.0533088235294,10880,7328,100663296.0,10066329.6
HyperX,2363,45086285824.0,89.0625,10880,7328,100663296.0,10066329.6
HyperX,2364,45086285824.0,89.0716911764706,10880,7328,100663296.0,10066329.6
HyperX,2365,45086285824.0,89.08088235294119,10880,7328,100663296.0,10066329.6
HyperX,2366,45086285824.0,89.09007352941177,10880,7328,100663296.0,10066329.6
HyperX,2367,45086285824.0,89.09926470588235,10880,7328,100663296.0,10066329.6
HyperX,2368,45086285824.0,89.10845588235294,10880,7328,100663296.0,10066329.6
HyperX,2369,45086285824.0,89.11764705882354,10880,7328,100663296.0,10066329.6
HyperX,2370,45086285824.0,89.12683823529412,10880,7328,100663296.0,10066329.6
HyperX,2371,45086285824.0,89.13602941176471,10880,7328,100663296.0,10066329.6
HyperX,2372,45086285824.0,89.14522058823529,10880,7328,100663296.0,10066329.6
HyperX,2373,45086285824.0,89.15441176470588,10880,7328,100663296.0,10066329.6
HyperX,2374,45086285824.0,89.16360294117646,10880,7328,100663296.0,10066329.6
HyperX,2375,45086285824.0,89.17279411764706,10880,7328,100663296.0,10066329.6
HyperX,2376,45086285824.0,89.18198529411765,10880,7328,100663296.0,10066329.6
HyperX,2377,45086285824.0,89.19117647058825,10880,7328,100663296.0,10066329.6
HyperX,2378,45086285824.0,89.20036764705883,10880,7328,100663296.0,10066329.6
HyperX,2379,45086285824.0,89.2095588235294,10880,7328,100663296.0,10066329.6
HyperX,2380,45086285824.0,89.21875,10880,7328,100663296.0,10066329.6
HyperX,2381,45086285824.0,89.2279411764706,10880,7328,100663296.0,10066329.6
HyperX,2382,45086285824.0,89.23713235294117,10880,7328,100663296.0,10066329.6
HyperX,2383,45086285824.0,89.24632352941177,10880,7328,100663296.0,10066329.6
HyperX,2384,45086285824.0,89.25551470588235,10880,7328,100663296.0,10066329.6
HyperX,2385,45086285824.0,89.26470588235294,10880,7328,100663296.0,10066329.6
HyperX,2386,45086285824.0,89.27389705882352,10880,7328,100663296.0,10066329.6
HyperX,2387,45086285824.0,89.28308823529412,10880,7328,100663296.0,10066329.6
HyperX,2388,45086285824.0,89.29227941176471,10880,7328,100663296.0,10066329.6
HyperX,2389,45086285824.0,89.3014705882353,10880,7328,100663296.0,10066329.6
HyperX,2390,45086285824.0,89.31066176470588,10880,7328,100663296.0,10066329.6
HyperX,2391,45086285824.0,89.31985294117646,10880,7328,100663296.0,10066329.6
HyperX,2392,45086285824.0,89.32904411764706,10880,7328,100663296.0,10066329.6
HyperX,2393,45086285824.0,89.33823529411765,10880,7328,100663296.0,10066329.6
HyperX,2394,45086285824.0,89.34742647058823,10880,7328,100663296.0,10066329.6
HyperX,2395,45086285824.0,89.35661764705883,10880,7328,100663296.0,10066329.6
HyperX,2396,45086285824.0,89.36580882352942,10880,7328,100663296.0,10066329.6
HyperX,2397,45086285824.0,89.375,10880,7328,100663296.0,10066329.6
HyperX,2398,45086285824.0,89.38419117647058,10880,7328,100663296.0,10066329.6
HyperX,2399,45086285824.0,89.39338235294117,10880,7328,100663296.0,10066329.6
HyperX,2400,45086285824.0,89.40257352941177,10880,7328,100663296.0,10066329.6
HyperX,2401,45086285824.0,89.41176470588236,10880,7328,100663296.0,10066329.6
HyperX,2402,90172571648.0,89.42095588235294,10880,7328,100663296.0,10066329.6
HyperX,2403,90172571648.0,89.43014705882352,10880,7328,100663296.0,10066329.6
HyperX,2404,90172571648.0,89.43933823529412,10880,7328,100663296.0,10066329.6
HyperX,2405,90172571648.0,89.44852941176471,10880,7328,100663296.0,10066329.6
HyperX,2406,90172571648.0,89.45772058823529,10880,7328,100663296.0,10066329.6
HyperX,2407,90172571648.0,89.46691176470588,10880,7328,100663296.0,10066329.6
HyperX,2408,90172571648.0,89.47610294117648,10880,7328,100663296.0,10066329.6
HyperX,2409,90172571648.0,89.48529411764706,10880,7328,100663296.0,10066329.6
HyperX,2410,90172571648.0,89.49448529411764,10880,7328,100663296.0,10066329.6
HyperX,2411,90172571648.0,89.50367647058823,10880,7328,100663296.0,10066329.6
HyperX,2412,90172571648.0,89.51286764705883,10880,7328,100663296.0,10066329.6
HyperX,2413,90172571648.0,89.52205882352942,10880,7328,100663296.0,10066329.6
HyperX,2414,90172571648.0,89.53125,10880,7328,100663296.0,10066329.6
HyperX,2415,90172571648.0,89.54044117647058,10880,7328,100663296.0,10066329.6
HyperX,2416,90172571648.0,89.54963235294117,10880,7328,100663296.0,10066329.6
HyperX,2417,90172571648.0,89.55882352941177,10880,7328,100663296.0,10066329.6
HyperX,2418,90172571648.0,89.56801470588235,10880,7328,100663296.0,10066329.6
HyperX,2419,90172571648.0,89.57720588235294,10880,7328,100663296.0,10066329.6
HyperX,2420,90172571648.0,89.58639705882354,10880,7328,100663296.0,10066329.6
HyperX,2421,90172571648.0,89.59558823529412,10880,7328,100663296.0,10066329.6
HyperX,2422,90172571648.0,89.6047794117647,10880,7328,100663296.0,10066329.6
HyperX,2423,90172571648.0,89.61397058823529,10880,7328,100663296.0,10066329.6
HyperX,2424,90172571648.0,89.62316176470588,10880,7328,100663296.0,10066329.6
HyperX,2425,90172571648.0,89.63235294117648,10880,7328,100663296.0,10066329.6
HyperX,2426,90172571648.0,89.64154411764706,10880,7328,100663296.0,10066329.6
HyperX,2427,90172571648.0,89.65073529411765,10880,7328,100663296.0,10066329.6
HyperX,2428,90172571648.0,89.65992647058823,10880,7328,100663296.0,10066329.6
HyperX,2429,90172571648.0,89.66911764705883,10880,7328,100663296.0,10066329.6
HyperX,2430,90172571648.0,89.6783088235294,10880,7328,100663296.0,10066329.6
HyperX,2431,90172571648.0,89.6875,10880,7328,100663296.0,10066329.6
HyperX,2432,90172571648.0,89.6966911764706,10880,7328,100663296.0,10066329.6
HyperX,2433,90172571648.0,89.70588235294117,10880,7328,100663296.0,10066329.6
HyperX,2434,90172571648.0,89.71507352941175,10880,7328,100663296.0,10066329.6
HyperX,2435,90172571648.0,89.72426470588235,10880,7328,100663296.0,10066329.6
HyperX,2436,90172571648.0,89.73345588235294,10880,7328,100663296.0,10066329.6
HyperX,2437,90172571648.0,89.74264705882354,10880,7328,100663296.0,10066329.6
HyperX,2438,90172571648.0,89.75183823529412,10880,7328,100663296.0,10066329.6
HyperX,2439,90172571648.0,89.76102941176471,10880,7328,100663296.0,10066329.6
HyperX,2440,90172571648.0,89.77022058823529,10880,7328,100663296.0,10066329.6
HyperX,2441,90172571648.0,89.77941176470588,10880,7328,100663296.0,10066329.6
HyperX,2442,90172571648.0,89.78860294117646,10880,7328,100663296.0,10066329.6
HyperX,2443,90172571648.0,89.79779411764706,10880,7328,100663296.0,10066329.6
HyperX,2444,90172571648.0,89.80698529411765,10880,7328,100663296.0,10066329.6
HyperX,2445,90172571648.0,89.81617647058823,10880,7328,100663296.0,10066329.6
HyperX,2446,90172571648.0,89.82536764705881,10880,7328,100663296.0,10066329.6
HyperX,2447,90172571648.0,89.8345588235294,10880,7328,100663296.0,10066329.6
HyperX,2448,90172571648.0,89.84375,10880,7328,100663296.0,10066329.6
HyperX,2449,90172571648.0,89.8529411764706,10880,7328,100663296.0,10066329.6
HyperX,2450,90172571648.0,89.86213235294119,10880,7328,100663296.0,10066329.6
HyperX,2451,90172571648.0,89.87132352941177,10880,7328,100663296.0,10066329.6
HyperX,2452,90172571648.0,89.88051470588235,10880,7328,100663296.0,10066329.6
HyperX,2453,90172571648.0,89.88970588235294,10880,7328,100663296.0,10066329.6
HyperX,2454,90172571648.0,89.89889705882354,10880,7328,100663296.0,10066329.6
HyperX,2455,90172571648.0,89.90808823529412,10880,7328,100663296.0,10066329.6
HyperX,2456,90172571648.0,89.91727941176471,10880,7328,100663296.0,10066329.6
HyperX,2457,90172571648.0,89.92647058823529,10880,7328,100663296.0,10066329.6
HyperX,2458,90172571648.0,89.93566176470588,10880,7328,100663296.0,10066329.6
HyperX,2459,90172571648.0,89.94485294117646,10880,7328,100663296.0,10066329.6
HyperX,2460,90172571648.0,89.95404411764706,10880,7328,100663296.0,10066329.6
HyperX,2461,90172571648.0,89.96323529411765,10880,7328,100663296.0,10066329.6
HyperX,2462,90172571648.0,89.97242647058825,10880,7328,100663296.0,10066329.6
HyperX,2463,90172571648.0,89.98161764705883,10880,7328,100663296.0,10066329.6
HyperX,2464,90172571648.0,89.9908088235294,10880,7328,100663296.0,10066329.6
HyperX,2465,90172571648.0,90.0,10880,7328,100663296.0,10066329.6
HyperX,2466,90172571648.0,90.0091911764706,10880,7328,100663296.0,10066329.6
HyperX,2467,90172571648.0,90.01838235294117,10880,7328,100663296.0,10066329.6
HyperX,2468,90172571648.0,90.02757352941177,10880,7328,100663296.0,10066329.6
HyperX,2469,90172571648.0,90.03676470588235,10880,7328,100663296.0,10066329.6
HyperX,2470,90172571648.0,90.04595588235294,10880,7328,100663296.0,10066329.6
HyperX,2471,90172571648.0,90.05514705882352,10880,7328,100663296.0,10066329.6
HyperX,2472,90172571648.0,90.06433823529412,10880,7328,100663296.0,10066329.6
HyperX,2473,90172571648.0,90.07352941176471,10880,7328,100663296.0,10066329.6
HyperX,2474,90172571648.0,90.0827205882353,10880,7328,100663296.0,10066329.6
HyperX,2475,90172571648.0,90.09191176470588,10880,7328,100663296.0,10066329.6
HyperX,2476,90172571648.0,90.10110294117646,10880,7328,100663296.0,10066329.6
HyperX,2477,90172571648.0,90.11029411764706,10880,7328,100663296.0,10066329.6
HyperX,2478,90172571648.0,90.11948529411765,10880,7328,100663296.0,10066329.6
HyperX,2479,90172571648.0,90.12867647058823,10880,7328,100663296.0,10066329.6
HyperX,2480,90172571648.0,90.13786764705883,10880,7328,100663296.0,10066329.6
HyperX,2481,90172571648.0,90.14705882352942,10880,7328,100663296.0,10066329.6
HyperX,2482,90172571648.0,90.15625,10880,7328,100663296.0,10066329.6
HyperX,2483,90172571648.0,90.16544117647058,10880,7328,100663296.0,10066329.6
HyperX,2484,90172571648.0,90.17463235294117,10880,7328,100663296.0,10066329.6
HyperX,2485,90172571648.0,90.18382352941177,10880,7328,100663296.0,10066329.6
HyperX,2486,90172571648.0,90.19301470588236,10880,7328,100663296.0,10066329.6
HyperX,2487,90172571648.0,90.20220588235294,10880,7328,100663296.0,10066329.6
HyperX,2488,90172571648.0,90.21139705882352,10880,7328,100663296.0,10066329.6
HyperX,2489,90172571648.0,90.22058823529412,10880,7328,100663296.0,10066329.6
HyperX,2490,90172571648.0,90.22977941176471,10880,7328,100663296.0,10066329.6
HyperX,2491,90172571648.0,90.23897058823529,10880,7328,100663296.0,10066329.6
HyperX,2492,90172571648.0,90.24816176470588,10880,7328,100663296.0,10066329.6
HyperX,2493,90172571648.0,90.25735294117648,10880,7328,100663296.0,10066329.6
HyperX,2494,90172571648.0,90.26654411764706,10880,7328,100663296.0,10066329.6
HyperX,2495,90172571648.0,90.27573529411764,10880,7328,100663296.0,10066329.6
HyperX,2496,90172571648.0,90.28492647058823,10880,7328,100663296.0,10066329.6
HyperX,2497,90172571648.0,90.29411764705883,10880,7328,100663296.0,10066329.6
HyperX,2498,90172571648.0,90.30330882352942,10880,7328,100663296.0,10066329.6
HyperX,2499,90172571648.0,90.3125,10880,7328,100663296.0,10066329.6
HyperX,2500,90172571648.0,90.32169117647058,10880,7328,100663296.0,10066329.6
HyperX,2501,90172571648.0,90.33088235294117,10880,7328,100663296.0,10066329.6
HyperX,2502,90172571648.0,90.34007352941177,10880,7328,100663296.0,10066329.6
HyperX,2503,90172571648.0,90.34926470588235,10880,7328,100663296.0,10066329.6
HyperX,2504,90172571648.0,90.35845588235294,10880,7328,100663296.0,10066329.6
HyperX,2505,90172571648.0,90.36764705882354,10880,7328,100663296.0,10066329.6
HyperX,2506,90172571648.0,90.37683823529412,10880,7328,100663296.0,10066329.6
HyperX,2507,90172571648.0,90.3860294117647,10880,7328,100663296.0,10066329.6
HyperX,2508,90172571648.0,90.39522058823529,10880,7328,100663296.0,10066329.6
HyperX,2509,90172571648.0,90.40441176470588,10880,7328,100663296.0,10066329.6
HyperX,2510,90172571648.0,90.41360294117648,10880,7328,100663296.0,10066329.6
HyperX,2511,90172571648.0,90.42279411764706,10880,7328,100663296.0,10066329.6
HyperX,2512,90172571648.0,90.43198529411765,10880,7328,100663296.0,10066329.6
HyperX,2513,90172571648.0,90.44117647058823,10880,7328,100663296.0,10066329.6
HyperX,2514,90172571648.00003,90.45036764705883,10880,7328,100663296.0,10066329.6
HyperX,2515,90172571648.00003,90.4595588235294,10880,7328,100663296.0,10066329.6
HyperX,2516,90172571648.00003,90.46875,10880,7328,100663296.0,10066329.6
HyperX,2517,90172571648.00003,90.4779411764706,10880,7328,100663296.0,10066329.6
HyperX,2518,90172571648.00003,90.48713235294117,10880,7328,100663296.0,10066329.6
HyperX,2519,90172571648.00003,90.49632352941175,10880,7328,100663296.0,10066329.6
HyperX,2520,90172571648.00003,90.50551470588235,10880,7328,100663296.0,10066329.6
HyperX,2521,90172571648.00003,90.51470588235294,10880,7328,100663296.0,10066329.6
HyperX,2522,90172571648.00005,90.52389705882354,10880,7328,100663296.0,10066329.6
HyperX,2523,90172571648.00005,90.53308823529412,10880,7328,100663296.0,10066329.6
HyperX,2524,90172571648.00005,90.54227941176471,10880,7328,100663296.0,10066329.6
HyperX,2525,90172571648.00005,90.55147058823529,10880,7328,100663296.0,10066329.6
HyperX,2526,90172571648.00005,90.56066176470588,10880,7328,100663296.0,10066329.6
HyperX,2527,90172571648.00005,90.56985294117646,10880,7328,100663296.0,10066329.6
HyperX,2528,90172571648.00005,90.57904411764706,10880,7328,100663296.0,10066329.6
HyperX,2529,90172571648.00005,90.58823529411765,10880,7328,100663296.0,10066329.6
HyperX,2530,447259410432.0,90.59742647058823,10880,7328,100663296.0,10066329.6
HyperX,2531,447259410432.0,90.60661764705881,10880,7328,100663296.0,10066329.6
HyperX,2532,447259410432.0,90.6158088235294,10880,7328,100663296.0,10066329.6
HyperX,2533,447259410432.0,90.625,10880,7328,100663296.0,10066329.6
HyperX,2534,447259410432.0,90.6341911764706,10880,7328,100663296.0,10066329.6
HyperX,2535,447259410432.0,90.64338235294119,10880,7328,100663296.0,10066329.6
HyperX,2536,447259410432.0,90.65257352941177,10880,7328,100663296.0,10066329.6
HyperX,2537,447259410432.0,90.66176470588235,10880,7328,100663296.0,10066329.6
HyperX,2538,447259410432.0,90.67095588235294,10880,7328,100663296.0,10066329.6
HyperX,2539,447259410432.0,90.68014705882354,10880,7328,100663296.0,10066329.6
HyperX,2540,447259410432.0,90.68933823529412,10880,7328,100663296.0,10066329.6
HyperX,2541,447259410432.0,90.69852941176471,10880,7328,100663296.0,10066329.6
HyperX,2542,447259410432.0,90.70772058823529,10880,7328,100663296.0,10066329.6
HyperX,2543,447259410432.0,90.71691176470588,10880,7328,100663296.0,10066329.6
HyperX,2544,447259410432.0,90.72610294117646,10880,7328,100663296.0,10066329.6
HyperX,2545,447259410432.0,90.73529411764706,10880,7328,100663296.0,10066329.6
HyperX,2546,447259410432.0,90.74448529411765,10880,7328,100663296.0,10066329.6
HyperX,2547,447259410432.0,90.75367647058825,10880,7328,100663296.0,10066329.6
HyperX,2548,447259410432.0,90.76286764705883,10880,7328,100663296.0,10066329.6
HyperX,2549,447259410432.0,90.7720588235294,10880,7328,100663296.0,10066329.6
HyperX,2550,447259410432.0,90.78125,10880,7328,100663296.0,10066329.6
HyperX,2551,447259410432.0,90.7904411764706,10880,7328,100663296.0,10066329.6
HyperX,2552,447259410432.0,90.79963235294117,10880,7328,100663296.0,10066329.6
HyperX,2553,447259410432.0,90.80882352941177,10880,7328,100663296.0,10066329.6
HyperX,2554,447259410432.0,90.81801470588235,10880,7328,100663296.0,10066329.6
HyperX,2555,447259410432.0,90.82720588235294,10880,7328,100663296.0,10066329.6
HyperX,2556,447259410432.0,90.83639705882352,10880,7328,100663296.0,10066329.6
HyperX,2557,447259410432.0,90.84558823529412,10880,7328,100663296.0,10066329.6
HyperX,2558,447259410432.0,90.85477941176471,10880,7328,100663296.0,10066329.6
HyperX,2559,447259410432.0,90.8639705882353,10880,7328,100663296.0,10066329.6
HyperX,2560,447259410432.0,90.87316176470588,10880,7328,100663296.0,10066329.6
HyperX,2561,447259410432.0,90.88235294117646,10880,7328,100663296.0,10066329.6
HyperX,2562,447259410432.0,90.89154411764706,10880,7328,100663296.0,10066329.6
HyperX,2563,447259410432.0,90.90073529411765,10880,7328,100663296.0,10066329.6
HyperX,2564,447259410432.0,90.90992647058823,10880,7328,100663296.0,10066329.6
HyperX,2565,447259410432.0,90.91911764705883,10880,7328,100663296.0,10066329.6
HyperX,2566,447259410432.0,90.92830882352942,10880,7328,100663296.0,10066329.6
HyperX,2567,447259410432.0,90.9375,10880,7328,100663296.0,10066329.6
HyperX,2568,447259410432.0,90.94669117647058,10880,7328,100663296.0,10066329.6
HyperX,2569,447259410432.0,90.95588235294117,10880,7328,100663296.0,10066329.6
HyperX,2570,447259410432.0,90.96507352941177,10880,7328,100663296.0,10066329.6
HyperX,2571,447259410432.0,90.97426470588236,10880,7328,100663296.0,10066329.6
HyperX,2572,447259410432.0,90.98345588235294,10880,7328,100663296.0,10066329.6
HyperX,2573,447259410432.0,90.99264705882352,10880,7328,100663296.0,10066329.6
HyperX,2574,447259410432.0,91.00183823529412,10880,7328,100663296.0,10066329.6
HyperX,2575,447259410432.0,91.01102941176471,10880,7328,100663296.0,10066329.6
HyperX,2576,447259410432.0,91.02022058823529,10880,7328,100663296.0,10066329.6
HyperX,2577,447259410432.0,91.02941176470588,10880,7328,100663296.0,10066329.6
HyperX,2578,447259410432.0,91.03860294117648,10880,7328,100663296.0,10066329.6
HyperX,2579,447259410432.0,91.04779411764706,10880,7328,100663296.0,10066329.6
HyperX,2580,447259410432.0,91.05698529411764,10880,7328,100663296.0,10066329.6
HyperX,2581,447259410432.0,91.06617647058823,10880,7328,100663296.0,10066329.6
HyperX,2582,447259410432.0,91.07536764705883,10880,7328,100663296.0,10066329.6
HyperX,2583,447259410432.0,91.08455882352942,10880,7328,100663296.0,10066329.6
HyperX,2584,447259410432.0,91.09375,10880,7328,100663296.0,10066329.6
HyperX,2585,447259410432.0,91.10294117647058,10880,7328,100663296.0,10066329.6
HyperX,2586,447259410432.0,91.11213235294117,10880,7328,100663296.0,10066329.6
HyperX,2587,447259410432.0,91.12132352941177,10880,7328,100663296.0,10066329.6
HyperX,2588,447259410432.0,91.13051470588235,10880,7328,100663296.0,10066329.6
HyperX,2589,447259410432.0,91.13970588235294,10880,7328,100663296.0,10066329.6
HyperX,2590,447259410432.0,91.14889705882354,10880,7328,100663296.0,10066329.6
HyperX,2591,447259410432.0,91.15808823529412,10880,7328,100663296.0,10066329.6
HyperX,2592,447259410432.0,91.1672794117647,10880,7328,100663296.0,10066329.6
HyperX,2593,447259410432.0,91.17647058823529,10880,7328,100663296.0,10066329.6
HyperX,2594,447259410432.0,91.18566176470588,10880,7328,100663296.0,10066329.6
HyperX,2595,447259410432.0,91.19485294117648,10880,7328,100663296.0,10066329.6
HyperX,2596,447259410432.0,91.20404411764706,10880,7328,100663296.0,10066329.6
HyperX,2597,447259410432.0,91.21323529411765,10880,7328,100663296.0,10066329.6
HyperX,2598,447259410432.0,91.22242647058823,10880,7328,100663296.0,10066329.6
HyperX,2599,447259410432.0,91.23161764705883,10880,7328,100663296.0,10066329.6
HyperX,2600,447259410432.0,91.2408088235294,10880,7328,100663296.0,10066329.6
HyperX,2601,447259410432.0,91.25,10880,7328,100663296.0,10066329.6
HyperX,2602,447259410432.0,91.2591911764706,10880,7328,100663296.0,10066329.6
HyperX,2603,447259410432.0,91.26838235294117,10880,7328,100663296.0,10066329.6
HyperX,2604,447259410432.0,91.27757352941175,10880,7328,100663296.0,10066329.6
HyperX,2605,447259410432.0,91.28676470588235,10880,7328,100663296.0,10066329.6
HyperX,2606,447259410432.0,91.29595588235294,10880,7328,100663296.0,10066329.6
HyperX,2607,447259410432.0,91.30514705882354,10880,7328,100663296.0,10066329.6
HyperX,2608,447259410432.0,91.31433823529412,10880,7328,100663296.0,10066329.6
HyperX,2609,447259410432.0,91.32352941176471,10880,7328,100663296.0,10066329.6
HyperX,2610,447259410432.0,91.33272058823529,10880,7328,100663296.0,10066329.6
HyperX,2611,447259410432.0,91.34191176470588,10880,7328,100663296.0,10066329.6
HyperX,2612,447259410432.0,91.35110294117646,10880,7328,100663296.0,10066329.6
HyperX,2613,447259410432.0,91.36029411764706,10880,7328,100663296.0,10066329.6
HyperX,2614,447259410432.0,91.36948529411765,10880,7328,100663296.0,10066329.6
HyperX,2615,447259410432.0,91.37867647058823,10880,7328,100663296.0,10066329.6
HyperX,2616,447259410432.0,91.38786764705881,10880,7328,100663296.0,10066329.6
HyperX,2617,447259410432.0,91.3970588235294,10880,7328,100663296.0,10066329.6
HyperX,2618,447259410432.0,91.40625,10880,7328,100663296.0,10066329.6
HyperX,2619,447259410432.0,91.4154411764706,10880,7328,100663296.0,10066329.6
HyperX,2620,447259410432.0,91.42463235294119,10880,7328,100663296.0,10066329.6
HyperX,2621,447259410432.0,91.43382352941177,10880,7328,100663296.0,10066329.6
HyperX,2622,447259410432.0,91.44301470588235,10880,7328,100663296.0,10066329.6
HyperX,2623,447259410432.0,91.45220588235294,10880,7328,100663296.0,10066329.6
HyperX,2624,447259410432.0,91.46139705882354,10880,7328,100663296.0,10066329.6
HyperX,2625,447259410432.0,91.47058823529412,10880,7328,100663296.0,10066329.6
HyperX,2626,447259410432.0,91.47977941176471,10880,7328,100663296.0,10066329.6
HyperX,2627,447259410432.0,91.48897058823529,10880,7328,100663296.0,10066329.6
HyperX,2628,447259410432.0,91.49816176470588,10880,7328,100663296.0,10066329.6
HyperX,2629,447259410432.0,91.50735294117646,10880,7328,100663296.0,10066329.6
HyperX,2630,447259410432.0,91.51654411764706,10880,7328,100663296.0,10066329.6
HyperX,2631,447259410432.0,91.52573529411765,10880,7328,100663296.0,10066329.6
HyperX,2632,447259410432.0,91.53492647058825,10880,7328,100663296.0,10066329.6
HyperX,2633,447259410432.0,91.54411764705883,10880,7328,100663296.0,10066329.6
HyperX,2634,447259410432.0,91.5533088235294,10880,7328,100663296.0,10066329.6
HyperX,2635,447259410432.0,91.5625,10880,7328,100663296.0,10066329.6
HyperX,2636,447259410432.0,91.5716911764706,10880,7328,100663296.0,10066329.6
HyperX,2637,447259410432.0,91.58088235294117,10880,7328,100663296.0,10066329.6
HyperX,2638,447259410432.0,91.59007352941177,10880,7328,100663296.0,10066329.6
HyperX,2639,447259410432.0,91.59926470588235,10880,7328,100663296.0,10066329.6
HyperX,2640,447259410432.0,91.60845588235294,10880,7328,100663296.0,10066329.6
HyperX,2641,447259410432.0,91.61764705882352,10880,7328,100663296.0,10066329.6
HyperX,2642,447259410432.0,91.62683823529412,10880,7328,100663296.0,10066329.6
HyperX,2643,447259410432.0,91.63602941176471,10880,7328,100663296.0,10066329.6
HyperX,2644,447259410432.0,91.6452205882353,10880,7328,100663296.0,10066329.6
HyperX,2645,447259410432.0,91.65441176470588,10880,7328,100663296.0,10066329.6
HyperX,2646,447259410432.0,91.66360294117646,10880,7328,100663296.0,10066329.6
HyperX,2647,447259410432.0,91.67279411764706,10880,7328,100663296.0,10066329.6
HyperX,2648,447259410432.0,91.68198529411765,10880,7328,100663296.0,10066329.6
HyperX,2649,447259410432.0,91.69117647058823,10880,7328,100663296.0,10066329.6
HyperX,2650,447259410432.0,91.70036764705883,10880,7328,100663296.0,10066329.6
HyperX,2651,447259410432.0,91.70955882352942,10880,7328,100663296.0,10066329.6
HyperX,2652,447259410432.0,91.71875,10880,7328,100663296.0,10066329.6
HyperX,2653,447259410432.0,91.72794117647058,10880,7328,100663296.0,10066329.6
HyperX,2654,447259410432.0,91.73713235294117,10880,7328,100663296.0,10066329.6
HyperX,2655,447259410432.0,91.74632352941177,10880,7328,100663296.0,10066329.6
HyperX,2656,447259410432.0,91.75551470588236,10880,7328,100663296.0,10066329.6
HyperX,2657,447259410432.0,91.76470588235294,10880,7328,100663296.0,10066329.6
HyperX,2658,447259410432.0,91.77389705882352,10880,7328,100663296.0,10066329.6
HyperX,2659,447259410432.0,91.78308823529412,10880,7328,100663296.0,10066329.6
HyperX,2660,447259410432.0,91.79227941176471,10880,7328,100663296.0,10066329.6
HyperX,2661,447259410432.0,91.80147058823529,10880,7328,100663296.0,10066329.6
HyperX,2662,447259410432.0,91.81066176470588,10880,7328,100663296.0,10066329.6
HyperX,2663,447259410432.0,91.81985294117648,10880,7328,100663296.0,10066329.6
HyperX,2664,447259410432.0,91.82904411764706,10880,7328,100663296.0,10066329.6
HyperX,2665,447259410432.0,91.83823529411764,10880,7328,100663296.0,10066329.6
HyperX,2666,447259410432.0,91.84742647058823,10880,7328,100663296.0,10066329.6
HyperX,2667,447259410432.0,91.85661764705883,10880,7328,100663296.0,10066329.6
HyperX,2668,447259410432.0,91.86580882352942,10880,7328,100663296.0,10066329.6
HyperX,2669,447259410432.0,91.875,10880,7328,100663296.0,10066329.6
HyperX,2670,447259410432.0,91.88419117647058,10880,7328,100663296.0,10066329.6
HyperX,2671,447259410432.0,91.89338235294117,10880,7328,100663296.0,10066329.6
HyperX,2672,447259410432.0,91.90257352941177,10880,7328,100663296.0,10066329.6
HyperX,2673,447259410432.0,91.91176470588235,10880,7328,100663296.0,10066329.6
HyperX,2674,447259410432.0,91.92095588235294,10880,7328,100663296.0,10066329.6
HyperX,2675,447259410432.0,91.93014705882354,10880,7328,100663296.0,10066329.6
HyperX,2676,447259410432.0,91.93933823529412,10880,7328,100663296.0,10066329.6
HyperX,2677,447259410432.0,91.9485294117647,10880,7328,100663296.0,10066329.6
HyperX,2678,447259410432.0,91.95772058823529,10880,7328,100663296.0,10066329.6
HyperX,2679,447259410432.0,91.96691176470588,10880,7328,100663296.0,10066329.6
HyperX,2680,447259410432.0,91.97610294117648,10880,7328,100663296.0,10066329.6
HyperX,2681,447259410432.0,91.98529411764706,10880,7328,100663296.0,10066329.6
HyperX,2682,447259410432.0,91.99448529411765,10880,7328,100663296.0,10066329.6
HyperX,2683,447259410432.0,92.00367647058823,10880,7328,100663296.0,10066329.6
HyperX,2684,447259410432.0,92.01286764705883,10880,7328,100663296.0,10066329.6
HyperX,2685,447259410432.0,92.0220588235294,10880,7328,100663296.0,10066329.6
HyperX,2686,447259410432.0,92.03125,10880,7328,100663296.0,10066329.6
HyperX,2687,447259410432.0,92.0404411764706,10880,7328,100663296.0,10066329.6
HyperX,2688,447259410432.0,92.04963235294117,10880,7328,100663296.0,10066329.6
HyperX,2689,447259410432.0,92.05882352941175,10880,7328,100663296.0,10066329.6
HyperX,2690,447259410432.0,92.06801470588235,10880,7328,100663296.0,10066329.6
HyperX,2691,447259410432.0,92.07720588235294,10880,7328,100663296.0,10066329.6
HyperX,2692,447259410432.0,92.08639705882354,10880,7328,100663296.0,10066329.6
HyperX,2693,447259410432.0,92.09558823529412,10880,7328,100663296.0,10066329.6
HyperX,2694,447259410432.0,92.10477941176471,10880,7328,100663296.0,10066329.6
HyperX,2695,447259410432.0,92.11397058823529,10880,7328,100663296.0,10066329.6
HyperX,2696,447259410432.0,92.12316176470588,10880,7328,100663296.0,10066329.6
HyperX,2697,447259410432.0,92.13235294117646,10880,7328,100663296.0,10066329.6
HyperX,2698,447259410432.0,92.14154411764706,10880,7328,100663296.0,10066329.6
HyperX,2699,447259410432.0,92.15073529411765,10880,7328,100663296.0,10066329.6
HyperX,2700,447259410432.0,92.15992647058823,10880,7328,100663296.0,10066329.6
HyperX,2701,447259410432.0,92.16911764705881,10880,7328,100663296.0,10066329.6
HyperX,2702,447259410432.0,92.1783088235294,10880,7328,100663296.0,10066329.6
HyperX,2703,447259410432.0,92.1875,10880,7328,100663296.0,10066329.6
HyperX,2704,447259410432.0,92.1966911764706,10880,7328,100663296.0,10066329.6
HyperX,2705,447259410432.0,92.20588235294119,10880,7328,100663296.0,10066329.6
HyperX,2706,447259410432.0,92.21507352941177,10880,7328,100663296.0,10066329.6
HyperX,2707,447259410432.0,92.22426470588235,10880,7328,100663296.0,10066329.6
HyperX,2708,447259410432.0,92.23345588235294,10880,7328,100663296.0,10066329.6
HyperX,2709,447259410432.0,92.24264705882354,10880,7328,100663296.0,10066329.6
HyperX,2710,447259410432.0,92.25183823529412,10880,7328,100663296.0,10066329.6
HyperX,2711,447259410432.0,92.26102941176471,10880,7328,100663296.0,10066329.6
HyperX,2712,447259410432.0,92.27022058823529,10880,7328,100663296.0,10066329.6
HyperX,2713,447259410432.0,92.27941176470588,10880,7328,100663296.0,10066329.6
HyperX,2714,447259410432.0,92.28860294117646,10880,7328,100663296.0,10066329.6
HyperX,2715,447259410432.0,92.29779411764706,10880,7328,100663296.0,10066329.6
HyperX,2716,447259410432.0,92.30698529411765,10880,7328,100663296.0,10066329.6
HyperX,2717,447259410432.0,92.31617647058825,10880,7328,100663296.0,10066329.6
HyperX,2718,447259410432.0,92.32536764705883,10880,7328,100663296.0,10066329.6
HyperX,2719,447259410432.0,92.3345588235294,10880,7328,100663296.0,10066329.6
HyperX,2720,447259410432.0,92.34375,10880,7328,100663296.0,10066329.6
HyperX,2721,447259410432.0,92.3529411764706,10880,7328,100663296.0,10066329.6
HyperX,2722,447259410432.0,92.36213235294117,10880,7328,100663296.0,10066329.6
HyperX,2723,447259410432.0,92.37132352941177,10880,7328,100663296.0,10066329.6
HyperX,2724,447259410432.0,92.38051470588235,10880,7328,100663296.0,10066329.6
HyperX,2725,447259410432.0,92.38970588235294,10880,7328,100663296.0,10066329.6
HyperX,2726,447259410432.0,92.39889705882352,10880,7328,100663296.0,10066329.6
HyperX,2727,447259410432.0,92.40808823529412,10880,7328,100663296.0,10066329.6
HyperX,2728,447259410432.0,92.41727941176471,10880,7328,100663296.0,10066329.6
HyperX,2729,447259410432.0,92.4264705882353,10880,7328,100663296.0,10066329.6
HyperX,2730,447259410432.0,92.43566176470588,10880,7328,100663296.0,10066329.6
HyperX,2731,447259410432.0,92.44485294117646,10880,7328,100663296.0,10066329.6
HyperX,2732,447259410432.0,92.45404411764706,10880,7328,100663296.0,10066329.6
HyperX,2733,447259410432.0,92.46323529411765,10880,7328,100663296.0,10066329.6
HyperX,2734,447259410432.0,92.47242647058823,10880,7328,100663296.0,10066329.6
HyperX,2735,447259410432.0,92.48161764705883,10880,7328,100663296.0,10066329.6
HyperX,2736,447259410432.0,92.49080882352942,10880,7328,100663296.0,10066329.6
HyperX,2737,447259410432.0,92.5,10880,7328,100663296.0,10066329.6
HyperX,2738,447259410432.0,92.50919117647058,10880,7328,100663296.0,10066329.6
HyperX,2739,447259410432.0,92.51838235294117,10880,7328,100663296.0,10066329.6
HyperX,2740,447259410432.0,92.52757352941177,10880,7328,100663296.0,10066329.6
HyperX,2741,447259410432.0,92.53676470588236,10880,7328,100663296.0,10066329.6
HyperX,2742,447259410432.0,92.54595588235294,10880,7328,100663296.0,10066329.6
HyperX,2743,447259410432.0,92.55514705882352,10880,7328,100663296.0,10066329.6
HyperX,2744,447259410432.0,92.56433823529412,10880,7328,100663296.0,10066329.6
HyperX,2745,447259410432.0,92.57352941176471,10880,7328,100663296.0,10066329.6
HyperX,2746,447259410432.0,92.58272058823529,10880,7328,100663296.0,10066329.6
HyperX,2747,447259410432.0,92.59191176470588,10880,7328,100663296.0,10066329.6
HyperX,2748,447259410432.0,92.60110294117648,10880,7328,100663296.0,10066329.6
HyperX,2749,447259410432.0,92.61029411764706,10880,7328,100663296.0,10066329.6
HyperX,2750,447259410432.0,92.61948529411764,10880,7328,100663296.0,10066329.6
HyperX,2751,447259410432.0,92.62867647058823,10880,7328,100663296.0,10066329.6
HyperX,2752,447259410432.0,92.63786764705883,10880,7328,100663296.0,10066329.6
HyperX,2753,447259410432.0,92.64705882352942,10880,7328,100663296.0,10066329.6
HyperX,2754,447259410432.0,92.65625,10880,7328,100663296.0,10066329.6
HyperX,2755,447259410432.0,92.66544117647058,10880,7328,100663296.0,10066329.6
HyperX,2756,447259410432.0,92.67463235294117,10880,7328,100663296.0,10066329.6
HyperX,2757,447259410432.0,92.68382352941177,10880,7328,100663296.0,10066329.6
HyperX,2758,447259410432.0,92.69301470588235,10880,7328,100663296.0,10066329.6
HyperX,2759,447259410432.0,92.70220588235294,10880,7328,100663296.0,10066329.6
HyperX,2760,447259410432.0,92.71139705882354,10880,7328,100663296.0,10066329.6
HyperX,2761,447259410432.0,92.72058823529412,10880,7328,100663296.0,10066329.6
HyperX,2762,447259410432.0,92.7297794117647,10880,7328,100663296.0,10066329.6
HyperX,2763,447259410432.0,92.73897058823529,10880,7328,100663296.0,10066329.6
HyperX,2764,447259410432.0,92.74816176470588,10880,7328,100663296.0,10066329.6
HyperX,2765,447259410432.0,92.75735294117648,10880,7328,100663296.0,10066329.6
HyperX,2766,447259410432.0,92.76654411764706,10880,7328,100663296.0,10066329.6
HyperX,2767,447259410432.0,92.77573529411765,10880,7328,100663296.0,10066329.6
HyperX,2768,447259410432.0,92.78492647058823,10880,7328,100663296.0,10066329.6
HyperX,2769,447259410432.0,92.79411764705883,10880,7328,100663296.0,10066329.6
HyperX,2770,447259410432.0,92.8033088235294,10880,7328,100663296.0,10066329.6
HyperX,2771,447259410432.0,92.8125,10880,7328,100663296.0,10066329.6
HyperX,2772,447259410432.0,92.8216911764706,10880,7328,100663296.0,10066329.6
HyperX,2773,447259410432.0,92.83088235294117,10880,7328,100663296.0,10066329.6
HyperX,2774,447259410432.0,92.84007352941175,10880,7328,100663296.0,10066329.6
HyperX,2775,447259410432.0,92.84926470588235,10880,7328,100663296.0,10066329.6
HyperX,2776,447259410432.0,92.85845588235294,10880,7328,100663296.0,10066329.6
HyperX,2777,447259410432.0,92.86764705882354,10880,7328,100663296.0,10066329.6
HyperX,2778,447259410432.0,92.87683823529412,10880,7328,100663296.0,10066329.6
HyperX,2779,447259410432.0,92.88602941176471,10880,7328,100663296.0,10066329.6
HyperX,2780,447259410432.0,92.89522058823529,10880,7328,100663296.0,10066329.6
HyperX,2781,447259410432.0,92.90441176470588,10880,7328,100663296.0,10066329.6
HyperX,2782,447259410432.0,92.91360294117646,10880,7328,100663296.0,10066329.6
HyperX,2783,447259410432.0,92.92279411764706,10880,7328,100663296.0,10066329.6
HyperX,2784,447259410432.0,92.93198529411765,10880,7328,100663296.0,10066329.6
HyperX,2785,447259410432.0,92.94117647058823,10880,7328,100663296.0,10066329.6
HyperX,2786,447259410432.0,92.95036764705881,10880,7328,100663296.0,10066329.6
HyperX,2787,447259410432.0,92.9595588235294,10880,7328,100663296.0,10066329.6
HyperX,2788,447259410432.0,92.96875,10880,7328,100663296.0,10066329.6
HyperX,2789,447259410432.0,92.9779411764706,10880,7328,100663296.0,10066329.6
HyperX,2790,447259410432.0,92.98713235294119,10880,7328,100663296.0,10066329.6
HyperX,2791,447259410432.0,92.99632352941177,10880,7328,100663296.0,10066329.6
HyperX,2792,447259410432.0,93.00551470588235,10880,7328,100663296.0,10066329.6
HyperX,2793,447259410432.0,93.01470588235294,10880,7328,100663296.0,10066329.6
HyperX,2794,447259410432.0,93.02389705882354,10880,7328,100663296.0,10066329.6
HyperX,2795,447259410432.0,93.03308823529412,10880,7328,100663296.0,10066329.6
HyperX,2796,447259410432.0,93.04227941176471,10880,7328,100663296.0,10066329.6
HyperX,2797,447259410432.0,93.05147058823529,10880,7328,100663296.0,10066329.6
HyperX,2798,447259410432.0,93.06066176470588,10880,7328,100663296.0,10066329.6
HyperX,2799,447259410432.0,93.06985294117646,10880,7328,100663296.0,10066329.6
HyperX,2800,447259410432.0,93.07904411764706,10880,7328,100663296.0,10066329.6
HyperX,2801,447259410432.0,93.08823529411765,10880,7328,100663296.0,10066329.6
HyperX,2802,447259410432.0,93.09742647058825,10880,7328,100663296.0,10066329.6
HyperX,2803,447259410432.0,93.10661764705883,10880,7328,100663296.0,10066329.6
HyperX,2804,447259410432.0,93.1158088235294,10880,7328,100663296.0,10066329.6
HyperX,2805,447259410432.0,93.125,10880,7328,100663296.0,10066329.6
HyperX,2806,447259410432.0,93.1341911764706,10880,7328,100663296.0,10066329.6
HyperX,2807,447259410432.0,93.14338235294117,10880,7328,100663296.0,10066329.6
HyperX,2808,447259410432.0,93.15257352941177,10880,7328,100663296.0,10066329.6
HyperX,2809,447259410432.0,93.16176470588235,10880,7328,100663296.0,10066329.6
HyperX,2810,447259410432.0,93.17095588235294,10880,7328,100663296.0,10066329.6
HyperX,2811,447259410432.0,93.18014705882352,10880,7328,100663296.0,10066329.6
HyperX,2812,447259410432.0,93.18933823529412,10880,7328,100663296.0,10066329.6
HyperX,2813,447259410432.0,93.19852941176471,10880,7328,100663296.0,10066329.6
HyperX,2814,447259410432.0,93.2077205882353,10880,7328,100663296.0,10066329.6
HyperX,2815,447259410432.0,93.21691176470588,10880,7328,100663296.0,10066329.6
HyperX,2816,447259410432.0,93.22610294117646,10880,7328,100663296.0,10066329.6
HyperX,2817,447259410432.0,93.23529411764706,10880,7328,100663296.0,10066329.6
HyperX,2818,447259410432.0,93.24448529411765,10880,7328,100663296.0,10066329.6
HyperX,2819,447259410432.0,93.25367647058823,10880,7328,100663296.0,10066329.6
HyperX,2820,447259410432.0,93.26286764705883,10880,7328,100663296.0,10066329.6
HyperX,2821,447259410432.0,93.27205882352942,10880,7328,100663296.0,10066329.6
HyperX,2822,447259410432.0,93.28125,10880,7328,100663296.0,10066329.6
HyperX,2823,447259410432.0,93.29044117647058,10880,7328,100663296.0,10066329.6
HyperX,2824,447259410432.0,93.29963235294117,10880,7328,100663296.0,10066329.6
HyperX,2825,447259410432.0,93.30882352941177,10880,7328,100663296.0,10066329.6
HyperX,2826,447259410432.0,93.31801470588236,10880,7328,100663296.0,10066329.6
HyperX,2827,447259410432.0,93.32720588235294,10880,7328,100663296.0,10066329.6
HyperX,2828,447259410432.0,93.33639705882352,10880,7328,100663296.0,10066329.6
HyperX,2829,447259410432.0,93.34558823529412,10880,7328,100663296.0,10066329.6
HyperX,2830,447259410432.0,93.35477941176471,10880,7328,100663296.0,10066329.6
HyperX,2831,447259410432.0,93.36397058823529,10880,7328,100663296.0,10066329.6
HyperX,2832,447259410432.0,93.37316176470588,10880,7328,100663296.0,10066329.6
HyperX,2833,447259410432.0,93.38235294117648,10880,7328,100663296.0,10066329.6
HyperX,2834,447259410432.0,93.39154411764706,10880,7328,100663296.0,10066329.6
HyperX,2835,447259410432.0,93.40073529411764,10880,7328,100663296.0,10066329.6
HyperX,2836,447259410432.0,93.40992647058823,10880,7328,100663296.0,10066329.6
HyperX,2837,447259410432.0,93.41911764705883,10880,7328,100663296.0,10066329.6
HyperX,2838,447259410432.0,93.42830882352942,10880,7328,100663296.0,10066329.6
HyperX,2839,447259410432.0,93.4375,10880,7328,100663296.0,10066329.6
HyperX,2840,447259410432.0,93.44669117647058,10880,7328,100663296.0,10066329.6
HyperX,2841,447259410432.0,93.45588235294117,10880,7328,100663296.0,10066329.6
HyperX,2842,447259410432.0,93.46507352941177,10880,7328,100663296.0,10066329.6
HyperX,2843,447259410432.0,93.47426470588235,10880,7328,100663296.0,10066329.6
HyperX,2844,447259410432.0,93.48345588235294,10880,7328,100663296.0,10066329.6
HyperX,2845,447259410432.0,93.49264705882354,10880,7328,100663296.0,10066329.6
HyperX,2846,447259410432.0,93.50183823529412,10880,7328,100663296.0,10066329.6
HyperX,2847,447259410432.0,93.5110294117647,10880,7328,100663296.0,10066329.6
HyperX,2848,447259410432.0,93.52022058823529,10880,7328,100663296.0,10066329.6
HyperX,2849,447259410432.0,93.52941176470588,10880,7328,100663296.0,10066329.6
HyperX,2850,447259410432.0,93.53860294117648,10880,7328,100663296.0,10066329.6
HyperX,2851,447259410432.0,93.54779411764706,10880,7328,100663296.0,10066329.6
HyperX,2852,447259410432.0,93.55698529411765,10880,7328,100663296.0,10066329.6
HyperX,2853,447259410432.0,93.56617647058823,10880,7328,100663296.0,10066329.6
HyperX,2854,447259410432.0,93.57536764705883,10880,7328,100663296.0,10066329.6
HyperX,2855,447259410432.0,93.5845588235294,10880,7328,100663296.0,10066329.6
HyperX,2856,447259410432.0,93.59375,10880,7328,100663296.0,10066329.6
HyperX,2857,447259410432.0,93.6029411764706,10880,7328,100663296.0,10066329.6
HyperX,2858,447259410432.0,93.61213235294117,10880,7328,100663296.0,10066329.6
HyperX,2859,447259410432.0,93.62132352941175,10880,7328,100663296.0,10066329.6
HyperX,2860,447259410432.0,93.63051470588235,10880,7328,100663296.0,10066329.6
HyperX,2861,447259410432.0,93.63970588235294,10880,7328,100663296.0,10066329.6
HyperX,2862,447259410432.0,93.64889705882354,10880,7328,100663296.0,10066329.6
HyperX,2863,447259410432.0,93.65808823529412,10880,7328,100663296.0,10066329.6
HyperX,2864,447259410432.0,93.66727941176471,10880,7328,100663296.0,10066329.6
HyperX,2865,447259410432.0,93.67647058823529,10880,7328,100663296.0,10066329.6
HyperX,2866,447259410432.0,93.68566176470588,10880,7328,100663296.0,10066329.6
HyperX,2867,447259410432.0,93.69485294117646,10880,7328,100663296.0,10066329.6
HyperX,2868,447259410432.0,93.70404411764706,10880,7328,100663296.0,10066329.6
HyperX,2869,447259410432.0,93.71323529411765,10880,7328,100663296.0,10066329.6
HyperX,2870,447259410432.0,93.72242647058823,10880,7328,100663296.0,10066329.6
HyperX,2871,447259410432.0,93.73161764705881,10880,7328,100663296.0,10066329.6
HyperX,2872,447259410432.0,93.7408088235294,10880,7328,100663296.0,10066329.6
HyperX,2873,447259410432.0,93.75,10880,7328,100663296.0,10066329.6
HyperX,2874,447259410432.0,93.7591911764706,10880,7328,100663296.0,10066329.6
HyperX,2875,447259410432.0,93.76838235294119,10880,7328,100663296.0,10066329.6
HyperX,2876,447259410432.0,93.77757352941177,10880,7328,100663296.0,10066329.6
HyperX,2877,447259410432.0,93.78676470588235,10880,7328,100663296.0,10066329.6
HyperX,2878,447259410432.0,93.79595588235294,10880,7328,100663296.0,10066329.6
HyperX,2879,447259410432.0,93.80514705882354,10880,7328,100663296.0,10066329.6
HyperX,2880,447259410432.0,93.81433823529412,10880,7328,100663296.0,10066329.6
HyperX,2881,447259410432.0,93.82352941176471,10880,7328,100663296.0,10066329.6
HyperX,2882,447259410432.0,93.83272058823529,10880,7328,100663296.0,10066329.6
HyperX,2883,447259410432.0,93.84191176470588,10880,7328,100663296.0,10066329.6
HyperX,2884,447259410432.0,93.85110294117646,10880,7328,100663296.0,10066329.6
HyperX,2885,447259410432.0,93.86029411764706,10880,7328,100663296.0,10066329.6
HyperX,2886,447259410432.0,93.86948529411765,10880,7328,100663296.0,10066329.6
HyperX,2887,447259410432.0,93.87867647058825,10880,7328,100663296.0,10066329.6
HyperX,2888,447259410432.0,93.88786764705883,10880,7328,100663296.0,10066329.6
HyperX,2889,447259410432.0,93.8970588235294,10880,7328,100663296.0,10066329.6
HyperX,2890,447259410432.0,93.90625,10880,7328,100663296.0,10066329.6
HyperX,2891,447259410432.0,93.9154411764706,10880,7328,100663296.0,10066329.6
HyperX,2892,447259410432.0,93.92463235294117,10880,7328,100663296.0,10066329.6
HyperX,2893,447259410432.0,93.93382352941177,10880,7328,100663296.0,10066329.6
HyperX,2894,447259410432.0,93.94301470588235,10880,7328,100663296.0,10066329.6
HyperX,2895,447259410432.0,93.95220588235294,10880,7328,100663296.0,10066329.6
HyperX,2896,447259410432.0,93.96139705882352,10880,7328,100663296.0,10066329.6
HyperX,2897,447259410432.0,93.97058823529412,10880,7328,100663296.0,10066329.6
HyperX,2898,447259410432.0,93.97977941176471,10880,7328,100663296.0,10066329.6
HyperX,2899,447259410432.0,93.9889705882353,10880,7328,100663296.0,10066329.6
HyperX,2900,447259410432.0,93.99816176470588,10880,7328,100663296.0,10066329.6
HyperX,2901,447259410432.0,94.00735294117646,10880,7328,100663296.0,10066329.6
HyperX,2902,447259410432.0,94.01654411764706,10880,7328,100663296.0,10066329.6
HyperX,2903,447259410432.0,94.02573529411765,10880,7328,100663296.0,10066329.6
HyperX,2904,447259410432.0,94.03492647058823,10880,7328,100663296.0,10066329.6
HyperX,2905,447259410432.0,94.04411764705883,10880,7328,100663296.0,10066329.6
HyperX,2906,447259410432.0,94.05330882352942,10880,7328,100663296.0,10066329.6
HyperX,2907,447259410432.0,94.0625,10880,7328,100663296.0,10066329.6
HyperX,2908,447259410432.0,94.07169117647058,10880,7328,100663296.0,10066329.6
HyperX,2909,447259410432.0,94.08088235294117,10880,7328,100663296.0,10066329.6
HyperX,2910,447259410432.0,94.09007352941177,10880,7328,100663296.0,10066329.6
HyperX,2911,447259410432.0,94.09926470588236,10880,7328,100663296.0,10066329.6
HyperX,2912,447259410432.0,94.10845588235294,10880,7328,100663296.0,10066329.6
HyperX,2913,447259410432.0,94.11764705882352,10880,7328,100663296.0,10066329.6
HyperX,2914,447259410432.0,94.12683823529412,10880,7328,100663296.0,10066329.6
HyperX,2915,447259410432.0,94.13602941176471,10880,7328,100663296.0,10066329.6
HyperX,2916,447259410432.0,94.14522058823529,10880,7328,100663296.0,10066329.6
HyperX,2917,447259410432.0,94.15441176470588,10880,7328,100663296.0,10066329.6
HyperX,2918,447259410432.0,94.16360294117648,10880,7328,100663296.0,10066329.6
HyperX,2919,447259410432.0,94.17279411764706,10880,7328,100663296.0,10066329.6
HyperX,2920,447259410432.0,94.18198529411764,10880,7328,100663296.0,10066329.6
HyperX,2921,447259410432.0,94.19117647058823,10880,7328,100663296.0,10066329.6
HyperX,2922,447259410432.0,94.20036764705883,10880,7328,100663296.0,10066329.6
HyperX,2923,447259410432.0,94.20955882352942,10880,7328,100663296.0,10066329.6
HyperX,2924,447259410432.0,94.21875,10880,7328,100663296.0,10066329.6
HyperX,2925,447259410432.0,94.22794117647058,10880,7328,100663296.0,10066329.6
HyperX,2926,447259410432.0,94.23713235294117,10880,7328,100663296.0,10066329.6
HyperX,2927,447259410432.0,94.24632352941177,10880,7328,100663296.0,10066329.6
HyperX,2928,447259410432.0,94.25551470588235,10880,7328,100663296.0,10066329.6
HyperX,2929,447259410432.0,94.26470588235294,10880,7328,100663296.0,10066329.6
HyperX,2930,447259410432.0,94.27389705882354,10880,7328,100663296.0,10066329.6
HyperX,2931,447259410432.0,94.28308823529412,10880,7328,100663296.0,10066329.6
HyperX,2932,447259410432.0,94.2922794117647,10880,7328,100663296.0,10066329.6
HyperX,2933,447259410432.0,94.30147058823529,10880,7328,100663296.0,10066329.6
HyperX,2934,447259410432.0,94.31066176470588,10880,7328,100663296.0,10066329.6
HyperX,2935,447259410432.0,94.31985294117648,10880,7328,100663296.0,10066329.6
HyperX,2936,447259410432.0,94.32904411764706,10880,7328,100663296.0,10066329.6
HyperX,2937,447259410432.0,94.33823529411765,10880,7328,100663296.0,10066329.6
HyperX,2938,447259410432.0,94.34742647058823,10880,7328,100663296.0,10066329.6
HyperX,2939,447259410432.0,94.35661764705883,10880,7328,100663296.0,10066329.6
HyperX,2940,447259410432.0,94.3658088235294,10880,7328,100663296.0,10066329.6
HyperX,2941,447259410432.0,94.375,10880,7328,100663296.0,10066329.6
HyperX,2942,447259410432.0,94.3841911764706,10880,7328,100663296.0,10066329.6
HyperX,2943,447259410432.0,94.39338235294117,10880,7328,100663296.0,10066329.6
HyperX,2944,447259410432.0,94.40257352941175,10880,7328,100663296.0,10066329.6
HyperX,2945,447259410432.0,94.41176470588235,10880,7328,100663296.0,10066329.6
HyperX,2946,447259410432.0,94.42095588235294,10880,7328,100663296.0,10066329.6
HyperX,2947,447259410432.0,94.43014705882354,10880,7328,100663296.0,10066329.6
HyperX,2948,447259410432.0,94.43933823529412,10880,7328,100663296.0,10066329.6
HyperX,2949,447259410432.0,94.44852941176471,10880,7328,100663296.0,10066329.6
HyperX,2950,447259410432.0,94.45772058823529,10880,7328,100663296.0,10066329.6
HyperX,2951,447259410432.0,94.46691176470588,10880,7328,100663296.0,10066329.6
HyperX,2952,447259410432.0,94.47610294117646,10880,7328,100663296.0,10066329.6
HyperX,2953,447259410432.0,94.48529411764706,10880,7328,100663296.0,10066329.6
HyperX,2954,447259410432.0,94.49448529411765,10880,7328,100663296.0,10066329.6
HyperX,2955,447259410432.0,94.50367647058823,10880,7328,100663296.0,10066329.6
HyperX,2956,447259410432.0,94.51286764705881,10880,7328,100663296.0,10066329.6
HyperX,2957,447259410432.0,94.5220588235294,10880,7328,100663296.0,10066329.6
HyperX,2958,447259410432.0,94.53125,10880,7328,100663296.0,10066329.6
HyperX,2959,447259410432.0,94.5404411764706,10880,7328,100663296.0,10066329.6
HyperX,2960,447259410432.0,94.54963235294119,10880,7328,100663296.0,10066329.6
HyperX,2961,447259410432.0,94.55882352941177,10880,7328,100663296.0,10066329.6
HyperX,2962,447259410432.0,94.56801470588235,10880,7328,100663296.0,10066329.6
HyperX,2963,447259410432.0,94.57720588235294,10880,7328,100663296.0,10066329.6
HyperX,2964,447259410432.0,94.58639705882354,10880,7328,100663296.0,10066329.6
HyperX,2965,447259410432.0,94.59558823529412,10880,7328,100663296.0,10066329.6
HyperX,2966,447259410432.0,94.60477941176471,10880,7328,100663296.0,10066329.6
HyperX,2967,447259410432.0,94.61397058823529,10880,7328,100663296.0,10066329.6
HyperX,2968,447259410432.0,94.62316176470588,10880,7328,100663296.0,10066329.6
HyperX,2969,447259410432.0,94.63235294117646,10880,7328,100663296.0,10066329.6
HyperX,2970,447259410432.0,94.64154411764706,10880,7328,100663296.0,10066329.6
HyperX,2971,447259410432.0,94.65073529411765,10880,7328,100663296.0,10066329.6
HyperX,2972,447259410432.0,94.65992647058825,10880,7328,100663296.0,10066329.6
HyperX,2973,447259410432.0,94.66911764705883,10880,7328,100663296.0,10066329.6
HyperX,2974,447259410432.0,94.6783088235294,10880,7328,100663296.0,10066329.6
HyperX,2975,447259410432.0,94.6875,10880,7328,100663296.0,10066329.6
HyperX,2976,447259410432.0,94.6966911764706,10880,7328,100663296.0,10066329.6
HyperX,2977,447259410432.0,94.70588235294117,10880,7328,100663296.0,10066329.6
HyperX,2978,447259410432.0,94.71507352941177,10880,7328,100663296.0,10066329.6
HyperX,2979,447259410432.0,94.72426470588235,10880,7328,100663296.0,10066329.6
HyperX,2980,447259410432.0,94.73345588235294,10880,7328,100663296.0,10066329.6
HyperX,2981,447259410432.0,94.74264705882352,10880,7328,100663296.0,10066329.6
HyperX,2982,447259410432.0,94.75183823529412,10880,7328,100663296.0,10066329.6
HyperX,2983,447259410432.0,94.76102941176471,10880,7328,100663296.0,10066329.6
HyperX,2984,447259410432.0,94.7702205882353,10880,7328,100663296.0,10066329.6
HyperX,2985,447259410432.0,94.77941176470588,10880,7328,100663296.0,10066329.6
HyperX,2986,447259410432.0,94.78860294117646,10880,7328,100663296.0,10066329.6
HyperX,2987,447259410432.0,94.79779411764706,10880,7328,100663296.0,10066329.6
HyperX,2988,447259410432.0,94.80698529411765,10880,7328,100663296.0,10066329.6
HyperX,2989,447259410432.0,94.81617647058823,10880,7328,100663296.0,10066329.6
HyperX,2990,447259410432.0,94.82536764705883,10880,7328,100663296.0,10066329.6
HyperX,2991,447259410432.0,94.83455882352942,10880,7328,100663296.0,10066329.6
HyperX,2992,447259410432.0,94.84375,10880,7328,100663296.0,10066329.6
HyperX,2993,447259410432.0,94.85294117647058,10880,7328,100663296.0,10066329.6
HyperX,2994,447259410432.0,94.86213235294117,10880,7328,100663296.0,10066329.6
HyperX,2995,447259410432.0,94.87132352941177,10880,7328,100663296.0,10066329.6
HyperX,2996,447259410432.0,94.88051470588236,10880,7328,100663296.0,10066329.6
HyperX,2997,447259410432.0,94.88970588235294,10880,7328,100663296.0,10066329.6
HyperX,2998,447259410432.0,94.89889705882352,10880,7328,100663296.0,10066329.6
HyperX,2999,447259410432.0,94.90808823529412,10880,7328,100663296.0,10066329.6
HyperX,3000,447259410432.0,94.91727941176471,10880,7328,100663296.0,10066329.6
HyperX,3001,447259410432.0,94.92647058823529,10880,7328,100663296.0,10066329.6
HyperX,3002,447259410432.0,94.93566176470588,10880,7328,100663296.0,10066329.6
HyperX,3003,447259410432.0,94.94485294117648,10880,7328,100663296.0,10066329.6
HyperX,3004,447259410432.0,94.95404411764706,10880,7328,100663296.0,10066329.6
HyperX,3005,447259410432.0,94.96323529411764,10880,7328,100663296.0,10066329.6
HyperX,3006,447259410432.0,94.97242647058823,10880,7328,100663296.0,10066329.6
HyperX,3007,447259410432.0,94.98161764705883,10880,7328,100663296.0,10066329.6
HyperX,3008,447259410432.0,94.99080882352942,10880,7328,100663296.0,10066329.6
HyperX,3009,447259410432.0,95.0,10880,7328,100663296.0,10066329.6
HyperX,3010,447259410432.0,95.00919117647058,10880,7328,100663296.0,10066329.6
HyperX,3011,447259410432.0,95.01838235294117,10880,7328,100663296.0,10066329.6
HyperX,3012,447259410432.0,95.02757352941177,10880,7328,100663296.0,10066329.6
HyperX,3013,447259410432.0,95.03676470588235,10880,7328,100663296.0,10066329.6
HyperX,3014,447259410432.0,95.04595588235294,10880,7328,100663296.0,10066329.6
HyperX,3015,447259410432.0,95.05514705882354,10880,7328,100663296.0,10066329.6
HyperX,3016,447259410432.0,95.06433823529412,10880,7328,100663296.0,10066329.6
HyperX,3017,447259410432.0,95.0735294117647,10880,7328,100663296.0,10066329.6
HyperX,3018,447259410432.0,95.08272058823529,10880,7328,100663296.0,10066329.6
HyperX,3019,447259410432.0,95.09191176470588,10880,7328,100663296.0,10066329.6
HyperX,3020,447259410432.0,95.10110294117648,10880,7328,100663296.0,10066329.6
HyperX,3021,447259410432.0,95.11029411764706,10880,7328,100663296.0,10066329.6
HyperX,3022,447259410432.0,95.11948529411765,10880,7328,100663296.0,10066329.6
HyperX,3023,447259410432.0,95.12867647058823,10880,7328,100663296.0,10066329.6
HyperX,3024,447259410432.0,95.13786764705883,10880,7328,100663296.0,10066329.6
HyperX,3025,447259410432.0,95.1470588235294,10880,7328,100663296.0,10066329.6
HyperX,3026,447259410432.0,95.15625,10880,7328,100663296.0,10066329.6
HyperX,3027,447259410432.0,95.1654411764706,10880,7328,100663296.0,10066329.6
HyperX,3028,447259410432.0,95.17463235294117,10880,7328,100663296.0,10066329.6
HyperX,3029,447259410432.0,95.18382352941175,10880,7328,100663296.0,10066329.6
HyperX,3030,447259410432.0,95.19301470588235,10880,7328,100663296.0,10066329.6
HyperX,3031,447259410432.0,95.20220588235294,10880,7328,100663296.0,10066329.6
HyperX,3032,447259410432.0,95.21139705882354,10880,7328,100663296.0,10066329.6
HyperX,3033,447259410432.0,95.22058823529412,10880,7328,100663296.0,10066329.6
HyperX,3034,447259410432.0,95.22977941176471,10880,7328,100663296.0,10066329.6
HyperX,3035,447259410432.0,95.23897058823529,10880,7328,100663296.0,10066329.6
HyperX,3036,447259410432.0,95.24816176470588,10880,7328,100663296.0,10066329.6
HyperX,3037,447259410432.0,95.25735294117646,10880,7328,100663296.0,10066329.6
HyperX,3038,447259410432.0,95.26654411764706,10880,7328,100663296.0,10066329.6
HyperX,3039,447259410432.0,95.27573529411765,10880,7328,100663296.0,10066329.6
HyperX,3040,447259410432.0,95.28492647058823,10880,7328,100663296.0,10066329.6
HyperX,3041,447259410432.0,95.29411764705881,10880,7328,100663296.0,10066329.6
HyperX,3042,447259410432.0,95.3033088235294,10880,7328,100663296.0,10066329.6
HyperX,3043,447259410432.0,95.3125,10880,7328,100663296.0,10066329.6
HyperX,3044,447259410432.0,95.3216911764706,10880,7328,100663296.0,10066329.6
HyperX,3045,447259410432.0,95.33088235294119,10880,7328,100663296.0,10066329.6
HyperX,3046,447259410432.0,95.34007352941177,10880,7328,100663296.0,10066329.6
HyperX,3047,447259410432.0,95.34926470588235,10880,7328,100663296.0,10066329.6
HyperX,3048,447259410432.0,95.35845588235294,10880,7328,100663296.0,10066329.6
HyperX,3049,447259410432.0,95.36764705882354,10880,7328,100663296.0,10066329.6
HyperX,3050,447259410432.0,95.37683823529412,10880,7328,100663296.0,10066329.6
HyperX,3051,447259410432.0,95.38602941176471,10880,7328,100663296.0,10066329.6
HyperX,3052,447259410432.0,95.39522058823529,10880,7328,100663296.0,10066329.6
HyperX,3053,447259410432.0,95.40441176470588,10880,7328,100663296.0,10066329.6
HyperX,3054,447259410432.0,95.41360294117646,10880,7328,100663296.0,10066329.6
HyperX,3055,447259410432.0,95.42279411764706,10880,7328,100663296.0,10066329.6
HyperX,3056,447259410432.0,95.43198529411765,10880,7328,100663296.0,10066329.6
HyperX,3057,447259410432.0,95.44117647058825,10880,7328,100663296.0,10066329.6
HyperX,3058,447259410432.0,95.45036764705883,10880,7328,100663296.0,10066329.6
HyperX,3059,447259410432.0,95.4595588235294,10880,7328,100663296.0,10066329.6
HyperX,3060,447259410432.0,95.46875,10880,7328,100663296.0,10066329.6
HyperX,3061,447259410432.0,95.4779411764706,10880,7328,100663296.0,10066329.6
HyperX,3062,447259410432.0,95.48713235294117,10880,7328,100663296.0,10066329.6
HyperX,3063,447259410432.0,95.49632352941177,10880,7328,100663296.0,10066329.6
HyperX,3064,447259410432.0,95.50551470588235,10880,7328,100663296.0,10066329.6
HyperX,3065,447259410432.0,95.51470588235294,10880,7328,100663296.0,10066329.6
HyperX,3066,447259410432.0,95.52389705882352,10880,7328,100663296.0,10066329.6
HyperX,3067,447259410432.0,95.53308823529412,10880,7328,100663296.0,10066329.6
HyperX,3068,447259410432.0,95.54227941176471,10880,7328,100663296.0,10066329.6
HyperX,3069,447259410432.0,95.5514705882353,10880,7328,100663296.0,10066329.6
HyperX,3070,447259410432.0,95.56066176470588,10880,7328,100663296.0,10066329.6
HyperX,3071,447259410432.0,95.56985294117646,10880,7328,100663296.0,10066329.6
HyperX,3072,447259410432.0,95.57904411764706,10880,7328,100663296.0,10066329.6
HyperX,3073,447259410432.0,95.58823529411765,10880,7328,100663296.0,10066329.6
HyperX,3074,447259410432.0,95.59742647058823,10880,7328,100663296.0,10066329.6
HyperX,3075,447259410432.0,95.60661764705883,10880,7328,100663296.0,10066329.6
HyperX,3076,447259410432.0,95.61580882352942,10880,7328,100663296.0,10066329.6
HyperX,3077,447259410432.0,95.625,10880,7328,100663296.0,10066329.6
HyperX,3078,447259410432.0,95.63419117647058,10880,7328,100663296.0,10066329.6
HyperX,3079,447259410432.0,95.64338235294117,10880,7328,100663296.0,10066329.6
HyperX,3080,447259410432.0,95.65257352941177,10880,7328,100663296.0,10066329.6
HyperX,3081,447259410432.0,95.66176470588236,10880,7328,100663296.0,10066329.6
HyperX,3082,447259410432.0,95.67095588235294,10880,7328,100663296.0,10066329.6
HyperX,3083,447259410432.0,95.68014705882352,10880,7328,100663296.0,10066329.6
HyperX,3084,447259410432.0,95.68933823529412,10880,7328,100663296.0,10066329.6
HyperX,3085,447259410432.0,95.69852941176471,10880,7328,100663296.0,10066329.6
HyperX,3086,447259410432.0,95.70772058823529,10880,7328,100663296.0,10066329.6
HyperX,3087,447259410432.0,95.71691176470588,10880,7328,100663296.0,10066329.6
HyperX,3088,447259410432.0,95.72610294117648,10880,7328,100663296.0,10066329.6
HyperX,3089,447259410432.0,95.73529411764706,10880,7328,100663296.0,10066329.6
HyperX,3090,447259410432.0,95.74448529411764,10880,7328,100663296.0,10066329.6
HyperX,3091,447259410432.0,95.75367647058823,10880,7328,100663296.0,10066329.6
HyperX,3092,447259410432.0,95.76286764705883,10880,7328,100663296.0,10066329.6
HyperX,3093,447259410432.0,95.77205882352942,10880,7328,100663296.0,10066329.6
HyperX,3094,447259410432.0,95.78125,10880,7328,100663296.0,10066329.6
HyperX,3095,447259410432.0,95.79044117647058,10880,7328,100663296.0,10066329.6
HyperX,3096,447259410432.0,95.79963235294117,10880,7328,100663296.0,10066329.6
HyperX,3097,447259410432.0,95.80882352941177,10880,7328,100663296.0,10066329.6
HyperX,3098,447259410432.0,95.81801470588235,10880,7328,100663296.0,10066329.6
HyperX,3099,447259410432.0,95.82720588235294,10880,7328,100663296.0,10066329.6
HyperX,3100,447259410432.0,95.83639705882354,10880,7328,100663296.0,10066329.6
HyperX,3101,447259410432.0,95.84558823529412,10880,7328,100663296.0,10066329.6
HyperX,3102,447259410432.0,95.8547794117647,10880,7328,100663296.0,10066329.6
HyperX,3103,447259410432.0,95.86397058823529,10880,7328,100663296.0,10066329.6
HyperX,3104,447259410432.0,95.87316176470588,10880,7328,100663296.0,10066329.6
HyperX,3105,447259410432.0,95.88235294117648,10880,7328,100663296.0,10066329.6
HyperX,3106,447259410432.0,95.89154411764706,10880,7328,100663296.0,10066329.6
HyperX,3107,447259410432.0,95.90073529411765,10880,7328,100663296.0,10066329.6
HyperX,3108,447259410432.0,95.90992647058823,10880,7328,100663296.0,10066329.6
HyperX,3109,447259410432.0,95.91911764705883,10880,7328,100663296.0,10066329.6
HyperX,3110,447259410432.0,95.9283088235294,10880,7328,100663296.0,10066329.6
HyperX,3111,447259410432.0,95.9375,10880,7328,100663296.0,10066329.6
HyperX,3112,447259410432.0,95.9466911764706,10880,7328,100663296.0,10066329.6
HyperX,3113,447259410432.0,95.95588235294117,10880,7328,100663296.0,10066329.6
HyperX,3114,447259410432.0,95.96507352941175,10880,7328,100663296.0,10066329.6
HyperX,3115,447259410432.0,95.97426470588235,10880,7328,100663296.0,10066329.6
HyperX,3116,447259410432.0,95.98345588235294,10880,7328,100663296.0,10066329.6
HyperX,3117,447259410432.0,95.99264705882354,10880,7328,100663296.0,10066329.6
HyperX,3118,447259410432.0,96.00183823529412,10880,7328,100663296.0,10066329.6
HyperX,3119,447259410432.0,96.01102941176471,10880,7328,100663296.0,10066329.6
HyperX,3120,447259410432.0,96.02022058823529,10880,7328,100663296.0,10066329.6
HyperX,3121,447259410432.0,96.02941176470588,10880,7328,100663296.0,10066329.6
HyperX,3122,447259410432.0,96.03860294117646,10880,7328,100663296.0,10066329.6
HyperX,3123,447259410432.0,96.04779411764706,10880,7328,100663296.0,10066329.6
HyperX,3124,447259410432.0,96.05698529411765,10880,7328,100663296.0,10066329.6
HyperX,3125,447259410432.0,96.06617647058823,10880,7328,100663296.0,10066329.6
HyperX,3126,447259410432.0,96.07536764705881,10880,7328,100663296.0,10066329.6
HyperX,3127,447259410432.0,96.0845588235294,10880,7328,100663296.0,10066329.6
HyperX,3128,447259410432.0,96.09375,10880,7328,100663296.0,10066329.6
HyperX,3129,447259410432.0,96.1029411764706,10880,7328,100663296.0,10066329.6
HyperX,3130,447259410432.0,96.11213235294119,10880,7328,100663296.0,10066329.6
HyperX,3131,447259410432.0,96.12132352941177,10880,7328,100663296.0,10066329.6
HyperX,3132,447259410432.0,96.13051470588235,10880,7328,100663296.0,10066329.6
HyperX,3133,447259410432.0,96.13970588235294,10880,7328,100663296.0,10066329.6
HyperX,3134,447259410432.0,96.14889705882354,10880,7328,100663296.0,10066329.6
HyperX,3135,447259410432.0,96.15808823529412,10880,7328,100663296.0,10066329.6
HyperX,3136,447259410432.0,96.16727941176471,10880,7328,100663296.0,10066329.6
HyperX,3137,447259410432.0,96.17647058823529,10880,7328,100663296.0,10066329.6
HyperX,3138,447259410432.0,96.18566176470588,10880,7328,100663296.0,10066329.6
HyperX,3139,447259410432.0,96.19485294117646,10880,7328,100663296.0,10066329.6
HyperX,3140,447259410432.0,96.20404411764706,10880,7328,100663296.0,10066329.6
HyperX,3141,447259410432.0,96.21323529411765,10880,7328,100663296.0,10066329.6
HyperX,3142,447259410432.0,96.22242647058825,10880,7328,100663296.0,10066329.6
HyperX,3143,447259410432.0,96.23161764705883,10880,7328,100663296.0,10066329.6
HyperX,3144,447259410432.0,96.2408088235294,10880,7328,100663296.0,10066329.6
HyperX,3145,447259410432.0,96.25,10880,7328,100663296.0,10066329.6
HyperX,3146,447259410432.0,96.2591911764706,10880,7328,100663296.0,10066329.6
HyperX,3147,447259410432.0,96.26838235294117,10880,7328,100663296.0,10066329.6
HyperX,3148,447259410432.0,96.27757352941177,10880,7328,100663296.0,10066329.6
HyperX,3149,447259410432.0,96.28676470588235,10880,7328,100663296.0,10066329.6
HyperX,3150,447259410432.0,96.29595588235294,10880,7328,100663296.0,10066329.6
HyperX,3151,447259410432.0,96.30514705882352,10880,7328,100663296.0,10066329.6
HyperX,3152,447259410432.0,96.31433823529412,10880,7328,100663296.0,10066329.6
HyperX,3153,447259410432.0,96.32352941176471,10880,7328,100663296.0,10066329.6
HyperX,3154,447259410432.0,96.3327205882353,10880,7328,100663296.0,10066329.6
HyperX,3155,447259410432.0,96.34191176470588,10880,7328,100663296.0,10066329.6
HyperX,3156,447259410432.0,96.35110294117646,10880,7328,100663296.0,10066329.6
HyperX,3157,447259410432.0,96.36029411764706,10880,7328,100663296.0,10066329.6
HyperX,3158,447259410432.0,96.36948529411765,10880,7328,100663296.0,10066329.6
HyperX,3159,447259410432.0,96.37867647058823,10880,7328,100663296.0,10066329.6
HyperX,3160,447259410432.0,96.38786764705883,10880,7328,100663296.0,10066329.6
HyperX,3161,447259410432.0,96.39705882352942,10880,7328,100663296.0,10066329.6
HyperX,3162,447259410432.0,96.40625,10880,7328,100663296.0,10066329.6
HyperX,3163,447259410432.0,96.41544117647058,10880,7328,100663296.0,10066329.6
HyperX,3164,447259410432.0,96.42463235294117,10880,7328,100663296.0,10066329.6
HyperX,3165,447259410432.0,96.43382352941177,10880,7328,100663296.0,10066329.6
HyperX,3166,447259410432.0,96.44301470588236,10880,7328,100663296.0,10066329.6
HyperX,3167,447259410432.0,96.45220588235294,10880,7328,100663296.0,10066329.6
HyperX,3168,447259410432.0,96.46139705882352,10880,7328,100663296.0,10066329.6
HyperX,3169,447259410432.0,96.47058823529412,10880,7328,100663296.0,10066329.6
HyperX,3170,447259410432.0,96.47977941176471,10880,7328,100663296.0,10066329.6
HyperX,3171,447259410432.0,96.48897058823529,10880,7328,100663296.0,10066329.6
HyperX,3172,447259410432.0,96.49816176470588,10880,7328,100663296.0,10066329.6
HyperX,3173,447259410432.0,96.50735294117648,10880,7328,100663296.0,10066329.6
HyperX,3174,447259410432.0,96.51654411764706,10880,7328,100663296.0,10066329.6
HyperX,3175,447259410432.0,96.52573529411764,10880,7328,100663296.0,10066329.6
HyperX,3176,447259410432.0,96.53492647058823,10880,7328,100663296.0,10066329.6
HyperX,3177,447259410432.0,96.54411764705883,10880,7328,100663296.0,10066329.6
HyperX,3178,447259410432.0,96.55330882352942,10880,7328,100663296.0,10066329.6
HyperX,3179,447259410432.0,96.5625,10880,7328,100663296.0,10066329.6
HyperX,3180,447259410432.0,96.57169117647058,10880,7328,100663296.0,10066329.6
HyperX,3181,447259410432.0,96.58088235294117,10880,7328,100663296.0,10066329.6
HyperX,3182,447259410432.0,96.59007352941177,10880,7328,100663296.0,10066329.6
HyperX,3183,447259410432.0,96.59926470588235,10880,7328,100663296.0,10066329.6
HyperX,3184,447259410432.0,96.60845588235294,10880,7328,100663296.0,10066329.6
HyperX,3185,447259410432.0,96.61764705882354,10880,7328,100663296.0,10066329.6
HyperX,3186,447259410432.0,96.62683823529412,10880,7328,100663296.0,10066329.6
HyperX,3187,447259410432.0,96.6360294117647,10880,7328,100663296.0,10066329.6
HyperX,3188,447259410432.0,96.64522058823529,10880,7328,100663296.0,10066329.6
HyperX,3189,447259410432.0,96.65441176470588,10880,7328,100663296.0,10066329.6
HyperX,3190,447259410432.0,96.66360294117648,10880,7328,100663296.0,10066329.6
HyperX,3191,447259410432.0,96.67279411764706,10880,7328,100663296.0,10066329.6
HyperX,3192,447259410432.0,96.68198529411765,10880,7328,100663296.0,10066329.6
HyperX,3193,447259410432.0,96.69117647058823,10880,7328,100663296.0,10066329.6
HyperX,3194,447259410432.0,96.70036764705883,10880,7328,100663296.0,10066329.6
HyperX,3195,447259410432.0,96.7095588235294,10880,7328,100663296.0,10066329.6
HyperX,3196,447259410432.0,96.71875,10880,7328,100663296.0,10066329.6
HyperX,3197,447259410432.0,96.7279411764706,10880,7328,100663296.0,10066329.6
HyperX,3198,447259410432.0,96.73713235294117,10880,7328,100663296.0,10066329.6
HyperX,3199,447259410432.0,96.74632352941175,10880,7328,100663296.0,10066329.6
HyperX,3200,447259410432.0,96.75551470588235,10880,7328,100663296.0,10066329.6
HyperX,3201,447259410432.0,96.76470588235294,10880,7328,100663296.0,10066329.6
HyperX,3202,447259410432.0,96.77389705882354,10880,7328,100663296.0,10066329.6
HyperX,3203,447259410432.0,96.78308823529412,10880,7328,100663296.0,10066329.6
HyperX,3204,447259410432.0,96.79227941176471,10880,7328,100663296.0,10066329.6
HyperX,3205,447259410432.0,96.80147058823529,10880,7328,100663296.0,10066329.6
HyperX,3206,447259410432.0,96.81066176470588,10880,7328,100663296.0,10066329.6
HyperX,3207,447259410432.0,96.81985294117646,10880,7328,100663296.0,10066329.6
HyperX,3208,447259410432.0,96.82904411764706,10880,7328,100663296.0,10066329.6
HyperX,3209,447259410432.0,96.83823529411765,10880,7328,100663296.0,10066329.6
HyperX,3210,447259410432.0,96.84742647058823,10880,7328,100663296.0,10066329.6
HyperX,3211,447259410432.0,96.85661764705881,10880,7328,100663296.0,10066329.6
HyperX,3212,447259410432.0,96.8658088235294,10880,7328,100663296.0,10066329.6
HyperX,3213,447259410432.0,96.875,10880,7328,100663296.0,10066329.6
HyperX,3214,447259410432.0,96.8841911764706,10880,7328,100663296.0,10066329.6
HyperX,3215,447259410432.0,96.89338235294119,10880,7328,100663296.0,10066329.6
HyperX,3216,447259410432.0,96.90257352941177,10880,7328,100663296.0,10066329.6
HyperX,3217,447259410432.0,96.91176470588235,10880,7328,100663296.0,10066329.6
HyperX,3218,447259410432.0,96.92095588235294,10880,7328,100663296.0,10066329.6
HyperX,3219,447259410432.0,96.93014705882354,10880,7328,100663296.0,10066329.6
HyperX,3220,447259410432.0,96.93933823529412,10880,7328,100663296.0,10066329.6
HyperX,3221,447259410432.0,96.94852941176471,10880,7328,100663296.0,10066329.6
HyperX,3222,447259410432.0,96.95772058823529,10880,7328,100663296.0,10066329.6
HyperX,3223,447259410432.0,96.96691176470588,10880,7328,100663296.0,10066329.6
HyperX,3224,447259410432.0,96.97610294117646,10880,7328,100663296.0,10066329.6
HyperX,3225,447259410432.0,96.98529411764706,10880,7328,100663296.0,10066329.6
HyperX,3226,447259410432.0,96.99448529411765,10880,7328,100663296.0,10066329.6
HyperX,3227,447259410432.0,97.00367647058825,10880,7328,100663296.0,10066329.6
HyperX,3228,447259410432.0,97.01286764705883,10880,7328,100663296.0,10066329.6
HyperX,3229,447259410432.0,97.0220588235294,10880,7328,100663296.0,10066329.6
HyperX,3230,447259410432.0,97.03125,10880,7328,100663296.0,10066329.6
HyperX,3231,447259410432.0,97.0404411764706,10880,7328,100663296.0,10066329.6
HyperX,3232,447259410432.0,97.04963235294117,10880,7328,100663296.0,10066329.6
HyperX,3233,447259410432.0,97.05882352941177,10880,7328,100663296.0,10066329.6
HyperX,3234,447259410432.0,97.06801470588235,10880,7328,100663296.0,10066329.6
HyperX,3235,447259410432.0,97.07720588235294,10880,7328,100663296.0,10066329.6
HyperX,3236,447259410432.0,97.08639705882352,10880,7328,100663296.0,10066329.6
HyperX,3237,447259410432.0,97.09558823529412,10880,7328,100663296.0,10066329.6
HyperX,3238,447259410432.0,97.10477941176471,10880,7328,100663296.0,10066329.6
HyperX,3239,447259410432.0,97.1139705882353,10880,7328,100663296.0,10066329.6
HyperX,3240,447259410432.0,97.12316176470588,10880,7328,100663296.0,10066329.6
HyperX,3241,447259410432.0,97.13235294117646,10880,7328,100663296.0,10066329.6
HyperX,3242,447259410432.0,97.14154411764706,10880,7328,100663296.0,10066329.6
HyperX,3243,447259410432.0,97.15073529411765,10880,7328,100663296.0,10066329.6
HyperX,3244,447259410432.0,97.15992647058823,10880,7328,100663296.0,10066329.6
HyperX,3245,447259410432.0,97.16911764705883,10880,7328,100663296.0,10066329.6
HyperX,3246,447259410432.0,97.17830882352942,10880,7328,100663296.0,10066329.6
HyperX,3247,447259410432.0,97.1875,10880,7328,100663296.0,10066329.6
HyperX,3248,447259410432.0,97.19669117647058,10880,7328,100663296.0,10066329.6
HyperX,3249,447259410432.0,97.20588235294117,10880,7328,100663296.0,10066329.6
HyperX,3250,447259410432.0,97.21507352941177,10880,7328,100663296.0,10066329.6
HyperX,3251,447259410432.0,97.22426470588236,10880,7328,100663296.0,10066329.6
HyperX,3252,447259410432.0,97.23345588235294,10880,7328,100663296.0,10066329.6
HyperX,3253,447259410432.0,97.24264705882352,10880,7328,100663296.0,10066329.6
HyperX,3254,447259410432.0,97.25183823529412,10880,7328,100663296.0,10066329.6
HyperX,3255,447259410432.0,97.26102941176471,10880,7328,100663296.0,10066329.6
HyperX,3256,447259410432.0,97.27022058823529,10880,7328,100663296.0,10066329.6
HyperX,3257,447259410432.0,97.27941176470588,10880,7328,100663296.0,10066329.6
HyperX,3258,447259410432.0,97.28860294117648,10880,7328,100663296.0,10066329.6
HyperX,3259,447259410432.0,97.29779411764706,10880,7328,100663296.0,10066329.6
HyperX,3260,447259410432.0,97.30698529411764,10880,7328,100663296.0,10066329.6
HyperX,3261,447259410432.0,97.31617647058823,10880,7328,100663296.0,10066329.6
HyperX,3262,447259410432.0,97.32536764705883,10880,7328,100663296.0,10066329.6
HyperX,3263,447259410432.0,97.33455882352942,10880,7328,100663296.0,10066329.6
HyperX,3264,447259410432.0,97.34375,10880,7328,100663296.0,10066329.6
HyperX,3265,447259410432.0,97.35294117647058,10880,7328,100663296.0,10066329.6
HyperX,3266,447259410432.0,97.36213235294117,10880,7328,100663296.0,10066329.6
HyperX,3267,447259410432.0,97.37132352941177,10880,7328,100663296.0,10066329.6
HyperX,3268,447259410432.0,97.38051470588235,10880,7328,100663296.0,10066329.6
HyperX,3269,447259410432.0,97.38970588235294,10880,7328,100663296.0,10066329.6
HyperX,3270,447259410432.0,97.39889705882354,10880,7328,100663296.0,10066329.6
HyperX,3271,447259410432.0,97.40808823529412,10880,7328,100663296.0,10066329.6
HyperX,3272,447259410432.0,97.4172794117647,10880,7328,100663296.0,10066329.6
HyperX,3273,447259410432.0,97.42647058823529,10880,7328,100663296.0,10066329.6
HyperX,3274,447259410432.0,97.43566176470588,10880,7328,100663296.0,10066329.6
HyperX,3275,447259410432.0,97.44485294117648,10880,7328,100663296.0,10066329.6
HyperX,3276,447259410432.0,97.45404411764706,10880,7328,100663296.0,10066329.6
HyperX,3277,447259410432.0,97.46323529411765,10880,7328,100663296.0,10066329.6
HyperX,3278,447259410432.0,97.47242647058823,10880,7328,100663296.0,10066329.6
HyperX,3279,447259410432.0,97.48161764705883,10880,7328,100663296.0,10066329.6
HyperX,3280,447259410432.0,97.4908088235294,10880,7328,100663296.0,10066329.6
HyperX,3281,447259410432.0,97.5,10880,7328,100663296.0,10066329.6
HyperX,3282,447259410432.0,97.5091911764706,10880,7328,100663296.0,10066329.6
HyperX,3283,447259410432.0,97.51838235294117,10880,7328,100663296.0,10066329.6
HyperX,3284,447259410432.0,97.52757352941175,10880,7328,100663296.0,10066329.6
HyperX,3285,447259410432.0,97.53676470588235,10880,7328,100663296.0,10066329.6
HyperX,3286,447259410432.0,97.54595588235294,10880,7328,100663296.0,10066329.6
HyperX,3287,447259410432.0,97.55514705882354,10880,7328,100663296.0,10066329.6
HyperX,3288,447259410432.0,97.56433823529412,10880,7328,100663296.0,10066329.6
HyperX,3289,447259410432.0,97.57352941176471,10880,7328,100663296.0,10066329.6
HyperX,3290,447259410432.0,97.58272058823529,10880,7328,100663296.0,10066329.6
HyperX,3291,447259410432.0,97.59191176470588,10880,7328,100663296.0,10066329.6
HyperX,3292,447259410432.0,97.60110294117646,10880,7328,100663296.0,10066329.6
HyperX,3293,447259410432.0,97.61029411764706,10880,7328,100663296.0,10066329.6
HyperX,3294,447259410432.0,97.61948529411765,10880,7328,100663296.0,10066329.6
HyperX,3295,447259410432.0,97.62867647058823,10880,7328,100663296.0,10066329.6
HyperX,3296,447259410432.0,97.63786764705881,10880,7328,100663296.0,10066329.6
HyperX,3297,447259410432.0,97.6470588235294,10880,7328,100663296.0,10066329.6
HyperX,3298,447259410432.0,97.65625,10880,7328,100663296.0,10066329.6
HyperX,3299,447259410432.0,97.6654411764706,10880,7328,100663296.0,10066329.6
HyperX,3300,447259410432.0,97.67463235294119,10880,7328,100663296.0,10066329.6
HyperX,3301,447259410432.0,97.68382352941177,10880,7328,100663296.0,10066329.6
HyperX,3302,447259410432.0,97.69301470588235,10880,7328,100663296.0,10066329.6
HyperX,3303,447259410432.0,97.70220588235294,10880,7328,100663296.0,10066329.6
HyperX,3304,447259410432.0,97.71139705882354,10880,7328,100663296.0,10066329.6
HyperX,3305,447259410432.0,97.72058823529412,10880,7328,100663296.0,10066329.6
HyperX,3306,447259410432.0,97.72977941176471,10880,7328,100663296.0,10066329.6
HyperX,3307,447259410432.0,97.73897058823529,10880,7328,100663296.0,10066329.6
HyperX,3308,447259410432.0,97.74816176470588,10880,7328,100663296.0,10066329.6
HyperX,3309,447259410432.0,97.75735294117646,10880,7328,100663296.0,10066329.6
HyperX,3310,447259410432.0,97.76654411764706,10880,7328,100663296.0,10066329.6
HyperX,3311,447259410432.0,97.77573529411765,10880,7328,100663296.0,10066329.6
HyperX,3312,447259410432.0,97.78492647058825,10880,7328,100663296.0,10066329.6
HyperX,3313,447259410432.0,97.79411764705883,10880,7328,100663296.0,10066329.6
HyperX,3314,447259410432.0,97.8033088235294,10880,7328,100663296.0,10066329.6
HyperX,3315,447259410432.0,97.8125,10880,7328,100663296.0,10066329.6
HyperX,3316,447259410432.0,97.8216911764706,10880,7328,100663296.0,10066329.6
HyperX,3317,447259410432.0,97.83088235294117,10880,7328,100663296.0,10066329.6
HyperX,3318,447259410432.0,97.84007352941177,10880,7328,100663296.0,10066329.6
HyperX,3319,447259410432.0,97.84926470588235,10880,7328,100663296.0,10066329.6
HyperX,3320,447259410432.0,97.85845588235294,10880,7328,100663296.0,10066329.6
HyperX,3321,447259410432.0,97.86764705882352,10880,7328,100663296.0,10066329.6
HyperX,3322,447259410432.0,97.87683823529412,10880,7328,100663296.0,10066329.6
HyperX,3323,447259410432.0,97.88602941176471,10880,7328,100663296.0,10066329.6
HyperX,3324,447259410432.0,97.8952205882353,10880,7328,100663296.0,10066329.6
HyperX,3325,447259410432.0,97.90441176470588,10880,7328,100663296.0,10066329.6
HyperX,3326,447259410432.0,97.91360294117646,10880,7328,100663296.0,10066329.6
HyperX,3327,447259410432.0,97.92279411764706,10880,7328,100663296.0,10066329.6
HyperX,3328,447259410432.0,97.93198529411765,10880,7328,100663296.0,10066329.6
HyperX,3329,447259410432.0,97.94117647058823,10880,7328,100663296.0,10066329.6
HyperX,3330,447259410432.0,97.95036764705883,10880,7328,100663296.0,10066329.6
HyperX,3331,447259410432.0,97.95955882352942,10880,7328,100663296.0,10066329.6
HyperX,3332,447259410432.0,97.96875,10880,7328,100663296.0,10066329.6
HyperX,3333,447259410432.0,97.97794117647058,10880,7328,100663296.0,10066329.6
HyperX,3334,447259410432.0,97.98713235294117,10880,7328,100663296.0,10066329.6
HyperX,3335,447259410432.0,97.99632352941177,10880,7328,100663296.0,10066329.6
HyperX,3336,447259410432.0,98.00551470588236,10880,7328,100663296.0,10066329.6
HyperX,3337,447259410432.0,98.01470588235294,10880,7328,100663296.0,10066329.6
HyperX,3338,447259410432.0,98.02389705882352,10880,7328,100663296.0,10066329.6
HyperX,3339,447259410432.0,98.03308823529412,10880,7328,100663296.0,10066329.6
HyperX,3340,447259410432.0,98.04227941176471,10880,7328,100663296.0,10066329.6
HyperX,3341,447259410432.0,98.05147058823529,10880,7328,100663296.0,10066329.6
HyperX,3342,447259410432.0,98.06066176470588,10880,7328,100663296.0,10066329.6
HyperX,3343,447259410432.0,98.06985294117648,10880,7328,100663296.0,10066329.6
HyperX,3344,447259410432.0,98.07904411764706,10880,7328,100663296.0,10066329.6
HyperX,3345,447259410432.0,98.08823529411764,10880,7328,100663296.0,10066329.6
HyperX,3346,447259410432.0,98.09742647058823,10880,7328,100663296.0,10066329.6
HyperX,3347,447259410432.0,98.10661764705883,10880,7328,100663296.0,10066329.6
HyperX,3348,447259410432.0,98.11580882352942,10880,7328,100663296.0,10066329.6
HyperX,3349,447259410432.0,98.125,10880,7328,100663296.0,10066329.6
HyperX,3350,447259410432.0,98.13419117647058,10880,7328,100663296.0,10066329.6
HyperX,3351,447259410432.0,98.14338235294117,10880,7328,100663296.0,10066329.6
HyperX,3352,447259410432.0,98.15257352941177,10880,7328,100663296.0,10066329.6
HyperX,3353,447259410432.0,98.16176470588235,10880,7328,100663296.0,10066329.6
HyperX,3354,447259410432.0,98.17095588235294,10880,7328,100663296.0,10066329.6
HyperX,3355,447259410432.0,98.18014705882354,10880,7328,100663296.0,10066329.6
HyperX,3356,447259410432.0,98.18933823529412,10880,7328,100663296.0,10066329.6
HyperX,3357,447259410432.0,98.1985294117647,10880,7328,100663296.0,10066329.6
HyperX,3358,447259410432.0,98.20772058823529,10880,7328,100663296.0,10066329.6
HyperX,3359,447259410432.0,98.21691176470588,10880,7328,100663296.0,10066329.6
HyperX,3360,447259410432.0,98.22610294117648,10880,7328,100663296.0,10066329.6
HyperX,3361,447259410432.0,98.23529411764706,10880,7328,100663296.0,10066329.6
HyperX,3362,447259410432.0,98.24448529411765,10880,7328,100663296.0,10066329.6
HyperX,3363,447259410432.0,98.25367647058823,10880,7328,100663296.0,10066329.6
HyperX,3364,447259410432.0,98.26286764705883,10880,7328,100663296.0,10066329.6
HyperX,3365,447259410432.0,98.2720588235294,10880,7328,100663296.0,10066329.6
HyperX,3366,447259410432.0,98.28125,10880,7328,100663296.0,10066329.6
HyperX,3367,447259410432.0,98.2904411764706,10880,7328,100663296.0,10066329.6
HyperX,3368,447259410432.0,98.29963235294117,10880,7328,100663296.0,10066329.6
HyperX,3369,447259410432.0,98.30882352941175,10880,7328,100663296.0,10066329.6
HyperX,3370,447259410432.0,98.31801470588235,10880,7328,100663296.0,10066329.6
HyperX,3371,447259410432.0,98.32720588235294,10880,7328,100663296.0,10066329.6
HyperX,3372,447259410432.0,98.33639705882354,10880,7328,100663296.0,10066329.6
HyperX,3373,447259410432.0,98.34558823529412,10880,7328,100663296.0,10066329.6
HyperX,3374,447259410432.0,98.35477941176471,10880,7328,100663296.0,10066329.6
HyperX,3375,447259410432.0,98.36397058823529,10880,7328,100663296.0,10066329.6
HyperX,3376,447259410432.0,98.37316176470588,10880,7328,100663296.0,10066329.6
HyperX,3377,447259410432.0,98.38235294117646,10880,7328,100663296.0,10066329.6
HyperX,3378,447259410432.0,98.39154411764706,10880,7328,100663296.0,10066329.6
HyperX,3379,447259410432.0,98.40073529411765,10880,7328,100663296.0,10066329.6
HyperX,3380,447259410432.0,98.40992647058823,10880,7328,100663296.0,10066329.6
HyperX,3381,447259410432.0,98.41911764705881,10880,7328,100663296.0,10066329.6
HyperX,3382,447259410432.0,98.4283088235294,10880,7328,100663296.0,10066329.6
HyperX,3383,447259410432.0,98.4375,10880,7328,100663296.0,10066329.6
HyperX,3384,447259410432.0,98.4466911764706,10880,7328,100663296.0,10066329.6
HyperX,3385,447259410432.0,98.45588235294119,10880,7328,100663296.0,10066329.6
HyperX,3386,447259410432.0,98.46507352941177,10880,7328,100663296.0,10066329.6
HyperX,3387,447259410432.0,98.47426470588235,10880,7328,100663296.0,10066329.6
HyperX,3388,447259410432.0,98.48345588235294,10880,7328,100663296.0,10066329.6
HyperX,3389,447259410432.0,98.49264705882354,10880,7328,100663296.0,10066329.6
HyperX,3390,447259410432.0,98.50183823529412,10880,7328,100663296.0,10066329.6
HyperX,3391,447259410432.0,98.51102941176471,10880,7328,100663296.0,10066329.6
HyperX,3392,447259410432.0,98.52022058823529,10880,7328,100663296.0,10066329.6
HyperX,3393,447259410432.0,98.52941176470588,10880,7328,100663296.0,10066329.6
HyperX,3394,447259410432.0,98.53860294117646,10880,7328,100663296.0,10066329.6
HyperX,3395,447259410432.0,98.54779411764706,10880,7328,100663296.0,10066329.6
HyperX,3396,447259410432.0,98.55698529411765,10880,7328,100663296.0,10066329.6
HyperX,3397,447259410432.0,98.56617647058825,10880,7328,100663296.0,10066329.6
HyperX,3398,447259410432.0,98.57536764705883,10880,7328,100663296.0,10066329.6
HyperX,3399,447259410432.0,98.5845588235294,10880,7328,100663296.0,10066329.6
HyperX,3400,447259410432.0,98.59375,10880,7328,100663296.0,10066329.6
HyperX,3401,447259410432.0,98.6029411764706,10880,7328,100663296.0,10066329.6
HyperX,3402,447259410432.0,98.61213235294117,10880,7328,100663296.0,10066329.6
HyperX,3403,447259410432.0,98.62132352941177,10880,7328,100663296.0,10066329.6
HyperX,3404,447259410432.0,98.63051470588235,10880,7328,100663296.0,10066329.6
HyperX,3405,447259410432.0,98.63970588235294,10880,7328,100663296.0,10066329.6
HyperX,3406,447259410432.0,98.64889705882352,10880,7328,100663296.0,10066329.6
HyperX,3407,447259410432.0,98.65808823529412,10880,7328,100663296.0,10066329.6
HyperX,3408,447259410432.0,98.66727941176471,10880,7328,100663296.0,10066329.6
HyperX,3409,447259410432.0,98.6764705882353,10880,7328,100663296.0,10066329.6
HyperX,3410,447259410432.0,98.68566176470588,10880,7328,100663296.0,10066329.6
HyperX,3411,447259410432.0,98.69485294117646,10880,7328,100663296.0,10066329.6
HyperX,3412,447259410432.0,98.70404411764706,10880,7328,100663296.0,10066329.6
HyperX,3413,447259410432.0,98.71323529411765,10880,7328,100663296.0,10066329.6
HyperX,3414,447259410432.0,98.72242647058823,10880,7328,100663296.0,10066329.6
HyperX,3415,447259410432.0,98.73161764705883,10880,7328,100663296.0,10066329.6
HyperX,3416,447259410432.0,98.74080882352942,10880,7328,100663296.0,10066329.6
HyperX,3417,447259410432.0,98.75,10880,7328,100663296.0,10066329.6
HyperX,3418,447259410432.0,98.75919117647058,10880,7328,100663296.0,10066329.6
HyperX,3419,447259410432.0,98.76838235294117,10880,7328,100663296.0,10066329.6
HyperX,3420,447259410432.0,98.77757352941177,10880,7328,100663296.0,10066329.6
HyperX,3421,447259410432.0,98.78676470588236,10880,7328,100663296.0,10066329.6
HyperX,3422,447259410432.0,98.79595588235294,10880,7328,100663296.0,10066329.6
HyperX,3423,447259410432.0,98.80514705882352,10880,7328,100663296.0,10066329.6
HyperX,3424,447259410432.0,98.81433823529412,10880,7328,100663296.0,10066329.6
HyperX,3425,447259410432.0,98.82352941176471,10880,7328,100663296.0,10066329.6
HyperX,3426,447259410432.0,98.83272058823529,10880,7328,100663296.0,10066329.6
HyperX,3427,447259410432.0,98.84191176470588,10880,7328,100663296.0,10066329.6
HyperX,3428,447259410432.0,98.85110294117648,10880,7328,100663296.0,10066329.6
HyperX,3429,447259410432.0,98.86029411764706,10880,7328,100663296.0,10066329.6
HyperX,3430,447259410432.0,98.86948529411764,10880,7328,100663296.0,10066329.6
HyperX,3431,447259410432.0,98.87867647058823,10880,7328,100663296.0,10066329.6
HyperX,3432,447259410432.0,98.88786764705883,10880,7328,100663296.0,10066329.6
HyperX,3433,447259410432.0,98.89705882352942,10880,7328,100663296.0,10066329.6
HyperX,3434,447259410432.0,98.90625,10880,7328,100663296.0,10066329.6
HyperX,3435,447259410432.0,98.91544117647058,10880,7328,100663296.0,10066329.6
HyperX,3436,447259410432.0,98.92463235294117,10880,7328,100663296.0,10066329.6
HyperX,3437,447259410432.0,98.93382352941177,10880,7328,100663296.0,10066329.6
HyperX,3438,447259410432.0,98.94301470588235,10880,7328,100663296.0,10066329.6
HyperX,3439,447259410432.0,98.95220588235294,10880,7328,100663296.0,10066329.6
HyperX,3440,447259410432.0,98.96139705882354,10880,7328,100663296.0,10066329.6
HyperX,3441,447259410432.0,98.97058823529412,10880,7328,100663296.0,10066329.6
HyperX,3442,447259410432.0,98.9797794117647,10880,7328,100663296.0,10066329.6
HyperX,3443,447259410432.0,98.98897058823529,10880,7328,100663296.0,10066329.6
HyperX,3444,447259410432.0,98.99816176470588,10880,7328,100663296.0,10066329.6
HyperX,3445,447259410432.0,99.00735294117648,10880,7328,100663296.0,10066329.6
HyperX,3446,447259410432.0,99.01654411764706,10880,7328,100663296.0,10066329.6
HyperX,3447,447259410432.0,99.02573529411765,10880,7328,100663296.0,10066329.6
HyperX,3448,447259410432.0,99.03492647058823,10880,7328,100663296.0,10066329.6
HyperX,3449,447259410432.0,99.04411764705883,10880,7328,100663296.0,10066329.6
HyperX,3450,447259410432.0,99.0533088235294,10880,7328,100663296.0,10066329.6
HyperX,3451,447259410432.0,99.0625,10880,7328,100663296.0,10066329.6
HyperX,3452,447259410432.0,99.0716911764706,10880,7328,100663296.0,10066329.6
HyperX,3453,447259410432.0,99.08088235294117,10880,7328,100663296.0,10066329.6
HyperX,3454,447259410432.0,99.09007352941175,10880,7328,100663296.0,10066329.6
HyperX,3455,447259410432.0,99.09926470588235,10880,7328,100663296.0,10066329.6
HyperX,3456,447259410432.0,99.10845588235294,10880,7328,100663296.0,10066329.6
HyperX,3457,447259410432.0,99.11764705882354,10880,7328,100663296.0,10066329.6
HyperX,3458,447259410432.0,99.12683823529412,10880,7328,100663296.0,10066329.6
HyperX,3459,447259410432.0,99.13602941176471,10880,7328,100663296.0,10066329.6
HyperX,3460,447259410432.0,99.14522058823529,10880,7328,100663296.0,10066329.6
HyperX,3461,447259410432.0,99.15441176470588,10880,7328,100663296.0,10066329.6
HyperX,3462,447259410432.0,99.16360294117646,10880,7328,100663296.0,10066329.6
HyperX,3463,447259410432.0,99.17279411764706,10880,7328,100663296.0,10066329.6
HyperX,3464,447259410432.0,99.18198529411765,10880,7328,100663296.0,10066329.6
HyperX,3465,447259410432.0,99.19117647058823,10880,7328,100663296.0,10066329.6
HyperX,3466,447259410432.0,99.20036764705881,10880,7328,100663296.0,10066329.6
HyperX,3467,447259410432.0,99.2095588235294,10880,7328,100663296.0,10066329.6
HyperX,3468,447259410432.0,99.21875,10880,7328,100663296.0,10066329.6
HyperX,3469,447259410432.0,99.2279411764706,10880,7328,100663296.0,10066329.6
HyperX,3470,447259410432.0,99.23713235294119,10880,7328,100663296.0,10066329.6
HyperX,3471,447259410432.0,99.24632352941177,10880,7328,100663296.0,10066329.6
HyperX,3472,447259410432.0,99.25551470588235,10880,7328,100663296.0,10066329.6
HyperX,3473,447259410432.0,99.26470588235294,10880,7328,100663296.0,10066329.6
HyperX,3474,447259410432.0,99.27389705882354,10880,7328,100663296.0,10066329.6
HyperX,3475,447259410432.0,99.28308823529412,10880,7328,100663296.0,10066329.6
HyperX,3476,447259410432.0,99.29227941176471,10880,7328,100663296.0,10066329.6
HyperX,3477,447259410432.0,99.30147058823529,10880,7328,100663296.0,10066329.6
HyperX,3478,447259410432.0,99.31066176470588,10880,7328,100663296.0,10066329.6
HyperX,3479,447259410432.0,99.31985294117646,10880,7328,100663296.0,10066329.6
HyperX,3480,447259410432.0,99.32904411764706,10880,7328,100663296.0,10066329.6
HyperX,3481,447259410432.0,99.33823529411765,10880,7328,100663296.0,10066329.6
HyperX,3482,447259410432.0,99.34742647058825,10880,7328,100663296.0,10066329.6
HyperX,3483,447259410432.0,99.35661764705883,10880,7328,100663296.0,10066329.6
HyperX,3484,447259410432.0,99.3658088235294,10880,7328,100663296.0,10066329.6
HyperX,3485,447259410432.0,99.375,10880,7328,100663296.0,10066329.6
HyperX,3486,447259410432.0,99.3841911764706,10880,7328,100663296.0,10066329.6
HyperX,3487,447259410432.0,99.39338235294117,10880,7328,100663296.0,10066329.6
HyperX,3488,447259410432.0,99.40257352941177,10880,7328,100663296.0,10066329.6
HyperX,3489,447259410432.0,99.41176470588235,10880,7328,100663296.0,10066329.6
HyperX,3490,447259410432.0,99.42095588235294,10880,7328,100663296.0,10066329.6
HyperX,3491,447259410432.0,99.43014705882352,10880,7328,100663296.0,10066329.6
HyperX,3492,447259410432.0,99.43933823529412,10880,7328,100663296.0,10066329.6
HyperX,3493,447259410432.0,99.44852941176471,10880,7328,100663296.0,10066329.6
HyperX,3494,447259410432.0,99.4577205882353,10880,7328,100663296.0,10066329.6
HyperX,3495,447259410432.0,99.46691176470588,10880,7328,100663296.0,10066329.6
HyperX,3496,447259410432.0,99.47610294117646,10880,7328,100663296.0,10066329.6
HyperX,3497,447259410432.0,99.48529411764706,10880,7328,100663296.0,10066329.6
HyperX,3498,447259410432.0,99.49448529411765,10880,7328,100663296.0,10066329.6
HyperX,3499,447259410432.0,99.50367647058823,10880,7328,100663296.0,10066329.6
HyperX,3500,447259410432.0,99.51286764705883,10880,7328,100663296.0,10066329.6
HyperX,3501,447259410432.0,99.52205882352942,10880,7328,100663296.0,10066329.6
HyperX,3502,447259410432.0,99.53125,10880,7328,100663296.0,10066329.6
HyperX,3503,447259410432.0,99.54044117647058,10880,7328,100663296.0,10066329.6
HyperX,3504,447259410432.0,99.54963235294117,10880,7328,100663296.0,10066329.6
HyperX,3505,447259410432.0,99.55882352941177,10880,7328,100663296.0,10066329.6
HyperX,3506,447259410432.0,99.56801470588236,10880,7328,100663296.0,10066329.6
HyperX,3507,447259410432.0,99.57720588235294,10880,7328,100663296.0,10066329.6
HyperX,3508,447259410432.0,99.58639705882352,10880,7328,100663296.0,10066329.6
HyperX,3509,447259410432.0,99.59558823529412,10880,7328,100663296.0,10066329.6
HyperX,3510,447259410432.0,99.60477941176471,10880,7328,100663296.0,10066329.6
HyperX,3511,447259410432.0,99.61397058823529,10880,7328,100663296.0,10066329.6
HyperX,3512,447259410432.0,99.62316176470588,10880,7328,100663296.0,10066329.6
HyperX,3513,447259410432.0,99.63235294117648,10880,7328,100663296.0,10066329.6
HyperX,3514,447259410432.0,99.64154411764706,10880,7328,100663296.0,10066329.6
HyperX,3515,447259410432.0,99.65073529411764,10880,7328,100663296.0,10066329.6
HyperX,3516,447259410432.0,99.65992647058823,10880,7328,100663296.0,10066329.6
HyperX,3517,447259410432.0,99.66911764705883,10880,7328,100663296.0,10066329.6
HyperX,3518,447259410432.0,99.67830882352942,10880,7328,100663296.0,10066329.6
HyperX,3519,447259410432.0,99.6875,10880,7328,100663296.0,10066329.6
HyperX,3520,447259410432.0,99.69669117647058,10880,7328,100663296.0,10066329.6
HyperX,3521,447259410432.0,99.70588235294117,10880,7328,100663296.0,10066329.6
HyperX,3522,447259410432.0,99.71507352941177,10880,7328,100663296.0,10066329.6
HyperX,3523,447259410432.0,99.72426470588235,10880,7328,100663296.0,10066329.6
HyperX,3524,447259410432.0,99.73345588235294,10880,7328,100663296.0,10066329.6
HyperX,3525,447259410432.0,99.74264705882354,10880,7328,100663296.0,10066329.6
HyperX,3526,447259410432.0,99.75183823529412,10880,7328,100663296.0,10066329.6
HyperX,3527,447259410432.0,99.7610294117647,10880,7328,100663296.0,10066329.6
HyperX,3528,447259410432.0,99.77022058823529,10880,7328,100663296.0,10066329.6
HyperX,3529,447259410432.0,99.77941176470588,10880,7328,100663296.0,10066329.6
HyperX,3530,447259410432.0,99.78860294117648,10880,7328,100663296.0,10066329.6
HyperX,3531,447259410432.0,99.79779411764706,10880,7328,100663296.0,10066329.6
HyperX,3532,447259410432.0,99.80698529411765,10880,7328,100663296.0,10066329.6
HyperX,3533,447259410432.0,99.81617647058823,10880,7328,100663296.0,10066329.6
HyperX,3534,447259410432.0,99.82536764705883,10880,7328,100663296.0,10066329.6
HyperX,3535,447259410432.0,99.8345588235294,10880,7328,100663296.0,10066329.6
HyperX,3536,447259410432.0,99.84375,10880,7328,100663296.0,10066329.6
HyperX,3537,447259410432.0,99.8529411764706,10880,7328,100663296.0,10066329.6
HyperX,3538,447259410432.0,99.86213235294117,10880,7328,100663296.0,10066329.6
HyperX,3539,447259410432.0,99.87132352941175,10880,7328,100663296.0,10066329.6
HyperX,3540,447259410432.0,99.88051470588235,10880,7328,100663296.0,10066329.6
HyperX,3541,447259410432.0,99.88970588235294,10880,7328,100663296.0,10066329.6
HyperX,3542,447259410432.0,99.89889705882354,10880,7328,100663296.0,10066329.6
HyperX,3543,447259410432.0,99.90808823529412,10880,7328,100663296.0,10066329.6
HyperX,3544,447259410432.0,99.91727941176471,10880,7328,100663296.0,10066329.6
HyperX,3545,447259410432.0,99.92647058823529,10880,7328,100663296.0,10066329.6
HyperX,3546,447259410432.0,99.93566176470588,10880,7328,100663296.0,10066329.6
HyperX,3547,447259410432.0,99.94485294117646,10880,7328,100663296.0,10066329.6
HyperX,3548,447259410432.0,99.95404411764706,10880,7328,100663296.0,10066329.6
HyperX,3549,447259410432.0,99.96323529411765,10880,7328,100663296.0,10066329.6
HyperX,3550,447259410432.0,99.97242647058823,10880,7328,100663296.0,10066329.6
HyperX,3551,447259410432.0,99.98161764705881,10880,7328,100663296.0,10066329.6
HyperX,3552,447259410432.0,99.9908088235294,10880,7328,100663296.0,10066329.6
HyperX,3553,447259410432.0,100.0,10880,7328,100663296.0,10066329.6
Dragonfly+,0,10066329.6,0.0,14208,9728,100663296.0,10066329.6
Dragonfly+,1,100663296.0,0.0,14208,9728,100663296.0,10066329.6
Dragonfly+,2,100663296.0,68.47550675675676,14208,9728,100663296.0,10066329.6
Dragonfly+,3,100663296.0,68.48254504504504,14208,9728,100663296.0,10066329.6
Dragonfly+,4,100663296.0,68.48958333333334,14208,9728,100663296.0,10066329.6
Dragonfly+,5,100663296.0,68.49662162162163,14208,9728,100663296.0,10066329.6
Dragonfly+,6,100663296.0,68.50365990990991,14208,9728,100663296.0,10066329.6
Dragonfly+,7,100663296.0,68.5106981981982,14208,9728,100663296.0,10066329.6
Dragonfly+,8,100663296.0,68.51773648648648,14208,9728,100663296.0,10066329.6
Dragonfly+,9,100663296.0,68.52477477477478,14208,9728,100663296.0,10066329.6
Dragonfly+,10,100663296.0,68.53181306306307,14208,9728,100663296.0,10066329.6
Dragonfly+,11,100663296.0,68.53885135135135,14208,9728,100663296.0,10066329.6
Dragonfly+,12,100663296.0,68.54588963963964,14208,9728,100663296.0,10066329.6
Dragonfly+,13,100663296.0,68.55292792792793,14208,9728,100663296.0,10066329.6
Dragonfly+,14,100663296.0,68.55996621621621,14208,9728,100663296.0,10066329.6
Dragonfly+,15,100663296.0,68.5670045045045,14208,9728,100663296.0,10066329.6
Dragonfly+,16,100663296.0,68.5740427927928,14208,9728,100663296.0,10066329.6
Dragonfly+,17,100663296.0,68.58108108108108,14208,9728,100663296.0,10066329.6
Dragonfly+,18,100663296.0,68.58811936936937,14208,9728,100663296.0,10066329.6
Dragonfly+,19,100663296.0,68.59515765765765,14208,9728,100663296.0,10066329.6
Dragonfly+,20,100663296.0,68.60219594594594,14208,9728,100663296.0,10066329.6
Dragonfly+,21,100663296.0,68.60923423423422,14208,9728,100663296.0,10066329.6
Dragonfly+,22,100663296.0,68.61627252252252,14208,9728,100663296.0,10066329.6
Dragonfly+,23,100663296.0,68.6233108108108,14208,9728,100663296.0,10066329.6
Dragonfly+,24,100663296.0,68.63034909909909,14208,9728,100663296.0,10066329.6
Dragonfly+,25,100663296.0,68.63738738738738,14208,9728,100663296.0,10066329.6
Dragonfly+,26,100663296.0,68.64442567567568,14208,9728,100663296.0,10066329.6
Dragonfly+,27,100663296.0,68.65146396396396,14208,9728,100663296.0,10066329.6
Dragonfly+,28,100663296.0,68.65850225225225,14208,9728,100663296.0,10066329.6
Dragonfly+,29,100663296.0,68.66554054054053,14208,9728,100663296.0,10066329.6
Dragonfly+,30,100663296.0,68.67257882882883,14208,9728,100663296.0,10066329.6
Dragonfly+,31,100663296.0,68.67961711711712,14208,9728,100663296.0,10066329.6
Dragonfly+,32,100663296.0,68.6866554054054,14208,9728,100663296.0,10066329.6
Dragonfly+,33,100663296.0,68.69369369369369,14208,9728,100663296.0,10066329.6
Dragonfly+,34,100663296.0,68.70073198198197,14208,9728,100663296.0,10066329.6
Dragonfly+,35,100663296.0,68.70777027027027,14208,9728,100663296.0,10066329.6
Dragonfly+,36,100663296.0,68.71480855855856,14208,9728,100663296.0,10066329.6
Dragonfly+,37,100663296.0,68.72184684684684,14208,9728,100663296.0,10066329.6
Dragonfly+,38,100663296.0,68.72888513513513,14208,9728,100663296.0,10066329.6
Dragonfly+,39,100663296.0,68.73592342342343,14208,9728,100663296.0,10066329.6
Dragonfly+,40,100663296.0,68.74296171171171,14208,9728,100663296.0,10066329.6
Dragonfly+,41,100663296.0,68.75,14208,9728,100663296.0,10066329.6
Dragonfly+,42,100663296.0,68.75703828828829,14208,9728,100663296.0,10066329.6
Dragonfly+,43,100663296.0,68.76407657657657,14208,9728,100663296.0,10066329.6
Dragonfly+,44,100663296.0,68.77111486486487,14208,9728,100663296.0,10066329.6
Dragonfly+,45,100663296.0,68.77815315315316,14208,9728,100663296.0,10066329.6
Dragonfly+,46,100663296.0,68.78519144144144,14208,9728,100663296.0,10066329.6
Dragonfly+,47,100663296.0,68.79222972972973,14208,9728,100663296.0,10066329.6
Dragonfly+,48,100663296.0,68.79926801801803,14208,9728,100663296.0,10066329.6
Dragonfly+,49,100663296.0,68.80630630630631,14208,9728,100663296.0,10066329.6
Dragonfly+,50,100663296.0,68.8133445945946,14208,9728,100663296.0,10066329.6
Dragonfly+,51,100663296.0,68.82038288288288,14208,9728,100663296.0,10066329.6
Dragonfly+,52,100663296.0,68.82742117117117,14208,9728,100663296.0,10066329.6
Dragonfly+,53,100663296.0,68.83445945945947,14208,9728,100663296.0,10066329.6
Dragonfly+,54,100663296.0,68.84149774774775,14208,9728,100663296.0,10066329.6
Dragonfly+,55,100663296.0,68.84853603603604,14208,9728,100663296.0,10066329.6
Dragonfly+,56,100663296.0,68.85557432432432,14208,9728,100663296.0,10066329.6
Dragonfly+,57,100663296.0,68.86261261261262,14208,9728,100663296.0,10066329.6
Dragonfly+,58,100663296.0,68.86965090090091,14208,9728,100663296.0,10066329.6
Dragonfly+,59,100663296.0,68.8766891891892,14208,9728,100663296.0,10066329.6
Dragonfly+,60,100663296.0,68.88372747747748,14208,9728,100663296.0,10066329.6
Dragonfly+,61,100663296.0,68.89076576576578,14208,9728,100663296.0,10066329.6
Dragonfly+,62,100663296.0,68.89780405405406,14208,9728,100663296.0,10066329.6
Dragonfly+,63,100663296.0,68.90484234234235,14208,9728,100663296.0,10066329.6
Dragonfly+,64,100663296.0,68.91188063063063,14208,9728,100663296.0,10066329.6
Dragonfly+,65,100663296.0,68.91891891891892,14208,9728,100663296.0,10066329.6
Dragonfly+,66,100663296.0,68.9259572072072,14208,9728,100663296.0,10066329.6
Dragonfly+,67,100663296.0,68.9329954954955,14208,9728,100663296.0,10066329.6
Dragonfly+,68,100663296.0,68.94003378378379,14208,9728,100663296.0,10066329.6
Dragonfly+,69,100663296.0,68.94707207207207,14208,9728,100663296.0,10066329.6
Dragonfly+,70,100663296.0,68.95411036036036,14208,9728,100663296.0,10066329.6
Dragonfly+,71,100663296.0,68.96114864864865,14208,9728,100663296.0,10066329.6
Dragonfly+,72,100663296.0,68.96818693693693,14208,9728,100663296.0,10066329.6
Dragonfly+,73,100663296.0,68.97522522522522,14208,9728,100663296.0,10066329.6
Dragonfly+,74,100663296.0,68.98226351351352,14208,9728,100663296.0,10066329.6
Dragonfly+,75,100663296.0,68.9893018018018,14208,9728,100663296.0,10066329.6
Dragonfly+,76,100663296.0,68.99634009009009,14208,9728,100663296.0,10066329.6
Dragonfly+,77,100663296.0,69.00337837837837,14208,9728,100663296.0,10066329.6
Dragonfly+,78,100663296.0,69.01041666666666,14208,9728,100663296.0,10066329.6
Dragonfly+,79,100663296.0,69.01745495495496,14208,9728,100663296.0,10066329.6
Dragonfly+,80,100663296.0,69.02449324324324,14208,9728,100663296.0,10066329.6
Dragonfly+,81,100663296.0,69.03153153153153,14208,9728,100663296.0,10066329.6
Dragonfly+,82,100663296.0,69.03856981981981,14208,9728,100663296.0,10066329.6
Dragonfly+,83,100663296.0,69.0456081081081,14208,9728,100663296.0,10066329.6
Dragonfly+,84,100663296.0,69.0526463963964,14208,9728,100663296.0,10066329.6
Dragonfly+,85,100663296.0,69.05968468468468,14208,9728,100663296.0,10066329.6
Dragonfly+,86,100663296.0,69.06672297297297,14208,9728,100663296.0,10066329.6
Dragonfly+,87,100663296.0,69.07376126126125,14208,9728,100663296.0,10066329.6
Dragonfly+,88,100663296.0,69.08079954954955,14208,9728,100663296.0,10066329.6
Dragonfly+,89,100663296.0,69.08783783783784,14208,9728,100663296.0,10066329.6
Dragonfly+,90,100663296.0,69.09487612612612,14208,9728,100663296.0,10066329.6
Dragonfly+,91,100663296.0,69.10191441441441,14208,9728,100663296.0,10066329.6
Dragonfly+,92,100663296.0,69.1089527027027,14208,9728,100663296.0,10066329.6
Dragonfly+,93,100663296.0,69.115990990991,14208,9728,100663296.0,10066329.6
Dragonfly+,94,100663296.0,69.12302927927928,14208,9728,100663296.0,10066329.6
Dragonfly+,95,100663296.0,69.13006756756756,14208,9728,100663296.0,10066329.6
Dragonfly+,96,100663296.0,69.13710585585585,14208,9728,100663296.0,10066329.6
Dragonfly+,97,100663296.0,69.14414414414415,14208,9728,100663296.0,10066329.6
Dragonfly+,98,100663296.0,69.15118243243244,14208,9728,100663296.0,10066329.6
Dragonfly+,99,100663296.0,69.15822072072072,14208,9728,100663296.0,10066329.6
Dragonfly+,100,100663296.0,69.165259009009,14208,9728,100663296.0,10066329.6
Dragonfly+,101,100663296.0,69.1722972972973,14208,9728,100663296.0,10066329.6
Dragonfly+,102,100663296.0,69.17933558558559,14208,9728,100663296.0,10066329.6
Dragonfly+,103,100663296.0,69.18637387387388,14208,9728,100663296.0,10066329.6
Dragonfly+,104,100663296.0,69.19341216216216,14208,9728,100663296.0,10066329.6
Dragonfly+,105,100663296.0,69.20045045045045,14208,9728,100663296.0,10066329.6
Dragonfly+,106,100663296.0,69.20748873873875,14208,9728,100663296.0,10066329.6
Dragonfly+,107,100663296.0,69.21452702702703,14208,9728,100663296.0,10066329.6
Dragonfly+,108,100663296.0,69.22156531531532,14208,9728,100663296.0,10066329.6
Dragonfly+,109,100663296.0,69.2286036036036,14208,9728,100663296.0,10066329.6
Dragonfly+,110,100663296.0,69.2356418918919,14208,9728,100663296.0,10066329.6
Dragonfly+,111,100663296.0,69.24268018018019,14208,9728,100663296.0,10066329.6
Dragonfly+,112,100663296.0,69.24971846846847,14208,9728,100663296.0,10066329.6
Dragonfly+,113,100663296.0,69.25675675675676,14208,9728,100663296.0,10066329.6
Dragonfly+,114,100663296.0,69.26379504504504,14208,9728,100663296.0,10066329.6
Dragonfly+,115,100663296.0,69.27083333333334,14208,9728,100663296.0,10066329.6
Dragonfly+,116,100663296.0,69.27787162162163,14208,9728,100663296.0,10066329.6
Dragonfly+,117,100663296.0,69.28490990990991,14208,9728,100663296.0,10066329.6
Dragonfly+,118,100663296.0,69.2919481981982,14208,9728,100663296.0,10066329.6
Dragonfly+,119,100663296.0,69.29898648648648,14208,9728,100663296.0,10066329.6
Dragonfly+,120,100663296.0,69.30602477477478,14208,9728,100663296.0,10066329.6
Dragonfly+,121,100663296.0,69.31306306306307,14208,9728,100663296.0,10066329.6
Dragonfly+,122,100663296.0,69.32010135135135,14208,9728,100663296.0,10066329.6
Dragonfly+,123,100663296.0,69.32713963963964,14208,9728,100663296.0,10066329.6
Dragonfly+,124,100663296.0,69.33417792792793,14208,9728,100663296.0,10066329.6
Dragonfly+,125,100663296.0,69.34121621621621,14208,9728,100663296.0,10066329.6
Dragonfly+,126,100663296.0,69.3482545045045,14208,9728,100663296.0,10066329.6
Dragonfly+,127,100663296.0,69.3552927927928,14208,9728,100663296.0,10066329.6
Dragonfly+,128,100663296.0,69.36233108108108,14208,9728,100663296.0,10066329.6
Dragonfly+,129,100663296.0,69.36936936936937,14208,9728,100663296.0,10066329.6
Dragonfly+,130,100663296.0,69.37640765765765,14208,9728,100663296.0,10066329.6
Dragonfly+,131,100663296.0,69.38344594594594,14208,9728,100663296.0,10066329.6
Dragonfly+,132,100663296.0,69.39048423423422,14208,9728,100663296.0,10066329.6
Dragonfly+,133,100663296.0,69.39752252252252,14208,9728,100663296.0,10066329.6
Dragonfly+,134,100663296.0,69.4045608108108,14208,9728,100663296.0,10066329.6
Dragonfly+,135,100663296.0,69.41159909909909,14208,9728,100663296.0,10066329.6
Dragonfly+,136,100663296.0,69.41863738738738,14208,9728,100663296.0,10066329.6
Dragonfly+,137,100663296.0,69.42567567567568,14208,9728,100663296.0,10066329.6
Dragonfly+,138,100663296.0,69.43271396396396,14208,9728,100663296.0,10066329.6
Dragonfly+,139,100663296.0,69.43975225225225,14208,9728,100663296.0,10066329.6
Dragonfly+,140,100663296.0,69.44679054054053,14208,9728,100663296.0,10066329.6
Dragonfly+,141,100663296.0,69.45382882882883,14208,9728,100663296.0,10066329.6
Dragonfly+,142,100663296.0,69.46086711711712,14208,9728,100663296.0,10066329.6
Dragonfly+,143,100663296.0,69.4679054054054,14208,9728,100663296.0,10066329.6
Dragonfly+,144,100663296.0,69.47494369369369,14208,9728,100663296.0,10066329.6
Dragonfly+,145,100663296.0,69.48198198198197,14208,9728,100663296.0,10066329.6
Dragonfly+,146,100663296.0,69.48902027027027,14208,9728,100663296.0,10066329.6
Dragonfly+,147,100663296.0,69.49605855855856,14208,9728,100663296.0,10066329.6
Dragonfly+,148,100663296.0,69.50309684684684,14208,9728,100663296.0,10066329.6
Dragonfly+,149,100663296.0,69.51013513513513,14208,9728,100663296.0,10066329.6
Dragonfly+,150,100663296.0,69.51717342342343,14208,9728,100663296.0,10066329.6
Dragonfly+,151,100663296.0,69.52421171171171,14208,9728,100663296.0,10066329.6
Dragonfly+,152,100663296.0,69.53125,14208,9728,100663296.0,10066329.6
Dragonfly+,153,100663296.0,69.53828828828829,14208,9728,100663296.0,10066329.6
Dragonfly+,154,100663296.0,69.54532657657657,14208,9728,100663296.0,10066329.6
Dragonfly+,155,100663296.0,69.55236486486487,14208,9728,100663296.0,10066329.6
Dragonfly+,156,100663296.0,69.55940315315316,14208,9728,100663296.0,10066329.6
Dragonfly+,157,100663296.0,69.56644144144144,14208,9728,100663296.0,10066329.6
Dragonfly+,158,100663296.0,69.57347972972973,14208,9728,100663296.0,10066329.6
Dragonfly+,159,100663296.0,69.58051801801803,14208,9728,100663296.0,10066329.6
Dragonfly+,160,100663296.0,69.58755630630631,14208,9728,100663296.0,10066329.6
Dragonfly+,161,100663296.0,69.5945945945946,14208,9728,100663296.0,10066329.6
Dragonfly+,162,100663296.0,69.60163288288288,14208,9728,100663296.0,10066329.6
Dragonfly+,163,100663296.0,69.60867117117117,14208,9728,100663296.0,10066329.6
Dragonfly+,164,100663296.0,69.61570945945947,14208,9728,100663296.0,10066329.6
Dragonfly+,165,100663296.0,69.62274774774775,14208,9728,100663296.0,10066329.6
Dragonfly+,166,100663296.0,69.62978603603604,14208,9728,100663296.0,10066329.6
Dragonfly+,167,100663296.0,69.63682432432432,14208,9728,100663296.0,10066329.6
Dragonfly+,168,100663296.0,69.64386261261262,14208,9728,100663296.0,10066329.6
Dragonfly+,169,100663296.0,69.65090090090091,14208,9728,100663296.0,10066329.6
Dragonfly+,170,100663296.0,69.6579391891892,14208,9728,100663296.0,10066329.6
Dragonfly+,171,100663296.0,69.66497747747748,14208,9728,100663296.0,10066329.6
Dragonfly+,172,100663296.0,69.67201576576578,14208,9728,100663296.0,10066329.6
Dragonfly+,173,100663296.0,69.67905405405406,14208,9728,100663296.0,10066329.6
Dragonfly+,174,100663296.0,69.68609234234235,14208,9728,100663296.0,10066329.6
Dragonfly+,175,100663296.0,69.69313063063063,14208,9728,100663296.0,10066329.6
Dragonfly+,176,100663296.0,69.70016891891892,14208,9728,100663296.0,10066329.6
Dragonfly+,177,100663296.0,69.7072072072072,14208,9728,100663296.0,10066329.6
Dragonfly+,178,100663296.0,69.7142454954955,14208,9728,100663296.0,10066329.6
Dragonfly+,179,100663296.0,69.72128378378379,14208,9728,100663296.0,10066329.6
Dragonfly+,180,100663296.0,69.72832207207207,14208,9728,100663296.0,10066329.6
Dragonfly+,181,100663296.0,69.73536036036036,14208,9728,100663296.0,10066329.6
Dragonfly+,182,100663296.0,69.74239864864865,14208,9728,100663296.0,10066329.6
Dragonfly+,183,100663296.0,69.74943693693693,14208,9728,100663296.0,10066329.6
Dragonfly+,184,100663296.0,69.75647522522522,14208,9728,100663296.0,10066329.6
Dragonfly+,185,100663296.0,69.76351351351352,14208,9728,100663296.0,10066329.6
Dragonfly+,186,100663296.0,69.7705518018018,14208,9728,100663296.0,10066329.6
Dragonfly+,187,100663296.0,69.77759009009009,14208,9728,100663296.0,10066329.6
Dragonfly+,188,100663296.0,69.78462837837837,14208,9728,100663296.0,10066329.6
Dragonfly+,189,100663296.0,69.79166666666666,14208,9728,100663296.0,10066329.6
Dragonfly+,190,100663296.0,69.79870495495496,14208,9728,100663296.0,10066329.6
Dragonfly+,191,100663296.0,69.80574324324324,14208,9728,100663296.0,10066329.6
Dragonfly+,192,100663296.0,69.81278153153153,14208,9728,100663296.0,10066329.6
Dragonfly+,193,100663296.0,69.81981981981981,14208,9728,100663296.0,10066329.6
Dragonfly+,194,100663296.0,69.8268581081081,14208,9728,100663296.0,10066329.6
Dragonfly+,195,100663296.0,69.8338963963964,14208,9728,100663296.0,10066329.6
Dragonfly+,196,100663296.0,69.84093468468468,14208,9728,100663296.0,10066329.6
Dragonfly+,197,100663296.0,69.84797297297297,14208,9728,100663296.0,10066329.6
Dragonfly+,198,100663296.0,69.85501126126125,14208,9728,100663296.0,10066329.6
Dragonfly+,199,100663296.0,69.86204954954955,14208,9728,100663296.0,10066329.6
Dragonfly+,200,100663296.0,69.86908783783784,14208,9728,100663296.0,10066329.6
Dragonfly+,201,100663296.0,69.87612612612612,14208,9728,100663296.0,10066329.6
Dragonfly+,202,100663296.0,69.88316441441441,14208,9728,100663296.0,10066329.6
Dragonfly+,203,100663296.0,69.8902027027027,14208,9728,100663296.0,10066329.6
Dragonfly+,204,100663296.0,69.897240990991,14208,9728,100663296.0,10066329.6
Dragonfly+,205,100663296.0,69.90427927927928,14208,9728,100663296.0,10066329.6
Dragonfly+,206,100663296.0,69.91131756756756,14208,9728,100663296.0,10066329.6
Dragonfly+,207,100663296.0,69.91835585585585,14208,9728,100663296.0,10066329.6
Dragonfly+,208,100663296.0,69.92539414414415,14208,9728,100663296.0,10066329.6
Dragonfly+,209,100663296.0,69.93243243243244,14208,9728,100663296.0,10066329.6
Dragonfly+,210,100663296.0,69.93947072072072,14208,9728,100663296.0,10066329.6
Dragonfly+,211,100663296.0,69.946509009009,14208,9728,100663296.0,10066329.6
Dragonfly+,212,100663296.0,69.9535472972973,14208,9728,100663296.0,10066329.6
Dragonfly+,213,100663296.0,69.96058558558559,14208,9728,100663296.0,10066329.6
Dragonfly+,214,100663296.0,69.96762387387388,14208,9728,100663296.0,10066329.6
Dragonfly+,215,100663296.0,69.97466216216216,14208,9728,100663296.0,10066329.6
Dragonfly+,216,100663296.0,69.98170045045045,14208,9728,100663296.0,10066329.6
Dragonfly+,217,100663296.0,69.98873873873875,14208,9728,100663296.0,10066329.6
Dragonfly+,218,100663296.0,69.99577702702703,14208,9728,100663296.0,10066329.6
Dragonfly+,219,100663296.0,70.00281531531532,14208,9728,100663296.0,10066329.6
Dragonfly+,220,100663296.0,70.0098536036036,14208,9728,100663296.0,10066329.6
Dragonfly+,221,100663296.0,70.0168918918919,14208,9728,100663296.0,10066329.6
Dragonfly+,222,100663296.0,70.02393018018019,14208,9728,100663296.0,10066329.6
Dragonfly+,223,100663296.0,70.03096846846847,14208,9728,100663296.0,10066329.6
Dragonfly+,224,100663296.0,70.03800675675676,14208,9728,100663296.0,10066329.6
Dragonfly+,225,100663296.0,70.04504504504504,14208,9728,100663296.0,10066329.6
Dragonfly+,226,100663296.0,70.05208333333334,14208,9728,100663296.0,10066329.6
Dragonfly+,227,100663296.0,70.05912162162163,14208,9728,100663296.0,10066329.6
Dragonfly+,228,100663296.0,70.06615990990991,14208,9728,100663296.0,10066329.6
Dragonfly+,229,100663296.0,70.0731981981982,14208,9728,100663296.0,10066329.6
Dragonfly+,230,100663296.0,70.08023648648648,14208,9728,100663296.0,10066329.6
Dragonfly+,231,100663296.0,70.08727477477478,14208,9728,100663296.0,10066329.6
Dragonfly+,232,100663296.0,70.09431306306307,14208,9728,100663296.0,10066329.6
Dragonfly+,233,100663296.0,70.10135135135135,14208,9728,100663296.0,10066329.6
Dragonfly+,234,100663296.0,70.10838963963964,14208,9728,100663296.0,10066329.6
Dragonfly+,235,100663296.0,70.11542792792793,14208,9728,100663296.0,10066329.6
Dragonfly+,236,100663296.0,70.12246621621621,14208,9728,100663296.0,10066329.6
Dragonfly+,237,100663296.0,70.1295045045045,14208,9728,100663296.0,10066329.6
Dragonfly+,238,100663296.0,70.1365427927928,14208,9728,100663296.0,10066329.6
Dragonfly+,239,100663296.0,70.14358108108108,14208,9728,100663296.0,10066329.6
Dragonfly+,240,100663296.0,70.15061936936937,14208,9728,100663296.0,10066329.6
Dragonfly+,241,100663296.0,70.15765765765765,14208,9728,100663296.0,10066329.6
Dragonfly+,242,100663296.0,70.16469594594594,14208,9728,100663296.0,10066329.6
Dragonfly+,243,100663296.0,70.17173423423422,14208,9728,100663296.0,10066329.6
Dragonfly+,244,100663296.0,70.17877252252252,14208,9728,100663296.0,10066329.6
Dragonfly+,245,100663296.0,70.1858108108108,14208,9728,100663296.0,10066329.6
Dragonfly+,246,100663296.0,70.19284909909909,14208,9728,100663296.0,10066329.6
Dragonfly+,247,100663296.0,70.19988738738738,14208,9728,100663296.0,10066329.6
Dragonfly+,248,100663296.0,70.20692567567568,14208,9728,100663296.0,10066329.6
Dragonfly+,249,100663296.0,70.21396396396396,14208,9728,100663296.0,10066329.6
Dragonfly+,250,100663296.0,70.22100225225225,14208,9728,100663296.0,10066329.6
Dragonfly+,251,100663296.0,70.22804054054053,14208,9728,100663296.0,10066329.6
Dragonfly+,252,100663296.0,70.23507882882883,14208,9728,100663296.0,10066329.6
Dragonfly+,253,100663296.0,70.24211711711712,14208,9728,100663296.0,10066329.6
Dragonfly+,254,100663296.0,70.2491554054054,14208,9728,100663296.0,10066329.6
Dragonfly+,255,100663296.0,70.25619369369369,14208,9728,100663296.0,10066329.6
Dragonfly+,256,100663296.0,70.26323198198197,14208,9728,100663296.0,10066329.6
Dragonfly+,257,100663296.0,70.27027027027027,14208,9728,100663296.0,10066329.6
Dragonfly+,258,11296737280.0,70.27730855855856,14208,9728,100663296.0,10066329.6
Dragonfly+,259,11296737280.0,70.28434684684684,14208,9728,100663296.0,10066329.6
Dragonfly+,260,11296737280.0,70.29138513513513,14208,9728,100663296.0,10066329.6
Dragonfly+,261,11296737280.0,70.29842342342343,14208,9728,100663296.0,10066329.6
Dragonfly+,262,11296737280.0,70.30546171171171,14208,9728,100663296.0,10066329.6
Dragonfly+,263,11296737280.0,70.3125,14208,9728,100663296.0,10066329.6
Dragonfly+,264,11296737280.0,70.31953828828829,14208,9728,100663296.0,10066329.6
Dragonfly+,265,11296737280.0,70.32657657657657,14208,9728,100663296.0,10066329.6
Dragonfly+,266,11296737280.0,70.33361486486487,14208,9728,100663296.0,10066329.6
Dragonfly+,267,11296737280.0,70.34065315315316,14208,9728,100663296.0,10066329.6
Dragonfly+,268,11296737280.0,70.34769144144144,14208,9728,100663296.0,10066329.6
Dragonfly+,269,11296737280.0,70.35472972972973,14208,9728,100663296.0,10066329.6
Dragonfly+,270,11296737280.0,70.36176801801803,14208,9728,100663296.0,10066329.6
Dragonfly+,271,11296737280.0,70.36880630630631,14208,9728,100663296.0,10066329.6
Dragonfly+,272,11296737280.0,70.3758445945946,14208,9728,100663296.0,10066329.6
Dragonfly+,273,11296737280.0,70.38288288288288,14208,9728,100663296.0,10066329.6
Dragonfly+,274,11296737280.0,70.38992117117117,14208,9728,100663296.0,10066329.6
Dragonfly+,275,11296737280.0,70.39695945945947,14208,9728,100663296.0,10066329.6
Dragonfly+,276,11296737280.0,70.40399774774775,14208,9728,100663296.0,10066329.6
Dragonfly+,277,11296737280.0,70.41103603603604,14208,9728,100663296.0,10066329.6
Dragonfly+,278,11296737280.0,70.41807432432432,14208,9728,100663296.0,10066329.6
Dragonfly+,279,11296737280.0,70.42511261261262,14208,9728,100663296.0,10066329.6
Dragonfly+,280,11296737280.0,70.43215090090091,14208,9728,100663296.0,10066329.6
Dragonfly+,281,11296737280.0,70.4391891891892,14208,9728,100663296.0,10066329.6
Dragonfly+,282,11296737280.0,70.44622747747748,14208,9728,100663296.0,10066329.6
Dragonfly+,283,11296737280.0,70.45326576576578,14208,9728,100663296.0,10066329.6
Dragonfly+,284,11296737280.0,70.46030405405406,14208,9728,100663296.0,10066329.6
Dragonfly+,285,11296737280.0,70.46734234234235,14208,9728,100663296.0,10066329.6
Dragonfly+,286,11296737280.0,70.47438063063063,14208,9728,100663296.0,10066329.6
Dragonfly+,287,11296737280.0,70.48141891891892,14208,9728,100663296.0,10066329.6
Dragonfly+,288,11296737280.0,70.4884572072072,14208,9728,100663296.0,10066329.6
Dragonfly+,289,11296737280.0,70.4954954954955,14208,9728,100663296.0,10066329.6
Dragonfly+,290,11296737280.0,70.50253378378379,14208,9728,100663296.0,10066329.6
Dragonfly+,291,11296737280.0,70.50957207207207,14208,9728,100663296.0,10066329.6
Dragonfly+,292,11296737280.0,70.51661036036036,14208,9728,100663296.0,10066329.6
Dragonfly+,293,11296737280.0,70.52364864864865,14208,9728,100663296.0,10066329.6
Dragonfly+,294,11296737280.0,70.53068693693693,14208,9728,100663296.0,10066329.6
Dragonfly+,295,11296737280.0,70.53772522522522,14208,9728,100663296.0,10066329.6
Dragonfly+,296,11296737280.0,70.54476351351352,14208,9728,100663296.0,10066329.6
Dragonfly+,297,11296737280.0,70.5518018018018,14208,9728,100663296.0,10066329.6
Dragonfly+,298,11296737280.0,70.55884009009009,14208,9728,100663296.0,10066329.6
Dragonfly+,299,11296737280.0,70.56587837837837,14208,9728,100663296.0,10066329.6
Dragonfly+,300,11296737280.0,70.57291666666666,14208,9728,100663296.0,10066329.6
Dragonfly+,301,11296737280.0,70.57995495495496,14208,9728,100663296.0,10066329.6
Dragonfly+,302,11296737280.0,70.58699324324324,14208,9728,100663296.0,10066329.6
Dragonfly+,303,11296737280.0,70.59403153153153,14208,9728,100663296.0,10066329.6
Dragonfly+,304,11296737280.0,70.60106981981981,14208,9728,100663296.0,10066329.6
Dragonfly+,305,11296737280.0,70.6081081081081,14208,9728,100663296.0,10066329.6
Dragonfly+,306,11296737280.0,70.6151463963964,14208,9728,100663296.0,10066329.6
Dragonfly+,307,11296737280.0,70.62218468468468,14208,9728,100663296.0,10066329.6
Dragonfly+,308,11296737280.0,70.62922297297297,14208,9728,100663296.0,10066329.6
Dragonfly+,309,11296737280.0,70.63626126126125,14208,9728,100663296.0,10066329.6
Dragonfly+,310,11296737280.0,70.64329954954955,14208,9728,100663296.0,10066329.6
Dragonfly+,311,11296737280.0,70.65033783783784,14208,9728,100663296.0,10066329.6
Dragonfly+,312,11296737280.0,70.65737612612612,14208,9728,100663296.0,10066329.6
Dragonfly+,313,11296737280.0,70.66441441441441,14208,9728,100663296.0,10066329.6
Dragonfly+,314,11296737280.0,70.6714527027027,14208,9728,100663296.0,10066329.6
Dragonfly+,315,11296737280.0,70.678490990991,14208,9728,100663296.0,10066329.6
Dragonfly+,316,11296737280.0,70.68552927927928,14208,9728,100663296.0,10066329.6
Dragonfly+,317,11296737280.0,70.69256756756756,14208,9728,100663296.0,10066329.6
Dragonfly+,318,11296737280.0,70.69960585585585,14208,9728,100663296.0,10066329.6
Dragonfly+,319,11296737280.0,70.70664414414415,14208,9728,100663296.0,10066329.6
Dragonfly+,320,11296737280.0,70.71368243243244,14208,9728,100663296.0,10066329.6
Dragonfly+,321,11296737280.0,70.72072072072072,14208,9728,100663296.0,10066329.6
Dragonfly+,322,11296737280.0,70.727759009009,14208,9728,100663296.0,10066329.6
Dragonfly+,323,11296737280.0,70.7347972972973,14208,9728,100663296.0,10066329.6
Dragonfly+,324,11296737280.0,70.74183558558559,14208,9728,100663296.0,10066329.6
Dragonfly+,325,11296737280.0,70.74887387387388,14208,9728,100663296.0,10066329.6
Dragonfly+,326,11296737280.0,70.75591216216216,14208,9728,100663296.0,10066329.6
Dragonfly+,327,11296737280.0,70.76295045045045,14208,9728,100663296.0,10066329.6
Dragonfly+,328,11296737280.0,70.76998873873875,14208,9728,100663296.0,10066329.6
Dragonfly+,329,11296737280.0,70.77702702702703,14208,9728,100663296.0,10066329.6
Dragonfly+,330,11296737280.0,70.78406531531532,14208,9728,100663296.0,10066329.6
Dragonfly+,331,11296737280.0,70.7911036036036,14208,9728,100663296.0,10066329.6
Dragonfly+,332,11296737280.0,70.7981418918919,14208,9728,100663296.0,10066329.6
Dragonfly+,333,11296737280.0,70.80518018018019,14208,9728,100663296.0,10066329.6
Dragonfly+,334,11296737280.0,70.81221846846847,14208,9728,100663296.0,10066329.6
Dragonfly+,335,11296737280.0,70.81925675675676,14208,9728,100663296.0,10066329.6
Dragonfly+,336,11296737280.0,70.82629504504504,14208,9728,100663296.0,10066329.6
Dragonfly+,337,11296737280.0,70.83333333333334,14208,9728,100663296.0,10066329.6
Dragonfly+,338,11296737280.0,70.84037162162163,14208,9728,100663296.0,10066329.6
Dragonfly+,339,11296737280.0,70.84740990990991,14208,9728,100663296.0,10066329.6
Dragonfly+,340,11296737280.0,70.8544481981982,14208,9728,100663296.0,10066329.6
Dragonfly+,341,11296737280.0,70.86148648648648,14208,9728,100663296.0,10066329.6
Dragonfly+,342,11296737280.0,70.86852477477478,14208,9728,100663296.0,10066329.6
Dragonfly+,343,11296737280.0,70.87556306306307,14208,9728,100663296.0,10066329.6
Dragonfly+,344,11296737280.0,70.88260135135135,14208,9728,100663296.0,10066329.6
Dragonfly+,345,11296737280.0,70.88963963963964,14208,9728,100663296.0,10066329.6
Dragonfly+,346,11296737280.0,70.89667792792793,14208,9728,100663296.0,10066329.6
Dragonfly+,347,11296737280.0,70.90371621621621,14208,9728,100663296.0,10066329.6
Dragonfly+,348,11296737280.0,70.9107545045045,14208,9728,100663296.0,10066329.6
Dragonfly+,349,11296737280.0,70.9177927927928,14208,9728,100663296.0,10066329.6
Dragonfly+,350,11296737280.0,70.92483108108108,14208,9728,100663296.0,10066329.6
Dragonfly+,351,11296737280.0,70.93186936936937,14208,9728,100663296.0,10066329.6
Dragonfly+,352,11296737280.0,70.93890765765765,14208,9728,100663296.0,10066329.6
Dragonfly+,353,11296737280.0,70.94594594594594,14208,9728,100663296.0,10066329.6
Dragonfly+,354,11296737280.0,70.95298423423422,14208,9728,100663296.0,10066329.6
Dragonfly+,355,11296737280.0,70.96002252252252,14208,9728,100663296.0,10066329.6
Dragonfly+,356,11296737280.0,70.9670608108108,14208,9728,100663296.0,10066329.6
Dragonfly+,357,11296737280.0,70.97409909909909,14208,9728,100663296.0,10066329.6
Dragonfly+,358,11296737280.0,70.98113738738738,14208,9728,100663296.0,10066329.6
Dragonfly+,359,11296737280.0,70.98817567567568,14208,9728,100663296.0,10066329.6
Dragonfly+,360,11296737280.0,70.99521396396396,14208,9728,100663296.0,10066329.6
Dragonfly+,361,11296737280.0,71.00225225225225,14208,9728,100663296.0,10066329.6
Dragonfly+,362,11296737280.0,71.00929054054053,14208,9728,100663296.0,10066329.6
Dragonfly+,363,11296737280.0,71.01632882882883,14208,9728,100663296.0,10066329.6
Dragonfly+,364,11296737280.0,71.02336711711712,14208,9728,100663296.0,10066329.6
Dragonfly+,365,11296737280.0,71.0304054054054,14208,9728,100663296.0,10066329.6
Dragonfly+,366,11296737280.0,71.03744369369369,14208,9728,100663296.0,10066329.6
Dragonfly+,367,11296737280.0,71.04448198198197,14208,9728,100663296.0,10066329.6
Dragonfly+,368,11296737280.0,71.05152027027027,14208,9728,100663296.0,10066329.6
Dragonfly+,369,11296737280.0,71.05855855855856,14208,9728,100663296.0,10066329.6
Dragonfly+,370,11296737280.0,71.06559684684684,14208,9728,100663296.0,10066329.6
Dragonfly+,371,11296737280.0,71.07263513513513,14208,9728,100663296.0,10066329.6
Dragonfly+,372,11296737280.0,71.07967342342343,14208,9728,100663296.0,10066329.6
Dragonfly+,373,11296737280.0,71.08671171171171,14208,9728,100663296.0,10066329.6
Dragonfly+,374,11296737280.0,71.09375,14208,9728,100663296.0,10066329.6
Dragonfly+,375,11296737280.0,71.10078828828829,14208,9728,100663296.0,10066329.6
Dragonfly+,376,11296737280.0,71.10782657657657,14208,9728,100663296.0,10066329.6
Dragonfly+,377,11296737280.0,71.11486486486487,14208,9728,100663296.0,10066329.6
Dragonfly+,378,11296737280.0,71.12190315315316,14208,9728,100663296.0,10066329.6
Dragonfly+,379,11296737280.0,71.12894144144144,14208,9728,100663296.0,10066329.6
Dragonfly+,380,11296737280.0,71.13597972972973,14208,9728,100663296.0,10066329.6
Dragonfly+,381,11296737280.0,71.14301801801803,14208,9728,100663296.0,10066329.6
Dragonfly+,382,11296737280.0,71.15005630630631,14208,9728,100663296.0,10066329.6
Dragonfly+,383,11296737280.0,71.1570945945946,14208,9728,100663296.0,10066329.6
Dragonfly+,384,11296737280.0,71.16413288288288,14208,9728,100663296.0,10066329.6
Dragonfly+,385,11296737280.0,71.17117117117117,14208,9728,100663296.0,10066329.6
Dragonfly+,386,11296737280.0,71.17820945945947,14208,9728,100663296.0,10066329.6
Dragonfly+,387,11296737280.0,71.18524774774775,14208,9728,100663296.0,10066329.6
Dragonfly+,388,11296737280.0,71.19228603603604,14208,9728,100663296.0,10066329.6
Dragonfly+,389,11296737280.0,71.19932432432432,14208,9728,100663296.0,10066329.6
Dragonfly+,390,11296737280.0,71.20636261261262,14208,9728,100663296.0,10066329.6
Dragonfly+,391,11296737280.0,71.21340090090091,14208,9728,100663296.0,10066329.6
Dragonfly+,392,11296737280.0,71.2204391891892,14208,9728,100663296.0,10066329.6
Dragonfly+,393,11296737280.0,71.22747747747748,14208,9728,100663296.0,10066329.6
Dragonfly+,394,11296737280.0,71.23451576576578,14208,9728,100663296.0,10066329.6
Dragonfly+,395,11296737280.0,71.24155405405406,14208,9728,100663296.0,10066329.6
Dragonfly+,396,11296737280.0,71.24859234234235,14208,9728,100663296.0,10066329.6
Dragonfly+,397,11296737280.0,71.25563063063063,14208,9728,100663296.0,10066329.6
Dragonfly+,398,11296737280.0,71.26266891891892,14208,9728,100663296.0,10066329.6
Dragonfly+,399,11296737280.0,71.2697072072072,14208,9728,100663296.0,10066329.6
Dragonfly+,400,11296737280.0,71.2767454954955,14208,9728,100663296.0,10066329.6
Dragonfly+,401,11296737280.0,71.28378378378379,14208,9728,100663296.0,10066329.6
Dragonfly+,402,11296737280.0,71.29082207207207,14208,9728,100663296.0,10066329.6
Dragonfly+,403,11296737280.0,71.29786036036036,14208,9728,100663296.0,10066329.6
Dragonfly+,404,11296737280.0,71.30489864864865,14208,9728,100663296.0,10066329.6
Dragonfly+,405,11296737280.0,71.31193693693693,14208,9728,100663296.0,10066329.6
Dragonfly+,406,11296737280.0,71.31897522522522,14208,9728,100663296.0,10066329.6
Dragonfly+,407,11296737280.0,71.32601351351352,14208,9728,100663296.0,10066329.6
Dragonfly+,408,11296737280.0,71.3330518018018,14208,9728,100663296.0,10066329.6
Dragonfly+,409,11296737280.0,71.34009009009009,14208,9728,100663296.0,10066329.6
Dragonfly+,410,11296737280.0,71.34712837837837,14208,9728,100663296.0,10066329.6
Dragonfly+,411,11296737280.0,71.35416666666666,14208,9728,100663296.0,10066329.6
Dragonfly+,412,11296737280.0,71.36120495495496,14208,9728,100663296.0,10066329.6
Dragonfly+,413,11296737280.0,71.36824324324324,14208,9728,100663296.0,10066329.6
Dragonfly+,414,11296737280.0,71.37528153153153,14208,9728,100663296.0,10066329.6
Dragonfly+,415,11296737280.0,71.38231981981981,14208,9728,100663296.0,10066329.6
Dragonfly+,416,11296737280.0,71.3893581081081,14208,9728,100663296.0,10066329.6
Dragonfly+,417,11296737280.0,71.3963963963964,14208,9728,100663296.0,10066329.6
Dragonfly+,418,11296737280.0,71.40343468468468,14208,9728,100663296.0,10066329.6
Dragonfly+,419,11296737280.0,71.41047297297297,14208,9728,100663296.0,10066329.6
Dragonfly+,420,11296737280.0,71.41751126126125,14208,9728,100663296.0,10066329.6
Dragonfly+,421,11296737280.0,71.42454954954955,14208,9728,100663296.0,10066329.6
Dragonfly+,422,11296737280.0,71.43158783783784,14208,9728,100663296.0,10066329.6
Dragonfly+,423,11296737280.0,71.43862612612612,14208,9728,100663296.0,10066329.6
Dragonfly+,424,11296737280.0,71.44566441441441,14208,9728,100663296.0,10066329.6
Dragonfly+,425,11296737280.0,71.4527027027027,14208,9728,100663296.0,10066329.6
Dragonfly+,426,11296737280.0,71.459740990991,14208,9728,100663296.0,10066329.6
Dragonfly+,427,11296737280.0,71.46677927927928,14208,9728,100663296.0,10066329.6
Dragonfly+,428,11296737280.0,71.47381756756756,14208,9728,100663296.0,10066329.6
Dragonfly+,429,11296737280.0,71.48085585585585,14208,9728,100663296.0,10066329.6
Dragonfly+,430,11296737280.0,71.48789414414415,14208,9728,100663296.0,10066329.6
Dragonfly+,431,11296737280.0,71.49493243243244,14208,9728,100663296.0,10066329.6
Dragonfly+,432,11296737280.0,71.50197072072072,14208,9728,100663296.0,10066329.6
Dragonfly+,433,11296737280.0,71.509009009009,14208,9728,100663296.0,10066329.6
Dragonfly+,434,11296737280.0,71.5160472972973,14208,9728,100663296.0,10066329.6
Dragonfly+,435,11296737280.0,71.52308558558559,14208,9728,100663296.0,10066329.6
Dragonfly+,436,11296737280.0,71.53012387387388,14208,9728,100663296.0,10066329.6
Dragonfly+,437,11296737280.0,71.53716216216216,14208,9728,100663296.0,10066329.6
Dragonfly+,438,11296737280.0,71.54420045045045,14208,9728,100663296.0,10066329.6
Dragonfly+,439,11296737280.0,71.55123873873875,14208,9728,100663296.0,10066329.6
Dragonfly+,440,11296737280.0,71.55827702702703,14208,9728,100663296.0,10066329.6
Dragonfly+,441,11296737280.0,71.56531531531532,14208,9728,100663296.0,10066329.6
Dragonfly+,442,11296737280.0,71.5723536036036,14208,9728,100663296.0,10066329.6
Dragonfly+,443,11296737280.0,71.5793918918919,14208,9728,100663296.0,10066329.6
Dragonfly+,444,11296737280.0,71.58643018018019,14208,9728,100663296.0,10066329.6
Dragonfly+,445,11296737280.0,71.59346846846847,14208,9728,100663296.0,10066329.6
Dragonfly+,446,11296737280.0,71.60050675675676,14208,9728,100663296.0,10066329.6
Dragonfly+,447,11296737280.0,71.60754504504504,14208,9728,100663296.0,10066329.6
Dragonfly+,448,11296737280.0,71.61458333333334,14208,9728,100663296.0,10066329.6
Dragonfly+,449,11296737280.0,71.62162162162163,14208,9728,100663296.0,10066329.6
Dragonfly+,450,11296737280.0,71.62865990990991,14208,9728,100663296.0,10066329.6
Dragonfly+,451,11296737280.0,71.6356981981982,14208,9728,100663296.0,10066329.6
Dragonfly+,452,11296737280.0,71.64273648648648,14208,9728,100663296.0,10066329.6
Dragonfly+,453,11296737280.0,71.64977477477478,14208,9728,100663296.0,10066329.6
Dragonfly+,454,11296737280.0,71.65681306306307,14208,9728,100663296.0,10066329.6
Dragonfly+,455,11296737280.0,71.66385135135135,14208,9728,100663296.0,10066329.6
Dragonfly+,456,11296737280.0,71.67088963963964,14208,9728,100663296.0,10066329.6
Dragonfly+,457,11296737280.0,71.67792792792793,14208,9728,100663296.0,10066329.6
Dragonfly+,458,11296737280.0,71.68496621621621,14208,9728,100663296.0,10066329.6
Dragonfly+,459,11296737280.0,71.6920045045045,14208,9728,100663296.0,10066329.6
Dragonfly+,460,11296737280.0,71.6990427927928,14208,9728,100663296.0,10066329.6
Dragonfly+,461,11296737280.0,71.70608108108108,14208,9728,100663296.0,10066329.6
Dragonfly+,462,11296737280.0,71.71311936936937,14208,9728,100663296.0,10066329.6
Dragonfly+,463,11296737280.0,71.72015765765765,14208,9728,100663296.0,10066329.6
Dragonfly+,464,11296737280.0,71.72719594594594,14208,9728,100663296.0,10066329.6
Dragonfly+,465,11296737280.0,71.73423423423422,14208,9728,100663296.0,10066329.6
Dragonfly+,466,11296737280.0,71.74127252252252,14208,9728,100663296.0,10066329.6
Dragonfly+,467,11296737280.0,71.7483108108108,14208,9728,100663296.0,10066329.6
Dragonfly+,468,11296737280.0,71.75534909909909,14208,9728,100663296.0,10066329.6
Dragonfly+,469,11296737280.0,71.76238738738738,14208,9728,100663296.0,10066329.6
Dragonfly+,470,11296737280.0,71.76942567567568,14208,9728,100663296.0,10066329.6
Dragonfly+,471,11296737280.0,71.77646396396396,14208,9728,100663296.0,10066329.6
Dragonfly+,472,11296737280.0,71.78350225225225,14208,9728,100663296.0,10066329.6
Dragonfly+,473,11296737280.0,71.79054054054053,14208,9728,100663296.0,10066329.6
Dragonfly+,474,11296737280.0,71.79757882882883,14208,9728,100663296.0,10066329.6
Dragonfly+,475,11296737280.0,71.80461711711712,14208,9728,100663296.0,10066329.6
Dragonfly+,476,11296737280.0,71.8116554054054,14208,9728,100663296.0,10066329.6
Dragonfly+,477,11296737280.0,71.81869369369369,14208,9728,100663296.0,10066329.6
Dragonfly+,478,11296737280.0,71.82573198198197,14208,9728,100663296.0,10066329.6
Dragonfly+,479,11296737280.0,71.83277027027027,14208,9728,100663296.0,10066329.6
Dragonfly+,480,11296737280.0,71.83980855855856,14208,9728,100663296.0,10066329.6
Dragonfly+,481,11296737280.0,71.84684684684684,14208,9728,100663296.0,10066329.6
Dragonfly+,482,11296737280.0,71.85388513513513,14208,9728,100663296.0,10066329.6
Dragonfly+,483,11296737280.0,71.86092342342343,14208,9728,100663296.0,10066329.6
Dragonfly+,484,11296737280.0,71.86796171171171,14208,9728,100663296.0,10066329.6
Dragonfly+,485,11296737280.0,71.875,14208,9728,100663296.0,10066329.6
Dragonfly+,486,11296737280.0,71.88203828828829,14208,9728,100663296.0,10066329.6
Dragonfly+,487,11296737280.0,71.88907657657657,14208,9728,100663296.0,10066329.6
Dragonfly+,488,11296737280.0,71.89611486486487,14208,9728,100663296.0,10066329.6
Dragonfly+,489,11296737280.0,71.90315315315316,14208,9728,100663296.0,10066329.6
Dragonfly+,490,11296737280.0,71.91019144144144,14208,9728,100663296.0,10066329.6
Dragonfly+,491,11296737280.0,71.91722972972973,14208,9728,100663296.0,10066329.6
Dragonfly+,492,11296737280.0,71.92426801801803,14208,9728,100663296.0,10066329.6
Dragonfly+,493,11296737280.0,71.93130630630631,14208,9728,100663296.0,10066329.6
Dragonfly+,494,11296737280.0,71.9383445945946,14208,9728,100663296.0,10066329.6
Dragonfly+,495,11296737280.0,71.94538288288288,14208,9728,100663296.0,10066329.6
Dragonfly+,496,11296737280.0,71.95242117117117,14208,9728,100663296.0,10066329.6
Dragonfly+,497,11296737280.0,71.95945945945947,14208,9728,100663296.0,10066329.6
Dragonfly+,498,11296737280.0,71.96649774774775,14208,9728,100663296.0,10066329.6
Dragonfly+,499,11296737280.0,71.97353603603604,14208,9728,100663296.0,10066329.6
Dragonfly+,500,11296737280.0,71.98057432432432,14208,9728,100663296.0,10066329.6
Dragonfly+,501,11296737280.0,71.98761261261262,14208,9728,100663296.0,10066329.6
Dragonfly+,502,11296737280.0,71.99465090090091,14208,9728,100663296.0,10066329.6
Dragonfly+,503,11296737280.0,72.0016891891892,14208,9728,100663296.0,10066329.6
Dragonfly+,504,11296737280.0,72.00872747747748,14208,9728,100663296.0,10066329.6
Dragonfly+,505,11296737280.0,72.01576576576578,14208,9728,100663296.0,10066329.6
Dragonfly+,506,11296737280.0,72.02280405405406,14208,9728,100663296.0,10066329.6
Dragonfly+,507,11296737280.0,72.02984234234235,14208,9728,100663296.0,10066329.6
Dragonfly+,508,11296737280.0,72.03688063063063,14208,9728,100663296.0,10066329.6
Dragonfly+,509,11296737280.0,72.04391891891892,14208,9728,100663296.0,10066329.6
Dragonfly+,510,11296737280.0,72.0509572072072,14208,9728,100663296.0,10066329.6
Dragonfly+,511,11296737280.0,72.0579954954955,14208,9728,100663296.0,10066329.6
Dragonfly+,512,11296737280.0,72.06503378378379,14208,9728,100663296.0,10066329.6
Dragonfly+,513,11296737280.0,72.07207207207207,14208,9728,100663296.0,10066329.6
Dragonfly+,514,11296737280.0,72.07911036036036,14208,9728,100663296.0,10066329.6
Dragonfly+,515,11296737280.0,72.08614864864865,14208,9728,100663296.0,10066329.6
Dragonfly+,516,11296737280.0,72.09318693693693,14208,9728,100663296.0,10066329.6
Dragonfly+,517,11296737280.0,72.10022522522522,14208,9728,100663296.0,10066329.6
Dragonfly+,518,11296737280.0,72.10726351351352,14208,9728,100663296.0,10066329.6
Dragonfly+,519,11296737280.0,72.1143018018018,14208,9728,100663296.0,10066329.6
Dragonfly+,520,11296737280.0,72.12134009009009,14208,9728,100663296.0,10066329.6
Dragonfly+,521,11296737280.0,72.12837837837837,14208,9728,100663296.0,10066329.6
Dragonfly+,522,11296737280.0,72.13541666666666,14208,9728,100663296.0,10066329.6
Dragonfly+,523,11296737280.0,72.14245495495496,14208,9728,100663296.0,10066329.6
Dragonfly+,524,11296737280.0,72.14949324324324,14208,9728,100663296.0,10066329.6
Dragonfly+,525,11296737280.0,72.15653153153153,14208,9728,100663296.0,10066329.6
Dragonfly+,526,11296737280.0,72.16356981981981,14208,9728,100663296.0,10066329.6
Dragonfly+,527,11296737280.0,72.1706081081081,14208,9728,100663296.0,10066329.6
Dragonfly+,528,11296737280.0,72.1776463963964,14208,9728,100663296.0,10066329.6
Dragonfly+,529,11296737280.0,72.18468468468468,14208,9728,100663296.0,10066329.6
Dragonfly+,530,11296737280.0,72.19172297297297,14208,9728,100663296.0,10066329.6
Dragonfly+,531,11296737280.0,72.19876126126125,14208,9728,100663296.0,10066329.6
Dragonfly+,532,11296737280.0,72.20579954954955,14208,9728,100663296.0,10066329.6
Dragonfly+,533,11296737280.0,72.21283783783784,14208,9728,100663296.0,10066329.6
Dragonfly+,534,11296737280.0,72.21987612612612,14208,9728,100663296.0,10066329.6
Dragonfly+,535,11296737280.0,72.22691441441441,14208,9728,100663296.0,10066329.6
Dragonfly+,536,11296737280.0,72.2339527027027,14208,9728,100663296.0,10066329.6
Dragonfly+,537,11296737280.0,72.240990990991,14208,9728,100663296.0,10066329.6
Dragonfly+,538,11296737280.0,72.24802927927928,14208,9728,100663296.0,10066329.6
Dragonfly+,539,11296737280.0,72.25506756756756,14208,9728,100663296.0,10066329.6
Dragonfly+,540,11296737280.0,72.26210585585585,14208,9728,100663296.0,10066329.6
Dragonfly+,541,11296737280.0,72.26914414414415,14208,9728,100663296.0,10066329.6
Dragonfly+,542,11296737280.0,72.27618243243244,14208,9728,100663296.0,10066329.6
Dragonfly+,543,11296737280.0,72.28322072072072,14208,9728,100663296.0,10066329.6
Dragonfly+,544,11296737280.0,72.290259009009,14208,9728,100663296.0,10066329.6
Dragonfly+,545,11296737280.0,72.2972972972973,14208,9728,100663296.0,10066329.6
Dragonfly+,546,11296737280.0,72.30433558558559,14208,9728,100663296.0,10066329.6
Dragonfly+,547,11296737280.0,72.31137387387388,14208,9728,100663296.0,10066329.6
Dragonfly+,548,11296737280.0,72.31841216216216,14208,9728,100663296.0,10066329.6
Dragonfly+,549,11296737280.0,72.32545045045045,14208,9728,100663296.0,10066329.6
Dragonfly+,550,11296737280.0,72.33248873873875,14208,9728,100663296.0,10066329.6
Dragonfly+,551,11296737280.0,72.33952702702703,14208,9728,100663296.0,10066329.6
Dragonfly+,552,11296737280.0,72.34656531531532,14208,9728,100663296.0,10066329.6
Dragonfly+,553,11296737280.0,72.3536036036036,14208,9728,100663296.0,10066329.6
Dragonfly+,554,11296737280.0,72.3606418918919,14208,9728,100663296.0,10066329.6
Dragonfly+,555,11296737280.0,72.36768018018019,14208,9728,100663296.0,10066329.6
Dragonfly+,556,11296737280.0,72.37471846846847,14208,9728,100663296.0,10066329.6
Dragonfly+,557,11296737280.0,72.38175675675676,14208,9728,100663296.0,10066329.6
Dragonfly+,558,11296737280.0,72.38879504504504,14208,9728,100663296.0,10066329.6
Dragonfly+,559,11296737280.0,72.39583333333334,14208,9728,100663296.0,10066329.6
Dragonfly+,560,11296737280.0,72.40287162162163,14208,9728,100663296.0,10066329.6
Dragonfly+,561,11296737280.0,72.40990990990991,14208,9728,100663296.0,10066329.6
Dragonfly+,562,11296737280.0,72.4169481981982,14208,9728,100663296.0,10066329.6
Dragonfly+,563,11296737280.0,72.42398648648648,14208,9728,100663296.0,10066329.6
Dragonfly+,564,11296737280.0,72.43102477477478,14208,9728,100663296.0,10066329.6
Dragonfly+,565,11296737280.0,72.43806306306307,14208,9728,100663296.0,10066329.6
Dragonfly+,566,11296737280.0,72.44510135135135,14208,9728,100663296.0,10066329.6
Dragonfly+,567,11296737280.0,72.45213963963964,14208,9728,100663296.0,10066329.6
Dragonfly+,568,11296737280.0,72.45917792792793,14208,9728,100663296.0,10066329.6
Dragonfly+,569,11296737280.0,72.46621621621621,14208,9728,100663296.0,10066329.6
Dragonfly+,570,11296737280.0,72.4732545045045,14208,9728,100663296.0,10066329.6
Dragonfly+,571,11296737280.0,72.4802927927928,14208,9728,100663296.0,10066329.6
Dragonfly+,572,11296737280.0,72.48733108108108,14208,9728,100663296.0,10066329.6
Dragonfly+,573,11296737280.0,72.49436936936937,14208,9728,100663296.0,10066329.6
Dragonfly+,574,11296737280.0,72.50140765765765,14208,9728,100663296.0,10066329.6
Dragonfly+,575,11296737280.0,72.50844594594594,14208,9728,100663296.0,10066329.6
Dragonfly+,576,11296737280.0,72.51548423423422,14208,9728,100663296.0,10066329.6
Dragonfly+,577,11296737280.0,72.52252252252252,14208,9728,100663296.0,10066329.6
Dragonfly+,578,11296737280.0,72.5295608108108,14208,9728,100663296.0,10066329.6
Dragonfly+,579,11296737280.0,72.53659909909909,14208,9728,100663296.0,10066329.6
Dragonfly+,580,11296737280.0,72.54363738738738,14208,9728,100663296.0,10066329.6
Dragonfly+,581,11296737280.0,72.55067567567568,14208,9728,100663296.0,10066329.6
Dragonfly+,582,11296737280.0,72.55771396396396,14208,9728,100663296.0,10066329.6
Dragonfly+,583,11296737280.0,72.56475225225225,14208,9728,100663296.0,10066329.6
Dragonfly+,584,11296737280.0,72.57179054054053,14208,9728,100663296.0,10066329.6
Dragonfly+,585,11296737280.0,72.57882882882883,14208,9728,100663296.0,10066329.6
Dragonfly+,586,11296737280.0,72.58586711711712,14208,9728,100663296.0,10066329.6
Dragonfly+,587,11296737280.0,72.5929054054054,14208,9728,100663296.0,10066329.6
Dragonfly+,588,11296737280.0,72.59994369369369,14208,9728,100663296.0,10066329.6
Dragonfly+,589,11296737280.0,72.60698198198197,14208,9728,100663296.0,10066329.6
Dragonfly+,590,11296737280.0,72.61402027027027,14208,9728,100663296.0,10066329.6
Dragonfly+,591,11296737280.0,72.62105855855856,14208,9728,100663296.0,10066329.6
Dragonfly+,592,11296737280.0,72.62809684684684,14208,9728,100663296.0,10066329.6
Dragonfly+,593,11296737280.0,72.63513513513513,14208,9728,100663296.0,10066329.6
Dragonfly+,594,11296737280.0,72.64217342342343,14208,9728,100663296.0,10066329.6
Dragonfly+,595,11296737280.0,72.64921171171171,14208,9728,100663296.0,10066329.6
Dragonfly+,596,11296737280.0,72.65625,14208,9728,100663296.0,10066329.6
Dragonfly+,597,11296737280.0,72.66328828828829,14208,9728,100663296.0,10066329.6
Dragonfly+,598,11296737280.0,72.67032657657657,14208,9728,100663296.0,10066329.6
Dragonfly+,599,11296737280.0,72.67736486486487,14208,9728,100663296.0,10066329.6
Dragonfly+,600,11296737280.0,72.68440315315316,14208,9728,100663296.0,10066329.6
Dragonfly+,601,11296737280.0,72.69144144144144,14208,9728,100663296.0,10066329.6
Dragonfly+,602,11296737280.0,72.69847972972973,14208,9728,100663296.0,10066329.6
Dragonfly+,603,11296737280.0,72.70551801801803,14208,9728,100663296.0,10066329.6
Dragonfly+,604,11296737280.0,72.71255630630631,14208,9728,100663296.0,10066329.6
Dragonfly+,605,11296737280.0,72.7195945945946,14208,9728,100663296.0,10066329.6
Dragonfly+,606,11296737280.0,72.72663288288288,14208,9728,100663296.0,10066329.6
Dragonfly+,607,11296737280.0,72.73367117117117,14208,9728,100663296.0,10066329.6
Dragonfly+,608,11296737280.0,72.74070945945947,14208,9728,100663296.0,10066329.6
Dragonfly+,609,11296737280.0,72.74774774774775,14208,9728,100663296.0,10066329.6
Dragonfly+,610,11296737280.0,72.75478603603604,14208,9728,100663296.0,10066329.6
Dragonfly+,611,11296737280.0,72.76182432432432,14208,9728,100663296.0,10066329.6
Dragonfly+,612,11296737280.0,72.76886261261262,14208,9728,100663296.0,10066329.6
Dragonfly+,613,11296737280.0,72.77590090090091,14208,9728,100663296.0,10066329.6
Dragonfly+,614,11296737280.0,72.7829391891892,14208,9728,100663296.0,10066329.6
Dragonfly+,615,11296737280.0,72.78997747747748,14208,9728,100663296.0,10066329.6
Dragonfly+,616,11296737280.0,72.79701576576578,14208,9728,100663296.0,10066329.6
Dragonfly+,617,11296737280.0,72.80405405405406,14208,9728,100663296.0,10066329.6
Dragonfly+,618,11296737280.0,72.81109234234235,14208,9728,100663296.0,10066329.6
Dragonfly+,619,11296737280.0,72.81813063063063,14208,9728,100663296.0,10066329.6
Dragonfly+,620,11296737280.0,72.82516891891892,14208,9728,100663296.0,10066329.6
Dragonfly+,621,11296737280.0,72.8322072072072,14208,9728,100663296.0,10066329.6
Dragonfly+,622,11296737280.0,72.8392454954955,14208,9728,100663296.0,10066329.6
Dragonfly+,623,11296737280.0,72.84628378378379,14208,9728,100663296.0,10066329.6
Dragonfly+,624,11296737280.0,72.85332207207207,14208,9728,100663296.0,10066329.6
Dragonfly+,625,11296737280.0,72.86036036036036,14208,9728,100663296.0,10066329.6
Dragonfly+,626,11296737280.0,72.86739864864865,14208,9728,100663296.0,10066329.6
Dragonfly+,627,11296737280.0,72.87443693693693,14208,9728,100663296.0,10066329.6
Dragonfly+,628,11296737280.0,72.88147522522522,14208,9728,100663296.0,10066329.6
Dragonfly+,629,11296737280.0,72.88851351351352,14208,9728,100663296.0,10066329.6
Dragonfly+,630,11296737280.0,72.8955518018018,14208,9728,100663296.0,10066329.6
Dragonfly+,631,11296737280.0,72.90259009009009,14208,9728,100663296.0,10066329.6
Dragonfly+,632,11296737280.0,72.90962837837837,14208,9728,100663296.0,10066329.6
Dragonfly+,633,11296737280.0,72.91666666666666,14208,9728,100663296.0,10066329.6
Dragonfly+,634,11296737280.0,72.92370495495496,14208,9728,100663296.0,10066329.6
Dragonfly+,635,11296737280.0,72.93074324324324,14208,9728,100663296.0,10066329.6
Dragonfly+,636,11296737280.0,72.93778153153153,14208,9728,100663296.0,10066329.6
Dragonfly+,637,11296737280.0,72.94481981981981,14208,9728,100663296.0,10066329.6
Dragonfly+,638,11296737280.0,72.9518581081081,14208,9728,100663296.0,10066329.6
Dragonfly+,639,11296737280.0,72.9588963963964,14208,9728,100663296.0,10066329.6
Dragonfly+,640,11296737280.0,72.96593468468468,14208,9728,100663296.0,10066329.6
Dragonfly+,641,11296737280.0,72.97297297297297,14208,9728,100663296.0,10066329.6
Dragonfly+,642,11296737280.0,72.98001126126125,14208,9728,100663296.0,10066329.6
Dragonfly+,643,11296737280.0,72.98704954954955,14208,9728,100663296.0,10066329.6
Dragonfly+,644,11296737280.0,72.99408783783784,14208,9728,100663296.0,10066329.6
Dragonfly+,645,11296737280.0,73.00112612612612,14208,9728,100663296.0,10066329.6
Dragonfly+,646,11296737280.0,73.00816441441441,14208,9728,100663296.0,10066329.6
Dragonfly+,647,11296737280.0,73.0152027027027,14208,9728,100663296.0,10066329.6
Dragonfly+,648,11296737280.0,73.022240990991,14208,9728,100663296.0,10066329.6
Dragonfly+,649,11296737280.0,73.02927927927928,14208,9728,100663296.0,10066329.6
Dragonfly+,650,11296737280.0,73.03631756756756,14208,9728,100663296.0,10066329.6
Dragonfly+,651,11296737280.0,73.04335585585585,14208,9728,100663296.0,10066329.6
Dragonfly+,652,11296737280.0,73.05039414414415,14208,9728,100663296.0,10066329.6
Dragonfly+,653,11296737280.0,73.05743243243244,14208,9728,100663296.0,10066329.6
Dragonfly+,654,11296737280.0,73.06447072072072,14208,9728,100663296.0,10066329.6
Dragonfly+,655,11296737280.0,73.071509009009,14208,9728,100663296.0,10066329.6
Dragonfly+,656,11296737280.0,73.0785472972973,14208,9728,100663296.0,10066329.6
Dragonfly+,657,11296737280.0,73.08558558558559,14208,9728,100663296.0,10066329.6
Dragonfly+,658,11296737280.0,73.09262387387388,14208,9728,100663296.0,10066329.6
Dragonfly+,659,11296737280.0,73.09966216216216,14208,9728,100663296.0,10066329.6
Dragonfly+,660,11296737280.0,73.10670045045045,14208,9728,100663296.0,10066329.6
Dragonfly+,661,11296737280.0,73.11373873873875,14208,9728,100663296.0,10066329.6
Dragonfly+,662,11296737280.0,73.12077702702703,14208,9728,100663296.0,10066329.6
Dragonfly+,663,11296737280.0,73.12781531531532,14208,9728,100663296.0,10066329.6
Dragonfly+,664,11296737280.0,73.1348536036036,14208,9728,100663296.0,10066329.6
Dragonfly+,665,11296737280.0,73.1418918918919,14208,9728,100663296.0,10066329.6
Dragonfly+,666,11296737280.0,73.14893018018019,14208,9728,100663296.0,10066329.6
Dragonfly+,667,11296737280.0,73.15596846846847,14208,9728,100663296.0,10066329.6
Dragonfly+,668,11296737280.0,73.16300675675676,14208,9728,100663296.0,10066329.6
Dragonfly+,669,11296737280.0,73.17004504504504,14208,9728,100663296.0,10066329.6
Dragonfly+,670,11296737280.0,73.17708333333334,14208,9728,100663296.0,10066329.6
Dragonfly+,671,11296737280.0,73.18412162162163,14208,9728,100663296.0,10066329.6
Dragonfly+,672,11296737280.0,73.19115990990991,14208,9728,100663296.0,10066329.6
Dragonfly+,673,11296737280.0,73.1981981981982,14208,9728,100663296.0,10066329.6
Dragonfly+,674,11296737280.0,73.20523648648648,14208,9728,100663296.0,10066329.6
Dragonfly+,675,11296737280.0,73.21227477477478,14208,9728,100663296.0,10066329.6
Dragonfly+,676,11296737280.0,73.21931306306307,14208,9728,100663296.0,10066329.6
Dragonfly+,677,11296737280.0,73.22635135135135,14208,9728,100663296.0,10066329.6
Dragonfly+,678,11296737280.0,73.23338963963964,14208,9728,100663296.0,10066329.6
Dragonfly+,679,11296737280.0,73.24042792792793,14208,9728,100663296.0,10066329.6
Dragonfly+,680,11296737280.0,73.24746621621621,14208,9728,100663296.0,10066329.6
Dragonfly+,681,11296737280.0,73.2545045045045,14208,9728,100663296.0,10066329.6
Dragonfly+,682,11296737280.0,73.2615427927928,14208,9728,100663296.0,10066329.6
Dragonfly+,683,11296737280.0,73.26858108108108,14208,9728,100663296.0,10066329.6
Dragonfly+,684,11296737280.0,73.27561936936937,14208,9728,100663296.0,10066329.6
Dragonfly+,685,11296737280.0,73.28265765765765,14208,9728,100663296.0,10066329.6
Dragonfly+,686,11296737280.0,73.28969594594594,14208,9728,100663296.0,10066329.6
Dragonfly+,687,11296737280.0,73.29673423423422,14208,9728,100663296.0,10066329.6
Dragonfly+,688,11296737280.0,73.30377252252252,14208,9728,100663296.0,10066329.6
Dragonfly+,689,11296737280.0,73.3108108108108,14208,9728,100663296.0,10066329.6
Dragonfly+,690,11296737280.0,73.31784909909909,14208,9728,100663296.0,10066329.6
Dragonfly+,691,11296737280.0,73.32488738738738,14208,9728,100663296.0,10066329.6
Dragonfly+,692,11296737280.0,73.33192567567568,14208,9728,100663296.0,10066329.6
Dragonfly+,693,11296737280.0,73.33896396396396,14208,9728,100663296.0,10066329.6
Dragonfly+,694,11296737280.0,73.34600225225225,14208,9728,100663296.0,10066329.6
Dragonfly+,695,11296737280.0,73.35304054054053,14208,9728,100663296.0,10066329.6
Dragonfly+,696,11296737280.0,73.36007882882883,14208,9728,100663296.0,10066329.6
Dragonfly+,697,11296737280.0,73.36711711711712,14208,9728,100663296.0,10066329.6
Dragonfly+,698,11296737280.0,73.3741554054054,14208,9728,100663296.0,10066329.6
Dragonfly+,699,11296737280.0,73.38119369369369,14208,9728,100663296.0,10066329.6
Dragonfly+,700,11296737280.0,73.38823198198197,14208,9728,100663296.0,10066329.6
Dragonfly+,701,11296737280.0,73.39527027027027,14208,9728,100663296.0,10066329.6
Dragonfly+,702,11296737280.0,73.40230855855856,14208,9728,100663296.0,10066329.6
Dragonfly+,703,11296737280.0,73.40934684684684,14208,9728,100663296.0,10066329.6
Dragonfly+,704,11296737280.0,73.41638513513513,14208,9728,100663296.0,10066329.6
Dragonfly+,705,11296737280.0,73.42342342342343,14208,9728,100663296.0,10066329.6
Dragonfly+,706,11296737280.0,73.43046171171171,14208,9728,100663296.0,10066329.6
Dragonfly+,707,11296737280.0,73.4375,14208,9728,100663296.0,10066329.6
Dragonfly+,708,11296737280.0,73.44453828828829,14208,9728,100663296.0,10066329.6
Dragonfly+,709,11296737280.0,73.45157657657657,14208,9728,100663296.0,10066329.6
Dragonfly+,710,11296737280.0,73.45861486486487,14208,9728,100663296.0,10066329.6
Dragonfly+,711,11296737280.0,73.46565315315316,14208,9728,100663296.0,10066329.6
Dragonfly+,712,11296737280.0,73.47269144144144,14208,9728,100663296.0,10066329.6
Dragonfly+,713,11296737280.0,73.47972972972973,14208,9728,100663296.0,10066329.6
Dragonfly+,714,11296737280.0,73.48676801801803,14208,9728,100663296.0,10066329.6
Dragonfly+,715,11296737280.0,73.49380630630631,14208,9728,100663296.0,10066329.6
Dragonfly+,716,11296737280.0,73.5008445945946,14208,9728,100663296.0,10066329.6
Dragonfly+,717,11296737280.0,73.50788288288288,14208,9728,100663296.0,10066329.6
Dragonfly+,718,11296737280.0,73.51492117117117,14208,9728,100663296.0,10066329.6
Dragonfly+,719,11296737280.0,73.52195945945947,14208,9728,100663296.0,10066329.6
Dragonfly+,720,11296737280.0,73.52899774774775,14208,9728,100663296.0,10066329.6
Dragonfly+,721,11296737280.0,73.53603603603604,14208,9728,100663296.0,10066329.6
Dragonfly+,722,11296737280.0,73.54307432432432,14208,9728,100663296.0,10066329.6
Dragonfly+,723,11296737280.0,73.55011261261262,14208,9728,100663296.0,10066329.6
Dragonfly+,724,11296737280.0,73.55715090090091,14208,9728,100663296.0,10066329.6
Dragonfly+,725,11296737280.0,73.5641891891892,14208,9728,100663296.0,10066329.6
Dragonfly+,726,11296737280.0,73.57122747747748,14208,9728,100663296.0,10066329.6
Dragonfly+,727,11296737280.0,73.57826576576578,14208,9728,100663296.0,10066329.6
Dragonfly+,728,11296737280.0,73.58530405405406,14208,9728,100663296.0,10066329.6
Dragonfly+,729,11296737280.0,73.59234234234235,14208,9728,100663296.0,10066329.6
Dragonfly+,730,11296737280.0,73.59938063063063,14208,9728,100663296.0,10066329.6
Dragonfly+,731,11296737280.0,73.60641891891892,14208,9728,100663296.0,10066329.6
Dragonfly+,732,11296737280.0,73.6134572072072,14208,9728,100663296.0,10066329.6
Dragonfly+,733,11296737280.0,73.6204954954955,14208,9728,100663296.0,10066329.6
Dragonfly+,734,11296737280.0,73.62753378378379,14208,9728,100663296.0,10066329.6
Dragonfly+,735,11296737280.0,73.63457207207207,14208,9728,100663296.0,10066329.6
Dragonfly+,736,11296737280.0,73.64161036036036,14208,9728,100663296.0,10066329.6
Dragonfly+,737,11296737280.0,73.64864864864865,14208,9728,100663296.0,10066329.6
Dragonfly+,738,11296737280.0,73.65568693693693,14208,9728,100663296.0,10066329.6
Dragonfly+,739,11296737280.0,73.66272522522522,14208,9728,100663296.0,10066329.6
Dragonfly+,740,11296737280.0,73.66976351351352,14208,9728,100663296.0,10066329.6
Dragonfly+,741,11296737280.0,73.6768018018018,14208,9728,100663296.0,10066329.6
Dragonfly+,742,11296737280.0,73.68384009009009,14208,9728,100663296.0,10066329.6
Dragonfly+,743,11296737280.0,73.69087837837837,14208,9728,100663296.0,10066329.6
Dragonfly+,744,11296737280.0,73.69791666666666,14208,9728,100663296.0,10066329.6
Dragonfly+,745,11296737280.0,73.70495495495496,14208,9728,100663296.0,10066329.6
Dragonfly+,746,11296737280.0,73.71199324324324,14208,9728,100663296.0,10066329.6
Dragonfly+,747,11296737280.0,73.71903153153153,14208,9728,100663296.0,10066329.6
Dragonfly+,748,11296737280.0,73.72606981981981,14208,9728,100663296.0,10066329.6
Dragonfly+,749,11296737280.0,73.7331081081081,14208,9728,100663296.0,10066329.6
Dragonfly+,750,11296737280.0,73.7401463963964,14208,9728,100663296.0,10066329.6
Dragonfly+,751,11296737280.0,73.74718468468468,14208,9728,100663296.0,10066329.6
Dragonfly+,752,11296737280.0,73.75422297297297,14208,9728,100663296.0,10066329.6
Dragonfly+,753,11296737280.0,73.76126126126125,14208,9728,100663296.0,10066329.6
Dragonfly+,754,11296737280.0,73.76829954954955,14208,9728,100663296.0,10066329.6
Dragonfly+,755,11296737280.0,73.77533783783784,14208,9728,100663296.0,10066329.6
Dragonfly+,756,11296737280.0,73.78237612612612,14208,9728,100663296.0,10066329.6
Dragonfly+,757,11296737280.0,73.78941441441441,14208,9728,100663296.0,10066329.6
Dragonfly+,758,11296737280.0,73.7964527027027,14208,9728,100663296.0,10066329.6
Dragonfly+,759,11296737280.0,73.803490990991,14208,9728,100663296.0,10066329.6
Dragonfly+,760,11296737280.0,73.81052927927928,14208,9728,100663296.0,10066329.6
Dragonfly+,761,11296737280.0,73.81756756756756,14208,9728,100663296.0,10066329.6
Dragonfly+,762,11296737280.0,73.82460585585585,14208,9728,100663296.0,10066329.6
Dragonfly+,763,11296737280.0,73.83164414414415,14208,9728,100663296.0,10066329.6
Dragonfly+,764,11296737280.0,73.83868243243244,14208,9728,100663296.0,10066329.6
Dragonfly+,765,11296737280.0,73.84572072072072,14208,9728,100663296.0,10066329.6
Dragonfly+,766,11296737280.0,73.852759009009,14208,9728,100663296.0,10066329.6
Dragonfly+,767,11296737280.0,73.8597972972973,14208,9728,100663296.0,10066329.6
Dragonfly+,768,11296737280.0,73.86683558558559,14208,9728,100663296.0,10066329.6
Dragonfly+,769,11296737280.0,73.87387387387388,14208,9728,100663296.0,10066329.6
Dragonfly+,770,11296737280.0,73.88091216216216,14208,9728,100663296.0,10066329.6
Dragonfly+,771,11296737280.0,73.88795045045045,14208,9728,100663296.0,10066329.6
Dragonfly+,772,11296737280.0,73.89498873873875,14208,9728,100663296.0,10066329.6
Dragonfly+,773,11296737280.0,73.90202702702703,14208,9728,100663296.0,10066329.6
Dragonfly+,774,11296737280.0,73.90906531531532,14208,9728,100663296.0,10066329.6
Dragonfly+,775,11296737280.0,73.9161036036036,14208,9728,100663296.0,10066329.6
Dragonfly+,776,11296737280.0,73.9231418918919,14208,9728,100663296.0,10066329.6
Dragonfly+,777,11296737280.0,73.93018018018019,14208,9728,100663296.0,10066329.6
Dragonfly+,778,11296737280.0,73.93721846846847,14208,9728,100663296.0,10066329.6
Dragonfly+,779,11296737280.0,73.94425675675676,14208,9728,100663296.0,10066329.6
Dragonfly+,780,11296737280.0,73.95129504504504,14208,9728,100663296.0,10066329.6
Dragonfly+,781,11296737280.0,73.95833333333334,14208,9728,100663296.0,10066329.6
Dragonfly+,782,11296737280.0,73.96537162162163,14208,9728,100663296.0,10066329.6
Dragonfly+,783,11296737280.0,73.97240990990991,14208,9728,100663296.0,10066329.6
Dragonfly+,784,11296737280.0,73.9794481981982,14208,9728,100663296.0,10066329.6
Dragonfly+,785,11296737280.0,73.98648648648648,14208,9728,100663296.0,10066329.6
Dragonfly+,786,11296737280.0,73.99352477477478,14208,9728,100663296.0,10066329.6
Dragonfly+,787,11296737280.0,74.00056306306307,14208,9728,100663296.0,10066329.6
Dragonfly+,788,11296737280.0,74.00760135135135,14208,9728,100663296.0,10066329.6
Dragonfly+,789,11296737280.0,74.01463963963964,14208,9728,100663296.0,10066329.6
Dragonfly+,790,11296737280.0,74.02167792792793,14208,9728,100663296.0,10066329.6
Dragonfly+,791,11296737280.0,74.02871621621621,14208,9728,100663296.0,10066329.6
Dragonfly+,792,11296737280.0,74.0357545045045,14208,9728,100663296.0,10066329.6
Dragonfly+,793,11296737280.0,74.0427927927928,14208,9728,100663296.0,10066329.6
Dragonfly+,794,11296737280.0,74.04983108108108,14208,9728,100663296.0,10066329.6
Dragonfly+,795,11296737280.0,74.05686936936937,14208,9728,100663296.0,10066329.6
Dragonfly+,796,11296737280.0,74.06390765765765,14208,9728,100663296.0,10066329.6
Dragonfly+,797,11296737280.0,74.07094594594594,14208,9728,100663296.0,10066329.6
Dragonfly+,798,11296737280.0,74.07798423423422,14208,9728,100663296.0,10066329.6
Dragonfly+,799,11296737280.0,74.08502252252252,14208,9728,100663296.0,10066329.6
Dragonfly+,800,11296737280.0,74.0920608108108,14208,9728,100663296.0,10066329.6
Dragonfly+,801,11296737280.0,74.09909909909909,14208,9728,100663296.0,10066329.6
Dragonfly+,802,11296737280.0,74.10613738738738,14208,9728,100663296.0,10066329.6
Dragonfly+,803,11296737280.0,74.11317567567568,14208,9728,100663296.0,10066329.6
Dragonfly+,804,11296737280.0,74.12021396396396,14208,9728,100663296.0,10066329.6
Dragonfly+,805,11296737280.0,74.12725225225225,14208,9728,100663296.0,10066329.6
Dragonfly+,806,11296737280.0,74.13429054054053,14208,9728,100663296.0,10066329.6
Dragonfly+,807,11296737280.0,74.14132882882883,14208,9728,100663296.0,10066329.6
Dragonfly+,808,11296737280.0,74.14836711711712,14208,9728,100663296.0,10066329.6
Dragonfly+,809,11296737280.0,74.1554054054054,14208,9728,100663296.0,10066329.6
Dragonfly+,810,11296737280.0,74.16244369369369,14208,9728,100663296.0,10066329.6
Dragonfly+,811,11296737280.0,74.16948198198197,14208,9728,100663296.0,10066329.6
Dragonfly+,812,11296737280.0,74.17652027027027,14208,9728,100663296.0,10066329.6
Dragonfly+,813,11296737280.0,74.18355855855856,14208,9728,100663296.0,10066329.6
Dragonfly+,814,11296737280.0,74.19059684684684,14208,9728,100663296.0,10066329.6
Dragonfly+,815,11296737280.0,74.19763513513513,14208,9728,100663296.0,10066329.6
Dragonfly+,816,11296737280.0,74.20467342342343,14208,9728,100663296.0,10066329.6
Dragonfly+,817,11296737280.0,74.21171171171171,14208,9728,100663296.0,10066329.6
Dragonfly+,818,11296737280.0,74.21875,14208,9728,100663296.0,10066329.6
Dragonfly+,819,11296737280.0,74.22578828828829,14208,9728,100663296.0,10066329.6
Dragonfly+,820,11296737280.0,74.23282657657657,14208,9728,100663296.0,10066329.6
Dragonfly+,821,11296737280.0,74.23986486486487,14208,9728,100663296.0,10066329.6
Dragonfly+,822,11296737280.0,74.24690315315316,14208,9728,100663296.0,10066329.6
Dragonfly+,823,11296737280.0,74.25394144144144,14208,9728,100663296.0,10066329.6
Dragonfly+,824,11296737280.0,74.26097972972973,14208,9728,100663296.0,10066329.6
Dragonfly+,825,11296737280.0,74.26801801801803,14208,9728,100663296.0,10066329.6
Dragonfly+,826,11296737280.0,74.27505630630631,14208,9728,100663296.0,10066329.6
Dragonfly+,827,11296737280.0,74.2820945945946,14208,9728,100663296.0,10066329.6
Dragonfly+,828,11296737280.0,74.28913288288288,14208,9728,100663296.0,10066329.6
Dragonfly+,829,11296737280.0,74.29617117117117,14208,9728,100663296.0,10066329.6
Dragonfly+,830,11296737280.0,74.30320945945947,14208,9728,100663296.0,10066329.6
Dragonfly+,831,11296737280.0,74.31024774774775,14208,9728,100663296.0,10066329.6
Dragonfly+,832,11296737280.0,74.31728603603604,14208,9728,100663296.0,10066329.6
Dragonfly+,833,11296737280.0,74.32432432432432,14208,9728,100663296.0,10066329.6
Dragonfly+,834,11296737280.0,74.33136261261262,14208,9728,100663296.0,10066329.6
Dragonfly+,835,11296737280.0,74.33840090090091,14208,9728,100663296.0,10066329.6
Dragonfly+,836,11296737280.0,74.3454391891892,14208,9728,100663296.0,10066329.6
Dragonfly+,837,11296737280.0,74.35247747747748,14208,9728,100663296.0,10066329.6
Dragonfly+,838,11296737280.0,74.35951576576578,14208,9728,100663296.0,10066329.6
Dragonfly+,839,11296737280.0,74.36655405405406,14208,9728,100663296.0,10066329.6
Dragonfly+,840,11296737280.0,74.37359234234235,14208,9728,100663296.0,10066329.6
Dragonfly+,841,11296737280.0,74.38063063063063,14208,9728,100663296.0,10066329.6
Dragonfly+,842,11296737280.0,74.38766891891892,14208,9728,100663296.0,10066329.6
Dragonfly+,843,11296737280.0,74.3947072072072,14208,9728,100663296.0,10066329.6
Dragonfly+,844,11296737280.0,74.4017454954955,14208,9728,100663296.0,10066329.6
Dragonfly+,845,11296737280.0,74.40878378378379,14208,9728,100663296.0,10066329.6
Dragonfly+,846,11296737280.0,74.41582207207207,14208,9728,100663296.0,10066329.6
Dragonfly+,847,11296737280.0,74.42286036036036,14208,9728,100663296.0,10066329.6
Dragonfly+,848,11296737280.0,74.42989864864865,14208,9728,100663296.0,10066329.6
Dragonfly+,849,11296737280.0,74.43693693693693,14208,9728,100663296.0,10066329.6
Dragonfly+,850,11296737280.0,74.44397522522522,14208,9728,100663296.0,10066329.6
Dragonfly+,851,11296737280.0,74.45101351351352,14208,9728,100663296.0,10066329.6
Dragonfly+,852,11296737280.0,74.4580518018018,14208,9728,100663296.0,10066329.6
Dragonfly+,853,11296737280.0,74.46509009009009,14208,9728,100663296.0,10066329.6
Dragonfly+,854,11296737280.0,74.47212837837837,14208,9728,100663296.0,10066329.6
Dragonfly+,855,11296737280.0,74.47916666666666,14208,9728,100663296.0,10066329.6
Dragonfly+,856,11296737280.0,74.48620495495496,14208,9728,100663296.0,10066329.6
Dragonfly+,857,11296737280.0,74.49324324324324,14208,9728,100663296.0,10066329.6
Dragonfly+,858,11296737280.0,74.50028153153153,14208,9728,100663296.0,10066329.6
Dragonfly+,859,11296737280.0,74.50731981981981,14208,9728,100663296.0,10066329.6
Dragonfly+,860,11296737280.0,74.5143581081081,14208,9728,100663296.0,10066329.6
Dragonfly+,861,11296737280.0,74.5213963963964,14208,9728,100663296.0,10066329.6
Dragonfly+,862,11296737280.0,74.52843468468468,14208,9728,100663296.0,10066329.6
Dragonfly+,863,11296737280.0,74.53547297297297,14208,9728,100663296.0,10066329.6
Dragonfly+,864,11296737280.0,74.54251126126125,14208,9728,100663296.0,10066329.6
Dragonfly+,865,11296737280.0,74.54954954954955,14208,9728,100663296.0,10066329.6
Dragonfly+,866,11296737280.0,74.55658783783784,14208,9728,100663296.0,10066329.6
Dragonfly+,867,11296737280.0,74.56362612612612,14208,9728,100663296.0,10066329.6
Dragonfly+,868,11296737280.0,74.57066441441441,14208,9728,100663296.0,10066329.6
Dragonfly+,869,11296737280.0,74.5777027027027,14208,9728,100663296.0,10066329.6
Dragonfly+,870,11296737280.0,74.584740990991,14208,9728,100663296.0,10066329.6
Dragonfly+,871,11296737280.0,74.59177927927928,14208,9728,100663296.0,10066329.6
Dragonfly+,872,11296737280.0,74.59881756756756,14208,9728,100663296.0,10066329.6
Dragonfly+,873,11296737280.0,74.60585585585585,14208,9728,100663296.0,10066329.6
Dragonfly+,874,11296737280.0,74.61289414414415,14208,9728,100663296.0,10066329.6
Dragonfly+,875,11296737280.0,74.61993243243244,14208,9728,100663296.0,10066329.6
Dragonfly+,876,11296737280.0,74.62697072072072,14208,9728,100663296.0,10066329.6
Dragonfly+,877,11296737280.0,74.634009009009,14208,9728,100663296.0,10066329.6
Dragonfly+,878,11296737280.0,74.6410472972973,14208,9728,100663296.0,10066329.6
Dragonfly+,879,11296737280.0,74.64808558558559,14208,9728,100663296.0,10066329.6
Dragonfly+,880,11296737280.0,74.65512387387388,14208,9728,100663296.0,10066329.6
Dragonfly+,881,11296737280.0,74.66216216216216,14208,9728,100663296.0,10066329.6
Dragonfly+,882,11296737280.0,74.66920045045045,14208,9728,100663296.0,10066329.6
Dragonfly+,883,11296737280.0,74.67623873873875,14208,9728,100663296.0,10066329.6
Dragonfly+,884,11296737280.0,74.68327702702703,14208,9728,100663296.0,10066329.6
Dragonfly+,885,11296737280.0,74.69031531531532,14208,9728,100663296.0,10066329.6
Dragonfly+,886,11296737280.0,74.6973536036036,14208,9728,100663296.0,10066329.6
Dragonfly+,887,11296737280.0,74.7043918918919,14208,9728,100663296.0,10066329.6
Dragonfly+,888,11296737280.0,74.71143018018019,14208,9728,100663296.0,10066329.6
Dragonfly+,889,11296737280.0,74.71846846846847,14208,9728,100663296.0,10066329.6
Dragonfly+,890,11296737280.0,74.72550675675676,14208,9728,100663296.0,10066329.6
Dragonfly+,891,11296737280.0,74.73254504504504,14208,9728,100663296.0,10066329.6
Dragonfly+,892,11296737280.0,74.73958333333334,14208,9728,100663296.0,10066329.6
Dragonfly+,893,11296737280.0,74.74662162162163,14208,9728,100663296.0,10066329.6
Dragonfly+,894,11296737280.0,74.75365990990991,14208,9728,100663296.0,10066329.6
Dragonfly+,895,11296737280.0,74.7606981981982,14208,9728,100663296.0,10066329.6
Dragonfly+,896,11296737280.0,74.76773648648648,14208,9728,100663296.0,10066329.6
Dragonfly+,897,11296737280.0,74.77477477477478,14208,9728,100663296.0,10066329.6
Dragonfly+,898,11296737280.0,74.78181306306307,14208,9728,100663296.0,10066329.6
Dragonfly+,899,11296737280.0,74.78885135135135,14208,9728,100663296.0,10066329.6
Dragonfly+,900,11296737280.0,74.79588963963964,14208,9728,100663296.0,10066329.6
Dragonfly+,901,11296737280.0,74.80292792792793,14208,9728,100663296.0,10066329.6
Dragonfly+,902,11296737280.0,74.80996621621621,14208,9728,100663296.0,10066329.6
Dragonfly+,903,11296737280.0,74.8170045045045,14208,9728,100663296.0,10066329.6
Dragonfly+,904,11296737280.0,74.8240427927928,14208,9728,100663296.0,10066329.6
Dragonfly+,905,11296737280.0,74.83108108108108,14208,9728,100663296.0,10066329.6
Dragonfly+,906,11296737280.0,74.83811936936937,14208,9728,100663296.0,10066329.6
Dragonfly+,907,11296737280.0,74.84515765765765,14208,9728,100663296.0,10066329.6
Dragonfly+,908,11296737280.0,74.85219594594594,14208,9728,100663296.0,10066329.6
Dragonfly+,909,11296737280.0,74.85923423423422,14208,9728,100663296.0,10066329.6
Dragonfly+,910,11296737280.0,74.86627252252252,14208,9728,100663296.0,10066329.6
Dragonfly+,911,11296737280.0,74.8733108108108,14208,9728,100663296.0,10066329.6
Dragonfly+,912,11296737280.0,74.88034909909909,14208,9728,100663296.0,10066329.6
Dragonfly+,913,11296737280.0,74.88738738738738,14208,9728,100663296.0,10066329.6
Dragonfly+,914,11296737280.0,74.89442567567568,14208,9728,100663296.0,10066329.6
Dragonfly+,915,11296737280.0,74.90146396396396,14208,9728,100663296.0,10066329.6
Dragonfly+,916,11296737280.0,74.90850225225225,14208,9728,100663296.0,10066329.6
Dragonfly+,917,11296737280.0,74.91554054054053,14208,9728,100663296.0,10066329.6
Dragonfly+,918,11296737280.0,74.92257882882883,14208,9728,100663296.0,10066329.6
Dragonfly+,919,11296737280.0,74.92961711711712,14208,9728,100663296.0,10066329.6
Dragonfly+,920,11296737280.0,74.9366554054054,14208,9728,100663296.0,10066329.6
Dragonfly+,921,11296737280.0,74.94369369369369,14208,9728,100663296.0,10066329.6
Dragonfly+,922,11296737280.0,74.95073198198197,14208,9728,100663296.0,10066329.6
Dragonfly+,923,11296737280.0,74.95777027027027,14208,9728,100663296.0,10066329.6
Dragonfly+,924,11296737280.0,74.96480855855856,14208,9728,100663296.0,10066329.6
Dragonfly+,925,11296737280.0,74.97184684684684,14208,9728,100663296.0,10066329.6
Dragonfly+,926,11296737280.0,74.97888513513513,14208,9728,100663296.0,10066329.6
Dragonfly+,927,11296737280.0,74.98592342342343,14208,9728,100663296.0,10066329.6
Dragonfly+,928,11296737280.0,74.99296171171171,14208,9728,100663296.0,10066329.6
Dragonfly+,929,11296737280.0,75.0,14208,9728,100663296.0,10066329.6
Dragonfly+,930,11296737280.0,75.00703828828829,14208,9728,100663296.0,10066329.6
Dragonfly+,931,11296737280.0,75.01407657657657,14208,9728,100663296.0,10066329.6
Dragonfly+,932,11296737280.0,75.02111486486487,14208,9728,100663296.0,10066329.6
Dragonfly+,933,11296737280.0,75.02815315315316,14208,9728,100663296.0,10066329.6
Dragonfly+,934,11296737280.0,75.03519144144144,14208,9728,100663296.0,10066329.6
Dragonfly+,935,11296737280.0,75.04222972972973,14208,9728,100663296.0,10066329.6
Dragonfly+,936,11296737280.0,75.04926801801803,14208,9728,100663296.0,10066329.6
Dragonfly+,937,11296737280.0,75.05630630630631,14208,9728,100663296.0,10066329.6
Dragonfly+,938,11296737280.0,75.0633445945946,14208,9728,100663296.0,10066329.6
Dragonfly+,939,11296737280.0,75.07038288288288,14208,9728,100663296.0,10066329.6
Dragonfly+,940,11296737280.0,75.07742117117117,14208,9728,100663296.0,10066329.6
Dragonfly+,941,11296737280.0,75.08445945945947,14208,9728,100663296.0,10066329.6
Dragonfly+,942,11296737280.0,75.09149774774775,14208,9728,100663296.0,10066329.6
Dragonfly+,943,11296737280.0,75.09853603603604,14208,9728,100663296.0,10066329.6
Dragonfly+,944,11296737280.0,75.10557432432432,14208,9728,100663296.0,10066329.6
Dragonfly+,945,11296737280.0,75.11261261261262,14208,9728,100663296.0,10066329.6
Dragonfly+,946,11296737280.0,75.11965090090091,14208,9728,100663296.0,10066329.6
Dragonfly+,947,11296737280.0,75.1266891891892,14208,9728,100663296.0,10066329.6
Dragonfly+,948,11296737280.0,75.13372747747748,14208,9728,100663296.0,10066329.6
Dragonfly+,949,11296737280.0,75.14076576576578,14208,9728,100663296.0,10066329.6
Dragonfly+,950,11296737280.0,75.14780405405406,14208,9728,100663296.0,10066329.6
Dragonfly+,951,11296737280.0,75.15484234234235,14208,9728,100663296.0,10066329.6
Dragonfly+,952,11296737280.0,75.16188063063063,14208,9728,100663296.0,10066329.6
Dragonfly+,953,11296737280.0,75.16891891891892,14208,9728,100663296.0,10066329.6
Dragonfly+,954,11296737280.0,75.1759572072072,14208,9728,100663296.0,10066329.6
Dragonfly+,955,11296737280.0,75.1829954954955,14208,9728,100663296.0,10066329.6
Dragonfly+,956,11296737280.0,75.19003378378379,14208,9728,100663296.0,10066329.6
Dragonfly+,957,11296737280.0,75.19707207207207,14208,9728,100663296.0,10066329.6
Dragonfly+,958,11296737280.0,75.20411036036036,14208,9728,100663296.0,10066329.6
Dragonfly+,959,11296737280.0,75.21114864864865,14208,9728,100663296.0,10066329.6
Dragonfly+,960,11296737280.0,75.21818693693693,14208,9728,100663296.0,10066329.6
Dragonfly+,961,11296737280.0,75.22522522522522,14208,9728,100663296.0,10066329.6
Dragonfly+,962,11296737280.0,75.23226351351352,14208,9728,100663296.0,10066329.6
Dragonfly+,963,11296737280.0,75.2393018018018,14208,9728,100663296.0,10066329.6
Dragonfly+,964,11296737280.0,75.24634009009009,14208,9728,100663296.0,10066329.6
Dragonfly+,965,11296737280.0,75.25337837837837,14208,9728,100663296.0,10066329.6
Dragonfly+,966,11296737280.0,75.26041666666666,14208,9728,100663296.0,10066329.6
Dragonfly+,967,11296737280.0,75.26745495495496,14208,9728,100663296.0,10066329.6
Dragonfly+,968,11296737280.0,75.27449324324324,14208,9728,100663296.0,10066329.6
Dragonfly+,969,11296737280.0,75.28153153153153,14208,9728,100663296.0,10066329.6
Dragonfly+,970,11296737280.0,75.28856981981981,14208,9728,100663296.0,10066329.6
Dragonfly+,971,11296737280.0,75.2956081081081,14208,9728,100663296.0,10066329.6
Dragonfly+,972,11296737280.0,75.3026463963964,14208,9728,100663296.0,10066329.6
Dragonfly+,973,11296737280.0,75.30968468468468,14208,9728,100663296.0,10066329.6
Dragonfly+,974,11296737280.0,75.31672297297297,14208,9728,100663296.0,10066329.6
Dragonfly+,975,11296737280.0,75.32376126126125,14208,9728,100663296.0,10066329.6
Dragonfly+,976,11296737280.0,75.33079954954955,14208,9728,100663296.0,10066329.6
Dragonfly+,977,11296737280.0,75.33783783783784,14208,9728,100663296.0,10066329.6
Dragonfly+,978,11296737280.0,75.34487612612612,14208,9728,100663296.0,10066329.6
Dragonfly+,979,11296737280.0,75.35191441441441,14208,9728,100663296.0,10066329.6
Dragonfly+,980,11296737280.0,75.3589527027027,14208,9728,100663296.0,10066329.6
Dragonfly+,981,11296737280.0,75.365990990991,14208,9728,100663296.0,10066329.6
Dragonfly+,982,11296737280.0,75.37302927927928,14208,9728,100663296.0,10066329.6
Dragonfly+,983,11296737280.0,75.38006756756756,14208,9728,100663296.0,10066329.6
Dragonfly+,984,11296737280.0,75.38710585585585,14208,9728,100663296.0,10066329.6
Dragonfly+,985,11296737280.0,75.39414414414415,14208,9728,100663296.0,10066329.6
Dragonfly+,986,11296737280.0,75.40118243243244,14208,9728,100663296.0,10066329.6
Dragonfly+,987,11296737280.0,75.40822072072072,14208,9728,100663296.0,10066329.6
Dragonfly+,988,11296737280.0,75.415259009009,14208,9728,100663296.0,10066329.6
Dragonfly+,989,11296737280.0,75.4222972972973,14208,9728,100663296.0,10066329.6
Dragonfly+,990,11296737280.0,75.42933558558559,14208,9728,100663296.0,10066329.6
Dragonfly+,991,11296737280.0,75.43637387387388,14208,9728,100663296.0,10066329.6
Dragonfly+,992,11296737280.0,75.44341216216216,14208,9728,100663296.0,10066329.6
Dragonfly+,993,11296737280.0,75.45045045045045,14208,9728,100663296.0,10066329.6
Dragonfly+,994,11296737280.0,75.45748873873875,14208,9728,100663296.0,10066329.6
Dragonfly+,995,11296737280.0,75.46452702702703,14208,9728,100663296.0,10066329.6
Dragonfly+,996,11296737280.0,75.47156531531532,14208,9728,100663296.0,10066329.6
Dragonfly+,997,11296737280.0,75.4786036036036,14208,9728,100663296.0,10066329.6
Dragonfly+,998,11296737280.0,75.4856418918919,14208,9728,100663296.0,10066329.6
Dragonfly+,999,11296737280.0,75.49268018018019,14208,9728,100663296.0,10066329.6
Dragonfly+,1000,11296737280.0,75.49971846846847,14208,9728,100663296.0,10066329.6
Dragonfly+,1001,11296737280.0,75.50675675675676,14208,9728,100663296.0,10066329.6
Dragonfly+,1002,11296737280.0,75.51379504504504,14208,9728,100663296.0,10066329.6
Dragonfly+,1003,11296737280.0,75.52083333333334,14208,9728,100663296.0,10066329.6
Dragonfly+,1004,11296737280.0,75.52787162162163,14208,9728,100663296.0,10066329.6
Dragonfly+,1005,11296737280.0,75.53490990990991,14208,9728,100663296.0,10066329.6
Dragonfly+,1006,11296737280.0,75.5419481981982,14208,9728,100663296.0,10066329.6
Dragonfly+,1007,11296737280.0,75.54898648648648,14208,9728,100663296.0,10066329.6
Dragonfly+,1008,11296737280.0,75.55602477477478,14208,9728,100663296.0,10066329.6
Dragonfly+,1009,11296737280.0,75.56306306306307,14208,9728,100663296.0,10066329.6
Dragonfly+,1010,11296737280.0,75.57010135135135,14208,9728,100663296.0,10066329.6
Dragonfly+,1011,11296737280.0,75.57713963963964,14208,9728,100663296.0,10066329.6
Dragonfly+,1012,11296737280.0,75.58417792792793,14208,9728,100663296.0,10066329.6
Dragonfly+,1013,11296737280.0,75.59121621621621,14208,9728,100663296.0,10066329.6
Dragonfly+,1014,11296737280.0,75.5982545045045,14208,9728,100663296.0,10066329.6
Dragonfly+,1015,11296737280.0,75.6052927927928,14208,9728,100663296.0,10066329.6
Dragonfly+,1016,11296737280.0,75.61233108108108,14208,9728,100663296.0,10066329.6
Dragonfly+,1017,11296737280.0,75.61936936936937,14208,9728,100663296.0,10066329.6
Dragonfly+,1018,11296737280.0,75.62640765765765,14208,9728,100663296.0,10066329.6
Dragonfly+,1019,11296737280.0,75.63344594594594,14208,9728,100663296.0,10066329.6
Dragonfly+,1020,11296737280.0,75.64048423423422,14208,9728,100663296.0,10066329.6
Dragonfly+,1021,11296737280.0,75.64752252252252,14208,9728,100663296.0,10066329.6
Dragonfly+,1022,11296737280.0,75.6545608108108,14208,9728,100663296.0,10066329.6
Dragonfly+,1023,11296737280.0,75.66159909909909,14208,9728,100663296.0,10066329.6
Dragonfly+,1024,11296737280.0,75.66863738738738,14208,9728,100663296.0,10066329.6
Dragonfly+,1025,11296737280.0,75.67567567567568,14208,9728,100663296.0,10066329.6
Dragonfly+,1026,11296737280.0,75.68271396396396,14208,9728,100663296.0,10066329.6
Dragonfly+,1027,11296737280.0,75.68975225225225,14208,9728,100663296.0,10066329.6
Dragonfly+,1028,11296737280.0,75.69679054054053,14208,9728,100663296.0,10066329.6
Dragonfly+,1029,11296737280.0,75.70382882882883,14208,9728,100663296.0,10066329.6
Dragonfly+,1030,11296737280.0,75.71086711711712,14208,9728,100663296.0,10066329.6
Dragonfly+,1031,11296737280.0,75.7179054054054,14208,9728,100663296.0,10066329.6
Dragonfly+,1032,11296737280.0,75.72494369369369,14208,9728,100663296.0,10066329.6
Dragonfly+,1033,11296737280.0,75.73198198198197,14208,9728,100663296.0,10066329.6
Dragonfly+,1034,11296737280.0,75.73902027027027,14208,9728,100663296.0,10066329.6
Dragonfly+,1035,11296737280.0,75.74605855855856,14208,9728,100663296.0,10066329.6
Dragonfly+,1036,11296737280.0,75.75309684684684,14208,9728,100663296.0,10066329.6
Dragonfly+,1037,11296737280.0,75.76013513513513,14208,9728,100663296.0,10066329.6
Dragonfly+,1038,11296737280.0,75.76717342342343,14208,9728,100663296.0,10066329.6
Dragonfly+,1039,11296737280.0,75.77421171171171,14208,9728,100663296.0,10066329.6
Dragonfly+,1040,11296737280.0,75.78125,14208,9728,100663296.0,10066329.6
Dragonfly+,1041,11296737280.0,75.78828828828829,14208,9728,100663296.0,10066329.6
Dragonfly+,1042,11296737280.0,75.79532657657657,14208,9728,100663296.0,10066329.6
Dragonfly+,1043,11296737280.0,75.80236486486487,14208,9728,100663296.0,10066329.6
Dragonfly+,1044,11296737280.0,75.80940315315316,14208,9728,100663296.0,10066329.6
Dragonfly+,1045,11296737280.0,75.81644144144144,14208,9728,100663296.0,10066329.6
Dragonfly+,1046,11296737280.0,75.82347972972973,14208,9728,100663296.0,10066329.6
Dragonfly+,1047,11296737280.0,75.83051801801803,14208,9728,100663296.0,10066329.6
Dragonfly+,1048,11296737280.0,75.83755630630631,14208,9728,100663296.0,10066329.6
Dragonfly+,1049,11296737280.0,75.8445945945946,14208,9728,100663296.0,10066329.6
Dragonfly+,1050,11296737280.0,75.85163288288288,14208,9728,100663296.0,10066329.6
Dragonfly+,1051,11296737280.0,75.85867117117117,14208,9728,100663296.0,10066329.6
Dragonfly+,1052,11296737280.0,75.86570945945947,14208,9728,100663296.0,10066329.6
Dragonfly+,1053,11296737280.0,75.87274774774775,14208,9728,100663296.0,10066329.6
Dragonfly+,1054,11296737280.0,75.87978603603604,14208,9728,100663296.0,10066329.6
Dragonfly+,1055,11296737280.0,75.88682432432432,14208,9728,100663296.0,10066329.6
Dragonfly+,1056,11296737280.0,75.89386261261262,14208,9728,100663296.0,10066329.6
Dragonfly+,1057,11296737280.0,75.90090090090091,14208,9728,100663296.0,10066329.6
Dragonfly+,1058,11296737280.0,75.9079391891892,14208,9728,100663296.0,10066329.6
Dragonfly+,1059,11296737280.0,75.91497747747748,14208,9728,100663296.0,10066329.6
Dragonfly+,1060,11296737280.0,75.92201576576578,14208,9728,100663296.0,10066329.6
Dragonfly+,1061,11296737280.0,75.92905405405406,14208,9728,100663296.0,10066329.6
Dragonfly+,1062,11296737280.0,75.93609234234235,14208,9728,100663296.0,10066329.6
Dragonfly+,1063,11296737280.0,75.94313063063063,14208,9728,100663296.0,10066329.6
Dragonfly+,1064,11296737280.0,75.95016891891892,14208,9728,100663296.0,10066329.6
Dragonfly+,1065,11296737280.0,75.9572072072072,14208,9728,100663296.0,10066329.6
Dragonfly+,1066,11296737280.0,75.9642454954955,14208,9728,100663296.0,10066329.6
Dragonfly+,1067,11296737280.0,75.97128378378379,14208,9728,100663296.0,10066329.6
Dragonfly+,1068,11296737280.0,75.97832207207207,14208,9728,100663296.0,10066329.6
Dragonfly+,1069,11296737280.0,75.98536036036036,14208,9728,100663296.0,10066329.6
Dragonfly+,1070,11296737280.0,75.99239864864865,14208,9728,100663296.0,10066329.6
Dragonfly+,1071,11296737280.0,75.99943693693693,14208,9728,100663296.0,10066329.6
Dragonfly+,1072,11296737280.0,76.00647522522522,14208,9728,100663296.0,10066329.6
Dragonfly+,1073,11296737280.0,76.01351351351352,14208,9728,100663296.0,10066329.6
Dragonfly+,1074,11296737280.0,76.0205518018018,14208,9728,100663296.0,10066329.6
Dragonfly+,1075,11296737280.0,76.02759009009009,14208,9728,100663296.0,10066329.6
Dragonfly+,1076,11296737280.0,76.03462837837837,14208,9728,100663296.0,10066329.6
Dragonfly+,1077,11296737280.0,76.04166666666666,14208,9728,100663296.0,10066329.6
Dragonfly+,1078,11296737280.0,76.04870495495496,14208,9728,100663296.0,10066329.6
Dragonfly+,1079,11296737280.0,76.05574324324324,14208,9728,100663296.0,10066329.6
Dragonfly+,1080,11296737280.0,76.06278153153153,14208,9728,100663296.0,10066329.6
Dragonfly+,1081,11296737280.0,76.06981981981981,14208,9728,100663296.0,10066329.6
Dragonfly+,1082,11296737280.0,76.0768581081081,14208,9728,100663296.0,10066329.6
Dragonfly+,1083,11296737280.0,76.0838963963964,14208,9728,100663296.0,10066329.6
Dragonfly+,1084,11296737280.0,76.09093468468468,14208,9728,100663296.0,10066329.6
Dragonfly+,1085,11296737280.0,76.09797297297297,14208,9728,100663296.0,10066329.6
Dragonfly+,1086,11296737280.0,76.10501126126125,14208,9728,100663296.0,10066329.6
Dragonfly+,1087,11296737280.0,76.11204954954955,14208,9728,100663296.0,10066329.6
Dragonfly+,1088,11296737280.0,76.11908783783784,14208,9728,100663296.0,10066329.6
Dragonfly+,1089,11296737280.0,76.12612612612612,14208,9728,100663296.0,10066329.6
Dragonfly+,1090,11296737280.0,76.13316441441441,14208,9728,100663296.0,10066329.6
Dragonfly+,1091,11296737280.0,76.1402027027027,14208,9728,100663296.0,10066329.6
Dragonfly+,1092,11296737280.0,76.147240990991,14208,9728,100663296.0,10066329.6
Dragonfly+,1093,11296737280.0,76.15427927927928,14208,9728,100663296.0,10066329.6
Dragonfly+,1094,11296737280.0,76.16131756756756,14208,9728,100663296.0,10066329.6
Dragonfly+,1095,11296737280.0,76.16835585585585,14208,9728,100663296.0,10066329.6
Dragonfly+,1096,11296737280.0,76.17539414414415,14208,9728,100663296.0,10066329.6
Dragonfly+,1097,11296737280.0,76.18243243243244,14208,9728,100663296.0,10066329.6
Dragonfly+,1098,11296737280.0,76.18947072072072,14208,9728,100663296.0,10066329.6
Dragonfly+,1099,11296737280.0,76.196509009009,14208,9728,100663296.0,10066329.6
Dragonfly+,1100,11296737280.0,76.2035472972973,14208,9728,100663296.0,10066329.6
Dragonfly+,1101,11296737280.0,76.21058558558559,14208,9728,100663296.0,10066329.6
Dragonfly+,1102,11296737280.0,76.21762387387388,14208,9728,100663296.0,10066329.6
Dragonfly+,1103,11296737280.0,76.22466216216216,14208,9728,100663296.0,10066329.6
Dragonfly+,1104,11296737280.0,76.23170045045045,14208,9728,100663296.0,10066329.6
Dragonfly+,1105,11296737280.0,76.23873873873875,14208,9728,100663296.0,10066329.6
Dragonfly+,1106,11296737280.0,76.24577702702703,14208,9728,100663296.0,10066329.6
Dragonfly+,1107,11296737280.0,76.25281531531532,14208,9728,100663296.0,10066329.6
Dragonfly+,1108,11296737280.0,76.2598536036036,14208,9728,100663296.0,10066329.6
Dragonfly+,1109,11296737280.0,76.2668918918919,14208,9728,100663296.0,10066329.6
Dragonfly+,1110,11296737280.0,76.27393018018019,14208,9728,100663296.0,10066329.6
Dragonfly+,1111,11296737280.0,76.28096846846847,14208,9728,100663296.0,10066329.6
Dragonfly+,1112,11296737280.0,76.28800675675676,14208,9728,100663296.0,10066329.6
Dragonfly+,1113,11296737280.0,76.29504504504504,14208,9728,100663296.0,10066329.6
Dragonfly+,1114,11296737280.0,76.30208333333334,14208,9728,100663296.0,10066329.6
Dragonfly+,1115,11296737280.0,76.30912162162163,14208,9728,100663296.0,10066329.6
Dragonfly+,1116,11296737280.0,76.31615990990991,14208,9728,100663296.0,10066329.6
Dragonfly+,1117,11296737280.0,76.3231981981982,14208,9728,100663296.0,10066329.6
Dragonfly+,1118,11296737280.0,76.33023648648648,14208,9728,100663296.0,10066329.6
Dragonfly+,1119,11296737280.0,76.33727477477478,14208,9728,100663296.0,10066329.6
Dragonfly+,1120,11296737280.0,76.34431306306307,14208,9728,100663296.0,10066329.6
Dragonfly+,1121,11296737280.0,76.35135135135135,14208,9728,100663296.0,10066329.6
Dragonfly+,1122,11296737280.0,76.35838963963964,14208,9728,100663296.0,10066329.6
Dragonfly+,1123,11296737280.0,76.36542792792793,14208,9728,100663296.0,10066329.6
Dragonfly+,1124,11296737280.0,76.37246621621621,14208,9728,100663296.0,10066329.6
Dragonfly+,1125,11296737280.0,76.3795045045045,14208,9728,100663296.0,10066329.6
Dragonfly+,1126,11296737280.0,76.3865427927928,14208,9728,100663296.0,10066329.6
Dragonfly+,1127,11296737280.0,76.39358108108108,14208,9728,100663296.0,10066329.6
Dragonfly+,1128,11296737280.0,76.40061936936937,14208,9728,100663296.0,10066329.6
Dragonfly+,1129,11296737280.0,76.40765765765765,14208,9728,100663296.0,10066329.6
Dragonfly+,1130,11296737280.0,76.41469594594594,14208,9728,100663296.0,10066329.6
Dragonfly+,1131,11296737280.0,76.42173423423422,14208,9728,100663296.0,10066329.6
Dragonfly+,1132,11296737280.0,76.42877252252252,14208,9728,100663296.0,10066329.6
Dragonfly+,1133,11296737280.0,76.4358108108108,14208,9728,100663296.0,10066329.6
Dragonfly+,1134,11296737280.0,76.44284909909909,14208,9728,100663296.0,10066329.6
Dragonfly+,1135,11296737280.0,76.44988738738738,14208,9728,100663296.0,10066329.6
Dragonfly+,1136,11296737280.0,76.45692567567568,14208,9728,100663296.0,10066329.6
Dragonfly+,1137,11296737280.0,76.46396396396396,14208,9728,100663296.0,10066329.6
Dragonfly+,1138,11296737280.0,76.47100225225225,14208,9728,100663296.0,10066329.6
Dragonfly+,1139,11296737280.0,76.47804054054053,14208,9728,100663296.0,10066329.6
Dragonfly+,1140,11296737280.0,76.48507882882883,14208,9728,100663296.0,10066329.6
Dragonfly+,1141,11296737280.0,76.49211711711712,14208,9728,100663296.0,10066329.6
Dragonfly+,1142,11296737280.0,76.4991554054054,14208,9728,100663296.0,10066329.6
Dragonfly+,1143,11296737280.0,76.50619369369369,14208,9728,100663296.0,10066329.6
Dragonfly+,1144,11296737280.0,76.51323198198197,14208,9728,100663296.0,10066329.6
Dragonfly+,1145,11296737280.0,76.52027027027027,14208,9728,100663296.0,10066329.6
Dragonfly+,1146,11296737280.0,76.52730855855856,14208,9728,100663296.0,10066329.6
Dragonfly+,1147,11296737280.0,76.53434684684684,14208,9728,100663296.0,10066329.6
Dragonfly+,1148,11296737280.0,76.54138513513513,14208,9728,100663296.0,10066329.6
Dragonfly+,1149,11296737280.0,76.54842342342343,14208,9728,100663296.0,10066329.6
Dragonfly+,1150,11296737280.0,76.55546171171171,14208,9728,100663296.0,10066329.6
Dragonfly+,1151,11296737280.0,76.5625,14208,9728,100663296.0,10066329.6
Dragonfly+,1152,11296737280.0,76.56953828828829,14208,9728,100663296.0,10066329.6
Dragonfly+,1153,11296737280.0,76.57657657657657,14208,9728,100663296.0,10066329.6
Dragonfly+,1154,11296737280.0,76.58361486486487,14208,9728,100663296.0,10066329.6
Dragonfly+,1155,11296737280.0,76.59065315315316,14208,9728,100663296.0,10066329.6
Dragonfly+,1156,11296737280.0,76.59769144144144,14208,9728,100663296.0,10066329.6
Dragonfly+,1157,11296737280.0,76.60472972972973,14208,9728,100663296.0,10066329.6
Dragonfly+,1158,11296737280.0,76.61176801801803,14208,9728,100663296.0,10066329.6
Dragonfly+,1159,11296737280.0,76.61880630630631,14208,9728,100663296.0,10066329.6
Dragonfly+,1160,11296737280.0,76.6258445945946,14208,9728,100663296.0,10066329.6
Dragonfly+,1161,11296737280.0,76.63288288288288,14208,9728,100663296.0,10066329.6
Dragonfly+,1162,11296737280.0,76.63992117117117,14208,9728,100663296.0,10066329.6
Dragonfly+,1163,11296737280.0,76.64695945945947,14208,9728,100663296.0,10066329.6
Dragonfly+,1164,11296737280.0,76.65399774774775,14208,9728,100663296.0,10066329.6
Dragonfly+,1165,11296737280.0,76.66103603603604,14208,9728,100663296.0,10066329.6
Dragonfly+,1166,11296737280.0,76.66807432432432,14208,9728,100663296.0,10066329.6
Dragonfly+,1167,11296737280.0,76.67511261261262,14208,9728,100663296.0,10066329.6
Dragonfly+,1168,11296737280.0,76.68215090090091,14208,9728,100663296.0,10066329.6
Dragonfly+,1169,11296737280.0,76.6891891891892,14208,9728,100663296.0,10066329.6
Dragonfly+,1170,11296737280.0,76.69622747747748,14208,9728,100663296.0,10066329.6
Dragonfly+,1171,11296737280.0,76.70326576576578,14208,9728,100663296.0,10066329.6
Dragonfly+,1172,11296737280.0,76.71030405405406,14208,9728,100663296.0,10066329.6
Dragonfly+,1173,11296737280.0,76.71734234234235,14208,9728,100663296.0,10066329.6
Dragonfly+,1174,11296737280.0,76.72438063063063,14208,9728,100663296.0,10066329.6
Dragonfly+,1175,11296737280.0,76.73141891891892,14208,9728,100663296.0,10066329.6
Dragonfly+,1176,11296737280.0,76.7384572072072,14208,9728,100663296.0,10066329.6
Dragonfly+,1177,11296737280.0,76.7454954954955,14208,9728,100663296.0,10066329.6
Dragonfly+,1178,11296737280.0,76.75253378378379,14208,9728,100663296.0,10066329.6
Dragonfly+,1179,11296737280.0,76.75957207207207,14208,9728,100663296.0,10066329.6
Dragonfly+,1180,11296737280.0,76.76661036036036,14208,9728,100663296.0,10066329.6
Dragonfly+,1181,11296737280.0,76.77364864864865,14208,9728,100663296.0,10066329.6
Dragonfly+,1182,11296737280.0,76.78068693693693,14208,9728,100663296.0,10066329.6
Dragonfly+,1183,11296737280.0,76.78772522522522,14208,9728,100663296.0,10066329.6
Dragonfly+,1184,11296737280.0,76.79476351351352,14208,9728,100663296.0,10066329.6
Dragonfly+,1185,11296737280.0,76.8018018018018,14208,9728,100663296.0,10066329.6
Dragonfly+,1186,11296737280.0,76.80884009009009,14208,9728,100663296.0,10066329.6
Dragonfly+,1187,11296737280.0,76.81587837837837,14208,9728,100663296.0,10066329.6
Dragonfly+,1188,11296737280.0,76.82291666666666,14208,9728,100663296.0,10066329.6
Dragonfly+,1189,11296737280.0,76.82995495495496,14208,9728,100663296.0,10066329.6
Dragonfly+,1190,11296737280.0,76.83699324324324,14208,9728,100663296.0,10066329.6
Dragonfly+,1191,11296737280.0,76.84403153153153,14208,9728,100663296.0,10066329.6
Dragonfly+,1192,11296737280.0,76.85106981981981,14208,9728,100663296.0,10066329.6
Dragonfly+,1193,11296737280.0,76.8581081081081,14208,9728,100663296.0,10066329.6
Dragonfly+,1194,11296737280.0,76.8651463963964,14208,9728,100663296.0,10066329.6
Dragonfly+,1195,11296737280.0,76.87218468468468,14208,9728,100663296.0,10066329.6
Dragonfly+,1196,11296737280.0,76.87922297297297,14208,9728,100663296.0,10066329.6
Dragonfly+,1197,11296737280.0,76.88626126126125,14208,9728,100663296.0,10066329.6
Dragonfly+,1198,11296737280.0,76.89329954954955,14208,9728,100663296.0,10066329.6
Dragonfly+,1199,11296737280.0,76.90033783783784,14208,9728,100663296.0,10066329.6
Dragonfly+,1200,11296737280.0,76.90737612612612,14208,9728,100663296.0,10066329.6
Dragonfly+,1201,11296737280.0,76.91441441441441,14208,9728,100663296.0,10066329.6
Dragonfly+,1202,11296737280.0,76.9214527027027,14208,9728,100663296.0,10066329.6
Dragonfly+,1203,11296737280.0,76.928490990991,14208,9728,100663296.0,10066329.6
Dragonfly+,1204,11296737280.0,76.93552927927928,14208,9728,100663296.0,10066329.6
Dragonfly+,1205,11296737280.0,76.94256756756756,14208,9728,100663296.0,10066329.6
Dragonfly+,1206,11296737280.0,76.94960585585585,14208,9728,100663296.0,10066329.6
Dragonfly+,1207,11296737280.0,76.95664414414415,14208,9728,100663296.0,10066329.6
Dragonfly+,1208,11296737280.0,76.96368243243244,14208,9728,100663296.0,10066329.6
Dragonfly+,1209,11296737280.0,76.97072072072072,14208,9728,100663296.0,10066329.6
Dragonfly+,1210,11296737280.0,76.977759009009,14208,9728,100663296.0,10066329.6
Dragonfly+,1211,11296737280.0,76.9847972972973,14208,9728,100663296.0,10066329.6
Dragonfly+,1212,11296737280.0,76.99183558558559,14208,9728,100663296.0,10066329.6
Dragonfly+,1213,11296737280.0,76.99887387387388,14208,9728,100663296.0,10066329.6
Dragonfly+,1214,11296737280.0,77.00591216216216,14208,9728,100663296.0,10066329.6
Dragonfly+,1215,11296737280.0,77.01295045045045,14208,9728,100663296.0,10066329.6
Dragonfly+,1216,11296737280.0,77.01998873873875,14208,9728,100663296.0,10066329.6
Dragonfly+,1217,11296737280.0,77.02702702702703,14208,9728,100663296.0,10066329.6
Dragonfly+,1218,11296737280.0,77.03406531531532,14208,9728,100663296.0,10066329.6
Dragonfly+,1219,11296737280.0,77.0411036036036,14208,9728,100663296.0,10066329.6
Dragonfly+,1220,11296737280.0,77.0481418918919,14208,9728,100663296.0,10066329.6
Dragonfly+,1221,11296737280.0,77.05518018018019,14208,9728,100663296.0,10066329.6
Dragonfly+,1222,11296737280.0,77.06221846846847,14208,9728,100663296.0,10066329.6
Dragonfly+,1223,11296737280.0,77.06925675675676,14208,9728,100663296.0,10066329.6
Dragonfly+,1224,11296737280.0,77.07629504504504,14208,9728,100663296.0,10066329.6
Dragonfly+,1225,11296737280.0,77.08333333333334,14208,9728,100663296.0,10066329.6
Dragonfly+,1226,11296737280.0,77.09037162162163,14208,9728,100663296.0,10066329.6
Dragonfly+,1227,11296737280.0,77.09740990990991,14208,9728,100663296.0,10066329.6
Dragonfly+,1228,11296737280.0,77.1044481981982,14208,9728,100663296.0,10066329.6
Dragonfly+,1229,11296737280.0,77.11148648648648,14208,9728,100663296.0,10066329.6
Dragonfly+,1230,11296737280.0,77.11852477477478,14208,9728,100663296.0,10066329.6
Dragonfly+,1231,11296737280.0,77.12556306306307,14208,9728,100663296.0,10066329.6
Dragonfly+,1232,11296737280.0,77.13260135135135,14208,9728,100663296.0,10066329.6
Dragonfly+,1233,11296737280.0,77.13963963963964,14208,9728,100663296.0,10066329.6
Dragonfly+,1234,11296737280.0,77.14667792792793,14208,9728,100663296.0,10066329.6
Dragonfly+,1235,11296737280.0,77.15371621621621,14208,9728,100663296.0,10066329.6
Dragonfly+,1236,11296737280.0,77.1607545045045,14208,9728,100663296.0,10066329.6
Dragonfly+,1237,11296737280.0,77.1677927927928,14208,9728,100663296.0,10066329.6
Dragonfly+,1238,11296737280.0,77.17483108108108,14208,9728,100663296.0,10066329.6
Dragonfly+,1239,11296737280.0,77.18186936936937,14208,9728,100663296.0,10066329.6
Dragonfly+,1240,11296737280.0,77.18890765765765,14208,9728,100663296.0,10066329.6
Dragonfly+,1241,11296737280.0,77.19594594594594,14208,9728,100663296.0,10066329.6
Dragonfly+,1242,11296737280.0,77.20298423423422,14208,9728,100663296.0,10066329.6
Dragonfly+,1243,11296737280.0,77.21002252252252,14208,9728,100663296.0,10066329.6
Dragonfly+,1244,11296737280.0,77.2170608108108,14208,9728,100663296.0,10066329.6
Dragonfly+,1245,11296737280.0,77.22409909909909,14208,9728,100663296.0,10066329.6
Dragonfly+,1246,11296737280.0,77.23113738738738,14208,9728,100663296.0,10066329.6
Dragonfly+,1247,11296737280.0,77.23817567567568,14208,9728,100663296.0,10066329.6
Dragonfly+,1248,11296737280.0,77.24521396396396,14208,9728,100663296.0,10066329.6
Dragonfly+,1249,11296737280.0,77.25225225225225,14208,9728,100663296.0,10066329.6
Dragonfly+,1250,11296737280.0,77.25929054054053,14208,9728,100663296.0,10066329.6
Dragonfly+,1251,11296737280.0,77.26632882882883,14208,9728,100663296.0,10066329.6
Dragonfly+,1252,11296737280.0,77.27336711711712,14208,9728,100663296.0,10066329.6
Dragonfly+,1253,11296737280.0,77.2804054054054,14208,9728,100663296.0,10066329.6
Dragonfly+,1254,11296737280.0,77.28744369369369,14208,9728,100663296.0,10066329.6
Dragonfly+,1255,11296737280.0,77.29448198198197,14208,9728,100663296.0,10066329.6
Dragonfly+,1256,11296737280.0,77.30152027027027,14208,9728,100663296.0,10066329.6
Dragonfly+,1257,11296737280.0,77.30855855855856,14208,9728,100663296.0,10066329.6
Dragonfly+,1258,11296737280.0,77.31559684684684,14208,9728,100663296.0,10066329.6
Dragonfly+,1259,11296737280.0,77.32263513513513,14208,9728,100663296.0,10066329.6
Dragonfly+,1260,11296737280.0,77.32967342342343,14208,9728,100663296.0,10066329.6
Dragonfly+,1261,11296737280.0,77.33671171171171,14208,9728,100663296.0,10066329.6
Dragonfly+,1262,11296737280.0,77.34375,14208,9728,100663296.0,10066329.6
Dragonfly+,1263,11296737280.0,77.35078828828829,14208,9728,100663296.0,10066329.6
Dragonfly+,1264,11296737280.0,77.35782657657657,14208,9728,100663296.0,10066329.6
Dragonfly+,1265,11296737280.0,77.36486486486487,14208,9728,100663296.0,10066329.6
Dragonfly+,1266,11296737280.0,77.37190315315316,14208,9728,100663296.0,10066329.6
Dragonfly+,1267,11296737280.0,77.37894144144144,14208,9728,100663296.0,10066329.6
Dragonfly+,1268,11296737280.0,77.38597972972973,14208,9728,100663296.0,10066329.6
Dragonfly+,1269,11296737280.0,77.39301801801803,14208,9728,100663296.0,10066329.6
Dragonfly+,1270,11296737280.0,77.40005630630631,14208,9728,100663296.0,10066329.6
Dragonfly+,1271,11296737280.0,77.4070945945946,14208,9728,100663296.0,10066329.6
Dragonfly+,1272,11296737280.0,77.41413288288288,14208,9728,100663296.0,10066329.6
Dragonfly+,1273,11296737280.0,77.42117117117117,14208,9728,100663296.0,10066329.6
Dragonfly+,1274,11296737280.0,77.42820945945947,14208,9728,100663296.0,10066329.6
Dragonfly+,1275,11296737280.0,77.43524774774775,14208,9728,100663296.0,10066329.6
Dragonfly+,1276,11296737280.0,77.44228603603604,14208,9728,100663296.0,10066329.6
Dragonfly+,1277,11296737280.0,77.44932432432432,14208,9728,100663296.0,10066329.6
Dragonfly+,1278,11296737280.0,77.45636261261262,14208,9728,100663296.0,10066329.6
Dragonfly+,1279,11296737280.0,77.46340090090091,14208,9728,100663296.0,10066329.6
Dragonfly+,1280,11296737280.0,77.4704391891892,14208,9728,100663296.0,10066329.6
Dragonfly+,1281,11296737280.0,77.47747747747748,14208,9728,100663296.0,10066329.6
Dragonfly+,1282,11296737280.0,77.48451576576578,14208,9728,100663296.0,10066329.6
Dragonfly+,1283,11296737280.0,77.49155405405406,14208,9728,100663296.0,10066329.6
Dragonfly+,1284,11296737280.0,77.49859234234235,14208,9728,100663296.0,10066329.6
Dragonfly+,1285,11296737280.0,77.50563063063063,14208,9728,100663296.0,10066329.6
Dragonfly+,1286,11296737280.0,77.51266891891892,14208,9728,100663296.0,10066329.6
Dragonfly+,1287,11296737280.0,77.5197072072072,14208,9728,100663296.0,10066329.6
Dragonfly+,1288,11296737280.0,77.5267454954955,14208,9728,100663296.0,10066329.6
Dragonfly+,1289,11296737280.0,77.53378378378379,14208,9728,100663296.0,10066329.6
Dragonfly+,1290,11296737280.0,77.54082207207207,14208,9728,100663296.0,10066329.6
Dragonfly+,1291,11296737280.0,77.54786036036036,14208,9728,100663296.0,10066329.6
Dragonfly+,1292,11296737280.0,77.55489864864865,14208,9728,100663296.0,10066329.6
Dragonfly+,1293,11296737280.0,77.56193693693693,14208,9728,100663296.0,10066329.6
Dragonfly+,1294,11296737280.0,77.56897522522522,14208,9728,100663296.0,10066329.6
Dragonfly+,1295,11296737280.0,77.57601351351352,14208,9728,100663296.0,10066329.6
Dragonfly+,1296,11296737280.0,77.5830518018018,14208,9728,100663296.0,10066329.6
Dragonfly+,1297,11296737280.0,77.59009009009009,14208,9728,100663296.0,10066329.6
Dragonfly+,1298,11296737280.0,77.59712837837837,14208,9728,100663296.0,10066329.6
Dragonfly+,1299,11296737280.0,77.60416666666666,14208,9728,100663296.0,10066329.6
Dragonfly+,1300,11296737280.0,77.61120495495496,14208,9728,100663296.0,10066329.6
Dragonfly+,1301,11296737280.0,77.61824324324324,14208,9728,100663296.0,10066329.6
Dragonfly+,1302,11296737280.0,77.62528153153153,14208,9728,100663296.0,10066329.6
Dragonfly+,1303,11296737280.0,77.63231981981981,14208,9728,100663296.0,10066329.6
Dragonfly+,1304,11296737280.0,77.6393581081081,14208,9728,100663296.0,10066329.6
Dragonfly+,1305,11296737280.0,77.6463963963964,14208,9728,100663296.0,10066329.6
Dragonfly+,1306,11296737280.0,77.65343468468468,14208,9728,100663296.0,10066329.6
Dragonfly+,1307,11296737280.0,77.66047297297297,14208,9728,100663296.0,10066329.6
Dragonfly+,1308,11296737280.0,77.66751126126125,14208,9728,100663296.0,10066329.6
Dragonfly+,1309,11296737280.0,77.67454954954955,14208,9728,100663296.0,10066329.6
Dragonfly+,1310,11296737280.0,77.68158783783784,14208,9728,100663296.0,10066329.6
Dragonfly+,1311,11296737280.0,77.68862612612612,14208,9728,100663296.0,10066329.6
Dragonfly+,1312,11296737280.0,77.69566441441441,14208,9728,100663296.0,10066329.6
Dragonfly+,1313,11296737280.0,77.7027027027027,14208,9728,100663296.0,10066329.6
Dragonfly+,1314,11296737280.0,77.709740990991,14208,9728,100663296.0,10066329.6
Dragonfly+,1315,11296737280.0,77.71677927927928,14208,9728,100663296.0,10066329.6
Dragonfly+,1316,11296737280.0,77.72381756756756,14208,9728,100663296.0,10066329.6
Dragonfly+,1317,11296737280.0,77.73085585585585,14208,9728,100663296.0,10066329.6
Dragonfly+,1318,11296737280.0,77.73789414414415,14208,9728,100663296.0,10066329.6
Dragonfly+,1319,11296737280.0,77.74493243243244,14208,9728,100663296.0,10066329.6
Dragonfly+,1320,11296737280.0,77.75197072072072,14208,9728,100663296.0,10066329.6
Dragonfly+,1321,11296737280.0,77.759009009009,14208,9728,100663296.0,10066329.6
Dragonfly+,1322,11296737280.0,77.7660472972973,14208,9728,100663296.0,10066329.6
Dragonfly+,1323,11296737280.0,77.77308558558559,14208,9728,100663296.0,10066329.6
Dragonfly+,1324,11296737280.0,77.78012387387388,14208,9728,100663296.0,10066329.6
Dragonfly+,1325,11296737280.0,77.78716216216216,14208,9728,100663296.0,10066329.6
Dragonfly+,1326,11296737280.0,77.79420045045045,14208,9728,100663296.0,10066329.6
Dragonfly+,1327,11296737280.0,77.80123873873875,14208,9728,100663296.0,10066329.6
Dragonfly+,1328,11296737280.0,77.80827702702703,14208,9728,100663296.0,10066329.6
Dragonfly+,1329,11296737280.0,77.81531531531532,14208,9728,100663296.0,10066329.6
Dragonfly+,1330,11296737280.0,77.8223536036036,14208,9728,100663296.0,10066329.6
Dragonfly+,1331,11296737280.0,77.8293918918919,14208,9728,100663296.0,10066329.6
Dragonfly+,1332,11296737280.0,77.83643018018019,14208,9728,100663296.0,10066329.6
Dragonfly+,1333,11296737280.0,77.84346846846847,14208,9728,100663296.0,10066329.6
Dragonfly+,1334,11296737280.0,77.85050675675676,14208,9728,100663296.0,10066329.6
Dragonfly+,1335,11296737280.0,77.85754504504504,14208,9728,100663296.0,10066329.6
Dragonfly+,1336,11296737280.0,77.86458333333334,14208,9728,100663296.0,10066329.6
Dragonfly+,1337,11296737280.0,77.87162162162163,14208,9728,100663296.0,10066329.6
Dragonfly+,1338,11296737280.0,77.87865990990991,14208,9728,100663296.0,10066329.6
Dragonfly+,1339,11296737280.0,77.8856981981982,14208,9728,100663296.0,10066329.6
Dragonfly+,1340,11296737280.0,77.89273648648648,14208,9728,100663296.0,10066329.6
Dragonfly+,1341,11296737280.0,77.89977477477478,14208,9728,100663296.0,10066329.6
Dragonfly+,1342,11296737280.0,77.90681306306307,14208,9728,100663296.0,10066329.6
Dragonfly+,1343,11296737280.0,77.91385135135135,14208,9728,100663296.0,10066329.6
Dragonfly+,1344,11296737280.0,77.92088963963964,14208,9728,100663296.0,10066329.6
Dragonfly+,1345,11296737280.0,77.92792792792793,14208,9728,100663296.0,10066329.6
Dragonfly+,1346,11296737280.0,77.93496621621621,14208,9728,100663296.0,10066329.6
Dragonfly+,1347,11296737280.0,77.9420045045045,14208,9728,100663296.0,10066329.6
Dragonfly+,1348,11296737280.0,77.9490427927928,14208,9728,100663296.0,10066329.6
Dragonfly+,1349,11296737280.0,77.95608108108108,14208,9728,100663296.0,10066329.6
Dragonfly+,1350,11296737280.0,77.96311936936937,14208,9728,100663296.0,10066329.6
Dragonfly+,1351,11296737280.0,77.97015765765765,14208,9728,100663296.0,10066329.6
Dragonfly+,1352,11296737280.0,77.97719594594594,14208,9728,100663296.0,10066329.6
Dragonfly+,1353,11296737280.0,77.98423423423422,14208,9728,100663296.0,10066329.6
Dragonfly+,1354,11296737280.0,77.99127252252252,14208,9728,100663296.0,10066329.6
Dragonfly+,1355,11296737280.0,77.9983108108108,14208,9728,100663296.0,10066329.6
Dragonfly+,1356,11296737280.0,78.00534909909909,14208,9728,100663296.0,10066329.6
Dragonfly+,1357,11296737280.0,78.01238738738738,14208,9728,100663296.0,10066329.6
Dragonfly+,1358,11296737280.0,78.01942567567568,14208,9728,100663296.0,10066329.6
Dragonfly+,1359,11296737280.0,78.02646396396396,14208,9728,100663296.0,10066329.6
Dragonfly+,1360,11296737280.0,78.03350225225225,14208,9728,100663296.0,10066329.6
Dragonfly+,1361,11296737280.0,78.04054054054053,14208,9728,100663296.0,10066329.6
Dragonfly+,1362,11296737280.0,78.04757882882883,14208,9728,100663296.0,10066329.6
Dragonfly+,1363,11296737280.0,78.05461711711712,14208,9728,100663296.0,10066329.6
Dragonfly+,1364,11296737280.0,78.0616554054054,14208,9728,100663296.0,10066329.6
Dragonfly+,1365,11296737280.0,78.06869369369369,14208,9728,100663296.0,10066329.6
Dragonfly+,1366,11296737280.0,78.07573198198197,14208,9728,100663296.0,10066329.6
Dragonfly+,1367,11296737280.0,78.08277027027027,14208,9728,100663296.0,10066329.6
Dragonfly+,1368,11296737280.0,78.08980855855856,14208,9728,100663296.0,10066329.6
Dragonfly+,1369,11296737280.0,78.09684684684684,14208,9728,100663296.0,10066329.6
Dragonfly+,1370,11296737280.0,78.10388513513513,14208,9728,100663296.0,10066329.6
Dragonfly+,1371,11296737280.0,78.11092342342343,14208,9728,100663296.0,10066329.6
Dragonfly+,1372,11296737280.0,78.11796171171171,14208,9728,100663296.0,10066329.6
Dragonfly+,1373,11296737280.0,78.125,14208,9728,100663296.0,10066329.6
Dragonfly+,1374,11296737280.0,78.13203828828829,14208,9728,100663296.0,10066329.6
Dragonfly+,1375,11296737280.0,78.13907657657657,14208,9728,100663296.0,10066329.6
Dragonfly+,1376,11296737280.0,78.14611486486487,14208,9728,100663296.0,10066329.6
Dragonfly+,1377,11296737280.0,78.15315315315316,14208,9728,100663296.0,10066329.6
Dragonfly+,1378,11296737280.0,78.16019144144144,14208,9728,100663296.0,10066329.6
Dragonfly+,1379,11296737280.0,78.16722972972973,14208,9728,100663296.0,10066329.6
Dragonfly+,1380,11296737280.0,78.17426801801803,14208,9728,100663296.0,10066329.6
Dragonfly+,1381,11296737280.0,78.18130630630631,14208,9728,100663296.0,10066329.6
Dragonfly+,1382,11296737280.0,78.1883445945946,14208,9728,100663296.0,10066329.6
Dragonfly+,1383,11296737280.0,78.19538288288288,14208,9728,100663296.0,10066329.6
Dragonfly+,1384,11296737280.0,78.20242117117117,14208,9728,100663296.0,10066329.6
Dragonfly+,1385,11296737280.0,78.20945945945947,14208,9728,100663296.0,10066329.6
Dragonfly+,1386,11296737280.0,78.21649774774775,14208,9728,100663296.0,10066329.6
Dragonfly+,1387,11296737280.0,78.22353603603604,14208,9728,100663296.0,10066329.6
Dragonfly+,1388,11296737280.0,78.23057432432432,14208,9728,100663296.0,10066329.6
Dragonfly+,1389,11296737280.0,78.23761261261262,14208,9728,100663296.0,10066329.6
Dragonfly+,1390,11296737280.0,78.24465090090091,14208,9728,100663296.0,10066329.6
Dragonfly+,1391,11296737280.0,78.2516891891892,14208,9728,100663296.0,10066329.6
Dragonfly+,1392,11296737280.0,78.25872747747748,14208,9728,100663296.0,10066329.6
Dragonfly+,1393,11296737280.0,78.26576576576578,14208,9728,100663296.0,10066329.6
Dragonfly+,1394,11296737280.0,78.27280405405406,14208,9728,100663296.0,10066329.6
Dragonfly+,1395,11296737280.0,78.27984234234235,14208,9728,100663296.0,10066329.6
Dragonfly+,1396,11296737280.0,78.28688063063063,14208,9728,100663296.0,10066329.6
Dragonfly+,1397,11296737280.0,78.29391891891892,14208,9728,100663296.0,10066329.6
Dragonfly+,1398,11296737280.0,78.3009572072072,14208,9728,100663296.0,10066329.6
Dragonfly+,1399,11296737280.0,78.3079954954955,14208,9728,100663296.0,10066329.6
Dragonfly+,1400,11296737280.0,78.31503378378379,14208,9728,100663296.0,10066329.6
Dragonfly+,1401,11296737280.0,78.32207207207207,14208,9728,100663296.0,10066329.6
Dragonfly+,1402,11296737280.0,78.32911036036036,14208,9728,100663296.0,10066329.6
Dragonfly+,1403,11296737280.0,78.33614864864865,14208,9728,100663296.0,10066329.6
Dragonfly+,1404,11296737280.0,78.34318693693693,14208,9728,100663296.0,10066329.6
Dragonfly+,1405,11296737280.0,78.35022522522522,14208,9728,100663296.0,10066329.6
Dragonfly+,1406,11296737280.0,78.35726351351352,14208,9728,100663296.0,10066329.6
Dragonfly+,1407,11296737280.0,78.3643018018018,14208,9728,100663296.0,10066329.6
Dragonfly+,1408,11296737280.0,78.37134009009009,14208,9728,100663296.0,10066329.6
Dragonfly+,1409,11296737280.0,78.37837837837837,14208,9728,100663296.0,10066329.6
Dragonfly+,1410,11296737280.0,78.38541666666666,14208,9728,100663296.0,10066329.6
Dragonfly+,1411,11296737280.0,78.39245495495496,14208,9728,100663296.0,10066329.6
Dragonfly+,1412,11296737280.0,78.39949324324324,14208,9728,100663296.0,10066329.6
Dragonfly+,1413,11296737280.0,78.40653153153153,14208,9728,100663296.0,10066329.6
Dragonfly+,1414,11296737280.0,78.41356981981981,14208,9728,100663296.0,10066329.6
Dragonfly+,1415,11296737280.0,78.4206081081081,14208,9728,100663296.0,10066329.6
Dragonfly+,1416,11296737280.0,78.4276463963964,14208,9728,100663296.0,10066329.6
Dragonfly+,1417,11296737280.0,78.43468468468468,14208,9728,100663296.0,10066329.6
Dragonfly+,1418,11296737280.0,78.44172297297297,14208,9728,100663296.0,10066329.6
Dragonfly+,1419,11296737280.0,78.44876126126125,14208,9728,100663296.0,10066329.6
Dragonfly+,1420,11296737280.0,78.45579954954955,14208,9728,100663296.0,10066329.6
Dragonfly+,1421,11296737280.0,78.46283783783784,14208,9728,100663296.0,10066329.6
Dragonfly+,1422,11296737280.0,78.46987612612612,14208,9728,100663296.0,10066329.6
Dragonfly+,1423,11296737280.0,78.47691441441441,14208,9728,100663296.0,10066329.6
Dragonfly+,1424,11296737280.0,78.4839527027027,14208,9728,100663296.0,10066329.6
Dragonfly+,1425,11296737280.0,78.490990990991,14208,9728,100663296.0,10066329.6
Dragonfly+,1426,11296737280.0,78.49802927927928,14208,9728,100663296.0,10066329.6
Dragonfly+,1427,11296737280.0,78.50506756756756,14208,9728,100663296.0,10066329.6
Dragonfly+,1428,11296737280.0,78.51210585585585,14208,9728,100663296.0,10066329.6
Dragonfly+,1429,11296737280.0,78.51914414414415,14208,9728,100663296.0,10066329.6
Dragonfly+,1430,11296737280.0,78.52618243243244,14208,9728,100663296.0,10066329.6
Dragonfly+,1431,11296737280.0,78.53322072072072,14208,9728,100663296.0,10066329.6
Dragonfly+,1432,11296737280.0,78.540259009009,14208,9728,100663296.0,10066329.6
Dragonfly+,1433,11296737280.0,78.5472972972973,14208,9728,100663296.0,10066329.6
Dragonfly+,1434,11296737280.0,78.55433558558559,14208,9728,100663296.0,10066329.6
Dragonfly+,1435,11296737280.0,78.56137387387388,14208,9728,100663296.0,10066329.6
Dragonfly+,1436,11296737280.0,78.56841216216216,14208,9728,100663296.0,10066329.6
Dragonfly+,1437,11296737280.0,78.57545045045045,14208,9728,100663296.0,10066329.6
Dragonfly+,1438,11296737280.0,78.58248873873875,14208,9728,100663296.0,10066329.6
Dragonfly+,1439,11296737280.0,78.58952702702703,14208,9728,100663296.0,10066329.6
Dragonfly+,1440,11296737280.0,78.59656531531532,14208,9728,100663296.0,10066329.6
Dragonfly+,1441,11296737280.0,78.6036036036036,14208,9728,100663296.0,10066329.6
Dragonfly+,1442,11296737280.0,78.6106418918919,14208,9728,100663296.0,10066329.6
Dragonfly+,1443,11296737280.0,78.61768018018019,14208,9728,100663296.0,10066329.6
Dragonfly+,1444,11296737280.0,78.62471846846847,14208,9728,100663296.0,10066329.6
Dragonfly+,1445,11296737280.0,78.63175675675676,14208,9728,100663296.0,10066329.6
Dragonfly+,1446,11296737280.0,78.63879504504504,14208,9728,100663296.0,10066329.6
Dragonfly+,1447,11296737280.0,78.64583333333334,14208,9728,100663296.0,10066329.6
Dragonfly+,1448,11296737280.0,78.65287162162163,14208,9728,100663296.0,10066329.6
Dragonfly+,1449,11296737280.0,78.65990990990991,14208,9728,100663296.0,10066329.6
Dragonfly+,1450,11296737280.0,78.6669481981982,14208,9728,100663296.0,10066329.6
Dragonfly+,1451,11296737280.0,78.67398648648648,14208,9728,100663296.0,10066329.6
Dragonfly+,1452,11296737280.0,78.68102477477478,14208,9728,100663296.0,10066329.6
Dragonfly+,1453,11296737280.0,78.68806306306307,14208,9728,100663296.0,10066329.6
Dragonfly+,1454,11296737280.0,78.69510135135135,14208,9728,100663296.0,10066329.6
Dragonfly+,1455,11296737280.0,78.70213963963964,14208,9728,100663296.0,10066329.6
Dragonfly+,1456,11296737280.0,78.70917792792793,14208,9728,100663296.0,10066329.6
Dragonfly+,1457,11296737280.0,78.71621621621621,14208,9728,100663296.0,10066329.6
Dragonfly+,1458,11296737280.0,78.7232545045045,14208,9728,100663296.0,10066329.6
Dragonfly+,1459,11296737280.0,78.7302927927928,14208,9728,100663296.0,10066329.6
Dragonfly+,1460,11296737280.0,78.73733108108108,14208,9728,100663296.0,10066329.6
Dragonfly+,1461,11296737280.0,78.74436936936937,14208,9728,100663296.0,10066329.6
Dragonfly+,1462,11296737280.0,78.75140765765765,14208,9728,100663296.0,10066329.6
Dragonfly+,1463,11296737280.0,78.75844594594594,14208,9728,100663296.0,10066329.6
Dragonfly+,1464,11296737280.0,78.76548423423422,14208,9728,100663296.0,10066329.6
Dragonfly+,1465,11296737280.0,78.77252252252252,14208,9728,100663296.0,10066329.6
Dragonfly+,1466,11296737280.0,78.7795608108108,14208,9728,100663296.0,10066329.6
Dragonfly+,1467,11296737280.0,78.78659909909909,14208,9728,100663296.0,10066329.6
Dragonfly+,1468,11296737280.0,78.79363738738738,14208,9728,100663296.0,10066329.6
Dragonfly+,1469,11296737280.0,78.80067567567568,14208,9728,100663296.0,10066329.6
Dragonfly+,1470,11296737280.0,78.80771396396396,14208,9728,100663296.0,10066329.6
Dragonfly+,1471,11296737280.0,78.81475225225225,14208,9728,100663296.0,10066329.6
Dragonfly+,1472,11296737280.0,78.82179054054053,14208,9728,100663296.0,10066329.6
Dragonfly+,1473,11296737280.0,78.82882882882883,14208,9728,100663296.0,10066329.6
Dragonfly+,1474,11296737280.0,78.83586711711712,14208,9728,100663296.0,10066329.6
Dragonfly+,1475,11296737280.0,78.8429054054054,14208,9728,100663296.0,10066329.6
Dragonfly+,1476,11296737280.0,78.84994369369369,14208,9728,100663296.0,10066329.6
Dragonfly+,1477,11296737280.0,78.85698198198197,14208,9728,100663296.0,10066329.6
Dragonfly+,1478,11296737280.0,78.86402027027027,14208,9728,100663296.0,10066329.6
Dragonfly+,1479,11296737280.0,78.87105855855856,14208,9728,100663296.0,10066329.6
Dragonfly+,1480,11296737280.0,78.87809684684684,14208,9728,100663296.0,10066329.6
Dragonfly+,1481,11296737280.0,78.88513513513513,14208,9728,100663296.0,10066329.6
Dragonfly+,1482,11296737280.0,78.89217342342343,14208,9728,100663296.0,10066329.6
Dragonfly+,1483,11296737280.0,78.89921171171171,14208,9728,100663296.0,10066329.6
Dragonfly+,1484,11296737280.0,78.90625,14208,9728,100663296.0,10066329.6
Dragonfly+,1485,11296737280.0,78.91328828828829,14208,9728,100663296.0,10066329.6
Dragonfly+,1486,11296737280.0,78.92032657657657,14208,9728,100663296.0,10066329.6
Dragonfly+,1487,11296737280.0,78.92736486486487,14208,9728,100663296.0,10066329.6
Dragonfly+,1488,11296737280.0,78.93440315315316,14208,9728,100663296.0,10066329.6
Dragonfly+,1489,11296737280.0,78.94144144144144,14208,9728,100663296.0,10066329.6
Dragonfly+,1490,11296737280.0,78.94847972972973,14208,9728,100663296.0,10066329.6
Dragonfly+,1491,11296737280.0,78.95551801801803,14208,9728,100663296.0,10066329.6
Dragonfly+,1492,11296737280.0,78.96255630630631,14208,9728,100663296.0,10066329.6
Dragonfly+,1493,11296737280.0,78.9695945945946,14208,9728,100663296.0,10066329.6
Dragonfly+,1494,11296737280.0,78.97663288288288,14208,9728,100663296.0,10066329.6
Dragonfly+,1495,11296737280.0,78.98367117117117,14208,9728,100663296.0,10066329.6
Dragonfly+,1496,11296737280.0,78.99070945945947,14208,9728,100663296.0,10066329.6
Dragonfly+,1497,11296737280.0,78.99774774774775,14208,9728,100663296.0,10066329.6
Dragonfly+,1498,11296737280.0,79.00478603603604,14208,9728,100663296.0,10066329.6
Dragonfly+,1499,11296737280.0,79.01182432432432,14208,9728,100663296.0,10066329.6
Dragonfly+,1500,11296737280.0,79.01886261261262,14208,9728,100663296.0,10066329.6
Dragonfly+,1501,11296737280.0,79.02590090090091,14208,9728,100663296.0,10066329.6
Dragonfly+,1502,11296737280.0,79.0329391891892,14208,9728,100663296.0,10066329.6
Dragonfly+,1503,11296737280.0,79.03997747747748,14208,9728,100663296.0,10066329.6
Dragonfly+,1504,11296737280.0,79.04701576576578,14208,9728,100663296.0,10066329.6
Dragonfly+,1505,11296737280.0,79.05405405405406,14208,9728,100663296.0,10066329.6
Dragonfly+,1506,11296737280.0,79.06109234234235,14208,9728,100663296.0,10066329.6
Dragonfly+,1507,11296737280.0,79.06813063063063,14208,9728,100663296.0,10066329.6
Dragonfly+,1508,11296737280.0,79.07516891891892,14208,9728,100663296.0,10066329.6
Dragonfly+,1509,11296737280.0,79.0822072072072,14208,9728,100663296.0,10066329.6
Dragonfly+,1510,11296737280.0,79.0892454954955,14208,9728,100663296.0,10066329.6
Dragonfly+,1511,11296737280.0,79.09628378378379,14208,9728,100663296.0,10066329.6
Dragonfly+,1512,11296737280.0,79.10332207207207,14208,9728,100663296.0,10066329.6
Dragonfly+,1513,11296737280.0,79.11036036036036,14208,9728,100663296.0,10066329.6
Dragonfly+,1514,11296737280.0,79.11739864864865,14208,9728,100663296.0,10066329.6
Dragonfly+,1515,11296737280.0,79.12443693693693,14208,9728,100663296.0,10066329.6
Dragonfly+,1516,11296737280.0,79.13147522522522,14208,9728,100663296.0,10066329.6
Dragonfly+,1517,11296737280.0,79.13851351351352,14208,9728,100663296.0,10066329.6
Dragonfly+,1518,11296737280.0,79.1455518018018,14208,9728,100663296.0,10066329.6
Dragonfly+,1519,11296737280.0,79.15259009009009,14208,9728,100663296.0,10066329.6
Dragonfly+,1520,11296737280.0,79.15962837837837,14208,9728,100663296.0,10066329.6
Dragonfly+,1521,11296737280.0,79.16666666666666,14208,9728,100663296.0,10066329.6
Dragonfly+,1522,11296737280.0,79.17370495495496,14208,9728,100663296.0,10066329.6
Dragonfly+,1523,11296737280.0,79.18074324324324,14208,9728,100663296.0,10066329.6
Dragonfly+,1524,11296737280.0,79.18778153153153,14208,9728,100663296.0,10066329.6
Dragonfly+,1525,11296737280.0,79.19481981981981,14208,9728,100663296.0,10066329.6
Dragonfly+,1526,11296737280.0,79.2018581081081,14208,9728,100663296.0,10066329.6
Dragonfly+,1527,11296737280.0,79.2088963963964,14208,9728,100663296.0,10066329.6
Dragonfly+,1528,11296737280.0,79.21593468468468,14208,9728,100663296.0,10066329.6
Dragonfly+,1529,11296737280.0,79.22297297297297,14208,9728,100663296.0,10066329.6
Dragonfly+,1530,11296737280.0,79.23001126126125,14208,9728,100663296.0,10066329.6
Dragonfly+,1531,11296737280.0,79.23704954954955,14208,9728,100663296.0,10066329.6
Dragonfly+,1532,11296737280.0,79.24408783783784,14208,9728,100663296.0,10066329.6
Dragonfly+,1533,11296737280.0,79.25112612612612,14208,9728,100663296.0,10066329.6
Dragonfly+,1534,11296737280.0,79.25816441441441,14208,9728,100663296.0,10066329.6
Dragonfly+,1535,11296737280.0,79.2652027027027,14208,9728,100663296.0,10066329.6
Dragonfly+,1536,11296737280.0,79.272240990991,14208,9728,100663296.0,10066329.6
Dragonfly+,1537,11296737280.0,79.27927927927928,14208,9728,100663296.0,10066329.6
Dragonfly+,1538,11296737280.0,79.28631756756756,14208,9728,100663296.0,10066329.6
Dragonfly+,1539,11296737280.0,79.29335585585585,14208,9728,100663296.0,10066329.6
Dragonfly+,1540,11296737280.0,79.30039414414415,14208,9728,100663296.0,10066329.6
Dragonfly+,1541,11296737280.0,79.30743243243244,14208,9728,100663296.0,10066329.6
Dragonfly+,1542,11296737280.0,79.31447072072072,14208,9728,100663296.0,10066329.6
Dragonfly+,1543,11296737280.0,79.321509009009,14208,9728,100663296.0,10066329.6
Dragonfly+,1544,11296737280.0,79.3285472972973,14208,9728,100663296.0,10066329.6
Dragonfly+,1545,11296737280.0,79.33558558558559,14208,9728,100663296.0,10066329.6
Dragonfly+,1546,11296737280.0,79.34262387387388,14208,9728,100663296.0,10066329.6
Dragonfly+,1547,11296737280.0,79.34966216216216,14208,9728,100663296.0,10066329.6
Dragonfly+,1548,11296737280.0,79.35670045045045,14208,9728,100663296.0,10066329.6
Dragonfly+,1549,11296737280.0,79.36373873873875,14208,9728,100663296.0,10066329.6
Dragonfly+,1550,11296737280.0,79.37077702702703,14208,9728,100663296.0,10066329.6
Dragonfly+,1551,11296737280.0,79.37781531531532,14208,9728,100663296.0,10066329.6
Dragonfly+,1552,11296737280.0,79.3848536036036,14208,9728,100663296.0,10066329.6
Dragonfly+,1553,11296737280.0,79.3918918918919,14208,9728,100663296.0,10066329.6
Dragonfly+,1554,11296737280.0,79.39893018018019,14208,9728,100663296.0,10066329.6
Dragonfly+,1555,11296737280.0,79.40596846846847,14208,9728,100663296.0,10066329.6
Dragonfly+,1556,11296737280.0,79.41300675675676,14208,9728,100663296.0,10066329.6
Dragonfly+,1557,11296737280.0,79.42004504504504,14208,9728,100663296.0,10066329.6
Dragonfly+,1558,11296737280.0,79.42708333333334,14208,9728,100663296.0,10066329.6
Dragonfly+,1559,11296737280.0,79.43412162162163,14208,9728,100663296.0,10066329.6
Dragonfly+,1560,11296737280.0,79.44115990990991,14208,9728,100663296.0,10066329.6
Dragonfly+,1561,11296737280.0,79.4481981981982,14208,9728,100663296.0,10066329.6
Dragonfly+,1562,11296737280.0,79.45523648648648,14208,9728,100663296.0,10066329.6
Dragonfly+,1563,11296737280.0,79.46227477477478,14208,9728,100663296.0,10066329.6
Dragonfly+,1564,11296737280.0,79.46931306306307,14208,9728,100663296.0,10066329.6
Dragonfly+,1565,11296737280.0,79.47635135135135,14208,9728,100663296.0,10066329.6
Dragonfly+,1566,11296737280.0,79.48338963963964,14208,9728,100663296.0,10066329.6
Dragonfly+,1567,11296737280.0,79.49042792792793,14208,9728,100663296.0,10066329.6
Dragonfly+,1568,11296737280.0,79.49746621621621,14208,9728,100663296.0,10066329.6
Dragonfly+,1569,11296737280.0,79.5045045045045,14208,9728,100663296.0,10066329.6
Dragonfly+,1570,11296737280.0,79.5115427927928,14208,9728,100663296.0,10066329.6
Dragonfly+,1571,11296737280.0,79.51858108108108,14208,9728,100663296.0,10066329.6
Dragonfly+,1572,11296737280.0,79.52561936936937,14208,9728,100663296.0,10066329.6
Dragonfly+,1573,11296737280.0,79.53265765765765,14208,9728,100663296.0,10066329.6
Dragonfly+,1574,11296737280.0,79.53969594594594,14208,9728,100663296.0,10066329.6
Dragonfly+,1575,11296737280.0,79.54673423423422,14208,9728,100663296.0,10066329.6
Dragonfly+,1576,11296737280.0,79.55377252252252,14208,9728,100663296.0,10066329.6
Dragonfly+,1577,11296737280.0,79.5608108108108,14208,9728,100663296.0,10066329.6
Dragonfly+,1578,11296737280.0,79.56784909909909,14208,9728,100663296.0,10066329.6
Dragonfly+,1579,11296737280.0,79.57488738738738,14208,9728,100663296.0,10066329.6
Dragonfly+,1580,11296737280.0,79.58192567567568,14208,9728,100663296.0,10066329.6
Dragonfly+,1581,11296737280.0,79.58896396396396,14208,9728,100663296.0,10066329.6
Dragonfly+,1582,11296737280.0,79.59600225225225,14208,9728,100663296.0,10066329.6
Dragonfly+,1583,11296737280.0,79.60304054054053,14208,9728,100663296.0,10066329.6
Dragonfly+,1584,11296737280.0,79.61007882882883,14208,9728,100663296.0,10066329.6
Dragonfly+,1585,11296737280.0,79.61711711711712,14208,9728,100663296.0,10066329.6
Dragonfly+,1586,11296737280.0,79.6241554054054,14208,9728,100663296.0,10066329.6
Dragonfly+,1587,11296737280.0,79.63119369369369,14208,9728,100663296.0,10066329.6
Dragonfly+,1588,11296737280.0,79.63823198198197,14208,9728,100663296.0,10066329.6
Dragonfly+,1589,11296737280.0,79.64527027027027,14208,9728,100663296.0,10066329.6
Dragonfly+,1590,11296737280.0,79.65230855855856,14208,9728,100663296.0,10066329.6
Dragonfly+,1591,11296737280.0,79.65934684684684,14208,9728,100663296.0,10066329.6
Dragonfly+,1592,11296737280.0,79.66638513513513,14208,9728,100663296.0,10066329.6
Dragonfly+,1593,11296737280.0,79.67342342342343,14208,9728,100663296.0,10066329.6
Dragonfly+,1594,11296737280.0,79.68046171171171,14208,9728,100663296.0,10066329.6
Dragonfly+,1595,11296737280.0,79.6875,14208,9728,100663296.0,10066329.6
Dragonfly+,1596,11296737280.0,79.69453828828829,14208,9728,100663296.0,10066329.6
Dragonfly+,1597,11296737280.0,79.70157657657657,14208,9728,100663296.0,10066329.6
Dragonfly+,1598,11296737280.0,79.70861486486487,14208,9728,100663296.0,10066329.6
Dragonfly+,1599,11296737280.0,79.71565315315316,14208,9728,100663296.0,10066329.6
Dragonfly+,1600,11296737280.0,79.72269144144144,14208,9728,100663296.0,10066329.6
Dragonfly+,1601,11296737280.0,79.72972972972973,14208,9728,100663296.0,10066329.6
Dragonfly+,1602,11296737280.0,79.73676801801803,14208,9728,100663296.0,10066329.6
Dragonfly+,1603,11296737280.0,79.74380630630631,14208,9728,100663296.0,10066329.6
Dragonfly+,1604,11296737280.0,79.7508445945946,14208,9728,100663296.0,10066329.6
Dragonfly+,1605,11296737280.0,79.75788288288288,14208,9728,100663296.0,10066329.6
Dragonfly+,1606,11296737280.0,79.76492117117117,14208,9728,100663296.0,10066329.6
Dragonfly+,1607,11296737280.0,79.77195945945947,14208,9728,100663296.0,10066329.6
Dragonfly+,1608,11296737280.0,79.77899774774775,14208,9728,100663296.0,10066329.6
Dragonfly+,1609,11296737280.0,79.78603603603604,14208,9728,100663296.0,10066329.6
Dragonfly+,1610,11296737280.0,79.79307432432432,14208,9728,100663296.0,10066329.6
Dragonfly+,1611,11296737280.0,79.80011261261262,14208,9728,100663296.0,10066329.6
Dragonfly+,1612,11296737280.0,79.80715090090091,14208,9728,100663296.0,10066329.6
Dragonfly+,1613,11296737280.0,79.8141891891892,14208,9728,100663296.0,10066329.6
Dragonfly+,1614,11296737280.0,79.82122747747748,14208,9728,100663296.0,10066329.6
Dragonfly+,1615,11296737280.0,79.82826576576578,14208,9728,100663296.0,10066329.6
Dragonfly+,1616,11296737280.0,79.83530405405406,14208,9728,100663296.0,10066329.6
Dragonfly+,1617,11296737280.0,79.84234234234235,14208,9728,100663296.0,10066329.6
Dragonfly+,1618,11296737280.0,79.84938063063063,14208,9728,100663296.0,10066329.6
Dragonfly+,1619,11296737280.0,79.85641891891892,14208,9728,100663296.0,10066329.6
Dragonfly+,1620,11296737280.0,79.8634572072072,14208,9728,100663296.0,10066329.6
Dragonfly+,1621,11296737280.0,79.8704954954955,14208,9728,100663296.0,10066329.6
Dragonfly+,1622,11296737280.0,79.87753378378379,14208,9728,100663296.0,10066329.6
Dragonfly+,1623,11296737280.0,79.88457207207207,14208,9728,100663296.0,10066329.6
Dragonfly+,1624,11296737280.0,79.89161036036036,14208,9728,100663296.0,10066329.6
Dragonfly+,1625,11296737280.0,79.89864864864865,14208,9728,100663296.0,10066329.6
Dragonfly+,1626,11296737280.0,79.90568693693693,14208,9728,100663296.0,10066329.6
Dragonfly+,1627,11296737280.0,79.91272522522522,14208,9728,100663296.0,10066329.6
Dragonfly+,1628,11296737280.0,79.91976351351352,14208,9728,100663296.0,10066329.6
Dragonfly+,1629,11296737280.0,79.9268018018018,14208,9728,100663296.0,10066329.6
Dragonfly+,1630,11296737280.0,79.93384009009009,14208,9728,100663296.0,10066329.6
Dragonfly+,1631,11296737280.0,79.94087837837837,14208,9728,100663296.0,10066329.6
Dragonfly+,1632,11296737280.0,79.94791666666666,14208,9728,100663296.0,10066329.6
Dragonfly+,1633,11296737280.0,79.95495495495496,14208,9728,100663296.0,10066329.6
Dragonfly+,1634,11296737280.0,79.96199324324324,14208,9728,100663296.0,10066329.6
Dragonfly+,1635,11296737280.0,79.96903153153153,14208,9728,100663296.0,10066329.6
Dragonfly+,1636,11296737280.0,79.97606981981981,14208,9728,100663296.0,10066329.6
Dragonfly+,1637,11296737280.0,79.9831081081081,14208,9728,100663296.0,10066329.6
Dragonfly+,1638,11296737280.0,79.9901463963964,14208,9728,100663296.0,10066329.6
Dragonfly+,1639,11296737280.0,79.99718468468468,14208,9728,100663296.0,10066329.6
Dragonfly+,1640,11296737280.0,80.00422297297297,14208,9728,100663296.0,10066329.6
Dragonfly+,1641,11296737280.0,80.01126126126125,14208,9728,100663296.0,10066329.6
Dragonfly+,1642,11296737280.0,80.01829954954955,14208,9728,100663296.0,10066329.6
Dragonfly+,1643,11296737280.0,80.02533783783784,14208,9728,100663296.0,10066329.6
Dragonfly+,1644,11296737280.0,80.03237612612612,14208,9728,100663296.0,10066329.6
Dragonfly+,1645,11296737280.0,80.03941441441441,14208,9728,100663296.0,10066329.6
Dragonfly+,1646,11296737280.0,80.0464527027027,14208,9728,100663296.0,10066329.6
Dragonfly+,1647,11296737280.0,80.053490990991,14208,9728,100663296.0,10066329.6
Dragonfly+,1648,11296737280.0,80.06052927927928,14208,9728,100663296.0,10066329.6
Dragonfly+,1649,11296737280.0,80.06756756756756,14208,9728,100663296.0,10066329.6
Dragonfly+,1650,11296737280.0,80.07460585585585,14208,9728,100663296.0,10066329.6
Dragonfly+,1651,11296737280.0,80.08164414414415,14208,9728,100663296.0,10066329.6
Dragonfly+,1652,11296737280.0,80.08868243243244,14208,9728,100663296.0,10066329.6
Dragonfly+,1653,11296737280.0,80.09572072072072,14208,9728,100663296.0,10066329.6
Dragonfly+,1654,11296737280.0,80.102759009009,14208,9728,100663296.0,10066329.6
Dragonfly+,1655,11296737280.0,80.1097972972973,14208,9728,100663296.0,10066329.6
Dragonfly+,1656,11296737280.0,80.11683558558559,14208,9728,100663296.0,10066329.6
Dragonfly+,1657,11296737280.0,80.12387387387388,14208,9728,100663296.0,10066329.6
Dragonfly+,1658,11296737280.0,80.13091216216216,14208,9728,100663296.0,10066329.6
Dragonfly+,1659,11296737280.0,80.13795045045045,14208,9728,100663296.0,10066329.6
Dragonfly+,1660,11296737280.0,80.14498873873875,14208,9728,100663296.0,10066329.6
Dragonfly+,1661,11296737280.0,80.15202702702703,14208,9728,100663296.0,10066329.6
Dragonfly+,1662,11296737280.0,80.15906531531532,14208,9728,100663296.0,10066329.6
Dragonfly+,1663,11296737280.0,80.1661036036036,14208,9728,100663296.0,10066329.6
Dragonfly+,1664,11296737280.0,80.1731418918919,14208,9728,100663296.0,10066329.6
Dragonfly+,1665,11296737280.0,80.18018018018019,14208,9728,100663296.0,10066329.6
Dragonfly+,1666,11296737280.0,80.18721846846847,14208,9728,100663296.0,10066329.6
Dragonfly+,1667,11296737280.0,80.19425675675676,14208,9728,100663296.0,10066329.6
Dragonfly+,1668,11296737280.0,80.20129504504504,14208,9728,100663296.0,10066329.6
Dragonfly+,1669,11296737280.0,80.20833333333334,14208,9728,100663296.0,10066329.6
Dragonfly+,1670,11296737280.0,80.21537162162163,14208,9728,100663296.0,10066329.6
Dragonfly+,1671,11296737280.0,80.22240990990991,14208,9728,100663296.0,10066329.6
Dragonfly+,1672,11296737280.0,80.2294481981982,14208,9728,100663296.0,10066329.6
Dragonfly+,1673,11296737280.0,80.23648648648648,14208,9728,100663296.0,10066329.6
Dragonfly+,1674,11296737280.0,80.24352477477478,14208,9728,100663296.0,10066329.6
Dragonfly+,1675,11296737280.0,80.25056306306307,14208,9728,100663296.0,10066329.6
Dragonfly+,1676,11296737280.0,80.25760135135135,14208,9728,100663296.0,10066329.6
Dragonfly+,1677,11296737280.0,80.26463963963964,14208,9728,100663296.0,10066329.6
Dragonfly+,1678,11296737280.0,80.27167792792793,14208,9728,100663296.0,10066329.6
Dragonfly+,1679,11296737280.0,80.27871621621621,14208,9728,100663296.0,10066329.6
Dragonfly+,1680,11296737280.0,80.2857545045045,14208,9728,100663296.0,10066329.6
Dragonfly+,1681,11296737280.0,80.2927927927928,14208,9728,100663296.0,10066329.6
Dragonfly+,1682,11296737280.0,80.29983108108108,14208,9728,100663296.0,10066329.6
Dragonfly+,1683,11296737280.0,80.30686936936937,14208,9728,100663296.0,10066329.6
Dragonfly+,1684,11296737280.0,80.31390765765765,14208,9728,100663296.0,10066329.6
Dragonfly+,1685,11296737280.0,80.32094594594594,14208,9728,100663296.0,10066329.6
Dragonfly+,1686,11296737280.0,80.32798423423422,14208,9728,100663296.0,10066329.6
Dragonfly+,1687,11296737280.0,80.33502252252252,14208,9728,100663296.0,10066329.6
Dragonfly+,1688,11296737280.0,80.3420608108108,14208,9728,100663296.0,10066329.6
Dragonfly+,1689,11296737280.0,80.34909909909909,14208,9728,100663296.0,10066329.6
Dragonfly+,1690,11296737280.0,80.35613738738738,14208,9728,100663296.0,10066329.6
Dragonfly+,1691,11296737280.0,80.36317567567568,14208,9728,100663296.0,10066329.6
Dragonfly+,1692,11296737280.0,80.37021396396396,14208,9728,100663296.0,10066329.6
Dragonfly+,1693,11296737280.0,80.37725225225225,14208,9728,100663296.0,10066329.6
Dragonfly+,1694,11296737280.0,80.38429054054053,14208,9728,100663296.0,10066329.6
Dragonfly+,1695,11296737280.0,80.39132882882883,14208,9728,100663296.0,10066329.6
Dragonfly+,1696,11296737280.0,80.39836711711712,14208,9728,100663296.0,10066329.6
Dragonfly+,1697,11296737280.0,80.4054054054054,14208,9728,100663296.0,10066329.6
Dragonfly+,1698,11296737280.0,80.41244369369369,14208,9728,100663296.0,10066329.6
Dragonfly+,1699,11296737280.0,80.41948198198197,14208,9728,100663296.0,10066329.6
Dragonfly+,1700,11296737280.0,80.42652027027027,14208,9728,100663296.0,10066329.6
Dragonfly+,1701,11296737280.0,80.43355855855856,14208,9728,100663296.0,10066329.6
Dragonfly+,1702,11296737280.0,80.44059684684684,14208,9728,100663296.0,10066329.6
Dragonfly+,1703,11296737280.0,80.44763513513513,14208,9728,100663296.0,10066329.6
Dragonfly+,1704,11296737280.0,80.45467342342343,14208,9728,100663296.0,10066329.6
Dragonfly+,1705,11296737280.0,80.46171171171171,14208,9728,100663296.0,10066329.6
Dragonfly+,1706,11296737280.0,80.46875,14208,9728,100663296.0,10066329.6
Dragonfly+,1707,11296737280.0,80.47578828828829,14208,9728,100663296.0,10066329.6
Dragonfly+,1708,11296737280.0,80.48282657657657,14208,9728,100663296.0,10066329.6
Dragonfly+,1709,11296737280.0,80.48986486486487,14208,9728,100663296.0,10066329.6
Dragonfly+,1710,11296737280.0,80.49690315315316,14208,9728,100663296.0,10066329.6
Dragonfly+,1711,11296737280.0,80.50394144144144,14208,9728,100663296.0,10066329.6
Dragonfly+,1712,11296737280.0,80.51097972972973,14208,9728,100663296.0,10066329.6
Dragonfly+,1713,11296737280.0,80.51801801801803,14208,9728,100663296.0,10066329.6
Dragonfly+,1714,11296737280.0,80.52505630630631,14208,9728,100663296.0,10066329.6
Dragonfly+,1715,11296737280.0,80.5320945945946,14208,9728,100663296.0,10066329.6
Dragonfly+,1716,11296737280.0,80.53913288288288,14208,9728,100663296.0,10066329.6
Dragonfly+,1717,11296737280.0,80.54617117117117,14208,9728,100663296.0,10066329.6
Dragonfly+,1718,11296737280.0,80.55320945945947,14208,9728,100663296.0,10066329.6
Dragonfly+,1719,11296737280.0,80.56024774774775,14208,9728,100663296.0,10066329.6
Dragonfly+,1720,11296737280.0,80.56728603603604,14208,9728,100663296.0,10066329.6
Dragonfly+,1721,11296737280.0,80.57432432432432,14208,9728,100663296.0,10066329.6
Dragonfly+,1722,11296737280.0,80.58136261261262,14208,9728,100663296.0,10066329.6
Dragonfly+,1723,11296737280.0,80.58840090090091,14208,9728,100663296.0,10066329.6
Dragonfly+,1724,11296737280.0,80.5954391891892,14208,9728,100663296.0,10066329.6
Dragonfly+,1725,11296737280.0,80.60247747747748,14208,9728,100663296.0,10066329.6
Dragonfly+,1726,11296737280.0,80.60951576576578,14208,9728,100663296.0,10066329.6
Dragonfly+,1727,11296737280.0,80.61655405405406,14208,9728,100663296.0,10066329.6
Dragonfly+,1728,11296737280.0,80.62359234234235,14208,9728,100663296.0,10066329.6
Dragonfly+,1729,11296737280.0,80.63063063063063,14208,9728,100663296.0,10066329.6
Dragonfly+,1730,11296737280.0,80.63766891891892,14208,9728,100663296.0,10066329.6
Dragonfly+,1731,11296737280.0,80.6447072072072,14208,9728,100663296.0,10066329.6
Dragonfly+,1732,11296737280.0,80.6517454954955,14208,9728,100663296.0,10066329.6
Dragonfly+,1733,11296737280.0,80.65878378378379,14208,9728,100663296.0,10066329.6
Dragonfly+,1734,11296737280.0,80.66582207207207,14208,9728,100663296.0,10066329.6
Dragonfly+,1735,11296737280.0,80.67286036036036,14208,9728,100663296.0,10066329.6
Dragonfly+,1736,11296737280.0,80.67989864864865,14208,9728,100663296.0,10066329.6
Dragonfly+,1737,11296737280.0,80.68693693693693,14208,9728,100663296.0,10066329.6
Dragonfly+,1738,11296737280.0,80.69397522522522,14208,9728,100663296.0,10066329.6
Dragonfly+,1739,11296737280.0,80.70101351351352,14208,9728,100663296.0,10066329.6
Dragonfly+,1740,11296737280.0,80.7080518018018,14208,9728,100663296.0,10066329.6
Dragonfly+,1741,11296737280.0,80.71509009009009,14208,9728,100663296.0,10066329.6
Dragonfly+,1742,11296737280.0,80.72212837837837,14208,9728,100663296.0,10066329.6
Dragonfly+,1743,11296737280.0,80.72916666666666,14208,9728,100663296.0,10066329.6
Dragonfly+,1744,11296737280.0,80.73620495495496,14208,9728,100663296.0,10066329.6
Dragonfly+,1745,11296737280.0,80.74324324324324,14208,9728,100663296.0,10066329.6
Dragonfly+,1746,11296737280.0,80.75028153153153,14208,9728,100663296.0,10066329.6
Dragonfly+,1747,11296737280.0,80.75731981981981,14208,9728,100663296.0,10066329.6
Dragonfly+,1748,11296737280.0,80.7643581081081,14208,9728,100663296.0,10066329.6
Dragonfly+,1749,11296737280.0,80.7713963963964,14208,9728,100663296.0,10066329.6
Dragonfly+,1750,11296737280.0,80.77843468468468,14208,9728,100663296.0,10066329.6
Dragonfly+,1751,11296737280.0,80.78547297297297,14208,9728,100663296.0,10066329.6
Dragonfly+,1752,11296737280.0,80.79251126126125,14208,9728,100663296.0,10066329.6
Dragonfly+,1753,11296737280.0,80.79954954954955,14208,9728,100663296.0,10066329.6
Dragonfly+,1754,11296737280.0,80.80658783783784,14208,9728,100663296.0,10066329.6
Dragonfly+,1755,11296737280.0,80.81362612612612,14208,9728,100663296.0,10066329.6
Dragonfly+,1756,11296737280.0,80.82066441441441,14208,9728,100663296.0,10066329.6
Dragonfly+,1757,11296737280.0,80.8277027027027,14208,9728,100663296.0,10066329.6
Dragonfly+,1758,11296737280.0,80.834740990991,14208,9728,100663296.0,10066329.6
Dragonfly+,1759,11296737280.0,80.84177927927928,14208,9728,100663296.0,10066329.6
Dragonfly+,1760,11296737280.0,80.84881756756756,14208,9728,100663296.0,10066329.6
Dragonfly+,1761,11296737280.0,80.85585585585585,14208,9728,100663296.0,10066329.6
Dragonfly+,1762,11296737280.0,80.86289414414415,14208,9728,100663296.0,10066329.6
Dragonfly+,1763,11296737280.0,80.86993243243244,14208,9728,100663296.0,10066329.6
Dragonfly+,1764,11296737280.0,80.87697072072072,14208,9728,100663296.0,10066329.6
Dragonfly+,1765,11296737280.0,80.884009009009,14208,9728,100663296.0,10066329.6
Dragonfly+,1766,11296737280.0,80.8910472972973,14208,9728,100663296.0,10066329.6
Dragonfly+,1767,11296737280.0,80.89808558558559,14208,9728,100663296.0,10066329.6
Dragonfly+,1768,11296737280.0,80.90512387387388,14208,9728,100663296.0,10066329.6
Dragonfly+,1769,11296737280.0,80.91216216216216,14208,9728,100663296.0,10066329.6
Dragonfly+,1770,11296737280.0,80.91920045045045,14208,9728,100663296.0,10066329.6
Dragonfly+,1771,11296737280.0,80.92623873873875,14208,9728,100663296.0,10066329.6
Dragonfly+,1772,11296737280.0,80.93327702702703,14208,9728,100663296.0,10066329.6
Dragonfly+,1773,11296737280.0,80.94031531531532,14208,9728,100663296.0,10066329.6
Dragonfly+,1774,11296737280.0,80.9473536036036,14208,9728,100663296.0,10066329.6
Dragonfly+,1775,11296737280.0,80.9543918918919,14208,9728,100663296.0,10066329.6
Dragonfly+,1776,11296737280.0,80.96143018018019,14208,9728,100663296.0,10066329.6
Dragonfly+,1777,11296737280.0,80.96846846846847,14208,9728,100663296.0,10066329.6
Dragonfly+,1778,11296737280.0,80.97550675675676,14208,9728,100663296.0,10066329.6
Dragonfly+,1779,11296737280.0,80.98254504504504,14208,9728,100663296.0,10066329.6
Dragonfly+,1780,11296737280.0,80.98958333333334,14208,9728,100663296.0,10066329.6
Dragonfly+,1781,11296737280.0,80.99662162162163,14208,9728,100663296.0,10066329.6
Dragonfly+,1782,11296737280.0,81.00365990990991,14208,9728,100663296.0,10066329.6
Dragonfly+,1783,11296737280.0,81.0106981981982,14208,9728,100663296.0,10066329.6
Dragonfly+,1784,11296737280.0,81.01773648648648,14208,9728,100663296.0,10066329.6
Dragonfly+,1785,11296737280.0,81.02477477477478,14208,9728,100663296.0,10066329.6
Dragonfly+,1786,11296737280.0,81.03181306306307,14208,9728,100663296.0,10066329.6
Dragonfly+,1787,11296737280.0,81.03885135135135,14208,9728,100663296.0,10066329.6
Dragonfly+,1788,11296737280.0,81.04588963963964,14208,9728,100663296.0,10066329.6
Dragonfly+,1789,11296737280.0,81.05292792792793,14208,9728,100663296.0,10066329.6
Dragonfly+,1790,11296737280.0,81.05996621621621,14208,9728,100663296.0,10066329.6
Dragonfly+,1791,11296737280.0,81.0670045045045,14208,9728,100663296.0,10066329.6
Dragonfly+,1792,11296737280.0,81.0740427927928,14208,9728,100663296.0,10066329.6
Dragonfly+,1793,11296737280.0,81.08108108108108,14208,9728,100663296.0,10066329.6
Dragonfly+,1794,11296737280.0,81.08811936936937,14208,9728,100663296.0,10066329.6
Dragonfly+,1795,11296737280.0,81.09515765765765,14208,9728,100663296.0,10066329.6
Dragonfly+,1796,11296737280.0,81.10219594594594,14208,9728,100663296.0,10066329.6
Dragonfly+,1797,11296737280.0,81.10923423423422,14208,9728,100663296.0,10066329.6
Dragonfly+,1798,11296737280.0,81.11627252252252,14208,9728,100663296.0,10066329.6
Dragonfly+,1799,11296737280.0,81.1233108108108,14208,9728,100663296.0,10066329.6
Dragonfly+,1800,11296737280.0,81.13034909909909,14208,9728,100663296.0,10066329.6
Dragonfly+,1801,11296737280.0,81.13738738738738,14208,9728,100663296.0,10066329.6
Dragonfly+,1802,11296737280.0,81.14442567567568,14208,9728,100663296.0,10066329.6
Dragonfly+,1803,11296737280.0,81.15146396396396,14208,9728,100663296.0,10066329.6
Dragonfly+,1804,11296737280.0,81.15850225225225,14208,9728,100663296.0,10066329.6
Dragonfly+,1805,11296737280.0,81.16554054054053,14208,9728,100663296.0,10066329.6
Dragonfly+,1806,11296737280.0,81.17257882882883,14208,9728,100663296.0,10066329.6
Dragonfly+,1807,11296737280.0,81.17961711711712,14208,9728,100663296.0,10066329.6
Dragonfly+,1808,11296737280.0,81.1866554054054,14208,9728,100663296.0,10066329.6
Dragonfly+,1809,11296737280.0,81.19369369369369,14208,9728,100663296.0,10066329.6
Dragonfly+,1810,11296737280.0,81.20073198198197,14208,9728,100663296.0,10066329.6
Dragonfly+,1811,11296737280.0,81.20777027027027,14208,9728,100663296.0,10066329.6
Dragonfly+,1812,11296737280.0,81.21480855855856,14208,9728,100663296.0,10066329.6
Dragonfly+,1813,11296737280.0,81.22184684684684,14208,9728,100663296.0,10066329.6
Dragonfly+,1814,11296737280.0,81.22888513513513,14208,9728,100663296.0,10066329.6
Dragonfly+,1815,11296737280.0,81.23592342342343,14208,9728,100663296.0,10066329.6
Dragonfly+,1816,11296737280.0,81.24296171171171,14208,9728,100663296.0,10066329.6
Dragonfly+,1817,11296737280.0,81.25,14208,9728,100663296.0,10066329.6
Dragonfly+,1818,11296737280.0,81.25703828828829,14208,9728,100663296.0,10066329.6
Dragonfly+,1819,11296737280.0,81.26407657657657,14208,9728,100663296.0,10066329.6
Dragonfly+,1820,11296737280.0,81.27111486486487,14208,9728,100663296.0,10066329.6
Dragonfly+,1821,11296737280.0,81.27815315315316,14208,9728,100663296.0,10066329.6
Dragonfly+,1822,11296737280.0,81.28519144144144,14208,9728,100663296.0,10066329.6
Dragonfly+,1823,11296737280.0,81.29222972972973,14208,9728,100663296.0,10066329.6
Dragonfly+,1824,11296737280.0,81.29926801801803,14208,9728,100663296.0,10066329.6
Dragonfly+,1825,11296737280.0,81.30630630630631,14208,9728,100663296.0,10066329.6
Dragonfly+,1826,11296737280.0,81.3133445945946,14208,9728,100663296.0,10066329.6
Dragonfly+,1827,11296737280.0,81.32038288288288,14208,9728,100663296.0,10066329.6
Dragonfly+,1828,11296737280.0,81.32742117117117,14208,9728,100663296.0,10066329.6
Dragonfly+,1829,11296737280.0,81.33445945945947,14208,9728,100663296.0,10066329.6
Dragonfly+,1830,11296737280.0,81.34149774774775,14208,9728,100663296.0,10066329.6
Dragonfly+,1831,11296737280.0,81.34853603603604,14208,9728,100663296.0,10066329.6
Dragonfly+,1832,11296737280.0,81.35557432432432,14208,9728,100663296.0,10066329.6
Dragonfly+,1833,11296737280.0,81.36261261261262,14208,9728,100663296.0,10066329.6
Dragonfly+,1834,11296737280.0,81.36965090090091,14208,9728,100663296.0,10066329.6
Dragonfly+,1835,11296737280.0,81.3766891891892,14208,9728,100663296.0,10066329.6
Dragonfly+,1836,11296737280.0,81.38372747747748,14208,9728,100663296.0,10066329.6
Dragonfly+,1837,11296737280.0,81.39076576576578,14208,9728,100663296.0,10066329.6
Dragonfly+,1838,11296737280.0,81.39780405405406,14208,9728,100663296.0,10066329.6
Dragonfly+,1839,11296737280.0,81.40484234234235,14208,9728,100663296.0,10066329.6
Dragonfly+,1840,11296737280.0,81.41188063063063,14208,9728,100663296.0,10066329.6
Dragonfly+,1841,11296737280.0,81.41891891891892,14208,9728,100663296.0,10066329.6
Dragonfly+,1842,11296737280.0,81.4259572072072,14208,9728,100663296.0,10066329.6
Dragonfly+,1843,11296737280.0,81.4329954954955,14208,9728,100663296.0,10066329.6
Dragonfly+,1844,11296737280.0,81.44003378378379,14208,9728,100663296.0,10066329.6
Dragonfly+,1845,11296737280.0,81.44707207207207,14208,9728,100663296.0,10066329.6
Dragonfly+,1846,11296737280.0,81.45411036036036,14208,9728,100663296.0,10066329.6
Dragonfly+,1847,11296737280.0,81.46114864864865,14208,9728,100663296.0,10066329.6
Dragonfly+,1848,11296737280.0,81.46818693693693,14208,9728,100663296.0,10066329.6
Dragonfly+,1849,11296737280.0,81.47522522522522,14208,9728,100663296.0,10066329.6
Dragonfly+,1850,11296737280.0,81.48226351351352,14208,9728,100663296.0,10066329.6
Dragonfly+,1851,11296737280.0,81.4893018018018,14208,9728,100663296.0,10066329.6
Dragonfly+,1852,11296737280.0,81.49634009009009,14208,9728,100663296.0,10066329.6
Dragonfly+,1853,11296737280.0,81.50337837837837,14208,9728,100663296.0,10066329.6
Dragonfly+,1854,11296737280.0,81.51041666666666,14208,9728,100663296.0,10066329.6
Dragonfly+,1855,11296737280.0,81.51745495495496,14208,9728,100663296.0,10066329.6
Dragonfly+,1856,11296737280.0,81.52449324324324,14208,9728,100663296.0,10066329.6
Dragonfly+,1857,11296737280.0,81.53153153153153,14208,9728,100663296.0,10066329.6
Dragonfly+,1858,11296737280.0,81.53856981981981,14208,9728,100663296.0,10066329.6
Dragonfly+,1859,11296737280.0,81.5456081081081,14208,9728,100663296.0,10066329.6
Dragonfly+,1860,11296737280.0,81.5526463963964,14208,9728,100663296.0,10066329.6
Dragonfly+,1861,11296737280.0,81.55968468468468,14208,9728,100663296.0,10066329.6
Dragonfly+,1862,11296737280.0,81.56672297297297,14208,9728,100663296.0,10066329.6
Dragonfly+,1863,11296737280.0,81.57376126126125,14208,9728,100663296.0,10066329.6
Dragonfly+,1864,11296737280.0,81.58079954954955,14208,9728,100663296.0,10066329.6
Dragonfly+,1865,11296737280.0,81.58783783783784,14208,9728,100663296.0,10066329.6
Dragonfly+,1866,11296737280.0,81.59487612612612,14208,9728,100663296.0,10066329.6
Dragonfly+,1867,11296737280.0,81.60191441441441,14208,9728,100663296.0,10066329.6
Dragonfly+,1868,11296737280.0,81.6089527027027,14208,9728,100663296.0,10066329.6
Dragonfly+,1869,11296737280.0,81.615990990991,14208,9728,100663296.0,10066329.6
Dragonfly+,1870,11296737280.0,81.62302927927928,14208,9728,100663296.0,10066329.6
Dragonfly+,1871,11296737280.0,81.63006756756756,14208,9728,100663296.0,10066329.6
Dragonfly+,1872,11296737280.0,81.63710585585585,14208,9728,100663296.0,10066329.6
Dragonfly+,1873,11296737280.0,81.64414414414415,14208,9728,100663296.0,10066329.6
Dragonfly+,1874,11296737280.0,81.65118243243244,14208,9728,100663296.0,10066329.6
Dragonfly+,1875,11296737280.0,81.65822072072072,14208,9728,100663296.0,10066329.6
Dragonfly+,1876,11296737280.0,81.665259009009,14208,9728,100663296.0,10066329.6
Dragonfly+,1877,11296737280.0,81.6722972972973,14208,9728,100663296.0,10066329.6
Dragonfly+,1878,11296737280.0,81.67933558558559,14208,9728,100663296.0,10066329.6
Dragonfly+,1879,11296737280.0,81.68637387387388,14208,9728,100663296.0,10066329.6
Dragonfly+,1880,11296737280.0,81.69341216216216,14208,9728,100663296.0,10066329.6
Dragonfly+,1881,11296737280.0,81.70045045045045,14208,9728,100663296.0,10066329.6
Dragonfly+,1882,11296737280.0,81.70748873873875,14208,9728,100663296.0,10066329.6
Dragonfly+,1883,11296737280.0,81.71452702702703,14208,9728,100663296.0,10066329.6
Dragonfly+,1884,11296737280.0,81.72156531531532,14208,9728,100663296.0,10066329.6
Dragonfly+,1885,11296737280.0,81.7286036036036,14208,9728,100663296.0,10066329.6
Dragonfly+,1886,11296737280.0,81.7356418918919,14208,9728,100663296.0,10066329.6
Dragonfly+,1887,11296737280.0,81.74268018018019,14208,9728,100663296.0,10066329.6
Dragonfly+,1888,11296737280.0,81.74971846846847,14208,9728,100663296.0,10066329.6
Dragonfly+,1889,11296737280.0,81.75675675675676,14208,9728,100663296.0,10066329.6
Dragonfly+,1890,11296737280.0,81.76379504504504,14208,9728,100663296.0,10066329.6
Dragonfly+,1891,11296737280.0,81.77083333333334,14208,9728,100663296.0,10066329.6
Dragonfly+,1892,11296737280.0,81.77787162162163,14208,9728,100663296.0,10066329.6
Dragonfly+,1893,11296737280.0,81.78490990990991,14208,9728,100663296.0,10066329.6
Dragonfly+,1894,11296737280.0,81.7919481981982,14208,9728,100663296.0,10066329.6
Dragonfly+,1895,11296737280.0,81.79898648648648,14208,9728,100663296.0,10066329.6
Dragonfly+,1896,11296737280.0,81.80602477477478,14208,9728,100663296.0,10066329.6
Dragonfly+,1897,11296737280.0,81.81306306306307,14208,9728,100663296.0,10066329.6
Dragonfly+,1898,11296737280.0,81.82010135135135,14208,9728,100663296.0,10066329.6
Dragonfly+,1899,11296737280.0,81.82713963963964,14208,9728,100663296.0,10066329.6
Dragonfly+,1900,11296737280.0,81.83417792792793,14208,9728,100663296.0,10066329.6
Dragonfly+,1901,11296737280.0,81.84121621621621,14208,9728,100663296.0,10066329.6
Dragonfly+,1902,11296737280.0,81.8482545045045,14208,9728,100663296.0,10066329.6
Dragonfly+,1903,11296737280.0,81.8552927927928,14208,9728,100663296.0,10066329.6
Dragonfly+,1904,11296737280.0,81.86233108108108,14208,9728,100663296.0,10066329.6
Dragonfly+,1905,11296737280.0,81.86936936936937,14208,9728,100663296.0,10066329.6
Dragonfly+,1906,11296737280.0,81.87640765765765,14208,9728,100663296.0,10066329.6
Dragonfly+,1907,11296737280.0,81.88344594594594,14208,9728,100663296.0,10066329.6
Dragonfly+,1908,11296737280.0,81.89048423423422,14208,9728,100663296.0,10066329.6
Dragonfly+,1909,11296737280.0,81.89752252252252,14208,9728,100663296.0,10066329.6
Dragonfly+,1910,11296737280.0,81.9045608108108,14208,9728,100663296.0,10066329.6
Dragonfly+,1911,11296737280.0,81.91159909909909,14208,9728,100663296.0,10066329.6
Dragonfly+,1912,11296737280.0,81.91863738738738,14208,9728,100663296.0,10066329.6
Dragonfly+,1913,11296737280.0,81.92567567567568,14208,9728,100663296.0,10066329.6
Dragonfly+,1914,11296737280.0,81.93271396396396,14208,9728,100663296.0,10066329.6
Dragonfly+,1915,11296737280.0,81.93975225225225,14208,9728,100663296.0,10066329.6
Dragonfly+,1916,11296737280.0,81.94679054054053,14208,9728,100663296.0,10066329.6
Dragonfly+,1917,11296737280.0,81.95382882882883,14208,9728,100663296.0,10066329.6
Dragonfly+,1918,11296737280.0,81.96086711711712,14208,9728,100663296.0,10066329.6
Dragonfly+,1919,11296737280.0,81.9679054054054,14208,9728,100663296.0,10066329.6
Dragonfly+,1920,11296737280.0,81.97494369369369,14208,9728,100663296.0,10066329.6
Dragonfly+,1921,11296737280.0,81.98198198198197,14208,9728,100663296.0,10066329.6
Dragonfly+,1922,11296737280.0,81.98902027027027,14208,9728,100663296.0,10066329.6
Dragonfly+,1923,11296737280.0,81.99605855855856,14208,9728,100663296.0,10066329.6
Dragonfly+,1924,11296737280.0,82.00309684684684,14208,9728,100663296.0,10066329.6
Dragonfly+,1925,11296737280.0,82.01013513513513,14208,9728,100663296.0,10066329.6
Dragonfly+,1926,11296737280.0,82.01717342342343,14208,9728,100663296.0,10066329.6
Dragonfly+,1927,11296737280.0,82.02421171171171,14208,9728,100663296.0,10066329.6
Dragonfly+,1928,11296737280.0,82.03125,14208,9728,100663296.0,10066329.6
Dragonfly+,1929,11296737280.0,82.03828828828829,14208,9728,100663296.0,10066329.6
Dragonfly+,1930,11296737280.0,82.04532657657657,14208,9728,100663296.0,10066329.6
Dragonfly+,1931,11296737280.0,82.05236486486487,14208,9728,100663296.0,10066329.6
Dragonfly+,1932,11296737280.0,82.05940315315316,14208,9728,100663296.0,10066329.6
Dragonfly+,1933,11296737280.0,82.06644144144144,14208,9728,100663296.0,10066329.6
Dragonfly+,1934,11296737280.0,82.07347972972973,14208,9728,100663296.0,10066329.6
Dragonfly+,1935,11296737280.0,82.08051801801803,14208,9728,100663296.0,10066329.6
Dragonfly+,1936,11296737280.0,82.08755630630631,14208,9728,100663296.0,10066329.6
Dragonfly+,1937,11296737280.0,82.0945945945946,14208,9728,100663296.0,10066329.6
Dragonfly+,1938,11296737280.0,82.10163288288288,14208,9728,100663296.0,10066329.6
Dragonfly+,1939,11296737280.0,82.10867117117117,14208,9728,100663296.0,10066329.6
Dragonfly+,1940,11296737280.0,82.11570945945947,14208,9728,100663296.0,10066329.6
Dragonfly+,1941,11296737280.0,82.12274774774775,14208,9728,100663296.0,10066329.6
Dragonfly+,1942,11296737280.0,82.12978603603604,14208,9728,100663296.0,10066329.6
Dragonfly+,1943,11296737280.0,82.13682432432432,14208,9728,100663296.0,10066329.6
Dragonfly+,1944,11296737280.0,82.14386261261262,14208,9728,100663296.0,10066329.6
Dragonfly+,1945,11296737280.0,82.15090090090091,14208,9728,100663296.0,10066329.6
Dragonfly+,1946,11296737280.0,82.1579391891892,14208,9728,100663296.0,10066329.6
Dragonfly+,1947,11296737280.0,82.16497747747748,14208,9728,100663296.0,10066329.6
Dragonfly+,1948,11296737280.0,82.17201576576578,14208,9728,100663296.0,10066329.6
Dragonfly+,1949,11296737280.0,82.17905405405406,14208,9728,100663296.0,10066329.6
Dragonfly+,1950,11296737280.0,82.18609234234235,14208,9728,100663296.0,10066329.6
Dragonfly+,1951,11296737280.0,82.19313063063063,14208,9728,100663296.0,10066329.6
Dragonfly+,1952,11296737280.0,82.20016891891892,14208,9728,100663296.0,10066329.6
Dragonfly+,1953,11296737280.0,82.2072072072072,14208,9728,100663296.0,10066329.6
Dragonfly+,1954,11296737280.0,82.2142454954955,14208,9728,100663296.0,10066329.6
Dragonfly+,1955,11296737280.0,82.22128378378379,14208,9728,100663296.0,10066329.6
Dragonfly+,1956,11296737280.0,82.22832207207207,14208,9728,100663296.0,10066329.6
Dragonfly+,1957,11296737280.0,82.23536036036036,14208,9728,100663296.0,10066329.6
Dragonfly+,1958,11296737280.0,82.24239864864865,14208,9728,100663296.0,10066329.6
Dragonfly+,1959,11296737280.0,82.24943693693693,14208,9728,100663296.0,10066329.6
Dragonfly+,1960,11296737280.0,82.25647522522522,14208,9728,100663296.0,10066329.6
Dragonfly+,1961,11296737280.0,82.26351351351352,14208,9728,100663296.0,10066329.6
Dragonfly+,1962,11296737280.0,82.2705518018018,14208,9728,100663296.0,10066329.6
Dragonfly+,1963,11296737280.0,82.27759009009009,14208,9728,100663296.0,10066329.6
Dragonfly+,1964,11296737280.0,82.28462837837837,14208,9728,100663296.0,10066329.6
Dragonfly+,1965,11296737280.0,82.29166666666666,14208,9728,100663296.0,10066329.6
Dragonfly+,1966,11296737280.0,82.29870495495496,14208,9728,100663296.0,10066329.6
Dragonfly+,1967,11296737280.0,82.30574324324324,14208,9728,100663296.0,10066329.6
Dragonfly+,1968,11296737280.0,82.31278153153153,14208,9728,100663296.0,10066329.6
Dragonfly+,1969,11296737280.0,82.31981981981981,14208,9728,100663296.0,10066329.6
Dragonfly+,1970,11296737280.0,82.3268581081081,14208,9728,100663296.0,10066329.6
Dragonfly+,1971,11296737280.0,82.3338963963964,14208,9728,100663296.0,10066329.6
Dragonfly+,1972,11296737280.0,82.34093468468468,14208,9728,100663296.0,10066329.6
Dragonfly+,1973,11296737280.0,82.34797297297297,14208,9728,100663296.0,10066329.6
Dragonfly+,1974,11296737280.0,82.35501126126125,14208,9728,100663296.0,10066329.6
Dragonfly+,1975,11296737280.0,82.36204954954955,14208,9728,100663296.0,10066329.6
Dragonfly+,1976,11296737280.0,82.36908783783784,14208,9728,100663296.0,10066329.6
Dragonfly+,1977,11296737280.0,82.37612612612612,14208,9728,100663296.0,10066329.6
Dragonfly+,1978,11296737280.0,82.38316441441441,14208,9728,100663296.0,10066329.6
Dragonfly+,1979,11296737280.0,82.3902027027027,14208,9728,100663296.0,10066329.6
Dragonfly+,1980,11296737280.0,82.397240990991,14208,9728,100663296.0,10066329.6
Dragonfly+,1981,11296737280.0,82.40427927927928,14208,9728,100663296.0,10066329.6
Dragonfly+,1982,11296737280.0,82.41131756756756,14208,9728,100663296.0,10066329.6
Dragonfly+,1983,11296737280.0,82.41835585585585,14208,9728,100663296.0,10066329.6
Dragonfly+,1984,11296737280.0,82.42539414414415,14208,9728,100663296.0,10066329.6
Dragonfly+,1985,11296737280.0,82.43243243243244,14208,9728,100663296.0,10066329.6
Dragonfly+,1986,11296737280.0,82.43947072072072,14208,9728,100663296.0,10066329.6
Dragonfly+,1987,11296737280.0,82.446509009009,14208,9728,100663296.0,10066329.6
Dragonfly+,1988,11296737280.0,82.4535472972973,14208,9728,100663296.0,10066329.6
Dragonfly+,1989,11296737280.0,82.46058558558559,14208,9728,100663296.0,10066329.6
Dragonfly+,1990,11296737280.0,82.46762387387388,14208,9728,100663296.0,10066329.6
Dragonfly+,1991,11296737280.0,82.47466216216216,14208,9728,100663296.0,10066329.6
Dragonfly+,1992,11296737280.0,82.48170045045045,14208,9728,100663296.0,10066329.6
Dragonfly+,1993,11296737280.0,82.48873873873875,14208,9728,100663296.0,10066329.6
Dragonfly+,1994,11296737280.0,82.49577702702703,14208,9728,100663296.0,10066329.6
Dragonfly+,1995,11296737280.0,82.50281531531532,14208,9728,100663296.0,10066329.6
Dragonfly+,1996,11296737280.0,82.5098536036036,14208,9728,100663296.0,10066329.6
Dragonfly+,1997,11296737280.0,82.5168918918919,14208,9728,100663296.0,10066329.6
Dragonfly+,1998,11296737280.0,82.52393018018019,14208,9728,100663296.0,10066329.6
Dragonfly+,1999,11296737280.0,82.53096846846847,14208,9728,100663296.0,10066329.6
Dragonfly+,2000,11296737280.0,82.53800675675676,14208,9728,100663296.0,10066329.6
Dragonfly+,2001,11296737280.0,82.54504504504504,14208,9728,100663296.0,10066329.6
Dragonfly+,2002,11296737280.0,82.55208333333334,14208,9728,100663296.0,10066329.6
Dragonfly+,2003,11296737280.0,82.55912162162163,14208,9728,100663296.0,10066329.6
Dragonfly+,2004,11296737280.0,82.56615990990991,14208,9728,100663296.0,10066329.6
Dragonfly+,2005,11296737280.0,82.5731981981982,14208,9728,100663296.0,10066329.6
Dragonfly+,2006,11296737280.0,82.58023648648648,14208,9728,100663296.0,10066329.6
Dragonfly+,2007,11296737280.0,82.58727477477478,14208,9728,100663296.0,10066329.6
Dragonfly+,2008,11296737280.0,82.59431306306307,14208,9728,100663296.0,10066329.6
Dragonfly+,2009,11296737280.0,82.60135135135135,14208,9728,100663296.0,10066329.6
Dragonfly+,2010,11296737280.0,82.60838963963964,14208,9728,100663296.0,10066329.6
Dragonfly+,2011,11296737280.0,82.61542792792793,14208,9728,100663296.0,10066329.6
Dragonfly+,2012,11296737280.0,82.62246621621621,14208,9728,100663296.0,10066329.6
Dragonfly+,2013,11296737280.0,82.6295045045045,14208,9728,100663296.0,10066329.6
Dragonfly+,2014,11296737280.0,82.6365427927928,14208,9728,100663296.0,10066329.6
Dragonfly+,2015,11296737280.0,82.64358108108108,14208,9728,100663296.0,10066329.6
Dragonfly+,2016,11296737280.0,82.65061936936937,14208,9728,100663296.0,10066329.6
Dragonfly+,2017,11296737280.0,82.65765765765765,14208,9728,100663296.0,10066329.6
Dragonfly+,2018,11296737280.0,82.66469594594594,14208,9728,100663296.0,10066329.6
Dragonfly+,2019,11296737280.0,82.67173423423422,14208,9728,100663296.0,10066329.6
Dragonfly+,2020,11296737280.0,82.67877252252252,14208,9728,100663296.0,10066329.6
Dragonfly+,2021,11296737280.0,82.6858108108108,14208,9728,100663296.0,10066329.6
Dragonfly+,2022,11296737280.0,82.69284909909909,14208,9728,100663296.0,10066329.6
Dragonfly+,2023,11296737280.0,82.69988738738738,14208,9728,100663296.0,10066329.6
Dragonfly+,2024,11296737280.0,82.70692567567568,14208,9728,100663296.0,10066329.6
Dragonfly+,2025,11296737280.0,82.71396396396396,14208,9728,100663296.0,10066329.6
Dragonfly+,2026,11296737280.0,82.72100225225225,14208,9728,100663296.0,10066329.6
Dragonfly+,2027,11296737280.0,82.72804054054053,14208,9728,100663296.0,10066329.6
Dragonfly+,2028,11296737280.0,82.73507882882883,14208,9728,100663296.0,10066329.6
Dragonfly+,2029,11296737280.0,82.74211711711712,14208,9728,100663296.0,10066329.6
Dragonfly+,2030,11296737280.0,82.7491554054054,14208,9728,100663296.0,10066329.6
Dragonfly+,2031,11296737280.0,82.75619369369369,14208,9728,100663296.0,10066329.6
Dragonfly+,2032,11296737280.0,82.76323198198197,14208,9728,100663296.0,10066329.6
Dragonfly+,2033,11296737280.0,82.77027027027027,14208,9728,100663296.0,10066329.6
Dragonfly+,2034,11296737280.0,82.77730855855856,14208,9728,100663296.0,10066329.6
Dragonfly+,2035,11296737280.0,82.78434684684684,14208,9728,100663296.0,10066329.6
Dragonfly+,2036,11296737280.0,82.79138513513513,14208,9728,100663296.0,10066329.6
Dragonfly+,2037,11296737280.0,82.79842342342343,14208,9728,100663296.0,10066329.6
Dragonfly+,2038,11296737280.0,82.80546171171171,14208,9728,100663296.0,10066329.6
Dragonfly+,2039,11296737280.0,82.8125,14208,9728,100663296.0,10066329.6
Dragonfly+,2040,11296737280.0,82.81953828828829,14208,9728,100663296.0,10066329.6
Dragonfly+,2041,11296737280.0,82.82657657657657,14208,9728,100663296.0,10066329.6
Dragonfly+,2042,11296737280.0,82.83361486486487,14208,9728,100663296.0,10066329.6
Dragonfly+,2043,11296737280.0,82.84065315315316,14208,9728,100663296.0,10066329.6
Dragonfly+,2044,11296737280.0,82.84769144144144,14208,9728,100663296.0,10066329.6
Dragonfly+,2045,11296737280.0,82.85472972972973,14208,9728,100663296.0,10066329.6
Dragonfly+,2046,11296737280.0,82.86176801801803,14208,9728,100663296.0,10066329.6
Dragonfly+,2047,11296737280.0,82.86880630630631,14208,9728,100663296.0,10066329.6
Dragonfly+,2048,11296737280.0,82.8758445945946,14208,9728,100663296.0,10066329.6
Dragonfly+,2049,11296737280.0,82.88288288288288,14208,9728,100663296.0,10066329.6
Dragonfly+,2050,11296737280.0,82.88992117117117,14208,9728,100663296.0,10066329.6
Dragonfly+,2051,11296737280.0,82.89695945945947,14208,9728,100663296.0,10066329.6
Dragonfly+,2052,11296737280.0,82.90399774774775,14208,9728,100663296.0,10066329.6
Dragonfly+,2053,11296737280.0,82.91103603603604,14208,9728,100663296.0,10066329.6
Dragonfly+,2054,11296737280.0,82.91807432432432,14208,9728,100663296.0,10066329.6
Dragonfly+,2055,11296737280.0,82.92511261261262,14208,9728,100663296.0,10066329.6
Dragonfly+,2056,11296737280.0,82.93215090090091,14208,9728,100663296.0,10066329.6
Dragonfly+,2057,11296737280.0,82.9391891891892,14208,9728,100663296.0,10066329.6
Dragonfly+,2058,11296737280.0,82.94622747747748,14208,9728,100663296.0,10066329.6
Dragonfly+,2059,11296737280.0,82.95326576576578,14208,9728,100663296.0,10066329.6
Dragonfly+,2060,11296737280.0,82.96030405405406,14208,9728,100663296.0,10066329.6
Dragonfly+,2061,11296737280.0,82.96734234234235,14208,9728,100663296.0,10066329.6
Dragonfly+,2062,11296737280.0,82.97438063063063,14208,9728,100663296.0,10066329.6
Dragonfly+,2063,11296737280.0,82.98141891891892,14208,9728,100663296.0,10066329.6
Dragonfly+,2064,11296737280.0,82.9884572072072,14208,9728,100663296.0,10066329.6
Dragonfly+,2065,11296737280.0,82.9954954954955,14208,9728,100663296.0,10066329.6
Dragonfly+,2066,11296737280.0,83.00253378378379,14208,9728,100663296.0,10066329.6
Dragonfly+,2067,11296737280.0,83.00957207207207,14208,9728,100663296.0,10066329.6
Dragonfly+,2068,11296737280.0,83.01661036036036,14208,9728,100663296.0,10066329.6
Dragonfly+,2069,11296737280.0,83.02364864864865,14208,9728,100663296.0,10066329.6
Dragonfly+,2070,11296737280.0,83.03068693693693,14208,9728,100663296.0,10066329.6
Dragonfly+,2071,11296737280.0,83.03772522522522,14208,9728,100663296.0,10066329.6
Dragonfly+,2072,11296737280.0,83.04476351351352,14208,9728,100663296.0,10066329.6
Dragonfly+,2073,11296737280.0,83.0518018018018,14208,9728,100663296.0,10066329.6
Dragonfly+,2074,11296737280.0,83.05884009009009,14208,9728,100663296.0,10066329.6
Dragonfly+,2075,11296737280.0,83.06587837837837,14208,9728,100663296.0,10066329.6
Dragonfly+,2076,11296737280.0,83.07291666666666,14208,9728,100663296.0,10066329.6
Dragonfly+,2077,11296737280.0,83.07995495495496,14208,9728,100663296.0,10066329.6
Dragonfly+,2078,11296737280.0,83.08699324324324,14208,9728,100663296.0,10066329.6
Dragonfly+,2079,11296737280.0,83.09403153153153,14208,9728,100663296.0,10066329.6
Dragonfly+,2080,11296737280.0,83.10106981981981,14208,9728,100663296.0,10066329.6
Dragonfly+,2081,11296737280.0,83.1081081081081,14208,9728,100663296.0,10066329.6
Dragonfly+,2082,11296737280.0,83.1151463963964,14208,9728,100663296.0,10066329.6
Dragonfly+,2083,11296737280.0,83.12218468468468,14208,9728,100663296.0,10066329.6
Dragonfly+,2084,11296737280.0,83.12922297297297,14208,9728,100663296.0,10066329.6
Dragonfly+,2085,11296737280.0,83.13626126126125,14208,9728,100663296.0,10066329.6
Dragonfly+,2086,11296737280.0,83.14329954954955,14208,9728,100663296.0,10066329.6
Dragonfly+,2087,11296737280.0,83.15033783783784,14208,9728,100663296.0,10066329.6
Dragonfly+,2088,11296737280.0,83.15737612612612,14208,9728,100663296.0,10066329.6
Dragonfly+,2089,11296737280.0,83.16441441441441,14208,9728,100663296.0,10066329.6
Dragonfly+,2090,11296737280.0,83.1714527027027,14208,9728,100663296.0,10066329.6
Dragonfly+,2091,11296737280.0,83.178490990991,14208,9728,100663296.0,10066329.6
Dragonfly+,2092,11296737280.0,83.18552927927928,14208,9728,100663296.0,10066329.6
Dragonfly+,2093,11296737280.0,83.19256756756756,14208,9728,100663296.0,10066329.6
Dragonfly+,2094,11296737280.0,83.19960585585585,14208,9728,100663296.0,10066329.6
Dragonfly+,2095,11296737280.0,83.20664414414415,14208,9728,100663296.0,10066329.6
Dragonfly+,2096,11296737280.0,83.21368243243244,14208,9728,100663296.0,10066329.6
Dragonfly+,2097,11296737280.0,83.22072072072072,14208,9728,100663296.0,10066329.6
Dragonfly+,2098,11296737280.0,83.227759009009,14208,9728,100663296.0,10066329.6
Dragonfly+,2099,11296737280.0,83.2347972972973,14208,9728,100663296.0,10066329.6
Dragonfly+,2100,11296737280.0,83.24183558558559,14208,9728,100663296.0,10066329.6
Dragonfly+,2101,11296737280.0,83.24887387387388,14208,9728,100663296.0,10066329.6
Dragonfly+,2102,11296737280.0,83.25591216216216,14208,9728,100663296.0,10066329.6
Dragonfly+,2103,11296737280.0,83.26295045045045,14208,9728,100663296.0,10066329.6
Dragonfly+,2104,11296737280.0,83.26998873873875,14208,9728,100663296.0,10066329.6
Dragonfly+,2105,11296737280.0,83.27702702702703,14208,9728,100663296.0,10066329.6
Dragonfly+,2106,11296737280.0,83.28406531531532,14208,9728,100663296.0,10066329.6
Dragonfly+,2107,11296737280.0,83.2911036036036,14208,9728,100663296.0,10066329.6
Dragonfly+,2108,11296737280.0,83.2981418918919,14208,9728,100663296.0,10066329.6
Dragonfly+,2109,11296737280.0,83.30518018018019,14208,9728,100663296.0,10066329.6
Dragonfly+,2110,11296737280.0,83.31221846846847,14208,9728,100663296.0,10066329.6
Dragonfly+,2111,11296737280.0,83.31925675675676,14208,9728,100663296.0,10066329.6
Dragonfly+,2112,11296737280.0,83.32629504504504,14208,9728,100663296.0,10066329.6
Dragonfly+,2113,11296737280.0,83.33333333333334,14208,9728,100663296.0,10066329.6
Dragonfly+,2114,11296737280.0,83.34037162162163,14208,9728,100663296.0,10066329.6
Dragonfly+,2115,11296737280.0,83.34740990990991,14208,9728,100663296.0,10066329.6
Dragonfly+,2116,11296737280.0,83.3544481981982,14208,9728,100663296.0,10066329.6
Dragonfly+,2117,11296737280.0,83.36148648648648,14208,9728,100663296.0,10066329.6
Dragonfly+,2118,11296737280.0,83.36852477477478,14208,9728,100663296.0,10066329.6
Dragonfly+,2119,11296737280.0,83.37556306306307,14208,9728,100663296.0,10066329.6
Dragonfly+,2120,11296737280.0,83.38260135135135,14208,9728,100663296.0,10066329.6
Dragonfly+,2121,11296737280.0,83.38963963963964,14208,9728,100663296.0,10066329.6
Dragonfly+,2122,11296737280.0,83.39667792792793,14208,9728,100663296.0,10066329.6
Dragonfly+,2123,11296737280.0,83.40371621621621,14208,9728,100663296.0,10066329.6
Dragonfly+,2124,11296737280.0,83.4107545045045,14208,9728,100663296.0,10066329.6
Dragonfly+,2125,11296737280.0,83.4177927927928,14208,9728,100663296.0,10066329.6
Dragonfly+,2126,11296737280.0,83.42483108108108,14208,9728,100663296.0,10066329.6
Dragonfly+,2127,11296737280.0,83.43186936936937,14208,9728,100663296.0,10066329.6
Dragonfly+,2128,11296737280.0,83.43890765765765,14208,9728,100663296.0,10066329.6
Dragonfly+,2129,11296737280.0,83.44594594594594,14208,9728,100663296.0,10066329.6
Dragonfly+,2130,11296737280.0,83.45298423423422,14208,9728,100663296.0,10066329.6
Dragonfly+,2131,11296737280.0,83.46002252252252,14208,9728,100663296.0,10066329.6
Dragonfly+,2132,11296737280.0,83.4670608108108,14208,9728,100663296.0,10066329.6
Dragonfly+,2133,11296737280.0,83.47409909909909,14208,9728,100663296.0,10066329.6
Dragonfly+,2134,11296737280.0,83.48113738738738,14208,9728,100663296.0,10066329.6
Dragonfly+,2135,11296737280.0,83.48817567567568,14208,9728,100663296.0,10066329.6
Dragonfly+,2136,11296737280.0,83.49521396396396,14208,9728,100663296.0,10066329.6
Dragonfly+,2137,11296737280.0,83.50225225225225,14208,9728,100663296.0,10066329.6
Dragonfly+,2138,11296737280.0,83.50929054054053,14208,9728,100663296.0,10066329.6
Dragonfly+,2139,11296737280.0,83.51632882882883,14208,9728,100663296.0,10066329.6
Dragonfly+,2140,11296737280.0,83.52336711711712,14208,9728,100663296.0,10066329.6
Dragonfly+,2141,11296737280.0,83.5304054054054,14208,9728,100663296.0,10066329.6
Dragonfly+,2142,11296737280.0,83.53744369369369,14208,9728,100663296.0,10066329.6
Dragonfly+,2143,11296737280.0,83.54448198198197,14208,9728,100663296.0,10066329.6
Dragonfly+,2144,11296737280.0,83.55152027027027,14208,9728,100663296.0,10066329.6
Dragonfly+,2145,11296737280.0,83.55855855855856,14208,9728,100663296.0,10066329.6
Dragonfly+,2146,11296737280.0,83.56559684684684,14208,9728,100663296.0,10066329.6
Dragonfly+,2147,11296737280.0,83.57263513513513,14208,9728,100663296.0,10066329.6
Dragonfly+,2148,11296737280.0,83.57967342342343,14208,9728,100663296.0,10066329.6
Dragonfly+,2149,11296737280.0,83.58671171171171,14208,9728,100663296.0,10066329.6
Dragonfly+,2150,11296737280.0,83.59375,14208,9728,100663296.0,10066329.6
Dragonfly+,2151,11296737280.0,83.60078828828829,14208,9728,100663296.0,10066329.6
Dragonfly+,2152,11296737280.0,83.60782657657657,14208,9728,100663296.0,10066329.6
Dragonfly+,2153,11296737280.0,83.61486486486487,14208,9728,100663296.0,10066329.6
Dragonfly+,2154,11296737280.0,83.62190315315316,14208,9728,100663296.0,10066329.6
Dragonfly+,2155,11296737280.0,83.62894144144144,14208,9728,100663296.0,10066329.6
Dragonfly+,2156,11296737280.0,83.63597972972973,14208,9728,100663296.0,10066329.6
Dragonfly+,2157,11296737280.0,83.64301801801803,14208,9728,100663296.0,10066329.6
Dragonfly+,2158,11296737280.0,83.65005630630631,14208,9728,100663296.0,10066329.6
Dragonfly+,2159,11296737280.0,83.6570945945946,14208,9728,100663296.0,10066329.6
Dragonfly+,2160,11296737280.0,83.66413288288288,14208,9728,100663296.0,10066329.6
Dragonfly+,2161,11296737280.0,83.67117117117117,14208,9728,100663296.0,10066329.6
Dragonfly+,2162,11296737280.0,83.67820945945947,14208,9728,100663296.0,10066329.6
Dragonfly+,2163,11296737280.0,83.68524774774775,14208,9728,100663296.0,10066329.6
Dragonfly+,2164,11296737280.0,83.69228603603604,14208,9728,100663296.0,10066329.6
Dragonfly+,2165,11296737280.0,83.69932432432432,14208,9728,100663296.0,10066329.6
Dragonfly+,2166,11296737280.0,83.70636261261262,14208,9728,100663296.0,10066329.6
Dragonfly+,2167,11296737280.0,83.71340090090091,14208,9728,100663296.0,10066329.6
Dragonfly+,2168,11296737280.0,83.7204391891892,14208,9728,100663296.0,10066329.6
Dragonfly+,2169,11296737280.0,83.72747747747748,14208,9728,100663296.0,10066329.6
Dragonfly+,2170,11296737280.0,83.73451576576578,14208,9728,100663296.0,10066329.6
Dragonfly+,2171,11296737280.0,83.74155405405406,14208,9728,100663296.0,10066329.6
Dragonfly+,2172,11296737280.0,83.74859234234235,14208,9728,100663296.0,10066329.6
Dragonfly+,2173,11296737280.0,83.75563063063063,14208,9728,100663296.0,10066329.6
Dragonfly+,2174,11296737280.0,83.76266891891892,14208,9728,100663296.0,10066329.6
Dragonfly+,2175,11296737280.0,83.7697072072072,14208,9728,100663296.0,10066329.6
Dragonfly+,2176,11296737280.0,83.7767454954955,14208,9728,100663296.0,10066329.6
Dragonfly+,2177,11296737280.0,83.78378378378379,14208,9728,100663296.0,10066329.6
Dragonfly+,2178,11296737280.0,83.79082207207207,14208,9728,100663296.0,10066329.6
Dragonfly+,2179,11296737280.0,83.79786036036036,14208,9728,100663296.0,10066329.6
Dragonfly+,2180,11296737280.0,83.80489864864865,14208,9728,100663296.0,10066329.6
Dragonfly+,2181,11296737280.0,83.81193693693693,14208,9728,100663296.0,10066329.6
Dragonfly+,2182,11296737280.0,83.81897522522522,14208,9728,100663296.0,10066329.6
Dragonfly+,2183,11296737280.0,83.82601351351352,14208,9728,100663296.0,10066329.6
Dragonfly+,2184,11296737280.0,83.8330518018018,14208,9728,100663296.0,10066329.6
Dragonfly+,2185,11296737280.0,83.84009009009009,14208,9728,100663296.0,10066329.6
Dragonfly+,2186,11296737280.0,83.84712837837837,14208,9728,100663296.0,10066329.6
Dragonfly+,2187,11296737280.0,83.85416666666666,14208,9728,100663296.0,10066329.6
Dragonfly+,2188,11296737280.0,83.86120495495496,14208,9728,100663296.0,10066329.6
Dragonfly+,2189,11296737280.0,83.86824324324324,14208,9728,100663296.0,10066329.6
Dragonfly+,2190,11296737280.0,83.87528153153153,14208,9728,100663296.0,10066329.6
Dragonfly+,2191,11296737280.0,83.88231981981981,14208,9728,100663296.0,10066329.6
Dragonfly+,2192,11296737280.0,83.8893581081081,14208,9728,100663296.0,10066329.6
Dragonfly+,2193,11296737280.0,83.8963963963964,14208,9728,100663296.0,10066329.6
Dragonfly+,2194,11296737280.0,83.90343468468468,14208,9728,100663296.0,10066329.6
Dragonfly+,2195,11296737280.0,83.91047297297297,14208,9728,100663296.0,10066329.6
Dragonfly+,2196,11296737280.0,83.91751126126125,14208,9728,100663296.0,10066329.6
Dragonfly+,2197,11296737280.0,83.92454954954955,14208,9728,100663296.0,10066329.6
Dragonfly+,2198,11296737280.0,83.93158783783784,14208,9728,100663296.0,10066329.6
Dragonfly+,2199,11296737280.0,83.93862612612612,14208,9728,100663296.0,10066329.6
Dragonfly+,2200,11296737280.0,83.94566441441441,14208,9728,100663296.0,10066329.6
Dragonfly+,2201,11296737280.0,83.9527027027027,14208,9728,100663296.0,10066329.6
Dragonfly+,2202,11296737280.0,83.959740990991,14208,9728,100663296.0,10066329.6
Dragonfly+,2203,11296737280.0,83.96677927927928,14208,9728,100663296.0,10066329.6
Dragonfly+,2204,11296737280.0,83.97381756756756,14208,9728,100663296.0,10066329.6
Dragonfly+,2205,11296737280.0,83.98085585585585,14208,9728,100663296.0,10066329.6
Dragonfly+,2206,11296737280.0,83.98789414414415,14208,9728,100663296.0,10066329.6
Dragonfly+,2207,11296737280.0,83.99493243243244,14208,9728,100663296.0,10066329.6
Dragonfly+,2208,11296737280.0,84.00197072072072,14208,9728,100663296.0,10066329.6
Dragonfly+,2209,11296737280.0,84.009009009009,14208,9728,100663296.0,10066329.6
Dragonfly+,2210,11296737280.0,84.0160472972973,14208,9728,100663296.0,10066329.6
Dragonfly+,2211,11296737280.0,84.02308558558559,14208,9728,100663296.0,10066329.6
Dragonfly+,2212,11296737280.0,84.03012387387388,14208,9728,100663296.0,10066329.6
Dragonfly+,2213,11296737280.0,84.03716216216216,14208,9728,100663296.0,10066329.6
Dragonfly+,2214,11296737280.0,84.04420045045045,14208,9728,100663296.0,10066329.6
Dragonfly+,2215,11296737280.0,84.05123873873875,14208,9728,100663296.0,10066329.6
Dragonfly+,2216,11296737280.0,84.05827702702703,14208,9728,100663296.0,10066329.6
Dragonfly+,2217,11296737280.0,84.06531531531532,14208,9728,100663296.0,10066329.6
Dragonfly+,2218,11296737280.0,84.0723536036036,14208,9728,100663296.0,10066329.6
Dragonfly+,2219,11296737280.0,84.0793918918919,14208,9728,100663296.0,10066329.6
Dragonfly+,2220,11296737280.0,84.08643018018019,14208,9728,100663296.0,10066329.6
Dragonfly+,2221,11296737280.0,84.09346846846847,14208,9728,100663296.0,10066329.6
Dragonfly+,2222,11296737280.0,84.10050675675676,14208,9728,100663296.0,10066329.6
Dragonfly+,2223,11296737280.0,84.10754504504504,14208,9728,100663296.0,10066329.6
Dragonfly+,2224,11296737280.0,84.11458333333334,14208,9728,100663296.0,10066329.6
Dragonfly+,2225,11296737280.0,84.12162162162163,14208,9728,100663296.0,10066329.6
Dragonfly+,2226,11296737280.0,84.12865990990991,14208,9728,100663296.0,10066329.6
Dragonfly+,2227,11296737280.0,84.1356981981982,14208,9728,100663296.0,10066329.6
Dragonfly+,2228,11296737280.0,84.14273648648648,14208,9728,100663296.0,10066329.6
Dragonfly+,2229,11296737280.0,84.14977477477478,14208,9728,100663296.0,10066329.6
Dragonfly+,2230,11296737280.0,84.15681306306307,14208,9728,100663296.0,10066329.6
Dragonfly+,2231,11296737280.0,84.16385135135135,14208,9728,100663296.0,10066329.6
Dragonfly+,2232,11296737280.0,84.17088963963964,14208,9728,100663296.0,10066329.6
Dragonfly+,2233,11296737280.0,84.17792792792793,14208,9728,100663296.0,10066329.6
Dragonfly+,2234,11296737280.0,84.18496621621621,14208,9728,100663296.0,10066329.6
Dragonfly+,2235,11296737280.0,84.1920045045045,14208,9728,100663296.0,10066329.6
Dragonfly+,2236,11296737280.0,84.1990427927928,14208,9728,100663296.0,10066329.6
Dragonfly+,2237,11296737280.0,84.20608108108108,14208,9728,100663296.0,10066329.6
Dragonfly+,2238,11296737280.0,84.21311936936937,14208,9728,100663296.0,10066329.6
Dragonfly+,2239,11296737280.0,84.22015765765765,14208,9728,100663296.0,10066329.6
Dragonfly+,2240,11296737280.0,84.22719594594594,14208,9728,100663296.0,10066329.6
Dragonfly+,2241,11296737280.0,84.23423423423422,14208,9728,100663296.0,10066329.6
Dragonfly+,2242,11296737280.0,84.24127252252252,14208,9728,100663296.0,10066329.6
Dragonfly+,2243,11296737280.0,84.2483108108108,14208,9728,100663296.0,10066329.6
Dragonfly+,2244,11296737280.0,84.25534909909909,14208,9728,100663296.0,10066329.6
Dragonfly+,2245,11296737280.0,84.26238738738738,14208,9728,100663296.0,10066329.6
Dragonfly+,2246,11296737280.0,84.26942567567568,14208,9728,100663296.0,10066329.6
Dragonfly+,2247,11296737280.0,84.27646396396396,14208,9728,100663296.0,10066329.6
Dragonfly+,2248,11296737280.0,84.28350225225225,14208,9728,100663296.0,10066329.6
Dragonfly+,2249,11296737280.0,84.29054054054053,14208,9728,100663296.0,10066329.6
Dragonfly+,2250,11296737280.0,84.29757882882883,14208,9728,100663296.0,10066329.6
Dragonfly+,2251,11296737280.0,84.30461711711712,14208,9728,100663296.0,10066329.6
Dragonfly+,2252,11296737280.0,84.3116554054054,14208,9728,100663296.0,10066329.6
Dragonfly+,2253,11296737280.0,84.31869369369369,14208,9728,100663296.0,10066329.6
Dragonfly+,2254,11296737280.0,84.32573198198197,14208,9728,100663296.0,10066329.6
Dragonfly+,2255,11296737280.0,84.33277027027027,14208,9728,100663296.0,10066329.6
Dragonfly+,2256,11296737280.0,84.33980855855856,14208,9728,100663296.0,10066329.6
Dragonfly+,2257,11296737280.0,84.34684684684684,14208,9728,100663296.0,10066329.6
Dragonfly+,2258,11296737280.0,84.35388513513513,14208,9728,100663296.0,10066329.6
Dragonfly+,2259,11296737280.0,84.36092342342343,14208,9728,100663296.0,10066329.6
Dragonfly+,2260,11296737280.0,84.36796171171171,14208,9728,100663296.0,10066329.6
Dragonfly+,2261,11296737280.0,84.375,14208,9728,100663296.0,10066329.6
Dragonfly+,2262,11296737280.0,84.38203828828829,14208,9728,100663296.0,10066329.6
Dragonfly+,2263,11296737280.0,84.38907657657657,14208,9728,100663296.0,10066329.6
Dragonfly+,2264,11296737280.0,84.39611486486487,14208,9728,100663296.0,10066329.6
Dragonfly+,2265,11296737280.0,84.40315315315316,14208,9728,100663296.0,10066329.6
Dragonfly+,2266,11296737280.0,84.41019144144144,14208,9728,100663296.0,10066329.6
Dragonfly+,2267,11296737280.0,84.41722972972973,14208,9728,100663296.0,10066329.6
Dragonfly+,2268,11296737280.0,84.42426801801803,14208,9728,100663296.0,10066329.6
Dragonfly+,2269,11296737280.0,84.43130630630631,14208,9728,100663296.0,10066329.6
Dragonfly+,2270,11296737280.0,84.4383445945946,14208,9728,100663296.0,10066329.6
Dragonfly+,2271,11296737280.0,84.44538288288288,14208,9728,100663296.0,10066329.6
Dragonfly+,2272,11296737280.0,84.45242117117117,14208,9728,100663296.0,10066329.6
Dragonfly+,2273,11296737280.0,84.45945945945947,14208,9728,100663296.0,10066329.6
Dragonfly+,2274,11296737280.0,84.46649774774775,14208,9728,100663296.0,10066329.6
Dragonfly+,2275,11296737280.0,84.47353603603604,14208,9728,100663296.0,10066329.6
Dragonfly+,2276,11296737280.0,84.48057432432432,14208,9728,100663296.0,10066329.6
Dragonfly+,2277,11296737280.0,84.48761261261262,14208,9728,100663296.0,10066329.6
Dragonfly+,2278,11296737280.0,84.49465090090091,14208,9728,100663296.0,10066329.6
Dragonfly+,2279,11296737280.0,84.5016891891892,14208,9728,100663296.0,10066329.6
Dragonfly+,2280,11296737280.0,84.50872747747748,14208,9728,100663296.0,10066329.6
Dragonfly+,2281,11296737280.0,84.51576576576578,14208,9728,100663296.0,10066329.6
Dragonfly+,2282,11296737280.0,84.52280405405406,14208,9728,100663296.0,10066329.6
Dragonfly+,2283,11296737280.0,84.52984234234235,14208,9728,100663296.0,10066329.6
Dragonfly+,2284,11296737280.0,84.53688063063063,14208,9728,100663296.0,10066329.6
Dragonfly+,2285,11296737280.0,84.54391891891892,14208,9728,100663296.0,10066329.6
Dragonfly+,2286,11296737280.0,84.5509572072072,14208,9728,100663296.0,10066329.6
Dragonfly+,2287,11296737280.0,84.5579954954955,14208,9728,100663296.0,10066329.6
Dragonfly+,2288,11296737280.0,84.56503378378379,14208,9728,100663296.0,10066329.6
Dragonfly+,2289,11296737280.0,84.57207207207207,14208,9728,100663296.0,10066329.6
Dragonfly+,2290,11296737280.0,84.57911036036036,14208,9728,100663296.0,10066329.6
Dragonfly+,2291,11296737280.0,84.58614864864865,14208,9728,100663296.0,10066329.6
Dragonfly+,2292,11296737280.0,84.59318693693693,14208,9728,100663296.0,10066329.6
Dragonfly+,2293,11296737280.0,84.60022522522522,14208,9728,100663296.0,10066329.6
Dragonfly+,2294,11296737280.0,84.60726351351352,14208,9728,100663296.0,10066329.6
Dragonfly+,2295,11296737280.0,84.6143018018018,14208,9728,100663296.0,10066329.6
Dragonfly+,2296,11296737280.0,84.62134009009009,14208,9728,100663296.0,10066329.6
Dragonfly+,2297,11296737280.0,84.62837837837837,14208,9728,100663296.0,10066329.6
Dragonfly+,2298,11296737280.0,84.63541666666666,14208,9728,100663296.0,10066329.6
Dragonfly+,2299,11296737280.0,84.64245495495496,14208,9728,100663296.0,10066329.6
Dragonfly+,2300,11296737280.0,84.64949324324324,14208,9728,100663296.0,10066329.6
Dragonfly+,2301,11296737280.0,84.65653153153153,14208,9728,100663296.0,10066329.6
Dragonfly+,2302,11296737280.0,84.66356981981981,14208,9728,100663296.0,10066329.6
Dragonfly+,2303,11296737280.0,84.6706081081081,14208,9728,100663296.0,10066329.6
Dragonfly+,2304,11296737280.0,84.6776463963964,14208,9728,100663296.0,10066329.6
Dragonfly+,2305,11296737280.0,84.68468468468468,14208,9728,100663296.0,10066329.6
Dragonfly+,2306,22543142912.0,84.69172297297297,14208,9728,100663296.0,10066329.6
Dragonfly+,2307,22543142912.0,84.69876126126125,14208,9728,100663296.0,10066329.6
Dragonfly+,2308,22543142912.0,84.70579954954955,14208,9728,100663296.0,10066329.6
Dragonfly+,2309,22543142912.0,84.71283783783784,14208,9728,100663296.0,10066329.6
Dragonfly+,2310,22543142912.0,84.71987612612612,14208,9728,100663296.0,10066329.6
Dragonfly+,2311,22543142912.0,84.72691441441441,14208,9728,100663296.0,10066329.6
Dragonfly+,2312,22543142912.0,84.7339527027027,14208,9728,100663296.0,10066329.6
Dragonfly+,2313,22543142912.0,84.740990990991,14208,9728,100663296.0,10066329.6
Dragonfly+,2314,22543142912.0,84.74802927927928,14208,9728,100663296.0,10066329.6
Dragonfly+,2315,22543142912.0,84.75506756756756,14208,9728,100663296.0,10066329.6
Dragonfly+,2316,22543142912.0,84.76210585585585,14208,9728,100663296.0,10066329.6
Dragonfly+,2317,22543142912.0,84.76914414414415,14208,9728,100663296.0,10066329.6
Dragonfly+,2318,22543142912.0,84.77618243243244,14208,9728,100663296.0,10066329.6
Dragonfly+,2319,22543142912.0,84.78322072072072,14208,9728,100663296.0,10066329.6
Dragonfly+,2320,22543142912.0,84.790259009009,14208,9728,100663296.0,10066329.6
Dragonfly+,2321,22543142912.0,84.7972972972973,14208,9728,100663296.0,10066329.6
Dragonfly+,2322,22543142912.0,84.80433558558559,14208,9728,100663296.0,10066329.6
Dragonfly+,2323,22543142912.0,84.81137387387388,14208,9728,100663296.0,10066329.6
Dragonfly+,2324,22543142912.0,84.81841216216216,14208,9728,100663296.0,10066329.6
Dragonfly+,2325,22543142912.0,84.82545045045045,14208,9728,100663296.0,10066329.6
Dragonfly+,2326,22543142912.0,84.83248873873875,14208,9728,100663296.0,10066329.6
Dragonfly+,2327,22543142912.0,84.83952702702703,14208,9728,100663296.0,10066329.6
Dragonfly+,2328,22543142912.0,84.84656531531532,14208,9728,100663296.0,10066329.6
Dragonfly+,2329,22543142912.0,84.8536036036036,14208,9728,100663296.0,10066329.6
Dragonfly+,2330,22543142912.0,84.8606418918919,14208,9728,100663296.0,10066329.6
Dragonfly+,2331,22543142912.0,84.86768018018019,14208,9728,100663296.0,10066329.6
Dragonfly+,2332,22543142912.0,84.87471846846847,14208,9728,100663296.0,10066329.6
Dragonfly+,2333,22543142912.0,84.88175675675676,14208,9728,100663296.0,10066329.6
Dragonfly+,2334,22543142912.0,84.88879504504504,14208,9728,100663296.0,10066329.6
Dragonfly+,2335,22543142912.0,84.89583333333334,14208,9728,100663296.0,10066329.6
Dragonfly+,2336,22543142912.0,84.90287162162163,14208,9728,100663296.0,10066329.6
Dragonfly+,2337,22543142912.0,84.90990990990991,14208,9728,100663296.0,10066329.6
Dragonfly+,2338,22543142912.0,84.9169481981982,14208,9728,100663296.0,10066329.6
Dragonfly+,2339,22543142912.0,84.92398648648648,14208,9728,100663296.0,10066329.6
Dragonfly+,2340,22543142912.0,84.93102477477478,14208,9728,100663296.0,10066329.6
Dragonfly+,2341,22543142912.0,84.93806306306307,14208,9728,100663296.0,10066329.6
Dragonfly+,2342,22543142912.0,84.94510135135135,14208,9728,100663296.0,10066329.6
Dragonfly+,2343,22543142912.0,84.95213963963964,14208,9728,100663296.0,10066329.6
Dragonfly+,2344,22543142912.0,84.95917792792793,14208,9728,100663296.0,10066329.6
Dragonfly+,2345,22543142912.0,84.96621621621621,14208,9728,100663296.0,10066329.6
Dragonfly+,2346,22543142912.0,84.9732545045045,14208,9728,100663296.0,10066329.6
Dragonfly+,2347,22543142912.0,84.9802927927928,14208,9728,100663296.0,10066329.6
Dragonfly+,2348,22543142912.0,84.98733108108108,14208,9728,100663296.0,10066329.6
Dragonfly+,2349,22543142912.0,84.99436936936937,14208,9728,100663296.0,10066329.6
Dragonfly+,2350,22543142912.0,85.00140765765765,14208,9728,100663296.0,10066329.6
Dragonfly+,2351,22543142912.0,85.00844594594594,14208,9728,100663296.0,10066329.6
Dragonfly+,2352,22543142912.0,85.01548423423422,14208,9728,100663296.0,10066329.6
Dragonfly+,2353,22543142912.0,85.02252252252252,14208,9728,100663296.0,10066329.6
Dragonfly+,2354,22543142912.0,85.0295608108108,14208,9728,100663296.0,10066329.6
Dragonfly+,2355,22543142912.0,85.03659909909909,14208,9728,100663296.0,10066329.6
Dragonfly+,2356,22543142912.0,85.04363738738738,14208,9728,100663296.0,10066329.6
Dragonfly+,2357,22543142912.0,85.05067567567568,14208,9728,100663296.0,10066329.6
Dragonfly+,2358,22543142912.0,85.05771396396396,14208,9728,100663296.0,10066329.6
Dragonfly+,2359,22543142912.0,85.06475225225225,14208,9728,100663296.0,10066329.6
Dragonfly+,2360,22543142912.0,85.07179054054053,14208,9728,100663296.0,10066329.6
Dragonfly+,2361,22543142912.0,85.07882882882883,14208,9728,100663296.0,10066329.6
Dragonfly+,2362,22543142912.0,85.08586711711712,14208,9728,100663296.0,10066329.6
Dragonfly+,2363,22543142912.0,85.0929054054054,14208,9728,100663296.0,10066329.6
Dragonfly+,2364,22543142912.0,85.09994369369369,14208,9728,100663296.0,10066329.6
Dragonfly+,2365,22543142912.0,85.10698198198197,14208,9728,100663296.0,10066329.6
Dragonfly+,2366,22543142912.0,85.11402027027027,14208,9728,100663296.0,10066329.6
Dragonfly+,2367,22543142912.0,85.12105855855856,14208,9728,100663296.0,10066329.6
Dragonfly+,2368,22543142912.0,85.12809684684684,14208,9728,100663296.0,10066329.6
Dragonfly+,2369,22543142912.0,85.13513513513513,14208,9728,100663296.0,10066329.6
Dragonfly+,2370,22543142912.0,85.14217342342343,14208,9728,100663296.0,10066329.6
Dragonfly+,2371,22543142912.0,85.14921171171171,14208,9728,100663296.0,10066329.6
Dragonfly+,2372,22543142912.0,85.15625,14208,9728,100663296.0,10066329.6
Dragonfly+,2373,22543142912.0,85.16328828828829,14208,9728,100663296.0,10066329.6
Dragonfly+,2374,22543142912.0,85.17032657657657,14208,9728,100663296.0,10066329.6
Dragonfly+,2375,22543142912.0,85.17736486486487,14208,9728,100663296.0,10066329.6
Dragonfly+,2376,22543142912.0,85.18440315315316,14208,9728,100663296.0,10066329.6
Dragonfly+,2377,22543142912.0,85.19144144144144,14208,9728,100663296.0,10066329.6
Dragonfly+,2378,22543142912.0,85.19847972972973,14208,9728,100663296.0,10066329.6
Dragonfly+,2379,22543142912.0,85.20551801801803,14208,9728,100663296.0,10066329.6
Dragonfly+,2380,22543142912.0,85.21255630630631,14208,9728,100663296.0,10066329.6
Dragonfly+,2381,22543142912.0,85.2195945945946,14208,9728,100663296.0,10066329.6
Dragonfly+,2382,22543142912.0,85.22663288288288,14208,9728,100663296.0,10066329.6
Dragonfly+,2383,22543142912.0,85.23367117117117,14208,9728,100663296.0,10066329.6
Dragonfly+,2384,22543142912.0,85.24070945945947,14208,9728,100663296.0,10066329.6
Dragonfly+,2385,22543142912.0,85.24774774774775,14208,9728,100663296.0,10066329.6
Dragonfly+,2386,22543142912.0,85.25478603603604,14208,9728,100663296.0,10066329.6
Dragonfly+,2387,22543142912.0,85.26182432432432,14208,9728,100663296.0,10066329.6
Dragonfly+,2388,22543142912.0,85.26886261261262,14208,9728,100663296.0,10066329.6
Dragonfly+,2389,22543142912.0,85.27590090090091,14208,9728,100663296.0,10066329.6
Dragonfly+,2390,22543142912.0,85.2829391891892,14208,9728,100663296.0,10066329.6
Dragonfly+,2391,22543142912.0,85.28997747747748,14208,9728,100663296.0,10066329.6
Dragonfly+,2392,22543142912.0,85.29701576576578,14208,9728,100663296.0,10066329.6
Dragonfly+,2393,22543142912.0,85.30405405405406,14208,9728,100663296.0,10066329.6
Dragonfly+,2394,22543142912.0,85.31109234234235,14208,9728,100663296.0,10066329.6
Dragonfly+,2395,22543142912.0,85.31813063063063,14208,9728,100663296.0,10066329.6
Dragonfly+,2396,22543142912.0,85.32516891891892,14208,9728,100663296.0,10066329.6
Dragonfly+,2397,22543142912.0,85.3322072072072,14208,9728,100663296.0,10066329.6
Dragonfly+,2398,22543142912.0,85.3392454954955,14208,9728,100663296.0,10066329.6
Dragonfly+,2399,22543142912.0,85.34628378378379,14208,9728,100663296.0,10066329.6
Dragonfly+,2400,22543142912.0,85.35332207207207,14208,9728,100663296.0,10066329.6
Dragonfly+,2401,22543142912.0,85.36036036036036,14208,9728,100663296.0,10066329.6
Dragonfly+,2402,22543142912.0,85.36739864864865,14208,9728,100663296.0,10066329.6
Dragonfly+,2403,22543142912.0,85.37443693693693,14208,9728,100663296.0,10066329.6
Dragonfly+,2404,22543142912.0,85.38147522522522,14208,9728,100663296.0,10066329.6
Dragonfly+,2405,22543142912.0,85.38851351351352,14208,9728,100663296.0,10066329.6
Dragonfly+,2406,22543142912.0,85.3955518018018,14208,9728,100663296.0,10066329.6
Dragonfly+,2407,22543142912.0,85.40259009009009,14208,9728,100663296.0,10066329.6
Dragonfly+,2408,22543142912.0,85.40962837837837,14208,9728,100663296.0,10066329.6
Dragonfly+,2409,22543142912.0,85.41666666666666,14208,9728,100663296.0,10066329.6
Dragonfly+,2410,22543142912.0,85.42370495495496,14208,9728,100663296.0,10066329.6
Dragonfly+,2411,22543142912.0,85.43074324324324,14208,9728,100663296.0,10066329.6
Dragonfly+,2412,22543142912.0,85.43778153153153,14208,9728,100663296.0,10066329.6
Dragonfly+,2413,22543142912.0,85.44481981981981,14208,9728,100663296.0,10066329.6
Dragonfly+,2414,22543142912.0,85.4518581081081,14208,9728,100663296.0,10066329.6
Dragonfly+,2415,22543142912.0,85.4588963963964,14208,9728,100663296.0,10066329.6
Dragonfly+,2416,22543142912.0,85.46593468468468,14208,9728,100663296.0,10066329.6
Dragonfly+,2417,22543142912.0,85.47297297297297,14208,9728,100663296.0,10066329.6
Dragonfly+,2418,22543142912.0,85.48001126126125,14208,9728,100663296.0,10066329.6
Dragonfly+,2419,22543142912.0,85.48704954954955,14208,9728,100663296.0,10066329.6
Dragonfly+,2420,22543142912.0,85.49408783783784,14208,9728,100663296.0,10066329.6
Dragonfly+,2421,22543142912.0,85.50112612612612,14208,9728,100663296.0,10066329.6
Dragonfly+,2422,22543142912.0,85.50816441441441,14208,9728,100663296.0,10066329.6
Dragonfly+,2423,22543142912.0,85.5152027027027,14208,9728,100663296.0,10066329.6
Dragonfly+,2424,22543142912.0,85.522240990991,14208,9728,100663296.0,10066329.6
Dragonfly+,2425,22543142912.0,85.52927927927928,14208,9728,100663296.0,10066329.6
Dragonfly+,2426,22543142912.0,85.53631756756756,14208,9728,100663296.0,10066329.6
Dragonfly+,2427,22543142912.0,85.54335585585585,14208,9728,100663296.0,10066329.6
Dragonfly+,2428,22543142912.0,85.55039414414415,14208,9728,100663296.0,10066329.6
Dragonfly+,2429,22543142912.0,85.55743243243244,14208,9728,100663296.0,10066329.6
Dragonfly+,2430,22543142912.0,85.56447072072072,14208,9728,100663296.0,10066329.6
Dragonfly+,2431,22543142912.0,85.571509009009,14208,9728,100663296.0,10066329.6
Dragonfly+,2432,22543142912.0,85.5785472972973,14208,9728,100663296.0,10066329.6
Dragonfly+,2433,22543142912.0,85.58558558558559,14208,9728,100663296.0,10066329.6
Dragonfly+,2434,22593474560.0,85.59262387387388,14208,9728,100663296.0,10066329.6
Dragonfly+,2435,22593474560.0,85.59966216216216,14208,9728,100663296.0,10066329.6
Dragonfly+,2436,22593474560.0,85.60670045045045,14208,9728,100663296.0,10066329.6
Dragonfly+,2437,22593474560.0,85.61373873873875,14208,9728,100663296.0,10066329.6
Dragonfly+,2438,22593474560.0,85.62077702702703,14208,9728,100663296.0,10066329.6
Dragonfly+,2439,22593474560.0,85.62781531531532,14208,9728,100663296.0,10066329.6
Dragonfly+,2440,22593474560.0,85.6348536036036,14208,9728,100663296.0,10066329.6
Dragonfly+,2441,22593474560.0,85.6418918918919,14208,9728,100663296.0,10066329.6
Dragonfly+,2442,22593474560.0,85.64893018018019,14208,9728,100663296.0,10066329.6
Dragonfly+,2443,22593474560.0,85.65596846846847,14208,9728,100663296.0,10066329.6
Dragonfly+,2444,22593474560.0,85.66300675675676,14208,9728,100663296.0,10066329.6
Dragonfly+,2445,22593474560.0,85.67004504504504,14208,9728,100663296.0,10066329.6
Dragonfly+,2446,22593474560.0,85.67708333333334,14208,9728,100663296.0,10066329.6
Dragonfly+,2447,22593474560.0,85.68412162162163,14208,9728,100663296.0,10066329.6
Dragonfly+,2448,22593474560.0,85.69115990990991,14208,9728,100663296.0,10066329.6
Dragonfly+,2449,22593474560.0,85.6981981981982,14208,9728,100663296.0,10066329.6
Dragonfly+,2450,22593474560.0,85.70523648648648,14208,9728,100663296.0,10066329.6
Dragonfly+,2451,22593474560.0,85.71227477477478,14208,9728,100663296.0,10066329.6
Dragonfly+,2452,22593474560.0,85.71931306306307,14208,9728,100663296.0,10066329.6
Dragonfly+,2453,22593474560.0,85.72635135135135,14208,9728,100663296.0,10066329.6
Dragonfly+,2454,22593474560.0,85.73338963963964,14208,9728,100663296.0,10066329.6
Dragonfly+,2455,22593474560.0,85.74042792792793,14208,9728,100663296.0,10066329.6
Dragonfly+,2456,22593474560.0,85.74746621621621,14208,9728,100663296.0,10066329.6
Dragonfly+,2457,22593474560.0,85.7545045045045,14208,9728,100663296.0,10066329.6
Dragonfly+,2458,22593474560.0,85.7615427927928,14208,9728,100663296.0,10066329.6
Dragonfly+,2459,22593474560.0,85.76858108108108,14208,9728,100663296.0,10066329.6
Dragonfly+,2460,22593474560.0,85.77561936936937,14208,9728,100663296.0,10066329.6
Dragonfly+,2461,22593474560.0,85.78265765765765,14208,9728,100663296.0,10066329.6
Dragonfly+,2462,22593474560.0,85.78969594594594,14208,9728,100663296.0,10066329.6
Dragonfly+,2463,22593474560.0,85.79673423423422,14208,9728,100663296.0,10066329.6
Dragonfly+,2464,22593474560.0,85.80377252252252,14208,9728,100663296.0,10066329.6
Dragonfly+,2465,22593474560.0,85.8108108108108,14208,9728,100663296.0,10066329.6
Dragonfly+,2466,22593474560.0,85.81784909909909,14208,9728,100663296.0,10066329.6
Dragonfly+,2467,22593474560.0,85.82488738738738,14208,9728,100663296.0,10066329.6
Dragonfly+,2468,22593474560.0,85.83192567567568,14208,9728,100663296.0,10066329.6
Dragonfly+,2469,22593474560.0,85.83896396396396,14208,9728,100663296.0,10066329.6
Dragonfly+,2470,22593474560.0,85.84600225225225,14208,9728,100663296.0,10066329.6
Dragonfly+,2471,22593474560.0,85.85304054054053,14208,9728,100663296.0,10066329.6
Dragonfly+,2472,22593474560.0,85.86007882882883,14208,9728,100663296.0,10066329.6
Dragonfly+,2473,22593474560.0,85.86711711711712,14208,9728,100663296.0,10066329.6
Dragonfly+,2474,22593474560.0,85.8741554054054,14208,9728,100663296.0,10066329.6
Dragonfly+,2475,22593474560.0,85.88119369369369,14208,9728,100663296.0,10066329.6
Dragonfly+,2476,22593474560.0,85.88823198198197,14208,9728,100663296.0,10066329.6
Dragonfly+,2477,22593474560.0,85.89527027027027,14208,9728,100663296.0,10066329.6
Dragonfly+,2478,22593474560.0,85.90230855855856,14208,9728,100663296.0,10066329.6
Dragonfly+,2479,22593474560.0,85.90934684684684,14208,9728,100663296.0,10066329.6
Dragonfly+,2480,22593474560.0,85.91638513513513,14208,9728,100663296.0,10066329.6
Dragonfly+,2481,22593474560.0,85.92342342342343,14208,9728,100663296.0,10066329.6
Dragonfly+,2482,22593474560.0,85.93046171171171,14208,9728,100663296.0,10066329.6
Dragonfly+,2483,22593474560.0,85.9375,14208,9728,100663296.0,10066329.6
Dragonfly+,2484,22593474560.0,85.94453828828829,14208,9728,100663296.0,10066329.6
Dragonfly+,2485,22593474560.0,85.95157657657657,14208,9728,100663296.0,10066329.6
Dragonfly+,2486,22593474560.0,85.95861486486487,14208,9728,100663296.0,10066329.6
Dragonfly+,2487,22593474560.0,85.96565315315316,14208,9728,100663296.0,10066329.6
Dragonfly+,2488,22593474560.0,85.97269144144144,14208,9728,100663296.0,10066329.6
Dragonfly+,2489,22593474560.0,85.97972972972973,14208,9728,100663296.0,10066329.6
Dragonfly+,2490,22593474560.0,85.98676801801803,14208,9728,100663296.0,10066329.6
Dragonfly+,2491,22593474560.0,85.99380630630631,14208,9728,100663296.0,10066329.6
Dragonfly+,2492,22593474560.0,86.0008445945946,14208,9728,100663296.0,10066329.6
Dragonfly+,2493,22593474560.0,86.00788288288288,14208,9728,100663296.0,10066329.6
Dragonfly+,2494,22593474560.0,86.01492117117117,14208,9728,100663296.0,10066329.6
Dragonfly+,2495,22593474560.0,86.02195945945947,14208,9728,100663296.0,10066329.6
Dragonfly+,2496,22593474560.0,86.02899774774775,14208,9728,100663296.0,10066329.6
Dragonfly+,2497,22593474560.0,86.03603603603604,14208,9728,100663296.0,10066329.6
Dragonfly+,2498,22593474560.0,86.04307432432432,14208,9728,100663296.0,10066329.6
Dragonfly+,2499,22593474560.0,86.05011261261262,14208,9728,100663296.0,10066329.6
Dragonfly+,2500,22593474560.0,86.05715090090091,14208,9728,100663296.0,10066329.6
Dragonfly+,2501,22593474560.0,86.0641891891892,14208,9728,100663296.0,10066329.6
Dragonfly+,2502,22593474560.0,86.07122747747748,14208,9728,100663296.0,10066329.6
Dragonfly+,2503,22593474560.0,86.07826576576578,14208,9728,100663296.0,10066329.6
Dragonfly+,2504,22593474560.0,86.08530405405406,14208,9728,100663296.0,10066329.6
Dragonfly+,2505,22593474560.0,86.09234234234235,14208,9728,100663296.0,10066329.6
Dragonfly+,2506,22593474560.0,86.09938063063063,14208,9728,100663296.0,10066329.6
Dragonfly+,2507,22593474560.0,86.10641891891892,14208,9728,100663296.0,10066329.6
Dragonfly+,2508,22593474560.0,86.1134572072072,14208,9728,100663296.0,10066329.6
Dragonfly+,2509,22593474560.0,86.1204954954955,14208,9728,100663296.0,10066329.6
Dragonfly+,2510,22593474560.0,86.12753378378379,14208,9728,100663296.0,10066329.6
Dragonfly+,2511,22593474560.0,86.13457207207207,14208,9728,100663296.0,10066329.6
Dragonfly+,2512,22593474560.0,86.14161036036036,14208,9728,100663296.0,10066329.6
Dragonfly+,2513,22593474560.0,86.14864864864865,14208,9728,100663296.0,10066329.6
Dragonfly+,2514,22593474560.0,86.15568693693693,14208,9728,100663296.0,10066329.6
Dragonfly+,2515,22593474560.0,86.16272522522522,14208,9728,100663296.0,10066329.6
Dragonfly+,2516,22593474560.0,86.16976351351352,14208,9728,100663296.0,10066329.6
Dragonfly+,2517,22593474560.0,86.1768018018018,14208,9728,100663296.0,10066329.6
Dragonfly+,2518,22593474560.0,86.18384009009009,14208,9728,100663296.0,10066329.6
Dragonfly+,2519,22593474560.0,86.19087837837837,14208,9728,100663296.0,10066329.6
Dragonfly+,2520,22593474560.0,86.19791666666666,14208,9728,100663296.0,10066329.6
Dragonfly+,2521,22593474560.0,86.20495495495496,14208,9728,100663296.0,10066329.6
Dragonfly+,2522,22593474560.0,86.21199324324324,14208,9728,100663296.0,10066329.6
Dragonfly+,2523,22593474560.0,86.21903153153153,14208,9728,100663296.0,10066329.6
Dragonfly+,2524,22593474560.0,86.22606981981981,14208,9728,100663296.0,10066329.6
Dragonfly+,2525,22593474560.0,86.2331081081081,14208,9728,100663296.0,10066329.6
Dragonfly+,2526,22593474560.0,86.2401463963964,14208,9728,100663296.0,10066329.6
Dragonfly+,2527,22593474560.0,86.24718468468468,14208,9728,100663296.0,10066329.6
Dragonfly+,2528,22593474560.0,86.25422297297297,14208,9728,100663296.0,10066329.6
Dragonfly+,2529,22593474560.0,86.26126126126125,14208,9728,100663296.0,10066329.6
Dragonfly+,2530,22593474560.0,86.26829954954955,14208,9728,100663296.0,10066329.6
Dragonfly+,2531,22593474560.0,86.27533783783784,14208,9728,100663296.0,10066329.6
Dragonfly+,2532,22593474560.0,86.28237612612612,14208,9728,100663296.0,10066329.6
Dragonfly+,2533,22593474560.0,86.28941441441441,14208,9728,100663296.0,10066329.6
Dragonfly+,2534,22593474560.0,86.2964527027027,14208,9728,100663296.0,10066329.6
Dragonfly+,2535,22593474560.0,86.303490990991,14208,9728,100663296.0,10066329.6
Dragonfly+,2536,22593474560.0,86.31052927927928,14208,9728,100663296.0,10066329.6
Dragonfly+,2537,22593474560.0,86.31756756756756,14208,9728,100663296.0,10066329.6
Dragonfly+,2538,22593474560.0,86.32460585585585,14208,9728,100663296.0,10066329.6
Dragonfly+,2539,22593474560.0,86.33164414414415,14208,9728,100663296.0,10066329.6
Dragonfly+,2540,22593474560.0,86.33868243243244,14208,9728,100663296.0,10066329.6
Dragonfly+,2541,22593474560.0,86.34572072072072,14208,9728,100663296.0,10066329.6
Dragonfly+,2542,22593474560.0,86.352759009009,14208,9728,100663296.0,10066329.6
Dragonfly+,2543,22593474560.0,86.3597972972973,14208,9728,100663296.0,10066329.6
Dragonfly+,2544,22593474560.0,86.36683558558559,14208,9728,100663296.0,10066329.6
Dragonfly+,2545,22593474560.0,86.37387387387388,14208,9728,100663296.0,10066329.6
Dragonfly+,2546,22593474560.0,86.38091216216216,14208,9728,100663296.0,10066329.6
Dragonfly+,2547,22593474560.0,86.38795045045045,14208,9728,100663296.0,10066329.6
Dragonfly+,2548,22593474560.0,86.39498873873875,14208,9728,100663296.0,10066329.6
Dragonfly+,2549,22593474560.0,86.40202702702703,14208,9728,100663296.0,10066329.6
Dragonfly+,2550,22593474560.0,86.40906531531532,14208,9728,100663296.0,10066329.6
Dragonfly+,2551,22593474560.0,86.4161036036036,14208,9728,100663296.0,10066329.6
Dragonfly+,2552,22593474560.0,86.4231418918919,14208,9728,100663296.0,10066329.6
Dragonfly+,2553,22593474560.0,86.43018018018019,14208,9728,100663296.0,10066329.6
Dragonfly+,2554,22593474560.0,86.43721846846847,14208,9728,100663296.0,10066329.6
Dragonfly+,2555,22593474560.0,86.44425675675676,14208,9728,100663296.0,10066329.6
Dragonfly+,2556,22593474560.0,86.45129504504504,14208,9728,100663296.0,10066329.6
Dragonfly+,2557,22593474560.0,86.45833333333334,14208,9728,100663296.0,10066329.6
Dragonfly+,2558,22593474560.0,86.46537162162163,14208,9728,100663296.0,10066329.6
Dragonfly+,2559,22593474560.0,86.47240990990991,14208,9728,100663296.0,10066329.6
Dragonfly+,2560,22593474560.0,86.4794481981982,14208,9728,100663296.0,10066329.6
Dragonfly+,2561,22593474560.0,86.48648648648648,14208,9728,100663296.0,10066329.6
Dragonfly+,2562,22593474560.0,86.49352477477478,14208,9728,100663296.0,10066329.6
Dragonfly+,2563,22593474560.0,86.50056306306307,14208,9728,100663296.0,10066329.6
Dragonfly+,2564,22593474560.0,86.50760135135135,14208,9728,100663296.0,10066329.6
Dragonfly+,2565,22593474560.0,86.51463963963964,14208,9728,100663296.0,10066329.6
Dragonfly+,2566,22593474560.0,86.52167792792793,14208,9728,100663296.0,10066329.6
Dragonfly+,2567,22593474560.0,86.52871621621621,14208,9728,100663296.0,10066329.6
Dragonfly+,2568,22593474560.0,86.5357545045045,14208,9728,100663296.0,10066329.6
Dragonfly+,2569,22593474560.0,86.5427927927928,14208,9728,100663296.0,10066329.6
Dragonfly+,2570,22593474560.0,86.54983108108108,14208,9728,100663296.0,10066329.6
Dragonfly+,2571,22593474560.0,86.55686936936937,14208,9728,100663296.0,10066329.6
Dragonfly+,2572,22593474560.0,86.56390765765765,14208,9728,100663296.0,10066329.6
Dragonfly+,2573,22593474560.0,86.57094594594594,14208,9728,100663296.0,10066329.6
Dragonfly+,2574,22593474560.0,86.57798423423422,14208,9728,100663296.0,10066329.6
Dragonfly+,2575,22593474560.0,86.58502252252252,14208,9728,100663296.0,10066329.6
Dragonfly+,2576,22593474560.0,86.5920608108108,14208,9728,100663296.0,10066329.6
Dragonfly+,2577,22593474560.0,86.59909909909909,14208,9728,100663296.0,10066329.6
Dragonfly+,2578,22593474560.0,86.60613738738738,14208,9728,100663296.0,10066329.6
Dragonfly+,2579,22593474560.0,86.61317567567568,14208,9728,100663296.0,10066329.6
Dragonfly+,2580,22593474560.0,86.62021396396396,14208,9728,100663296.0,10066329.6
Dragonfly+,2581,22593474560.0,86.62725225225225,14208,9728,100663296.0,10066329.6
Dragonfly+,2582,22593474560.0,86.63429054054053,14208,9728,100663296.0,10066329.6
Dragonfly+,2583,22593474560.0,86.64132882882883,14208,9728,100663296.0,10066329.6
Dragonfly+,2584,22593474560.0,86.64836711711712,14208,9728,100663296.0,10066329.6
Dragonfly+,2585,22593474560.0,86.6554054054054,14208,9728,100663296.0,10066329.6
Dragonfly+,2586,22593474560.0,86.66244369369369,14208,9728,100663296.0,10066329.6
Dragonfly+,2587,22593474560.0,86.66948198198197,14208,9728,100663296.0,10066329.6
Dragonfly+,2588,22593474560.0,86.67652027027027,14208,9728,100663296.0,10066329.6
Dragonfly+,2589,22593474560.0,86.68355855855856,14208,9728,100663296.0,10066329.6
Dragonfly+,2590,22593474560.0,86.69059684684684,14208,9728,100663296.0,10066329.6
Dragonfly+,2591,22593474560.0,86.69763513513513,14208,9728,100663296.0,10066329.6
Dragonfly+,2592,22593474560.0,86.70467342342343,14208,9728,100663296.0,10066329.6
Dragonfly+,2593,22593474560.0,86.71171171171171,14208,9728,100663296.0,10066329.6
Dragonfly+,2594,22593474560.0,86.71875,14208,9728,100663296.0,10066329.6
Dragonfly+,2595,22593474560.0,86.72578828828829,14208,9728,100663296.0,10066329.6
Dragonfly+,2596,22593474560.0,86.73282657657657,14208,9728,100663296.0,10066329.6
Dragonfly+,2597,22593474560.0,86.73986486486487,14208,9728,100663296.0,10066329.6
Dragonfly+,2598,22593474560.0,86.74690315315316,14208,9728,100663296.0,10066329.6
Dragonfly+,2599,22593474560.0,86.75394144144144,14208,9728,100663296.0,10066329.6
Dragonfly+,2600,22593474560.0,86.76097972972973,14208,9728,100663296.0,10066329.6
Dragonfly+,2601,22593474560.0,86.76801801801803,14208,9728,100663296.0,10066329.6
Dragonfly+,2602,22593474560.0,86.77505630630631,14208,9728,100663296.0,10066329.6
Dragonfly+,2603,22593474560.0,86.7820945945946,14208,9728,100663296.0,10066329.6
Dragonfly+,2604,22593474560.0,86.78913288288288,14208,9728,100663296.0,10066329.6
Dragonfly+,2605,22593474560.0,86.79617117117117,14208,9728,100663296.0,10066329.6
Dragonfly+,2606,22593474560.0,86.80320945945947,14208,9728,100663296.0,10066329.6
Dragonfly+,2607,22593474560.0,86.81024774774775,14208,9728,100663296.0,10066329.6
Dragonfly+,2608,22593474560.0,86.81728603603604,14208,9728,100663296.0,10066329.6
Dragonfly+,2609,22593474560.0,86.82432432432432,14208,9728,100663296.0,10066329.6
Dragonfly+,2610,22593474560.0,86.83136261261262,14208,9728,100663296.0,10066329.6
Dragonfly+,2611,22593474560.0,86.83840090090091,14208,9728,100663296.0,10066329.6
Dragonfly+,2612,22593474560.0,86.8454391891892,14208,9728,100663296.0,10066329.6
Dragonfly+,2613,22593474560.0,86.85247747747748,14208,9728,100663296.0,10066329.6
Dragonfly+,2614,22593474560.0,86.85951576576578,14208,9728,100663296.0,10066329.6
Dragonfly+,2615,22593474560.0,86.86655405405406,14208,9728,100663296.0,10066329.6
Dragonfly+,2616,22593474560.0,86.87359234234235,14208,9728,100663296.0,10066329.6
Dragonfly+,2617,22593474560.0,86.88063063063063,14208,9728,100663296.0,10066329.6
Dragonfly+,2618,22593474560.0,86.88766891891892,14208,9728,100663296.0,10066329.6
Dragonfly+,2619,22593474560.0,86.8947072072072,14208,9728,100663296.0,10066329.6
Dragonfly+,2620,22593474560.0,86.9017454954955,14208,9728,100663296.0,10066329.6
Dragonfly+,2621,22593474560.0,86.90878378378379,14208,9728,100663296.0,10066329.6
Dragonfly+,2622,22593474560.0,86.91582207207207,14208,9728,100663296.0,10066329.6
Dragonfly+,2623,22593474560.0,86.92286036036036,14208,9728,100663296.0,10066329.6
Dragonfly+,2624,22593474560.0,86.92989864864865,14208,9728,100663296.0,10066329.6
Dragonfly+,2625,22593474560.0,86.93693693693693,14208,9728,100663296.0,10066329.6
Dragonfly+,2626,22593474560.0,86.94397522522522,14208,9728,100663296.0,10066329.6
Dragonfly+,2627,22593474560.0,86.95101351351352,14208,9728,100663296.0,10066329.6
Dragonfly+,2628,22593474560.0,86.9580518018018,14208,9728,100663296.0,10066329.6
Dragonfly+,2629,22593474560.0,86.96509009009009,14208,9728,100663296.0,10066329.6
Dragonfly+,2630,22593474560.0,86.97212837837837,14208,9728,100663296.0,10066329.6
Dragonfly+,2631,22593474560.0,86.97916666666666,14208,9728,100663296.0,10066329.6
Dragonfly+,2632,22593474560.0,86.98620495495496,14208,9728,100663296.0,10066329.6
Dragonfly+,2633,22593474560.0,86.99324324324324,14208,9728,100663296.0,10066329.6
Dragonfly+,2634,22593474560.0,87.00028153153153,14208,9728,100663296.0,10066329.6
Dragonfly+,2635,22593474560.0,87.00731981981981,14208,9728,100663296.0,10066329.6
Dragonfly+,2636,22593474560.0,87.0143581081081,14208,9728,100663296.0,10066329.6
Dragonfly+,2637,22593474560.0,87.0213963963964,14208,9728,100663296.0,10066329.6
Dragonfly+,2638,22593474560.0,87.02843468468468,14208,9728,100663296.0,10066329.6
Dragonfly+,2639,22593474560.0,87.03547297297297,14208,9728,100663296.0,10066329.6
Dragonfly+,2640,22593474560.0,87.04251126126125,14208,9728,100663296.0,10066329.6
Dragonfly+,2641,22593474560.0,87.04954954954955,14208,9728,100663296.0,10066329.6
Dragonfly+,2642,22593474560.0,87.05658783783784,14208,9728,100663296.0,10066329.6
Dragonfly+,2643,22593474560.0,87.06362612612612,14208,9728,100663296.0,10066329.6
Dragonfly+,2644,22593474560.0,87.07066441441441,14208,9728,100663296.0,10066329.6
Dragonfly+,2645,22593474560.0,87.0777027027027,14208,9728,100663296.0,10066329.6
Dragonfly+,2646,22593474560.0,87.084740990991,14208,9728,100663296.0,10066329.6
Dragonfly+,2647,22593474560.0,87.09177927927928,14208,9728,100663296.0,10066329.6
Dragonfly+,2648,22593474560.0,87.09881756756756,14208,9728,100663296.0,10066329.6
Dragonfly+,2649,22593474560.0,87.10585585585585,14208,9728,100663296.0,10066329.6
Dragonfly+,2650,22593474560.0,87.11289414414415,14208,9728,100663296.0,10066329.6
Dragonfly+,2651,22593474560.0,87.11993243243244,14208,9728,100663296.0,10066329.6
Dragonfly+,2652,22593474560.0,87.12697072072072,14208,9728,100663296.0,10066329.6
Dragonfly+,2653,22593474560.0,87.134009009009,14208,9728,100663296.0,10066329.6
Dragonfly+,2654,22593474560.0,87.1410472972973,14208,9728,100663296.0,10066329.6
Dragonfly+,2655,22593474560.0,87.14808558558559,14208,9728,100663296.0,10066329.6
Dragonfly+,2656,22593474560.0,87.15512387387388,14208,9728,100663296.0,10066329.6
Dragonfly+,2657,22593474560.0,87.16216216216216,14208,9728,100663296.0,10066329.6
Dragonfly+,2658,22593474560.0,87.16920045045045,14208,9728,100663296.0,10066329.6
Dragonfly+,2659,22593474560.0,87.17623873873875,14208,9728,100663296.0,10066329.6
Dragonfly+,2660,22593474560.0,87.18327702702703,14208,9728,100663296.0,10066329.6
Dragonfly+,2661,22593474560.0,87.19031531531532,14208,9728,100663296.0,10066329.6
Dragonfly+,2662,22593474560.0,87.1973536036036,14208,9728,100663296.0,10066329.6
Dragonfly+,2663,22593474560.0,87.2043918918919,14208,9728,100663296.0,10066329.6
Dragonfly+,2664,22593474560.0,87.21143018018019,14208,9728,100663296.0,10066329.6
Dragonfly+,2665,22593474560.0,87.21846846846847,14208,9728,100663296.0,10066329.6
Dragonfly+,2666,22593474560.0,87.22550675675676,14208,9728,100663296.0,10066329.6
Dragonfly+,2667,22593474560.0,87.23254504504504,14208,9728,100663296.0,10066329.6
Dragonfly+,2668,22593474560.0,87.23958333333334,14208,9728,100663296.0,10066329.6
Dragonfly+,2669,22593474560.0,87.24662162162163,14208,9728,100663296.0,10066329.6
Dragonfly+,2670,22593474560.0,87.25365990990991,14208,9728,100663296.0,10066329.6
Dragonfly+,2671,22593474560.0,87.2606981981982,14208,9728,100663296.0,10066329.6
Dragonfly+,2672,22593474560.0,87.26773648648648,14208,9728,100663296.0,10066329.6
Dragonfly+,2673,22593474560.0,87.27477477477478,14208,9728,100663296.0,10066329.6
Dragonfly+,2674,22593474560.0,87.28181306306307,14208,9728,100663296.0,10066329.6
Dragonfly+,2675,22593474560.0,87.28885135135135,14208,9728,100663296.0,10066329.6
Dragonfly+,2676,22593474560.0,87.29588963963964,14208,9728,100663296.0,10066329.6
Dragonfly+,2677,22593474560.0,87.30292792792793,14208,9728,100663296.0,10066329.6
Dragonfly+,2678,22593474560.0,87.30996621621621,14208,9728,100663296.0,10066329.6
Dragonfly+,2679,22593474560.0,87.3170045045045,14208,9728,100663296.0,10066329.6
Dragonfly+,2680,22593474560.0,87.3240427927928,14208,9728,100663296.0,10066329.6
Dragonfly+,2681,22593474560.0,87.33108108108108,14208,9728,100663296.0,10066329.6
Dragonfly+,2682,22593474560.0,87.33811936936937,14208,9728,100663296.0,10066329.6
Dragonfly+,2683,22593474560.0,87.34515765765765,14208,9728,100663296.0,10066329.6
Dragonfly+,2684,22593474560.0,87.35219594594594,14208,9728,100663296.0,10066329.6
Dragonfly+,2685,22593474560.0,87.35923423423422,14208,9728,100663296.0,10066329.6
Dragonfly+,2686,22593474560.0,87.36627252252252,14208,9728,100663296.0,10066329.6
Dragonfly+,2687,22593474560.0,87.3733108108108,14208,9728,100663296.0,10066329.6
Dragonfly+,2688,22593474560.0,87.38034909909909,14208,9728,100663296.0,10066329.6
Dragonfly+,2689,22593474560.0,87.38738738738738,14208,9728,100663296.0,10066329.6
Dragonfly+,2690,22593474560.0,87.39442567567568,14208,9728,100663296.0,10066329.6
Dragonfly+,2691,22593474560.0,87.40146396396396,14208,9728,100663296.0,10066329.6
Dragonfly+,2692,22593474560.0,87.40850225225225,14208,9728,100663296.0,10066329.6
Dragonfly+,2693,22593474560.0,87.41554054054053,14208,9728,100663296.0,10066329.6
Dragonfly+,2694,22593474560.0,87.42257882882883,14208,9728,100663296.0,10066329.6
Dragonfly+,2695,22593474560.0,87.42961711711712,14208,9728,100663296.0,10066329.6
Dragonfly+,2696,22593474560.0,87.4366554054054,14208,9728,100663296.0,10066329.6
Dragonfly+,2697,22593474560.0,87.44369369369369,14208,9728,100663296.0,10066329.6
Dragonfly+,2698,22593474560.0,87.45073198198197,14208,9728,100663296.0,10066329.6
Dragonfly+,2699,22593474560.0,87.45777027027027,14208,9728,100663296.0,10066329.6
Dragonfly+,2700,22593474560.0,87.46480855855856,14208,9728,100663296.0,10066329.6
Dragonfly+,2701,22593474560.0,87.47184684684684,14208,9728,100663296.0,10066329.6
Dragonfly+,2702,22593474560.0,87.47888513513513,14208,9728,100663296.0,10066329.6
Dragonfly+,2703,22593474560.0,87.48592342342343,14208,9728,100663296.0,10066329.6
Dragonfly+,2704,22593474560.0,87.49296171171171,14208,9728,100663296.0,10066329.6
Dragonfly+,2705,22593474560.0,87.5,14208,9728,100663296.0,10066329.6
Dragonfly+,2706,22593474560.0,87.50703828828829,14208,9728,100663296.0,10066329.6
Dragonfly+,2707,22593474560.0,87.51407657657657,14208,9728,100663296.0,10066329.6
Dragonfly+,2708,22593474560.0,87.52111486486487,14208,9728,100663296.0,10066329.6
Dragonfly+,2709,22593474560.0,87.52815315315316,14208,9728,100663296.0,10066329.6
Dragonfly+,2710,22593474560.0,87.53519144144144,14208,9728,100663296.0,10066329.6
Dragonfly+,2711,22593474560.0,87.54222972972973,14208,9728,100663296.0,10066329.6
Dragonfly+,2712,22593474560.0,87.54926801801803,14208,9728,100663296.0,10066329.6
Dragonfly+,2713,22593474560.0,87.55630630630631,14208,9728,100663296.0,10066329.6
Dragonfly+,2714,22593474560.0,87.5633445945946,14208,9728,100663296.0,10066329.6
Dragonfly+,2715,22593474560.0,87.57038288288288,14208,9728,100663296.0,10066329.6
Dragonfly+,2716,22593474560.0,87.57742117117117,14208,9728,100663296.0,10066329.6
Dragonfly+,2717,22593474560.0,87.58445945945947,14208,9728,100663296.0,10066329.6
Dragonfly+,2718,22593474560.0,87.59149774774775,14208,9728,100663296.0,10066329.6
Dragonfly+,2719,22593474560.0,87.59853603603604,14208,9728,100663296.0,10066329.6
Dragonfly+,2720,22593474560.0,87.60557432432432,14208,9728,100663296.0,10066329.6
Dragonfly+,2721,22593474560.0,87.61261261261262,14208,9728,100663296.0,10066329.6
Dragonfly+,2722,22593474560.0,87.61965090090091,14208,9728,100663296.0,10066329.6
Dragonfly+,2723,22593474560.0,87.6266891891892,14208,9728,100663296.0,10066329.6
Dragonfly+,2724,22593474560.0,87.63372747747748,14208,9728,100663296.0,10066329.6
Dragonfly+,2725,22593474560.0,87.64076576576578,14208,9728,100663296.0,10066329.6
Dragonfly+,2726,22593474560.0,87.64780405405406,14208,9728,100663296.0,10066329.6
Dragonfly+,2727,22593474560.0,87.65484234234235,14208,9728,100663296.0,10066329.6
Dragonfly+,2728,22593474560.0,87.66188063063063,14208,9728,100663296.0,10066329.6
Dragonfly+,2729,22593474560.0,87.66891891891892,14208,9728,100663296.0,10066329.6
Dragonfly+,2730,22593474560.0,87.6759572072072,14208,9728,100663296.0,10066329.6
Dragonfly+,2731,22593474560.0,87.6829954954955,14208,9728,100663296.0,10066329.6
Dragonfly+,2732,22593474560.0,87.69003378378379,14208,9728,100663296.0,10066329.6
Dragonfly+,2733,22593474560.0,87.69707207207207,14208,9728,100663296.0,10066329.6
Dragonfly+,2734,22593474560.0,87.70411036036036,14208,9728,100663296.0,10066329.6
Dragonfly+,2735,22593474560.0,87.71114864864865,14208,9728,100663296.0,10066329.6
Dragonfly+,2736,22593474560.0,87.71818693693693,14208,9728,100663296.0,10066329.6
Dragonfly+,2737,22593474560.0,87.72522522522522,14208,9728,100663296.0,10066329.6
Dragonfly+,2738,22593474560.0,87.73226351351352,14208,9728,100663296.0,10066329.6
Dragonfly+,2739,22593474560.0,87.7393018018018,14208,9728,100663296.0,10066329.6
Dragonfly+,2740,22593474560.0,87.74634009009009,14208,9728,100663296.0,10066329.6
Dragonfly+,2741,22593474560.0,87.75337837837837,14208,9728,100663296.0,10066329.6
Dragonfly+,2742,22593474560.0,87.76041666666666,14208,9728,100663296.0,10066329.6
Dragonfly+,2743,22593474560.0,87.76745495495496,14208,9728,100663296.0,10066329.6
Dragonfly+,2744,22593474560.0,87.77449324324324,14208,9728,100663296.0,10066329.6
Dragonfly+,2745,22593474560.0,87.78153153153153,14208,9728,100663296.0,10066329.6
Dragonfly+,2746,22593474560.0,87.78856981981981,14208,9728,100663296.0,10066329.6
Dragonfly+,2747,22593474560.0,87.7956081081081,14208,9728,100663296.0,10066329.6
Dragonfly+,2748,22593474560.0,87.8026463963964,14208,9728,100663296.0,10066329.6
Dragonfly+,2749,22593474560.0,87.80968468468468,14208,9728,100663296.0,10066329.6
Dragonfly+,2750,22593474560.0,87.81672297297297,14208,9728,100663296.0,10066329.6
Dragonfly+,2751,22593474560.0,87.82376126126125,14208,9728,100663296.0,10066329.6
Dragonfly+,2752,22593474560.0,87.83079954954955,14208,9728,100663296.0,10066329.6
Dragonfly+,2753,22593474560.0,87.83783783783784,14208,9728,100663296.0,10066329.6
Dragonfly+,2754,22593474560.0,87.84487612612612,14208,9728,100663296.0,10066329.6
Dragonfly+,2755,22593474560.0,87.85191441441441,14208,9728,100663296.0,10066329.6
Dragonfly+,2756,22593474560.0,87.8589527027027,14208,9728,100663296.0,10066329.6
Dragonfly+,2757,22593474560.0,87.865990990991,14208,9728,100663296.0,10066329.6
Dragonfly+,2758,22593474560.0,87.87302927927928,14208,9728,100663296.0,10066329.6
Dragonfly+,2759,22593474560.0,87.88006756756756,14208,9728,100663296.0,10066329.6
Dragonfly+,2760,22593474560.0,87.88710585585585,14208,9728,100663296.0,10066329.6
Dragonfly+,2761,22593474560.0,87.89414414414415,14208,9728,100663296.0,10066329.6
Dragonfly+,2762,22593474560.0,87.90118243243244,14208,9728,100663296.0,10066329.6
Dragonfly+,2763,22593474560.0,87.90822072072072,14208,9728,100663296.0,10066329.6
Dragonfly+,2764,22593474560.0,87.915259009009,14208,9728,100663296.0,10066329.6
Dragonfly+,2765,22593474560.0,87.9222972972973,14208,9728,100663296.0,10066329.6
Dragonfly+,2766,22593474560.0,87.92933558558559,14208,9728,100663296.0,10066329.6
Dragonfly+,2767,22593474560.0,87.93637387387388,14208,9728,100663296.0,10066329.6
Dragonfly+,2768,22593474560.0,87.94341216216216,14208,9728,100663296.0,10066329.6
Dragonfly+,2769,22593474560.0,87.95045045045045,14208,9728,100663296.0,10066329.6
Dragonfly+,2770,22593474560.0,87.95748873873875,14208,9728,100663296.0,10066329.6
Dragonfly+,2771,22593474560.0,87.96452702702703,14208,9728,100663296.0,10066329.6
Dragonfly+,2772,22593474560.0,87.97156531531532,14208,9728,100663296.0,10066329.6
Dragonfly+,2773,22593474560.0,87.9786036036036,14208,9728,100663296.0,10066329.6
Dragonfly+,2774,22593474560.0,87.9856418918919,14208,9728,100663296.0,10066329.6
Dragonfly+,2775,22593474560.0,87.99268018018019,14208,9728,100663296.0,10066329.6
Dragonfly+,2776,22593474560.0,87.99971846846847,14208,9728,100663296.0,10066329.6
Dragonfly+,2777,22593474560.0,88.00675675675676,14208,9728,100663296.0,10066329.6
Dragonfly+,2778,22593474560.0,88.01379504504504,14208,9728,100663296.0,10066329.6
Dragonfly+,2779,22593474560.0,88.02083333333334,14208,9728,100663296.0,10066329.6
Dragonfly+,2780,22593474560.0,88.02787162162163,14208,9728,100663296.0,10066329.6
Dragonfly+,2781,22593474560.0,88.03490990990991,14208,9728,100663296.0,10066329.6
Dragonfly+,2782,22593474560.0,88.0419481981982,14208,9728,100663296.0,10066329.6
Dragonfly+,2783,22593474560.0,88.04898648648648,14208,9728,100663296.0,10066329.6
Dragonfly+,2784,22593474560.0,88.05602477477478,14208,9728,100663296.0,10066329.6
Dragonfly+,2785,22593474560.0,88.06306306306307,14208,9728,100663296.0,10066329.6
Dragonfly+,2786,22593474560.0,88.07010135135135,14208,9728,100663296.0,10066329.6
Dragonfly+,2787,22593474560.0,88.07713963963964,14208,9728,100663296.0,10066329.6
Dragonfly+,2788,22593474560.0,88.08417792792793,14208,9728,100663296.0,10066329.6
Dragonfly+,2789,22593474560.0,88.09121621621621,14208,9728,100663296.0,10066329.6
Dragonfly+,2790,22593474560.0,88.0982545045045,14208,9728,100663296.0,10066329.6
Dragonfly+,2791,22593474560.0,88.1052927927928,14208,9728,100663296.0,10066329.6
Dragonfly+,2792,22593474560.0,88.11233108108108,14208,9728,100663296.0,10066329.6
Dragonfly+,2793,22593474560.0,88.11936936936937,14208,9728,100663296.0,10066329.6
Dragonfly+,2794,22593474560.0,88.12640765765765,14208,9728,100663296.0,10066329.6
Dragonfly+,2795,22593474560.0,88.13344594594594,14208,9728,100663296.0,10066329.6
Dragonfly+,2796,22593474560.0,88.14048423423422,14208,9728,100663296.0,10066329.6
Dragonfly+,2797,22593474560.0,88.14752252252252,14208,9728,100663296.0,10066329.6
Dragonfly+,2798,22593474560.0,88.1545608108108,14208,9728,100663296.0,10066329.6
Dragonfly+,2799,22593474560.0,88.16159909909909,14208,9728,100663296.0,10066329.6
Dragonfly+,2800,22593474560.0,88.16863738738738,14208,9728,100663296.0,10066329.6
Dragonfly+,2801,22593474560.0,88.17567567567568,14208,9728,100663296.0,10066329.6
Dragonfly+,2802,22593474560.0,88.18271396396396,14208,9728,100663296.0,10066329.6
Dragonfly+,2803,22593474560.0,88.18975225225225,14208,9728,100663296.0,10066329.6
Dragonfly+,2804,22593474560.0,88.19679054054053,14208,9728,100663296.0,10066329.6
Dragonfly+,2805,22593474560.0,88.20382882882883,14208,9728,100663296.0,10066329.6
Dragonfly+,2806,22593474560.0,88.21086711711712,14208,9728,100663296.0,10066329.6
Dragonfly+,2807,22593474560.0,88.2179054054054,14208,9728,100663296.0,10066329.6
Dragonfly+,2808,22593474560.0,88.22494369369369,14208,9728,100663296.0,10066329.6
Dragonfly+,2809,22593474560.0,88.23198198198197,14208,9728,100663296.0,10066329.6
Dragonfly+,2810,22593474560.0,88.23902027027027,14208,9728,100663296.0,10066329.6
Dragonfly+,2811,22593474560.0,88.24605855855856,14208,9728,100663296.0,10066329.6
Dragonfly+,2812,22593474560.0,88.25309684684684,14208,9728,100663296.0,10066329.6
Dragonfly+,2813,22593474560.0,88.26013513513513,14208,9728,100663296.0,10066329.6
Dragonfly+,2814,22593474560.0,88.26717342342343,14208,9728,100663296.0,10066329.6
Dragonfly+,2815,22593474560.0,88.27421171171171,14208,9728,100663296.0,10066329.6
Dragonfly+,2816,22593474560.0,88.28125,14208,9728,100663296.0,10066329.6
Dragonfly+,2817,22593474560.0,88.28828828828829,14208,9728,100663296.0,10066329.6
Dragonfly+,2818,22593474560.0,88.29532657657657,14208,9728,100663296.0,10066329.6
Dragonfly+,2819,22593474560.0,88.30236486486487,14208,9728,100663296.0,10066329.6
Dragonfly+,2820,22593474560.0,88.30940315315316,14208,9728,100663296.0,10066329.6
Dragonfly+,2821,22593474560.0,88.31644144144144,14208,9728,100663296.0,10066329.6
Dragonfly+,2822,22593474560.0,88.32347972972973,14208,9728,100663296.0,10066329.6
Dragonfly+,2823,22593474560.0,88.33051801801803,14208,9728,100663296.0,10066329.6
Dragonfly+,2824,22593474560.0,88.33755630630631,14208,9728,100663296.0,10066329.6
Dragonfly+,2825,22593474560.0,88.3445945945946,14208,9728,100663296.0,10066329.6
Dragonfly+,2826,22593474560.0,88.35163288288288,14208,9728,100663296.0,10066329.6
Dragonfly+,2827,22593474560.0,88.35867117117117,14208,9728,100663296.0,10066329.6
Dragonfly+,2828,22593474560.0,88.36570945945947,14208,9728,100663296.0,10066329.6
Dragonfly+,2829,22593474560.0,88.37274774774775,14208,9728,100663296.0,10066329.6
Dragonfly+,2830,22593474560.0,88.37978603603604,14208,9728,100663296.0,10066329.6
Dragonfly+,2831,22593474560.0,88.38682432432432,14208,9728,100663296.0,10066329.6
Dragonfly+,2832,22593474560.0,88.39386261261262,14208,9728,100663296.0,10066329.6
Dragonfly+,2833,22593474560.0,88.40090090090091,14208,9728,100663296.0,10066329.6
Dragonfly+,2834,22593474560.0,88.4079391891892,14208,9728,100663296.0,10066329.6
Dragonfly+,2835,22593474560.0,88.41497747747748,14208,9728,100663296.0,10066329.6
Dragonfly+,2836,22593474560.0,88.42201576576578,14208,9728,100663296.0,10066329.6
Dragonfly+,2837,22593474560.0,88.42905405405406,14208,9728,100663296.0,10066329.6
Dragonfly+,2838,22593474560.0,88.43609234234235,14208,9728,100663296.0,10066329.6
Dragonfly+,2839,22593474560.0,88.44313063063063,14208,9728,100663296.0,10066329.6
Dragonfly+,2840,22593474560.0,88.45016891891892,14208,9728,100663296.0,10066329.6
Dragonfly+,2841,22593474560.0,88.4572072072072,14208,9728,100663296.0,10066329.6
Dragonfly+,2842,22593474560.0,88.4642454954955,14208,9728,100663296.0,10066329.6
Dragonfly+,2843,22593474560.0,88.47128378378379,14208,9728,100663296.0,10066329.6
Dragonfly+,2844,22593474560.0,88.47832207207207,14208,9728,100663296.0,10066329.6
Dragonfly+,2845,22593474560.0,88.48536036036036,14208,9728,100663296.0,10066329.6
Dragonfly+,2846,22593474560.0,88.49239864864865,14208,9728,100663296.0,10066329.6
Dragonfly+,2847,22593474560.0,88.49943693693693,14208,9728,100663296.0,10066329.6
Dragonfly+,2848,22593474560.0,88.50647522522522,14208,9728,100663296.0,10066329.6
Dragonfly+,2849,22593474560.0,88.51351351351352,14208,9728,100663296.0,10066329.6
Dragonfly+,2850,22593474560.0,88.5205518018018,14208,9728,100663296.0,10066329.6
Dragonfly+,2851,22593474560.0,88.52759009009009,14208,9728,100663296.0,10066329.6
Dragonfly+,2852,22593474560.0,88.53462837837837,14208,9728,100663296.0,10066329.6
Dragonfly+,2853,22593474560.0,88.54166666666666,14208,9728,100663296.0,10066329.6
Dragonfly+,2854,22593474560.0,88.54870495495496,14208,9728,100663296.0,10066329.6
Dragonfly+,2855,22593474560.0,88.55574324324324,14208,9728,100663296.0,10066329.6
Dragonfly+,2856,22593474560.0,88.56278153153153,14208,9728,100663296.0,10066329.6
Dragonfly+,2857,22593474560.0,88.56981981981981,14208,9728,100663296.0,10066329.6
Dragonfly+,2858,22593474560.0,88.5768581081081,14208,9728,100663296.0,10066329.6
Dragonfly+,2859,22593474560.0,88.5838963963964,14208,9728,100663296.0,10066329.6
Dragonfly+,2860,22593474560.0,88.59093468468468,14208,9728,100663296.0,10066329.6
Dragonfly+,2861,22593474560.0,88.59797297297297,14208,9728,100663296.0,10066329.6
Dragonfly+,2862,22593474560.0,88.60501126126125,14208,9728,100663296.0,10066329.6
Dragonfly+,2863,22593474560.0,88.61204954954955,14208,9728,100663296.0,10066329.6
Dragonfly+,2864,22593474560.0,88.61908783783784,14208,9728,100663296.0,10066329.6
Dragonfly+,2865,22593474560.0,88.62612612612612,14208,9728,100663296.0,10066329.6
Dragonfly+,2866,22593474560.0,88.63316441441441,14208,9728,100663296.0,10066329.6
Dragonfly+,2867,22593474560.0,88.6402027027027,14208,9728,100663296.0,10066329.6
Dragonfly+,2868,22593474560.0,88.647240990991,14208,9728,100663296.0,10066329.6
Dragonfly+,2869,22593474560.0,88.65427927927928,14208,9728,100663296.0,10066329.6
Dragonfly+,2870,22593474560.0,88.66131756756756,14208,9728,100663296.0,10066329.6
Dragonfly+,2871,22593474560.0,88.66835585585585,14208,9728,100663296.0,10066329.6
Dragonfly+,2872,22593474560.0,88.67539414414415,14208,9728,100663296.0,10066329.6
Dragonfly+,2873,22593474560.0,88.68243243243244,14208,9728,100663296.0,10066329.6
Dragonfly+,2874,22593474560.0,88.68947072072072,14208,9728,100663296.0,10066329.6
Dragonfly+,2875,22593474560.0,88.696509009009,14208,9728,100663296.0,10066329.6
Dragonfly+,2876,22593474560.0,88.7035472972973,14208,9728,100663296.0,10066329.6
Dragonfly+,2877,22593474560.0,88.71058558558559,14208,9728,100663296.0,10066329.6
Dragonfly+,2878,22593474560.0,88.71762387387388,14208,9728,100663296.0,10066329.6
Dragonfly+,2879,22593474560.0,88.72466216216216,14208,9728,100663296.0,10066329.6
Dragonfly+,2880,22593474560.0,88.73170045045045,14208,9728,100663296.0,10066329.6
Dragonfly+,2881,22593474560.0,88.73873873873875,14208,9728,100663296.0,10066329.6
Dragonfly+,2882,22593474560.0,88.74577702702703,14208,9728,100663296.0,10066329.6
Dragonfly+,2883,22593474560.0,88.75281531531532,14208,9728,100663296.0,10066329.6
Dragonfly+,2884,22593474560.0,88.7598536036036,14208,9728,100663296.0,10066329.6
Dragonfly+,2885,22593474560.0,88.7668918918919,14208,9728,100663296.0,10066329.6
Dragonfly+,2886,22593474560.0,88.77393018018019,14208,9728,100663296.0,10066329.6
Dragonfly+,2887,22593474560.0,88.78096846846847,14208,9728,100663296.0,10066329.6
Dragonfly+,2888,22593474560.0,88.78800675675676,14208,9728,100663296.0,10066329.6
Dragonfly+,2889,22593474560.0,88.79504504504504,14208,9728,100663296.0,10066329.6
Dragonfly+,2890,22593474560.0,88.80208333333334,14208,9728,100663296.0,10066329.6
Dragonfly+,2891,22593474560.0,88.80912162162163,14208,9728,100663296.0,10066329.6
Dragonfly+,2892,22593474560.0,88.81615990990991,14208,9728,100663296.0,10066329.6
Dragonfly+,2893,22593474560.0,88.8231981981982,14208,9728,100663296.0,10066329.6
Dragonfly+,2894,22593474560.0,88.83023648648648,14208,9728,100663296.0,10066329.6
Dragonfly+,2895,22593474560.0,88.83727477477478,14208,9728,100663296.0,10066329.6
Dragonfly+,2896,22593474560.0,88.84431306306307,14208,9728,100663296.0,10066329.6
Dragonfly+,2897,22593474560.0,88.85135135135135,14208,9728,100663296.0,10066329.6
Dragonfly+,2898,22593474560.0,88.85838963963964,14208,9728,100663296.0,10066329.6
Dragonfly+,2899,22593474560.0,88.86542792792793,14208,9728,100663296.0,10066329.6
Dragonfly+,2900,22593474560.0,88.87246621621621,14208,9728,100663296.0,10066329.6
Dragonfly+,2901,22593474560.0,88.8795045045045,14208,9728,100663296.0,10066329.6
Dragonfly+,2902,22593474560.0,88.8865427927928,14208,9728,100663296.0,10066329.6
Dragonfly+,2903,22593474560.0,88.89358108108108,14208,9728,100663296.0,10066329.6
Dragonfly+,2904,22593474560.0,88.90061936936937,14208,9728,100663296.0,10066329.6
Dragonfly+,2905,22593474560.0,88.90765765765765,14208,9728,100663296.0,10066329.6
Dragonfly+,2906,22593474560.0,88.91469594594594,14208,9728,100663296.0,10066329.6
Dragonfly+,2907,22593474560.0,88.92173423423422,14208,9728,100663296.0,10066329.6
Dragonfly+,2908,22593474560.0,88.92877252252252,14208,9728,100663296.0,10066329.6
Dragonfly+,2909,22593474560.0,88.9358108108108,14208,9728,100663296.0,10066329.6
Dragonfly+,2910,22593474560.0,88.94284909909909,14208,9728,100663296.0,10066329.6
Dragonfly+,2911,22593474560.0,88.94988738738738,14208,9728,100663296.0,10066329.6
Dragonfly+,2912,22593474560.0,88.95692567567568,14208,9728,100663296.0,10066329.6
Dragonfly+,2913,22593474560.0,88.96396396396396,14208,9728,100663296.0,10066329.6
Dragonfly+,2914,22593474560.0,88.97100225225225,14208,9728,100663296.0,10066329.6
Dragonfly+,2915,22593474560.0,88.97804054054053,14208,9728,100663296.0,10066329.6
Dragonfly+,2916,22593474560.0,88.98507882882883,14208,9728,100663296.0,10066329.6
Dragonfly+,2917,22593474560.0,88.99211711711712,14208,9728,100663296.0,10066329.6
Dragonfly+,2918,22593474560.0,88.9991554054054,14208,9728,100663296.0,10066329.6
Dragonfly+,2919,22593474560.0,89.00619369369369,14208,9728,100663296.0,10066329.6
Dragonfly+,2920,22593474560.0,89.01323198198197,14208,9728,100663296.0,10066329.6
Dragonfly+,2921,22593474560.0,89.02027027027027,14208,9728,100663296.0,10066329.6
Dragonfly+,2922,22593474560.0,89.02730855855856,14208,9728,100663296.0,10066329.6
Dragonfly+,2923,22593474560.0,89.03434684684684,14208,9728,100663296.0,10066329.6
Dragonfly+,2924,22593474560.0,89.04138513513513,14208,9728,100663296.0,10066329.6
Dragonfly+,2925,22593474560.0,89.04842342342343,14208,9728,100663296.0,10066329.6
Dragonfly+,2926,22593474560.0,89.05546171171171,14208,9728,100663296.0,10066329.6
Dragonfly+,2927,22593474560.0,89.0625,14208,9728,100663296.0,10066329.6
Dragonfly+,2928,22593474560.0,89.06953828828829,14208,9728,100663296.0,10066329.6
Dragonfly+,2929,22593474560.0,89.07657657657657,14208,9728,100663296.0,10066329.6
Dragonfly+,2930,22593474560.0,89.08361486486487,14208,9728,100663296.0,10066329.6
Dragonfly+,2931,22593474560.0,89.09065315315316,14208,9728,100663296.0,10066329.6
Dragonfly+,2932,22593474560.0,89.09769144144144,14208,9728,100663296.0,10066329.6
Dragonfly+,2933,22593474560.0,89.10472972972973,14208,9728,100663296.0,10066329.6
Dragonfly+,2934,22593474560.0,89.11176801801803,14208,9728,100663296.0,10066329.6
Dragonfly+,2935,22593474560.0,89.11880630630631,14208,9728,100663296.0,10066329.6
Dragonfly+,2936,22593474560.0,89.1258445945946,14208,9728,100663296.0,10066329.6
Dragonfly+,2937,22593474560.0,89.13288288288288,14208,9728,100663296.0,10066329.6
Dragonfly+,2938,22593474560.0,89.13992117117117,14208,9728,100663296.0,10066329.6
Dragonfly+,2939,22593474560.0,89.14695945945947,14208,9728,100663296.0,10066329.6
Dragonfly+,2940,22593474560.0,89.15399774774775,14208,9728,100663296.0,10066329.6
Dragonfly+,2941,22593474560.0,89.16103603603604,14208,9728,100663296.0,10066329.6
Dragonfly+,2942,22593474560.0,89.16807432432432,14208,9728,100663296.0,10066329.6
Dragonfly+,2943,22593474560.0,89.17511261261262,14208,9728,100663296.0,10066329.6
Dragonfly+,2944,22593474560.0,89.18215090090091,14208,9728,100663296.0,10066329.6
Dragonfly+,2945,22593474560.0,89.1891891891892,14208,9728,100663296.0,10066329.6
Dragonfly+,2946,22593474560.0,89.19622747747748,14208,9728,100663296.0,10066329.6
Dragonfly+,2947,22593474560.0,89.20326576576578,14208,9728,100663296.0,10066329.6
Dragonfly+,2948,22593474560.0,89.21030405405406,14208,9728,100663296.0,10066329.6
Dragonfly+,2949,22593474560.0,89.21734234234235,14208,9728,100663296.0,10066329.6
Dragonfly+,2950,22593474560.0,89.22438063063063,14208,9728,100663296.0,10066329.6
Dragonfly+,2951,22593474560.0,89.23141891891892,14208,9728,100663296.0,10066329.6
Dragonfly+,2952,22593474560.0,89.2384572072072,14208,9728,100663296.0,10066329.6
Dragonfly+,2953,22593474560.0,89.2454954954955,14208,9728,100663296.0,10066329.6
Dragonfly+,2954,22593474560.0,89.25253378378379,14208,9728,100663296.0,10066329.6
Dragonfly+,2955,22593474560.0,89.25957207207207,14208,9728,100663296.0,10066329.6
Dragonfly+,2956,22593474560.0,89.26661036036036,14208,9728,100663296.0,10066329.6
Dragonfly+,2957,22593474560.0,89.27364864864865,14208,9728,100663296.0,10066329.6
Dragonfly+,2958,22593474560.0,89.28068693693693,14208,9728,100663296.0,10066329.6
Dragonfly+,2959,22593474560.0,89.28772522522522,14208,9728,100663296.0,10066329.6
Dragonfly+,2960,22593474560.0,89.29476351351352,14208,9728,100663296.0,10066329.6
Dragonfly+,2961,22593474560.0,89.3018018018018,14208,9728,100663296.0,10066329.6
Dragonfly+,2962,22593474560.0,89.30884009009009,14208,9728,100663296.0,10066329.6
Dragonfly+,2963,22593474560.0,89.31587837837837,14208,9728,100663296.0,10066329.6
Dragonfly+,2964,22593474560.0,89.32291666666666,14208,9728,100663296.0,10066329.6
Dragonfly+,2965,22593474560.0,89.32995495495496,14208,9728,100663296.0,10066329.6
Dragonfly+,2966,22593474560.0,89.33699324324324,14208,9728,100663296.0,10066329.6
Dragonfly+,2967,22593474560.0,89.34403153153153,14208,9728,100663296.0,10066329.6
Dragonfly+,2968,22593474560.0,89.35106981981981,14208,9728,100663296.0,10066329.6
Dragonfly+,2969,22593474560.0,89.3581081081081,14208,9728,100663296.0,10066329.6
Dragonfly+,2970,22593474560.0,89.3651463963964,14208,9728,100663296.0,10066329.6
Dragonfly+,2971,22593474560.0,89.37218468468468,14208,9728,100663296.0,10066329.6
Dragonfly+,2972,22593474560.0,89.37922297297297,14208,9728,100663296.0,10066329.6
Dragonfly+,2973,22593474560.0,89.38626126126125,14208,9728,100663296.0,10066329.6
Dragonfly+,2974,22593474560.0,89.39329954954955,14208,9728,100663296.0,10066329.6
Dragonfly+,2975,22593474560.0,89.40033783783784,14208,9728,100663296.0,10066329.6
Dragonfly+,2976,22593474560.0,89.40737612612612,14208,9728,100663296.0,10066329.6
Dragonfly+,2977,22593474560.0,89.41441441441441,14208,9728,100663296.0,10066329.6
Dragonfly+,2978,22593474560.0,89.4214527027027,14208,9728,100663296.0,10066329.6
Dragonfly+,2979,22593474560.0,89.428490990991,14208,9728,100663296.0,10066329.6
Dragonfly+,2980,22593474560.0,89.43552927927928,14208,9728,100663296.0,10066329.6
Dragonfly+,2981,22593474560.0,89.44256756756756,14208,9728,100663296.0,10066329.6
Dragonfly+,2982,22593474560.0,89.44960585585585,14208,9728,100663296.0,10066329.6
Dragonfly+,2983,22593474560.0,89.45664414414415,14208,9728,100663296.0,10066329.6
Dragonfly+,2984,22593474560.0,89.46368243243244,14208,9728,100663296.0,10066329.6
Dragonfly+,2985,22593474560.0,89.47072072072072,14208,9728,100663296.0,10066329.6
Dragonfly+,2986,22593474560.0,89.477759009009,14208,9728,100663296.0,10066329.6
Dragonfly+,2987,22593474560.0,89.4847972972973,14208,9728,100663296.0,10066329.6
Dragonfly+,2988,22593474560.0,89.49183558558559,14208,9728,100663296.0,10066329.6
Dragonfly+,2989,22593474560.0,89.49887387387388,14208,9728,100663296.0,10066329.6
Dragonfly+,2990,22593474560.0,89.50591216216216,14208,9728,100663296.0,10066329.6
Dragonfly+,2991,22593474560.0,89.51295045045045,14208,9728,100663296.0,10066329.6
Dragonfly+,2992,22593474560.0,89.51998873873875,14208,9728,100663296.0,10066329.6
Dragonfly+,2993,22593474560.0,89.52702702702703,14208,9728,100663296.0,10066329.6
Dragonfly+,2994,22593474560.0,89.53406531531532,14208,9728,100663296.0,10066329.6
Dragonfly+,2995,22593474560.0,89.5411036036036,14208,9728,100663296.0,10066329.6
Dragonfly+,2996,22593474560.0,89.5481418918919,14208,9728,100663296.0,10066329.6
Dragonfly+,2997,22593474560.0,89.55518018018019,14208,9728,100663296.0,10066329.6
Dragonfly+,2998,22593474560.0,89.56221846846847,14208,9728,100663296.0,10066329.6
Dragonfly+,2999,22593474560.0,89.56925675675676,14208,9728,100663296.0,10066329.6
Dragonfly+,3000,22593474560.0,89.57629504504504,14208,9728,100663296.0,10066329.6
Dragonfly+,3001,22593474560.0,89.58333333333334,14208,9728,100663296.0,10066329.6
Dragonfly+,3002,22593474560.0,89.59037162162163,14208,9728,100663296.0,10066329.6
Dragonfly+,3003,22593474560.0,89.59740990990991,14208,9728,100663296.0,10066329.6
Dragonfly+,3004,22593474560.0,89.6044481981982,14208,9728,100663296.0,10066329.6
Dragonfly+,3005,22593474560.0,89.61148648648648,14208,9728,100663296.0,10066329.6
Dragonfly+,3006,22593474560.0,89.61852477477478,14208,9728,100663296.0,10066329.6
Dragonfly+,3007,22593474560.0,89.62556306306307,14208,9728,100663296.0,10066329.6
Dragonfly+,3008,22593474560.0,89.63260135135135,14208,9728,100663296.0,10066329.6
Dragonfly+,3009,22593474560.0,89.63963963963964,14208,9728,100663296.0,10066329.6
Dragonfly+,3010,22593474560.0,89.64667792792793,14208,9728,100663296.0,10066329.6
Dragonfly+,3011,22593474560.0,89.65371621621621,14208,9728,100663296.0,10066329.6
Dragonfly+,3012,22593474560.0,89.6607545045045,14208,9728,100663296.0,10066329.6
Dragonfly+,3013,22593474560.0,89.6677927927928,14208,9728,100663296.0,10066329.6
Dragonfly+,3014,22593474560.0,89.67483108108108,14208,9728,100663296.0,10066329.6
Dragonfly+,3015,22593474560.0,89.68186936936937,14208,9728,100663296.0,10066329.6
Dragonfly+,3016,22593474560.0,89.68890765765765,14208,9728,100663296.0,10066329.6
Dragonfly+,3017,22593474560.0,89.69594594594594,14208,9728,100663296.0,10066329.6
Dragonfly+,3018,22593474560.0,89.70298423423422,14208,9728,100663296.0,10066329.6
Dragonfly+,3019,22593474560.0,89.71002252252252,14208,9728,100663296.0,10066329.6
Dragonfly+,3020,22593474560.0,89.7170608108108,14208,9728,100663296.0,10066329.6
Dragonfly+,3021,22593474560.0,89.72409909909909,14208,9728,100663296.0,10066329.6
Dragonfly+,3022,22593474560.0,89.73113738738738,14208,9728,100663296.0,10066329.6
Dragonfly+,3023,22593474560.0,89.73817567567568,14208,9728,100663296.0,10066329.6
Dragonfly+,3024,22593474560.0,89.74521396396396,14208,9728,100663296.0,10066329.6
Dragonfly+,3025,22593474560.0,89.75225225225225,14208,9728,100663296.0,10066329.6
Dragonfly+,3026,22593474560.0,89.75929054054053,14208,9728,100663296.0,10066329.6
Dragonfly+,3027,22593474560.0,89.76632882882883,14208,9728,100663296.0,10066329.6
Dragonfly+,3028,22593474560.0,89.77336711711712,14208,9728,100663296.0,10066329.6
Dragonfly+,3029,22593474560.0,89.7804054054054,14208,9728,100663296.0,10066329.6
Dragonfly+,3030,22593474560.0,89.78744369369369,14208,9728,100663296.0,10066329.6
Dragonfly+,3031,22593474560.0,89.79448198198197,14208,9728,100663296.0,10066329.6
Dragonfly+,3032,22593474560.0,89.80152027027027,14208,9728,100663296.0,10066329.6
Dragonfly+,3033,22593474560.0,89.80855855855856,14208,9728,100663296.0,10066329.6
Dragonfly+,3034,22593474560.0,89.81559684684684,14208,9728,100663296.0,10066329.6
Dragonfly+,3035,22593474560.0,89.82263513513513,14208,9728,100663296.0,10066329.6
Dragonfly+,3036,22593474560.0,89.82967342342343,14208,9728,100663296.0,10066329.6
Dragonfly+,3037,22593474560.0,89.83671171171171,14208,9728,100663296.0,10066329.6
Dragonfly+,3038,22593474560.0,89.84375,14208,9728,100663296.0,10066329.6
Dragonfly+,3039,22593474560.0,89.85078828828829,14208,9728,100663296.0,10066329.6
Dragonfly+,3040,22593474560.0,89.85782657657657,14208,9728,100663296.0,10066329.6
Dragonfly+,3041,22593474560.0,89.86486486486487,14208,9728,100663296.0,10066329.6
Dragonfly+,3042,22593474560.0,89.87190315315316,14208,9728,100663296.0,10066329.6
Dragonfly+,3043,22593474560.0,89.87894144144144,14208,9728,100663296.0,10066329.6
Dragonfly+,3044,22593474560.0,89.88597972972973,14208,9728,100663296.0,10066329.6
Dragonfly+,3045,22593474560.0,89.89301801801803,14208,9728,100663296.0,10066329.6
Dragonfly+,3046,22593474560.0,89.90005630630631,14208,9728,100663296.0,10066329.6
Dragonfly+,3047,22593474560.0,89.9070945945946,14208,9728,100663296.0,10066329.6
Dragonfly+,3048,22593474560.0,89.91413288288288,14208,9728,100663296.0,10066329.6
Dragonfly+,3049,22593474560.0,89.92117117117117,14208,9728,100663296.0,10066329.6
Dragonfly+,3050,22593474560.0,89.92820945945947,14208,9728,100663296.0,10066329.6
Dragonfly+,3051,22593474560.0,89.93524774774775,14208,9728,100663296.0,10066329.6
Dragonfly+,3052,22593474560.0,89.94228603603604,14208,9728,100663296.0,10066329.6
Dragonfly+,3053,22593474560.0,89.94932432432432,14208,9728,100663296.0,10066329.6
Dragonfly+,3054,22593474560.0,89.95636261261262,14208,9728,100663296.0,10066329.6
Dragonfly+,3055,22593474560.0,89.96340090090091,14208,9728,100663296.0,10066329.6
Dragonfly+,3056,22593474560.0,89.9704391891892,14208,9728,100663296.0,10066329.6
Dragonfly+,3057,22593474560.0,89.97747747747748,14208,9728,100663296.0,10066329.6
Dragonfly+,3058,22593474560.0,89.98451576576578,14208,9728,100663296.0,10066329.6
Dragonfly+,3059,22593474560.0,89.99155405405406,14208,9728,100663296.0,10066329.6
Dragonfly+,3060,22593474560.0,89.99859234234235,14208,9728,100663296.0,10066329.6
Dragonfly+,3061,22593474560.0,90.00563063063063,14208,9728,100663296.0,10066329.6
Dragonfly+,3062,22593474560.0,90.01266891891892,14208,9728,100663296.0,10066329.6
Dragonfly+,3063,22593474560.0,90.0197072072072,14208,9728,100663296.0,10066329.6
Dragonfly+,3064,22593474560.0,90.0267454954955,14208,9728,100663296.0,10066329.6
Dragonfly+,3065,22593474560.0,90.03378378378379,14208,9728,100663296.0,10066329.6
Dragonfly+,3066,22593474560.0,90.04082207207207,14208,9728,100663296.0,10066329.6
Dragonfly+,3067,22593474560.0,90.04786036036036,14208,9728,100663296.0,10066329.6
Dragonfly+,3068,22593474560.0,90.05489864864865,14208,9728,100663296.0,10066329.6
Dragonfly+,3069,22593474560.0,90.06193693693693,14208,9728,100663296.0,10066329.6
Dragonfly+,3070,22593474560.0,90.06897522522522,14208,9728,100663296.0,10066329.6
Dragonfly+,3071,22593474560.0,90.07601351351352,14208,9728,100663296.0,10066329.6
Dragonfly+,3072,22593474560.0,90.0830518018018,14208,9728,100663296.0,10066329.6
Dragonfly+,3073,22593474560.0,90.09009009009009,14208,9728,100663296.0,10066329.6
Dragonfly+,3074,22593474560.0,90.09712837837837,14208,9728,100663296.0,10066329.6
Dragonfly+,3075,22593474560.0,90.10416666666666,14208,9728,100663296.0,10066329.6
Dragonfly+,3076,22593474560.0,90.11120495495496,14208,9728,100663296.0,10066329.6
Dragonfly+,3077,22593474560.0,90.11824324324324,14208,9728,100663296.0,10066329.6
Dragonfly+,3078,22593474560.0,90.12528153153153,14208,9728,100663296.0,10066329.6
Dragonfly+,3079,22593474560.0,90.13231981981981,14208,9728,100663296.0,10066329.6
Dragonfly+,3080,22593474560.0,90.1393581081081,14208,9728,100663296.0,10066329.6
Dragonfly+,3081,22593474560.0,90.1463963963964,14208,9728,100663296.0,10066329.6
Dragonfly+,3082,22593474560.0,90.15343468468468,14208,9728,100663296.0,10066329.6
Dragonfly+,3083,22593474560.0,90.16047297297297,14208,9728,100663296.0,10066329.6
Dragonfly+,3084,22593474560.0,90.16751126126125,14208,9728,100663296.0,10066329.6
Dragonfly+,3085,22593474560.0,90.17454954954955,14208,9728,100663296.0,10066329.6
Dragonfly+,3086,22593474560.0,90.18158783783784,14208,9728,100663296.0,10066329.6
Dragonfly+,3087,22593474560.0,90.18862612612612,14208,9728,100663296.0,10066329.6
Dragonfly+,3088,22593474560.0,90.19566441441441,14208,9728,100663296.0,10066329.6
Dragonfly+,3089,22593474560.0,90.2027027027027,14208,9728,100663296.0,10066329.6
Dragonfly+,3090,22593474560.0,90.209740990991,14208,9728,100663296.0,10066329.6
Dragonfly+,3091,22593474560.0,90.21677927927928,14208,9728,100663296.0,10066329.6
Dragonfly+,3092,22593474560.0,90.22381756756756,14208,9728,100663296.0,10066329.6
Dragonfly+,3093,22593474560.0,90.23085585585585,14208,9728,100663296.0,10066329.6
Dragonfly+,3094,22593474560.0,90.23789414414415,14208,9728,100663296.0,10066329.6
Dragonfly+,3095,22593474560.0,90.24493243243244,14208,9728,100663296.0,10066329.6
Dragonfly+,3096,22593474560.0,90.25197072072072,14208,9728,100663296.0,10066329.6
Dragonfly+,3097,22593474560.0,90.259009009009,14208,9728,100663296.0,10066329.6
Dragonfly+,3098,22593474560.0,90.2660472972973,14208,9728,100663296.0,10066329.6
Dragonfly+,3099,22593474560.0,90.27308558558559,14208,9728,100663296.0,10066329.6
Dragonfly+,3100,22593474560.0,90.28012387387388,14208,9728,100663296.0,10066329.6
Dragonfly+,3101,22593474560.0,90.28716216216216,14208,9728,100663296.0,10066329.6
Dragonfly+,3102,22593474560.0,90.29420045045045,14208,9728,100663296.0,10066329.6
Dragonfly+,3103,22593474560.0,90.30123873873875,14208,9728,100663296.0,10066329.6
Dragonfly+,3104,22593474560.0,90.30827702702703,14208,9728,100663296.0,10066329.6
Dragonfly+,3105,22593474560.0,90.31531531531532,14208,9728,100663296.0,10066329.6
Dragonfly+,3106,22593474560.0,90.3223536036036,14208,9728,100663296.0,10066329.6
Dragonfly+,3107,22593474560.0,90.3293918918919,14208,9728,100663296.0,10066329.6
Dragonfly+,3108,22593474560.0,90.33643018018019,14208,9728,100663296.0,10066329.6
Dragonfly+,3109,22593474560.0,90.34346846846847,14208,9728,100663296.0,10066329.6
Dragonfly+,3110,22593474560.0,90.35050675675676,14208,9728,100663296.0,10066329.6
Dragonfly+,3111,22593474560.0,90.35754504504504,14208,9728,100663296.0,10066329.6
Dragonfly+,3112,22593474560.0,90.36458333333334,14208,9728,100663296.0,10066329.6
Dragonfly+,3113,22593474560.0,90.37162162162163,14208,9728,100663296.0,10066329.6
Dragonfly+,3114,22593474560.0,90.37865990990991,14208,9728,100663296.0,10066329.6
Dragonfly+,3115,22593474560.0,90.3856981981982,14208,9728,100663296.0,10066329.6
Dragonfly+,3116,22593474560.0,90.39273648648648,14208,9728,100663296.0,10066329.6
Dragonfly+,3117,22593474560.0,90.39977477477478,14208,9728,100663296.0,10066329.6
Dragonfly+,3118,22593474560.0,90.40681306306307,14208,9728,100663296.0,10066329.6
Dragonfly+,3119,22593474560.0,90.41385135135135,14208,9728,100663296.0,10066329.6
Dragonfly+,3120,22593474560.0,90.42088963963964,14208,9728,100663296.0,10066329.6
Dragonfly+,3121,22593474560.0,90.42792792792793,14208,9728,100663296.0,10066329.6
Dragonfly+,3122,22593474560.0,90.43496621621621,14208,9728,100663296.0,10066329.6
Dragonfly+,3123,22593474560.0,90.4420045045045,14208,9728,100663296.0,10066329.6
Dragonfly+,3124,22593474560.0,90.4490427927928,14208,9728,100663296.0,10066329.6
Dragonfly+,3125,22593474560.0,90.45608108108108,14208,9728,100663296.0,10066329.6
Dragonfly+,3126,22593474560.0,90.46311936936937,14208,9728,100663296.0,10066329.6
Dragonfly+,3127,22593474560.0,90.47015765765765,14208,9728,100663296.0,10066329.6
Dragonfly+,3128,22593474560.0,90.47719594594594,14208,9728,100663296.0,10066329.6
Dragonfly+,3129,22593474560.0,90.48423423423422,14208,9728,100663296.0,10066329.6
Dragonfly+,3130,22593474560.0,90.49127252252252,14208,9728,100663296.0,10066329.6
Dragonfly+,3131,22593474560.0,90.4983108108108,14208,9728,100663296.0,10066329.6
Dragonfly+,3132,22593474560.0,90.50534909909909,14208,9728,100663296.0,10066329.6
Dragonfly+,3133,22593474560.0,90.51238738738738,14208,9728,100663296.0,10066329.6
Dragonfly+,3134,22593474560.0,90.51942567567568,14208,9728,100663296.0,10066329.6
Dragonfly+,3135,22593474560.0,90.52646396396396,14208,9728,100663296.0,10066329.6
Dragonfly+,3136,22593474560.0,90.53350225225225,14208,9728,100663296.0,10066329.6
Dragonfly+,3137,22593474560.0,90.54054054054053,14208,9728,100663296.0,10066329.6
Dragonfly+,3138,22593474560.0,90.54757882882883,14208,9728,100663296.0,10066329.6
Dragonfly+,3139,22593474560.0,90.55461711711712,14208,9728,100663296.0,10066329.6
Dragonfly+,3140,22593474560.0,90.5616554054054,14208,9728,100663296.0,10066329.6
Dragonfly+,3141,22593474560.0,90.56869369369369,14208,9728,100663296.0,10066329.6
Dragonfly+,3142,22593474560.0,90.57573198198197,14208,9728,100663296.0,10066329.6
Dragonfly+,3143,22593474560.0,90.58277027027027,14208,9728,100663296.0,10066329.6
Dragonfly+,3144,22593474560.0,90.58980855855856,14208,9728,100663296.0,10066329.6
Dragonfly+,3145,22593474560.0,90.59684684684684,14208,9728,100663296.0,10066329.6
Dragonfly+,3146,22593474560.0,90.60388513513513,14208,9728,100663296.0,10066329.6
Dragonfly+,3147,22593474560.0,90.61092342342343,14208,9728,100663296.0,10066329.6
Dragonfly+,3148,22593474560.0,90.61796171171171,14208,9728,100663296.0,10066329.6
Dragonfly+,3149,22593474560.0,90.625,14208,9728,100663296.0,10066329.6
Dragonfly+,3150,22593474560.0,90.63203828828829,14208,9728,100663296.0,10066329.6
Dragonfly+,3151,22593474560.0,90.63907657657657,14208,9728,100663296.0,10066329.6
Dragonfly+,3152,22593474560.0,90.64611486486487,14208,9728,100663296.0,10066329.6
Dragonfly+,3153,22593474560.0,90.65315315315316,14208,9728,100663296.0,10066329.6
Dragonfly+,3154,22593474560.0,90.66019144144144,14208,9728,100663296.0,10066329.6
Dragonfly+,3155,22593474560.0,90.66722972972973,14208,9728,100663296.0,10066329.6
Dragonfly+,3156,22593474560.0,90.67426801801803,14208,9728,100663296.0,10066329.6
Dragonfly+,3157,22593474560.0,90.68130630630631,14208,9728,100663296.0,10066329.6
Dragonfly+,3158,22593474560.0,90.6883445945946,14208,9728,100663296.0,10066329.6
Dragonfly+,3159,22593474560.0,90.69538288288288,14208,9728,100663296.0,10066329.6
Dragonfly+,3160,22593474560.0,90.70242117117117,14208,9728,100663296.0,10066329.6
Dragonfly+,3161,22593474560.0,90.70945945945947,14208,9728,100663296.0,10066329.6
Dragonfly+,3162,22593474560.0,90.71649774774775,14208,9728,100663296.0,10066329.6
Dragonfly+,3163,22593474560.0,90.72353603603604,14208,9728,100663296.0,10066329.6
Dragonfly+,3164,22593474560.0,90.73057432432432,14208,9728,100663296.0,10066329.6
Dragonfly+,3165,22593474560.0,90.73761261261262,14208,9728,100663296.0,10066329.6
Dragonfly+,3166,22593474560.0,90.74465090090091,14208,9728,100663296.0,10066329.6
Dragonfly+,3167,22593474560.0,90.7516891891892,14208,9728,100663296.0,10066329.6
Dragonfly+,3168,22593474560.0,90.75872747747748,14208,9728,100663296.0,10066329.6
Dragonfly+,3169,22593474560.0,90.76576576576578,14208,9728,100663296.0,10066329.6
Dragonfly+,3170,22593474560.0,90.77280405405406,14208,9728,100663296.0,10066329.6
Dragonfly+,3171,22593474560.0,90.77984234234235,14208,9728,100663296.0,10066329.6
Dragonfly+,3172,22593474560.0,90.78688063063063,14208,9728,100663296.0,10066329.6
Dragonfly+,3173,22593474560.0,90.79391891891892,14208,9728,100663296.0,10066329.6
Dragonfly+,3174,22593474560.0,90.8009572072072,14208,9728,100663296.0,10066329.6
Dragonfly+,3175,22593474560.0,90.8079954954955,14208,9728,100663296.0,10066329.6
Dragonfly+,3176,22593474560.0,90.81503378378379,14208,9728,100663296.0,10066329.6
Dragonfly+,3177,22593474560.0,90.82207207207207,14208,9728,100663296.0,10066329.6
Dragonfly+,3178,22593474560.0,90.82911036036036,14208,9728,100663296.0,10066329.6
Dragonfly+,3179,22593474560.0,90.83614864864865,14208,9728,100663296.0,10066329.6
Dragonfly+,3180,22593474560.0,90.84318693693693,14208,9728,100663296.0,10066329.6
Dragonfly+,3181,22593474560.0,90.85022522522522,14208,9728,100663296.0,10066329.6
Dragonfly+,3182,22593474560.0,90.85726351351352,14208,9728,100663296.0,10066329.6
Dragonfly+,3183,22593474560.0,90.8643018018018,14208,9728,100663296.0,10066329.6
Dragonfly+,3184,22593474560.0,90.87134009009009,14208,9728,100663296.0,10066329.6
Dragonfly+,3185,22593474560.0,90.87837837837837,14208,9728,100663296.0,10066329.6
Dragonfly+,3186,22593474560.0,90.88541666666666,14208,9728,100663296.0,10066329.6
Dragonfly+,3187,22593474560.0,90.89245495495496,14208,9728,100663296.0,10066329.6
Dragonfly+,3188,22593474560.0,90.89949324324324,14208,9728,100663296.0,10066329.6
Dragonfly+,3189,22593474560.0,90.90653153153153,14208,9728,100663296.0,10066329.6
Dragonfly+,3190,22593474560.0,90.91356981981981,14208,9728,100663296.0,10066329.6
Dragonfly+,3191,22593474560.0,90.9206081081081,14208,9728,100663296.0,10066329.6
Dragonfly+,3192,22593474560.0,90.9276463963964,14208,9728,100663296.0,10066329.6
Dragonfly+,3193,22593474560.0,90.93468468468468,14208,9728,100663296.0,10066329.6
Dragonfly+,3194,22593474560.0,90.94172297297297,14208,9728,100663296.0,10066329.6
Dragonfly+,3195,22593474560.0,90.94876126126125,14208,9728,100663296.0,10066329.6
Dragonfly+,3196,22593474560.0,90.95579954954955,14208,9728,100663296.0,10066329.6
Dragonfly+,3197,22593474560.0,90.96283783783784,14208,9728,100663296.0,10066329.6
Dragonfly+,3198,22593474560.0,90.96987612612612,14208,9728,100663296.0,10066329.6
Dragonfly+,3199,22593474560.0,90.97691441441441,14208,9728,100663296.0,10066329.6
Dragonfly+,3200,22593474560.0,90.9839527027027,14208,9728,100663296.0,10066329.6
Dragonfly+,3201,22593474560.0,90.990990990991,14208,9728,100663296.0,10066329.6
Dragonfly+,3202,22593474560.0,90.99802927927928,14208,9728,100663296.0,10066329.6
Dragonfly+,3203,22593474560.0,91.00506756756756,14208,9728,100663296.0,10066329.6
Dragonfly+,3204,22593474560.0,91.01210585585585,14208,9728,100663296.0,10066329.6
Dragonfly+,3205,22593474560.0,91.01914414414415,14208,9728,100663296.0,10066329.6
Dragonfly+,3206,22593474560.0,91.02618243243244,14208,9728,100663296.0,10066329.6
Dragonfly+,3207,22593474560.0,91.03322072072072,14208,9728,100663296.0,10066329.6
Dragonfly+,3208,22593474560.0,91.040259009009,14208,9728,100663296.0,10066329.6
Dragonfly+,3209,22593474560.0,91.0472972972973,14208,9728,100663296.0,10066329.6
Dragonfly+,3210,22593474560.0,91.05433558558559,14208,9728,100663296.0,10066329.6
Dragonfly+,3211,22593474560.0,91.06137387387388,14208,9728,100663296.0,10066329.6
Dragonfly+,3212,22593474560.0,91.06841216216216,14208,9728,100663296.0,10066329.6
Dragonfly+,3213,22593474560.0,91.07545045045045,14208,9728,100663296.0,10066329.6
Dragonfly+,3214,22593474560.0,91.08248873873875,14208,9728,100663296.0,10066329.6
Dragonfly+,3215,22593474560.0,91.08952702702703,14208,9728,100663296.0,10066329.6
Dragonfly+,3216,22593474560.0,91.09656531531532,14208,9728,100663296.0,10066329.6
Dragonfly+,3217,22593474560.0,91.1036036036036,14208,9728,100663296.0,10066329.6
Dragonfly+,3218,22593474560.0,91.1106418918919,14208,9728,100663296.0,10066329.6
Dragonfly+,3219,22593474560.0,91.11768018018019,14208,9728,100663296.0,10066329.6
Dragonfly+,3220,22593474560.0,91.12471846846847,14208,9728,100663296.0,10066329.6
Dragonfly+,3221,22593474560.0,91.13175675675676,14208,9728,100663296.0,10066329.6
Dragonfly+,3222,22593474560.0,91.13879504504504,14208,9728,100663296.0,10066329.6
Dragonfly+,3223,22593474560.0,91.14583333333334,14208,9728,100663296.0,10066329.6
Dragonfly+,3224,22593474560.0,91.15287162162163,14208,9728,100663296.0,10066329.6
Dragonfly+,3225,22593474560.0,91.15990990990991,14208,9728,100663296.0,10066329.6
Dragonfly+,3226,22593474560.0,91.1669481981982,14208,9728,100663296.0,10066329.6
Dragonfly+,3227,22593474560.0,91.17398648648648,14208,9728,100663296.0,10066329.6
Dragonfly+,3228,22593474560.0,91.18102477477478,14208,9728,100663296.0,10066329.6
Dragonfly+,3229,22593474560.0,91.18806306306307,14208,9728,100663296.0,10066329.6
Dragonfly+,3230,22593474560.0,91.19510135135135,14208,9728,100663296.0,10066329.6
Dragonfly+,3231,22593474560.0,91.20213963963964,14208,9728,100663296.0,10066329.6
Dragonfly+,3232,22593474560.0,91.20917792792793,14208,9728,100663296.0,10066329.6
Dragonfly+,3233,22593474560.0,91.21621621621621,14208,9728,100663296.0,10066329.6
Dragonfly+,3234,22593474560.0,91.2232545045045,14208,9728,100663296.0,10066329.6
Dragonfly+,3235,22593474560.0,91.2302927927928,14208,9728,100663296.0,10066329.6
Dragonfly+,3236,22593474560.0,91.23733108108108,14208,9728,100663296.0,10066329.6
Dragonfly+,3237,22593474560.0,91.24436936936937,14208,9728,100663296.0,10066329.6
Dragonfly+,3238,22593474560.0,91.25140765765765,14208,9728,100663296.0,10066329.6
Dragonfly+,3239,22593474560.0,91.25844594594594,14208,9728,100663296.0,10066329.6
Dragonfly+,3240,22593474560.0,91.26548423423422,14208,9728,100663296.0,10066329.6
Dragonfly+,3241,22593474560.0,91.27252252252252,14208,9728,100663296.0,10066329.6
Dragonfly+,3242,22593474560.0,91.2795608108108,14208,9728,100663296.0,10066329.6
Dragonfly+,3243,22593474560.0,91.28659909909909,14208,9728,100663296.0,10066329.6
Dragonfly+,3244,22593474560.0,91.29363738738738,14208,9728,100663296.0,10066329.6
Dragonfly+,3245,22593474560.0,91.30067567567568,14208,9728,100663296.0,10066329.6
Dragonfly+,3246,22593474560.0,91.30771396396396,14208,9728,100663296.0,10066329.6
Dragonfly+,3247,22593474560.0,91.31475225225225,14208,9728,100663296.0,10066329.6
Dragonfly+,3248,22593474560.0,91.32179054054053,14208,9728,100663296.0,10066329.6
Dragonfly+,3249,22593474560.0,91.32882882882883,14208,9728,100663296.0,10066329.6
Dragonfly+,3250,22593474560.0,91.33586711711712,14208,9728,100663296.0,10066329.6
Dragonfly+,3251,22593474560.0,91.3429054054054,14208,9728,100663296.0,10066329.6
Dragonfly+,3252,22593474560.0,91.34994369369369,14208,9728,100663296.0,10066329.6
Dragonfly+,3253,22593474560.0,91.35698198198197,14208,9728,100663296.0,10066329.6
Dragonfly+,3254,22593474560.0,91.36402027027027,14208,9728,100663296.0,10066329.6
Dragonfly+,3255,22593474560.0,91.37105855855856,14208,9728,100663296.0,10066329.6
Dragonfly+,3256,22593474560.0,91.37809684684684,14208,9728,100663296.0,10066329.6
Dragonfly+,3257,22593474560.0,91.38513513513513,14208,9728,100663296.0,10066329.6
Dragonfly+,3258,22593474560.0,91.39217342342343,14208,9728,100663296.0,10066329.6
Dragonfly+,3259,22593474560.0,91.39921171171171,14208,9728,100663296.0,10066329.6
Dragonfly+,3260,22593474560.0,91.40625,14208,9728,100663296.0,10066329.6
Dragonfly+,3261,22593474560.0,91.41328828828829,14208,9728,100663296.0,10066329.6
Dragonfly+,3262,22593474560.0,91.42032657657657,14208,9728,100663296.0,10066329.6
Dragonfly+,3263,22593474560.0,91.42736486486487,14208,9728,100663296.0,10066329.6
Dragonfly+,3264,22593474560.0,91.43440315315316,14208,9728,100663296.0,10066329.6
Dragonfly+,3265,22593474560.0,91.44144144144144,14208,9728,100663296.0,10066329.6
Dragonfly+,3266,22593474560.0,91.44847972972973,14208,9728,100663296.0,10066329.6
Dragonfly+,3267,22593474560.0,91.45551801801803,14208,9728,100663296.0,10066329.6
Dragonfly+,3268,22593474560.0,91.46255630630631,14208,9728,100663296.0,10066329.6
Dragonfly+,3269,22593474560.0,91.4695945945946,14208,9728,100663296.0,10066329.6
Dragonfly+,3270,22593474560.0,91.47663288288288,14208,9728,100663296.0,10066329.6
Dragonfly+,3271,22593474560.0,91.48367117117117,14208,9728,100663296.0,10066329.6
Dragonfly+,3272,22593474560.0,91.49070945945947,14208,9728,100663296.0,10066329.6
Dragonfly+,3273,22593474560.0,91.49774774774775,14208,9728,100663296.0,10066329.6
Dragonfly+,3274,22593474560.0,91.50478603603604,14208,9728,100663296.0,10066329.6
Dragonfly+,3275,22593474560.0,91.51182432432432,14208,9728,100663296.0,10066329.6
Dragonfly+,3276,22593474560.0,91.51886261261262,14208,9728,100663296.0,10066329.6
Dragonfly+,3277,22593474560.0,91.52590090090091,14208,9728,100663296.0,10066329.6
Dragonfly+,3278,22593474560.0,91.5329391891892,14208,9728,100663296.0,10066329.6
Dragonfly+,3279,22593474560.0,91.53997747747748,14208,9728,100663296.0,10066329.6
Dragonfly+,3280,22593474560.0,91.54701576576578,14208,9728,100663296.0,10066329.6
Dragonfly+,3281,22593474560.0,91.55405405405406,14208,9728,100663296.0,10066329.6
Dragonfly+,3282,22593474560.0,91.56109234234235,14208,9728,100663296.0,10066329.6
Dragonfly+,3283,22593474560.0,91.56813063063063,14208,9728,100663296.0,10066329.6
Dragonfly+,3284,22593474560.0,91.57516891891892,14208,9728,100663296.0,10066329.6
Dragonfly+,3285,22593474560.0,91.5822072072072,14208,9728,100663296.0,10066329.6
Dragonfly+,3286,22593474560.0,91.5892454954955,14208,9728,100663296.0,10066329.6
Dragonfly+,3287,22593474560.0,91.59628378378379,14208,9728,100663296.0,10066329.6
Dragonfly+,3288,22593474560.0,91.60332207207207,14208,9728,100663296.0,10066329.6
Dragonfly+,3289,22593474560.0,91.61036036036036,14208,9728,100663296.0,10066329.6
Dragonfly+,3290,22593474560.0,91.61739864864865,14208,9728,100663296.0,10066329.6
Dragonfly+,3291,22593474560.0,91.62443693693693,14208,9728,100663296.0,10066329.6
Dragonfly+,3292,22593474560.0,91.63147522522522,14208,9728,100663296.0,10066329.6
Dragonfly+,3293,22593474560.0,91.63851351351352,14208,9728,100663296.0,10066329.6
Dragonfly+,3294,22593474560.0,91.6455518018018,14208,9728,100663296.0,10066329.6
Dragonfly+,3295,22593474560.0,91.65259009009009,14208,9728,100663296.0,10066329.6
Dragonfly+,3296,22593474560.0,91.65962837837837,14208,9728,100663296.0,10066329.6
Dragonfly+,3297,22593474560.0,91.66666666666666,14208,9728,100663296.0,10066329.6
Dragonfly+,3298,22593474560.0,91.67370495495496,14208,9728,100663296.0,10066329.6
Dragonfly+,3299,22593474560.0,91.68074324324324,14208,9728,100663296.0,10066329.6
Dragonfly+,3300,22593474560.0,91.68778153153153,14208,9728,100663296.0,10066329.6
Dragonfly+,3301,22593474560.0,91.69481981981981,14208,9728,100663296.0,10066329.6
Dragonfly+,3302,22593474560.0,91.7018581081081,14208,9728,100663296.0,10066329.6
Dragonfly+,3303,22593474560.0,91.7088963963964,14208,9728,100663296.0,10066329.6
Dragonfly+,3304,22593474560.0,91.71593468468468,14208,9728,100663296.0,10066329.6
Dragonfly+,3305,22593474560.0,91.72297297297297,14208,9728,100663296.0,10066329.6
Dragonfly+,3306,22593474560.0,91.73001126126125,14208,9728,100663296.0,10066329.6
Dragonfly+,3307,22593474560.0,91.73704954954955,14208,9728,100663296.0,10066329.6
Dragonfly+,3308,22593474560.0,91.74408783783784,14208,9728,100663296.0,10066329.6
Dragonfly+,3309,22593474560.0,91.75112612612612,14208,9728,100663296.0,10066329.6
Dragonfly+,3310,22593474560.0,91.75816441441441,14208,9728,100663296.0,10066329.6
Dragonfly+,3311,22593474560.0,91.7652027027027,14208,9728,100663296.0,10066329.6
Dragonfly+,3312,22593474560.0,91.772240990991,14208,9728,100663296.0,10066329.6
Dragonfly+,3313,22593474560.0,91.77927927927928,14208,9728,100663296.0,10066329.6
Dragonfly+,3314,22593474560.0,91.78631756756756,14208,9728,100663296.0,10066329.6
Dragonfly+,3315,22593474560.0,91.79335585585585,14208,9728,100663296.0,10066329.6
Dragonfly+,3316,22593474560.0,91.80039414414415,14208,9728,100663296.0,10066329.6
Dragonfly+,3317,22593474560.0,91.80743243243244,14208,9728,100663296.0,10066329.6
Dragonfly+,3318,22593474560.0,91.81447072072072,14208,9728,100663296.0,10066329.6
Dragonfly+,3319,22593474560.0,91.821509009009,14208,9728,100663296.0,10066329.6
Dragonfly+,3320,22593474560.0,91.8285472972973,14208,9728,100663296.0,10066329.6
Dragonfly+,3321,22593474560.0,91.83558558558559,14208,9728,100663296.0,10066329.6
Dragonfly+,3322,22593474560.0,91.84262387387388,14208,9728,100663296.0,10066329.6
Dragonfly+,3323,22593474560.0,91.84966216216216,14208,9728,100663296.0,10066329.6
Dragonfly+,3324,22593474560.0,91.85670045045045,14208,9728,100663296.0,10066329.6
Dragonfly+,3325,22593474560.0,91.86373873873875,14208,9728,100663296.0,10066329.6
Dragonfly+,3326,22593474560.0,91.87077702702703,14208,9728,100663296.0,10066329.6
Dragonfly+,3327,22593474560.0,91.87781531531532,14208,9728,100663296.0,10066329.6
Dragonfly+,3328,22593474560.0,91.8848536036036,14208,9728,100663296.0,10066329.6
Dragonfly+,3329,22593474560.0,91.8918918918919,14208,9728,100663296.0,10066329.6
Dragonfly+,3330,22593474560.0,91.89893018018019,14208,9728,100663296.0,10066329.6
Dragonfly+,3331,22593474560.0,91.90596846846847,14208,9728,100663296.0,10066329.6
Dragonfly+,3332,22593474560.0,91.91300675675676,14208,9728,100663296.0,10066329.6
Dragonfly+,3333,22593474560.0,91.92004504504504,14208,9728,100663296.0,10066329.6
Dragonfly+,3334,22593474560.0,91.92708333333334,14208,9728,100663296.0,10066329.6
Dragonfly+,3335,22593474560.0,91.93412162162163,14208,9728,100663296.0,10066329.6
Dragonfly+,3336,22593474560.0,91.94115990990991,14208,9728,100663296.0,10066329.6
Dragonfly+,3337,22593474560.0,91.9481981981982,14208,9728,100663296.0,10066329.6
Dragonfly+,3338,22593474560.0,91.95523648648648,14208,9728,100663296.0,10066329.6
Dragonfly+,3339,22593474560.0,91.96227477477478,14208,9728,100663296.0,10066329.6
Dragonfly+,3340,22593474560.0,91.96931306306307,14208,9728,100663296.0,10066329.6
Dragonfly+,3341,22593474560.0,91.97635135135135,14208,9728,100663296.0,10066329.6
Dragonfly+,3342,22593474560.0,91.98338963963964,14208,9728,100663296.0,10066329.6
Dragonfly+,3343,22593474560.0,91.99042792792793,14208,9728,100663296.0,10066329.6
Dragonfly+,3344,22593474560.0,91.99746621621621,14208,9728,100663296.0,10066329.6
Dragonfly+,3345,22593474560.0,92.0045045045045,14208,9728,100663296.0,10066329.6
Dragonfly+,3346,22593474560.0,92.0115427927928,14208,9728,100663296.0,10066329.6
Dragonfly+,3347,22593474560.0,92.01858108108108,14208,9728,100663296.0,10066329.6
Dragonfly+,3348,22593474560.0,92.02561936936937,14208,9728,100663296.0,10066329.6
Dragonfly+,3349,22593474560.0,92.03265765765765,14208,9728,100663296.0,10066329.6
Dragonfly+,3350,22593474560.0,92.03969594594594,14208,9728,100663296.0,10066329.6
Dragonfly+,3351,22593474560.0,92.04673423423422,14208,9728,100663296.0,10066329.6
Dragonfly+,3352,22593474560.0,92.05377252252252,14208,9728,100663296.0,10066329.6
Dragonfly+,3353,22593474560.0,92.0608108108108,14208,9728,100663296.0,10066329.6
Dragonfly+,3354,22593474560.0,92.06784909909909,14208,9728,100663296.0,10066329.6
Dragonfly+,3355,22593474560.0,92.07488738738738,14208,9728,100663296.0,10066329.6
Dragonfly+,3356,22593474560.0,92.08192567567568,14208,9728,100663296.0,10066329.6
Dragonfly+,3357,22593474560.0,92.08896396396396,14208,9728,100663296.0,10066329.6
Dragonfly+,3358,22593474560.0,92.09600225225225,14208,9728,100663296.0,10066329.6
Dragonfly+,3359,22593474560.0,92.10304054054053,14208,9728,100663296.0,10066329.6
Dragonfly+,3360,22593474560.0,92.11007882882883,14208,9728,100663296.0,10066329.6
Dragonfly+,3361,22593474560.0,92.11711711711712,14208,9728,100663296.0,10066329.6
Dragonfly+,3362,22593474560.0,92.1241554054054,14208,9728,100663296.0,10066329.6
Dragonfly+,3363,22593474560.0,92.13119369369369,14208,9728,100663296.0,10066329.6
Dragonfly+,3364,22593474560.0,92.13823198198197,14208,9728,100663296.0,10066329.6
Dragonfly+,3365,22593474560.0,92.14527027027027,14208,9728,100663296.0,10066329.6
Dragonfly+,3366,22593474560.0,92.15230855855856,14208,9728,100663296.0,10066329.6
Dragonfly+,3367,22593474560.0,92.15934684684684,14208,9728,100663296.0,10066329.6
Dragonfly+,3368,22593474560.0,92.16638513513513,14208,9728,100663296.0,10066329.6
Dragonfly+,3369,22593474560.0,92.17342342342343,14208,9728,100663296.0,10066329.6
Dragonfly+,3370,22593474560.0,92.18046171171171,14208,9728,100663296.0,10066329.6
Dragonfly+,3371,22593474560.0,92.1875,14208,9728,100663296.0,10066329.6
Dragonfly+,3372,22593474560.0,92.19453828828829,14208,9728,100663296.0,10066329.6
Dragonfly+,3373,22593474560.0,92.20157657657657,14208,9728,100663296.0,10066329.6
Dragonfly+,3374,22593474560.0,92.20861486486487,14208,9728,100663296.0,10066329.6
Dragonfly+,3375,22593474560.0,92.21565315315316,14208,9728,100663296.0,10066329.6
Dragonfly+,3376,22593474560.0,92.22269144144144,14208,9728,100663296.0,10066329.6
Dragonfly+,3377,22593474560.0,92.22972972972973,14208,9728,100663296.0,10066329.6
Dragonfly+,3378,22593474560.0,92.23676801801803,14208,9728,100663296.0,10066329.6
Dragonfly+,3379,22593474560.0,92.24380630630631,14208,9728,100663296.0,10066329.6
Dragonfly+,3380,22593474560.0,92.2508445945946,14208,9728,100663296.0,10066329.6
Dragonfly+,3381,22593474560.0,92.25788288288288,14208,9728,100663296.0,10066329.6
Dragonfly+,3382,22593474560.0,92.26492117117117,14208,9728,100663296.0,10066329.6
Dragonfly+,3383,22593474560.0,92.27195945945947,14208,9728,100663296.0,10066329.6
Dragonfly+,3384,22593474560.0,92.27899774774775,14208,9728,100663296.0,10066329.6
Dragonfly+,3385,22593474560.0,92.28603603603604,14208,9728,100663296.0,10066329.6
Dragonfly+,3386,22593474560.0,92.29307432432432,14208,9728,100663296.0,10066329.6
Dragonfly+,3387,22593474560.0,92.30011261261262,14208,9728,100663296.0,10066329.6
Dragonfly+,3388,22593474560.0,92.30715090090091,14208,9728,100663296.0,10066329.6
Dragonfly+,3389,22593474560.0,92.3141891891892,14208,9728,100663296.0,10066329.6
Dragonfly+,3390,22593474560.0,92.32122747747748,14208,9728,100663296.0,10066329.6
Dragonfly+,3391,22593474560.0,92.32826576576578,14208,9728,100663296.0,10066329.6
Dragonfly+,3392,22593474560.0,92.33530405405406,14208,9728,100663296.0,10066329.6
Dragonfly+,3393,22593474560.0,92.34234234234235,14208,9728,100663296.0,10066329.6
Dragonfly+,3394,22593474560.0,92.34938063063063,14208,9728,100663296.0,10066329.6
Dragonfly+,3395,22593474560.0,92.35641891891892,14208,9728,100663296.0,10066329.6
Dragonfly+,3396,22593474560.0,92.3634572072072,14208,9728,100663296.0,10066329.6
Dragonfly+,3397,22593474560.0,92.3704954954955,14208,9728,100663296.0,10066329.6
Dragonfly+,3398,22593474560.0,92.37753378378379,14208,9728,100663296.0,10066329.6
Dragonfly+,3399,22593474560.0,92.38457207207207,14208,9728,100663296.0,10066329.6
Dragonfly+,3400,22593474560.0,92.39161036036036,14208,9728,100663296.0,10066329.6
Dragonfly+,3401,22593474560.0,92.39864864864865,14208,9728,100663296.0,10066329.6
Dragonfly+,3402,22593474560.0,92.40568693693693,14208,9728,100663296.0,10066329.6
Dragonfly+,3403,22593474560.0,92.41272522522522,14208,9728,100663296.0,10066329.6
Dragonfly+,3404,22593474560.0,92.41976351351352,14208,9728,100663296.0,10066329.6
Dragonfly+,3405,22593474560.0,92.4268018018018,14208,9728,100663296.0,10066329.6
Dragonfly+,3406,22593474560.0,92.43384009009009,14208,9728,100663296.0,10066329.6
Dragonfly+,3407,22593474560.0,92.44087837837837,14208,9728,100663296.0,10066329.6
Dragonfly+,3408,22593474560.0,92.44791666666666,14208,9728,100663296.0,10066329.6
Dragonfly+,3409,22593474560.0,92.45495495495496,14208,9728,100663296.0,10066329.6
Dragonfly+,3410,22593474560.0,92.46199324324324,14208,9728,100663296.0,10066329.6
Dragonfly+,3411,22593474560.0,92.46903153153153,14208,9728,100663296.0,10066329.6
Dragonfly+,3412,22593474560.0,92.47606981981981,14208,9728,100663296.0,10066329.6
Dragonfly+,3413,22593474560.0,92.4831081081081,14208,9728,100663296.0,10066329.6
Dragonfly+,3414,22593474560.0,92.4901463963964,14208,9728,100663296.0,10066329.6
Dragonfly+,3415,22593474560.0,92.49718468468468,14208,9728,100663296.0,10066329.6
Dragonfly+,3416,22593474560.0,92.50422297297297,14208,9728,100663296.0,10066329.6
Dragonfly+,3417,22593474560.0,92.51126126126125,14208,9728,100663296.0,10066329.6
Dragonfly+,3418,22593474560.0,92.51829954954955,14208,9728,100663296.0,10066329.6
Dragonfly+,3419,22593474560.0,92.52533783783784,14208,9728,100663296.0,10066329.6
Dragonfly+,3420,22593474560.0,92.53237612612612,14208,9728,100663296.0,10066329.6
Dragonfly+,3421,22593474560.0,92.53941441441441,14208,9728,100663296.0,10066329.6
Dragonfly+,3422,22593474560.0,92.5464527027027,14208,9728,100663296.0,10066329.6
Dragonfly+,3423,22593474560.0,92.553490990991,14208,9728,100663296.0,10066329.6
Dragonfly+,3424,22593474560.0,92.56052927927928,14208,9728,100663296.0,10066329.6
Dragonfly+,3425,22593474560.0,92.56756756756756,14208,9728,100663296.0,10066329.6
Dragonfly+,3426,22593474560.0,92.57460585585585,14208,9728,100663296.0,10066329.6
Dragonfly+,3427,22593474560.0,92.58164414414415,14208,9728,100663296.0,10066329.6
Dragonfly+,3428,22593474560.0,92.58868243243244,14208,9728,100663296.0,10066329.6
Dragonfly+,3429,22593474560.0,92.59572072072072,14208,9728,100663296.0,10066329.6
Dragonfly+,3430,22593474560.0,92.602759009009,14208,9728,100663296.0,10066329.6
Dragonfly+,3431,22593474560.0,92.6097972972973,14208,9728,100663296.0,10066329.6
Dragonfly+,3432,22593474560.0,92.61683558558559,14208,9728,100663296.0,10066329.6
Dragonfly+,3433,22593474560.0,92.62387387387388,14208,9728,100663296.0,10066329.6
Dragonfly+,3434,22593474560.0,92.63091216216216,14208,9728,100663296.0,10066329.6
Dragonfly+,3435,22593474560.0,92.63795045045045,14208,9728,100663296.0,10066329.6
Dragonfly+,3436,22593474560.0,92.64498873873875,14208,9728,100663296.0,10066329.6
Dragonfly+,3437,22593474560.0,92.65202702702703,14208,9728,100663296.0,10066329.6
Dragonfly+,3438,22593474560.0,92.65906531531532,14208,9728,100663296.0,10066329.6
Dragonfly+,3439,22593474560.0,92.6661036036036,14208,9728,100663296.0,10066329.6
Dragonfly+,3440,22593474560.0,92.6731418918919,14208,9728,100663296.0,10066329.6
Dragonfly+,3441,22593474560.0,92.68018018018019,14208,9728,100663296.0,10066329.6
Dragonfly+,3442,22593474560.0,92.68721846846847,14208,9728,100663296.0,10066329.6
Dragonfly+,3443,22593474560.0,92.69425675675676,14208,9728,100663296.0,10066329.6
Dragonfly+,3444,22593474560.0,92.70129504504504,14208,9728,100663296.0,10066329.6
Dragonfly+,3445,22593474560.0,92.70833333333334,14208,9728,100663296.0,10066329.6
Dragonfly+,3446,22593474560.0,92.71537162162163,14208,9728,100663296.0,10066329.6
Dragonfly+,3447,22593474560.0,92.72240990990991,14208,9728,100663296.0,10066329.6
Dragonfly+,3448,22593474560.0,92.7294481981982,14208,9728,100663296.0,10066329.6
Dragonfly+,3449,22593474560.0,92.73648648648648,14208,9728,100663296.0,10066329.6
Dragonfly+,3450,22593474560.0,92.74352477477478,14208,9728,100663296.0,10066329.6
Dragonfly+,3451,22593474560.0,92.75056306306307,14208,9728,100663296.0,10066329.6
Dragonfly+,3452,22593474560.0,92.75760135135135,14208,9728,100663296.0,10066329.6
Dragonfly+,3453,22593474560.0,92.76463963963964,14208,9728,100663296.0,10066329.6
Dragonfly+,3454,22593474560.0,92.77167792792793,14208,9728,100663296.0,10066329.6
Dragonfly+,3455,22593474560.0,92.77871621621621,14208,9728,100663296.0,10066329.6
Dragonfly+,3456,22593474560.0,92.7857545045045,14208,9728,100663296.0,10066329.6
Dragonfly+,3457,22593474560.0,92.7927927927928,14208,9728,100663296.0,10066329.6
Dragonfly+,3458,447259410432.0,92.79983108108108,14208,9728,100663296.0,10066329.6
Dragonfly+,3459,447259410432.0,92.80686936936937,14208,9728,100663296.0,10066329.6
Dragonfly+,3460,447259410432.0,92.81390765765765,14208,9728,100663296.0,10066329.6
Dragonfly+,3461,447259410432.0,92.82094594594594,14208,9728,100663296.0,10066329.6
Dragonfly+,3462,447259410432.0,92.82798423423422,14208,9728,100663296.0,10066329.6
Dragonfly+,3463,447259410432.0,92.83502252252252,14208,9728,100663296.0,10066329.6
Dragonfly+,3464,447259410432.0,92.8420608108108,14208,9728,100663296.0,10066329.6
Dragonfly+,3465,447259410432.0,92.84909909909909,14208,9728,100663296.0,10066329.6
Dragonfly+,3466,447259410432.0,92.85613738738738,14208,9728,100663296.0,10066329.6
Dragonfly+,3467,447259410432.0,92.86317567567568,14208,9728,100663296.0,10066329.6
Dragonfly+,3468,447259410432.0,92.87021396396396,14208,9728,100663296.0,10066329.6
Dragonfly+,3469,447259410432.0,92.87725225225225,14208,9728,100663296.0,10066329.6
Dragonfly+,3470,447259410432.0,92.88429054054053,14208,9728,100663296.0,10066329.6
Dragonfly+,3471,447259410432.0,92.89132882882883,14208,9728,100663296.0,10066329.6
Dragonfly+,3472,447259410432.0,92.89836711711712,14208,9728,100663296.0,10066329.6
Dragonfly+,3473,447259410432.0,92.9054054054054,14208,9728,100663296.0,10066329.6
Dragonfly+,3474,447259410432.0,92.91244369369369,14208,9728,100663296.0,10066329.6
Dragonfly+,3475,447259410432.0,92.91948198198197,14208,9728,100663296.0,10066329.6
Dragonfly+,3476,447259410432.0,92.92652027027027,14208,9728,100663296.0,10066329.6
Dragonfly+,3477,447259410432.0,92.93355855855856,14208,9728,100663296.0,10066329.6
Dragonfly+,3478,447259410432.0,92.94059684684684,14208,9728,100663296.0,10066329.6
Dragonfly+,3479,447259410432.0,92.94763513513513,14208,9728,100663296.0,10066329.6
Dragonfly+,3480,447259410432.0,92.95467342342343,14208,9728,100663296.0,10066329.6
Dragonfly+,3481,447259410432.0,92.96171171171171,14208,9728,100663296.0,10066329.6
Dragonfly+,3482,447259410432.0,92.96875,14208,9728,100663296.0,10066329.6
Dragonfly+,3483,447259410432.0,92.97578828828829,14208,9728,100663296.0,10066329.6
Dragonfly+,3484,447259410432.0,92.98282657657657,14208,9728,100663296.0,10066329.6
Dragonfly+,3485,447259410432.0,92.98986486486487,14208,9728,100663296.0,10066329.6
Dragonfly+,3486,447259410432.0,92.99690315315316,14208,9728,100663296.0,10066329.6
Dragonfly+,3487,447259410432.0,93.00394144144144,14208,9728,100663296.0,10066329.6
Dragonfly+,3488,447259410432.0,93.01097972972973,14208,9728,100663296.0,10066329.6
Dragonfly+,3489,447259410432.0,93.01801801801803,14208,9728,100663296.0,10066329.6
Dragonfly+,3490,447259410432.0,93.02505630630631,14208,9728,100663296.0,10066329.6
Dragonfly+,3491,447259410432.0,93.0320945945946,14208,9728,100663296.0,10066329.6
Dragonfly+,3492,447259410432.0,93.03913288288288,14208,9728,100663296.0,10066329.6
Dragonfly+,3493,447259410432.0,93.04617117117117,14208,9728,100663296.0,10066329.6
Dragonfly+,3494,447259410432.0,93.05320945945947,14208,9728,100663296.0,10066329.6
Dragonfly+,3495,447259410432.0,93.06024774774775,14208,9728,100663296.0,10066329.6
Dragonfly+,3496,447259410432.0,93.06728603603604,14208,9728,100663296.0,10066329.6
Dragonfly+,3497,447259410432.0,93.07432432432432,14208,9728,100663296.0,10066329.6
Dragonfly+,3498,447259410432.0,93.08136261261262,14208,9728,100663296.0,10066329.6
Dragonfly+,3499,447259410432.0,93.08840090090091,14208,9728,100663296.0,10066329.6
Dragonfly+,3500,447259410432.0,93.0954391891892,14208,9728,100663296.0,10066329.6
Dragonfly+,3501,447259410432.0,93.10247747747748,14208,9728,100663296.0,10066329.6
Dragonfly+,3502,447259410432.0,93.10951576576578,14208,9728,100663296.0,10066329.6
Dragonfly+,3503,447259410432.0,93.11655405405406,14208,9728,100663296.0,10066329.6
Dragonfly+,3504,447259410432.0,93.12359234234235,14208,9728,100663296.0,10066329.6
Dragonfly+,3505,447259410432.0,93.13063063063063,14208,9728,100663296.0,10066329.6
Dragonfly+,3506,447259410432.0,93.13766891891892,14208,9728,100663296.0,10066329.6
Dragonfly+,3507,447259410432.0,93.1447072072072,14208,9728,100663296.0,10066329.6
Dragonfly+,3508,447259410432.0,93.1517454954955,14208,9728,100663296.0,10066329.6
Dragonfly+,3509,447259410432.0,93.15878378378379,14208,9728,100663296.0,10066329.6
Dragonfly+,3510,447259410432.0,93.16582207207207,14208,9728,100663296.0,10066329.6
Dragonfly+,3511,447259410432.0,93.17286036036036,14208,9728,100663296.0,10066329.6
Dragonfly+,3512,447259410432.0,93.17989864864865,14208,9728,100663296.0,10066329.6
Dragonfly+,3513,447259410432.0,93.18693693693693,14208,9728,100663296.0,10066329.6
Dragonfly+,3514,447259410432.0,93.19397522522522,14208,9728,100663296.0,10066329.6
Dragonfly+,3515,447259410432.0,93.20101351351352,14208,9728,100663296.0,10066329.6
Dragonfly+,3516,447259410432.0,93.2080518018018,14208,9728,100663296.0,10066329.6
Dragonfly+,3517,447259410432.0,93.21509009009009,14208,9728,100663296.0,10066329.6
Dragonfly+,3518,447259410432.0,93.22212837837837,14208,9728,100663296.0,10066329.6
Dragonfly+,3519,447259410432.0,93.22916666666666,14208,9728,100663296.0,10066329.6
Dragonfly+,3520,447259410432.0,93.23620495495496,14208,9728,100663296.0,10066329.6
Dragonfly+,3521,447259410432.0,93.24324324324324,14208,9728,100663296.0,10066329.6
Dragonfly+,3522,447259410432.0,93.25028153153153,14208,9728,100663296.0,10066329.6
Dragonfly+,3523,447259410432.0,93.25731981981981,14208,9728,100663296.0,10066329.6
Dragonfly+,3524,447259410432.0,93.2643581081081,14208,9728,100663296.0,10066329.6
Dragonfly+,3525,447259410432.0,93.2713963963964,14208,9728,100663296.0,10066329.6
Dragonfly+,3526,447259410432.0,93.27843468468468,14208,9728,100663296.0,10066329.6
Dragonfly+,3527,447259410432.0,93.28547297297297,14208,9728,100663296.0,10066329.6
Dragonfly+,3528,447259410432.0,93.29251126126125,14208,9728,100663296.0,10066329.6
Dragonfly+,3529,447259410432.0,93.29954954954955,14208,9728,100663296.0,10066329.6
Dragonfly+,3530,447259410432.0,93.30658783783784,14208,9728,100663296.0,10066329.6
Dragonfly+,3531,447259410432.0,93.31362612612612,14208,9728,100663296.0,10066329.6
Dragonfly+,3532,447259410432.0,93.32066441441441,14208,9728,100663296.0,10066329.6
Dragonfly+,3533,447259410432.0,93.3277027027027,14208,9728,100663296.0,10066329.6
Dragonfly+,3534,447259410432.0,93.334740990991,14208,9728,100663296.0,10066329.6
Dragonfly+,3535,447259410432.0,93.34177927927928,14208,9728,100663296.0,10066329.6
Dragonfly+,3536,447259410432.0,93.34881756756756,14208,9728,100663296.0,10066329.6
Dragonfly+,3537,447259410432.0,93.35585585585585,14208,9728,100663296.0,10066329.6
Dragonfly+,3538,447259410432.0,93.36289414414415,14208,9728,100663296.0,10066329.6
Dragonfly+,3539,447259410432.0,93.36993243243244,14208,9728,100663296.0,10066329.6
Dragonfly+,3540,447259410432.0,93.37697072072072,14208,9728,100663296.0,10066329.6
Dragonfly+,3541,447259410432.0,93.384009009009,14208,9728,100663296.0,10066329.6
Dragonfly+,3542,447259410432.0,93.3910472972973,14208,9728,100663296.0,10066329.6
Dragonfly+,3543,447259410432.0,93.39808558558559,14208,9728,100663296.0,10066329.6
Dragonfly+,3544,447259410432.0,93.40512387387388,14208,9728,100663296.0,10066329.6
Dragonfly+,3545,447259410432.0,93.41216216216216,14208,9728,100663296.0,10066329.6
Dragonfly+,3546,447259410432.0,93.41920045045045,14208,9728,100663296.0,10066329.6
Dragonfly+,3547,447259410432.0,93.42623873873875,14208,9728,100663296.0,10066329.6
Dragonfly+,3548,447259410432.0,93.43327702702703,14208,9728,100663296.0,10066329.6
Dragonfly+,3549,447259410432.0,93.44031531531532,14208,9728,100663296.0,10066329.6
Dragonfly+,3550,447259410432.0,93.4473536036036,14208,9728,100663296.0,10066329.6
Dragonfly+,3551,447259410432.0,93.4543918918919,14208,9728,100663296.0,10066329.6
Dragonfly+,3552,447259410432.0,93.46143018018019,14208,9728,100663296.0,10066329.6
Dragonfly+,3553,447259410432.0,93.46846846846847,14208,9728,100663296.0,10066329.6
Dragonfly+,3554,447259410432.0,93.47550675675676,14208,9728,100663296.0,10066329.6
Dragonfly+,3555,447259410432.0,93.48254504504504,14208,9728,100663296.0,10066329.6
Dragonfly+,3556,447259410432.0,93.48958333333334,14208,9728,100663296.0,10066329.6
Dragonfly+,3557,447259410432.0,93.49662162162163,14208,9728,100663296.0,10066329.6
Dragonfly+,3558,447259410432.0,93.50365990990991,14208,9728,100663296.0,10066329.6
Dragonfly+,3559,447259410432.0,93.5106981981982,14208,9728,100663296.0,10066329.6
Dragonfly+,3560,447259410432.0,93.51773648648648,14208,9728,100663296.0,10066329.6
Dragonfly+,3561,447259410432.0,93.52477477477478,14208,9728,100663296.0,10066329.6
Dragonfly+,3562,447259410432.0,93.53181306306307,14208,9728,100663296.0,10066329.6
Dragonfly+,3563,447259410432.0,93.53885135135135,14208,9728,100663296.0,10066329.6
Dragonfly+,3564,447259410432.0,93.54588963963964,14208,9728,100663296.0,10066329.6
Dragonfly+,3565,447259410432.0,93.55292792792793,14208,9728,100663296.0,10066329.6
Dragonfly+,3566,447259410432.0,93.55996621621621,14208,9728,100663296.0,10066329.6
Dragonfly+,3567,447259410432.0,93.5670045045045,14208,9728,100663296.0,10066329.6
Dragonfly+,3568,447259410432.0,93.5740427927928,14208,9728,100663296.0,10066329.6
Dragonfly+,3569,447259410432.0,93.58108108108108,14208,9728,100663296.0,10066329.6
Dragonfly+,3570,447259410432.0,93.58811936936937,14208,9728,100663296.0,10066329.6
Dragonfly+,3571,447259410432.0,93.59515765765765,14208,9728,100663296.0,10066329.6
Dragonfly+,3572,447259410432.0,93.60219594594594,14208,9728,100663296.0,10066329.6
Dragonfly+,3573,447259410432.0,93.60923423423422,14208,9728,100663296.0,10066329.6
Dragonfly+,3574,447259410432.0,93.61627252252252,14208,9728,100663296.0,10066329.6
Dragonfly+,3575,447259410432.0,93.6233108108108,14208,9728,100663296.0,10066329.6
Dragonfly+,3576,447259410432.0,93.63034909909909,14208,9728,100663296.0,10066329.6
Dragonfly+,3577,447259410432.0,93.63738738738738,14208,9728,100663296.0,10066329.6
Dragonfly+,3578,447259410432.0,93.64442567567568,14208,9728,100663296.0,10066329.6
Dragonfly+,3579,447259410432.0,93.65146396396396,14208,9728,100663296.0,10066329.6
Dragonfly+,3580,447259410432.0,93.65850225225225,14208,9728,100663296.0,10066329.6
Dragonfly+,3581,447259410432.0,93.66554054054053,14208,9728,100663296.0,10066329.6
Dragonfly+,3582,447259410432.0,93.67257882882883,14208,9728,100663296.0,10066329.6
Dragonfly+,3583,447259410432.0,93.67961711711712,14208,9728,100663296.0,10066329.6
Dragonfly+,3584,447259410432.0,93.6866554054054,14208,9728,100663296.0,10066329.6
Dragonfly+,3585,447259410432.0,93.69369369369369,14208,9728,100663296.0,10066329.6
Dragonfly+,3586,447259410432.0,93.70073198198197,14208,9728,100663296.0,10066329.6
Dragonfly+,3587,447259410432.0,93.70777027027027,14208,9728,100663296.0,10066329.6
Dragonfly+,3588,447259410432.0,93.71480855855856,14208,9728,100663296.0,10066329.6
Dragonfly+,3589,447259410432.0,93.72184684684684,14208,9728,100663296.0,10066329.6
Dragonfly+,3590,447259410432.0,93.72888513513513,14208,9728,100663296.0,10066329.6
Dragonfly+,3591,447259410432.0,93.73592342342343,14208,9728,100663296.0,10066329.6
Dragonfly+,3592,447259410432.0,93.74296171171171,14208,9728,100663296.0,10066329.6
Dragonfly+,3593,447259410432.0,93.75,14208,9728,100663296.0,10066329.6
Dragonfly+,3594,447259410432.0,93.75703828828829,14208,9728,100663296.0,10066329.6
Dragonfly+,3595,447259410432.0,93.76407657657657,14208,9728,100663296.0,10066329.6
Dragonfly+,3596,447259410432.0,93.77111486486487,14208,9728,100663296.0,10066329.6
Dragonfly+,3597,447259410432.0,93.77815315315316,14208,9728,100663296.0,10066329.6
Dragonfly+,3598,447259410432.0,93.78519144144144,14208,9728,100663296.0,10066329.6
Dragonfly+,3599,447259410432.0,93.79222972972973,14208,9728,100663296.0,10066329.6
Dragonfly+,3600,447259410432.0,93.79926801801803,14208,9728,100663296.0,10066329.6
Dragonfly+,3601,447259410432.0,93.80630630630631,14208,9728,100663296.0,10066329.6
Dragonfly+,3602,447259410432.0,93.8133445945946,14208,9728,100663296.0,10066329.6
Dragonfly+,3603,447259410432.0,93.82038288288288,14208,9728,100663296.0,10066329.6
Dragonfly+,3604,447259410432.0,93.82742117117117,14208,9728,100663296.0,10066329.6
Dragonfly+,3605,447259410432.0,93.83445945945947,14208,9728,100663296.0,10066329.6
Dragonfly+,3606,447259410432.0,93.84149774774775,14208,9728,100663296.0,10066329.6
Dragonfly+,3607,447259410432.0,93.84853603603604,14208,9728,100663296.0,10066329.6
Dragonfly+,3608,447259410432.0,93.85557432432432,14208,9728,100663296.0,10066329.6
Dragonfly+,3609,447259410432.0,93.86261261261262,14208,9728,100663296.0,10066329.6
Dragonfly+,3610,447259410432.0,93.86965090090091,14208,9728,100663296.0,10066329.6
Dragonfly+,3611,447259410432.0,93.8766891891892,14208,9728,100663296.0,10066329.6
Dragonfly+,3612,447259410432.0,93.88372747747748,14208,9728,100663296.0,10066329.6
Dragonfly+,3613,447259410432.0,93.89076576576578,14208,9728,100663296.0,10066329.6
Dragonfly+,3614,447259410432.0,93.89780405405406,14208,9728,100663296.0,10066329.6
Dragonfly+,3615,447259410432.0,93.90484234234235,14208,9728,100663296.0,10066329.6
Dragonfly+,3616,447259410432.0,93.91188063063063,14208,9728,100663296.0,10066329.6
Dragonfly+,3617,447259410432.0,93.91891891891892,14208,9728,100663296.0,10066329.6
Dragonfly+,3618,447259410432.0,93.9259572072072,14208,9728,100663296.0,10066329.6
Dragonfly+,3619,447259410432.0,93.9329954954955,14208,9728,100663296.0,10066329.6
Dragonfly+,3620,447259410432.0,93.94003378378379,14208,9728,100663296.0,10066329.6
Dragonfly+,3621,447259410432.0,93.94707207207207,14208,9728,100663296.0,10066329.6
Dragonfly+,3622,447259410432.0,93.95411036036036,14208,9728,100663296.0,10066329.6
Dragonfly+,3623,447259410432.0,93.96114864864865,14208,9728,100663296.0,10066329.6
Dragonfly+,3624,447259410432.0,93.96818693693693,14208,9728,100663296.0,10066329.6
Dragonfly+,3625,447259410432.0,93.97522522522522,14208,9728,100663296.0,10066329.6
Dragonfly+,3626,447259410432.0,93.98226351351352,14208,9728,100663296.0,10066329.6
Dragonfly+,3627,447259410432.0,93.9893018018018,14208,9728,100663296.0,10066329.6
Dragonfly+,3628,447259410432.0,93.99634009009009,14208,9728,100663296.0,10066329.6
Dragonfly+,3629,447259410432.0,94.00337837837837,14208,9728,100663296.0,10066329.6
Dragonfly+,3630,447259410432.0,94.01041666666666,14208,9728,100663296.0,10066329.6
Dragonfly+,3631,447259410432.0,94.01745495495496,14208,9728,100663296.0,10066329.6
Dragonfly+,3632,447259410432.0,94.02449324324324,14208,9728,100663296.0,10066329.6
Dragonfly+,3633,447259410432.0,94.03153153153153,14208,9728,100663296.0,10066329.6
Dragonfly+,3634,447259410432.0,94.03856981981981,14208,9728,100663296.0,10066329.6
Dragonfly+,3635,447259410432.0,94.0456081081081,14208,9728,100663296.0,10066329.6
Dragonfly+,3636,447259410432.0,94.0526463963964,14208,9728,100663296.0,10066329.6
Dragonfly+,3637,447259410432.0,94.05968468468468,14208,9728,100663296.0,10066329.6
Dragonfly+,3638,447259410432.0,94.06672297297297,14208,9728,100663296.0,10066329.6
Dragonfly+,3639,447259410432.0,94.07376126126125,14208,9728,100663296.0,10066329.6
Dragonfly+,3640,447259410432.0,94.08079954954955,14208,9728,100663296.0,10066329.6
Dragonfly+,3641,447259410432.0,94.08783783783784,14208,9728,100663296.0,10066329.6
Dragonfly+,3642,447259410432.0,94.09487612612612,14208,9728,100663296.0,10066329.6
Dragonfly+,3643,447259410432.0,94.10191441441441,14208,9728,100663296.0,10066329.6
Dragonfly+,3644,447259410432.0,94.1089527027027,14208,9728,100663296.0,10066329.6
Dragonfly+,3645,447259410432.0,94.115990990991,14208,9728,100663296.0,10066329.6
Dragonfly+,3646,447259410432.0,94.12302927927928,14208,9728,100663296.0,10066329.6
Dragonfly+,3647,447259410432.0,94.13006756756756,14208,9728,100663296.0,10066329.6
Dragonfly+,3648,447259410432.0,94.13710585585585,14208,9728,100663296.0,10066329.6
Dragonfly+,3649,447259410432.0,94.14414414414415,14208,9728,100663296.0,10066329.6
Dragonfly+,3650,447259410432.0,94.15118243243244,14208,9728,100663296.0,10066329.6
Dragonfly+,3651,447259410432.0,94.15822072072072,14208,9728,100663296.0,10066329.6
Dragonfly+,3652,447259410432.0,94.165259009009,14208,9728,100663296.0,10066329.6
Dragonfly+,3653,447259410432.0,94.1722972972973,14208,9728,100663296.0,10066329.6
Dragonfly+,3654,447259410432.0,94.17933558558559,14208,9728,100663296.0,10066329.6
Dragonfly+,3655,447259410432.0,94.18637387387388,14208,9728,100663296.0,10066329.6
Dragonfly+,3656,447259410432.0,94.19341216216216,14208,9728,100663296.0,10066329.6
Dragonfly+,3657,447259410432.0,94.20045045045045,14208,9728,100663296.0,10066329.6
Dragonfly+,3658,447259410432.0,94.20748873873875,14208,9728,100663296.0,10066329.6
Dragonfly+,3659,447259410432.0,94.21452702702703,14208,9728,100663296.0,10066329.6
Dragonfly+,3660,447259410432.0,94.22156531531532,14208,9728,100663296.0,10066329.6
Dragonfly+,3661,447259410432.0,94.2286036036036,14208,9728,100663296.0,10066329.6
Dragonfly+,3662,447259410432.0,94.2356418918919,14208,9728,100663296.0,10066329.6
Dragonfly+,3663,447259410432.0,94.24268018018019,14208,9728,100663296.0,10066329.6
Dragonfly+,3664,447259410432.0,94.24971846846847,14208,9728,100663296.0,10066329.6
Dragonfly+,3665,447259410432.0,94.25675675675676,14208,9728,100663296.0,10066329.6
Dragonfly+,3666,447259410432.0,94.26379504504504,14208,9728,100663296.0,10066329.6
Dragonfly+,3667,447259410432.0,94.27083333333334,14208,9728,100663296.0,10066329.6
Dragonfly+,3668,447259410432.0,94.27787162162163,14208,9728,100663296.0,10066329.6
Dragonfly+,3669,447259410432.0,94.28490990990991,14208,9728,100663296.0,10066329.6
Dragonfly+,3670,447259410432.0,94.2919481981982,14208,9728,100663296.0,10066329.6
Dragonfly+,3671,447259410432.0,94.29898648648648,14208,9728,100663296.0,10066329.6
Dragonfly+,3672,447259410432.0,94.30602477477478,14208,9728,100663296.0,10066329.6
Dragonfly+,3673,447259410432.0,94.31306306306307,14208,9728,100663296.0,10066329.6
Dragonfly+,3674,447259410432.0,94.32010135135135,14208,9728,100663296.0,10066329.6
Dragonfly+,3675,447259410432.0,94.32713963963964,14208,9728,100663296.0,10066329.6
Dragonfly+,3676,447259410432.0,94.33417792792793,14208,9728,100663296.0,10066329.6
Dragonfly+,3677,447259410432.0,94.34121621621621,14208,9728,100663296.0,10066329.6
Dragonfly+,3678,447259410432.0,94.3482545045045,14208,9728,100663296.0,10066329.6
Dragonfly+,3679,447259410432.0,94.3552927927928,14208,9728,100663296.0,10066329.6
Dragonfly+,3680,447259410432.0,94.36233108108108,14208,9728,100663296.0,10066329.6
Dragonfly+,3681,447259410432.0,94.36936936936937,14208,9728,100663296.0,10066329.6
Dragonfly+,3682,447259410432.0,94.37640765765765,14208,9728,100663296.0,10066329.6
Dragonfly+,3683,447259410432.0,94.38344594594594,14208,9728,100663296.0,10066329.6
Dragonfly+,3684,447259410432.0,94.39048423423422,14208,9728,100663296.0,10066329.6
Dragonfly+,3685,447259410432.0,94.39752252252252,14208,9728,100663296.0,10066329.6
Dragonfly+,3686,447259410432.0,94.4045608108108,14208,9728,100663296.0,10066329.6
Dragonfly+,3687,447259410432.0,94.41159909909909,14208,9728,100663296.0,10066329.6
Dragonfly+,3688,447259410432.0,94.41863738738738,14208,9728,100663296.0,10066329.6
Dragonfly+,3689,447259410432.0,94.42567567567568,14208,9728,100663296.0,10066329.6
Dragonfly+,3690,447259410432.0,94.43271396396396,14208,9728,100663296.0,10066329.6
Dragonfly+,3691,447259410432.0,94.43975225225225,14208,9728,100663296.0,10066329.6
Dragonfly+,3692,447259410432.0,94.44679054054053,14208,9728,100663296.0,10066329.6
Dragonfly+,3693,447259410432.0,94.45382882882883,14208,9728,100663296.0,10066329.6
Dragonfly+,3694,447259410432.0,94.46086711711712,14208,9728,100663296.0,10066329.6
Dragonfly+,3695,447259410432.0,94.4679054054054,14208,9728,100663296.0,10066329.6
Dragonfly+,3696,447259410432.0,94.47494369369369,14208,9728,100663296.0,10066329.6
Dragonfly+,3697,447259410432.0,94.48198198198197,14208,9728,100663296.0,10066329.6
Dragonfly+,3698,447259410432.0,94.48902027027027,14208,9728,100663296.0,10066329.6
Dragonfly+,3699,447259410432.0,94.49605855855856,14208,9728,100663296.0,10066329.6
Dragonfly+,3700,447259410432.0,94.50309684684684,14208,9728,100663296.0,10066329.6
Dragonfly+,3701,447259410432.0,94.51013513513513,14208,9728,100663296.0,10066329.6
Dragonfly+,3702,447259410432.0,94.51717342342343,14208,9728,100663296.0,10066329.6
Dragonfly+,3703,447259410432.0,94.52421171171171,14208,9728,100663296.0,10066329.6
Dragonfly+,3704,447259410432.0,94.53125,14208,9728,100663296.0,10066329.6
Dragonfly+,3705,447259410432.0,94.53828828828829,14208,9728,100663296.0,10066329.6
Dragonfly+,3706,447259410432.0,94.54532657657657,14208,9728,100663296.0,10066329.6
Dragonfly+,3707,447259410432.0,94.55236486486487,14208,9728,100663296.0,10066329.6
Dragonfly+,3708,447259410432.0,94.55940315315316,14208,9728,100663296.0,10066329.6
Dragonfly+,3709,447259410432.0,94.56644144144144,14208,9728,100663296.0,10066329.6
Dragonfly+,3710,447259410432.0,94.57347972972973,14208,9728,100663296.0,10066329.6
Dragonfly+,3711,447259410432.0,94.58051801801803,14208,9728,100663296.0,10066329.6
Dragonfly+,3712,447259410432.0,94.58755630630631,14208,9728,100663296.0,10066329.6
Dragonfly+,3713,447259410432.0,94.5945945945946,14208,9728,100663296.0,10066329.6
Dragonfly+,3714,447259410432.0,94.60163288288288,14208,9728,100663296.0,10066329.6
Dragonfly+,3715,447259410432.0,94.60867117117117,14208,9728,100663296.0,10066329.6
Dragonfly+,3716,447259410432.0,94.61570945945947,14208,9728,100663296.0,10066329.6
Dragonfly+,3717,447259410432.0,94.62274774774775,14208,9728,100663296.0,10066329.6
Dragonfly+,3718,447259410432.0,94.62978603603604,14208,9728,100663296.0,10066329.6
Dragonfly+,3719,447259410432.0,94.63682432432432,14208,9728,100663296.0,10066329.6
Dragonfly+,3720,447259410432.0,94.64386261261262,14208,9728,100663296.0,10066329.6
Dragonfly+,3721,447259410432.0,94.65090090090091,14208,9728,100663296.0,10066329.6
Dragonfly+,3722,447259410432.0,94.6579391891892,14208,9728,100663296.0,10066329.6
Dragonfly+,3723,447259410432.0,94.66497747747748,14208,9728,100663296.0,10066329.6
Dragonfly+,3724,447259410432.0,94.67201576576578,14208,9728,100663296.0,10066329.6
Dragonfly+,3725,447259410432.0,94.67905405405406,14208,9728,100663296.0,10066329.6
Dragonfly+,3726,447259410432.0,94.68609234234235,14208,9728,100663296.0,10066329.6
Dragonfly+,3727,447259410432.0,94.69313063063063,14208,9728,100663296.0,10066329.6
Dragonfly+,3728,447259410432.0,94.70016891891892,14208,9728,100663296.0,10066329.6
Dragonfly+,3729,447259410432.0,94.7072072072072,14208,9728,100663296.0,10066329.6
Dragonfly+,3730,447259410432.0,94.7142454954955,14208,9728,100663296.0,10066329.6
Dragonfly+,3731,447259410432.0,94.72128378378379,14208,9728,100663296.0,10066329.6
Dragonfly+,3732,447259410432.0,94.72832207207207,14208,9728,100663296.0,10066329.6
Dragonfly+,3733,447259410432.0,94.73536036036036,14208,9728,100663296.0,10066329.6
Dragonfly+,3734,447259410432.0,94.74239864864865,14208,9728,100663296.0,10066329.6
Dragonfly+,3735,447259410432.0,94.74943693693693,14208,9728,100663296.0,10066329.6
Dragonfly+,3736,447259410432.0,94.75647522522522,14208,9728,100663296.0,10066329.6
Dragonfly+,3737,447259410432.0,94.76351351351352,14208,9728,100663296.0,10066329.6
Dragonfly+,3738,447259410432.0,94.7705518018018,14208,9728,100663296.0,10066329.6
Dragonfly+,3739,447259410432.0,94.77759009009009,14208,9728,100663296.0,10066329.6
Dragonfly+,3740,447259410432.0,94.78462837837837,14208,9728,100663296.0,10066329.6
Dragonfly+,3741,447259410432.0,94.79166666666666,14208,9728,100663296.0,10066329.6
Dragonfly+,3742,447259410432.0,94.79870495495496,14208,9728,100663296.0,10066329.6
Dragonfly+,3743,447259410432.0,94.80574324324324,14208,9728,100663296.0,10066329.6
Dragonfly+,3744,447259410432.0,94.81278153153153,14208,9728,100663296.0,10066329.6
Dragonfly+,3745,447259410432.0,94.81981981981981,14208,9728,100663296.0,10066329.6
Dragonfly+,3746,447259410432.0,94.8268581081081,14208,9728,100663296.0,10066329.6
Dragonfly+,3747,447259410432.0,94.8338963963964,14208,9728,100663296.0,10066329.6
Dragonfly+,3748,447259410432.0,94.84093468468468,14208,9728,100663296.0,10066329.6
Dragonfly+,3749,447259410432.0,94.84797297297297,14208,9728,100663296.0,10066329.6
Dragonfly+,3750,447259410432.0,94.85501126126125,14208,9728,100663296.0,10066329.6
Dragonfly+,3751,447259410432.0,94.86204954954955,14208,9728,100663296.0,10066329.6
Dragonfly+,3752,447259410432.0,94.86908783783784,14208,9728,100663296.0,10066329.6
Dragonfly+,3753,447259410432.0,94.87612612612612,14208,9728,100663296.0,10066329.6
Dragonfly+,3754,447259410432.0,94.88316441441441,14208,9728,100663296.0,10066329.6
Dragonfly+,3755,447259410432.0,94.8902027027027,14208,9728,100663296.0,10066329.6
Dragonfly+,3756,447259410432.0,94.897240990991,14208,9728,100663296.0,10066329.6
Dragonfly+,3757,447259410432.0,94.90427927927928,14208,9728,100663296.0,10066329.6
Dragonfly+,3758,447259410432.0,94.91131756756756,14208,9728,100663296.0,10066329.6
Dragonfly+,3759,447259410432.0,94.91835585585585,14208,9728,100663296.0,10066329.6
Dragonfly+,3760,447259410432.0,94.92539414414415,14208,9728,100663296.0,10066329.6
Dragonfly+,3761,447259410432.0,94.93243243243244,14208,9728,100663296.0,10066329.6
Dragonfly+,3762,447259410432.0,94.93947072072072,14208,9728,100663296.0,10066329.6
Dragonfly+,3763,447259410432.0,94.946509009009,14208,9728,100663296.0,10066329.6
Dragonfly+,3764,447259410432.0,94.9535472972973,14208,9728,100663296.0,10066329.6
Dragonfly+,3765,447259410432.0,94.96058558558559,14208,9728,100663296.0,10066329.6
Dragonfly+,3766,447259410432.0,94.96762387387388,14208,9728,100663296.0,10066329.6
Dragonfly+,3767,447259410432.0,94.97466216216216,14208,9728,100663296.0,10066329.6
Dragonfly+,3768,447259410432.0,94.98170045045045,14208,9728,100663296.0,10066329.6
Dragonfly+,3769,447259410432.0,94.98873873873875,14208,9728,100663296.0,10066329.6
Dragonfly+,3770,447259410432.0,94.99577702702703,14208,9728,100663296.0,10066329.6
Dragonfly+,3771,447259410432.0,95.00281531531532,14208,9728,100663296.0,10066329.6
Dragonfly+,3772,447259410432.0,95.0098536036036,14208,9728,100663296.0,10066329.6
Dragonfly+,3773,447259410432.0,95.0168918918919,14208,9728,100663296.0,10066329.6
Dragonfly+,3774,447259410432.0,95.02393018018019,14208,9728,100663296.0,10066329.6
Dragonfly+,3775,447259410432.0,95.03096846846847,14208,9728,100663296.0,10066329.6
Dragonfly+,3776,447259410432.0,95.03800675675676,14208,9728,100663296.0,10066329.6
Dragonfly+,3777,447259410432.0,95.04504504504504,14208,9728,100663296.0,10066329.6
Dragonfly+,3778,447259410432.0,95.05208333333334,14208,9728,100663296.0,10066329.6
Dragonfly+,3779,447259410432.0,95.05912162162163,14208,9728,100663296.0,10066329.6
Dragonfly+,3780,447259410432.0,95.06615990990991,14208,9728,100663296.0,10066329.6
Dragonfly+,3781,447259410432.0,95.0731981981982,14208,9728,100663296.0,10066329.6
Dragonfly+,3782,447259410432.0,95.08023648648648,14208,9728,100663296.0,10066329.6
Dragonfly+,3783,447259410432.0,95.08727477477478,14208,9728,100663296.0,10066329.6
Dragonfly+,3784,447259410432.0,95.09431306306307,14208,9728,100663296.0,10066329.6
Dragonfly+,3785,447259410432.0,95.10135135135135,14208,9728,100663296.0,10066329.6
Dragonfly+,3786,447259410432.0,95.10838963963964,14208,9728,100663296.0,10066329.6
Dragonfly+,3787,447259410432.0,95.11542792792793,14208,9728,100663296.0,10066329.6
Dragonfly+,3788,447259410432.0,95.12246621621621,14208,9728,100663296.0,10066329.6
Dragonfly+,3789,447259410432.0,95.1295045045045,14208,9728,100663296.0,10066329.6
Dragonfly+,3790,447259410432.0,95.1365427927928,14208,9728,100663296.0,10066329.6
Dragonfly+,3791,447259410432.0,95.14358108108108,14208,9728,100663296.0,10066329.6
Dragonfly+,3792,447259410432.0,95.15061936936937,14208,9728,100663296.0,10066329.6
Dragonfly+,3793,447259410432.0,95.15765765765765,14208,9728,100663296.0,10066329.6
Dragonfly+,3794,447259410432.0,95.16469594594594,14208,9728,100663296.0,10066329.6
Dragonfly+,3795,447259410432.0,95.17173423423422,14208,9728,100663296.0,10066329.6
Dragonfly+,3796,447259410432.0,95.17877252252252,14208,9728,100663296.0,10066329.6
Dragonfly+,3797,447259410432.0,95.1858108108108,14208,9728,100663296.0,10066329.6
Dragonfly+,3798,447259410432.0,95.19284909909909,14208,9728,100663296.0,10066329.6
Dragonfly+,3799,447259410432.0,95.19988738738738,14208,9728,100663296.0,10066329.6
Dragonfly+,3800,447259410432.0,95.20692567567568,14208,9728,100663296.0,10066329.6
Dragonfly+,3801,447259410432.0,95.21396396396396,14208,9728,100663296.0,10066329.6
Dragonfly+,3802,447259410432.0,95.22100225225225,14208,9728,100663296.0,10066329.6
Dragonfly+,3803,447259410432.0,95.22804054054053,14208,9728,100663296.0,10066329.6
Dragonfly+,3804,447259410432.0,95.23507882882883,14208,9728,100663296.0,10066329.6
Dragonfly+,3805,447259410432.0,95.24211711711712,14208,9728,100663296.0,10066329.6
Dragonfly+,3806,447259410432.0,95.2491554054054,14208,9728,100663296.0,10066329.6
Dragonfly+,3807,447259410432.0,95.25619369369369,14208,9728,100663296.0,10066329.6
Dragonfly+,3808,447259410432.0,95.26323198198197,14208,9728,100663296.0,10066329.6
Dragonfly+,3809,447259410432.0,95.27027027027027,14208,9728,100663296.0,10066329.6
Dragonfly+,3810,447259410432.0,95.27730855855856,14208,9728,100663296.0,10066329.6
Dragonfly+,3811,447259410432.0,95.28434684684684,14208,9728,100663296.0,10066329.6
Dragonfly+,3812,447259410432.0,95.29138513513513,14208,9728,100663296.0,10066329.6
Dragonfly+,3813,447259410432.0,95.29842342342343,14208,9728,100663296.0,10066329.6
Dragonfly+,3814,447259410432.0,95.30546171171171,14208,9728,100663296.0,10066329.6
Dragonfly+,3815,447259410432.0,95.3125,14208,9728,100663296.0,10066329.6
Dragonfly+,3816,447259410432.0,95.31953828828829,14208,9728,100663296.0,10066329.6
Dragonfly+,3817,447259410432.0,95.32657657657657,14208,9728,100663296.0,10066329.6
Dragonfly+,3818,447259410432.0,95.33361486486487,14208,9728,100663296.0,10066329.6
Dragonfly+,3819,447259410432.0,95.34065315315316,14208,9728,100663296.0,10066329.6
Dragonfly+,3820,447259410432.0,95.34769144144144,14208,9728,100663296.0,10066329.6
Dragonfly+,3821,447259410432.0,95.35472972972973,14208,9728,100663296.0,10066329.6
Dragonfly+,3822,447259410432.0,95.36176801801803,14208,9728,100663296.0,10066329.6
Dragonfly+,3823,447259410432.0,95.36880630630631,14208,9728,100663296.0,10066329.6
Dragonfly+,3824,447259410432.0,95.3758445945946,14208,9728,100663296.0,10066329.6
Dragonfly+,3825,447259410432.0,95.38288288288288,14208,9728,100663296.0,10066329.6
Dragonfly+,3826,447259410432.0,95.38992117117117,14208,9728,100663296.0,10066329.6
Dragonfly+,3827,447259410432.0,95.39695945945947,14208,9728,100663296.0,10066329.6
Dragonfly+,3828,447259410432.0,95.40399774774775,14208,9728,100663296.0,10066329.6
Dragonfly+,3829,447259410432.0,95.41103603603604,14208,9728,100663296.0,10066329.6
Dragonfly+,3830,447259410432.0,95.41807432432432,14208,9728,100663296.0,10066329.6
Dragonfly+,3831,447259410432.0,95.42511261261262,14208,9728,100663296.0,10066329.6
Dragonfly+,3832,447259410432.0,95.43215090090091,14208,9728,100663296.0,10066329.6
Dragonfly+,3833,447259410432.0,95.4391891891892,14208,9728,100663296.0,10066329.6
Dragonfly+,3834,447259410432.0,95.44622747747748,14208,9728,100663296.0,10066329.6
Dragonfly+,3835,447259410432.0,95.45326576576578,14208,9728,100663296.0,10066329.6
Dragonfly+,3836,447259410432.0,95.46030405405406,14208,9728,100663296.0,10066329.6
Dragonfly+,3837,447259410432.0,95.46734234234235,14208,9728,100663296.0,10066329.6
Dragonfly+,3838,447259410432.0,95.47438063063063,14208,9728,100663296.0,10066329.6
Dragonfly+,3839,447259410432.0,95.48141891891892,14208,9728,100663296.0,10066329.6
Dragonfly+,3840,447259410432.0,95.4884572072072,14208,9728,100663296.0,10066329.6
Dragonfly+,3841,447259410432.0,95.4954954954955,14208,9728,100663296.0,10066329.6
Dragonfly+,3842,447259410432.0,95.50253378378379,14208,9728,100663296.0,10066329.6
Dragonfly+,3843,447259410432.0,95.50957207207207,14208,9728,100663296.0,10066329.6
Dragonfly+,3844,447259410432.0,95.51661036036036,14208,9728,100663296.0,10066329.6
Dragonfly+,3845,447259410432.0,95.52364864864865,14208,9728,100663296.0,10066329.6
Dragonfly+,3846,447259410432.0,95.53068693693693,14208,9728,100663296.0,10066329.6
Dragonfly+,3847,447259410432.0,95.53772522522522,14208,9728,100663296.0,10066329.6
Dragonfly+,3848,447259410432.0,95.54476351351352,14208,9728,100663296.0,10066329.6
Dragonfly+,3849,447259410432.0,95.5518018018018,14208,9728,100663296.0,10066329.6
Dragonfly+,3850,447259410432.0,95.55884009009009,14208,9728,100663296.0,10066329.6
Dragonfly+,3851,447259410432.0,95.56587837837837,14208,9728,100663296.0,10066329.6
Dragonfly+,3852,447259410432.0,95.57291666666666,14208,9728,100663296.0,10066329.6
Dragonfly+,3853,447259410432.0,95.57995495495496,14208,9728,100663296.0,10066329.6
Dragonfly+,3854,447259410432.0,95.58699324324324,14208,9728,100663296.0,10066329.6
Dragonfly+,3855,447259410432.0,95.59403153153153,14208,9728,100663296.0,10066329.6
Dragonfly+,3856,447259410432.0,95.60106981981981,14208,9728,100663296.0,10066329.6
Dragonfly+,3857,447259410432.0,95.6081081081081,14208,9728,100663296.0,10066329.6
Dragonfly+,3858,447259410432.0,95.6151463963964,14208,9728,100663296.0,10066329.6
Dragonfly+,3859,447259410432.0,95.62218468468468,14208,9728,100663296.0,10066329.6
Dragonfly+,3860,447259410432.0,95.62922297297297,14208,9728,100663296.0,10066329.6
Dragonfly+,3861,447259410432.0,95.63626126126125,14208,9728,100663296.0,10066329.6
Dragonfly+,3862,447259410432.0,95.64329954954955,14208,9728,100663296.0,10066329.6
Dragonfly+,3863,447259410432.0,95.65033783783784,14208,9728,100663296.0,10066329.6
Dragonfly+,3864,447259410432.0,95.65737612612612,14208,9728,100663296.0,10066329.6
Dragonfly+,3865,447259410432.0,95.66441441441441,14208,9728,100663296.0,10066329.6
Dragonfly+,3866,447259410432.0,95.6714527027027,14208,9728,100663296.0,10066329.6
Dragonfly+,3867,447259410432.0,95.678490990991,14208,9728,100663296.0,10066329.6
Dragonfly+,3868,447259410432.0,95.68552927927928,14208,9728,100663296.0,10066329.6
Dragonfly+,3869,447259410432.0,95.69256756756756,14208,9728,100663296.0,10066329.6
Dragonfly+,3870,447259410432.0,95.69960585585585,14208,9728,100663296.0,10066329.6
Dragonfly+,3871,447259410432.0,95.70664414414415,14208,9728,100663296.0,10066329.6
Dragonfly+,3872,447259410432.0,95.71368243243244,14208,9728,100663296.0,10066329.6
Dragonfly+,3873,447259410432.0,95.72072072072072,14208,9728,100663296.0,10066329.6
Dragonfly+,3874,447259410432.0,95.727759009009,14208,9728,100663296.0,10066329.6
Dragonfly+,3875,447259410432.0,95.7347972972973,14208,9728,100663296.0,10066329.6
Dragonfly+,3876,447259410432.0,95.74183558558559,14208,9728,100663296.0,10066329.6
Dragonfly+,3877,447259410432.0,95.74887387387388,14208,9728,100663296.0,10066329.6
Dragonfly+,3878,447259410432.0,95.75591216216216,14208,9728,100663296.0,10066329.6
Dragonfly+,3879,447259410432.0,95.76295045045045,14208,9728,100663296.0,10066329.6
Dragonfly+,3880,447259410432.0,95.76998873873875,14208,9728,100663296.0,10066329.6
Dragonfly+,3881,447259410432.0,95.77702702702703,14208,9728,100663296.0,10066329.6
Dragonfly+,3882,447259410432.0,95.78406531531532,14208,9728,100663296.0,10066329.6
Dragonfly+,3883,447259410432.0,95.7911036036036,14208,9728,100663296.0,10066329.6
Dragonfly+,3884,447259410432.0,95.7981418918919,14208,9728,100663296.0,10066329.6
Dragonfly+,3885,447259410432.0,95.80518018018019,14208,9728,100663296.0,10066329.6
Dragonfly+,3886,447259410432.0,95.81221846846847,14208,9728,100663296.0,10066329.6
Dragonfly+,3887,447259410432.0,95.81925675675676,14208,9728,100663296.0,10066329.6
Dragonfly+,3888,447259410432.0,95.82629504504504,14208,9728,100663296.0,10066329.6
Dragonfly+,3889,447259410432.0,95.83333333333334,14208,9728,100663296.0,10066329.6
Dragonfly+,3890,447259410432.0,95.84037162162163,14208,9728,100663296.0,10066329.6
Dragonfly+,3891,447259410432.0,95.84740990990991,14208,9728,100663296.0,10066329.6
Dragonfly+,3892,447259410432.0,95.8544481981982,14208,9728,100663296.0,10066329.6
Dragonfly+,3893,447259410432.0,95.86148648648648,14208,9728,100663296.0,10066329.6
Dragonfly+,3894,447259410432.0,95.86852477477478,14208,9728,100663296.0,10066329.6
Dragonfly+,3895,447259410432.0,95.87556306306307,14208,9728,100663296.0,10066329.6
Dragonfly+,3896,447259410432.0,95.88260135135135,14208,9728,100663296.0,10066329.6
Dragonfly+,3897,447259410432.0,95.88963963963964,14208,9728,100663296.0,10066329.6
Dragonfly+,3898,447259410432.0,95.89667792792793,14208,9728,100663296.0,10066329.6
Dragonfly+,3899,447259410432.0,95.90371621621621,14208,9728,100663296.0,10066329.6
Dragonfly+,3900,447259410432.0,95.9107545045045,14208,9728,100663296.0,10066329.6
Dragonfly+,3901,447259410432.0,95.9177927927928,14208,9728,100663296.0,10066329.6
Dragonfly+,3902,447259410432.0,95.92483108108108,14208,9728,100663296.0,10066329.6
Dragonfly+,3903,447259410432.0,95.93186936936937,14208,9728,100663296.0,10066329.6
Dragonfly+,3904,447259410432.0,95.93890765765765,14208,9728,100663296.0,10066329.6
Dragonfly+,3905,447259410432.0,95.94594594594594,14208,9728,100663296.0,10066329.6
Dragonfly+,3906,447259410432.0,95.95298423423422,14208,9728,100663296.0,10066329.6
Dragonfly+,3907,447259410432.0,95.96002252252252,14208,9728,100663296.0,10066329.6
Dragonfly+,3908,447259410432.0,95.9670608108108,14208,9728,100663296.0,10066329.6
Dragonfly+,3909,447259410432.0,95.97409909909909,14208,9728,100663296.0,10066329.6
Dragonfly+,3910,447259410432.0,95.98113738738738,14208,9728,100663296.0,10066329.6
Dragonfly+,3911,447259410432.0,95.98817567567568,14208,9728,100663296.0,10066329.6
Dragonfly+,3912,447259410432.0,95.99521396396396,14208,9728,100663296.0,10066329.6
Dragonfly+,3913,447259410432.0,96.00225225225225,14208,9728,100663296.0,10066329.6
Dragonfly+,3914,447259410432.0,96.00929054054053,14208,9728,100663296.0,10066329.6
Dragonfly+,3915,447259410432.0,96.01632882882883,14208,9728,100663296.0,10066329.6
Dragonfly+,3916,447259410432.0,96.02336711711712,14208,9728,100663296.0,10066329.6
Dragonfly+,3917,447259410432.0,96.0304054054054,14208,9728,100663296.0,10066329.6
Dragonfly+,3918,447259410432.0,96.03744369369369,14208,9728,100663296.0,10066329.6
Dragonfly+,3919,447259410432.0,96.04448198198197,14208,9728,100663296.0,10066329.6
Dragonfly+,3920,447259410432.0,96.05152027027027,14208,9728,100663296.0,10066329.6
Dragonfly+,3921,447259410432.0,96.05855855855856,14208,9728,100663296.0,10066329.6
Dragonfly+,3922,447259410432.0,96.06559684684684,14208,9728,100663296.0,10066329.6
Dragonfly+,3923,447259410432.0,96.07263513513513,14208,9728,100663296.0,10066329.6
Dragonfly+,3924,447259410432.0,96.07967342342343,14208,9728,100663296.0,10066329.6
Dragonfly+,3925,447259410432.0,96.08671171171171,14208,9728,100663296.0,10066329.6
Dragonfly+,3926,447259410432.0,96.09375,14208,9728,100663296.0,10066329.6
Dragonfly+,3927,447259410432.0,96.10078828828829,14208,9728,100663296.0,10066329.6
Dragonfly+,3928,447259410432.0,96.10782657657657,14208,9728,100663296.0,10066329.6
Dragonfly+,3929,447259410432.0,96.11486486486487,14208,9728,100663296.0,10066329.6
Dragonfly+,3930,447259410432.0,96.12190315315316,14208,9728,100663296.0,10066329.6
Dragonfly+,3931,447259410432.0,96.12894144144144,14208,9728,100663296.0,10066329.6
Dragonfly+,3932,447259410432.0,96.13597972972973,14208,9728,100663296.0,10066329.6
Dragonfly+,3933,447259410432.0,96.14301801801803,14208,9728,100663296.0,10066329.6
Dragonfly+,3934,447259410432.0,96.15005630630631,14208,9728,100663296.0,10066329.6
Dragonfly+,3935,447259410432.0,96.1570945945946,14208,9728,100663296.0,10066329.6
Dragonfly+,3936,447259410432.0,96.16413288288288,14208,9728,100663296.0,10066329.6
Dragonfly+,3937,447259410432.0,96.17117117117117,14208,9728,100663296.0,10066329.6
Dragonfly+,3938,447259410432.0,96.17820945945947,14208,9728,100663296.0,10066329.6
Dragonfly+,3939,447259410432.0,96.18524774774775,14208,9728,100663296.0,10066329.6
Dragonfly+,3940,447259410432.0,96.19228603603604,14208,9728,100663296.0,10066329.6
Dragonfly+,3941,447259410432.0,96.19932432432432,14208,9728,100663296.0,10066329.6
Dragonfly+,3942,447259410432.0,96.20636261261262,14208,9728,100663296.0,10066329.6
Dragonfly+,3943,447259410432.0,96.21340090090091,14208,9728,100663296.0,10066329.6
Dragonfly+,3944,447259410432.0,96.2204391891892,14208,9728,100663296.0,10066329.6
Dragonfly+,3945,447259410432.0,96.22747747747748,14208,9728,100663296.0,10066329.6
Dragonfly+,3946,447259410432.0,96.23451576576578,14208,9728,100663296.0,10066329.6
Dragonfly+,3947,447259410432.0,96.24155405405406,14208,9728,100663296.0,10066329.6
Dragonfly+,3948,447259410432.0,96.24859234234235,14208,9728,100663296.0,10066329.6
Dragonfly+,3949,447259410432.0,96.25563063063063,14208,9728,100663296.0,10066329.6
Dragonfly+,3950,447259410432.0,96.26266891891892,14208,9728,100663296.0,10066329.6
Dragonfly+,3951,447259410432.0,96.2697072072072,14208,9728,100663296.0,10066329.6
Dragonfly+,3952,447259410432.0,96.2767454954955,14208,9728,100663296.0,10066329.6
Dragonfly+,3953,447259410432.0,96.28378378378379,14208,9728,100663296.0,10066329.6
Dragonfly+,3954,447259410432.0,96.29082207207207,14208,9728,100663296.0,10066329.6
Dragonfly+,3955,447259410432.0,96.29786036036036,14208,9728,100663296.0,10066329.6
Dragonfly+,3956,447259410432.0,96.30489864864865,14208,9728,100663296.0,10066329.6
Dragonfly+,3957,447259410432.0,96.31193693693693,14208,9728,100663296.0,10066329.6
Dragonfly+,3958,447259410432.0,96.31897522522522,14208,9728,100663296.0,10066329.6
Dragonfly+,3959,447259410432.0,96.32601351351352,14208,9728,100663296.0,10066329.6
Dragonfly+,3960,447259410432.0,96.3330518018018,14208,9728,100663296.0,10066329.6
Dragonfly+,3961,447259410432.0,96.34009009009009,14208,9728,100663296.0,10066329.6
Dragonfly+,3962,447259410432.0,96.34712837837837,14208,9728,100663296.0,10066329.6
Dragonfly+,3963,447259410432.0,96.35416666666666,14208,9728,100663296.0,10066329.6
Dragonfly+,3964,447259410432.0,96.36120495495496,14208,9728,100663296.0,10066329.6
Dragonfly+,3965,447259410432.0,96.36824324324324,14208,9728,100663296.0,10066329.6
Dragonfly+,3966,447259410432.0,96.37528153153153,14208,9728,100663296.0,10066329.6
Dragonfly+,3967,447259410432.0,96.38231981981981,14208,9728,100663296.0,10066329.6
Dragonfly+,3968,447259410432.0,96.3893581081081,14208,9728,100663296.0,10066329.6
Dragonfly+,3969,447259410432.0,96.3963963963964,14208,9728,100663296.0,10066329.6
Dragonfly+,3970,447259410432.0,96.40343468468468,14208,9728,100663296.0,10066329.6
Dragonfly+,3971,447259410432.0,96.41047297297297,14208,9728,100663296.0,10066329.6
Dragonfly+,3972,447259410432.0,96.41751126126125,14208,9728,100663296.0,10066329.6
Dragonfly+,3973,447259410432.0,96.42454954954955,14208,9728,100663296.0,10066329.6
Dragonfly+,3974,447259410432.0,96.43158783783784,14208,9728,100663296.0,10066329.6
Dragonfly+,3975,447259410432.0,96.43862612612612,14208,9728,100663296.0,10066329.6
Dragonfly+,3976,447259410432.0,96.44566441441441,14208,9728,100663296.0,10066329.6
Dragonfly+,3977,447259410432.0,96.4527027027027,14208,9728,100663296.0,10066329.6
Dragonfly+,3978,447259410432.0,96.459740990991,14208,9728,100663296.0,10066329.6
Dragonfly+,3979,447259410432.0,96.46677927927928,14208,9728,100663296.0,10066329.6
Dragonfly+,3980,447259410432.0,96.47381756756756,14208,9728,100663296.0,10066329.6
Dragonfly+,3981,447259410432.0,96.48085585585585,14208,9728,100663296.0,10066329.6
Dragonfly+,3982,447259410432.0,96.48789414414415,14208,9728,100663296.0,10066329.6
Dragonfly+,3983,447259410432.0,96.49493243243244,14208,9728,100663296.0,10066329.6
Dragonfly+,3984,447259410432.0,96.50197072072072,14208,9728,100663296.0,10066329.6
Dragonfly+,3985,447259410432.0,96.509009009009,14208,9728,100663296.0,10066329.6
Dragonfly+,3986,447259410432.0,96.5160472972973,14208,9728,100663296.0,10066329.6
Dragonfly+,3987,447259410432.0,96.52308558558559,14208,9728,100663296.0,10066329.6
Dragonfly+,3988,447259410432.0,96.53012387387388,14208,9728,100663296.0,10066329.6
Dragonfly+,3989,447259410432.0,96.53716216216216,14208,9728,100663296.0,10066329.6
Dragonfly+,3990,447259410432.0,96.54420045045045,14208,9728,100663296.0,10066329.6
Dragonfly+,3991,447259410432.0,96.55123873873875,14208,9728,100663296.0,10066329.6
Dragonfly+,3992,447259410432.0,96.55827702702703,14208,9728,100663296.0,10066329.6
Dragonfly+,3993,447259410432.0,96.56531531531532,14208,9728,100663296.0,10066329.6
Dragonfly+,3994,447259410432.0,96.5723536036036,14208,9728,100663296.0,10066329.6
Dragonfly+,3995,447259410432.0,96.5793918918919,14208,9728,100663296.0,10066329.6
Dragonfly+,3996,447259410432.0,96.58643018018019,14208,9728,100663296.0,10066329.6
Dragonfly+,3997,447259410432.0,96.59346846846847,14208,9728,100663296.0,10066329.6
Dragonfly+,3998,447259410432.0,96.60050675675676,14208,9728,100663296.0,10066329.6
Dragonfly+,3999,447259410432.0,96.60754504504504,14208,9728,100663296.0,10066329.6
Dragonfly+,4000,447259410432.0,96.61458333333334,14208,9728,100663296.0,10066329.6
Dragonfly+,4001,447259410432.0,96.62162162162163,14208,9728,100663296.0,10066329.6
Dragonfly+,4002,447259410432.0,96.62865990990991,14208,9728,100663296.0,10066329.6
Dragonfly+,4003,447259410432.0,96.6356981981982,14208,9728,100663296.0,10066329.6
Dragonfly+,4004,447259410432.0,96.64273648648648,14208,9728,100663296.0,10066329.6
Dragonfly+,4005,447259410432.0,96.64977477477478,14208,9728,100663296.0,10066329.6
Dragonfly+,4006,447259410432.0,96.65681306306307,14208,9728,100663296.0,10066329.6
Dragonfly+,4007,447259410432.0,96.66385135135135,14208,9728,100663296.0,10066329.6
Dragonfly+,4008,447259410432.0,96.67088963963964,14208,9728,100663296.0,10066329.6
Dragonfly+,4009,447259410432.0,96.67792792792793,14208,9728,100663296.0,10066329.6
Dragonfly+,4010,447259410432.0,96.68496621621621,14208,9728,100663296.0,10066329.6
Dragonfly+,4011,447259410432.0,96.6920045045045,14208,9728,100663296.0,10066329.6
Dragonfly+,4012,447259410432.0,96.6990427927928,14208,9728,100663296.0,10066329.6
Dragonfly+,4013,447259410432.0,96.70608108108108,14208,9728,100663296.0,10066329.6
Dragonfly+,4014,447259410432.0,96.71311936936937,14208,9728,100663296.0,10066329.6
Dragonfly+,4015,447259410432.0,96.72015765765765,14208,9728,100663296.0,10066329.6
Dragonfly+,4016,447259410432.0,96.72719594594594,14208,9728,100663296.0,10066329.6
Dragonfly+,4017,447259410432.0,96.73423423423422,14208,9728,100663296.0,10066329.6
Dragonfly+,4018,447259410432.0,96.74127252252252,14208,9728,100663296.0,10066329.6
Dragonfly+,4019,447259410432.0,96.7483108108108,14208,9728,100663296.0,10066329.6
Dragonfly+,4020,447259410432.0,96.75534909909909,14208,9728,100663296.0,10066329.6
Dragonfly+,4021,447259410432.0,96.76238738738738,14208,9728,100663296.0,10066329.6
Dragonfly+,4022,447259410432.0,96.76942567567568,14208,9728,100663296.0,10066329.6
Dragonfly+,4023,447259410432.0,96.77646396396396,14208,9728,100663296.0,10066329.6
Dragonfly+,4024,447259410432.0,96.78350225225225,14208,9728,100663296.0,10066329.6
Dragonfly+,4025,447259410432.0,96.79054054054053,14208,9728,100663296.0,10066329.6
Dragonfly+,4026,447259410432.0,96.79757882882883,14208,9728,100663296.0,10066329.6
Dragonfly+,4027,447259410432.0,96.80461711711712,14208,9728,100663296.0,10066329.6
Dragonfly+,4028,447259410432.0,96.8116554054054,14208,9728,100663296.0,10066329.6
Dragonfly+,4029,447259410432.0,96.81869369369369,14208,9728,100663296.0,10066329.6
Dragonfly+,4030,447259410432.0,96.82573198198197,14208,9728,100663296.0,10066329.6
Dragonfly+,4031,447259410432.0,96.83277027027027,14208,9728,100663296.0,10066329.6
Dragonfly+,4032,447259410432.0,96.83980855855856,14208,9728,100663296.0,10066329.6
Dragonfly+,4033,447259410432.0,96.84684684684684,14208,9728,100663296.0,10066329.6
Dragonfly+,4034,447259410432.0,96.85388513513513,14208,9728,100663296.0,10066329.6
Dragonfly+,4035,447259410432.0,96.86092342342343,14208,9728,100663296.0,10066329.6
Dragonfly+,4036,447259410432.0,96.86796171171171,14208,9728,100663296.0,10066329.6
Dragonfly+,4037,447259410432.0,96.875,14208,9728,100663296.0,10066329.6
Dragonfly+,4038,447259410432.0,96.88203828828829,14208,9728,100663296.0,10066329.6
Dragonfly+,4039,447259410432.0,96.88907657657657,14208,9728,100663296.0,10066329.6
Dragonfly+,4040,447259410432.0,96.89611486486487,14208,9728,100663296.0,10066329.6
Dragonfly+,4041,447259410432.0,96.90315315315316,14208,9728,100663296.0,10066329.6
Dragonfly+,4042,447259410432.0,96.91019144144144,14208,9728,100663296.0,10066329.6
Dragonfly+,4043,447259410432.0,96.91722972972973,14208,9728,100663296.0,10066329.6
Dragonfly+,4044,447259410432.0,96.92426801801803,14208,9728,100663296.0,10066329.6
Dragonfly+,4045,447259410432.0,96.93130630630631,14208,9728,100663296.0,10066329.6
Dragonfly+,4046,447259410432.0,96.9383445945946,14208,9728,100663296.0,10066329.6
Dragonfly+,4047,447259410432.0,96.94538288288288,14208,9728,100663296.0,10066329.6
Dragonfly+,4048,447259410432.0,96.95242117117117,14208,9728,100663296.0,10066329.6
Dragonfly+,4049,447259410432.0,96.95945945945947,14208,9728,100663296.0,10066329.6
Dragonfly+,4050,447259410432.0,96.96649774774775,14208,9728,100663296.0,10066329.6
Dragonfly+,4051,447259410432.0,96.97353603603604,14208,9728,100663296.0,10066329.6
Dragonfly+,4052,447259410432.0,96.98057432432432,14208,9728,100663296.0,10066329.6
Dragonfly+,4053,447259410432.0,96.98761261261262,14208,9728,100663296.0,10066329.6
Dragonfly+,4054,447259410432.0,96.99465090090091,14208,9728,100663296.0,10066329.6
Dragonfly+,4055,447259410432.0,97.0016891891892,14208,9728,100663296.0,10066329.6
Dragonfly+,4056,447259410432.0,97.00872747747748,14208,9728,100663296.0,10066329.6
Dragonfly+,4057,447259410432.0,97.01576576576578,14208,9728,100663296.0,10066329.6
Dragonfly+,4058,447259410432.0,97.02280405405406,14208,9728,100663296.0,10066329.6
Dragonfly+,4059,447259410432.0,97.02984234234235,14208,9728,100663296.0,10066329.6
Dragonfly+,4060,447259410432.0,97.03688063063063,14208,9728,100663296.0,10066329.6
Dragonfly+,4061,447259410432.0,97.04391891891892,14208,9728,100663296.0,10066329.6
Dragonfly+,4062,447259410432.0,97.0509572072072,14208,9728,100663296.0,10066329.6
Dragonfly+,4063,447259410432.0,97.0579954954955,14208,9728,100663296.0,10066329.6
Dragonfly+,4064,447259410432.0,97.06503378378379,14208,9728,100663296.0,10066329.6
Dragonfly+,4065,447259410432.0,97.07207207207207,14208,9728,100663296.0,10066329.6
Dragonfly+,4066,447259410432.0,97.07911036036036,14208,9728,100663296.0,10066329.6
Dragonfly+,4067,447259410432.0,97.08614864864865,14208,9728,100663296.0,10066329.6
Dragonfly+,4068,447259410432.0,97.09318693693693,14208,9728,100663296.0,10066329.6
Dragonfly+,4069,447259410432.0,97.10022522522522,14208,9728,100663296.0,10066329.6
Dragonfly+,4070,447259410432.0,97.10726351351352,14208,9728,100663296.0,10066329.6
Dragonfly+,4071,447259410432.0,97.1143018018018,14208,9728,100663296.0,10066329.6
Dragonfly+,4072,447259410432.0,97.12134009009009,14208,9728,100663296.0,10066329.6
Dragonfly+,4073,447259410432.0,97.12837837837837,14208,9728,100663296.0,10066329.6
Dragonfly+,4074,447259410432.0,97.13541666666666,14208,9728,100663296.0,10066329.6
Dragonfly+,4075,447259410432.0,97.14245495495496,14208,9728,100663296.0,10066329.6
Dragonfly+,4076,447259410432.0,97.14949324324324,14208,9728,100663296.0,10066329.6
Dragonfly+,4077,447259410432.0,97.15653153153153,14208,9728,100663296.0,10066329.6
Dragonfly+,4078,447259410432.0,97.16356981981981,14208,9728,100663296.0,10066329.6
Dragonfly+,4079,447259410432.0,97.1706081081081,14208,9728,100663296.0,10066329.6
Dragonfly+,4080,447259410432.0,97.1776463963964,14208,9728,100663296.0,10066329.6
Dragonfly+,4081,447259410432.0,97.18468468468468,14208,9728,100663296.0,10066329.6
Dragonfly+,4082,447259410432.0,97.19172297297297,14208,9728,100663296.0,10066329.6
Dragonfly+,4083,447259410432.0,97.19876126126125,14208,9728,100663296.0,10066329.6
Dragonfly+,4084,447259410432.0,97.20579954954955,14208,9728,100663296.0,10066329.6
Dragonfly+,4085,447259410432.0,97.21283783783784,14208,9728,100663296.0,10066329.6
Dragonfly+,4086,447259410432.0,97.21987612612612,14208,9728,100663296.0,10066329.6
Dragonfly+,4087,447259410432.0,97.22691441441441,14208,9728,100663296.0,10066329.6
Dragonfly+,4088,447259410432.0,97.2339527027027,14208,9728,100663296.0,10066329.6
Dragonfly+,4089,447259410432.0,97.240990990991,14208,9728,100663296.0,10066329.6
Dragonfly+,4090,447259410432.0,97.24802927927928,14208,9728,100663296.0,10066329.6
Dragonfly+,4091,447259410432.0,97.25506756756756,14208,9728,100663296.0,10066329.6
Dragonfly+,4092,447259410432.0,97.26210585585585,14208,9728,100663296.0,10066329.6
Dragonfly+,4093,447259410432.0,97.26914414414415,14208,9728,100663296.0,10066329.6
Dragonfly+,4094,447259410432.0,97.27618243243244,14208,9728,100663296.0,10066329.6
Dragonfly+,4095,447259410432.0,97.28322072072072,14208,9728,100663296.0,10066329.6
Dragonfly+,4096,447259410432.0,97.290259009009,14208,9728,100663296.0,10066329.6
Dragonfly+,4097,447259410432.0,97.2972972972973,14208,9728,100663296.0,10066329.6
Dragonfly+,4098,447259410432.0,97.30433558558559,14208,9728,100663296.0,10066329.6
Dragonfly+,4099,447259410432.0,97.31137387387388,14208,9728,100663296.0,10066329.6
Dragonfly+,4100,447259410432.0,97.31841216216216,14208,9728,100663296.0,10066329.6
Dragonfly+,4101,447259410432.0,97.32545045045045,14208,9728,100663296.0,10066329.6
Dragonfly+,4102,447259410432.0,97.33248873873875,14208,9728,100663296.0,10066329.6
Dragonfly+,4103,447259410432.0,97.33952702702703,14208,9728,100663296.0,10066329.6
Dragonfly+,4104,447259410432.0,97.34656531531532,14208,9728,100663296.0,10066329.6
Dragonfly+,4105,447259410432.0,97.3536036036036,14208,9728,100663296.0,10066329.6
Dragonfly+,4106,447259410432.0,97.3606418918919,14208,9728,100663296.0,10066329.6
Dragonfly+,4107,447259410432.0,97.36768018018019,14208,9728,100663296.0,10066329.6
Dragonfly+,4108,447259410432.0,97.37471846846847,14208,9728,100663296.0,10066329.6
Dragonfly+,4109,447259410432.0,97.38175675675676,14208,9728,100663296.0,10066329.6
Dragonfly+,4110,447259410432.0,97.38879504504504,14208,9728,100663296.0,10066329.6
Dragonfly+,4111,447259410432.0,97.39583333333334,14208,9728,100663296.0,10066329.6
Dragonfly+,4112,447259410432.0,97.40287162162163,14208,9728,100663296.0,10066329.6
Dragonfly+,4113,447259410432.0,97.40990990990991,14208,9728,100663296.0,10066329.6
Dragonfly+,4114,447259410432.0,97.4169481981982,14208,9728,100663296.0,10066329.6
Dragonfly+,4115,447259410432.0,97.42398648648648,14208,9728,100663296.0,10066329.6
Dragonfly+,4116,447259410432.0,97.43102477477478,14208,9728,100663296.0,10066329.6
Dragonfly+,4117,447259410432.0,97.43806306306307,14208,9728,100663296.0,10066329.6
Dragonfly+,4118,447259410432.0,97.44510135135135,14208,9728,100663296.0,10066329.6
Dragonfly+,4119,447259410432.0,97.45213963963964,14208,9728,100663296.0,10066329.6
Dragonfly+,4120,447259410432.0,97.45917792792793,14208,9728,100663296.0,10066329.6
Dragonfly+,4121,447259410432.0,97.46621621621621,14208,9728,100663296.0,10066329.6
Dragonfly+,4122,447259410432.0,97.4732545045045,14208,9728,100663296.0,10066329.6
Dragonfly+,4123,447259410432.0,97.4802927927928,14208,9728,100663296.0,10066329.6
Dragonfly+,4124,447259410432.0,97.48733108108108,14208,9728,100663296.0,10066329.6
Dragonfly+,4125,447259410432.0,97.49436936936937,14208,9728,100663296.0,10066329.6
Dragonfly+,4126,447259410432.0,97.50140765765765,14208,9728,100663296.0,10066329.6
Dragonfly+,4127,447259410432.0,97.50844594594594,14208,9728,100663296.0,10066329.6
Dragonfly+,4128,447259410432.0,97.51548423423422,14208,9728,100663296.0,10066329.6
Dragonfly+,4129,447259410432.0,97.52252252252252,14208,9728,100663296.0,10066329.6
Dragonfly+,4130,447259410432.0,97.5295608108108,14208,9728,100663296.0,10066329.6
Dragonfly+,4131,447259410432.0,97.53659909909909,14208,9728,100663296.0,10066329.6
Dragonfly+,4132,447259410432.0,97.54363738738738,14208,9728,100663296.0,10066329.6
Dragonfly+,4133,447259410432.0,97.55067567567568,14208,9728,100663296.0,10066329.6
Dragonfly+,4134,447259410432.0,97.55771396396396,14208,9728,100663296.0,10066329.6
Dragonfly+,4135,447259410432.0,97.56475225225225,14208,9728,100663296.0,10066329.6
Dragonfly+,4136,447259410432.0,97.57179054054053,14208,9728,100663296.0,10066329.6
Dragonfly+,4137,447259410432.0,97.57882882882883,14208,9728,100663296.0,10066329.6
Dragonfly+,4138,447259410432.0,97.58586711711712,14208,9728,100663296.0,10066329.6
Dragonfly+,4139,447259410432.0,97.5929054054054,14208,9728,100663296.0,10066329.6
Dragonfly+,4140,447259410432.0,97.59994369369369,14208,9728,100663296.0,10066329.6
Dragonfly+,4141,447259410432.0,97.60698198198197,14208,9728,100663296.0,10066329.6
Dragonfly+,4142,447259410432.0,97.61402027027027,14208,9728,100663296.0,10066329.6
Dragonfly+,4143,447259410432.0,97.62105855855856,14208,9728,100663296.0,10066329.6
Dragonfly+,4144,447259410432.0,97.62809684684684,14208,9728,100663296.0,10066329.6
Dragonfly+,4145,447259410432.0,97.63513513513513,14208,9728,100663296.0,10066329.6
Dragonfly+,4146,447259410432.0,97.64217342342343,14208,9728,100663296.0,10066329.6
Dragonfly+,4147,447259410432.0,97.64921171171171,14208,9728,100663296.0,10066329.6
Dragonfly+,4148,447259410432.0,97.65625,14208,9728,100663296.0,10066329.6
Dragonfly+,4149,447259410432.0,97.66328828828829,14208,9728,100663296.0,10066329.6
Dragonfly+,4150,447259410432.0,97.67032657657657,14208,9728,100663296.0,10066329.6
Dragonfly+,4151,447259410432.0,97.67736486486487,14208,9728,100663296.0,10066329.6
Dragonfly+,4152,447259410432.0,97.68440315315316,14208,9728,100663296.0,10066329.6
Dragonfly+,4153,447259410432.0,97.69144144144144,14208,9728,100663296.0,10066329.6
Dragonfly+,4154,447259410432.0,97.69847972972973,14208,9728,100663296.0,10066329.6
Dragonfly+,4155,447259410432.0,97.70551801801803,14208,9728,100663296.0,10066329.6
Dragonfly+,4156,447259410432.0,97.71255630630631,14208,9728,100663296.0,10066329.6
Dragonfly+,4157,447259410432.0,97.7195945945946,14208,9728,100663296.0,10066329.6
Dragonfly+,4158,447259410432.0,97.72663288288288,14208,9728,100663296.0,10066329.6
Dragonfly+,4159,447259410432.0,97.73367117117117,14208,9728,100663296.0,10066329.6
Dragonfly+,4160,447259410432.0,97.74070945945947,14208,9728,100663296.0,10066329.6
Dragonfly+,4161,447259410432.0,97.74774774774775,14208,9728,100663296.0,10066329.6
Dragonfly+,4162,447259410432.0,97.75478603603604,14208,9728,100663296.0,10066329.6
Dragonfly+,4163,447259410432.0,97.76182432432432,14208,9728,100663296.0,10066329.6
Dragonfly+,4164,447259410432.0,97.76886261261262,14208,9728,100663296.0,10066329.6
Dragonfly+,4165,447259410432.0,97.77590090090091,14208,9728,100663296.0,10066329.6
Dragonfly+,4166,447259410432.0,97.7829391891892,14208,9728,100663296.0,10066329.6
Dragonfly+,4167,447259410432.0,97.78997747747748,14208,9728,100663296.0,10066329.6
Dragonfly+,4168,447259410432.0,97.79701576576578,14208,9728,100663296.0,10066329.6
Dragonfly+,4169,447259410432.0,97.80405405405406,14208,9728,100663296.0,10066329.6
Dragonfly+,4170,447259410432.0,97.81109234234235,14208,9728,100663296.0,10066329.6
Dragonfly+,4171,447259410432.0,97.81813063063063,14208,9728,100663296.0,10066329.6
Dragonfly+,4172,447259410432.0,97.82516891891892,14208,9728,100663296.0,10066329.6
Dragonfly+,4173,447259410432.0,97.8322072072072,14208,9728,100663296.0,10066329.6
Dragonfly+,4174,447259410432.0,97.8392454954955,14208,9728,100663296.0,10066329.6
Dragonfly+,4175,447259410432.0,97.84628378378379,14208,9728,100663296.0,10066329.6
Dragonfly+,4176,447259410432.0,97.85332207207207,14208,9728,100663296.0,10066329.6
Dragonfly+,4177,447259410432.0,97.86036036036036,14208,9728,100663296.0,10066329.6
Dragonfly+,4178,447259410432.0,97.86739864864865,14208,9728,100663296.0,10066329.6
Dragonfly+,4179,447259410432.0,97.87443693693693,14208,9728,100663296.0,10066329.6
Dragonfly+,4180,447259410432.0,97.88147522522522,14208,9728,100663296.0,10066329.6
Dragonfly+,4181,447259410432.0,97.88851351351352,14208,9728,100663296.0,10066329.6
Dragonfly+,4182,447259410432.0,97.8955518018018,14208,9728,100663296.0,10066329.6
Dragonfly+,4183,447259410432.0,97.90259009009009,14208,9728,100663296.0,10066329.6
Dragonfly+,4184,447259410432.0,97.90962837837837,14208,9728,100663296.0,10066329.6
Dragonfly+,4185,447259410432.0,97.91666666666666,14208,9728,100663296.0,10066329.6
Dragonfly+,4186,447259410432.0,97.92370495495496,14208,9728,100663296.0,10066329.6
Dragonfly+,4187,447259410432.0,97.93074324324324,14208,9728,100663296.0,10066329.6
Dragonfly+,4188,447259410432.0,97.93778153153153,14208,9728,100663296.0,10066329.6
Dragonfly+,4189,447259410432.0,97.94481981981981,14208,9728,100663296.0,10066329.6
Dragonfly+,4190,447259410432.0,97.9518581081081,14208,9728,100663296.0,10066329.6
Dragonfly+,4191,447259410432.0,97.9588963963964,14208,9728,100663296.0,10066329.6
Dragonfly+,4192,447259410432.0,97.96593468468468,14208,9728,100663296.0,10066329.6
Dragonfly+,4193,447259410432.0,97.97297297297297,14208,9728,100663296.0,10066329.6
Dragonfly+,4194,447259410432.0,97.98001126126125,14208,9728,100663296.0,10066329.6
Dragonfly+,4195,447259410432.0,97.98704954954955,14208,9728,100663296.0,10066329.6
Dragonfly+,4196,447259410432.0,97.99408783783784,14208,9728,100663296.0,10066329.6
Dragonfly+,4197,447259410432.0,98.00112612612612,14208,9728,100663296.0,10066329.6
Dragonfly+,4198,447259410432.0,98.00816441441441,14208,9728,100663296.0,10066329.6
Dragonfly+,4199,447259410432.0,98.0152027027027,14208,9728,100663296.0,10066329.6
Dragonfly+,4200,447259410432.0,98.022240990991,14208,9728,100663296.0,10066329.6
Dragonfly+,4201,447259410432.0,98.02927927927928,14208,9728,100663296.0,10066329.6
Dragonfly+,4202,447259410432.0,98.03631756756756,14208,9728,100663296.0,10066329.6
Dragonfly+,4203,447259410432.0,98.04335585585585,14208,9728,100663296.0,10066329.6
Dragonfly+,4204,447259410432.0,98.05039414414415,14208,9728,100663296.0,10066329.6
Dragonfly+,4205,447259410432.0,98.05743243243244,14208,9728,100663296.0,10066329.6
Dragonfly+,4206,447259410432.0,98.06447072072072,14208,9728,100663296.0,10066329.6
Dragonfly+,4207,447259410432.0,98.071509009009,14208,9728,100663296.0,10066329.6
Dragonfly+,4208,447259410432.0,98.0785472972973,14208,9728,100663296.0,10066329.6
Dragonfly+,4209,447259410432.0,98.08558558558559,14208,9728,100663296.0,10066329.6
Dragonfly+,4210,447259410432.0,98.09262387387388,14208,9728,100663296.0,10066329.6
Dragonfly+,4211,447259410432.0,98.09966216216216,14208,9728,100663296.0,10066329.6
Dragonfly+,4212,447259410432.0,98.10670045045045,14208,9728,100663296.0,10066329.6
Dragonfly+,4213,447259410432.0,98.11373873873875,14208,9728,100663296.0,10066329.6
Dragonfly+,4214,447259410432.0,98.12077702702703,14208,9728,100663296.0,10066329.6
Dragonfly+,4215,447259410432.0,98.12781531531532,14208,9728,100663296.0,10066329.6
Dragonfly+,4216,447259410432.0,98.1348536036036,14208,9728,100663296.0,10066329.6
Dragonfly+,4217,447259410432.0,98.1418918918919,14208,9728,100663296.0,10066329.6
Dragonfly+,4218,447259410432.0,98.14893018018019,14208,9728,100663296.0,10066329.6
Dragonfly+,4219,447259410432.0,98.15596846846847,14208,9728,100663296.0,10066329.6
Dragonfly+,4220,447259410432.0,98.16300675675676,14208,9728,100663296.0,10066329.6
Dragonfly+,4221,447259410432.0,98.17004504504504,14208,9728,100663296.0,10066329.6
Dragonfly+,4222,447259410432.0,98.17708333333334,14208,9728,100663296.0,10066329.6
Dragonfly+,4223,447259410432.0,98.18412162162163,14208,9728,100663296.0,10066329.6
Dragonfly+,4224,447259410432.0,98.19115990990991,14208,9728,100663296.0,10066329.6
Dragonfly+,4225,447259410432.0,98.1981981981982,14208,9728,100663296.0,10066329.6
Dragonfly+,4226,447259410432.0,98.20523648648648,14208,9728,100663296.0,10066329.6
Dragonfly+,4227,447259410432.0,98.21227477477478,14208,9728,100663296.0,10066329.6
Dragonfly+,4228,447259410432.0,98.21931306306307,14208,9728,100663296.0,10066329.6
Dragonfly+,4229,447259410432.0,98.22635135135135,14208,9728,100663296.0,10066329.6
Dragonfly+,4230,447259410432.0,98.23338963963964,14208,9728,100663296.0,10066329.6
Dragonfly+,4231,447259410432.0,98.24042792792793,14208,9728,100663296.0,10066329.6
Dragonfly+,4232,447259410432.0,98.24746621621621,14208,9728,100663296.0,10066329.6
Dragonfly+,4233,447259410432.0,98.2545045045045,14208,9728,100663296.0,10066329.6
Dragonfly+,4234,447259410432.0,98.2615427927928,14208,9728,100663296.0,10066329.6
Dragonfly+,4235,447259410432.0,98.26858108108108,14208,9728,100663296.0,10066329.6
Dragonfly+,4236,447259410432.0,98.27561936936937,14208,9728,100663296.0,10066329.6
Dragonfly+,4237,447259410432.0,98.28265765765765,14208,9728,100663296.0,10066329.6
Dragonfly+,4238,447259410432.0,98.28969594594594,14208,9728,100663296.0,10066329.6
Dragonfly+,4239,447259410432.0,98.29673423423422,14208,9728,100663296.0,10066329.6
Dragonfly+,4240,447259410432.0,98.30377252252252,14208,9728,100663296.0,10066329.6
Dragonfly+,4241,447259410432.0,98.3108108108108,14208,9728,100663296.0,10066329.6
Dragonfly+,4242,447259410432.0,98.31784909909909,14208,9728,100663296.0,10066329.6
Dragonfly+,4243,447259410432.0,98.32488738738738,14208,9728,100663296.0,10066329.6
Dragonfly+,4244,447259410432.0,98.33192567567568,14208,9728,100663296.0,10066329.6
Dragonfly+,4245,447259410432.0,98.33896396396396,14208,9728,100663296.0,10066329.6
Dragonfly+,4246,447259410432.0,98.34600225225225,14208,9728,100663296.0,10066329.6
Dragonfly+,4247,447259410432.0,98.35304054054053,14208,9728,100663296.0,10066329.6
Dragonfly+,4248,447259410432.0,98.36007882882883,14208,9728,100663296.0,10066329.6
Dragonfly+,4249,447259410432.0,98.36711711711712,14208,9728,100663296.0,10066329.6
Dragonfly+,4250,447259410432.0,98.3741554054054,14208,9728,100663296.0,10066329.6
Dragonfly+,4251,447259410432.0,98.38119369369369,14208,9728,100663296.0,10066329.6
Dragonfly+,4252,447259410432.0,98.38823198198197,14208,9728,100663296.0,10066329.6
Dragonfly+,4253,447259410432.0,98.39527027027027,14208,9728,100663296.0,10066329.6
Dragonfly+,4254,447259410432.0,98.40230855855856,14208,9728,100663296.0,10066329.6
Dragonfly+,4255,447259410432.0,98.40934684684684,14208,9728,100663296.0,10066329.6
Dragonfly+,4256,447259410432.0,98.41638513513513,14208,9728,100663296.0,10066329.6
Dragonfly+,4257,447259410432.0,98.42342342342343,14208,9728,100663296.0,10066329.6
Dragonfly+,4258,447259410432.0,98.43046171171171,14208,9728,100663296.0,10066329.6
Dragonfly+,4259,447259410432.0,98.4375,14208,9728,100663296.0,10066329.6
Dragonfly+,4260,447259410432.0,98.44453828828829,14208,9728,100663296.0,10066329.6
Dragonfly+,4261,447259410432.0,98.45157657657657,14208,9728,100663296.0,10066329.6
Dragonfly+,4262,447259410432.0,98.45861486486487,14208,9728,100663296.0,10066329.6
Dragonfly+,4263,447259410432.0,98.46565315315316,14208,9728,100663296.0,10066329.6
Dragonfly+,4264,447259410432.0,98.47269144144144,14208,9728,100663296.0,10066329.6
Dragonfly+,4265,447259410432.0,98.47972972972973,14208,9728,100663296.0,10066329.6
Dragonfly+,4266,447259410432.0,98.48676801801803,14208,9728,100663296.0,10066329.6
Dragonfly+,4267,447259410432.0,98.49380630630631,14208,9728,100663296.0,10066329.6
Dragonfly+,4268,447259410432.0,98.5008445945946,14208,9728,100663296.0,10066329.6
Dragonfly+,4269,447259410432.0,98.50788288288288,14208,9728,100663296.0,10066329.6
Dragonfly+,4270,447259410432.0,98.51492117117117,14208,9728,100663296.0,10066329.6
Dragonfly+,4271,447259410432.0,98.52195945945947,14208,9728,100663296.0,10066329.6
Dragonfly+,4272,447259410432.0,98.52899774774775,14208,9728,100663296.0,10066329.6
Dragonfly+,4273,447259410432.0,98.53603603603604,14208,9728,100663296.0,10066329.6
Dragonfly+,4274,447259410432.0,98.54307432432432,14208,9728,100663296.0,10066329.6
Dragonfly+,4275,447259410432.0,98.55011261261262,14208,9728,100663296.0,10066329.6
Dragonfly+,4276,447259410432.0,98.55715090090091,14208,9728,100663296.0,10066329.6
Dragonfly+,4277,447259410432.0,98.5641891891892,14208,9728,100663296.0,10066329.6
Dragonfly+,4278,447259410432.0,98.57122747747748,14208,9728,100663296.0,10066329.6
Dragonfly+,4279,447259410432.0,98.57826576576578,14208,9728,100663296.0,10066329.6
Dragonfly+,4280,447259410432.0,98.58530405405406,14208,9728,100663296.0,10066329.6
Dragonfly+,4281,447259410432.0,98.59234234234235,14208,9728,100663296.0,10066329.6
Dragonfly+,4282,447259410432.0,98.59938063063063,14208,9728,100663296.0,10066329.6
Dragonfly+,4283,447259410432.0,98.60641891891892,14208,9728,100663296.0,10066329.6
Dragonfly+,4284,447259410432.0,98.6134572072072,14208,9728,100663296.0,10066329.6
Dragonfly+,4285,447259410432.0,98.6204954954955,14208,9728,100663296.0,10066329.6
Dragonfly+,4286,447259410432.0,98.62753378378379,14208,9728,100663296.0,10066329.6
Dragonfly+,4287,447259410432.0,98.63457207207207,14208,9728,100663296.0,10066329.6
Dragonfly+,4288,447259410432.0,98.64161036036036,14208,9728,100663296.0,10066329.6
Dragonfly+,4289,447259410432.0,98.64864864864865,14208,9728,100663296.0,10066329.6
Dragonfly+,4290,447259410432.0,98.65568693693693,14208,9728,100663296.0,10066329.6
Dragonfly+,4291,447259410432.0,98.66272522522522,14208,9728,100663296.0,10066329.6
Dragonfly+,4292,447259410432.0,98.66976351351352,14208,9728,100663296.0,10066329.6
Dragonfly+,4293,447259410432.0,98.6768018018018,14208,9728,100663296.0,10066329.6
Dragonfly+,4294,447259410432.0,98.68384009009009,14208,9728,100663296.0,10066329.6
Dragonfly+,4295,447259410432.0,98.69087837837837,14208,9728,100663296.0,10066329.6
Dragonfly+,4296,447259410432.0,98.69791666666666,14208,9728,100663296.0,10066329.6
Dragonfly+,4297,447259410432.0,98.70495495495496,14208,9728,100663296.0,10066329.6
Dragonfly+,4298,447259410432.0,98.71199324324324,14208,9728,100663296.0,10066329.6
Dragonfly+,4299,447259410432.0,98.71903153153153,14208,9728,100663296.0,10066329.6
Dragonfly+,4300,447259410432.0,98.72606981981981,14208,9728,100663296.0,10066329.6
Dragonfly+,4301,447259410432.0,98.7331081081081,14208,9728,100663296.0,10066329.6
Dragonfly+,4302,447259410432.0,98.7401463963964,14208,9728,100663296.0,10066329.6
Dragonfly+,4303,447259410432.0,98.74718468468468,14208,9728,100663296.0,10066329.6
Dragonfly+,4304,447259410432.0,98.75422297297297,14208,9728,100663296.0,10066329.6
Dragonfly+,4305,447259410432.0,98.76126126126125,14208,9728,100663296.0,10066329.6
Dragonfly+,4306,447259410432.0,98.76829954954955,14208,9728,100663296.0,10066329.6
Dragonfly+,4307,447259410432.0,98.77533783783784,14208,9728,100663296.0,10066329.6
Dragonfly+,4308,447259410432.0,98.78237612612612,14208,9728,100663296.0,10066329.6
Dragonfly+,4309,447259410432.0,98.78941441441441,14208,9728,100663296.0,10066329.6
Dragonfly+,4310,447259410432.0,98.7964527027027,14208,9728,100663296.0,10066329.6
Dragonfly+,4311,447259410432.0,98.803490990991,14208,9728,100663296.0,10066329.6
Dragonfly+,4312,447259410432.0,98.81052927927928,14208,9728,100663296.0,10066329.6
Dragonfly+,4313,447259410432.0,98.81756756756756,14208,9728,100663296.0,10066329.6
Dragonfly+,4314,447259410432.0,98.82460585585585,14208,9728,100663296.0,10066329.6
Dragonfly+,4315,447259410432.0,98.83164414414415,14208,9728,100663296.0,10066329.6
Dragonfly+,4316,447259410432.0,98.83868243243244,14208,9728,100663296.0,10066329.6
Dragonfly+,4317,447259410432.0,98.84572072072072,14208,9728,100663296.0,10066329.6
Dragonfly+,4318,447259410432.0,98.852759009009,14208,9728,100663296.0,10066329.6
Dragonfly+,4319,447259410432.0,98.8597972972973,14208,9728,100663296.0,10066329.6
Dragonfly+,4320,447259410432.0,98.86683558558559,14208,9728,100663296.0,10066329.6
Dragonfly+,4321,447259410432.0,98.87387387387388,14208,9728,100663296.0,10066329.6
Dragonfly+,4322,447259410432.0,98.88091216216216,14208,9728,100663296.0,10066329.6
Dragonfly+,4323,447259410432.0,98.88795045045045,14208,9728,100663296.0,10066329.6
Dragonfly+,4324,447259410432.0,98.89498873873875,14208,9728,100663296.0,10066329.6
Dragonfly+,4325,447259410432.0,98.90202702702703,14208,9728,100663296.0,10066329.6
Dragonfly+,4326,447259410432.0,98.90906531531532,14208,9728,100663296.0,10066329.6
Dragonfly+,4327,447259410432.0,98.9161036036036,14208,9728,100663296.0,10066329.6
Dragonfly+,4328,447259410432.0,98.9231418918919,14208,9728,100663296.0,10066329.6
Dragonfly+,4329,447259410432.0,98.93018018018019,14208,9728,100663296.0,10066329.6
Dragonfly+,4330,447259410432.0,98.93721846846847,14208,9728,100663296.0,10066329.6
Dragonfly+,4331,447259410432.0,98.94425675675676,14208,9728,100663296.0,10066329.6
Dragonfly+,4332,447259410432.0,98.95129504504504,14208,9728,100663296.0,10066329.6
Dragonfly+,4333,447259410432.0,98.95833333333334,14208,9728,100663296.0,10066329.6
Dragonfly+,4334,447259410432.0,98.96537162162163,14208,9728,100663296.0,10066329.6
Dragonfly+,4335,447259410432.0,98.97240990990991,14208,9728,100663296.0,10066329.6
Dragonfly+,4336,447259410432.0,98.9794481981982,14208,9728,100663296.0,10066329.6
Dragonfly+,4337,447259410432.0,98.98648648648648,14208,9728,100663296.0,10066329.6
Dragonfly+,4338,447259410432.0,98.99352477477478,14208,9728,100663296.0,10066329.6
Dragonfly+,4339,447259410432.0,99.00056306306307,14208,9728,100663296.0,10066329.6
Dragonfly+,4340,447259410432.0,99.00760135135135,14208,9728,100663296.0,10066329.6
Dragonfly+,4341,447259410432.0,99.01463963963964,14208,9728,100663296.0,10066329.6
Dragonfly+,4342,447259410432.0,99.02167792792793,14208,9728,100663296.0,10066329.6
Dragonfly+,4343,447259410432.0,99.02871621621621,14208,9728,100663296.0,10066329.6
Dragonfly+,4344,447259410432.0,99.0357545045045,14208,9728,100663296.0,10066329.6
Dragonfly+,4345,447259410432.0,99.0427927927928,14208,9728,100663296.0,10066329.6
Dragonfly+,4346,447259410432.0,99.04983108108108,14208,9728,100663296.0,10066329.6
Dragonfly+,4347,447259410432.0,99.05686936936937,14208,9728,100663296.0,10066329.6
Dragonfly+,4348,447259410432.0,99.06390765765765,14208,9728,100663296.0,10066329.6
Dragonfly+,4349,447259410432.0,99.07094594594594,14208,9728,100663296.0,10066329.6
Dragonfly+,4350,447259410432.0,99.07798423423422,14208,9728,100663296.0,10066329.6
Dragonfly+,4351,447259410432.0,99.08502252252252,14208,9728,100663296.0,10066329.6
Dragonfly+,4352,447259410432.0,99.0920608108108,14208,9728,100663296.0,10066329.6
Dragonfly+,4353,447259410432.0,99.09909909909909,14208,9728,100663296.0,10066329.6
Dragonfly+,4354,447259410432.0,99.10613738738738,14208,9728,100663296.0,10066329.6
Dragonfly+,4355,447259410432.0,99.11317567567568,14208,9728,100663296.0,10066329.6
Dragonfly+,4356,447259410432.0,99.12021396396396,14208,9728,100663296.0,10066329.6
Dragonfly+,4357,447259410432.0,99.12725225225225,14208,9728,100663296.0,10066329.6
Dragonfly+,4358,447259410432.0,99.13429054054053,14208,9728,100663296.0,10066329.6
Dragonfly+,4359,447259410432.0,99.14132882882883,14208,9728,100663296.0,10066329.6
Dragonfly+,4360,447259410432.0,99.14836711711712,14208,9728,100663296.0,10066329.6
Dragonfly+,4361,447259410432.0,99.1554054054054,14208,9728,100663296.0,10066329.6
Dragonfly+,4362,447259410432.0,99.16244369369369,14208,9728,100663296.0,10066329.6
Dragonfly+,4363,447259410432.0,99.16948198198197,14208,9728,100663296.0,10066329.6
Dragonfly+,4364,447259410432.0,99.17652027027027,14208,9728,100663296.0,10066329.6
Dragonfly+,4365,447259410432.0,99.18355855855856,14208,9728,100663296.0,10066329.6
Dragonfly+,4366,447259410432.0,99.19059684684684,14208,9728,100663296.0,10066329.6
Dragonfly+,4367,447259410432.0,99.19763513513513,14208,9728,100663296.0,10066329.6
Dragonfly+,4368,447259410432.0,99.20467342342343,14208,9728,100663296.0,10066329.6
Dragonfly+,4369,447259410432.0,99.21171171171171,14208,9728,100663296.0,10066329.6
Dragonfly+,4370,447259410432.0,99.21875,14208,9728,100663296.0,10066329.6
Dragonfly+,4371,447259410432.0,99.22578828828829,14208,9728,100663296.0,10066329.6
Dragonfly+,4372,447259410432.0,99.23282657657657,14208,9728,100663296.0,10066329.6
Dragonfly+,4373,447259410432.0,99.23986486486487,14208,9728,100663296.0,10066329.6
Dragonfly+,4374,447259410432.0,99.24690315315316,14208,9728,100663296.0,10066329.6
Dragonfly+,4375,447259410432.0,99.25394144144144,14208,9728,100663296.0,10066329.6
Dragonfly+,4376,447259410432.0,99.26097972972973,14208,9728,100663296.0,10066329.6
Dragonfly+,4377,447259410432.0,99.26801801801803,14208,9728,100663296.0,10066329.6
Dragonfly+,4378,447259410432.0,99.27505630630631,14208,9728,100663296.0,10066329.6
Dragonfly+,4379,447259410432.0,99.2820945945946,14208,9728,100663296.0,10066329.6
Dragonfly+,4380,447259410432.0,99.28913288288288,14208,9728,100663296.0,10066329.6
Dragonfly+,4381,447259410432.0,99.29617117117117,14208,9728,100663296.0,10066329.6
Dragonfly+,4382,447259410432.0,99.30320945945947,14208,9728,100663296.0,10066329.6
Dragonfly+,4383,447259410432.0,99.31024774774775,14208,9728,100663296.0,10066329.6
Dragonfly+,4384,447259410432.0,99.31728603603604,14208,9728,100663296.0,10066329.6
Dragonfly+,4385,447259410432.0,99.32432432432432,14208,9728,100663296.0,10066329.6
Dragonfly+,4386,447259410432.0,99.33136261261262,14208,9728,100663296.0,10066329.6
Dragonfly+,4387,447259410432.0,99.33840090090091,14208,9728,100663296.0,10066329.6
Dragonfly+,4388,447259410432.0,99.3454391891892,14208,9728,100663296.0,10066329.6
Dragonfly+,4389,447259410432.0,99.35247747747748,14208,9728,100663296.0,10066329.6
Dragonfly+,4390,447259410432.0,99.35951576576578,14208,9728,100663296.0,10066329.6
Dragonfly+,4391,447259410432.0,99.36655405405406,14208,9728,100663296.0,10066329.6
Dragonfly+,4392,447259410432.0,99.37359234234235,14208,9728,100663296.0,10066329.6
Dragonfly+,4393,447259410432.0,99.38063063063063,14208,9728,100663296.0,10066329.6
Dragonfly+,4394,447259410432.0,99.38766891891892,14208,9728,100663296.0,10066329.6
Dragonfly+,4395,447259410432.0,99.3947072072072,14208,9728,100663296.0,10066329.6
Dragonfly+,4396,447259410432.0,99.4017454954955,14208,9728,100663296.0,10066329.6
Dragonfly+,4397,447259410432.0,99.40878378378379,14208,9728,100663296.0,10066329.6
Dragonfly+,4398,447259410432.0,99.41582207207207,14208,9728,100663296.0,10066329.6
Dragonfly+,4399,447259410432.0,99.42286036036036,14208,9728,100663296.0,10066329.6
Dragonfly+,4400,447259410432.0,99.42989864864865,14208,9728,100663296.0,10066329.6
Dragonfly+,4401,447259410432.0,99.43693693693693,14208,9728,100663296.0,10066329.6
Dragonfly+,4402,447259410432.0,99.44397522522522,14208,9728,100663296.0,10066329.6
Dragonfly+,4403,447259410432.0,99.45101351351352,14208,9728,100663296.0,10066329.6
Dragonfly+,4404,447259410432.0,99.4580518018018,14208,9728,100663296.0,10066329.6
Dragonfly+,4405,447259410432.0,99.46509009009009,14208,9728,100663296.0,10066329.6
Dragonfly+,4406,447259410432.0,99.47212837837837,14208,9728,100663296.0,10066329.6
Dragonfly+,4407,447259410432.0,99.47916666666666,14208,9728,100663296.0,10066329.6
Dragonfly+,4408,447259410432.0,99.48620495495496,14208,9728,100663296.0,10066329.6
Dragonfly+,4409,447259410432.0,99.49324324324324,14208,9728,100663296.0,10066329.6
Dragonfly+,4410,447259410432.0,99.50028153153153,14208,9728,100663296.0,10066329.6
Dragonfly+,4411,447259410432.0,99.50731981981981,14208,9728,100663296.0,10066329.6
Dragonfly+,4412,447259410432.0,99.5143581081081,14208,9728,100663296.0,10066329.6
Dragonfly+,4413,447259410432.0,99.5213963963964,14208,9728,100663296.0,10066329.6
Dragonfly+,4414,447259410432.0,99.52843468468468,14208,9728,100663296.0,10066329.6
Dragonfly+,4415,447259410432.0,99.53547297297297,14208,9728,100663296.0,10066329.6
Dragonfly+,4416,447259410432.0,99.54251126126125,14208,9728,100663296.0,10066329.6
Dragonfly+,4417,447259410432.0,99.54954954954955,14208,9728,100663296.0,10066329.6
Dragonfly+,4418,447259410432.0,99.55658783783784,14208,9728,100663296.0,10066329.6
Dragonfly+,4419,447259410432.0,99.56362612612612,14208,9728,100663296.0,10066329.6
Dragonfly+,4420,447259410432.0,99.57066441441441,14208,9728,100663296.0,10066329.6
Dragonfly+,4421,447259410432.0,99.5777027027027,14208,9728,100663296.0,10066329.6
Dragonfly+,4422,447259410432.0,99.584740990991,14208,9728,100663296.0,10066329.6
Dragonfly+,4423,447259410432.0,99.59177927927928,14208,9728,100663296.0,10066329.6
Dragonfly+,4424,447259410432.0,99.59881756756756,14208,9728,100663296.0,10066329.6
Dragonfly+,4425,447259410432.0,99.60585585585585,14208,9728,100663296.0,10066329.6
Dragonfly+,4426,447259410432.0,99.61289414414415,14208,9728,100663296.0,10066329.6
Dragonfly+,4427,447259410432.0,99.61993243243244,14208,9728,100663296.0,10066329.6
Dragonfly+,4428,447259410432.0,99.62697072072072,14208,9728,100663296.0,10066329.6
Dragonfly+,4429,447259410432.0,99.634009009009,14208,9728,100663296.0,10066329.6
Dragonfly+,4430,447259410432.0,99.6410472972973,14208,9728,100663296.0,10066329.6
Dragonfly+,4431,447259410432.0,99.64808558558559,14208,9728,100663296.0,10066329.6
Dragonfly+,4432,447259410432.0,99.65512387387388,14208,9728,100663296.0,10066329.6
Dragonfly+,4433,447259410432.0,99.66216216216216,14208,9728,100663296.0,10066329.6
Dragonfly+,4434,447259410432.0,99.66920045045045,14208,9728,100663296.0,10066329.6
Dragonfly+,4435,447259410432.0,99.67623873873875,14208,9728,100663296.0,10066329.6
Dragonfly+,4436,447259410432.0,99.68327702702703,14208,9728,100663296.0,10066329.6
Dragonfly+,4437,447259410432.0,99.69031531531532,14208,9728,100663296.0,10066329.6
Dragonfly+,4438,447259410432.0,99.6973536036036,14208,9728,100663296.0,10066329.6
Dragonfly+,4439,447259410432.0,99.7043918918919,14208,9728,100663296.0,10066329.6
Dragonfly+,4440,447259410432.0,99.71143018018019,14208,9728,100663296.0,10066329.6
Dragonfly+,4441,447259410432.0,99.71846846846847,14208,9728,100663296.0,10066329.6
Dragonfly+,4442,447259410432.0,99.72550675675676,14208,9728,100663296.0,10066329.6
Dragonfly+,4443,447259410432.0,99.73254504504504,14208,9728,100663296.0,10066329.6
Dragonfly+,4444,447259410432.0,99.73958333333334,14208,9728,100663296.0,10066329.6
Dragonfly+,4445,447259410432.0,99.74662162162163,14208,9728,100663296.0,10066329.6
Dragonfly+,4446,447259410432.0,99.75365990990991,14208,9728,100663296.0,10066329.6
Dragonfly+,4447,447259410432.0,99.7606981981982,14208,9728,100663296.0,10066329.6
Dragonfly+,4448,447259410432.0,99.76773648648648,14208,9728,100663296.0,10066329.6
Dragonfly+,4449,447259410432.0,99.77477477477478,14208,9728,100663296.0,10066329.6
Dragonfly+,4450,447259410432.0,99.78181306306307,14208,9728,100663296.0,10066329.6
Dragonfly+,4451,447259410432.0,99.78885135135135,14208,9728,100663296.0,10066329.6
Dragonfly+,4452,447259410432.0,99.79588963963964,14208,9728,100663296.0,10066329.6
Dragonfly+,4453,447259410432.0,99.80292792792793,14208,9728,100663296.0,10066329.6
Dragonfly+,4454,447259410432.0,99.80996621621621,14208,9728,100663296.0,10066329.6
Dragonfly+,4455,447259410432.0,99.8170045045045,14208,9728,100663296.0,10066329.6
Dragonfly+,4456,447259410432.0,99.8240427927928,14208,9728,100663296.0,10066329.6
Dragonfly+,4457,447259410432.0,99.83108108108108,14208,9728,100663296.0,10066329.6
Dragonfly+,4458,447259410432.0,99.83811936936937,14208,9728,100663296.0,10066329.6
Dragonfly+,4459,447259410432.0,99.84515765765765,14208,9728,100663296.0,10066329.6
Dragonfly+,4460,447259410432.0,99.85219594594594,14208,9728,100663296.0,10066329.6
Dragonfly+,4461,447259410432.0,99.85923423423422,14208,9728,100663296.0,10066329.6
Dragonfly+,4462,447259410432.0,99.86627252252252,14208,9728,100663296.0,10066329.6
Dragonfly+,4463,447259410432.0,99.8733108108108,14208,9728,100663296.0,10066329.6
Dragonfly+,4464,447259410432.0,99.88034909909909,14208,9728,100663296.0,10066329.6
Dragonfly+,4465,447259410432.0,99.88738738738738,14208,9728,100663296.0,10066329.6
Dragonfly+,4466,447259410432.0,99.89442567567568,14208,9728,100663296.0,10066329.6
Dragonfly+,4467,447259410432.0,99.90146396396396,14208,9728,100663296.0,10066329.6
Dragonfly+,4468,447259410432.0,99.90850225225225,14208,9728,100663296.0,10066329.6
Dragonfly+,4469,447259410432.0,99.91554054054053,14208,9728,100663296.0,10066329.6
Dragonfly+,4470,447259410432.0,99.92257882882883,14208,9728,100663296.0,10066329.6
Dragonfly+,4471,447259410432.0,99.92961711711712,14208,9728,100663296.0,10066329.6
Dragonfly+,4472,447259410432.0,99.9366554054054,14208,9728,100663296.0,10066329.6
Dragonfly+,4473,447259410432.0,99.94369369369369,14208,9728,100663296.0,10066329.6
Dragonfly+,4474,447259410432.0,99.95073198198197,14208,9728,100663296.0,10066329.6
Dragonfly+,4475,447259410432.0,99.95777027027027,14208,9728,100663296.0,10066329.6
Dragonfly+,4476,447259410432.0,99.96480855855856,14208,9728,100663296.0,10066329.6
Dragonfly+,4477,447259410432.0,99.97184684684684,14208,9728,100663296.0,10066329.6
Dragonfly+,4478,447259410432.0,99.97888513513513,14208,9728,100663296.0,10066329.6
Dragonfly+,4479,447259410432.0,99.98592342342343,14208,9728,100663296.0,10066329.6
Dragonfly+,4480,447259410432.0,99.99296171171171,14208,9728,100663296.0,10066329.6
Dragonfly+,4481,447259410432.0,100.0,14208,9728,100663296.0,10066329.6
