topology,point_idx,load,cdf_percent,num_edges,num_zeros,first_positive_load,global_x_start
Fat Tree,0,40265318.4,0.0,9252,6272,1535354880.0,40265318.4
Fat Tree,1,1535354880.0,0.0,9252,6272,1535354880.0,40265318.4
Fat Tree,2,1535354880.0,67.80155642023347,9252,6272,1535354880.0,40265318.4
Fat Tree,3,1535354880.0,67.81236489407696,9252,6272,1535354880.0,40265318.4
Fat Tree,4,1535354880.0,67.82317336792045,9252,6272,1535354880.0,40265318.4
Fat Tree,5,1535354880.0,67.83398184176394,9252,6272,1535354880.0,40265318.4
Fat Tree,6,1535354880.0,67.84479031560744,9252,6272,1535354880.0,40265318.4
Fat Tree,7,1535354880.0,67.85559878945094,9252,6272,1535354880.0,40265318.4
Fat Tree,8,1535354880.0,67.86640726329442,9252,6272,1535354880.0,40265318.4
Fat Tree,9,1535354880.0,67.87721573713792,9252,6272,1535354880.0,40265318.4
Fat Tree,10,1535354880.0,67.88802421098141,9252,6272,1535354880.0,40265318.4
Fat Tree,11,1535354880.0,67.89883268482491,9252,6272,1535354880.0,40265318.4
Fat Tree,12,1535354880.0,67.90964115866839,9252,6272,1535354880.0,40265318.4
Fat Tree,13,1535354880.0,67.92044963251189,9252,6272,1535354880.0,40265318.4
Fat Tree,14,1535354880.0,67.93125810635539,9252,6272,1535354880.0,40265318.4
Fat Tree,15,1535354880.0,67.94206658019888,9252,6272,1535354880.0,40265318.4
Fat Tree,16,1535354880.0,67.95287505404237,9252,6272,1535354880.0,40265318.4
Fat Tree,17,1535354880.0,67.96368352788586,9252,6272,1535354880.0,40265318.4
Fat Tree,18,1535354880.0,67.97449200172936,9252,6272,1535354880.0,40265318.4
Fat Tree,19,1535354880.0,67.98530047557286,9252,6272,1535354880.0,40265318.4
Fat Tree,20,1535354880.0,67.99610894941634,9252,6272,1535354880.0,40265318.4
Fat Tree,21,1535354880.0,68.00691742325984,9252,6272,1535354880.0,40265318.4
Fat Tree,22,1535354880.0,68.01772589710333,9252,6272,1535354880.0,40265318.4
Fat Tree,23,1535354880.0,68.02853437094683,9252,6272,1535354880.0,40265318.4
Fat Tree,24,1535354880.0,68.03934284479031,9252,6272,1535354880.0,40265318.4
Fat Tree,25,1535354880.0,68.05015131863381,9252,6272,1535354880.0,40265318.4
Fat Tree,26,1535354880.0,68.0609597924773,9252,6272,1535354880.0,40265318.4
Fat Tree,27,1535354880.0,68.0717682663208,9252,6272,1535354880.0,40265318.4
Fat Tree,28,1535354880.0,68.08257674016428,9252,6272,1535354880.0,40265318.4
Fat Tree,29,1535354880.0,68.09338521400778,9252,6272,1535354880.0,40265318.4
Fat Tree,30,1535354880.0,68.10419368785128,9252,6272,1535354880.0,40265318.4
Fat Tree,31,1535354880.0,68.11500216169478,9252,6272,1535354880.0,40265318.4
Fat Tree,32,1535354880.0,68.12581063553826,9252,6272,1535354880.0,40265318.4
Fat Tree,33,1535354880.0,68.13661910938175,9252,6272,1535354880.0,40265318.4
Fat Tree,34,1535354880.0,68.14742758322525,9252,6272,1535354880.0,40265318.4
Fat Tree,35,1535354880.0,68.15823605706875,9252,6272,1535354880.0,40265318.4
Fat Tree,36,1535354880.0,68.16904453091223,9252,6272,1535354880.0,40265318.4
Fat Tree,37,1535354880.0,68.17985300475573,9252,6272,1535354880.0,40265318.4
Fat Tree,38,1535354880.0,68.19066147859922,9252,6272,1535354880.0,40265318.4
Fat Tree,39,1535354880.0,68.20146995244272,9252,6272,1535354880.0,40265318.4
Fat Tree,40,1535354880.0,68.2122784262862,9252,6272,1535354880.0,40265318.4
Fat Tree,41,1535354880.0,68.2230869001297,9252,6272,1535354880.0,40265318.4
Fat Tree,42,1535354880.0,68.2338953739732,9252,6272,1535354880.0,40265318.4
Fat Tree,43,1535354880.0,68.2447038478167,9252,6272,1535354880.0,40265318.4
Fat Tree,44,1535354880.0,68.25551232166018,9252,6272,1535354880.0,40265318.4
Fat Tree,45,1535354880.0,68.26632079550367,9252,6272,1535354880.0,40265318.4
Fat Tree,46,1535354880.0,68.27712926934717,9252,6272,1535354880.0,40265318.4
Fat Tree,47,1535354880.0,68.28793774319067,9252,6272,1535354880.0,40265318.4
Fat Tree,48,1535354880.0,68.29874621703415,9252,6272,1535354880.0,40265318.4
Fat Tree,49,1535354880.0,68.30955469087765,9252,6272,1535354880.0,40265318.4
Fat Tree,50,1535354880.0,68.32036316472114,9252,6272,1535354880.0,40265318.4
Fat Tree,51,1535354880.0,68.33117163856464,9252,6272,1535354880.0,40265318.4
Fat Tree,52,1535354880.0,68.34198011240812,9252,6272,1535354880.0,40265318.4
Fat Tree,53,1535354880.0,68.35278858625162,9252,6272,1535354880.0,40265318.4
Fat Tree,54,1535354880.0,68.36359706009512,9252,6272,1535354880.0,40265318.4
Fat Tree,55,1535354880.0,68.37440553393861,9252,6272,1535354880.0,40265318.4
Fat Tree,56,1535354880.0,68.3852140077821,9252,6272,1535354880.0,40265318.4
Fat Tree,57,1535354880.0,68.3960224816256,9252,6272,1535354880.0,40265318.4
Fat Tree,58,1535354880.0,68.40683095546909,9252,6272,1535354880.0,40265318.4
Fat Tree,59,1535354880.0,68.41763942931259,9252,6272,1535354880.0,40265318.4
Fat Tree,60,1535354880.0,68.42844790315607,9252,6272,1535354880.0,40265318.4
Fat Tree,61,1535354880.0,68.43925637699957,9252,6272,1535354880.0,40265318.4
Fat Tree,62,1535354880.0,68.45006485084306,9252,6272,1535354880.0,40265318.4
Fat Tree,63,1535354880.0,68.46087332468656,9252,6272,1535354880.0,40265318.4
Fat Tree,64,1535354880.0,68.47168179853004,9252,6272,1535354880.0,40265318.4
Fat Tree,65,1535354880.0,68.48249027237354,9252,6272,1535354880.0,40265318.4
Fat Tree,66,1535354880.0,68.49329874621704,9252,6272,1535354880.0,40265318.4
Fat Tree,67,1535354880.0,68.50410722006053,9252,6272,1535354880.0,40265318.4
Fat Tree,68,1535354880.0,68.51491569390402,9252,6272,1535354880.0,40265318.4
Fat Tree,69,1535354880.0,68.52572416774751,9252,6272,1535354880.0,40265318.4
Fat Tree,70,1535354880.0,68.53653264159101,9252,6272,1535354880.0,40265318.4
Fat Tree,71,1535354880.0,68.5473411154345,9252,6272,1535354880.0,40265318.4
Fat Tree,72,1535354880.0,68.55814958927799,9252,6272,1535354880.0,40265318.4
Fat Tree,73,1535354880.0,68.56895806312149,9252,6272,1535354880.0,40265318.4
Fat Tree,74,1535354880.0,68.57976653696498,9252,6272,1535354880.0,40265318.4
Fat Tree,75,1535354880.0,68.59057501080848,9252,6272,1535354880.0,40265318.4
Fat Tree,76,1535354880.0,68.60138348465196,9252,6272,1535354880.0,40265318.4
Fat Tree,77,1535354880.0,68.61219195849546,9252,6272,1535354880.0,40265318.4
Fat Tree,78,1535354880.0,68.62300043233896,9252,6272,1535354880.0,40265318.4
Fat Tree,79,1535354880.0,68.63380890618245,9252,6272,1535354880.0,40265318.4
Fat Tree,80,1535354880.0,68.64461738002593,9252,6272,1535354880.0,40265318.4
Fat Tree,81,1535354880.0,68.65542585386943,9252,6272,1535354880.0,40265318.4
Fat Tree,82,1535354880.0,68.66623432771293,9252,6272,1535354880.0,40265318.4
Fat Tree,83,1535354880.0,68.67704280155642,9252,6272,1535354880.0,40265318.4
Fat Tree,84,1535354880.0,68.68785127539991,9252,6272,1535354880.0,40265318.4
Fat Tree,85,1535354880.0,68.6986597492434,9252,6272,1535354880.0,40265318.4
Fat Tree,86,1535354880.0,68.7094682230869,9252,6272,1535354880.0,40265318.4
Fat Tree,87,1535354880.0,68.7202766969304,9252,6272,1535354880.0,40265318.4
Fat Tree,88,1535354880.0,68.73108517077388,9252,6272,1535354880.0,40265318.4
Fat Tree,89,1535354880.0,68.74189364461738,9252,6272,1535354880.0,40265318.4
Fat Tree,90,1535354880.0,68.75270211846087,9252,6272,1535354880.0,40265318.4
Fat Tree,91,1535354880.0,68.76351059230437,9252,6272,1535354880.0,40265318.4
Fat Tree,92,1535354880.0,68.77431906614785,9252,6272,1535354880.0,40265318.4
Fat Tree,93,1535354880.0,68.78512753999135,9252,6272,1535354880.0,40265318.4
Fat Tree,94,1535354880.0,68.79593601383485,9252,6272,1535354880.0,40265318.4
Fat Tree,95,1535354880.0,68.80674448767834,9252,6272,1535354880.0,40265318.4
Fat Tree,96,1535354880.0,68.81755296152183,9252,6272,1535354880.0,40265318.4
Fat Tree,97,1535354880.0,68.82836143536532,9252,6272,1535354880.0,40265318.4
Fat Tree,98,1535354880.0,68.83916990920882,9252,6272,1535354880.0,40265318.4
Fat Tree,99,1535354880.0,68.84997838305232,9252,6272,1535354880.0,40265318.4
Fat Tree,100,1535354880.0,68.8607868568958,9252,6272,1535354880.0,40265318.4
Fat Tree,101,1535354880.0,68.8715953307393,9252,6272,1535354880.0,40265318.4
Fat Tree,102,1535354880.0,68.8824038045828,9252,6272,1535354880.0,40265318.4
Fat Tree,103,1535354880.0,68.89321227842629,9252,6272,1535354880.0,40265318.4
Fat Tree,104,1535354880.0,68.90402075226977,9252,6272,1535354880.0,40265318.4
Fat Tree,105,1535354880.0,68.91482922611327,9252,6272,1535354880.0,40265318.4
Fat Tree,106,1535354880.0,68.92563769995677,9252,6272,1535354880.0,40265318.4
Fat Tree,107,1535354880.0,68.93644617380026,9252,6272,1535354880.0,40265318.4
Fat Tree,108,1535354880.0,68.94725464764375,9252,6272,1535354880.0,40265318.4
Fat Tree,109,1535354880.0,68.95806312148724,9252,6272,1535354880.0,40265318.4
Fat Tree,110,1535354880.0,68.96887159533074,9252,6272,1535354880.0,40265318.4
Fat Tree,111,1535354880.0,68.97968006917424,9252,6272,1535354880.0,40265318.4
Fat Tree,112,1535354880.0,68.99048854301772,9252,6272,1535354880.0,40265318.4
Fat Tree,113,1535354880.0,69.00129701686122,9252,6272,1535354880.0,40265318.4
Fat Tree,114,1535354880.0,69.01210549070471,9252,6272,1535354880.0,40265318.4
Fat Tree,115,1535354880.0,69.02291396454821,9252,6272,1535354880.0,40265318.4
Fat Tree,116,1535354880.0,69.03372243839169,9252,6272,1535354880.0,40265318.4
Fat Tree,117,1535354880.0,69.04453091223519,9252,6272,1535354880.0,40265318.4
Fat Tree,118,1535354880.0,69.05533938607869,9252,6272,1535354880.0,40265318.4
Fat Tree,119,1535354880.0,69.06614785992218,9252,6272,1535354880.0,40265318.4
Fat Tree,120,1535354880.0,69.07695633376566,9252,6272,1535354880.0,40265318.4
Fat Tree,121,1535354880.0,69.08776480760916,9252,6272,1535354880.0,40265318.4
Fat Tree,122,1535354880.0,69.09857328145266,9252,6272,1535354880.0,40265318.4
Fat Tree,123,1535354880.0,69.10938175529616,9252,6272,1535354880.0,40265318.4
Fat Tree,124,1535354880.0,69.12019022913964,9252,6272,1535354880.0,40265318.4
Fat Tree,125,1535354880.0,69.13099870298313,9252,6272,1535354880.0,40265318.4
Fat Tree,126,1535354880.0,69.14180717682663,9252,6272,1535354880.0,40265318.4
Fat Tree,127,1535354880.0,69.15261565067013,9252,6272,1535354880.0,40265318.4
Fat Tree,128,1535354880.0,69.16342412451361,9252,6272,1535354880.0,40265318.4
Fat Tree,129,1535354880.0,69.17423259835711,9252,6272,1535354880.0,40265318.4
Fat Tree,130,1535354880.0,69.1850410722006,9252,6272,1535354880.0,40265318.4
Fat Tree,131,1535354880.0,69.1958495460441,9252,6272,1535354880.0,40265318.4
Fat Tree,132,1535354880.0,69.20665801988758,9252,6272,1535354880.0,40265318.4
Fat Tree,133,1535354880.0,69.21746649373108,9252,6272,1535354880.0,40265318.4
Fat Tree,134,1535354880.0,69.22827496757458,9252,6272,1535354880.0,40265318.4
Fat Tree,135,1535354880.0,69.23908344141807,9252,6272,1535354880.0,40265318.4
Fat Tree,136,1535354880.0,69.24989191526156,9252,6272,1535354880.0,40265318.4
Fat Tree,137,1535354880.0,69.26070038910505,9252,6272,1535354880.0,40265318.4
Fat Tree,138,1535354880.0,69.27150886294855,9252,6272,1535354880.0,40265318.4
Fat Tree,139,1535354880.0,69.28231733679205,9252,6272,1535354880.0,40265318.4
Fat Tree,140,1535354880.0,69.29312581063553,9252,6272,1535354880.0,40265318.4
Fat Tree,141,1535354880.0,69.30393428447903,9252,6272,1535354880.0,40265318.4
Fat Tree,142,1535354880.0,69.31474275832252,9252,6272,1535354880.0,40265318.4
Fat Tree,143,1535354880.0,69.32555123216602,9252,6272,1535354880.0,40265318.4
Fat Tree,144,1535354880.0,69.3363597060095,9252,6272,1535354880.0,40265318.4
Fat Tree,145,1535354880.0,69.347168179853,9252,6272,1535354880.0,40265318.4
Fat Tree,146,1535354880.0,69.3579766536965,9252,6272,1535354880.0,40265318.4
Fat Tree,147,1535354880.0,69.36878512754,9252,6272,1535354880.0,40265318.4
Fat Tree,148,1535354880.0,69.37959360138348,9252,6272,1535354880.0,40265318.4
Fat Tree,149,1535354880.0,69.39040207522697,9252,6272,1535354880.0,40265318.4
Fat Tree,150,1535354880.0,69.40121054907047,9252,6272,1535354880.0,40265318.4
Fat Tree,151,1535354880.0,69.41201902291397,9252,6272,1535354880.0,40265318.4
Fat Tree,152,1535354880.0,69.42282749675745,9252,6272,1535354880.0,40265318.4
Fat Tree,153,1535354880.0,69.43363597060095,9252,6272,1535354880.0,40265318.4
Fat Tree,154,1535354880.0,69.44444444444444,9252,6272,1535354880.0,40265318.4
Fat Tree,155,1535354880.0,69.45525291828794,9252,6272,1535354880.0,40265318.4
Fat Tree,156,1535354880.0,69.46606139213142,9252,6272,1535354880.0,40265318.4
Fat Tree,157,1535354880.0,69.47686986597492,9252,6272,1535354880.0,40265318.4
Fat Tree,158,1535354880.0,69.48767833981842,9252,6272,1535354880.0,40265318.4
Fat Tree,159,1535354880.0,69.49848681366191,9252,6272,1535354880.0,40265318.4
Fat Tree,160,1535354880.0,69.5092952875054,9252,6272,1535354880.0,40265318.4
Fat Tree,161,1535354880.0,69.52010376134889,9252,6272,1535354880.0,40265318.4
Fat Tree,162,1535354880.0,69.53091223519239,9252,6272,1535354880.0,40265318.4
Fat Tree,163,1535354880.0,69.54172070903589,9252,6272,1535354880.0,40265318.4
Fat Tree,164,1535354880.0,69.55252918287937,9252,6272,1535354880.0,40265318.4
Fat Tree,165,1535354880.0,69.56333765672287,9252,6272,1535354880.0,40265318.4
Fat Tree,166,1535354880.0,69.57414613056636,9252,6272,1535354880.0,40265318.4
Fat Tree,167,1535354880.0,69.58495460440986,9252,6272,1535354880.0,40265318.4
Fat Tree,168,1535354880.0,69.59576307825334,9252,6272,1535354880.0,40265318.4
Fat Tree,169,1535354880.0,69.60657155209684,9252,6272,1535354880.0,40265318.4
Fat Tree,170,1535354880.0,69.61738002594034,9252,6272,1535354880.0,40265318.4
Fat Tree,171,1535354880.0,69.62818849978383,9252,6272,1535354880.0,40265318.4
Fat Tree,172,1535354880.0,69.63899697362731,9252,6272,1535354880.0,40265318.4
Fat Tree,173,1535354880.0,69.64980544747081,9252,6272,1535354880.0,40265318.4
Fat Tree,174,1535354880.0,69.66061392131431,9252,6272,1535354880.0,40265318.4
Fat Tree,175,1535354880.0,69.6714223951578,9252,6272,1535354880.0,40265318.4
Fat Tree,176,1535354880.0,69.68223086900129,9252,6272,1535354880.0,40265318.4
Fat Tree,177,1535354880.0,69.69303934284478,9252,6272,1535354880.0,40265318.4
Fat Tree,178,1535354880.0,69.70384781668828,9252,6272,1535354880.0,40265318.4
Fat Tree,179,1535354880.0,69.71465629053178,9252,6272,1535354880.0,40265318.4
Fat Tree,180,1535354880.0,69.72546476437526,9252,6272,1535354880.0,40265318.4
Fat Tree,181,1535354880.0,69.73627323821876,9252,6272,1535354880.0,40265318.4
Fat Tree,182,1535354880.0,69.74708171206225,9252,6272,1535354880.0,40265318.4
Fat Tree,183,1535354880.0,69.75789018590575,9252,6272,1535354880.0,40265318.4
Fat Tree,184,1535354880.0,69.76869865974923,9252,6272,1535354880.0,40265318.4
Fat Tree,185,1535354880.0,69.77950713359273,9252,6272,1535354880.0,40265318.4
Fat Tree,186,1535354880.0,69.79031560743623,9252,6272,1535354880.0,40265318.4
Fat Tree,187,1535354880.0,69.80112408127972,9252,6272,1535354880.0,40265318.4
Fat Tree,188,1535354880.0,69.8119325551232,9252,6272,1535354880.0,40265318.4
Fat Tree,189,1535354880.0,69.8227410289667,9252,6272,1535354880.0,40265318.4
Fat Tree,190,1535354880.0,69.8335495028102,9252,6272,1535354880.0,40265318.4
Fat Tree,191,1535354880.0,69.8443579766537,9252,6272,1535354880.0,40265318.4
Fat Tree,192,1535354880.0,69.85516645049718,9252,6272,1535354880.0,40265318.4
Fat Tree,193,1535354880.0,69.86597492434068,9252,6272,1535354880.0,40265318.4
Fat Tree,194,1535354880.0,69.87678339818417,9252,6272,1535354880.0,40265318.4
Fat Tree,195,1535354880.0,69.88759187202767,9252,6272,1535354880.0,40265318.4
Fat Tree,196,1535354880.0,69.89840034587115,9252,6272,1535354880.0,40265318.4
Fat Tree,197,1535354880.0,69.90920881971465,9252,6272,1535354880.0,40265318.4
Fat Tree,198,1535354880.0,69.92001729355815,9252,6272,1535354880.0,40265318.4
Fat Tree,199,1535354880.0,69.93082576740164,9252,6272,1535354880.0,40265318.4
Fat Tree,200,1535354880.0,69.94163424124513,9252,6272,1535354880.0,40265318.4
Fat Tree,201,1535354880.0,69.95244271508862,9252,6272,1535354880.0,40265318.4
Fat Tree,202,1535354880.0,69.96325118893212,9252,6272,1535354880.0,40265318.4
Fat Tree,203,1535354880.0,69.97405966277562,9252,6272,1535354880.0,40265318.4
Fat Tree,204,1535354880.0,69.9848681366191,9252,6272,1535354880.0,40265318.4
Fat Tree,205,1535354880.0,69.9956766104626,9252,6272,1535354880.0,40265318.4
Fat Tree,206,1535354880.0,70.00648508430609,9252,6272,1535354880.0,40265318.4
Fat Tree,207,1535354880.0,70.01729355814959,9252,6272,1535354880.0,40265318.4
Fat Tree,208,1535354880.0,70.02810203199307,9252,6272,1535354880.0,40265318.4
Fat Tree,209,1535354880.0,70.03891050583657,9252,6272,1535354880.0,40265318.4
Fat Tree,210,1535354880.0,70.04971897968007,9252,6272,1535354880.0,40265318.4
Fat Tree,211,1535354880.0,70.06052745352356,9252,6272,1535354880.0,40265318.4
Fat Tree,212,1535354880.0,70.07133592736704,9252,6272,1535354880.0,40265318.4
Fat Tree,213,1535354880.0,70.08214440121054,9252,6272,1535354880.0,40265318.4
Fat Tree,214,1535354880.0,70.09295287505404,9252,6272,1535354880.0,40265318.4
Fat Tree,215,1535354880.0,70.10376134889754,9252,6272,1535354880.0,40265318.4
Fat Tree,216,1535354880.0,70.11456982274102,9252,6272,1535354880.0,40265318.4
Fat Tree,217,1535354880.0,70.12537829658451,9252,6272,1535354880.0,40265318.4
Fat Tree,218,1535354880.0,70.13618677042801,9252,6272,1535354880.0,40265318.4
Fat Tree,219,1535354880.0,70.14699524427151,9252,6272,1535354880.0,40265318.4
Fat Tree,220,1535354880.0,70.15780371811499,9252,6272,1535354880.0,40265318.4
Fat Tree,221,1535354880.0,70.16861219195849,9252,6272,1535354880.0,40265318.4
Fat Tree,222,1535354880.0,70.17942066580198,9252,6272,1535354880.0,40265318.4
Fat Tree,223,1535354880.0,70.19022913964548,9252,6272,1535354880.0,40265318.4
Fat Tree,224,1535354880.0,70.20103761348896,9252,6272,1535354880.0,40265318.4
Fat Tree,225,1535354880.0,70.21184608733246,9252,6272,1535354880.0,40265318.4
Fat Tree,226,1535354880.0,70.22265456117596,9252,6272,1535354880.0,40265318.4
Fat Tree,227,1535354880.0,70.23346303501945,9252,6272,1535354880.0,40265318.4
Fat Tree,228,1535354880.0,70.24427150886294,9252,6272,1535354880.0,40265318.4
Fat Tree,229,1535354880.0,70.25507998270643,9252,6272,1535354880.0,40265318.4
Fat Tree,230,1535354880.0,70.26588845654993,9252,6272,1535354880.0,40265318.4
Fat Tree,231,1535354880.0,70.27669693039343,9252,6272,1535354880.0,40265318.4
Fat Tree,232,1535354880.0,70.28750540423691,9252,6272,1535354880.0,40265318.4
Fat Tree,233,1535354880.0,70.2983138780804,9252,6272,1535354880.0,40265318.4
Fat Tree,234,1535354880.0,70.3091223519239,9252,6272,1535354880.0,40265318.4
Fat Tree,235,1535354880.0,70.3199308257674,9252,6272,1535354880.0,40265318.4
Fat Tree,236,1535354880.0,70.3307392996109,9252,6272,1535354880.0,40265318.4
Fat Tree,237,1535354880.0,70.3415477734544,9252,6272,1535354880.0,40265318.4
Fat Tree,238,1535354880.0,70.35235624729789,9252,6272,1535354880.0,40265318.4
Fat Tree,239,1535354880.0,70.36316472114137,9252,6272,1535354880.0,40265318.4
Fat Tree,240,1535354880.0,70.37397319498487,9252,6272,1535354880.0,40265318.4
Fat Tree,241,1535354880.0,70.38478166882837,9252,6272,1535354880.0,40265318.4
Fat Tree,242,1535354880.0,70.39559014267186,9252,6272,1535354880.0,40265318.4
Fat Tree,243,1535354880.0,70.40639861651535,9252,6272,1535354880.0,40265318.4
Fat Tree,244,1535354880.0,70.41720709035884,9252,6272,1535354880.0,40265318.4
Fat Tree,245,1535354880.0,70.42801556420234,9252,6272,1535354880.0,40265318.4
Fat Tree,246,1535354880.0,70.43882403804584,9252,6272,1535354880.0,40265318.4
Fat Tree,247,1535354880.0,70.44963251188932,9252,6272,1535354880.0,40265318.4
Fat Tree,248,1535354880.0,70.46044098573282,9252,6272,1535354880.0,40265318.4
Fat Tree,249,1535354880.0,70.47124945957631,9252,6272,1535354880.0,40265318.4
Fat Tree,250,1535354880.0,70.48205793341981,9252,6272,1535354880.0,40265318.4
Fat Tree,251,1535354880.0,70.49286640726329,9252,6272,1535354880.0,40265318.4
Fat Tree,252,1535354880.0,70.50367488110679,9252,6272,1535354880.0,40265318.4
Fat Tree,253,1535354880.0,70.51448335495029,9252,6272,1535354880.0,40265318.4
Fat Tree,254,1535354880.0,70.52529182879378,9252,6272,1535354880.0,40265318.4
Fat Tree,255,1535354880.0,70.53610030263727,9252,6272,1535354880.0,40265318.4
Fat Tree,256,1535354880.0,70.54690877648076,9252,6272,1535354880.0,40265318.4
Fat Tree,257,1535354880.0,70.55771725032426,9252,6272,1535354880.0,40265318.4
Fat Tree,258,1535354880.0,70.56852572416776,9252,6272,1535354880.0,40265318.4
Fat Tree,259,1535354880.0,70.57933419801124,9252,6272,1535354880.0,40265318.4
Fat Tree,260,1535354880.0,70.59014267185474,9252,6272,1535354880.0,40265318.4
Fat Tree,261,1535354880.0,70.60095114569823,9252,6272,1535354880.0,40265318.4
Fat Tree,262,1535354880.0,70.61175961954173,9252,6272,1535354880.0,40265318.4
Fat Tree,263,1535354880.0,70.62256809338521,9252,6272,1535354880.0,40265318.4
Fat Tree,264,1535354880.0,70.63337656722871,9252,6272,1535354880.0,40265318.4
Fat Tree,265,1535354880.0,70.6441850410722,9252,6272,1535354880.0,40265318.4
Fat Tree,266,1535354880.0,70.6549935149157,9252,6272,1535354880.0,40265318.4
Fat Tree,267,1535354880.0,70.66580198875918,9252,6272,1535354880.0,40265318.4
Fat Tree,268,1535354880.0,70.67661046260268,9252,6272,1535354880.0,40265318.4
Fat Tree,269,1535354880.0,70.68741893644618,9252,6272,1535354880.0,40265318.4
Fat Tree,270,1535354880.0,70.69822741028968,9252,6272,1535354880.0,40265318.4
Fat Tree,271,1535354880.0,70.70903588413316,9252,6272,1535354880.0,40265318.4
Fat Tree,272,1535354880.0,70.71984435797665,9252,6272,1535354880.0,40265318.4
Fat Tree,273,1535354880.0,70.73065283182015,9252,6272,1535354880.0,40265318.4
Fat Tree,274,1535354880.0,70.74146130566365,9252,6272,1535354880.0,40265318.4
Fat Tree,275,1535354880.0,70.75226977950713,9252,6272,1535354880.0,40265318.4
Fat Tree,276,1535354880.0,70.76307825335063,9252,6272,1535354880.0,40265318.4
Fat Tree,277,1535354880.0,70.77388672719412,9252,6272,1535354880.0,40265318.4
Fat Tree,278,1535354880.0,70.78469520103762,9252,6272,1535354880.0,40265318.4
Fat Tree,279,1535354880.0,70.7955036748811,9252,6272,1535354880.0,40265318.4
Fat Tree,280,1535354880.0,70.8063121487246,9252,6272,1535354880.0,40265318.4
Fat Tree,281,1535354880.0,70.8171206225681,9252,6272,1535354880.0,40265318.4
Fat Tree,282,1535354880.0,70.8279290964116,9252,6272,1535354880.0,40265318.4
Fat Tree,283,1535354880.0,70.83873757025508,9252,6272,1535354880.0,40265318.4
Fat Tree,284,1535354880.0,70.84954604409857,9252,6272,1535354880.0,40265318.4
Fat Tree,285,1535354880.0,70.86035451794207,9252,6272,1535354880.0,40265318.4
Fat Tree,286,1535354880.0,70.87116299178557,9252,6272,1535354880.0,40265318.4
Fat Tree,287,1535354880.0,70.88197146562905,9252,6272,1535354880.0,40265318.4
Fat Tree,288,1535354880.0,70.89277993947255,9252,6272,1535354880.0,40265318.4
Fat Tree,289,1535354880.0,70.90358841331604,9252,6272,1535354880.0,40265318.4
Fat Tree,290,1535354880.0,70.91439688715954,9252,6272,1535354880.0,40265318.4
Fat Tree,291,1535354880.0,70.92520536100302,9252,6272,1535354880.0,40265318.4
Fat Tree,292,1535354880.0,70.93601383484652,9252,6272,1535354880.0,40265318.4
Fat Tree,293,1535354880.0,70.94682230869002,9252,6272,1535354880.0,40265318.4
Fat Tree,294,1535354880.0,70.95763078253351,9252,6272,1535354880.0,40265318.4
Fat Tree,295,1535354880.0,70.968439256377,9252,6272,1535354880.0,40265318.4
Fat Tree,296,1535354880.0,70.9792477302205,9252,6272,1535354880.0,40265318.4
Fat Tree,297,1535354880.0,70.99005620406399,9252,6272,1535354880.0,40265318.4
Fat Tree,298,1535354880.0,71.00086467790749,9252,6272,1535354880.0,40265318.4
Fat Tree,299,1535354880.0,71.01167315175097,9252,6272,1535354880.0,40265318.4
Fat Tree,300,1535354880.0,71.02248162559447,9252,6272,1535354880.0,40265318.4
Fat Tree,301,1535354880.0,71.03329009943796,9252,6272,1535354880.0,40265318.4
Fat Tree,302,1535354880.0,71.04409857328146,9252,6272,1535354880.0,40265318.4
Fat Tree,303,1535354880.0,71.05490704712494,9252,6272,1535354880.0,40265318.4
Fat Tree,304,1535354880.0,71.06571552096844,9252,6272,1535354880.0,40265318.4
Fat Tree,305,1535354880.0,71.07652399481194,9252,6272,1535354880.0,40265318.4
Fat Tree,306,1535354880.0,71.08733246865543,9252,6272,1535354880.0,40265318.4
Fat Tree,307,1535354880.0,71.09814094249892,9252,6272,1535354880.0,40265318.4
Fat Tree,308,1535354880.0,71.10894941634241,9252,6272,1535354880.0,40265318.4
Fat Tree,309,1535354880.0,71.11975789018591,9252,6272,1535354880.0,40265318.4
Fat Tree,310,1535354880.0,71.1305663640294,9252,6272,1535354880.0,40265318.4
Fat Tree,311,1535354880.0,71.14137483787289,9252,6272,1535354880.0,40265318.4
Fat Tree,312,1535354880.0,71.15218331171639,9252,6272,1535354880.0,40265318.4
Fat Tree,313,1535354880.0,71.16299178555988,9252,6272,1535354880.0,40265318.4
Fat Tree,314,1535354880.0,71.17380025940338,9252,6272,1535354880.0,40265318.4
Fat Tree,315,1535354880.0,71.18460873324686,9252,6272,1535354880.0,40265318.4
Fat Tree,316,1535354880.0,71.19541720709036,9252,6272,1535354880.0,40265318.4
Fat Tree,317,1535354880.0,71.20622568093385,9252,6272,1535354880.0,40265318.4
Fat Tree,318,1535354880.0,71.21703415477735,9252,6272,1535354880.0,40265318.4
Fat Tree,319,1535354880.0,71.22784262862083,9252,6272,1535354880.0,40265318.4
Fat Tree,320,1535354880.0,71.23865110246433,9252,6272,1535354880.0,40265318.4
Fat Tree,321,1535354880.0,71.24945957630783,9252,6272,1535354880.0,40265318.4
Fat Tree,322,1535354880.0,71.26026805015132,9252,6272,1535354880.0,40265318.4
Fat Tree,323,1535354880.0,71.27107652399481,9252,6272,1535354880.0,40265318.4
Fat Tree,324,1535354880.0,71.2818849978383,9252,6272,1535354880.0,40265318.4
Fat Tree,325,1535354880.0,71.2926934716818,9252,6272,1535354880.0,40265318.4
Fat Tree,326,1535354880.0,71.3035019455253,9252,6272,1535354880.0,40265318.4
Fat Tree,327,1535354880.0,71.31431041936878,9252,6272,1535354880.0,40265318.4
Fat Tree,328,1535354880.0,71.32511889321228,9252,6272,1535354880.0,40265318.4
Fat Tree,329,1535354880.0,71.33592736705577,9252,6272,1535354880.0,40265318.4
Fat Tree,330,1535354880.0,71.34673584089927,9252,6272,1535354880.0,40265318.4
Fat Tree,331,1535354880.0,71.35754431474275,9252,6272,1535354880.0,40265318.4
Fat Tree,332,1535354880.0,71.36835278858625,9252,6272,1535354880.0,40265318.4
Fat Tree,333,1535354880.0,71.37916126242975,9252,6272,1535354880.0,40265318.4
Fat Tree,334,1535354880.0,71.38996973627324,9252,6272,1535354880.0,40265318.4
Fat Tree,335,1535354880.0,71.40077821011673,9252,6272,1535354880.0,40265318.4
Fat Tree,336,1535354880.0,71.41158668396022,9252,6272,1535354880.0,40265318.4
Fat Tree,337,1535354880.0,71.42239515780372,9252,6272,1535354880.0,40265318.4
Fat Tree,338,1535354880.0,71.43320363164722,9252,6272,1535354880.0,40265318.4
Fat Tree,339,1535354880.0,71.4440121054907,9252,6272,1535354880.0,40265318.4
Fat Tree,340,1535354880.0,71.4548205793342,9252,6272,1535354880.0,40265318.4
Fat Tree,341,1535354880.0,71.4656290531777,9252,6272,1535354880.0,40265318.4
Fat Tree,342,1535354880.0,71.47643752702119,9252,6272,1535354880.0,40265318.4
Fat Tree,343,1535354880.0,71.48724600086467,9252,6272,1535354880.0,40265318.4
Fat Tree,344,1535354880.0,71.49805447470817,9252,6272,1535354880.0,40265318.4
Fat Tree,345,1535354880.0,71.50886294855167,9252,6272,1535354880.0,40265318.4
Fat Tree,346,1535354880.0,71.51967142239516,9252,6272,1535354880.0,40265318.4
Fat Tree,347,1535354880.0,71.53047989623865,9252,6272,1535354880.0,40265318.4
Fat Tree,348,1535354880.0,71.54128837008214,9252,6272,1535354880.0,40265318.4
Fat Tree,349,1535354880.0,71.55209684392564,9252,6272,1535354880.0,40265318.4
Fat Tree,350,1535354880.0,71.56290531776914,9252,6272,1535354880.0,40265318.4
Fat Tree,351,1535354880.0,71.57371379161262,9252,6272,1535354880.0,40265318.4
Fat Tree,352,1535354880.0,71.58452226545612,9252,6272,1535354880.0,40265318.4
Fat Tree,353,1535354880.0,71.59533073929961,9252,6272,1535354880.0,40265318.4
Fat Tree,354,1535354880.0,71.60613921314311,9252,6272,1535354880.0,40265318.4
Fat Tree,355,1535354880.0,71.61694768698659,9252,6272,1535354880.0,40265318.4
Fat Tree,356,1535354880.0,71.62775616083009,9252,6272,1535354880.0,40265318.4
Fat Tree,357,1535354880.0,71.63856463467359,9252,6272,1535354880.0,40265318.4
Fat Tree,358,1535354880.0,71.64937310851708,9252,6272,1535354880.0,40265318.4
Fat Tree,359,1535354880.0,71.66018158236056,9252,6272,1535354880.0,40265318.4
Fat Tree,360,1535354880.0,71.67099005620406,9252,6272,1535354880.0,40265318.4
Fat Tree,361,1535354880.0,71.68179853004756,9252,6272,1535354880.0,40265318.4
Fat Tree,362,1535354880.0,71.69260700389106,9252,6272,1535354880.0,40265318.4
Fat Tree,363,1535354880.0,71.70341547773454,9252,6272,1535354880.0,40265318.4
Fat Tree,364,1535354880.0,71.71422395157803,9252,6272,1535354880.0,40265318.4
Fat Tree,365,1535354880.0,71.72503242542153,9252,6272,1535354880.0,40265318.4
Fat Tree,366,1535354880.0,71.73584089926503,9252,6272,1535354880.0,40265318.4
Fat Tree,367,1535354880.0,71.74664937310851,9252,6272,1535354880.0,40265318.4
Fat Tree,368,1535354880.0,71.75745784695201,9252,6272,1535354880.0,40265318.4
Fat Tree,369,1535354880.0,71.7682663207955,9252,6272,1535354880.0,40265318.4
Fat Tree,370,1535354880.0,71.779074794639,9252,6272,1535354880.0,40265318.4
Fat Tree,371,1535354880.0,71.78988326848248,9252,6272,1535354880.0,40265318.4
Fat Tree,372,1535354880.0,71.80069174232598,9252,6272,1535354880.0,40265318.4
Fat Tree,373,1535354880.0,71.81150021616948,9252,6272,1535354880.0,40265318.4
Fat Tree,374,1535354880.0,71.82230869001297,9252,6272,1535354880.0,40265318.4
Fat Tree,375,1535354880.0,71.83311716385646,9252,6272,1535354880.0,40265318.4
Fat Tree,376,1535354880.0,71.84392563769995,9252,6272,1535354880.0,40265318.4
Fat Tree,377,1535354880.0,71.85473411154345,9252,6272,1535354880.0,40265318.4
Fat Tree,378,1535354880.0,71.86554258538695,9252,6272,1535354880.0,40265318.4
Fat Tree,379,1535354880.0,71.87635105923043,9252,6272,1535354880.0,40265318.4
Fat Tree,380,1535354880.0,71.88715953307393,9252,6272,1535354880.0,40265318.4
Fat Tree,381,1535354880.0,71.89796800691742,9252,6272,1535354880.0,40265318.4
Fat Tree,382,1535354880.0,71.90877648076092,9252,6272,1535354880.0,40265318.4
Fat Tree,383,1535354880.0,71.9195849546044,9252,6272,1535354880.0,40265318.4
Fat Tree,384,1535354880.0,71.9303934284479,9252,6272,1535354880.0,40265318.4
Fat Tree,385,1535354880.0,71.9412019022914,9252,6272,1535354880.0,40265318.4
Fat Tree,386,1535354880.0,71.9520103761349,9252,6272,1535354880.0,40265318.4
Fat Tree,387,1535354880.0,71.96281884997838,9252,6272,1535354880.0,40265318.4
Fat Tree,388,1535354880.0,71.97362732382187,9252,6272,1535354880.0,40265318.4
Fat Tree,389,1535354880.0,71.98443579766537,9252,6272,1535354880.0,40265318.4
Fat Tree,390,1535354880.0,71.99524427150887,9252,6272,1535354880.0,40265318.4
Fat Tree,391,1535354880.0,72.00605274535235,9252,6272,1535354880.0,40265318.4
Fat Tree,392,1535354880.0,72.01686121919585,9252,6272,1535354880.0,40265318.4
Fat Tree,393,1535354880.0,72.02766969303934,9252,6272,1535354880.0,40265318.4
Fat Tree,394,1535354880.0,72.03847816688284,9252,6272,1535354880.0,40265318.4
Fat Tree,395,1535354880.0,72.04928664072632,9252,6272,1535354880.0,40265318.4
Fat Tree,396,1535354880.0,72.06009511456982,9252,6272,1535354880.0,40265318.4
Fat Tree,397,1535354880.0,72.07090358841332,9252,6272,1535354880.0,40265318.4
Fat Tree,398,1535354880.0,72.08171206225681,9252,6272,1535354880.0,40265318.4
Fat Tree,399,1535354880.0,72.0925205361003,9252,6272,1535354880.0,40265318.4
Fat Tree,400,1535354880.0,72.10332900994379,9252,6272,1535354880.0,40265318.4
Fat Tree,401,1535354880.0,72.11413748378729,9252,6272,1535354880.0,40265318.4
Fat Tree,402,1535354880.0,72.12494595763079,9252,6272,1535354880.0,40265318.4
Fat Tree,403,1535354880.0,72.13575443147427,9252,6272,1535354880.0,40265318.4
Fat Tree,404,1535354880.0,72.14656290531777,9252,6272,1535354880.0,40265318.4
Fat Tree,405,1535354880.0,72.15737137916126,9252,6272,1535354880.0,40265318.4
Fat Tree,406,1535354880.0,72.16817985300476,9252,6272,1535354880.0,40265318.4
Fat Tree,407,1535354880.0,72.17898832684824,9252,6272,1535354880.0,40265318.4
Fat Tree,408,1535354880.0,72.18979680069174,9252,6272,1535354880.0,40265318.4
Fat Tree,409,1535354880.0,72.20060527453523,9252,6272,1535354880.0,40265318.4
Fat Tree,410,1535354880.0,72.21141374837873,9252,6272,1535354880.0,40265318.4
Fat Tree,411,1535354880.0,72.22222222222221,9252,6272,1535354880.0,40265318.4
Fat Tree,412,1535354880.0,72.23303069606571,9252,6272,1535354880.0,40265318.4
Fat Tree,413,1535354880.0,72.24383916990921,9252,6272,1535354880.0,40265318.4
Fat Tree,414,1535354880.0,72.2546476437527,9252,6272,1535354880.0,40265318.4
Fat Tree,415,1535354880.0,72.26545611759619,9252,6272,1535354880.0,40265318.4
Fat Tree,416,1535354880.0,72.27626459143968,9252,6272,1535354880.0,40265318.4
Fat Tree,417,1535354880.0,72.28707306528318,9252,6272,1535354880.0,40265318.4
Fat Tree,418,1535354880.0,72.29788153912668,9252,6272,1535354880.0,40265318.4
Fat Tree,419,1535354880.0,72.30869001297016,9252,6272,1535354880.0,40265318.4
Fat Tree,420,1535354880.0,72.31949848681366,9252,6272,1535354880.0,40265318.4
Fat Tree,421,1535354880.0,72.33030696065715,9252,6272,1535354880.0,40265318.4
Fat Tree,422,1535354880.0,72.34111543450065,9252,6272,1535354880.0,40265318.4
Fat Tree,423,1535354880.0,72.35192390834413,9252,6272,1535354880.0,40265318.4
Fat Tree,424,1535354880.0,72.36273238218763,9252,6272,1535354880.0,40265318.4
Fat Tree,425,1535354880.0,72.37354085603113,9252,6272,1535354880.0,40265318.4
Fat Tree,426,1535354880.0,72.38434932987462,9252,6272,1535354880.0,40265318.4
Fat Tree,427,1535354880.0,72.3951578037181,9252,6272,1535354880.0,40265318.4
Fat Tree,428,1535354880.0,72.4059662775616,9252,6272,1535354880.0,40265318.4
Fat Tree,429,1535354880.0,72.4167747514051,9252,6272,1535354880.0,40265318.4
Fat Tree,430,1535354880.0,72.4275832252486,9252,6272,1535354880.0,40265318.4
Fat Tree,431,1535354880.0,72.43839169909208,9252,6272,1535354880.0,40265318.4
Fat Tree,432,1535354880.0,72.44920017293558,9252,6272,1535354880.0,40265318.4
Fat Tree,433,1535354880.0,72.46000864677907,9252,6272,1535354880.0,40265318.4
Fat Tree,434,1535354880.0,72.47081712062257,9252,6272,1535354880.0,40265318.4
Fat Tree,435,1535354880.0,72.48162559446605,9252,6272,1535354880.0,40265318.4
Fat Tree,436,1535354880.0,72.49243406830955,9252,6272,1535354880.0,40265318.4
Fat Tree,437,1535354880.0,72.50324254215305,9252,6272,1535354880.0,40265318.4
Fat Tree,438,1535354880.0,72.51405101599654,9252,6272,1535354880.0,40265318.4
Fat Tree,439,1535354880.0,72.52485948984003,9252,6272,1535354880.0,40265318.4
Fat Tree,440,1535354880.0,72.53566796368352,9252,6272,1535354880.0,40265318.4
Fat Tree,441,1535354880.0,72.54647643752702,9252,6272,1535354880.0,40265318.4
Fat Tree,442,1535354880.0,72.55728491137052,9252,6272,1535354880.0,40265318.4
Fat Tree,443,1535354880.0,72.568093385214,9252,6272,1535354880.0,40265318.4
Fat Tree,444,1535354880.0,72.5789018590575,9252,6272,1535354880.0,40265318.4
Fat Tree,445,1535354880.0,72.58971033290099,9252,6272,1535354880.0,40265318.4
Fat Tree,446,1535354880.0,72.60051880674449,9252,6272,1535354880.0,40265318.4
Fat Tree,447,1535354880.0,72.61132728058797,9252,6272,1535354880.0,40265318.4
Fat Tree,448,1535354880.0,72.62213575443147,9252,6272,1535354880.0,40265318.4
Fat Tree,449,1535354880.0,72.63294422827497,9252,6272,1535354880.0,40265318.4
Fat Tree,450,1535354880.0,72.64375270211846,9252,6272,1535354880.0,40265318.4
Fat Tree,451,1535354880.0,72.65456117596194,9252,6272,1535354880.0,40265318.4
Fat Tree,452,1535354880.0,72.66536964980544,9252,6272,1535354880.0,40265318.4
Fat Tree,453,1535354880.0,72.67617812364894,9252,6272,1535354880.0,40265318.4
Fat Tree,454,1535354880.0,72.68698659749244,9252,6272,1535354880.0,40265318.4
Fat Tree,455,1535354880.0,72.69779507133592,9252,6272,1535354880.0,40265318.4
Fat Tree,456,1535354880.0,72.70860354517941,9252,6272,1535354880.0,40265318.4
Fat Tree,457,1535354880.0,72.71941201902291,9252,6272,1535354880.0,40265318.4
Fat Tree,458,1535354880.0,72.73022049286641,9252,6272,1535354880.0,40265318.4
Fat Tree,459,1535354880.0,72.74102896670989,9252,6272,1535354880.0,40265318.4
Fat Tree,460,1535354880.0,72.75183744055339,9252,6272,1535354880.0,40265318.4
Fat Tree,461,1535354880.0,72.76264591439688,9252,6272,1535354880.0,40265318.4
Fat Tree,462,1535354880.0,72.77345438824038,9252,6272,1535354880.0,40265318.4
Fat Tree,463,1535354880.0,72.78426286208386,9252,6272,1535354880.0,40265318.4
Fat Tree,464,1535354880.0,72.79507133592736,9252,6272,1535354880.0,40265318.4
Fat Tree,465,1535354880.0,72.80587980977086,9252,6272,1535354880.0,40265318.4
Fat Tree,466,1535354880.0,72.81668828361435,9252,6272,1535354880.0,40265318.4
Fat Tree,467,1535354880.0,72.82749675745784,9252,6272,1535354880.0,40265318.4
Fat Tree,468,1535354880.0,72.83830523130133,9252,6272,1535354880.0,40265318.4
Fat Tree,469,1535354880.0,72.84911370514483,9252,6272,1535354880.0,40265318.4
Fat Tree,470,1535354880.0,72.85992217898833,9252,6272,1535354880.0,40265318.4
Fat Tree,471,1535354880.0,72.87073065283181,9252,6272,1535354880.0,40265318.4
Fat Tree,472,1535354880.0,72.8815391266753,9252,6272,1535354880.0,40265318.4
Fat Tree,473,1535354880.0,72.8923476005188,9252,6272,1535354880.0,40265318.4
Fat Tree,474,1535354880.0,72.9031560743623,9252,6272,1535354880.0,40265318.4
Fat Tree,475,1535354880.0,72.91396454820578,9252,6272,1535354880.0,40265318.4
Fat Tree,476,1535354880.0,72.92477302204928,9252,6272,1535354880.0,40265318.4
Fat Tree,477,1535354880.0,72.93558149589278,9252,6272,1535354880.0,40265318.4
Fat Tree,478,1535354880.0,72.94638996973627,9252,6272,1535354880.0,40265318.4
Fat Tree,479,1535354880.0,72.95719844357976,9252,6272,1535354880.0,40265318.4
Fat Tree,480,1535354880.0,72.96800691742325,9252,6272,1535354880.0,40265318.4
Fat Tree,481,1535354880.0,72.97881539126675,9252,6272,1535354880.0,40265318.4
Fat Tree,482,1535354880.0,72.98962386511025,9252,6272,1535354880.0,40265318.4
Fat Tree,483,1535354880.0,73.00043233895373,9252,6272,1535354880.0,40265318.4
Fat Tree,484,1535354880.0,73.01124081279723,9252,6272,1535354880.0,40265318.4
Fat Tree,485,1535354880.0,73.02204928664072,9252,6272,1535354880.0,40265318.4
Fat Tree,486,1535354880.0,73.03285776048422,9252,6272,1535354880.0,40265318.4
Fat Tree,487,1535354880.0,73.0436662343277,9252,6272,1535354880.0,40265318.4
Fat Tree,488,1535354880.0,73.0544747081712,9252,6272,1535354880.0,40265318.4
Fat Tree,489,1535354880.0,73.0652831820147,9252,6272,1535354880.0,40265318.4
Fat Tree,490,1535354880.0,73.07609165585819,9252,6272,1535354880.0,40265318.4
Fat Tree,491,1535354880.0,73.08690012970168,9252,6272,1535354880.0,40265318.4
Fat Tree,492,1535354880.0,73.09770860354517,9252,6272,1535354880.0,40265318.4
Fat Tree,493,1535354880.0,73.10851707738867,9252,6272,1535354880.0,40265318.4
Fat Tree,494,1535354880.0,73.11932555123217,9252,6272,1535354880.0,40265318.4
Fat Tree,495,1535354880.0,73.13013402507565,9252,6272,1535354880.0,40265318.4
Fat Tree,496,1535354880.0,73.14094249891915,9252,6272,1535354880.0,40265318.4
Fat Tree,497,1535354880.0,73.15175097276264,9252,6272,1535354880.0,40265318.4
Fat Tree,498,1535354880.0,73.16255944660614,9252,6272,1535354880.0,40265318.4
Fat Tree,499,1535354880.0,73.17336792044962,9252,6272,1535354880.0,40265318.4
Fat Tree,500,1535354880.0,73.18417639429312,9252,6272,1535354880.0,40265318.4
Fat Tree,501,1535354880.0,73.19498486813661,9252,6272,1535354880.0,40265318.4
Fat Tree,502,1535354880.0,73.20579334198011,9252,6272,1535354880.0,40265318.4
Fat Tree,503,1535354880.0,73.2166018158236,9252,6272,1535354880.0,40265318.4
Fat Tree,504,1535354880.0,73.22741028966709,9252,6272,1535354880.0,40265318.4
Fat Tree,505,1535354880.0,73.23821876351059,9252,6272,1535354880.0,40265318.4
Fat Tree,506,1535354880.0,73.24902723735408,9252,6272,1535354880.0,40265318.4
Fat Tree,507,1535354880.0,73.25983571119757,9252,6272,1535354880.0,40265318.4
Fat Tree,508,1535354880.0,73.27064418504106,9252,6272,1535354880.0,40265318.4
Fat Tree,509,1535354880.0,73.28145265888456,9252,6272,1535354880.0,40265318.4
Fat Tree,510,1535354880.0,73.29226113272806,9252,6272,1535354880.0,40265318.4
Fat Tree,511,1535354880.0,73.30306960657154,9252,6272,1535354880.0,40265318.4
Fat Tree,512,1535354880.0,73.31387808041504,9252,6272,1535354880.0,40265318.4
Fat Tree,513,1535354880.0,73.32468655425853,9252,6272,1535354880.0,40265318.4
Fat Tree,514,1535354880.0,73.33549502810203,9252,6272,1535354880.0,40265318.4
Fat Tree,515,1535354880.0,73.34630350194551,9252,6272,1535354880.0,40265318.4
Fat Tree,516,1535354880.0,73.35711197578901,9252,6272,1535354880.0,40265318.4
Fat Tree,517,1535354880.0,73.3679204496325,9252,6272,1535354880.0,40265318.4
Fat Tree,518,1535354880.0,73.378728923476,9252,6272,1535354880.0,40265318.4
Fat Tree,519,1535354880.0,73.38953739731949,9252,6272,1535354880.0,40265318.4
Fat Tree,520,1535354880.0,73.40034587116298,9252,6272,1535354880.0,40265318.4
Fat Tree,521,1535354880.0,73.41115434500648,9252,6272,1535354880.0,40265318.4
Fat Tree,522,1535354880.0,73.42196281884998,9252,6272,1535354880.0,40265318.4
Fat Tree,523,1535354880.0,73.43277129269346,9252,6272,1535354880.0,40265318.4
Fat Tree,524,1535354880.0,73.44357976653697,9252,6272,1535354880.0,40265318.4
Fat Tree,525,1535354880.0,73.45438824038047,9252,6272,1535354880.0,40265318.4
Fat Tree,526,1535354880.0,73.46519671422396,9252,6272,1535354880.0,40265318.4
Fat Tree,527,1535354880.0,73.47600518806745,9252,6272,1535354880.0,40265318.4
Fat Tree,528,1535354880.0,73.48681366191094,9252,6272,1535354880.0,40265318.4
Fat Tree,529,1535354880.0,73.49762213575444,9252,6272,1535354880.0,40265318.4
Fat Tree,530,1535354880.0,73.50843060959792,9252,6272,1535354880.0,40265318.4
Fat Tree,531,1535354880.0,73.51923908344142,9252,6272,1535354880.0,40265318.4
Fat Tree,532,1535354880.0,73.53004755728492,9252,6272,1535354880.0,40265318.4
Fat Tree,533,1535354880.0,73.54085603112841,9252,6272,1535354880.0,40265318.4
Fat Tree,534,1535354880.0,73.55166450497191,9252,6272,1535354880.0,40265318.4
Fat Tree,535,1535354880.0,73.56247297881539,9252,6272,1535354880.0,40265318.4
Fat Tree,536,1535354880.0,73.57328145265889,9252,6272,1535354880.0,40265318.4
Fat Tree,537,1535354880.0,73.58408992650239,9252,6272,1535354880.0,40265318.4
Fat Tree,538,1535354880.0,73.59489840034587,9252,6272,1535354880.0,40265318.4
Fat Tree,539,1535354880.0,73.60570687418937,9252,6272,1535354880.0,40265318.4
Fat Tree,540,1535354880.0,73.61651534803286,9252,6272,1535354880.0,40265318.4
Fat Tree,541,1535354880.0,73.62732382187636,9252,6272,1535354880.0,40265318.4
Fat Tree,542,1535354880.0,73.63813229571986,9252,6272,1535354880.0,40265318.4
Fat Tree,543,1535354880.0,73.64894076956334,9252,6272,1535354880.0,40265318.4
Fat Tree,544,1535354880.0,73.65974924340684,9252,6272,1535354880.0,40265318.4
Fat Tree,545,1535354880.0,73.67055771725033,9252,6272,1535354880.0,40265318.4
Fat Tree,546,1535354880.0,73.68136619109382,9252,6272,1535354880.0,40265318.4
Fat Tree,547,1535354880.0,73.69217466493731,9252,6272,1535354880.0,40265318.4
Fat Tree,548,1535354880.0,73.70298313878081,9252,6272,1535354880.0,40265318.4
Fat Tree,549,1535354880.0,73.7137916126243,9252,6272,1535354880.0,40265318.4
Fat Tree,550,1535354880.0,73.7246000864678,9252,6272,1535354880.0,40265318.4
Fat Tree,551,1535354880.0,73.73540856031128,9252,6272,1535354880.0,40265318.4
Fat Tree,552,1535354880.0,73.74621703415478,9252,6272,1535354880.0,40265318.4
Fat Tree,553,1535354880.0,73.75702550799828,9252,6272,1535354880.0,40265318.4
Fat Tree,554,1535354880.0,73.76783398184176,9252,6272,1535354880.0,40265318.4
Fat Tree,555,1535354880.0,73.77864245568526,9252,6272,1535354880.0,40265318.4
Fat Tree,556,1535354880.0,73.78945092952875,9252,6272,1535354880.0,40265318.4
Fat Tree,557,1535354880.0,73.80025940337225,9252,6272,1535354880.0,40265318.4
Fat Tree,558,1535354880.0,73.81106787721575,9252,6272,1535354880.0,40265318.4
Fat Tree,559,1535354880.0,73.82187635105923,9252,6272,1535354880.0,40265318.4
Fat Tree,560,1535354880.0,73.83268482490273,9252,6272,1535354880.0,40265318.4
Fat Tree,561,1535354880.0,73.84349329874622,9252,6272,1535354880.0,40265318.4
Fat Tree,562,1535354880.0,73.85430177258971,9252,6272,1535354880.0,40265318.4
Fat Tree,563,1535354880.0,73.8651102464332,9252,6272,1535354880.0,40265318.4
Fat Tree,564,1535354880.0,73.8759187202767,9252,6272,1535354880.0,40265318.4
Fat Tree,565,1535354880.0,73.8867271941202,9252,6272,1535354880.0,40265318.4
Fat Tree,566,1535354880.0,73.8975356679637,9252,6272,1535354880.0,40265318.4
Fat Tree,567,1535354880.0,73.90834414180718,9252,6272,1535354880.0,40265318.4
Fat Tree,568,1535354880.0,73.91915261565067,9252,6272,1535354880.0,40265318.4
Fat Tree,569,1535354880.0,73.92996108949417,9252,6272,1535354880.0,40265318.4
Fat Tree,570,1535354880.0,73.94076956333765,9252,6272,1535354880.0,40265318.4
Fat Tree,571,1535354880.0,73.95157803718115,9252,6272,1535354880.0,40265318.4
Fat Tree,572,1535354880.0,73.96238651102465,9252,6272,1535354880.0,40265318.4
Fat Tree,573,1535354880.0,73.97319498486814,9252,6272,1535354880.0,40265318.4
Fat Tree,574,1535354880.0,73.98400345871164,9252,6272,1535354880.0,40265318.4
Fat Tree,575,1535354880.0,73.99481193255512,9252,6272,1535354880.0,40265318.4
Fat Tree,576,1535354880.0,74.00562040639862,9252,6272,1535354880.0,40265318.4
Fat Tree,577,1535354880.0,74.01642888024212,9252,6272,1535354880.0,40265318.4
Fat Tree,578,1535354880.0,74.0272373540856,9252,6272,1535354880.0,40265318.4
Fat Tree,579,1535354880.0,74.0380458279291,9252,6272,1535354880.0,40265318.4
Fat Tree,580,1535354880.0,74.0488543017726,9252,6272,1535354880.0,40265318.4
Fat Tree,581,1535354880.0,74.05966277561609,9252,6272,1535354880.0,40265318.4
Fat Tree,582,1535354880.0,74.07047124945959,9252,6272,1535354880.0,40265318.4
Fat Tree,583,1535354880.0,74.08127972330307,9252,6272,1535354880.0,40265318.4
Fat Tree,584,1535354880.0,74.09208819714657,9252,6272,1535354880.0,40265318.4
Fat Tree,585,1535354880.0,74.10289667099006,9252,6272,1535354880.0,40265318.4
Fat Tree,586,1535354880.0,74.11370514483355,9252,6272,1535354880.0,40265318.4
Fat Tree,587,1535354880.0,74.12451361867704,9252,6272,1535354880.0,40265318.4
Fat Tree,588,1535354880.0,74.13532209252054,9252,6272,1535354880.0,40265318.4
Fat Tree,589,1535354880.0,74.14613056636404,9252,6272,1535354880.0,40265318.4
Fat Tree,590,1535354880.0,74.15693904020753,9252,6272,1535354880.0,40265318.4
Fat Tree,591,1535354880.0,74.16774751405102,9252,6272,1535354880.0,40265318.4
Fat Tree,592,1535354880.0,74.17855598789451,9252,6272,1535354880.0,40265318.4
Fat Tree,593,1535354880.0,74.18936446173801,9252,6272,1535354880.0,40265318.4
Fat Tree,594,1535354880.0,74.20017293558149,9252,6272,1535354880.0,40265318.4
Fat Tree,595,1535354880.0,74.21098140942499,9252,6272,1535354880.0,40265318.4
Fat Tree,596,1535354880.0,74.22178988326849,9252,6272,1535354880.0,40265318.4
Fat Tree,597,1535354880.0,74.23259835711198,9252,6272,1535354880.0,40265318.4
Fat Tree,598,1535354880.0,74.24340683095548,9252,6272,1535354880.0,40265318.4
Fat Tree,599,1535354880.0,74.25421530479896,9252,6272,1535354880.0,40265318.4
Fat Tree,600,1535354880.0,74.26502377864246,9252,6272,1535354880.0,40265318.4
Fat Tree,601,1535354880.0,74.27583225248596,9252,6272,1535354880.0,40265318.4
Fat Tree,602,1535354880.0,74.28664072632944,9252,6272,1535354880.0,40265318.4
Fat Tree,603,1535354880.0,74.29744920017293,9252,6272,1535354880.0,40265318.4
Fat Tree,604,1535354880.0,74.30825767401643,9252,6272,1535354880.0,40265318.4
Fat Tree,605,1535354880.0,74.31906614785993,9252,6272,1535354880.0,40265318.4
Fat Tree,606,1535354880.0,74.32987462170342,9252,6272,1535354880.0,40265318.4
Fat Tree,607,1535354880.0,74.34068309554691,9252,6272,1535354880.0,40265318.4
Fat Tree,608,1535354880.0,74.3514915693904,9252,6272,1535354880.0,40265318.4
Fat Tree,609,1535354880.0,74.3623000432339,9252,6272,1535354880.0,40265318.4
Fat Tree,610,1535354880.0,74.37310851707738,9252,6272,1535354880.0,40265318.4
Fat Tree,611,1535354880.0,74.38391699092088,9252,6272,1535354880.0,40265318.4
Fat Tree,612,1535354880.0,74.39472546476438,9252,6272,1535354880.0,40265318.4
Fat Tree,613,1535354880.0,74.40553393860787,9252,6272,1535354880.0,40265318.4
Fat Tree,614,1535354880.0,74.41634241245137,9252,6272,1535354880.0,40265318.4
Fat Tree,615,1535354880.0,74.42715088629485,9252,6272,1535354880.0,40265318.4
Fat Tree,616,1535354880.0,74.43795936013835,9252,6272,1535354880.0,40265318.4
Fat Tree,617,1535354880.0,74.44876783398185,9252,6272,1535354880.0,40265318.4
Fat Tree,618,1535354880.0,74.45957630782533,9252,6272,1535354880.0,40265318.4
Fat Tree,619,1535354880.0,74.47038478166883,9252,6272,1535354880.0,40265318.4
Fat Tree,620,1535354880.0,74.48119325551232,9252,6272,1535354880.0,40265318.4
Fat Tree,621,1535354880.0,74.49200172935582,9252,6272,1535354880.0,40265318.4
Fat Tree,622,1535354880.0,74.50281020319932,9252,6272,1535354880.0,40265318.4
Fat Tree,623,1535354880.0,74.5136186770428,9252,6272,1535354880.0,40265318.4
Fat Tree,624,1535354880.0,74.5244271508863,9252,6272,1535354880.0,40265318.4
Fat Tree,625,1535354880.0,74.5352356247298,9252,6272,1535354880.0,40265318.4
Fat Tree,626,1535354880.0,74.54604409857328,9252,6272,1535354880.0,40265318.4
Fat Tree,627,1535354880.0,74.55685257241677,9252,6272,1535354880.0,40265318.4
Fat Tree,628,1535354880.0,74.56766104626027,9252,6272,1535354880.0,40265318.4
Fat Tree,629,1535354880.0,74.57846952010377,9252,6272,1535354880.0,40265318.4
Fat Tree,630,1535354880.0,74.58927799394726,9252,6272,1535354880.0,40265318.4
Fat Tree,631,1535354880.0,74.60008646779075,9252,6272,1535354880.0,40265318.4
Fat Tree,632,1535354880.0,74.61089494163424,9252,6272,1535354880.0,40265318.4
Fat Tree,633,1535354880.0,74.62170341547774,9252,6272,1535354880.0,40265318.4
Fat Tree,634,1535354880.0,74.63251188932122,9252,6272,1535354880.0,40265318.4
Fat Tree,635,1535354880.0,74.64332036316472,9252,6272,1535354880.0,40265318.4
Fat Tree,636,1535354880.0,74.65412883700822,9252,6272,1535354880.0,40265318.4
Fat Tree,637,1535354880.0,74.66493731085171,9252,6272,1535354880.0,40265318.4
Fat Tree,638,1535354880.0,74.67574578469521,9252,6272,1535354880.0,40265318.4
Fat Tree,639,1535354880.0,74.68655425853869,9252,6272,1535354880.0,40265318.4
Fat Tree,640,1535354880.0,74.69736273238219,9252,6272,1535354880.0,40265318.4
Fat Tree,641,1535354880.0,74.70817120622569,9252,6272,1535354880.0,40265318.4
Fat Tree,642,1535354880.0,74.71897968006917,9252,6272,1535354880.0,40265318.4
Fat Tree,643,1535354880.0,74.72978815391266,9252,6272,1535354880.0,40265318.4
Fat Tree,644,1535354880.0,74.74059662775616,9252,6272,1535354880.0,40265318.4
Fat Tree,645,1535354880.0,74.75140510159966,9252,6272,1535354880.0,40265318.4
Fat Tree,646,1535354880.0,74.76221357544316,9252,6272,1535354880.0,40265318.4
Fat Tree,647,1535354880.0,74.77302204928664,9252,6272,1535354880.0,40265318.4
Fat Tree,648,1535354880.0,74.78383052313013,9252,6272,1535354880.0,40265318.4
Fat Tree,649,1535354880.0,74.79463899697363,9252,6272,1535354880.0,40265318.4
Fat Tree,650,1535354880.0,74.80544747081711,9252,6272,1535354880.0,40265318.4
Fat Tree,651,1535354880.0,74.81625594466061,9252,6272,1535354880.0,40265318.4
Fat Tree,652,1535354880.0,74.82706441850411,9252,6272,1535354880.0,40265318.4
Fat Tree,653,1535354880.0,74.8378728923476,9252,6272,1535354880.0,40265318.4
Fat Tree,654,1535354880.0,74.8486813661911,9252,6272,1535354880.0,40265318.4
Fat Tree,655,1535354880.0,74.85948984003458,9252,6272,1535354880.0,40265318.4
Fat Tree,656,1535354880.0,74.87029831387808,9252,6272,1535354880.0,40265318.4
Fat Tree,657,1535354880.0,74.88110678772158,9252,6272,1535354880.0,40265318.4
Fat Tree,658,1535354880.0,74.89191526156506,9252,6272,1535354880.0,40265318.4
Fat Tree,659,1535354880.0,74.90272373540856,9252,6272,1535354880.0,40265318.4
Fat Tree,660,1535354880.0,74.91353220925205,9252,6272,1535354880.0,40265318.4
Fat Tree,661,1535354880.0,74.92434068309555,9252,6272,1535354880.0,40265318.4
Fat Tree,662,1535354880.0,74.93514915693905,9252,6272,1535354880.0,40265318.4
Fat Tree,663,1535354880.0,74.94595763078253,9252,6272,1535354880.0,40265318.4
Fat Tree,664,1535354880.0,74.95676610462603,9252,6272,1535354880.0,40265318.4
Fat Tree,665,1535354880.0,74.96757457846952,9252,6272,1535354880.0,40265318.4
Fat Tree,666,1535354880.0,74.978383052313,9252,6272,1535354880.0,40265318.4
Fat Tree,667,1535354880.0,74.9891915261565,9252,6272,1535354880.0,40265318.4
Fat Tree,668,1535354880.0,75.0,9252,6272,1535354880.0,40265318.4
Fat Tree,669,1535354880.0,75.0108084738435,9252,6272,1535354880.0,40265318.4
Fat Tree,670,1535354880.0,75.021616947687,9252,6272,1535354880.0,40265318.4
Fat Tree,671,1535354880.0,75.03242542153048,9252,6272,1535354880.0,40265318.4
Fat Tree,672,1535354880.0,75.04323389537397,9252,6272,1535354880.0,40265318.4
Fat Tree,673,1535354880.0,75.05404236921747,9252,6272,1535354880.0,40265318.4
Fat Tree,674,1535354880.0,75.06485084306095,9252,6272,1535354880.0,40265318.4
Fat Tree,675,1535354880.0,75.07565931690445,9252,6272,1535354880.0,40265318.4
Fat Tree,676,1535354880.0,75.08646779074795,9252,6272,1535354880.0,40265318.4
Fat Tree,677,1535354880.0,75.09727626459144,9252,6272,1535354880.0,40265318.4
Fat Tree,678,1535354880.0,75.10808473843494,9252,6272,1535354880.0,40265318.4
Fat Tree,679,1535354880.0,75.11889321227842,9252,6272,1535354880.0,40265318.4
Fat Tree,680,1535354880.0,75.12970168612192,9252,6272,1535354880.0,40265318.4
Fat Tree,681,1535354880.0,75.14051015996542,9252,6272,1535354880.0,40265318.4
Fat Tree,682,1535354880.0,75.1513186338089,9252,6272,1535354880.0,40265318.4
Fat Tree,683,1535354880.0,75.1621271076524,9252,6272,1535354880.0,40265318.4
Fat Tree,684,1535354880.0,75.17293558149589,9252,6272,1535354880.0,40265318.4
Fat Tree,685,1535354880.0,75.18374405533939,9252,6272,1535354880.0,40265318.4
Fat Tree,686,1535354880.0,75.19455252918289,9252,6272,1535354880.0,40265318.4
Fat Tree,687,1535354880.0,75.20536100302637,9252,6272,1535354880.0,40265318.4
Fat Tree,688,1535354880.0,75.21616947686987,9252,6272,1535354880.0,40265318.4
Fat Tree,689,1535354880.0,75.22697795071336,9252,6272,1535354880.0,40265318.4
Fat Tree,690,1535354880.0,75.23778642455684,9252,6272,1535354880.0,40265318.4
Fat Tree,691,1535354880.0,75.24859489840034,9252,6272,1535354880.0,40265318.4
Fat Tree,692,1535354880.0,75.25940337224384,9252,6272,1535354880.0,40265318.4
Fat Tree,693,1535354880.0,75.27021184608734,9252,6272,1535354880.0,40265318.4
Fat Tree,694,1535354880.0,75.28102031993083,9252,6272,1535354880.0,40265318.4
Fat Tree,695,1535354880.0,75.29182879377431,9252,6272,1535354880.0,40265318.4
Fat Tree,696,1535354880.0,75.30263726761781,9252,6272,1535354880.0,40265318.4
Fat Tree,697,1535354880.0,75.31344574146131,9252,6272,1535354880.0,40265318.4
Fat Tree,698,1535354880.0,75.32425421530479,9252,6272,1535354880.0,40265318.4
Fat Tree,699,1535354880.0,75.33506268914829,9252,6272,1535354880.0,40265318.4
Fat Tree,700,1535354880.0,75.34587116299178,9252,6272,1535354880.0,40265318.4
Fat Tree,701,1535354880.0,75.35667963683528,9252,6272,1535354880.0,40265318.4
Fat Tree,702,1535354880.0,75.36748811067878,9252,6272,1535354880.0,40265318.4
Fat Tree,703,1535354880.0,75.37829658452226,9252,6272,1535354880.0,40265318.4
Fat Tree,704,1535354880.0,75.38910505836576,9252,6272,1535354880.0,40265318.4
Fat Tree,705,1535354880.0,75.39991353220925,9252,6272,1535354880.0,40265318.4
Fat Tree,706,1535354880.0,75.41072200605274,9252,6272,1535354880.0,40265318.4
Fat Tree,707,1535354880.0,75.42153047989623,9252,6272,1535354880.0,40265318.4
Fat Tree,708,1535354880.0,75.43233895373973,9252,6272,1535354880.0,40265318.4
Fat Tree,709,1535354880.0,75.44314742758323,9252,6272,1535354880.0,40265318.4
Fat Tree,710,1535354880.0,75.45395590142672,9252,6272,1535354880.0,40265318.4
Fat Tree,711,1535354880.0,75.4647643752702,9252,6272,1535354880.0,40265318.4
Fat Tree,712,1535354880.0,75.4755728491137,9252,6272,1535354880.0,40265318.4
Fat Tree,713,1535354880.0,75.4863813229572,9252,6272,1535354880.0,40265318.4
Fat Tree,714,1535354880.0,75.49718979680068,9252,6272,1535354880.0,40265318.4
Fat Tree,715,1535354880.0,75.50799827064418,9252,6272,1535354880.0,40265318.4
Fat Tree,716,1535354880.0,75.51880674448768,9252,6272,1535354880.0,40265318.4
Fat Tree,717,1535354880.0,75.52961521833117,9252,6272,1535354880.0,40265318.4
Fat Tree,718,1535354880.0,75.54042369217467,9252,6272,1535354880.0,40265318.4
Fat Tree,719,1535354880.0,75.55123216601815,9252,6272,1535354880.0,40265318.4
Fat Tree,720,1535354880.0,75.56204063986165,9252,6272,1535354880.0,40265318.4
Fat Tree,721,1535354880.0,75.57284911370515,9252,6272,1535354880.0,40265318.4
Fat Tree,722,1535354880.0,75.58365758754863,9252,6272,1535354880.0,40265318.4
Fat Tree,723,1535354880.0,75.59446606139213,9252,6272,1535354880.0,40265318.4
Fat Tree,724,1535354880.0,75.60527453523562,9252,6272,1535354880.0,40265318.4
Fat Tree,725,1535354880.0,75.61608300907912,9252,6272,1535354880.0,40265318.4
Fat Tree,726,1535354880.0,75.62689148292262,9252,6272,1535354880.0,40265318.4
Fat Tree,727,1535354880.0,75.6376999567661,9252,6272,1535354880.0,40265318.4
Fat Tree,728,1535354880.0,75.6485084306096,9252,6272,1535354880.0,40265318.4
Fat Tree,729,1535354880.0,75.65931690445309,9252,6272,1535354880.0,40265318.4
Fat Tree,730,1535354880.0,75.67012537829658,9252,6272,1535354880.0,40265318.4
Fat Tree,731,1535354880.0,75.68093385214007,9252,6272,1535354880.0,40265318.4
Fat Tree,732,1535354880.0,75.69174232598357,9252,6272,1535354880.0,40265318.4
Fat Tree,733,1535354880.0,75.70255079982707,9252,6272,1535354880.0,40265318.4
Fat Tree,734,1535354880.0,75.71335927367056,9252,6272,1535354880.0,40265318.4
Fat Tree,735,1535354880.0,75.72416774751404,9252,6272,1535354880.0,40265318.4
Fat Tree,736,1535354880.0,75.73497622135754,9252,6272,1535354880.0,40265318.4
Fat Tree,737,1535354880.0,75.74578469520104,9252,6272,1535354880.0,40265318.4
Fat Tree,738,1535354880.0,75.75659316904452,9252,6272,1535354880.0,40265318.4
Fat Tree,739,1535354880.0,75.76740164288802,9252,6272,1535354880.0,40265318.4
Fat Tree,740,1535354880.0,75.77821011673151,9252,6272,1535354880.0,40265318.4
Fat Tree,741,1535354880.0,75.78901859057501,9252,6272,1535354880.0,40265318.4
Fat Tree,742,1535354880.0,75.79982706441851,9252,6272,1535354880.0,40265318.4
Fat Tree,743,1535354880.0,75.81063553826199,9252,6272,1535354880.0,40265318.4
Fat Tree,744,1535354880.0,75.82144401210549,9252,6272,1535354880.0,40265318.4
Fat Tree,745,1535354880.0,75.83225248594898,9252,6272,1535354880.0,40265318.4
Fat Tree,746,1535354880.0,75.84306095979247,9252,6272,1535354880.0,40265318.4
Fat Tree,747,1535354880.0,75.85386943363596,9252,6272,1535354880.0,40265318.4
Fat Tree,748,1535354880.0,75.86467790747946,9252,6272,1535354880.0,40265318.4
Fat Tree,749,1535354880.0,75.87548638132296,9252,6272,1535354880.0,40265318.4
Fat Tree,750,1535354880.0,75.88629485516645,9252,6272,1535354880.0,40265318.4
Fat Tree,751,1535354880.0,75.89710332900994,9252,6272,1535354880.0,40265318.4
Fat Tree,752,1535354880.0,75.90791180285343,9252,6272,1535354880.0,40265318.4
Fat Tree,753,1535354880.0,75.91872027669693,9252,6272,1535354880.0,40265318.4
Fat Tree,754,1535354880.0,75.92952875054041,9252,6272,1535354880.0,40265318.4
Fat Tree,755,1535354880.0,75.94033722438391,9252,6272,1535354880.0,40265318.4
Fat Tree,756,1535354880.0,75.9511456982274,9252,6272,1535354880.0,40265318.4
Fat Tree,757,1535354880.0,75.9619541720709,9252,6272,1535354880.0,40265318.4
Fat Tree,758,1535354880.0,75.9727626459144,9252,6272,1535354880.0,40265318.4
Fat Tree,759,1535354880.0,75.98357111975788,9252,6272,1535354880.0,40265318.4
Fat Tree,760,1535354880.0,75.99437959360138,9252,6272,1535354880.0,40265318.4
Fat Tree,761,1535354880.0,76.00518806744488,9252,6272,1535354880.0,40265318.4
Fat Tree,762,1535354880.0,76.01599654128836,9252,6272,1535354880.0,40265318.4
Fat Tree,763,1535354880.0,76.02680501513186,9252,6272,1535354880.0,40265318.4
Fat Tree,764,1535354880.0,76.03761348897535,9252,6272,1535354880.0,40265318.4
Fat Tree,765,1535354880.0,76.04842196281885,9252,6272,1535354880.0,40265318.4
Fat Tree,766,1535354880.0,76.05923043666235,9252,6272,1535354880.0,40265318.4
Fat Tree,767,1535354880.0,76.07003891050583,9252,6272,1535354880.0,40265318.4
Fat Tree,768,1535354880.0,76.08084738434933,9252,6272,1535354880.0,40265318.4
Fat Tree,769,1535354880.0,76.09165585819282,9252,6272,1535354880.0,40265318.4
Fat Tree,770,1535354880.0,76.1024643320363,9252,6272,1535354880.0,40265318.4
Fat Tree,771,1535354880.0,76.1132728058798,9252,6272,1535354880.0,40265318.4
Fat Tree,772,1535354880.0,76.1240812797233,9252,6272,1535354880.0,40265318.4
Fat Tree,773,1535354880.0,76.1348897535668,9252,6272,1535354880.0,40265318.4
Fat Tree,774,1535354880.0,76.14569822741029,9252,6272,1535354880.0,40265318.4
Fat Tree,775,1535354880.0,76.15650670125378,9252,6272,1535354880.0,40265318.4
Fat Tree,776,1535354880.0,76.16731517509727,9252,6272,1535354880.0,40265318.4
Fat Tree,777,1535354880.0,76.17812364894077,9252,6272,1535354880.0,40265318.4
Fat Tree,778,1535354880.0,76.18893212278425,9252,6272,1535354880.0,40265318.4
Fat Tree,779,1535354880.0,76.19974059662775,9252,6272,1535354880.0,40265318.4
Fat Tree,780,1535354880.0,76.21054907047125,9252,6272,1535354880.0,40265318.4
Fat Tree,781,1535354880.0,76.22135754431474,9252,6272,1535354880.0,40265318.4
Fat Tree,782,1535354880.0,76.23216601815824,9252,6272,1535354880.0,40265318.4
Fat Tree,783,1535354880.0,76.24297449200172,9252,6272,1535354880.0,40265318.4
Fat Tree,784,1535354880.0,76.25378296584522,9252,6272,1535354880.0,40265318.4
Fat Tree,785,1535354880.0,76.26459143968872,9252,6272,1535354880.0,40265318.4
Fat Tree,786,1535354880.0,76.2753999135322,9252,6272,1535354880.0,40265318.4
Fat Tree,787,1535354880.0,76.2862083873757,9252,6272,1535354880.0,40265318.4
Fat Tree,788,1535354880.0,76.29701686121919,9252,6272,1535354880.0,40265318.4
Fat Tree,789,1535354880.0,76.30782533506269,9252,6272,1535354880.0,40265318.4
Fat Tree,790,1535354880.0,76.31863380890618,9252,6272,1535354880.0,40265318.4
Fat Tree,791,1535354880.0,76.32944228274967,9252,6272,1535354880.0,40265318.4
Fat Tree,792,1535354880.0,76.34025075659316,9252,6272,1535354880.0,40265318.4
Fat Tree,793,1535354880.0,76.35105923043666,9252,6272,1535354880.0,40265318.4
Fat Tree,794,1535354880.0,76.36186770428014,9252,6272,1535354880.0,40265318.4
Fat Tree,795,1535354880.0,76.37267617812364,9252,6272,1535354880.0,40265318.4
Fat Tree,796,1535354880.0,76.38348465196714,9252,6272,1535354880.0,40265318.4
Fat Tree,797,1535354880.0,76.39429312581063,9252,6272,1535354880.0,40265318.4
Fat Tree,798,1535354880.0,76.40510159965413,9252,6272,1535354880.0,40265318.4
Fat Tree,799,1535354880.0,76.41591007349761,9252,6272,1535354880.0,40265318.4
Fat Tree,800,1535354880.0,76.42671854734111,9252,6272,1535354880.0,40265318.4
Fat Tree,801,1535354880.0,76.43752702118461,9252,6272,1535354880.0,40265318.4
Fat Tree,802,1535354880.0,76.44833549502809,9252,6272,1535354880.0,40265318.4
Fat Tree,803,1535354880.0,76.45914396887159,9252,6272,1535354880.0,40265318.4
Fat Tree,804,1535354880.0,76.46995244271508,9252,6272,1535354880.0,40265318.4
Fat Tree,805,1535354880.0,76.48076091655858,9252,6272,1535354880.0,40265318.4
Fat Tree,806,1535354880.0,76.49156939040208,9252,6272,1535354880.0,40265318.4
Fat Tree,807,1535354880.0,76.50237786424556,9252,6272,1535354880.0,40265318.4
Fat Tree,808,1535354880.0,76.51318633808906,9252,6272,1535354880.0,40265318.4
Fat Tree,809,1535354880.0,76.52399481193255,9252,6272,1535354880.0,40265318.4
Fat Tree,810,1535354880.0,76.53480328577604,9252,6272,1535354880.0,40265318.4
Fat Tree,811,1535354880.0,76.54561175961953,9252,6272,1535354880.0,40265318.4
Fat Tree,812,1535354880.0,76.55642023346303,9252,6272,1535354880.0,40265318.4
Fat Tree,813,1535354880.0,76.56722870730654,9252,6272,1535354880.0,40265318.4
Fat Tree,814,1535354880.0,76.57803718115002,9252,6272,1535354880.0,40265318.4
Fat Tree,815,1535354880.0,76.58884565499352,9252,6272,1535354880.0,40265318.4
Fat Tree,816,1535354880.0,76.59965412883702,9252,6272,1535354880.0,40265318.4
Fat Tree,817,1535354880.0,76.61046260268051,9252,6272,1535354880.0,40265318.4
Fat Tree,818,1535354880.0,76.621271076524,9252,6272,1535354880.0,40265318.4
Fat Tree,819,1535354880.0,76.6320795503675,9252,6272,1535354880.0,40265318.4
Fat Tree,820,1535354880.0,76.64288802421099,9252,6272,1535354880.0,40265318.4
Fat Tree,821,1535354880.0,76.65369649805449,9252,6272,1535354880.0,40265318.4
Fat Tree,822,1535354880.0,76.66450497189797,9252,6272,1535354880.0,40265318.4
Fat Tree,823,1535354880.0,76.67531344574147,9252,6272,1535354880.0,40265318.4
Fat Tree,824,1535354880.0,76.68612191958496,9252,6272,1535354880.0,40265318.4
Fat Tree,825,1535354880.0,76.69693039342846,9252,6272,1535354880.0,40265318.4
Fat Tree,826,1535354880.0,76.70773886727194,9252,6272,1535354880.0,40265318.4
Fat Tree,827,1535354880.0,76.71854734111544,9252,6272,1535354880.0,40265318.4
Fat Tree,828,1535354880.0,76.72935581495894,9252,6272,1535354880.0,40265318.4
Fat Tree,829,1535354880.0,76.74016428880243,9252,6272,1535354880.0,40265318.4
Fat Tree,830,1535354880.0,76.75097276264592,9252,6272,1535354880.0,40265318.4
Fat Tree,831,1535354880.0,76.76178123648941,9252,6272,1535354880.0,40265318.4
Fat Tree,832,1535354880.0,76.77258971033291,9252,6272,1535354880.0,40265318.4
Fat Tree,833,1535354880.0,76.7833981841764,9252,6272,1535354880.0,40265318.4
Fat Tree,834,1535354880.0,76.79420665801989,9252,6272,1535354880.0,40265318.4
Fat Tree,835,1535354880.0,76.80501513186339,9252,6272,1535354880.0,40265318.4
Fat Tree,836,1535354880.0,76.81582360570688,9252,6272,1535354880.0,40265318.4
Fat Tree,837,1535354880.0,76.82663207955038,9252,6272,1535354880.0,40265318.4
Fat Tree,838,1535354880.0,76.83744055339386,9252,6272,1535354880.0,40265318.4
Fat Tree,839,1535354880.0,76.84824902723736,9252,6272,1535354880.0,40265318.4
Fat Tree,840,1535354880.0,76.85905750108085,9252,6272,1535354880.0,40265318.4
Fat Tree,841,1535354880.0,76.86986597492435,9252,6272,1535354880.0,40265318.4
Fat Tree,842,1535354880.0,76.88067444876783,9252,6272,1535354880.0,40265318.4
Fat Tree,843,1535354880.0,76.89148292261133,9252,6272,1535354880.0,40265318.4
Fat Tree,844,1535354880.0,76.90229139645483,9252,6272,1535354880.0,40265318.4
Fat Tree,845,1535354880.0,76.91309987029832,9252,6272,1535354880.0,40265318.4
Fat Tree,846,1535354880.0,76.92390834414181,9252,6272,1535354880.0,40265318.4
Fat Tree,847,1535354880.0,76.9347168179853,9252,6272,1535354880.0,40265318.4
Fat Tree,848,1535354880.0,76.9455252918288,9252,6272,1535354880.0,40265318.4
Fat Tree,849,1535354880.0,76.9563337656723,9252,6272,1535354880.0,40265318.4
Fat Tree,850,1535354880.0,76.96714223951578,9252,6272,1535354880.0,40265318.4
Fat Tree,851,1535354880.0,76.97795071335928,9252,6272,1535354880.0,40265318.4
Fat Tree,852,1535354880.0,76.98875918720277,9252,6272,1535354880.0,40265318.4
Fat Tree,853,1535354880.0,76.99956766104627,9252,6272,1535354880.0,40265318.4
Fat Tree,854,1535354880.0,77.01037613488975,9252,6272,1535354880.0,40265318.4
Fat Tree,855,1535354880.0,77.02118460873325,9252,6272,1535354880.0,40265318.4
Fat Tree,856,1535354880.0,77.03199308257675,9252,6272,1535354880.0,40265318.4
Fat Tree,857,1535354880.0,77.04280155642024,9252,6272,1535354880.0,40265318.4
Fat Tree,858,1535354880.0,77.05361003026373,9252,6272,1535354880.0,40265318.4
Fat Tree,859,1535354880.0,77.06441850410722,9252,6272,1535354880.0,40265318.4
Fat Tree,860,1535354880.0,77.07522697795072,9252,6272,1535354880.0,40265318.4
Fat Tree,861,1535354880.0,77.08603545179422,9252,6272,1535354880.0,40265318.4
Fat Tree,862,1535354880.0,77.0968439256377,9252,6272,1535354880.0,40265318.4
Fat Tree,863,1535354880.0,77.1076523994812,9252,6272,1535354880.0,40265318.4
Fat Tree,864,1535354880.0,77.1184608733247,9252,6272,1535354880.0,40265318.4
Fat Tree,865,1535354880.0,77.12926934716819,9252,6272,1535354880.0,40265318.4
Fat Tree,866,1535354880.0,77.14007782101167,9252,6272,1535354880.0,40265318.4
Fat Tree,867,1535354880.0,77.15088629485517,9252,6272,1535354880.0,40265318.4
Fat Tree,868,1535354880.0,77.16169476869867,9252,6272,1535354880.0,40265318.4
Fat Tree,869,1535354880.0,77.17250324254216,9252,6272,1535354880.0,40265318.4
Fat Tree,870,1535354880.0,77.18331171638565,9252,6272,1535354880.0,40265318.4
Fat Tree,871,1535354880.0,77.19412019022914,9252,6272,1535354880.0,40265318.4
Fat Tree,872,1535354880.0,77.20492866407264,9252,6272,1535354880.0,40265318.4
Fat Tree,873,1535354880.0,77.21573713791614,9252,6272,1535354880.0,40265318.4
Fat Tree,874,1535354880.0,77.22654561175962,9252,6272,1535354880.0,40265318.4
Fat Tree,875,1535354880.0,77.23735408560312,9252,6272,1535354880.0,40265318.4
Fat Tree,876,1535354880.0,77.24816255944661,9252,6272,1535354880.0,40265318.4
Fat Tree,877,1535354880.0,77.25897103329011,9252,6272,1535354880.0,40265318.4
Fat Tree,878,1535354880.0,77.26977950713359,9252,6272,1535354880.0,40265318.4
Fat Tree,879,1535354880.0,77.28058798097709,9252,6272,1535354880.0,40265318.4
Fat Tree,880,1535354880.0,77.29139645482059,9252,6272,1535354880.0,40265318.4
Fat Tree,881,1535354880.0,77.30220492866408,9252,6272,1535354880.0,40265318.4
Fat Tree,882,1535354880.0,77.31301340250756,9252,6272,1535354880.0,40265318.4
Fat Tree,883,1535354880.0,77.32382187635106,9252,6272,1535354880.0,40265318.4
Fat Tree,884,1535354880.0,77.33463035019456,9252,6272,1535354880.0,40265318.4
Fat Tree,885,1535354880.0,77.34543882403806,9252,6272,1535354880.0,40265318.4
Fat Tree,886,1535354880.0,77.35624729788154,9252,6272,1535354880.0,40265318.4
Fat Tree,887,1535354880.0,77.36705577172503,9252,6272,1535354880.0,40265318.4
Fat Tree,888,1535354880.0,77.37786424556853,9252,6272,1535354880.0,40265318.4
Fat Tree,889,1535354880.0,77.38867271941203,9252,6272,1535354880.0,40265318.4
Fat Tree,890,1535354880.0,77.39948119325551,9252,6272,1535354880.0,40265318.4
Fat Tree,891,1535354880.0,77.41028966709901,9252,6272,1535354880.0,40265318.4
Fat Tree,892,1535354880.0,77.4210981409425,9252,6272,1535354880.0,40265318.4
Fat Tree,893,1535354880.0,77.431906614786,9252,6272,1535354880.0,40265318.4
Fat Tree,894,1535354880.0,77.44271508862948,9252,6272,1535354880.0,40265318.4
Fat Tree,895,1535354880.0,77.45352356247298,9252,6272,1535354880.0,40265318.4
Fat Tree,896,1535354880.0,77.46433203631648,9252,6272,1535354880.0,40265318.4
Fat Tree,897,1535354880.0,77.47514051015997,9252,6272,1535354880.0,40265318.4
Fat Tree,898,1535354880.0,77.48594898400346,9252,6272,1535354880.0,40265318.4
Fat Tree,899,1535354880.0,77.49675745784695,9252,6272,1535354880.0,40265318.4
Fat Tree,900,1535354880.0,77.50756593169045,9252,6272,1535354880.0,40265318.4
Fat Tree,901,1535354880.0,77.51837440553395,9252,6272,1535354880.0,40265318.4
Fat Tree,902,1535354880.0,77.52918287937743,9252,6272,1535354880.0,40265318.4
Fat Tree,903,1535354880.0,77.53999135322093,9252,6272,1535354880.0,40265318.4
Fat Tree,904,1535354880.0,77.55079982706442,9252,6272,1535354880.0,40265318.4
Fat Tree,905,1535354880.0,77.56160830090792,9252,6272,1535354880.0,40265318.4
Fat Tree,906,1535354880.0,77.5724167747514,9252,6272,1535354880.0,40265318.4
Fat Tree,907,1535354880.0,77.5832252485949,9252,6272,1535354880.0,40265318.4
Fat Tree,908,1535354880.0,77.5940337224384,9252,6272,1535354880.0,40265318.4
Fat Tree,909,1535354880.0,77.6048421962819,9252,6272,1535354880.0,40265318.4
Fat Tree,910,1535354880.0,77.61565067012538,9252,6272,1535354880.0,40265318.4
Fat Tree,911,1535354880.0,77.62645914396887,9252,6272,1535354880.0,40265318.4
Fat Tree,912,1535354880.0,77.63726761781237,9252,6272,1535354880.0,40265318.4
Fat Tree,913,1535354880.0,77.64807609165587,9252,6272,1535354880.0,40265318.4
Fat Tree,914,1535354880.0,77.65888456549935,9252,6272,1535354880.0,40265318.4
Fat Tree,915,1535354880.0,77.66969303934285,9252,6272,1535354880.0,40265318.4
Fat Tree,916,1535354880.0,77.68050151318634,9252,6272,1535354880.0,40265318.4
Fat Tree,917,1535354880.0,77.69130998702984,9252,6272,1535354880.0,40265318.4
Fat Tree,918,1535354880.0,77.70211846087332,9252,6272,1535354880.0,40265318.4
Fat Tree,919,1535354880.0,77.71292693471682,9252,6272,1535354880.0,40265318.4
Fat Tree,920,1535354880.0,77.72373540856032,9252,6272,1535354880.0,40265318.4
Fat Tree,921,1535354880.0,77.73454388240381,9252,6272,1535354880.0,40265318.4
Fat Tree,922,1535354880.0,77.7453523562473,9252,6272,1535354880.0,40265318.4
Fat Tree,923,1535354880.0,77.75616083009079,9252,6272,1535354880.0,40265318.4
Fat Tree,924,1535354880.0,77.76696930393429,9252,6272,1535354880.0,40265318.4
Fat Tree,925,1535354880.0,77.77777777777779,9252,6272,1535354880.0,40265318.4
Fat Tree,926,1535354880.0,77.78858625162127,9252,6272,1535354880.0,40265318.4
Fat Tree,927,1535354880.0,77.79939472546477,9252,6272,1535354880.0,40265318.4
Fat Tree,928,1535354880.0,77.81020319930826,9252,6272,1535354880.0,40265318.4
Fat Tree,929,1535354880.0,77.82101167315176,9252,6272,1535354880.0,40265318.4
Fat Tree,930,1535354880.0,77.83182014699524,9252,6272,1535354880.0,40265318.4
Fat Tree,931,1535354880.0,77.84262862083874,9252,6272,1535354880.0,40265318.4
Fat Tree,932,1535354880.0,77.85343709468223,9252,6272,1535354880.0,40265318.4
Fat Tree,933,1535354880.0,77.86424556852573,9252,6272,1535354880.0,40265318.4
Fat Tree,934,1535354880.0,77.87505404236921,9252,6272,1535354880.0,40265318.4
Fat Tree,935,1535354880.0,77.88586251621271,9252,6272,1535354880.0,40265318.4
Fat Tree,936,1535354880.0,77.89667099005621,9252,6272,1535354880.0,40265318.4
Fat Tree,937,1535354880.0,77.9074794638997,9252,6272,1535354880.0,40265318.4
Fat Tree,938,1535354880.0,77.91828793774319,9252,6272,1535354880.0,40265318.4
Fat Tree,939,1535354880.0,77.92909641158668,9252,6272,1535354880.0,40265318.4
Fat Tree,940,1535354880.0,77.93990488543018,9252,6272,1535354880.0,40265318.4
Fat Tree,941,1535354880.0,77.95071335927368,9252,6272,1535354880.0,40265318.4
Fat Tree,942,1535354880.0,77.96152183311716,9252,6272,1535354880.0,40265318.4
Fat Tree,943,1535354880.0,77.97233030696066,9252,6272,1535354880.0,40265318.4
Fat Tree,944,1535354880.0,77.98313878080415,9252,6272,1535354880.0,40265318.4
Fat Tree,945,1535354880.0,77.99394725464765,9252,6272,1535354880.0,40265318.4
Fat Tree,946,1535354880.0,78.00475572849113,9252,6272,1535354880.0,40265318.4
Fat Tree,947,1535354880.0,78.01556420233463,9252,6272,1535354880.0,40265318.4
Fat Tree,948,1535354880.0,78.02637267617813,9252,6272,1535354880.0,40265318.4
Fat Tree,949,1535354880.0,78.03718115002162,9252,6272,1535354880.0,40265318.4
Fat Tree,950,1535354880.0,78.0479896238651,9252,6272,1535354880.0,40265318.4
Fat Tree,951,1535354880.0,78.0587980977086,9252,6272,1535354880.0,40265318.4
Fat Tree,952,1535354880.0,78.0696065715521,9252,6272,1535354880.0,40265318.4
Fat Tree,953,1535354880.0,78.0804150453956,9252,6272,1535354880.0,40265318.4
Fat Tree,954,1535354880.0,78.09122351923908,9252,6272,1535354880.0,40265318.4
Fat Tree,955,1535354880.0,78.10203199308258,9252,6272,1535354880.0,40265318.4
Fat Tree,956,1535354880.0,78.11284046692607,9252,6272,1535354880.0,40265318.4
Fat Tree,957,1535354880.0,78.12364894076957,9252,6272,1535354880.0,40265318.4
Fat Tree,958,1535354880.0,78.13445741461305,9252,6272,1535354880.0,40265318.4
Fat Tree,959,1535354880.0,78.14526588845655,9252,6272,1535354880.0,40265318.4
Fat Tree,960,1535354880.0,78.15607436230005,9252,6272,1535354880.0,40265318.4
Fat Tree,961,1535354880.0,78.16688283614354,9252,6272,1535354880.0,40265318.4
Fat Tree,962,1535354880.0,78.17769130998703,9252,6272,1535354880.0,40265318.4
Fat Tree,963,1535354880.0,78.18849978383052,9252,6272,1535354880.0,40265318.4
Fat Tree,964,1535354880.0,78.19930825767402,9252,6272,1535354880.0,40265318.4
Fat Tree,965,1535354880.0,78.21011673151752,9252,6272,1535354880.0,40265318.4
Fat Tree,966,1535354880.0,78.220925205361,9252,6272,1535354880.0,40265318.4
Fat Tree,967,1535354880.0,78.2317336792045,9252,6272,1535354880.0,40265318.4
Fat Tree,968,1535354880.0,78.24254215304799,9252,6272,1535354880.0,40265318.4
Fat Tree,969,1535354880.0,78.25335062689149,9252,6272,1535354880.0,40265318.4
Fat Tree,970,1535354880.0,78.26415910073497,9252,6272,1535354880.0,40265318.4
Fat Tree,971,1535354880.0,78.27496757457847,9252,6272,1535354880.0,40265318.4
Fat Tree,972,1535354880.0,78.28577604842197,9252,6272,1535354880.0,40265318.4
Fat Tree,973,1535354880.0,78.29658452226546,9252,6272,1535354880.0,40265318.4
Fat Tree,974,1535354880.0,78.30739299610894,9252,6272,1535354880.0,40265318.4
Fat Tree,975,1535354880.0,78.31820146995244,9252,6272,1535354880.0,40265318.4
Fat Tree,976,1535354880.0,78.32900994379594,9252,6272,1535354880.0,40265318.4
Fat Tree,977,1535354880.0,78.33981841763944,9252,6272,1535354880.0,40265318.4
Fat Tree,978,1535354880.0,78.35062689148292,9252,6272,1535354880.0,40265318.4
Fat Tree,979,1535354880.0,78.36143536532641,9252,6272,1535354880.0,40265318.4
Fat Tree,980,1535354880.0,78.37224383916991,9252,6272,1535354880.0,40265318.4
Fat Tree,981,1535354880.0,78.38305231301341,9252,6272,1535354880.0,40265318.4
Fat Tree,982,1535354880.0,78.39386078685689,9252,6272,1535354880.0,40265318.4
Fat Tree,983,1535354880.0,78.40466926070039,9252,6272,1535354880.0,40265318.4
Fat Tree,984,1535354880.0,78.41547773454388,9252,6272,1535354880.0,40265318.4
Fat Tree,985,1535354880.0,78.42628620838738,9252,6272,1535354880.0,40265318.4
Fat Tree,986,1535354880.0,78.43709468223086,9252,6272,1535354880.0,40265318.4
Fat Tree,987,1535354880.0,78.44790315607436,9252,6272,1535354880.0,40265318.4
Fat Tree,988,1535354880.0,78.45871162991786,9252,6272,1535354880.0,40265318.4
Fat Tree,989,1535354880.0,78.46952010376135,9252,6272,1535354880.0,40265318.4
Fat Tree,990,1535354880.0,78.48032857760484,9252,6272,1535354880.0,40265318.4
Fat Tree,991,1535354880.0,78.49113705144833,9252,6272,1535354880.0,40265318.4
Fat Tree,992,1535354880.0,78.50194552529183,9252,6272,1535354880.0,40265318.4
Fat Tree,993,1535354880.0,78.51275399913533,9252,6272,1535354880.0,40265318.4
Fat Tree,994,1535354880.0,78.52356247297881,9252,6272,1535354880.0,40265318.4
Fat Tree,995,1535354880.0,78.5343709468223,9252,6272,1535354880.0,40265318.4
Fat Tree,996,1535354880.0,78.5451794206658,9252,6272,1535354880.0,40265318.4
Fat Tree,997,1535354880.0,78.5559878945093,9252,6272,1535354880.0,40265318.4
Fat Tree,998,1535354880.0,78.56679636835278,9252,6272,1535354880.0,40265318.4
Fat Tree,999,1535354880.0,78.57760484219628,9252,6272,1535354880.0,40265318.4
Fat Tree,1000,1535354880.0,78.58841331603978,9252,6272,1535354880.0,40265318.4
Fat Tree,1001,1535354880.0,78.59922178988327,9252,6272,1535354880.0,40265318.4
Fat Tree,1002,1535354880.0,78.61003026372676,9252,6272,1535354880.0,40265318.4
Fat Tree,1003,1535354880.0,78.62083873757025,9252,6272,1535354880.0,40265318.4
Fat Tree,1004,1535354880.0,78.63164721141375,9252,6272,1535354880.0,40265318.4
Fat Tree,1005,1535354880.0,78.64245568525725,9252,6272,1535354880.0,40265318.4
Fat Tree,1006,1535354880.0,78.65326415910073,9252,6272,1535354880.0,40265318.4
Fat Tree,1007,1535354880.0,78.66407263294423,9252,6272,1535354880.0,40265318.4
Fat Tree,1008,1535354880.0,78.67488110678772,9252,6272,1535354880.0,40265318.4
Fat Tree,1009,1535354880.0,78.68568958063122,9252,6272,1535354880.0,40265318.4
Fat Tree,1010,1535354880.0,78.6964980544747,9252,6272,1535354880.0,40265318.4
Fat Tree,1011,1535354880.0,78.7073065283182,9252,6272,1535354880.0,40265318.4
Fat Tree,1012,1535354880.0,78.7181150021617,9252,6272,1535354880.0,40265318.4
Fat Tree,1013,1535354880.0,78.72892347600519,9252,6272,1535354880.0,40265318.4
Fat Tree,1014,1535354880.0,78.73973194984868,9252,6272,1535354880.0,40265318.4
Fat Tree,1015,1535354880.0,78.75054042369217,9252,6272,1535354880.0,40265318.4
Fat Tree,1016,1535354880.0,78.76134889753567,9252,6272,1535354880.0,40265318.4
Fat Tree,1017,1535354880.0,78.77215737137917,9252,6272,1535354880.0,40265318.4
Fat Tree,1018,1535354880.0,78.78296584522265,9252,6272,1535354880.0,40265318.4
Fat Tree,1019,1535354880.0,78.79377431906615,9252,6272,1535354880.0,40265318.4
Fat Tree,1020,1535354880.0,78.80458279290964,9252,6272,1535354880.0,40265318.4
Fat Tree,1021,1535354880.0,78.81539126675314,9252,6272,1535354880.0,40265318.4
Fat Tree,1022,1535354880.0,78.82619974059662,9252,6272,1535354880.0,40265318.4
Fat Tree,1023,1535354880.0,78.83700821444012,9252,6272,1535354880.0,40265318.4
Fat Tree,1024,1535354880.0,78.84781668828361,9252,6272,1535354880.0,40265318.4
Fat Tree,1025,1535354880.0,78.85862516212711,9252,6272,1535354880.0,40265318.4
Fat Tree,1026,1535354880.0,78.8694336359706,9252,6272,1535354880.0,40265318.4
Fat Tree,1027,1535354880.0,78.88024210981409,9252,6272,1535354880.0,40265318.4
Fat Tree,1028,1535354880.0,78.89105058365759,9252,6272,1535354880.0,40265318.4
Fat Tree,1029,1535354880.0,78.90185905750108,9252,6272,1535354880.0,40265318.4
Fat Tree,1030,1535354880.0,78.91266753134457,9252,6272,1535354880.0,40265318.4
Fat Tree,1031,1535354880.0,78.92347600518806,9252,6272,1535354880.0,40265318.4
Fat Tree,1032,1535354880.0,78.93428447903156,9252,6272,1535354880.0,40265318.4
Fat Tree,1033,1535354880.0,78.94509295287506,9252,6272,1535354880.0,40265318.4
Fat Tree,1034,1535354880.0,78.95590142671854,9252,6272,1535354880.0,40265318.4
Fat Tree,1035,1535354880.0,78.96670990056204,9252,6272,1535354880.0,40265318.4
Fat Tree,1036,1535354880.0,78.97751837440553,9252,6272,1535354880.0,40265318.4
Fat Tree,1037,1535354880.0,78.98832684824903,9252,6272,1535354880.0,40265318.4
Fat Tree,1038,1535354880.0,78.99913532209251,9252,6272,1535354880.0,40265318.4
Fat Tree,1039,1535354880.0,79.00994379593601,9252,6272,1535354880.0,40265318.4
Fat Tree,1040,1535354880.0,79.0207522697795,9252,6272,1535354880.0,40265318.4
Fat Tree,1041,1535354880.0,79.031560743623,9252,6272,1535354880.0,40265318.4
Fat Tree,1042,1535354880.0,79.04236921746649,9252,6272,1535354880.0,40265318.4
Fat Tree,1043,1535354880.0,79.05317769130998,9252,6272,1535354880.0,40265318.4
Fat Tree,1044,1535354880.0,79.06398616515348,9252,6272,1535354880.0,40265318.4
Fat Tree,1045,1535354880.0,79.07479463899698,9252,6272,1535354880.0,40265318.4
Fat Tree,1046,1535354880.0,79.08560311284046,9252,6272,1535354880.0,40265318.4
Fat Tree,1047,1535354880.0,79.09641158668396,9252,6272,1535354880.0,40265318.4
Fat Tree,1048,1535354880.0,79.10722006052745,9252,6272,1535354880.0,40265318.4
Fat Tree,1049,1535354880.0,79.11802853437095,9252,6272,1535354880.0,40265318.4
Fat Tree,1050,1535354880.0,79.12883700821443,9252,6272,1535354880.0,40265318.4
Fat Tree,1051,1535354880.0,79.13964548205793,9252,6272,1535354880.0,40265318.4
Fat Tree,1052,1535354880.0,79.15045395590143,9252,6272,1535354880.0,40265318.4
Fat Tree,1053,1535354880.0,79.16126242974492,9252,6272,1535354880.0,40265318.4
Fat Tree,1054,1535354880.0,79.1720709035884,9252,6272,1535354880.0,40265318.4
Fat Tree,1055,1535354880.0,79.1828793774319,9252,6272,1535354880.0,40265318.4
Fat Tree,1056,1535354880.0,79.1936878512754,9252,6272,1535354880.0,40265318.4
Fat Tree,1057,1535354880.0,79.2044963251189,9252,6272,1535354880.0,40265318.4
Fat Tree,1058,1535354880.0,79.21530479896238,9252,6272,1535354880.0,40265318.4
Fat Tree,1059,1535354880.0,79.22611327280588,9252,6272,1535354880.0,40265318.4
Fat Tree,1060,1535354880.0,79.23692174664937,9252,6272,1535354880.0,40265318.4
Fat Tree,1061,1535354880.0,79.24773022049287,9252,6272,1535354880.0,40265318.4
Fat Tree,1062,1535354880.0,79.25853869433635,9252,6272,1535354880.0,40265318.4
Fat Tree,1063,1535354880.0,79.26934716817985,9252,6272,1535354880.0,40265318.4
Fat Tree,1064,1535354880.0,79.28015564202335,9252,6272,1535354880.0,40265318.4
Fat Tree,1065,1535354880.0,79.29096411586684,9252,6272,1535354880.0,40265318.4
Fat Tree,1066,1535354880.0,79.30177258971032,9252,6272,1535354880.0,40265318.4
Fat Tree,1067,1535354880.0,79.31258106355382,9252,6272,1535354880.0,40265318.4
Fat Tree,1068,1535354880.0,79.32338953739732,9252,6272,1535354880.0,40265318.4
Fat Tree,1069,1535354880.0,79.33419801124082,9252,6272,1535354880.0,40265318.4
Fat Tree,1070,1535354880.0,79.3450064850843,9252,6272,1535354880.0,40265318.4
Fat Tree,1071,1535354880.0,79.3558149589278,9252,6272,1535354880.0,40265318.4
Fat Tree,1072,1535354880.0,79.36662343277129,9252,6272,1535354880.0,40265318.4
Fat Tree,1073,1535354880.0,79.37743190661479,9252,6272,1535354880.0,40265318.4
Fat Tree,1074,1535354880.0,79.38824038045827,9252,6272,1535354880.0,40265318.4
Fat Tree,1075,1535354880.0,79.39904885430177,9252,6272,1535354880.0,40265318.4
Fat Tree,1076,1535354880.0,79.40985732814526,9252,6272,1535354880.0,40265318.4
Fat Tree,1077,1535354880.0,79.42066580198876,9252,6272,1535354880.0,40265318.4
Fat Tree,1078,1535354880.0,79.43147427583224,9252,6272,1535354880.0,40265318.4
Fat Tree,1079,1535354880.0,79.44228274967574,9252,6272,1535354880.0,40265318.4
Fat Tree,1080,1535354880.0,79.45309122351924,9252,6272,1535354880.0,40265318.4
Fat Tree,1081,1535354880.0,79.46389969736273,9252,6272,1535354880.0,40265318.4
Fat Tree,1082,1535354880.0,79.47470817120622,9252,6272,1535354880.0,40265318.4
Fat Tree,1083,1535354880.0,79.48551664504971,9252,6272,1535354880.0,40265318.4
Fat Tree,1084,1535354880.0,79.49632511889321,9252,6272,1535354880.0,40265318.4
Fat Tree,1085,1535354880.0,79.50713359273671,9252,6272,1535354880.0,40265318.4
Fat Tree,1086,1535354880.0,79.51794206658019,9252,6272,1535354880.0,40265318.4
Fat Tree,1087,1535354880.0,79.52875054042369,9252,6272,1535354880.0,40265318.4
Fat Tree,1088,1535354880.0,79.53955901426718,9252,6272,1535354880.0,40265318.4
Fat Tree,1089,1535354880.0,79.55036748811068,9252,6272,1535354880.0,40265318.4
Fat Tree,1090,1535354880.0,79.56117596195416,9252,6272,1535354880.0,40265318.4
Fat Tree,1091,1535354880.0,79.57198443579766,9252,6272,1535354880.0,40265318.4
Fat Tree,1092,1535354880.0,79.58279290964116,9252,6272,1535354880.0,40265318.4
Fat Tree,1093,1535354880.0,79.59360138348465,9252,6272,1535354880.0,40265318.4
Fat Tree,1094,1535354880.0,79.60440985732814,9252,6272,1535354880.0,40265318.4
Fat Tree,1095,1535354880.0,79.61521833117163,9252,6272,1535354880.0,40265318.4
Fat Tree,1096,1535354880.0,79.62602680501513,9252,6272,1535354880.0,40265318.4
Fat Tree,1097,1535354880.0,79.63683527885863,9252,6272,1535354880.0,40265318.4
Fat Tree,1098,1535354880.0,79.64764375270211,9252,6272,1535354880.0,40265318.4
Fat Tree,1099,1535354880.0,79.6584522265456,9252,6272,1535354880.0,40265318.4
Fat Tree,1100,1535354880.0,79.6692607003891,9252,6272,1535354880.0,40265318.4
Fat Tree,1101,1535354880.0,79.6800691742326,9252,6272,1535354880.0,40265318.4
Fat Tree,1102,1535354880.0,79.6908776480761,9252,6272,1535354880.0,40265318.4
Fat Tree,1103,1535354880.0,79.7016861219196,9252,6272,1535354880.0,40265318.4
Fat Tree,1104,1535354880.0,79.71249459576309,9252,6272,1535354880.0,40265318.4
Fat Tree,1105,1535354880.0,79.72330306960657,9252,6272,1535354880.0,40265318.4
Fat Tree,1106,1535354880.0,79.73411154345007,9252,6272,1535354880.0,40265318.4
Fat Tree,1107,1535354880.0,79.74492001729357,9252,6272,1535354880.0,40265318.4
Fat Tree,1108,1535354880.0,79.75572849113706,9252,6272,1535354880.0,40265318.4
Fat Tree,1109,1535354880.0,79.76653696498055,9252,6272,1535354880.0,40265318.4
Fat Tree,1110,1535354880.0,79.77734543882404,9252,6272,1535354880.0,40265318.4
Fat Tree,1111,1535354880.0,79.78815391266754,9252,6272,1535354880.0,40265318.4
Fat Tree,1112,1535354880.0,79.79896238651104,9252,6272,1535354880.0,40265318.4
Fat Tree,1113,1535354880.0,79.80977086035452,9252,6272,1535354880.0,40265318.4
Fat Tree,1114,1535354880.0,79.82057933419802,9252,6272,1535354880.0,40265318.4
Fat Tree,1115,1535354880.0,79.83138780804151,9252,6272,1535354880.0,40265318.4
Fat Tree,1116,1535354880.0,79.84219628188501,9252,6272,1535354880.0,40265318.4
Fat Tree,1117,1535354880.0,79.85300475572849,9252,6272,1535354880.0,40265318.4
Fat Tree,1118,1535354880.0,79.86381322957199,9252,6272,1535354880.0,40265318.4
Fat Tree,1119,1535354880.0,79.87462170341549,9252,6272,1535354880.0,40265318.4
Fat Tree,1120,1535354880.0,79.88543017725898,9252,6272,1535354880.0,40265318.4
Fat Tree,1121,1535354880.0,79.89623865110246,9252,6272,1535354880.0,40265318.4
Fat Tree,1122,1535354880.0,79.90704712494596,9252,6272,1535354880.0,40265318.4
Fat Tree,1123,1535354880.0,79.91785559878946,9252,6272,1535354880.0,40265318.4
Fat Tree,1124,1535354880.0,79.92866407263296,9252,6272,1535354880.0,40265318.4
Fat Tree,1125,1535354880.0,79.93947254647644,9252,6272,1535354880.0,40265318.4
Fat Tree,1126,1535354880.0,79.95028102031993,9252,6272,1535354880.0,40265318.4
Fat Tree,1127,1535354880.0,79.96108949416343,9252,6272,1535354880.0,40265318.4
Fat Tree,1128,1535354880.0,79.97189796800693,9252,6272,1535354880.0,40265318.4
Fat Tree,1129,1535354880.0,79.98270644185041,9252,6272,1535354880.0,40265318.4
Fat Tree,1130,1535354880.0,79.99351491569391,9252,6272,1535354880.0,40265318.4
Fat Tree,1131,1535354880.0,80.0043233895374,9252,6272,1535354880.0,40265318.4
Fat Tree,1132,1535354880.0,80.0151318633809,9252,6272,1535354880.0,40265318.4
Fat Tree,1133,1535354880.0,80.02594033722438,9252,6272,1535354880.0,40265318.4
Fat Tree,1134,1535354880.0,80.03674881106788,9252,6272,1535354880.0,40265318.4
Fat Tree,1135,1535354880.0,80.04755728491138,9252,6272,1535354880.0,40265318.4
Fat Tree,1136,1535354880.0,80.05836575875487,9252,6272,1535354880.0,40265318.4
Fat Tree,1137,1535354880.0,80.06917423259836,9252,6272,1535354880.0,40265318.4
Fat Tree,1138,1535354880.0,80.07998270644185,9252,6272,1535354880.0,40265318.4
Fat Tree,1139,1535354880.0,80.09079118028535,9252,6272,1535354880.0,40265318.4
Fat Tree,1140,1535354880.0,80.10159965412885,9252,6272,1535354880.0,40265318.4
Fat Tree,1141,1535354880.0,80.11240812797233,9252,6272,1535354880.0,40265318.4
Fat Tree,1142,1535354880.0,80.12321660181583,9252,6272,1535354880.0,40265318.4
Fat Tree,1143,1535354880.0,80.13402507565932,9252,6272,1535354880.0,40265318.4
Fat Tree,1144,1535354880.0,80.14483354950282,9252,6272,1535354880.0,40265318.4
Fat Tree,1145,1535354880.0,80.1556420233463,9252,6272,1535354880.0,40265318.4
Fat Tree,1146,1535354880.0,80.1664504971898,9252,6272,1535354880.0,40265318.4
Fat Tree,1147,1535354880.0,80.1772589710333,9252,6272,1535354880.0,40265318.4
Fat Tree,1148,1535354880.0,80.1880674448768,9252,6272,1535354880.0,40265318.4
Fat Tree,1149,1535354880.0,80.19887591872028,9252,6272,1535354880.0,40265318.4
Fat Tree,1150,1535354880.0,80.20968439256377,9252,6272,1535354880.0,40265318.4
Fat Tree,1151,1535354880.0,80.22049286640727,9252,6272,1535354880.0,40265318.4
Fat Tree,1152,1535354880.0,80.23130134025077,9252,6272,1535354880.0,40265318.4
Fat Tree,1153,1535354880.0,80.24210981409425,9252,6272,1535354880.0,40265318.4
Fat Tree,1154,1535354880.0,80.25291828793775,9252,6272,1535354880.0,40265318.4
Fat Tree,1155,1535354880.0,80.26372676178124,9252,6272,1535354880.0,40265318.4
Fat Tree,1156,1535354880.0,80.27453523562474,9252,6272,1535354880.0,40265318.4
Fat Tree,1157,1535354880.0,80.28534370946822,9252,6272,1535354880.0,40265318.4
Fat Tree,1158,1535354880.0,80.29615218331172,9252,6272,1535354880.0,40265318.4
Fat Tree,1159,1535354880.0,80.30696065715522,9252,6272,1535354880.0,40265318.4
Fat Tree,1160,1535354880.0,80.31776913099871,9252,6272,1535354880.0,40265318.4
Fat Tree,1161,1535354880.0,80.3285776048422,9252,6272,1535354880.0,40265318.4
Fat Tree,1162,1535354880.0,80.33938607868569,9252,6272,1535354880.0,40265318.4
Fat Tree,1163,1535354880.0,80.35019455252919,9252,6272,1535354880.0,40265318.4
Fat Tree,1164,1535354880.0,80.36100302637269,9252,6272,1535354880.0,40265318.4
Fat Tree,1165,1535354880.0,80.37181150021617,9252,6272,1535354880.0,40265318.4
Fat Tree,1166,1535354880.0,80.38261997405966,9252,6272,1535354880.0,40265318.4
Fat Tree,1167,1535354880.0,80.39342844790316,9252,6272,1535354880.0,40265318.4
Fat Tree,1168,1535354880.0,80.40423692174666,9252,6272,1535354880.0,40265318.4
Fat Tree,1169,1535354880.0,80.41504539559014,9252,6272,1535354880.0,40265318.4
Fat Tree,1170,1535354880.0,80.42585386943364,9252,6272,1535354880.0,40265318.4
Fat Tree,1171,1535354880.0,80.43666234327713,9252,6272,1535354880.0,40265318.4
Fat Tree,1172,1535354880.0,80.44747081712063,9252,6272,1535354880.0,40265318.4
Fat Tree,1173,1535354880.0,80.45827929096411,9252,6272,1535354880.0,40265318.4
Fat Tree,1174,1535354880.0,80.46908776480761,9252,6272,1535354880.0,40265318.4
Fat Tree,1175,1535354880.0,80.47989623865111,9252,6272,1535354880.0,40265318.4
Fat Tree,1176,1535354880.0,80.4907047124946,9252,6272,1535354880.0,40265318.4
Fat Tree,1177,1535354880.0,80.50151318633809,9252,6272,1535354880.0,40265318.4
Fat Tree,1178,1535354880.0,80.51232166018158,9252,6272,1535354880.0,40265318.4
Fat Tree,1179,1535354880.0,80.52313013402508,9252,6272,1535354880.0,40265318.4
Fat Tree,1180,1535354880.0,80.53393860786858,9252,6272,1535354880.0,40265318.4
Fat Tree,1181,1535354880.0,80.54474708171206,9252,6272,1535354880.0,40265318.4
Fat Tree,1182,1535354880.0,80.55555555555556,9252,6272,1535354880.0,40265318.4
Fat Tree,1183,1535354880.0,80.56636402939905,9252,6272,1535354880.0,40265318.4
Fat Tree,1184,1535354880.0,80.57717250324255,9252,6272,1535354880.0,40265318.4
Fat Tree,1185,1535354880.0,80.58798097708603,9252,6272,1535354880.0,40265318.4
Fat Tree,1186,1535354880.0,80.59878945092953,9252,6272,1535354880.0,40265318.4
Fat Tree,1187,1535354880.0,80.60959792477303,9252,6272,1535354880.0,40265318.4
Fat Tree,1188,1535354880.0,80.62040639861652,9252,6272,1535354880.0,40265318.4
Fat Tree,1189,1535354880.0,80.63121487246,9252,6272,1535354880.0,40265318.4
Fat Tree,1190,1535354880.0,80.6420233463035,9252,6272,1535354880.0,40265318.4
Fat Tree,1191,1535354880.0,80.652831820147,9252,6272,1535354880.0,40265318.4
Fat Tree,1192,1535354880.0,80.6636402939905,9252,6272,1535354880.0,40265318.4
Fat Tree,1193,1535354880.0,80.67444876783398,9252,6272,1535354880.0,40265318.4
Fat Tree,1194,1535354880.0,80.68525724167748,9252,6272,1535354880.0,40265318.4
Fat Tree,1195,1535354880.0,80.69606571552097,9252,6272,1535354880.0,40265318.4
Fat Tree,1196,1535354880.0,80.70687418936447,9252,6272,1535354880.0,40265318.4
Fat Tree,1197,1535354880.0,80.71768266320795,9252,6272,1535354880.0,40265318.4
Fat Tree,1198,1535354880.0,80.72849113705145,9252,6272,1535354880.0,40265318.4
Fat Tree,1199,1535354880.0,80.73929961089495,9252,6272,1535354880.0,40265318.4
Fat Tree,1200,1535354880.0,80.75010808473844,9252,6272,1535354880.0,40265318.4
Fat Tree,1201,1535354880.0,80.76091655858193,9252,6272,1535354880.0,40265318.4
Fat Tree,1202,1535354880.0,80.77172503242542,9252,6272,1535354880.0,40265318.4
Fat Tree,1203,1535354880.0,80.78253350626892,9252,6272,1535354880.0,40265318.4
Fat Tree,1204,1535354880.0,80.79334198011242,9252,6272,1535354880.0,40265318.4
Fat Tree,1205,1535354880.0,80.8041504539559,9252,6272,1535354880.0,40265318.4
Fat Tree,1206,1535354880.0,80.8149589277994,9252,6272,1535354880.0,40265318.4
Fat Tree,1207,1535354880.0,80.82576740164289,9252,6272,1535354880.0,40265318.4
Fat Tree,1208,1535354880.0,80.83657587548639,9252,6272,1535354880.0,40265318.4
Fat Tree,1209,1535354880.0,80.84738434932987,9252,6272,1535354880.0,40265318.4
Fat Tree,1210,1535354880.0,80.85819282317337,9252,6272,1535354880.0,40265318.4
Fat Tree,1211,1535354880.0,80.86900129701687,9252,6272,1535354880.0,40265318.4
Fat Tree,1212,1535354880.0,80.87980977086036,9252,6272,1535354880.0,40265318.4
Fat Tree,1213,1535354880.0,80.89061824470384,9252,6272,1535354880.0,40265318.4
Fat Tree,1214,1535354880.0,80.90142671854734,9252,6272,1535354880.0,40265318.4
Fat Tree,1215,1535354880.0,80.91223519239084,9252,6272,1535354880.0,40265318.4
Fat Tree,1216,1535354880.0,80.92304366623434,9252,6272,1535354880.0,40265318.4
Fat Tree,1217,1535354880.0,80.93385214007782,9252,6272,1535354880.0,40265318.4
Fat Tree,1218,1535354880.0,80.94466061392131,9252,6272,1535354880.0,40265318.4
Fat Tree,1219,1535354880.0,80.95546908776481,9252,6272,1535354880.0,40265318.4
Fat Tree,1220,1535354880.0,80.96627756160831,9252,6272,1535354880.0,40265318.4
Fat Tree,1221,1535354880.0,80.97708603545179,9252,6272,1535354880.0,40265318.4
Fat Tree,1222,1535354880.0,80.98789450929529,9252,6272,1535354880.0,40265318.4
Fat Tree,1223,1535354880.0,80.99870298313878,9252,6272,1535354880.0,40265318.4
Fat Tree,1224,1535354880.0,81.00951145698228,9252,6272,1535354880.0,40265318.4
Fat Tree,1225,1535354880.0,81.02031993082576,9252,6272,1535354880.0,40265318.4
Fat Tree,1226,1535354880.0,81.03112840466926,9252,6272,1535354880.0,40265318.4
Fat Tree,1227,1535354880.0,81.04193687851276,9252,6272,1535354880.0,40265318.4
Fat Tree,1228,1535354880.0,81.05274535235625,9252,6272,1535354880.0,40265318.4
Fat Tree,1229,1535354880.0,81.06355382619974,9252,6272,1535354880.0,40265318.4
Fat Tree,1230,1535354880.0,81.07436230004323,9252,6272,1535354880.0,40265318.4
Fat Tree,1231,1535354880.0,81.08517077388673,9252,6272,1535354880.0,40265318.4
Fat Tree,1232,1535354880.0,81.09597924773023,9252,6272,1535354880.0,40265318.4
Fat Tree,1233,1535354880.0,81.10678772157371,9252,6272,1535354880.0,40265318.4
Fat Tree,1234,1535354880.0,81.1175961954172,9252,6272,1535354880.0,40265318.4
Fat Tree,1235,1535354880.0,81.1284046692607,9252,6272,1535354880.0,40265318.4
Fat Tree,1236,1535354880.0,81.1392131431042,9252,6272,1535354880.0,40265318.4
Fat Tree,1237,1535354880.0,81.15002161694768,9252,6272,1535354880.0,40265318.4
Fat Tree,1238,1535354880.0,81.16083009079118,9252,6272,1535354880.0,40265318.4
Fat Tree,1239,1535354880.0,81.17163856463468,9252,6272,1535354880.0,40265318.4
Fat Tree,1240,1535354880.0,81.18244703847817,9252,6272,1535354880.0,40265318.4
Fat Tree,1241,1535354880.0,81.19325551232166,9252,6272,1535354880.0,40265318.4
Fat Tree,1242,1535354880.0,81.20406398616515,9252,6272,1535354880.0,40265318.4
Fat Tree,1243,1535354880.0,81.21487246000865,9252,6272,1535354880.0,40265318.4
Fat Tree,1244,1535354880.0,81.22568093385215,9252,6272,1535354880.0,40265318.4
Fat Tree,1245,1535354880.0,81.23648940769563,9252,6272,1535354880.0,40265318.4
Fat Tree,1246,1535354880.0,81.24729788153913,9252,6272,1535354880.0,40265318.4
Fat Tree,1247,1535354880.0,81.25810635538262,9252,6272,1535354880.0,40265318.4
Fat Tree,1248,1535354880.0,81.26891482922612,9252,6272,1535354880.0,40265318.4
Fat Tree,1249,1535354880.0,81.2797233030696,9252,6272,1535354880.0,40265318.4
Fat Tree,1250,1535354880.0,81.2905317769131,9252,6272,1535354880.0,40265318.4
Fat Tree,1251,1535354880.0,81.3013402507566,9252,6272,1535354880.0,40265318.4
Fat Tree,1252,1535354880.0,81.31214872460009,9252,6272,1535354880.0,40265318.4
Fat Tree,1253,1535354880.0,81.32295719844358,9252,6272,1535354880.0,40265318.4
Fat Tree,1254,1535354880.0,81.33376567228707,9252,6272,1535354880.0,40265318.4
Fat Tree,1255,1535354880.0,81.34457414613057,9252,6272,1535354880.0,40265318.4
Fat Tree,1256,1535354880.0,81.35538261997407,9252,6272,1535354880.0,40265318.4
Fat Tree,1257,1535354880.0,81.36619109381755,9252,6272,1535354880.0,40265318.4
Fat Tree,1258,1535354880.0,81.37699956766104,9252,6272,1535354880.0,40265318.4
Fat Tree,1259,1535354880.0,81.38780804150454,9252,6272,1535354880.0,40265318.4
Fat Tree,1260,1535354880.0,81.39861651534804,9252,6272,1535354880.0,40265318.4
Fat Tree,1261,1535354880.0,81.40942498919152,9252,6272,1535354880.0,40265318.4
Fat Tree,1262,1535354880.0,81.42023346303502,9252,6272,1535354880.0,40265318.4
Fat Tree,1263,1535354880.0,81.43104193687851,9252,6272,1535354880.0,40265318.4
Fat Tree,1264,1535354880.0,81.44185041072201,9252,6272,1535354880.0,40265318.4
Fat Tree,1265,1535354880.0,81.4526588845655,9252,6272,1535354880.0,40265318.4
Fat Tree,1266,1535354880.0,81.46346735840899,9252,6272,1535354880.0,40265318.4
Fat Tree,1267,1535354880.0,81.47427583225249,9252,6272,1535354880.0,40265318.4
Fat Tree,1268,1535354880.0,81.48508430609598,9252,6272,1535354880.0,40265318.4
Fat Tree,1269,1535354880.0,81.49589277993947,9252,6272,1535354880.0,40265318.4
Fat Tree,1270,1535354880.0,81.50670125378296,9252,6272,1535354880.0,40265318.4
Fat Tree,1271,1535354880.0,81.51750972762646,9252,6272,1535354880.0,40265318.4
Fat Tree,1272,1535354880.0,81.52831820146996,9252,6272,1535354880.0,40265318.4
Fat Tree,1273,1535354880.0,81.53912667531344,9252,6272,1535354880.0,40265318.4
Fat Tree,1274,1535354880.0,81.54993514915694,9252,6272,1535354880.0,40265318.4
Fat Tree,1275,1535354880.0,81.56074362300043,9252,6272,1535354880.0,40265318.4
Fat Tree,1276,1535354880.0,81.57155209684393,9252,6272,1535354880.0,40265318.4
Fat Tree,1277,1535354880.0,81.58236057068741,9252,6272,1535354880.0,40265318.4
Fat Tree,1278,1535354880.0,81.59316904453091,9252,6272,1535354880.0,40265318.4
Fat Tree,1279,1535354880.0,81.6039775183744,9252,6272,1535354880.0,40265318.4
Fat Tree,1280,1535354880.0,81.6147859922179,9252,6272,1535354880.0,40265318.4
Fat Tree,1281,1535354880.0,81.62559446606139,9252,6272,1535354880.0,40265318.4
Fat Tree,1282,1535354880.0,81.63640293990488,9252,6272,1535354880.0,40265318.4
Fat Tree,1283,1535354880.0,81.64721141374838,9252,6272,1535354880.0,40265318.4
Fat Tree,1284,1535354880.0,81.65801988759188,9252,6272,1535354880.0,40265318.4
Fat Tree,1285,1535354880.0,81.66882836143536,9252,6272,1535354880.0,40265318.4
Fat Tree,1286,1535354880.0,81.67963683527886,9252,6272,1535354880.0,40265318.4
Fat Tree,1287,1535354880.0,81.69044530912235,9252,6272,1535354880.0,40265318.4
Fat Tree,1288,1535354880.0,81.70125378296585,9252,6272,1535354880.0,40265318.4
Fat Tree,1289,1535354880.0,81.71206225680933,9252,6272,1535354880.0,40265318.4
Fat Tree,1290,1535354880.0,81.72287073065283,9252,6272,1535354880.0,40265318.4
Fat Tree,1291,1535354880.0,81.73367920449633,9252,6272,1535354880.0,40265318.4
Fat Tree,1292,1535354880.0,81.74448767833982,9252,6272,1535354880.0,40265318.4
Fat Tree,1293,1535354880.0,81.7552961521833,9252,6272,1535354880.0,40265318.4
Fat Tree,1294,1535354880.0,81.7661046260268,9252,6272,1535354880.0,40265318.4
Fat Tree,1295,1535354880.0,81.7769130998703,9252,6272,1535354880.0,40265318.4
Fat Tree,1296,1535354880.0,81.7877215737138,9252,6272,1535354880.0,40265318.4
Fat Tree,1297,1535354880.0,81.79853004755728,9252,6272,1535354880.0,40265318.4
Fat Tree,1298,1535354880.0,81.80933852140078,9252,6272,1535354880.0,40265318.4
Fat Tree,1299,1535354880.0,81.82014699524427,9252,6272,1535354880.0,40265318.4
Fat Tree,1300,1535354880.0,81.83095546908777,9252,6272,1535354880.0,40265318.4
Fat Tree,1301,1535354880.0,81.84176394293125,9252,6272,1535354880.0,40265318.4
Fat Tree,1302,1535354880.0,81.85257241677475,9252,6272,1535354880.0,40265318.4
Fat Tree,1303,1535354880.0,81.86338089061825,9252,6272,1535354880.0,40265318.4
Fat Tree,1304,1535354880.0,81.87418936446174,9252,6272,1535354880.0,40265318.4
Fat Tree,1305,1535354880.0,81.88499783830522,9252,6272,1535354880.0,40265318.4
Fat Tree,1306,1535354880.0,81.89580631214872,9252,6272,1535354880.0,40265318.4
Fat Tree,1307,1535354880.0,81.90661478599222,9252,6272,1535354880.0,40265318.4
Fat Tree,1308,1535354880.0,81.91742325983572,9252,6272,1535354880.0,40265318.4
Fat Tree,1309,1535354880.0,81.9282317336792,9252,6272,1535354880.0,40265318.4
Fat Tree,1310,1535354880.0,81.9390402075227,9252,6272,1535354880.0,40265318.4
Fat Tree,1311,1535354880.0,81.94984868136619,9252,6272,1535354880.0,40265318.4
Fat Tree,1312,1535354880.0,81.96065715520969,9252,6272,1535354880.0,40265318.4
Fat Tree,1313,1535354880.0,81.97146562905317,9252,6272,1535354880.0,40265318.4
Fat Tree,1314,1535354880.0,81.98227410289667,9252,6272,1535354880.0,40265318.4
Fat Tree,1315,1535354880.0,81.99308257674016,9252,6272,1535354880.0,40265318.4
Fat Tree,1316,1535354880.0,82.00389105058366,9252,6272,1535354880.0,40265318.4
Fat Tree,1317,1535354880.0,82.01469952442714,9252,6272,1535354880.0,40265318.4
Fat Tree,1318,1535354880.0,82.02550799827064,9252,6272,1535354880.0,40265318.4
Fat Tree,1319,1535354880.0,82.03631647211414,9252,6272,1535354880.0,40265318.4
Fat Tree,1320,1535354880.0,82.04712494595763,9252,6272,1535354880.0,40265318.4
Fat Tree,1321,1535354880.0,82.05793341980112,9252,6272,1535354880.0,40265318.4
Fat Tree,1322,1535354880.0,82.06874189364461,9252,6272,1535354880.0,40265318.4
Fat Tree,1323,1535354880.0,82.07955036748811,9252,6272,1535354880.0,40265318.4
Fat Tree,1324,1535354880.0,82.09035884133161,9252,6272,1535354880.0,40265318.4
Fat Tree,1325,1535354880.0,82.10116731517509,9252,6272,1535354880.0,40265318.4
Fat Tree,1326,1535354880.0,82.11197578901859,9252,6272,1535354880.0,40265318.4
Fat Tree,1327,1535354880.0,82.12278426286208,9252,6272,1535354880.0,40265318.4
Fat Tree,1328,1535354880.0,82.13359273670558,9252,6272,1535354880.0,40265318.4
Fat Tree,1329,1535354880.0,82.14440121054906,9252,6272,1535354880.0,40265318.4
Fat Tree,1330,1535354880.0,82.15520968439256,9252,6272,1535354880.0,40265318.4
Fat Tree,1331,1535354880.0,82.16601815823606,9252,6272,1535354880.0,40265318.4
Fat Tree,1332,1535354880.0,82.17682663207955,9252,6272,1535354880.0,40265318.4
Fat Tree,1333,1535354880.0,82.18763510592304,9252,6272,1535354880.0,40265318.4
Fat Tree,1334,1535354880.0,82.19844357976653,9252,6272,1535354880.0,40265318.4
Fat Tree,1335,1535354880.0,82.20925205361003,9252,6272,1535354880.0,40265318.4
Fat Tree,1336,1535354880.0,82.22006052745353,9252,6272,1535354880.0,40265318.4
Fat Tree,1337,1535354880.0,82.23086900129701,9252,6272,1535354880.0,40265318.4
Fat Tree,1338,1535354880.0,82.2416774751405,9252,6272,1535354880.0,40265318.4
Fat Tree,1339,1535354880.0,82.252485948984,9252,6272,1535354880.0,40265318.4
Fat Tree,1340,1535354880.0,82.2632944228275,9252,6272,1535354880.0,40265318.4
Fat Tree,1341,1535354880.0,82.27410289667098,9252,6272,1535354880.0,40265318.4
Fat Tree,1342,1535354880.0,82.28491137051448,9252,6272,1535354880.0,40265318.4
Fat Tree,1343,1535354880.0,82.29571984435798,9252,6272,1535354880.0,40265318.4
Fat Tree,1344,1535354880.0,82.30652831820147,9252,6272,1535354880.0,40265318.4
Fat Tree,1345,1535354880.0,82.31733679204496,9252,6272,1535354880.0,40265318.4
Fat Tree,1346,1535354880.0,82.32814526588845,9252,6272,1535354880.0,40265318.4
Fat Tree,1347,1535354880.0,82.33895373973195,9252,6272,1535354880.0,40265318.4
Fat Tree,1348,1535354880.0,82.34976221357545,9252,6272,1535354880.0,40265318.4
Fat Tree,1349,1535354880.0,82.36057068741893,9252,6272,1535354880.0,40265318.4
Fat Tree,1350,1535354880.0,82.37137916126242,9252,6272,1535354880.0,40265318.4
Fat Tree,1351,1535354880.0,82.38218763510592,9252,6272,1535354880.0,40265318.4
Fat Tree,1352,1535354880.0,82.39299610894942,9252,6272,1535354880.0,40265318.4
Fat Tree,1353,1535354880.0,82.4038045827929,9252,6272,1535354880.0,40265318.4
Fat Tree,1354,1535354880.0,82.4146130566364,9252,6272,1535354880.0,40265318.4
Fat Tree,1355,1535354880.0,82.4254215304799,9252,6272,1535354880.0,40265318.4
Fat Tree,1356,1535354880.0,82.43623000432339,9252,6272,1535354880.0,40265318.4
Fat Tree,1357,1535354880.0,82.44703847816687,9252,6272,1535354880.0,40265318.4
Fat Tree,1358,1535354880.0,82.45784695201037,9252,6272,1535354880.0,40265318.4
Fat Tree,1359,1535354880.0,82.46865542585387,9252,6272,1535354880.0,40265318.4
Fat Tree,1360,1535354880.0,82.47946389969736,9252,6272,1535354880.0,40265318.4
Fat Tree,1361,1535354880.0,82.49027237354085,9252,6272,1535354880.0,40265318.4
Fat Tree,1362,1535354880.0,82.50108084738434,9252,6272,1535354880.0,40265318.4
Fat Tree,1363,1535354880.0,82.51188932122784,9252,6272,1535354880.0,40265318.4
Fat Tree,1364,1535354880.0,82.52269779507134,9252,6272,1535354880.0,40265318.4
Fat Tree,1365,1535354880.0,82.53350626891482,9252,6272,1535354880.0,40265318.4
Fat Tree,1366,1535354880.0,82.54431474275832,9252,6272,1535354880.0,40265318.4
Fat Tree,1367,1535354880.0,82.55512321660181,9252,6272,1535354880.0,40265318.4
Fat Tree,1368,1535354880.0,82.56593169044531,9252,6272,1535354880.0,40265318.4
Fat Tree,1369,1535354880.0,82.5767401642888,9252,6272,1535354880.0,40265318.4
Fat Tree,1370,1535354880.0,82.58754863813229,9252,6272,1535354880.0,40265318.4
Fat Tree,1371,1535354880.0,82.59835711197579,9252,6272,1535354880.0,40265318.4
Fat Tree,1372,1535354880.0,82.60916558581928,9252,6272,1535354880.0,40265318.4
Fat Tree,1373,1535354880.0,82.61997405966277,9252,6272,1535354880.0,40265318.4
Fat Tree,1374,1535354880.0,82.63078253350626,9252,6272,1535354880.0,40265318.4
Fat Tree,1375,1535354880.0,82.64159100734976,9252,6272,1535354880.0,40265318.4
Fat Tree,1376,1535354880.0,82.65239948119326,9252,6272,1535354880.0,40265318.4
Fat Tree,1377,1535354880.0,82.66320795503674,9252,6272,1535354880.0,40265318.4
Fat Tree,1378,1535354880.0,82.67401642888024,9252,6272,1535354880.0,40265318.4
Fat Tree,1379,1535354880.0,82.68482490272373,9252,6272,1535354880.0,40265318.4
Fat Tree,1380,1535354880.0,82.69563337656723,9252,6272,1535354880.0,40265318.4
Fat Tree,1381,1535354880.0,82.70644185041071,9252,6272,1535354880.0,40265318.4
Fat Tree,1382,1535354880.0,82.71725032425421,9252,6272,1535354880.0,40265318.4
Fat Tree,1383,1535354880.0,82.7280587980977,9252,6272,1535354880.0,40265318.4
Fat Tree,1384,1535354880.0,82.7388672719412,9252,6272,1535354880.0,40265318.4
Fat Tree,1385,1535354880.0,82.74967574578469,9252,6272,1535354880.0,40265318.4
Fat Tree,1386,1535354880.0,82.76048421962818,9252,6272,1535354880.0,40265318.4
Fat Tree,1387,1535354880.0,82.77129269347168,9252,6272,1535354880.0,40265318.4
Fat Tree,1388,1535354880.0,82.78210116731518,9252,6272,1535354880.0,40265318.4
Fat Tree,1389,1535354880.0,82.79290964115866,9252,6272,1535354880.0,40265318.4
Fat Tree,1390,1535354880.0,82.80371811500216,9252,6272,1535354880.0,40265318.4
Fat Tree,1391,1535354880.0,82.81452658884567,9252,6272,1535354880.0,40265318.4
Fat Tree,1392,1535354880.0,82.82533506268915,9252,6272,1535354880.0,40265318.4
Fat Tree,1393,1535354880.0,82.83614353653265,9252,6272,1535354880.0,40265318.4
Fat Tree,1394,1535354880.0,82.84695201037614,9252,6272,1535354880.0,40265318.4
Fat Tree,1395,1535354880.0,82.85776048421964,9252,6272,1535354880.0,40265318.4
Fat Tree,1396,1535354880.0,82.86856895806312,9252,6272,1535354880.0,40265318.4
Fat Tree,1397,1535354880.0,82.87937743190662,9252,6272,1535354880.0,40265318.4
Fat Tree,1398,1535354880.0,82.89018590575012,9252,6272,1535354880.0,40265318.4
Fat Tree,1399,1535354880.0,82.90099437959361,9252,6272,1535354880.0,40265318.4
Fat Tree,1400,1535354880.0,82.9118028534371,9252,6272,1535354880.0,40265318.4
Fat Tree,1401,1535354880.0,82.92261132728059,9252,6272,1535354880.0,40265318.4
Fat Tree,1402,1535354880.0,82.93341980112409,9252,6272,1535354880.0,40265318.4
Fat Tree,1403,1535354880.0,82.94422827496759,9252,6272,1535354880.0,40265318.4
Fat Tree,1404,1535354880.0,82.95503674881107,9252,6272,1535354880.0,40265318.4
Fat Tree,1405,1535354880.0,82.96584522265456,9252,6272,1535354880.0,40265318.4
Fat Tree,1406,1535354880.0,82.97665369649806,9252,6272,1535354880.0,40265318.4
Fat Tree,1407,1535354880.0,82.98746217034156,9252,6272,1535354880.0,40265318.4
Fat Tree,1408,1535354880.0,82.99827064418504,9252,6272,1535354880.0,40265318.4
Fat Tree,1409,1535354880.0,83.00907911802854,9252,6272,1535354880.0,40265318.4
Fat Tree,1410,1535354880.0,83.01988759187203,9252,6272,1535354880.0,40265318.4
Fat Tree,1411,1535354880.0,83.03069606571553,9252,6272,1535354880.0,40265318.4
Fat Tree,1412,1535354880.0,83.04150453955901,9252,6272,1535354880.0,40265318.4
Fat Tree,1413,1535354880.0,83.05231301340251,9252,6272,1535354880.0,40265318.4
Fat Tree,1414,1535354880.0,83.06312148724601,9252,6272,1535354880.0,40265318.4
Fat Tree,1415,1535354880.0,83.0739299610895,9252,6272,1535354880.0,40265318.4
Fat Tree,1416,1535354880.0,83.08473843493299,9252,6272,1535354880.0,40265318.4
Fat Tree,1417,1535354880.0,83.09554690877648,9252,6272,1535354880.0,40265318.4
Fat Tree,1418,1535354880.0,83.10635538261998,9252,6272,1535354880.0,40265318.4
Fat Tree,1419,1535354880.0,83.11716385646348,9252,6272,1535354880.0,40265318.4
Fat Tree,1420,1535354880.0,83.12797233030696,9252,6272,1535354880.0,40265318.4
Fat Tree,1421,1535354880.0,83.13878080415046,9252,6272,1535354880.0,40265318.4
Fat Tree,1422,1535354880.0,83.14958927799395,9252,6272,1535354880.0,40265318.4
Fat Tree,1423,1535354880.0,83.16039775183745,9252,6272,1535354880.0,40265318.4
Fat Tree,1424,1535354880.0,83.17120622568093,9252,6272,1535354880.0,40265318.4
Fat Tree,1425,1535354880.0,83.18201469952443,9252,6272,1535354880.0,40265318.4
Fat Tree,1426,1535354880.0,83.19282317336793,9252,6272,1535354880.0,40265318.4
Fat Tree,1427,1535354880.0,83.20363164721142,9252,6272,1535354880.0,40265318.4
Fat Tree,1428,1535354880.0,83.2144401210549,9252,6272,1535354880.0,40265318.4
Fat Tree,1429,1535354880.0,83.2252485948984,9252,6272,1535354880.0,40265318.4
Fat Tree,1430,1535354880.0,83.2360570687419,9252,6272,1535354880.0,40265318.4
Fat Tree,1431,1535354880.0,83.2468655425854,9252,6272,1535354880.0,40265318.4
Fat Tree,1432,1535354880.0,83.25767401642888,9252,6272,1535354880.0,40265318.4
Fat Tree,1433,1535354880.0,83.26848249027238,9252,6272,1535354880.0,40265318.4
Fat Tree,1434,1535354880.0,83.27929096411587,9252,6272,1535354880.0,40265318.4
Fat Tree,1435,1535354880.0,83.29009943795937,9252,6272,1535354880.0,40265318.4
Fat Tree,1436,1535354880.0,83.30090791180285,9252,6272,1535354880.0,40265318.4
Fat Tree,1437,1535354880.0,83.31171638564635,9252,6272,1535354880.0,40265318.4
Fat Tree,1438,1535354880.0,83.32252485948985,9252,6272,1535354880.0,40265318.4
Fat Tree,1439,1535354880.0,83.33333333333334,9252,6272,1535354880.0,40265318.4
Fat Tree,1440,1535354880.0,83.34414180717683,9252,6272,1535354880.0,40265318.4
Fat Tree,1441,1535354880.0,83.35495028102032,9252,6272,1535354880.0,40265318.4
Fat Tree,1442,1535354880.0,83.36575875486382,9252,6272,1535354880.0,40265318.4
Fat Tree,1443,1535354880.0,83.37656722870732,9252,6272,1535354880.0,40265318.4
Fat Tree,1444,1535354880.0,83.3873757025508,9252,6272,1535354880.0,40265318.4
Fat Tree,1445,1535354880.0,83.3981841763943,9252,6272,1535354880.0,40265318.4
Fat Tree,1446,1535354880.0,83.40899265023779,9252,6272,1535354880.0,40265318.4
Fat Tree,1447,1535354880.0,83.41980112408129,9252,6272,1535354880.0,40265318.4
Fat Tree,1448,1535354880.0,83.43060959792477,9252,6272,1535354880.0,40265318.4
Fat Tree,1449,1535354880.0,83.44141807176827,9252,6272,1535354880.0,40265318.4
Fat Tree,1450,1535354880.0,83.45222654561177,9252,6272,1535354880.0,40265318.4
Fat Tree,1451,1535354880.0,83.46303501945526,9252,6272,1535354880.0,40265318.4
Fat Tree,1452,1535354880.0,83.47384349329874,9252,6272,1535354880.0,40265318.4
Fat Tree,1453,1535354880.0,83.48465196714224,9252,6272,1535354880.0,40265318.4
Fat Tree,1454,1535354880.0,83.49546044098574,9252,6272,1535354880.0,40265318.4
Fat Tree,1455,1535354880.0,83.50626891482923,9252,6272,1535354880.0,40265318.4
Fat Tree,1456,1535354880.0,83.51707738867272,9252,6272,1535354880.0,40265318.4
Fat Tree,1457,1535354880.0,83.52788586251621,9252,6272,1535354880.0,40265318.4
Fat Tree,1458,1535354880.0,83.53869433635971,9252,6272,1535354880.0,40265318.4
Fat Tree,1459,1535354880.0,83.54950281020321,9252,6272,1535354880.0,40265318.4
Fat Tree,1460,1535354880.0,83.56031128404669,9252,6272,1535354880.0,40265318.4
Fat Tree,1461,1535354880.0,83.57111975789019,9252,6272,1535354880.0,40265318.4
Fat Tree,1462,1535354880.0,83.58192823173368,9252,6272,1535354880.0,40265318.4
Fat Tree,1463,1535354880.0,83.59273670557718,9252,6272,1535354880.0,40265318.4
Fat Tree,1464,1535354880.0,83.60354517942066,9252,6272,1535354880.0,40265318.4
Fat Tree,1465,1535354880.0,83.61435365326416,9252,6272,1535354880.0,40265318.4
Fat Tree,1466,1535354880.0,83.62516212710766,9252,6272,1535354880.0,40265318.4
Fat Tree,1467,1535354880.0,83.63597060095115,9252,6272,1535354880.0,40265318.4
Fat Tree,1468,1535354880.0,83.64677907479464,9252,6272,1535354880.0,40265318.4
Fat Tree,1469,1535354880.0,83.65758754863813,9252,6272,1535354880.0,40265318.4
Fat Tree,1470,1535354880.0,83.66839602248163,9252,6272,1535354880.0,40265318.4
Fat Tree,1471,1535354880.0,83.67920449632513,9252,6272,1535354880.0,40265318.4
Fat Tree,1472,1535354880.0,83.69001297016861,9252,6272,1535354880.0,40265318.4
Fat Tree,1473,1535354880.0,83.7008214440121,9252,6272,1535354880.0,40265318.4
Fat Tree,1474,1535354880.0,83.7116299178556,9252,6272,1535354880.0,40265318.4
Fat Tree,1475,1535354880.0,83.7224383916991,9252,6272,1535354880.0,40265318.4
Fat Tree,1476,1535354880.0,83.73324686554258,9252,6272,1535354880.0,40265318.4
Fat Tree,1477,1535354880.0,83.74405533938608,9252,6272,1535354880.0,40265318.4
Fat Tree,1478,1535354880.0,83.75486381322958,9252,6272,1535354880.0,40265318.4
Fat Tree,1479,1535354880.0,83.76567228707307,9252,6272,1535354880.0,40265318.4
Fat Tree,1480,1535354880.0,83.77648076091656,9252,6272,1535354880.0,40265318.4
Fat Tree,1481,1535354880.0,83.78728923476005,9252,6272,1535354880.0,40265318.4
Fat Tree,1482,1535354880.0,83.79809770860355,9252,6272,1535354880.0,40265318.4
Fat Tree,1483,1535354880.0,83.80890618244705,9252,6272,1535354880.0,40265318.4
Fat Tree,1484,1535354880.0,83.81971465629053,9252,6272,1535354880.0,40265318.4
Fat Tree,1485,1535354880.0,83.83052313013403,9252,6272,1535354880.0,40265318.4
Fat Tree,1486,1535354880.0,83.84133160397752,9252,6272,1535354880.0,40265318.4
Fat Tree,1487,1535354880.0,83.85214007782102,9252,6272,1535354880.0,40265318.4
Fat Tree,1488,1535354880.0,83.8629485516645,9252,6272,1535354880.0,40265318.4
Fat Tree,1489,1535354880.0,83.873757025508,9252,6272,1535354880.0,40265318.4
Fat Tree,1490,1535354880.0,83.8845654993515,9252,6272,1535354880.0,40265318.4
Fat Tree,1491,1535354880.0,83.89537397319499,9252,6272,1535354880.0,40265318.4
Fat Tree,1492,1535354880.0,83.90618244703847,9252,6272,1535354880.0,40265318.4
Fat Tree,1493,1535354880.0,83.91699092088197,9252,6272,1535354880.0,40265318.4
Fat Tree,1494,1535354880.0,83.92779939472547,9252,6272,1535354880.0,40265318.4
Fat Tree,1495,1535354880.0,83.93860786856897,9252,6272,1535354880.0,40265318.4
Fat Tree,1496,1535354880.0,83.94941634241245,9252,6272,1535354880.0,40265318.4
Fat Tree,1497,1535354880.0,83.96022481625594,9252,6272,1535354880.0,40265318.4
Fat Tree,1498,1535354880.0,83.97103329009944,9252,6272,1535354880.0,40265318.4
Fat Tree,1499,1535354880.0,83.98184176394294,9252,6272,1535354880.0,40265318.4
Fat Tree,1500,1535354880.0,83.99265023778642,9252,6272,1535354880.0,40265318.4
Fat Tree,1501,1535354880.0,84.00345871162992,9252,6272,1535354880.0,40265318.4
Fat Tree,1502,1535354880.0,84.01426718547341,9252,6272,1535354880.0,40265318.4
Fat Tree,1503,1535354880.0,84.02507565931691,9252,6272,1535354880.0,40265318.4
Fat Tree,1504,1535354880.0,84.0358841331604,9252,6272,1535354880.0,40265318.4
Fat Tree,1505,1535354880.0,84.04669260700389,9252,6272,1535354880.0,40265318.4
Fat Tree,1506,1535354880.0,84.05750108084739,9252,6272,1535354880.0,40265318.4
Fat Tree,1507,1535354880.0,84.06830955469088,9252,6272,1535354880.0,40265318.4
Fat Tree,1508,1535354880.0,84.07911802853437,9252,6272,1535354880.0,40265318.4
Fat Tree,1509,1535354880.0,84.08992650237786,9252,6272,1535354880.0,40265318.4
Fat Tree,1510,1535354880.0,84.10073497622136,9252,6272,1535354880.0,40265318.4
Fat Tree,1511,1535354880.0,84.11154345006486,9252,6272,1535354880.0,40265318.4
Fat Tree,1512,1535354880.0,84.12235192390834,9252,6272,1535354880.0,40265318.4
Fat Tree,1513,1535354880.0,84.13316039775184,9252,6272,1535354880.0,40265318.4
Fat Tree,1514,1535354880.0,84.14396887159533,9252,6272,1535354880.0,40265318.4
Fat Tree,1515,1535354880.0,84.15477734543883,9252,6272,1535354880.0,40265318.4
Fat Tree,1516,1535354880.0,84.16558581928231,9252,6272,1535354880.0,40265318.4
Fat Tree,1517,1535354880.0,84.17639429312581,9252,6272,1535354880.0,40265318.4
Fat Tree,1518,1535354880.0,84.1872027669693,9252,6272,1535354880.0,40265318.4
Fat Tree,1519,1535354880.0,84.1980112408128,9252,6272,1535354880.0,40265318.4
Fat Tree,1520,1535354880.0,84.20881971465629,9252,6272,1535354880.0,40265318.4
Fat Tree,1521,1535354880.0,84.21962818849978,9252,6272,1535354880.0,40265318.4
Fat Tree,1522,1535354880.0,84.23043666234328,9252,6272,1535354880.0,40265318.4
Fat Tree,1523,1535354880.0,84.24124513618678,9252,6272,1535354880.0,40265318.4
Fat Tree,1524,1535354880.0,84.25205361003026,9252,6272,1535354880.0,40265318.4
Fat Tree,1525,1535354880.0,84.26286208387376,9252,6272,1535354880.0,40265318.4
Fat Tree,1526,1535354880.0,84.27367055771725,9252,6272,1535354880.0,40265318.4
Fat Tree,1527,1535354880.0,84.28447903156075,9252,6272,1535354880.0,40265318.4
Fat Tree,1528,1535354880.0,84.29528750540423,9252,6272,1535354880.0,40265318.4
Fat Tree,1529,1535354880.0,84.30609597924773,9252,6272,1535354880.0,40265318.4
Fat Tree,1530,1535354880.0,84.31690445309123,9252,6272,1535354880.0,40265318.4
Fat Tree,1531,1535354880.0,84.32771292693472,9252,6272,1535354880.0,40265318.4
Fat Tree,1532,1535354880.0,84.3385214007782,9252,6272,1535354880.0,40265318.4
Fat Tree,1533,1535354880.0,84.3493298746217,9252,6272,1535354880.0,40265318.4
Fat Tree,1534,1535354880.0,84.3601383484652,9252,6272,1535354880.0,40265318.4
Fat Tree,1535,1535354880.0,84.3709468223087,9252,6272,1535354880.0,40265318.4
Fat Tree,1536,1535354880.0,84.38175529615218,9252,6272,1535354880.0,40265318.4
Fat Tree,1537,1535354880.0,84.39256376999568,9252,6272,1535354880.0,40265318.4
Fat Tree,1538,1535354880.0,84.40337224383917,9252,6272,1535354880.0,40265318.4
Fat Tree,1539,1535354880.0,84.41418071768267,9252,6272,1535354880.0,40265318.4
Fat Tree,1540,1535354880.0,84.42498919152615,9252,6272,1535354880.0,40265318.4
Fat Tree,1541,1535354880.0,84.43579766536965,9252,6272,1535354880.0,40265318.4
Fat Tree,1542,1535354880.0,84.44660613921315,9252,6272,1535354880.0,40265318.4
Fat Tree,1543,1535354880.0,84.45741461305664,9252,6272,1535354880.0,40265318.4
Fat Tree,1544,1535354880.0,84.46822308690012,9252,6272,1535354880.0,40265318.4
Fat Tree,1545,1535354880.0,84.47903156074362,9252,6272,1535354880.0,40265318.4
Fat Tree,1546,1535354880.0,84.48984003458712,9252,6272,1535354880.0,40265318.4
Fat Tree,1547,1535354880.0,84.50064850843061,9252,6272,1535354880.0,40265318.4
Fat Tree,1548,1535354880.0,84.5114569822741,9252,6272,1535354880.0,40265318.4
Fat Tree,1549,1535354880.0,84.5222654561176,9252,6272,1535354880.0,40265318.4
Fat Tree,1550,1535354880.0,84.53307392996109,9252,6272,1535354880.0,40265318.4
Fat Tree,1551,1535354880.0,84.54388240380459,9252,6272,1535354880.0,40265318.4
Fat Tree,1552,1535354880.0,84.55469087764807,9252,6272,1535354880.0,40265318.4
Fat Tree,1553,1535354880.0,84.56549935149157,9252,6272,1535354880.0,40265318.4
Fat Tree,1554,1535354880.0,84.57630782533506,9252,6272,1535354880.0,40265318.4
Fat Tree,1555,1535354880.0,84.58711629917856,9252,6272,1535354880.0,40265318.4
Fat Tree,1556,1535354880.0,84.59792477302204,9252,6272,1535354880.0,40265318.4
Fat Tree,1557,1535354880.0,84.60873324686554,9252,6272,1535354880.0,40265318.4
Fat Tree,1558,1535354880.0,84.61954172070904,9252,6272,1535354880.0,40265318.4
Fat Tree,1559,1535354880.0,84.63035019455253,9252,6272,1535354880.0,40265318.4
Fat Tree,1560,1535354880.0,84.64115866839602,9252,6272,1535354880.0,40265318.4
Fat Tree,1561,1535354880.0,84.65196714223951,9252,6272,1535354880.0,40265318.4
Fat Tree,1562,1535354880.0,84.66277561608301,9252,6272,1535354880.0,40265318.4
Fat Tree,1563,1535354880.0,84.6735840899265,9252,6272,1535354880.0,40265318.4
Fat Tree,1564,1535354880.0,84.68439256376999,9252,6272,1535354880.0,40265318.4
Fat Tree,1565,1535354880.0,84.69520103761349,9252,6272,1535354880.0,40265318.4
Fat Tree,1566,1535354880.0,84.70600951145698,9252,6272,1535354880.0,40265318.4
Fat Tree,1567,1535354880.0,84.71681798530048,9252,6272,1535354880.0,40265318.4
Fat Tree,1568,1535354880.0,84.72762645914396,9252,6272,1535354880.0,40265318.4
Fat Tree,1569,1535354880.0,84.73843493298746,9252,6272,1535354880.0,40265318.4
Fat Tree,1570,1535354880.0,84.74924340683096,9252,6272,1535354880.0,40265318.4
Fat Tree,1571,1535354880.0,84.76005188067445,9252,6272,1535354880.0,40265318.4
Fat Tree,1572,1535354880.0,84.77086035451794,9252,6272,1535354880.0,40265318.4
Fat Tree,1573,1535354880.0,84.78166882836143,9252,6272,1535354880.0,40265318.4
Fat Tree,1574,1535354880.0,84.79247730220493,9252,6272,1535354880.0,40265318.4
Fat Tree,1575,1535354880.0,84.80328577604843,9252,6272,1535354880.0,40265318.4
Fat Tree,1576,1535354880.0,84.81409424989191,9252,6272,1535354880.0,40265318.4
Fat Tree,1577,1535354880.0,84.8249027237354,9252,6272,1535354880.0,40265318.4
Fat Tree,1578,1535354880.0,84.8357111975789,9252,6272,1535354880.0,40265318.4
Fat Tree,1579,1535354880.0,84.8465196714224,9252,6272,1535354880.0,40265318.4
Fat Tree,1580,1535354880.0,84.85732814526588,9252,6272,1535354880.0,40265318.4
Fat Tree,1581,1535354880.0,84.86813661910938,9252,6272,1535354880.0,40265318.4
Fat Tree,1582,1535354880.0,84.87894509295288,9252,6272,1535354880.0,40265318.4
Fat Tree,1583,1535354880.0,84.88975356679637,9252,6272,1535354880.0,40265318.4
Fat Tree,1584,1535354880.0,84.90056204063985,9252,6272,1535354880.0,40265318.4
Fat Tree,1585,1535354880.0,84.91137051448335,9252,6272,1535354880.0,40265318.4
Fat Tree,1586,1535354880.0,84.92217898832685,9252,6272,1535354880.0,40265318.4
Fat Tree,1587,1535354880.0,84.93298746217035,9252,6272,1535354880.0,40265318.4
Fat Tree,1588,1535354880.0,84.94379593601383,9252,6272,1535354880.0,40265318.4
Fat Tree,1589,1535354880.0,84.95460440985732,9252,6272,1535354880.0,40265318.4
Fat Tree,1590,1535354880.0,84.96541288370082,9252,6272,1535354880.0,40265318.4
Fat Tree,1591,1535354880.0,84.97622135754432,9252,6272,1535354880.0,40265318.4
Fat Tree,1592,1535354880.0,84.9870298313878,9252,6272,1535354880.0,40265318.4
Fat Tree,1593,1535354880.0,84.9978383052313,9252,6272,1535354880.0,40265318.4
Fat Tree,1594,1535354880.0,85.0086467790748,9252,6272,1535354880.0,40265318.4
Fat Tree,1595,1535354880.0,85.01945525291829,9252,6272,1535354880.0,40265318.4
Fat Tree,1596,1535354880.0,85.03026372676177,9252,6272,1535354880.0,40265318.4
Fat Tree,1597,1535354880.0,85.04107220060527,9252,6272,1535354880.0,40265318.4
Fat Tree,1598,1535354880.0,85.05188067444877,9252,6272,1535354880.0,40265318.4
Fat Tree,1599,1535354880.0,85.06268914829226,9252,6272,1535354880.0,40265318.4
Fat Tree,1600,1535354880.0,85.07349762213575,9252,6272,1535354880.0,40265318.4
Fat Tree,1601,1535354880.0,85.08430609597924,9252,6272,1535354880.0,40265318.4
Fat Tree,1602,1535354880.0,85.09511456982274,9252,6272,1535354880.0,40265318.4
Fat Tree,1603,1535354880.0,85.10592304366624,9252,6272,1535354880.0,40265318.4
Fat Tree,1604,1535354880.0,85.11673151750972,9252,6272,1535354880.0,40265318.4
Fat Tree,1605,1535354880.0,85.12753999135322,9252,6272,1535354880.0,40265318.4
Fat Tree,1606,1535354880.0,85.13834846519671,9252,6272,1535354880.0,40265318.4
Fat Tree,1607,1535354880.0,85.14915693904021,9252,6272,1535354880.0,40265318.4
Fat Tree,1608,1535354880.0,85.1599654128837,9252,6272,1535354880.0,40265318.4
Fat Tree,1609,1535354880.0,85.17077388672719,9252,6272,1535354880.0,40265318.4
Fat Tree,1610,1535354880.0,85.18158236057069,9252,6272,1535354880.0,40265318.4
Fat Tree,1611,1535354880.0,85.19239083441418,9252,6272,1535354880.0,40265318.4
Fat Tree,1612,1535354880.0,85.20319930825767,9252,6272,1535354880.0,40265318.4
Fat Tree,1613,1535354880.0,85.21400778210116,9252,6272,1535354880.0,40265318.4
Fat Tree,1614,1535354880.0,85.22481625594466,9252,6272,1535354880.0,40265318.4
Fat Tree,1615,1535354880.0,85.23562472978816,9252,6272,1535354880.0,40265318.4
Fat Tree,1616,1535354880.0,85.24643320363164,9252,6272,1535354880.0,40265318.4
Fat Tree,1617,1535354880.0,85.25724167747514,9252,6272,1535354880.0,40265318.4
Fat Tree,1618,1535354880.0,85.26805015131863,9252,6272,1535354880.0,40265318.4
Fat Tree,1619,1535354880.0,85.27885862516213,9252,6272,1535354880.0,40265318.4
Fat Tree,1620,1535354880.0,85.28966709900561,9252,6272,1535354880.0,40265318.4
Fat Tree,1621,1535354880.0,85.30047557284911,9252,6272,1535354880.0,40265318.4
Fat Tree,1622,1535354880.0,85.3112840466926,9252,6272,1535354880.0,40265318.4
Fat Tree,1623,1535354880.0,85.3220925205361,9252,6272,1535354880.0,40265318.4
Fat Tree,1624,1535354880.0,85.33290099437959,9252,6272,1535354880.0,40265318.4
Fat Tree,1625,1535354880.0,85.34370946822308,9252,6272,1535354880.0,40265318.4
Fat Tree,1626,1535354880.0,85.35451794206658,9252,6272,1535354880.0,40265318.4
Fat Tree,1627,1535354880.0,85.36532641591008,9252,6272,1535354880.0,40265318.4
Fat Tree,1628,1535354880.0,85.37613488975356,9252,6272,1535354880.0,40265318.4
Fat Tree,1629,1535354880.0,85.38694336359706,9252,6272,1535354880.0,40265318.4
Fat Tree,1630,1535354880.0,85.39775183744055,9252,6272,1535354880.0,40265318.4
Fat Tree,1631,1535354880.0,85.40856031128405,9252,6272,1535354880.0,40265318.4
Fat Tree,1632,1535354880.0,85.41936878512753,9252,6272,1535354880.0,40265318.4
Fat Tree,1633,1535354880.0,85.43017725897103,9252,6272,1535354880.0,40265318.4
Fat Tree,1634,1535354880.0,85.44098573281453,9252,6272,1535354880.0,40265318.4
Fat Tree,1635,1535354880.0,85.45179420665802,9252,6272,1535354880.0,40265318.4
Fat Tree,1636,1535354880.0,85.4626026805015,9252,6272,1535354880.0,40265318.4
Fat Tree,1637,1535354880.0,85.473411154345,9252,6272,1535354880.0,40265318.4
Fat Tree,1638,1535354880.0,85.4842196281885,9252,6272,1535354880.0,40265318.4
Fat Tree,1639,1535354880.0,85.495028102032,9252,6272,1535354880.0,40265318.4
Fat Tree,1640,1535354880.0,85.50583657587548,9252,6272,1535354880.0,40265318.4
Fat Tree,1641,1535354880.0,85.51664504971897,9252,6272,1535354880.0,40265318.4
Fat Tree,1642,1535354880.0,85.52745352356247,9252,6272,1535354880.0,40265318.4
Fat Tree,1643,1535354880.0,85.53826199740597,9252,6272,1535354880.0,40265318.4
Fat Tree,1644,1535354880.0,85.54907047124945,9252,6272,1535354880.0,40265318.4
Fat Tree,1645,1535354880.0,85.55987894509295,9252,6272,1535354880.0,40265318.4
Fat Tree,1646,1535354880.0,85.57068741893644,9252,6272,1535354880.0,40265318.4
Fat Tree,1647,1535354880.0,85.58149589277994,9252,6272,1535354880.0,40265318.4
Fat Tree,1648,1535354880.0,85.59230436662342,9252,6272,1535354880.0,40265318.4
Fat Tree,1649,1535354880.0,85.60311284046692,9252,6272,1535354880.0,40265318.4
Fat Tree,1650,1535354880.0,85.61392131431042,9252,6272,1535354880.0,40265318.4
Fat Tree,1651,1535354880.0,85.62472978815391,9252,6272,1535354880.0,40265318.4
Fat Tree,1652,1535354880.0,85.6355382619974,9252,6272,1535354880.0,40265318.4
Fat Tree,1653,1535354880.0,85.6463467358409,9252,6272,1535354880.0,40265318.4
Fat Tree,1654,1535354880.0,85.65715520968439,9252,6272,1535354880.0,40265318.4
Fat Tree,1655,1535354880.0,85.66796368352789,9252,6272,1535354880.0,40265318.4
Fat Tree,1656,1535354880.0,85.67877215737137,9252,6272,1535354880.0,40265318.4
Fat Tree,1657,1535354880.0,85.68958063121487,9252,6272,1535354880.0,40265318.4
Fat Tree,1658,1535354880.0,85.70038910505836,9252,6272,1535354880.0,40265318.4
Fat Tree,1659,1535354880.0,85.71119757890186,9252,6272,1535354880.0,40265318.4
Fat Tree,1660,1535354880.0,85.72200605274534,9252,6272,1535354880.0,40265318.4
Fat Tree,1661,1535354880.0,85.73281452658884,9252,6272,1535354880.0,40265318.4
Fat Tree,1662,1535354880.0,85.74362300043234,9252,6272,1535354880.0,40265318.4
Fat Tree,1663,1535354880.0,85.75443147427583,9252,6272,1535354880.0,40265318.4
Fat Tree,1664,1535354880.0,85.76523994811932,9252,6272,1535354880.0,40265318.4
Fat Tree,1665,1535354880.0,85.77604842196281,9252,6272,1535354880.0,40265318.4
Fat Tree,1666,1535354880.0,85.78685689580631,9252,6272,1535354880.0,40265318.4
Fat Tree,1667,1535354880.0,85.7976653696498,9252,6272,1535354880.0,40265318.4
Fat Tree,1668,1535354880.0,85.80847384349329,9252,6272,1535354880.0,40265318.4
Fat Tree,1669,1535354880.0,85.81928231733679,9252,6272,1535354880.0,40265318.4
Fat Tree,1670,1535354880.0,85.83009079118028,9252,6272,1535354880.0,40265318.4
Fat Tree,1671,1535354880.0,85.84089926502378,9252,6272,1535354880.0,40265318.4
Fat Tree,1672,1535354880.0,85.85170773886726,9252,6272,1535354880.0,40265318.4
Fat Tree,1673,1535354880.0,85.86251621271076,9252,6272,1535354880.0,40265318.4
Fat Tree,1674,1535354880.0,85.87332468655426,9252,6272,1535354880.0,40265318.4
Fat Tree,1675,1535354880.0,85.88413316039775,9252,6272,1535354880.0,40265318.4
Fat Tree,1676,1535354880.0,85.89494163424123,9252,6272,1535354880.0,40265318.4
Fat Tree,1677,1535354880.0,85.90575010808473,9252,6272,1535354880.0,40265318.4
Fat Tree,1678,1535354880.0,85.91655858192823,9252,6272,1535354880.0,40265318.4
Fat Tree,1679,1535354880.0,85.92736705577173,9252,6272,1535354880.0,40265318.4
Fat Tree,1680,1535354880.0,85.93817552961522,9252,6272,1535354880.0,40265318.4
Fat Tree,1681,1535354880.0,85.94898400345872,9252,6272,1535354880.0,40265318.4
Fat Tree,1682,1535354880.0,85.95979247730222,9252,6272,1535354880.0,40265318.4
Fat Tree,1683,1535354880.0,85.9706009511457,9252,6272,1535354880.0,40265318.4
Fat Tree,1684,1535354880.0,85.9814094249892,9252,6272,1535354880.0,40265318.4
Fat Tree,1685,1535354880.0,85.99221789883269,9252,6272,1535354880.0,40265318.4
Fat Tree,1686,1535354880.0,86.00302637267619,9252,6272,1535354880.0,40265318.4
Fat Tree,1687,1535354880.0,86.01383484651967,9252,6272,1535354880.0,40265318.4
Fat Tree,1688,1535354880.0,86.02464332036317,9252,6272,1535354880.0,40265318.4
Fat Tree,1689,1535354880.0,86.03545179420666,9252,6272,1535354880.0,40265318.4
Fat Tree,1690,1535354880.0,86.04626026805016,9252,6272,1535354880.0,40265318.4
Fat Tree,1691,1535354880.0,86.05706874189364,9252,6272,1535354880.0,40265318.4
Fat Tree,1692,1535354880.0,86.06787721573714,9252,6272,1535354880.0,40265318.4
Fat Tree,1693,1535354880.0,86.07868568958064,9252,6272,1535354880.0,40265318.4
Fat Tree,1694,1535354880.0,86.08949416342413,9252,6272,1535354880.0,40265318.4
Fat Tree,1695,1535354880.0,86.10030263726762,9252,6272,1535354880.0,40265318.4
Fat Tree,1696,1535354880.0,86.11111111111111,9252,6272,1535354880.0,40265318.4
Fat Tree,1697,1535354880.0,86.12191958495461,9252,6272,1535354880.0,40265318.4
Fat Tree,1698,1535354880.0,86.13272805879811,9252,6272,1535354880.0,40265318.4
Fat Tree,1699,1535354880.0,86.14353653264159,9252,6272,1535354880.0,40265318.4
Fat Tree,1700,1535354880.0,86.15434500648509,9252,6272,1535354880.0,40265318.4
Fat Tree,1701,1535354880.0,86.16515348032858,9252,6272,1535354880.0,40265318.4
Fat Tree,1702,1535354880.0,86.17596195417208,9252,6272,1535354880.0,40265318.4
Fat Tree,1703,1535354880.0,86.18677042801556,9252,6272,1535354880.0,40265318.4
Fat Tree,1704,1535354880.0,86.19757890185906,9252,6272,1535354880.0,40265318.4
Fat Tree,1705,1535354880.0,86.20838737570256,9252,6272,1535354880.0,40265318.4
Fat Tree,1706,1535354880.0,86.21919584954605,9252,6272,1535354880.0,40265318.4
Fat Tree,1707,1535354880.0,86.23000432338954,9252,6272,1535354880.0,40265318.4
Fat Tree,1708,1535354880.0,86.24081279723303,9252,6272,1535354880.0,40265318.4
Fat Tree,1709,1535354880.0,86.25162127107653,9252,6272,1535354880.0,40265318.4
Fat Tree,1710,1535354880.0,86.26242974492003,9252,6272,1535354880.0,40265318.4
Fat Tree,1711,1535354880.0,86.27323821876351,9252,6272,1535354880.0,40265318.4
Fat Tree,1712,1535354880.0,86.284046692607,9252,6272,1535354880.0,40265318.4
Fat Tree,1713,1535354880.0,86.2948551664505,9252,6272,1535354880.0,40265318.4
Fat Tree,1714,1535354880.0,86.305663640294,9252,6272,1535354880.0,40265318.4
Fat Tree,1715,1535354880.0,86.31647211413748,9252,6272,1535354880.0,40265318.4
Fat Tree,1716,1535354880.0,86.32728058798098,9252,6272,1535354880.0,40265318.4
Fat Tree,1717,1535354880.0,86.33808906182448,9252,6272,1535354880.0,40265318.4
Fat Tree,1718,1535354880.0,86.34889753566797,9252,6272,1535354880.0,40265318.4
Fat Tree,1719,1535354880.0,86.35970600951146,9252,6272,1535354880.0,40265318.4
Fat Tree,1720,1535354880.0,86.37051448335495,9252,6272,1535354880.0,40265318.4
Fat Tree,1721,1535354880.0,86.38132295719845,9252,6272,1535354880.0,40265318.4
Fat Tree,1722,1535354880.0,86.39213143104195,9252,6272,1535354880.0,40265318.4
Fat Tree,1723,1535354880.0,86.40293990488543,9252,6272,1535354880.0,40265318.4
Fat Tree,1724,1535354880.0,86.41374837872893,9252,6272,1535354880.0,40265318.4
Fat Tree,1725,1535354880.0,86.42455685257242,9252,6272,1535354880.0,40265318.4
Fat Tree,1726,1535354880.0,86.43536532641592,9252,6272,1535354880.0,40265318.4
Fat Tree,1727,1535354880.0,86.4461738002594,9252,6272,1535354880.0,40265318.4
Fat Tree,1728,1535354880.0,86.4569822741029,9252,6272,1535354880.0,40265318.4
Fat Tree,1729,1535354880.0,86.4677907479464,9252,6272,1535354880.0,40265318.4
Fat Tree,1730,1535354880.0,86.47859922178989,9252,6272,1535354880.0,40265318.4
Fat Tree,1731,1535354880.0,86.48940769563337,9252,6272,1535354880.0,40265318.4
Fat Tree,1732,1535354880.0,86.50021616947687,9252,6272,1535354880.0,40265318.4
Fat Tree,1733,1535354880.0,86.51102464332037,9252,6272,1535354880.0,40265318.4
Fat Tree,1734,1535354880.0,86.52183311716387,9252,6272,1535354880.0,40265318.4
Fat Tree,1735,1535354880.0,86.53264159100735,9252,6272,1535354880.0,40265318.4
Fat Tree,1736,1535354880.0,86.54345006485084,9252,6272,1535354880.0,40265318.4
Fat Tree,1737,1535354880.0,86.55425853869434,9252,6272,1535354880.0,40265318.4
Fat Tree,1738,1535354880.0,86.56506701253784,9252,6272,1535354880.0,40265318.4
Fat Tree,1739,1535354880.0,86.57587548638132,9252,6272,1535354880.0,40265318.4
Fat Tree,1740,1535354880.0,86.58668396022482,9252,6272,1535354880.0,40265318.4
Fat Tree,1741,1535354880.0,86.59749243406831,9252,6272,1535354880.0,40265318.4
Fat Tree,1742,1535354880.0,86.60830090791181,9252,6272,1535354880.0,40265318.4
Fat Tree,1743,1535354880.0,86.6191093817553,9252,6272,1535354880.0,40265318.4
Fat Tree,1744,1535354880.0,86.62991785559879,9252,6272,1535354880.0,40265318.4
Fat Tree,1745,1535354880.0,86.64072632944229,9252,6272,1535354880.0,40265318.4
Fat Tree,1746,1535354880.0,86.65153480328578,9252,6272,1535354880.0,40265318.4
Fat Tree,1747,1535354880.0,86.66234327712927,9252,6272,1535354880.0,40265318.4
Fat Tree,1748,1535354880.0,86.67315175097276,9252,6272,1535354880.0,40265318.4
Fat Tree,1749,1535354880.0,86.68396022481626,9252,6272,1535354880.0,40265318.4
Fat Tree,1750,1535354880.0,86.69476869865976,9252,6272,1535354880.0,40265318.4
Fat Tree,1751,1535354880.0,86.70557717250324,9252,6272,1535354880.0,40265318.4
Fat Tree,1752,1535354880.0,86.71638564634674,9252,6272,1535354880.0,40265318.4
Fat Tree,1753,1535354880.0,86.72719412019023,9252,6272,1535354880.0,40265318.4
Fat Tree,1754,1535354880.0,86.73800259403373,9252,6272,1535354880.0,40265318.4
Fat Tree,1755,1535354880.0,86.74881106787721,9252,6272,1535354880.0,40265318.4
Fat Tree,1756,1535354880.0,86.75961954172071,9252,6272,1535354880.0,40265318.4
Fat Tree,1757,1535354880.0,86.7704280155642,9252,6272,1535354880.0,40265318.4
Fat Tree,1758,1535354880.0,86.7812364894077,9252,6272,1535354880.0,40265318.4
Fat Tree,1759,1535354880.0,86.79204496325119,9252,6272,1535354880.0,40265318.4
Fat Tree,1760,1535354880.0,86.80285343709468,9252,6272,1535354880.0,40265318.4
Fat Tree,1761,1535354880.0,86.81366191093818,9252,6272,1535354880.0,40265318.4
Fat Tree,1762,1535354880.0,86.82447038478168,9252,6272,1535354880.0,40265318.4
Fat Tree,1763,1535354880.0,86.83527885862516,9252,6272,1535354880.0,40265318.4
Fat Tree,1764,1535354880.0,86.84608733246866,9252,6272,1535354880.0,40265318.4
Fat Tree,1765,1535354880.0,86.85689580631215,9252,6272,1535354880.0,40265318.4
Fat Tree,1766,1535354880.0,86.86770428015565,9252,6272,1535354880.0,40265318.4
Fat Tree,1767,1535354880.0,86.87851275399913,9252,6272,1535354880.0,40265318.4
Fat Tree,1768,1535354880.0,86.88932122784263,9252,6272,1535354880.0,40265318.4
Fat Tree,1769,1535354880.0,86.90012970168613,9252,6272,1535354880.0,40265318.4
Fat Tree,1770,1535354880.0,86.91093817552962,9252,6272,1535354880.0,40265318.4
Fat Tree,1771,1535354880.0,86.9217466493731,9252,6272,1535354880.0,40265318.4
Fat Tree,1772,1535354880.0,86.9325551232166,9252,6272,1535354880.0,40265318.4
Fat Tree,1773,1535354880.0,86.9433635970601,9252,6272,1535354880.0,40265318.4
Fat Tree,1774,1535354880.0,86.9541720709036,9252,6272,1535354880.0,40265318.4
Fat Tree,1775,1535354880.0,86.96498054474708,9252,6272,1535354880.0,40265318.4
Fat Tree,1776,1535354880.0,86.97578901859058,9252,6272,1535354880.0,40265318.4
Fat Tree,1777,1535354880.0,86.98659749243407,9252,6272,1535354880.0,40265318.4
Fat Tree,1778,1535354880.0,86.99740596627757,9252,6272,1535354880.0,40265318.4
Fat Tree,1779,1535354880.0,87.00821444012105,9252,6272,1535354880.0,40265318.4
Fat Tree,1780,1535354880.0,87.01902291396455,9252,6272,1535354880.0,40265318.4
Fat Tree,1781,1535354880.0,87.02983138780804,9252,6272,1535354880.0,40265318.4
Fat Tree,1782,1535354880.0,87.04063986165154,9252,6272,1535354880.0,40265318.4
Fat Tree,1783,1535354880.0,87.05144833549502,9252,6272,1535354880.0,40265318.4
Fat Tree,1784,1535354880.0,87.06225680933852,9252,6272,1535354880.0,40265318.4
Fat Tree,1785,1535354880.0,87.07306528318202,9252,6272,1535354880.0,40265318.4
Fat Tree,1786,1535354880.0,87.08387375702551,9252,6272,1535354880.0,40265318.4
Fat Tree,1787,1535354880.0,87.094682230869,9252,6272,1535354880.0,40265318.4
Fat Tree,1788,1535354880.0,87.1054907047125,9252,6272,1535354880.0,40265318.4
Fat Tree,1789,1535354880.0,87.11629917855599,9252,6272,1535354880.0,40265318.4
Fat Tree,1790,1535354880.0,87.12710765239949,9252,6272,1535354880.0,40265318.4
Fat Tree,1791,1535354880.0,87.13791612624297,9252,6272,1535354880.0,40265318.4
Fat Tree,1792,1535354880.0,87.14872460008647,9252,6272,1535354880.0,40265318.4
Fat Tree,1793,1535354880.0,87.15953307392996,9252,6272,1535354880.0,40265318.4
Fat Tree,1794,3221225472.0,87.17034154777346,9252,6272,1535354880.0,40265318.4
Fat Tree,1795,3221225472.0,87.18115002161694,9252,6272,1535354880.0,40265318.4
Fat Tree,1796,3221225472.0,87.19195849546044,9252,6272,1535354880.0,40265318.4
Fat Tree,1797,3221225472.0,87.20276696930394,9252,6272,1535354880.0,40265318.4
Fat Tree,1798,3221225472.0,87.21357544314743,9252,6272,1535354880.0,40265318.4
Fat Tree,1799,3221225472.0,87.22438391699092,9252,6272,1535354880.0,40265318.4
Fat Tree,1800,3221225472.0,87.23519239083441,9252,6272,1535354880.0,40265318.4
Fat Tree,1801,3221225472.0,87.24600086467791,9252,6272,1535354880.0,40265318.4
Fat Tree,1802,3221225472.0,87.2568093385214,9252,6272,1535354880.0,40265318.4
Fat Tree,1803,3221225472.0,87.26761781236489,9252,6272,1535354880.0,40265318.4
Fat Tree,1804,3221225472.0,87.27842628620839,9252,6272,1535354880.0,40265318.4
Fat Tree,1805,3221225472.0,87.28923476005188,9252,6272,1535354880.0,40265318.4
Fat Tree,1806,3221225472.0,87.30004323389538,9252,6272,1535354880.0,40265318.4
Fat Tree,1807,3221225472.0,87.31085170773886,9252,6272,1535354880.0,40265318.4
Fat Tree,1808,3221225472.0,87.32166018158236,9252,6272,1535354880.0,40265318.4
Fat Tree,1809,3221225472.0,87.33246865542586,9252,6272,1535354880.0,40265318.4
Fat Tree,1810,3221225472.0,87.34327712926935,9252,6272,1535354880.0,40265318.4
Fat Tree,1811,3221225472.0,87.35408560311284,9252,6272,1535354880.0,40265318.4
Fat Tree,1812,3221225472.0,87.36489407695633,9252,6272,1535354880.0,40265318.4
Fat Tree,1813,3221225472.0,87.37570255079983,9252,6272,1535354880.0,40265318.4
Fat Tree,1814,3221225472.0,87.38651102464333,9252,6272,1535354880.0,40265318.4
Fat Tree,1815,3221225472.0,87.39731949848681,9252,6272,1535354880.0,40265318.4
Fat Tree,1816,3221225472.0,87.4081279723303,9252,6272,1535354880.0,40265318.4
Fat Tree,1817,3221225472.0,87.4189364461738,9252,6272,1535354880.0,40265318.4
Fat Tree,1818,3221225472.0,87.4297449200173,9252,6272,1535354880.0,40265318.4
Fat Tree,1819,3221225472.0,87.44055339386078,9252,6272,1535354880.0,40265318.4
Fat Tree,1820,3221225472.0,87.45136186770428,9252,6272,1535354880.0,40265318.4
Fat Tree,1821,3221225472.0,87.46217034154778,9252,6272,1535354880.0,40265318.4
Fat Tree,1822,25769803776.0,87.47297881539127,9252,6272,1535354880.0,40265318.4
Fat Tree,1823,25769803776.0,87.48378728923475,9252,6272,1535354880.0,40265318.4
Fat Tree,1824,25769803776.0,87.49459576307825,9252,6272,1535354880.0,40265318.4
Fat Tree,1825,25769803776.0,87.50540423692175,9252,6272,1535354880.0,40265318.4
Fat Tree,1826,335096020992.0,87.51621271076525,9252,6272,1535354880.0,40265318.4
Fat Tree,1827,335096020992.0,87.52702118460873,9252,6272,1535354880.0,40265318.4
Fat Tree,1828,335096020992.0,87.53782965845222,9252,6272,1535354880.0,40265318.4
Fat Tree,1829,335096020992.0,87.54863813229572,9252,6272,1535354880.0,40265318.4
Fat Tree,1830,335096020992.0,87.55944660613922,9252,6272,1535354880.0,40265318.4
Fat Tree,1831,335096020992.0,87.5702550799827,9252,6272,1535354880.0,40265318.4
Fat Tree,1832,335096020992.0,87.5810635538262,9252,6272,1535354880.0,40265318.4
Fat Tree,1833,335096020992.0,87.5918720276697,9252,6272,1535354880.0,40265318.4
Fat Tree,1834,335096020992.0,87.60268050151319,9252,6272,1535354880.0,40265318.4
Fat Tree,1835,335096020992.0,87.61348897535667,9252,6272,1535354880.0,40265318.4
Fat Tree,1836,335096020992.0,87.62429744920017,9252,6272,1535354880.0,40265318.4
Fat Tree,1837,335096020992.0,87.63510592304367,9252,6272,1535354880.0,40265318.4
Fat Tree,1838,335096020992.0,87.64591439688716,9252,6272,1535354880.0,40265318.4
Fat Tree,1839,335096020992.0,87.65672287073065,9252,6272,1535354880.0,40265318.4
Fat Tree,1840,335096020992.0,87.66753134457414,9252,6272,1535354880.0,40265318.4
Fat Tree,1841,335096020992.0,87.67833981841764,9252,6272,1535354880.0,40265318.4
Fat Tree,1842,335096020992.0,87.68914829226114,9252,6272,1535354880.0,40265318.4
Fat Tree,1843,335096020992.0,87.69995676610462,9252,6272,1535354880.0,40265318.4
Fat Tree,1844,335096020992.0,87.71076523994812,9252,6272,1535354880.0,40265318.4
Fat Tree,1845,335096020992.0,87.72157371379161,9252,6272,1535354880.0,40265318.4
Fat Tree,1846,335096020992.0,87.73238218763511,9252,6272,1535354880.0,40265318.4
Fat Tree,1847,335096020992.0,87.7431906614786,9252,6272,1535354880.0,40265318.4
Fat Tree,1848,335096020992.0,87.75399913532209,9252,6272,1535354880.0,40265318.4
Fat Tree,1849,335096020992.0,87.76480760916559,9252,6272,1535354880.0,40265318.4
Fat Tree,1850,335096020992.0,87.77561608300908,9252,6272,1535354880.0,40265318.4
Fat Tree,1851,335096020992.0,87.78642455685257,9252,6272,1535354880.0,40265318.4
Fat Tree,1852,335096020992.0,87.79723303069606,9252,6272,1535354880.0,40265318.4
Fat Tree,1853,335096020992.0,87.80804150453956,9252,6272,1535354880.0,40265318.4
Fat Tree,1854,335096020992.0,87.81884997838306,9252,6272,1535354880.0,40265318.4
Fat Tree,1855,335096020992.0,87.82965845222654,9252,6272,1535354880.0,40265318.4
Fat Tree,1856,335096020992.0,87.84046692607004,9252,6272,1535354880.0,40265318.4
Fat Tree,1857,335096020992.0,87.85127539991353,9252,6272,1535354880.0,40265318.4
Fat Tree,1858,335096020992.0,87.86208387375703,9252,6272,1535354880.0,40265318.4
Fat Tree,1859,335096020992.0,87.87289234760051,9252,6272,1535354880.0,40265318.4
Fat Tree,1860,335096020992.0,87.88370082144401,9252,6272,1535354880.0,40265318.4
Fat Tree,1861,335096020992.0,87.8945092952875,9252,6272,1535354880.0,40265318.4
Fat Tree,1862,335096020992.0,87.905317769131,9252,6272,1535354880.0,40265318.4
Fat Tree,1863,335096020992.0,87.91612624297449,9252,6272,1535354880.0,40265318.4
Fat Tree,1864,335096020992.0,87.92693471681798,9252,6272,1535354880.0,40265318.4
Fat Tree,1865,335096020992.0,87.93774319066148,9252,6272,1535354880.0,40265318.4
Fat Tree,1866,335096020992.0,87.94855166450498,9252,6272,1535354880.0,40265318.4
Fat Tree,1867,335096020992.0,87.95936013834846,9252,6272,1535354880.0,40265318.4
Fat Tree,1868,335096020992.0,87.97016861219196,9252,6272,1535354880.0,40265318.4
Fat Tree,1869,335096020992.0,87.98097708603545,9252,6272,1535354880.0,40265318.4
Fat Tree,1870,335096020992.0,87.99178555987895,9252,6272,1535354880.0,40265318.4
Fat Tree,1871,335096020992.0,88.00259403372243,9252,6272,1535354880.0,40265318.4
Fat Tree,1872,335096020992.0,88.01340250756593,9252,6272,1535354880.0,40265318.4
Fat Tree,1873,335096020992.0,88.02421098140942,9252,6272,1535354880.0,40265318.4
Fat Tree,1874,335096020992.0,88.03501945525292,9252,6272,1535354880.0,40265318.4
Fat Tree,1875,335096020992.0,88.0458279290964,9252,6272,1535354880.0,40265318.4
Fat Tree,1876,335096020992.0,88.0566364029399,9252,6272,1535354880.0,40265318.4
Fat Tree,1877,335096020992.0,88.0674448767834,9252,6272,1535354880.0,40265318.4
Fat Tree,1878,335096020992.0,88.0782533506269,9252,6272,1535354880.0,40265318.4
Fat Tree,1879,335096020992.0,88.08906182447038,9252,6272,1535354880.0,40265318.4
Fat Tree,1880,335096020992.0,88.09987029831387,9252,6272,1535354880.0,40265318.4
Fat Tree,1881,335096020992.0,88.11067877215737,9252,6272,1535354880.0,40265318.4
Fat Tree,1882,335096020992.0,88.12148724600087,9252,6272,1535354880.0,40265318.4
Fat Tree,1883,335096020992.0,88.13229571984435,9252,6272,1535354880.0,40265318.4
Fat Tree,1884,335096020992.0,88.14310419368785,9252,6272,1535354880.0,40265318.4
Fat Tree,1885,335096020992.0,88.15391266753134,9252,6272,1535354880.0,40265318.4
Fat Tree,1886,335096020992.0,88.16472114137484,9252,6272,1535354880.0,40265318.4
Fat Tree,1887,335096020992.0,88.17552961521832,9252,6272,1535354880.0,40265318.4
Fat Tree,1888,335096020992.0,88.18633808906182,9252,6272,1535354880.0,40265318.4
Fat Tree,1889,335096020992.0,88.19714656290532,9252,6272,1535354880.0,40265318.4
Fat Tree,1890,335096020992.0,88.20795503674881,9252,6272,1535354880.0,40265318.4
Fat Tree,1891,335096020992.0,88.2187635105923,9252,6272,1535354880.0,40265318.4
Fat Tree,1892,335096020992.0,88.2295719844358,9252,6272,1535354880.0,40265318.4
Fat Tree,1893,335096020992.0,88.24038045827929,9252,6272,1535354880.0,40265318.4
Fat Tree,1894,335096020992.0,88.25118893212279,9252,6272,1535354880.0,40265318.4
Fat Tree,1895,335096020992.0,88.26199740596627,9252,6272,1535354880.0,40265318.4
Fat Tree,1896,335096020992.0,88.27280587980977,9252,6272,1535354880.0,40265318.4
Fat Tree,1897,335096020992.0,88.28361435365326,9252,6272,1535354880.0,40265318.4
Fat Tree,1898,335096020992.0,88.29442282749676,9252,6272,1535354880.0,40265318.4
Fat Tree,1899,335096020992.0,88.30523130134024,9252,6272,1535354880.0,40265318.4
Fat Tree,1900,335096020992.0,88.31603977518374,9252,6272,1535354880.0,40265318.4
Fat Tree,1901,335096020992.0,88.32684824902724,9252,6272,1535354880.0,40265318.4
Fat Tree,1902,335096020992.0,88.33765672287073,9252,6272,1535354880.0,40265318.4
Fat Tree,1903,335096020992.0,88.34846519671422,9252,6272,1535354880.0,40265318.4
Fat Tree,1904,335096020992.0,88.35927367055771,9252,6272,1535354880.0,40265318.4
Fat Tree,1905,335096020992.0,88.37008214440121,9252,6272,1535354880.0,40265318.4
Fat Tree,1906,335096020992.0,88.3808906182447,9252,6272,1535354880.0,40265318.4
Fat Tree,1907,335096020992.0,88.39169909208819,9252,6272,1535354880.0,40265318.4
Fat Tree,1908,335096020992.0,88.40250756593169,9252,6272,1535354880.0,40265318.4
Fat Tree,1909,335096020992.0,88.41331603977518,9252,6272,1535354880.0,40265318.4
Fat Tree,1910,335096020992.0,88.42412451361868,9252,6272,1535354880.0,40265318.4
Fat Tree,1911,335096020992.0,88.43493298746216,9252,6272,1535354880.0,40265318.4
Fat Tree,1912,335096020992.0,88.44574146130566,9252,6272,1535354880.0,40265318.4
Fat Tree,1913,335096020992.0,88.45654993514916,9252,6272,1535354880.0,40265318.4
Fat Tree,1914,335096020992.0,88.46735840899265,9252,6272,1535354880.0,40265318.4
Fat Tree,1915,335096020992.0,88.47816688283613,9252,6272,1535354880.0,40265318.4
Fat Tree,1916,335096020992.0,88.48897535667963,9252,6272,1535354880.0,40265318.4
Fat Tree,1917,335096020992.0,88.49978383052313,9252,6272,1535354880.0,40265318.4
Fat Tree,1918,335096020992.0,88.51059230436663,9252,6272,1535354880.0,40265318.4
Fat Tree,1919,335096020992.0,88.52140077821011,9252,6272,1535354880.0,40265318.4
Fat Tree,1920,335096020992.0,88.5322092520536,9252,6272,1535354880.0,40265318.4
Fat Tree,1921,335096020992.0,88.5430177258971,9252,6272,1535354880.0,40265318.4
Fat Tree,1922,335096020992.0,88.5538261997406,9252,6272,1535354880.0,40265318.4
Fat Tree,1923,335096020992.0,88.56463467358408,9252,6272,1535354880.0,40265318.4
Fat Tree,1924,335096020992.0,88.57544314742758,9252,6272,1535354880.0,40265318.4
Fat Tree,1925,335096020992.0,88.58625162127107,9252,6272,1535354880.0,40265318.4
Fat Tree,1926,335096020992.0,88.59706009511457,9252,6272,1535354880.0,40265318.4
Fat Tree,1927,335096020992.0,88.60786856895805,9252,6272,1535354880.0,40265318.4
Fat Tree,1928,335096020992.0,88.61867704280155,9252,6272,1535354880.0,40265318.4
Fat Tree,1929,335096020992.0,88.62948551664505,9252,6272,1535354880.0,40265318.4
Fat Tree,1930,335096020992.0,88.64029399048854,9252,6272,1535354880.0,40265318.4
Fat Tree,1931,335096020992.0,88.65110246433203,9252,6272,1535354880.0,40265318.4
Fat Tree,1932,335096020992.0,88.66191093817552,9252,6272,1535354880.0,40265318.4
Fat Tree,1933,335096020992.0,88.67271941201902,9252,6272,1535354880.0,40265318.4
Fat Tree,1934,335096020992.0,88.68352788586252,9252,6272,1535354880.0,40265318.4
Fat Tree,1935,335096020992.0,88.694336359706,9252,6272,1535354880.0,40265318.4
Fat Tree,1936,335096020992.0,88.7051448335495,9252,6272,1535354880.0,40265318.4
Fat Tree,1937,335096020992.0,88.715953307393,9252,6272,1535354880.0,40265318.4
Fat Tree,1938,335096020992.0,88.72676178123649,9252,6272,1535354880.0,40265318.4
Fat Tree,1939,335096020992.0,88.73757025507997,9252,6272,1535354880.0,40265318.4
Fat Tree,1940,335096020992.0,88.74837872892347,9252,6272,1535354880.0,40265318.4
Fat Tree,1941,335096020992.0,88.75918720276697,9252,6272,1535354880.0,40265318.4
Fat Tree,1942,335096020992.0,88.76999567661046,9252,6272,1535354880.0,40265318.4
Fat Tree,1943,335096020992.0,88.78080415045395,9252,6272,1535354880.0,40265318.4
Fat Tree,1944,335096020992.0,88.79161262429744,9252,6272,1535354880.0,40265318.4
Fat Tree,1945,335096020992.0,88.80242109814094,9252,6272,1535354880.0,40265318.4
Fat Tree,1946,335096020992.0,88.81322957198444,9252,6272,1535354880.0,40265318.4
Fat Tree,1947,335096020992.0,88.82403804582792,9252,6272,1535354880.0,40265318.4
Fat Tree,1948,335096020992.0,88.83484651967142,9252,6272,1535354880.0,40265318.4
Fat Tree,1949,335096020992.0,88.84565499351491,9252,6272,1535354880.0,40265318.4
Fat Tree,1950,335096020992.0,88.85646346735841,9252,6272,1535354880.0,40265318.4
Fat Tree,1951,335096020992.0,88.86727194120189,9252,6272,1535354880.0,40265318.4
Fat Tree,1952,335096020992.0,88.87808041504539,9252,6272,1535354880.0,40265318.4
Fat Tree,1953,335096020992.0,88.88888888888889,9252,6272,1535354880.0,40265318.4
Fat Tree,1954,335096020992.0,88.89969736273238,9252,6272,1535354880.0,40265318.4
Fat Tree,1955,335096020992.0,88.91050583657587,9252,6272,1535354880.0,40265318.4
Fat Tree,1956,335096020992.0,88.92131431041936,9252,6272,1535354880.0,40265318.4
Fat Tree,1957,335096020992.0,88.93212278426286,9252,6272,1535354880.0,40265318.4
Fat Tree,1958,335096020992.0,88.94293125810636,9252,6272,1535354880.0,40265318.4
Fat Tree,1959,335096020992.0,88.95373973194984,9252,6272,1535354880.0,40265318.4
Fat Tree,1960,335096020992.0,88.96454820579334,9252,6272,1535354880.0,40265318.4
Fat Tree,1961,335096020992.0,88.97535667963683,9252,6272,1535354880.0,40265318.4
Fat Tree,1962,335096020992.0,88.98616515348033,9252,6272,1535354880.0,40265318.4
Fat Tree,1963,335096020992.0,88.99697362732381,9252,6272,1535354880.0,40265318.4
Fat Tree,1964,335096020992.0,89.00778210116731,9252,6272,1535354880.0,40265318.4
Fat Tree,1965,335096020992.0,89.0185905750108,9252,6272,1535354880.0,40265318.4
Fat Tree,1966,335096020992.0,89.0293990488543,9252,6272,1535354880.0,40265318.4
Fat Tree,1967,335096020992.0,89.04020752269778,9252,6272,1535354880.0,40265318.4
Fat Tree,1968,335096020992.0,89.05101599654128,9252,6272,1535354880.0,40265318.4
Fat Tree,1969,335096020992.0,89.06182447038478,9252,6272,1535354880.0,40265318.4
Fat Tree,1970,335096020992.0,89.07263294422827,9252,6272,1535354880.0,40265318.4
Fat Tree,1971,335096020992.0,89.08344141807177,9252,6272,1535354880.0,40265318.4
Fat Tree,1972,335096020992.0,89.09424989191527,9252,6272,1535354880.0,40265318.4
Fat Tree,1973,335096020992.0,89.10505836575877,9252,6272,1535354880.0,40265318.4
Fat Tree,1974,335096020992.0,89.11586683960225,9252,6272,1535354880.0,40265318.4
Fat Tree,1975,335096020992.0,89.12667531344574,9252,6272,1535354880.0,40265318.4
Fat Tree,1976,335096020992.0,89.13748378728924,9252,6272,1535354880.0,40265318.4
Fat Tree,1977,335096020992.0,89.14829226113274,9252,6272,1535354880.0,40265318.4
Fat Tree,1978,335096020992.0,89.15910073497622,9252,6272,1535354880.0,40265318.4
Fat Tree,1979,335096020992.0,89.16990920881972,9252,6272,1535354880.0,40265318.4
Fat Tree,1980,335096020992.0,89.18071768266321,9252,6272,1535354880.0,40265318.4
Fat Tree,1981,335096020992.0,89.19152615650671,9252,6272,1535354880.0,40265318.4
Fat Tree,1982,335096020992.0,89.2023346303502,9252,6272,1535354880.0,40265318.4
Fat Tree,1983,335096020992.0,89.21314310419369,9252,6272,1535354880.0,40265318.4
Fat Tree,1984,335096020992.0,89.22395157803719,9252,6272,1535354880.0,40265318.4
Fat Tree,1985,335096020992.0,89.23476005188068,9252,6272,1535354880.0,40265318.4
Fat Tree,1986,335096020992.0,89.24556852572417,9252,6272,1535354880.0,40265318.4
Fat Tree,1987,335096020992.0,89.25637699956766,9252,6272,1535354880.0,40265318.4
Fat Tree,1988,335096020992.0,89.26718547341116,9252,6272,1535354880.0,40265318.4
Fat Tree,1989,335096020992.0,89.27799394725466,9252,6272,1535354880.0,40265318.4
Fat Tree,1990,335096020992.0,89.28880242109814,9252,6272,1535354880.0,40265318.4
Fat Tree,1991,335096020992.0,89.29961089494164,9252,6272,1535354880.0,40265318.4
Fat Tree,1992,335096020992.0,89.31041936878513,9252,6272,1535354880.0,40265318.4
Fat Tree,1993,335096020992.0,89.32122784262863,9252,6272,1535354880.0,40265318.4
Fat Tree,1994,335096020992.0,89.33203631647211,9252,6272,1535354880.0,40265318.4
Fat Tree,1995,335096020992.0,89.34284479031561,9252,6272,1535354880.0,40265318.4
Fat Tree,1996,335096020992.0,89.3536532641591,9252,6272,1535354880.0,40265318.4
Fat Tree,1997,335096020992.0,89.3644617380026,9252,6272,1535354880.0,40265318.4
Fat Tree,1998,335096020992.0,89.37527021184609,9252,6272,1535354880.0,40265318.4
Fat Tree,1999,335096020992.0,89.38607868568958,9252,6272,1535354880.0,40265318.4
Fat Tree,2000,335096020992.0,89.39688715953308,9252,6272,1535354880.0,40265318.4
Fat Tree,2001,335096020992.0,89.40769563337658,9252,6272,1535354880.0,40265318.4
Fat Tree,2002,335096020992.0,89.41850410722006,9252,6272,1535354880.0,40265318.4
Fat Tree,2003,335096020992.0,89.42931258106356,9252,6272,1535354880.0,40265318.4
Fat Tree,2004,335096020992.0,89.44012105490705,9252,6272,1535354880.0,40265318.4
Fat Tree,2005,335096020992.0,89.45092952875055,9252,6272,1535354880.0,40265318.4
Fat Tree,2006,335096020992.0,89.46173800259403,9252,6272,1535354880.0,40265318.4
Fat Tree,2007,335096020992.0,89.47254647643753,9252,6272,1535354880.0,40265318.4
Fat Tree,2008,335096020992.0,89.48335495028103,9252,6272,1535354880.0,40265318.4
Fat Tree,2009,335096020992.0,89.49416342412452,9252,6272,1535354880.0,40265318.4
Fat Tree,2010,335096020992.0,89.504971897968,9252,6272,1535354880.0,40265318.4
Fat Tree,2011,335096020992.0,89.5157803718115,9252,6272,1535354880.0,40265318.4
Fat Tree,2012,335096020992.0,89.526588845655,9252,6272,1535354880.0,40265318.4
Fat Tree,2013,335096020992.0,89.5373973194985,9252,6272,1535354880.0,40265318.4
Fat Tree,2014,335096020992.0,89.54820579334198,9252,6272,1535354880.0,40265318.4
Fat Tree,2015,335096020992.0,89.55901426718547,9252,6272,1535354880.0,40265318.4
Fat Tree,2016,335096020992.0,89.56982274102897,9252,6272,1535354880.0,40265318.4
Fat Tree,2017,335096020992.0,89.58063121487247,9252,6272,1535354880.0,40265318.4
Fat Tree,2018,335096020992.0,89.59143968871595,9252,6272,1535354880.0,40265318.4
Fat Tree,2019,335096020992.0,89.60224816255945,9252,6272,1535354880.0,40265318.4
Fat Tree,2020,335096020992.0,89.61305663640294,9252,6272,1535354880.0,40265318.4
Fat Tree,2021,335096020992.0,89.62386511024644,9252,6272,1535354880.0,40265318.4
Fat Tree,2022,335096020992.0,89.63467358408992,9252,6272,1535354880.0,40265318.4
Fat Tree,2023,335096020992.0,89.64548205793342,9252,6272,1535354880.0,40265318.4
Fat Tree,2024,335096020992.0,89.65629053177692,9252,6272,1535354880.0,40265318.4
Fat Tree,2025,335096020992.0,89.66709900562041,9252,6272,1535354880.0,40265318.4
Fat Tree,2026,335096020992.0,89.6779074794639,9252,6272,1535354880.0,40265318.4
Fat Tree,2027,335096020992.0,89.6887159533074,9252,6272,1535354880.0,40265318.4
Fat Tree,2028,335096020992.0,89.69952442715089,9252,6272,1535354880.0,40265318.4
Fat Tree,2029,335096020992.0,89.71033290099439,9252,6272,1535354880.0,40265318.4
Fat Tree,2030,335096020992.0,89.72114137483787,9252,6272,1535354880.0,40265318.4
Fat Tree,2031,335096020992.0,89.73194984868137,9252,6272,1535354880.0,40265318.4
Fat Tree,2032,335096020992.0,89.74275832252486,9252,6272,1535354880.0,40265318.4
Fat Tree,2033,335096020992.0,89.75356679636836,9252,6272,1535354880.0,40265318.4
Fat Tree,2034,335096020992.0,89.76437527021184,9252,6272,1535354880.0,40265318.4
Fat Tree,2035,335096020992.0,89.77518374405534,9252,6272,1535354880.0,40265318.4
Fat Tree,2036,335096020992.0,89.78599221789884,9252,6272,1535354880.0,40265318.4
Fat Tree,2037,335096020992.0,89.79680069174233,9252,6272,1535354880.0,40265318.4
Fat Tree,2038,335096020992.0,89.80760916558582,9252,6272,1535354880.0,40265318.4
Fat Tree,2039,335096020992.0,89.81841763942931,9252,6272,1535354880.0,40265318.4
Fat Tree,2040,335096020992.0,89.82922611327281,9252,6272,1535354880.0,40265318.4
Fat Tree,2041,335096020992.0,89.8400345871163,9252,6272,1535354880.0,40265318.4
Fat Tree,2042,335096020992.0,89.85084306095979,9252,6272,1535354880.0,40265318.4
Fat Tree,2043,335096020992.0,89.86165153480329,9252,6272,1535354880.0,40265318.4
Fat Tree,2044,335096020992.0,89.87246000864678,9252,6272,1535354880.0,40265318.4
Fat Tree,2045,335096020992.0,89.88326848249028,9252,6272,1535354880.0,40265318.4
Fat Tree,2046,335096020992.0,89.89407695633376,9252,6272,1535354880.0,40265318.4
Fat Tree,2047,335096020992.0,89.90488543017726,9252,6272,1535354880.0,40265318.4
Fat Tree,2048,335096020992.0,89.91569390402076,9252,6272,1535354880.0,40265318.4
Fat Tree,2049,335096020992.0,89.92650237786425,9252,6272,1535354880.0,40265318.4
Fat Tree,2050,335096020992.0,89.93731085170774,9252,6272,1535354880.0,40265318.4
Fat Tree,2051,335096020992.0,89.94811932555123,9252,6272,1535354880.0,40265318.4
Fat Tree,2052,335096020992.0,89.95892779939473,9252,6272,1535354880.0,40265318.4
Fat Tree,2053,335096020992.0,89.96973627323823,9252,6272,1535354880.0,40265318.4
Fat Tree,2054,335096020992.0,89.98054474708171,9252,6272,1535354880.0,40265318.4
Fat Tree,2055,335096020992.0,89.9913532209252,9252,6272,1535354880.0,40265318.4
Fat Tree,2056,335096020992.0,90.0021616947687,9252,6272,1535354880.0,40265318.4
Fat Tree,2057,335096020992.0,90.0129701686122,9252,6272,1535354880.0,40265318.4
Fat Tree,2058,335096020992.0,90.02377864245568,9252,6272,1535354880.0,40265318.4
Fat Tree,2059,335096020992.0,90.03458711629918,9252,6272,1535354880.0,40265318.4
Fat Tree,2060,335096020992.0,90.04539559014268,9252,6272,1535354880.0,40265318.4
Fat Tree,2061,335096020992.0,90.05620406398617,9252,6272,1535354880.0,40265318.4
Fat Tree,2062,335096020992.0,90.06701253782965,9252,6272,1535354880.0,40265318.4
Fat Tree,2063,335096020992.0,90.07782101167315,9252,6272,1535354880.0,40265318.4
Fat Tree,2064,335096020992.0,90.08862948551665,9252,6272,1535354880.0,40265318.4
Fat Tree,2065,335096020992.0,90.09943795936015,9252,6272,1535354880.0,40265318.4
Fat Tree,2066,335096020992.0,90.11024643320363,9252,6272,1535354880.0,40265318.4
Fat Tree,2067,335096020992.0,90.12105490704712,9252,6272,1535354880.0,40265318.4
Fat Tree,2068,335096020992.0,90.13186338089062,9252,6272,1535354880.0,40265318.4
Fat Tree,2069,335096020992.0,90.14267185473412,9252,6272,1535354880.0,40265318.4
Fat Tree,2070,335096020992.0,90.1534803285776,9252,6272,1535354880.0,40265318.4
Fat Tree,2071,335096020992.0,90.1642888024211,9252,6272,1535354880.0,40265318.4
Fat Tree,2072,335096020992.0,90.1750972762646,9252,6272,1535354880.0,40265318.4
Fat Tree,2073,335096020992.0,90.18590575010809,9252,6272,1535354880.0,40265318.4
Fat Tree,2074,335096020992.0,90.19671422395157,9252,6272,1535354880.0,40265318.4
Fat Tree,2075,335096020992.0,90.20752269779507,9252,6272,1535354880.0,40265318.4
Fat Tree,2076,335096020992.0,90.21833117163857,9252,6272,1535354880.0,40265318.4
Fat Tree,2077,335096020992.0,90.22913964548206,9252,6272,1535354880.0,40265318.4
Fat Tree,2078,335096020992.0,90.23994811932555,9252,6272,1535354880.0,40265318.4
Fat Tree,2079,335096020992.0,90.25075659316904,9252,6272,1535354880.0,40265318.4
Fat Tree,2080,335096020992.0,90.26156506701254,9252,6272,1535354880.0,40265318.4
Fat Tree,2081,335096020992.0,90.27237354085604,9252,6272,1535354880.0,40265318.4
Fat Tree,2082,335096020992.0,90.28318201469952,9252,6272,1535354880.0,40265318.4
Fat Tree,2083,335096020992.0,90.29399048854302,9252,6272,1535354880.0,40265318.4
Fat Tree,2084,335096020992.0,90.30479896238651,9252,6272,1535354880.0,40265318.4
Fat Tree,2085,335096020992.0,90.31560743623001,9252,6272,1535354880.0,40265318.4
Fat Tree,2086,335096020992.0,90.3264159100735,9252,6272,1535354880.0,40265318.4
Fat Tree,2087,335096020992.0,90.33722438391699,9252,6272,1535354880.0,40265318.4
Fat Tree,2088,335096020992.0,90.34803285776049,9252,6272,1535354880.0,40265318.4
Fat Tree,2089,335096020992.0,90.35884133160398,9252,6272,1535354880.0,40265318.4
Fat Tree,2090,335096020992.0,90.36964980544747,9252,6272,1535354880.0,40265318.4
Fat Tree,2091,335096020992.0,90.38045827929096,9252,6272,1535354880.0,40265318.4
Fat Tree,2092,335096020992.0,90.39126675313446,9252,6272,1535354880.0,40265318.4
Fat Tree,2093,335096020992.0,90.40207522697796,9252,6272,1535354880.0,40265318.4
Fat Tree,2094,335096020992.0,90.41288370082144,9252,6272,1535354880.0,40265318.4
Fat Tree,2095,335096020992.0,90.42369217466494,9252,6272,1535354880.0,40265318.4
Fat Tree,2096,335096020992.0,90.43450064850843,9252,6272,1535354880.0,40265318.4
Fat Tree,2097,335096020992.0,90.44530912235193,9252,6272,1535354880.0,40265318.4
Fat Tree,2098,335096020992.0,90.45611759619541,9252,6272,1535354880.0,40265318.4
Fat Tree,2099,335096020992.0,90.46692607003891,9252,6272,1535354880.0,40265318.4
Fat Tree,2100,335096020992.0,90.4777345438824,9252,6272,1535354880.0,40265318.4
Fat Tree,2101,335096020992.0,90.4885430177259,9252,6272,1535354880.0,40265318.4
Fat Tree,2102,335096020992.0,90.49935149156939,9252,6272,1535354880.0,40265318.4
Fat Tree,2103,335096020992.0,90.51015996541288,9252,6272,1535354880.0,40265318.4
Fat Tree,2104,335096020992.0,90.52096843925638,9252,6272,1535354880.0,40265318.4
Fat Tree,2105,335096020992.0,90.53177691309988,9252,6272,1535354880.0,40265318.4
Fat Tree,2106,335096020992.0,90.54258538694336,9252,6272,1535354880.0,40265318.4
Fat Tree,2107,335096020992.0,90.55339386078685,9252,6272,1535354880.0,40265318.4
Fat Tree,2108,335096020992.0,90.56420233463035,9252,6272,1535354880.0,40265318.4
Fat Tree,2109,335096020992.0,90.57501080847385,9252,6272,1535354880.0,40265318.4
Fat Tree,2110,335096020992.0,90.58581928231733,9252,6272,1535354880.0,40265318.4
Fat Tree,2111,335096020992.0,90.59662775616083,9252,6272,1535354880.0,40265318.4
Fat Tree,2112,335096020992.0,90.60743623000432,9252,6272,1535354880.0,40265318.4
Fat Tree,2113,335096020992.0,90.61824470384782,9252,6272,1535354880.0,40265318.4
Fat Tree,2114,335096020992.0,90.6290531776913,9252,6272,1535354880.0,40265318.4
Fat Tree,2115,335096020992.0,90.6398616515348,9252,6272,1535354880.0,40265318.4
Fat Tree,2116,335096020992.0,90.6506701253783,9252,6272,1535354880.0,40265318.4
Fat Tree,2117,335096020992.0,90.6614785992218,9252,6272,1535354880.0,40265318.4
Fat Tree,2118,335096020992.0,90.67228707306528,9252,6272,1535354880.0,40265318.4
Fat Tree,2119,335096020992.0,90.68309554690877,9252,6272,1535354880.0,40265318.4
Fat Tree,2120,335096020992.0,90.69390402075227,9252,6272,1535354880.0,40265318.4
Fat Tree,2121,335096020992.0,90.70471249459577,9252,6272,1535354880.0,40265318.4
Fat Tree,2122,335096020992.0,90.71552096843925,9252,6272,1535354880.0,40265318.4
Fat Tree,2123,335096020992.0,90.72632944228275,9252,6272,1535354880.0,40265318.4
Fat Tree,2124,335096020992.0,90.73713791612624,9252,6272,1535354880.0,40265318.4
Fat Tree,2125,335096020992.0,90.74794638996974,9252,6272,1535354880.0,40265318.4
Fat Tree,2126,335096020992.0,90.75875486381322,9252,6272,1535354880.0,40265318.4
Fat Tree,2127,335096020992.0,90.76956333765672,9252,6272,1535354880.0,40265318.4
Fat Tree,2128,335096020992.0,90.78037181150022,9252,6272,1535354880.0,40265318.4
Fat Tree,2129,335096020992.0,90.79118028534371,9252,6272,1535354880.0,40265318.4
Fat Tree,2130,335096020992.0,90.8019887591872,9252,6272,1535354880.0,40265318.4
Fat Tree,2131,335096020992.0,90.8127972330307,9252,6272,1535354880.0,40265318.4
Fat Tree,2132,335096020992.0,90.82360570687419,9252,6272,1535354880.0,40265318.4
Fat Tree,2133,335096020992.0,90.83441418071769,9252,6272,1535354880.0,40265318.4
Fat Tree,2134,335096020992.0,90.84522265456117,9252,6272,1535354880.0,40265318.4
Fat Tree,2135,335096020992.0,90.85603112840467,9252,6272,1535354880.0,40265318.4
Fat Tree,2136,335096020992.0,90.86683960224816,9252,6272,1535354880.0,40265318.4
Fat Tree,2137,335096020992.0,90.87764807609166,9252,6272,1535354880.0,40265318.4
Fat Tree,2138,335096020992.0,90.88845654993514,9252,6272,1535354880.0,40265318.4
Fat Tree,2139,335096020992.0,90.89926502377864,9252,6272,1535354880.0,40265318.4
Fat Tree,2140,335096020992.0,90.91007349762214,9252,6272,1535354880.0,40265318.4
Fat Tree,2141,335096020992.0,90.92088197146563,9252,6272,1535354880.0,40265318.4
Fat Tree,2142,335096020992.0,90.93169044530912,9252,6272,1535354880.0,40265318.4
Fat Tree,2143,335096020992.0,90.94249891915261,9252,6272,1535354880.0,40265318.4
Fat Tree,2144,335096020992.0,90.95330739299611,9252,6272,1535354880.0,40265318.4
Fat Tree,2145,335096020992.0,90.9641158668396,9252,6272,1535354880.0,40265318.4
Fat Tree,2146,335096020992.0,90.97492434068309,9252,6272,1535354880.0,40265318.4
Fat Tree,2147,335096020992.0,90.98573281452659,9252,6272,1535354880.0,40265318.4
Fat Tree,2148,335096020992.0,90.99654128837008,9252,6272,1535354880.0,40265318.4
Fat Tree,2149,335096020992.0,91.00734976221358,9252,6272,1535354880.0,40265318.4
Fat Tree,2150,335096020992.0,91.01815823605706,9252,6272,1535354880.0,40265318.4
Fat Tree,2151,335096020992.0,91.02896670990056,9252,6272,1535354880.0,40265318.4
Fat Tree,2152,335096020992.0,91.03977518374406,9252,6272,1535354880.0,40265318.4
Fat Tree,2153,335096020992.0,91.05058365758755,9252,6272,1535354880.0,40265318.4
Fat Tree,2154,335096020992.0,91.06139213143103,9252,6272,1535354880.0,40265318.4
Fat Tree,2155,335096020992.0,91.07220060527453,9252,6272,1535354880.0,40265318.4
Fat Tree,2156,335096020992.0,91.08300907911803,9252,6272,1535354880.0,40265318.4
Fat Tree,2157,335096020992.0,91.09381755296153,9252,6272,1535354880.0,40265318.4
Fat Tree,2158,335096020992.0,91.10462602680501,9252,6272,1535354880.0,40265318.4
Fat Tree,2159,335096020992.0,91.1154345006485,9252,6272,1535354880.0,40265318.4
Fat Tree,2160,335096020992.0,91.126242974492,9252,6272,1535354880.0,40265318.4
Fat Tree,2161,335096020992.0,91.1370514483355,9252,6272,1535354880.0,40265318.4
Fat Tree,2162,335096020992.0,91.14785992217898,9252,6272,1535354880.0,40265318.4
Fat Tree,2163,335096020992.0,91.15866839602248,9252,6272,1535354880.0,40265318.4
Fat Tree,2164,335096020992.0,91.16947686986597,9252,6272,1535354880.0,40265318.4
Fat Tree,2165,335096020992.0,91.18028534370947,9252,6272,1535354880.0,40265318.4
Fat Tree,2166,335096020992.0,91.19109381755295,9252,6272,1535354880.0,40265318.4
Fat Tree,2167,335096020992.0,91.20190229139645,9252,6272,1535354880.0,40265318.4
Fat Tree,2168,335096020992.0,91.21271076523995,9252,6272,1535354880.0,40265318.4
Fat Tree,2169,335096020992.0,91.22351923908344,9252,6272,1535354880.0,40265318.4
Fat Tree,2170,335096020992.0,91.23432771292693,9252,6272,1535354880.0,40265318.4
Fat Tree,2171,335096020992.0,91.24513618677042,9252,6272,1535354880.0,40265318.4
Fat Tree,2172,335096020992.0,91.25594466061392,9252,6272,1535354880.0,40265318.4
Fat Tree,2173,335096020992.0,91.26675313445742,9252,6272,1535354880.0,40265318.4
Fat Tree,2174,335096020992.0,91.2775616083009,9252,6272,1535354880.0,40265318.4
Fat Tree,2175,335096020992.0,91.2883700821444,9252,6272,1535354880.0,40265318.4
Fat Tree,2176,335096020992.0,91.2991785559879,9252,6272,1535354880.0,40265318.4
Fat Tree,2177,335096020992.0,91.30998702983139,9252,6272,1535354880.0,40265318.4
Fat Tree,2178,335096020992.0,91.32079550367487,9252,6272,1535354880.0,40265318.4
Fat Tree,2179,335096020992.0,91.33160397751837,9252,6272,1535354880.0,40265318.4
Fat Tree,2180,335096020992.0,91.34241245136187,9252,6272,1535354880.0,40265318.4
Fat Tree,2181,335096020992.0,91.35322092520536,9252,6272,1535354880.0,40265318.4
Fat Tree,2182,335096020992.0,91.36402939904885,9252,6272,1535354880.0,40265318.4
Fat Tree,2183,335096020992.0,91.37483787289234,9252,6272,1535354880.0,40265318.4
Fat Tree,2184,335096020992.0,91.38564634673584,9252,6272,1535354880.0,40265318.4
Fat Tree,2185,335096020992.0,91.39645482057934,9252,6272,1535354880.0,40265318.4
Fat Tree,2186,335096020992.0,91.40726329442282,9252,6272,1535354880.0,40265318.4
Fat Tree,2187,335096020992.0,91.41807176826632,9252,6272,1535354880.0,40265318.4
Fat Tree,2188,335096020992.0,91.42888024210981,9252,6272,1535354880.0,40265318.4
Fat Tree,2189,335096020992.0,91.43968871595331,9252,6272,1535354880.0,40265318.4
Fat Tree,2190,335096020992.0,91.45049718979679,9252,6272,1535354880.0,40265318.4
Fat Tree,2191,335096020992.0,91.46130566364029,9252,6272,1535354880.0,40265318.4
Fat Tree,2192,335096020992.0,91.47211413748379,9252,6272,1535354880.0,40265318.4
Fat Tree,2193,335096020992.0,91.48292261132728,9252,6272,1535354880.0,40265318.4
Fat Tree,2194,335096020992.0,91.49373108517077,9252,6272,1535354880.0,40265318.4
Fat Tree,2195,335096020992.0,91.50453955901426,9252,6272,1535354880.0,40265318.4
Fat Tree,2196,335096020992.0,91.51534803285776,9252,6272,1535354880.0,40265318.4
Fat Tree,2197,335096020992.0,91.52615650670126,9252,6272,1535354880.0,40265318.4
Fat Tree,2198,335096020992.0,91.53696498054474,9252,6272,1535354880.0,40265318.4
Fat Tree,2199,335096020992.0,91.54777345438823,9252,6272,1535354880.0,40265318.4
Fat Tree,2200,335096020992.0,91.55858192823173,9252,6272,1535354880.0,40265318.4
Fat Tree,2201,335096020992.0,91.56939040207523,9252,6272,1535354880.0,40265318.4
Fat Tree,2202,335096020992.0,91.58019887591871,9252,6272,1535354880.0,40265318.4
Fat Tree,2203,335096020992.0,91.59100734976221,9252,6272,1535354880.0,40265318.4
Fat Tree,2204,335096020992.0,91.6018158236057,9252,6272,1535354880.0,40265318.4
Fat Tree,2205,335096020992.0,91.6126242974492,9252,6272,1535354880.0,40265318.4
Fat Tree,2206,335096020992.0,91.62343277129268,9252,6272,1535354880.0,40265318.4
Fat Tree,2207,335096020992.0,91.63424124513618,9252,6272,1535354880.0,40265318.4
Fat Tree,2208,335096020992.0,91.64504971897968,9252,6272,1535354880.0,40265318.4
Fat Tree,2209,335096020992.0,91.65585819282317,9252,6272,1535354880.0,40265318.4
Fat Tree,2210,335096020992.0,91.66666666666666,9252,6272,1535354880.0,40265318.4
Fat Tree,2211,335096020992.0,91.67747514051015,9252,6272,1535354880.0,40265318.4
Fat Tree,2212,335096020992.0,91.68828361435365,9252,6272,1535354880.0,40265318.4
Fat Tree,2213,335096020992.0,91.69909208819715,9252,6272,1535354880.0,40265318.4
Fat Tree,2214,335096020992.0,91.70990056204063,9252,6272,1535354880.0,40265318.4
Fat Tree,2215,335096020992.0,91.72070903588413,9252,6272,1535354880.0,40265318.4
Fat Tree,2216,335096020992.0,91.73151750972762,9252,6272,1535354880.0,40265318.4
Fat Tree,2217,335096020992.0,91.74232598357112,9252,6272,1535354880.0,40265318.4
Fat Tree,2218,335096020992.0,91.7531344574146,9252,6272,1535354880.0,40265318.4
Fat Tree,2219,335096020992.0,91.7639429312581,9252,6272,1535354880.0,40265318.4
Fat Tree,2220,335096020992.0,91.7747514051016,9252,6272,1535354880.0,40265318.4
Fat Tree,2221,335096020992.0,91.7855598789451,9252,6272,1535354880.0,40265318.4
Fat Tree,2222,335096020992.0,91.79636835278858,9252,6272,1535354880.0,40265318.4
Fat Tree,2223,335096020992.0,91.80717682663207,9252,6272,1535354880.0,40265318.4
Fat Tree,2224,335096020992.0,91.81798530047557,9252,6272,1535354880.0,40265318.4
Fat Tree,2225,335096020992.0,91.82879377431907,9252,6272,1535354880.0,40265318.4
Fat Tree,2226,335096020992.0,91.83960224816255,9252,6272,1535354880.0,40265318.4
Fat Tree,2227,335096020992.0,91.85041072200605,9252,6272,1535354880.0,40265318.4
Fat Tree,2228,335096020992.0,91.86121919584954,9252,6272,1535354880.0,40265318.4
Fat Tree,2229,335096020992.0,91.87202766969304,9252,6272,1535354880.0,40265318.4
Fat Tree,2230,335096020992.0,91.88283614353652,9252,6272,1535354880.0,40265318.4
Fat Tree,2231,335096020992.0,91.89364461738002,9252,6272,1535354880.0,40265318.4
Fat Tree,2232,335096020992.0,91.90445309122352,9252,6272,1535354880.0,40265318.4
Fat Tree,2233,335096020992.0,91.91526156506701,9252,6272,1535354880.0,40265318.4
Fat Tree,2234,335096020992.0,91.9260700389105,9252,6272,1535354880.0,40265318.4
Fat Tree,2235,335096020992.0,91.93687851275399,9252,6272,1535354880.0,40265318.4
Fat Tree,2236,335096020992.0,91.94768698659749,9252,6272,1535354880.0,40265318.4
Fat Tree,2237,335096020992.0,91.95849546044099,9252,6272,1535354880.0,40265318.4
Fat Tree,2238,335096020992.0,91.96930393428447,9252,6272,1535354880.0,40265318.4
Fat Tree,2239,335096020992.0,91.98011240812797,9252,6272,1535354880.0,40265318.4
Fat Tree,2240,335096020992.0,91.99092088197146,9252,6272,1535354880.0,40265318.4
Fat Tree,2241,335096020992.0,92.00172935581496,9252,6272,1535354880.0,40265318.4
Fat Tree,2242,335096020992.0,92.01253782965844,9252,6272,1535354880.0,40265318.4
Fat Tree,2243,335096020992.0,92.02334630350194,9252,6272,1535354880.0,40265318.4
Fat Tree,2244,335096020992.0,92.03415477734544,9252,6272,1535354880.0,40265318.4
Fat Tree,2245,335096020992.0,92.04496325118893,9252,6272,1535354880.0,40265318.4
Fat Tree,2246,335096020992.0,92.05577172503241,9252,6272,1535354880.0,40265318.4
Fat Tree,2247,335096020992.0,92.06658019887591,9252,6272,1535354880.0,40265318.4
Fat Tree,2248,335096020992.0,92.07738867271941,9252,6272,1535354880.0,40265318.4
Fat Tree,2249,335096020992.0,92.0881971465629,9252,6272,1535354880.0,40265318.4
Fat Tree,2250,335096020992.0,92.09900562040639,9252,6272,1535354880.0,40265318.4
Fat Tree,2251,335096020992.0,92.10981409424988,9252,6272,1535354880.0,40265318.4
Fat Tree,2252,335096020992.0,92.12062256809338,9252,6272,1535354880.0,40265318.4
Fat Tree,2253,335096020992.0,92.13143104193688,9252,6272,1535354880.0,40265318.4
Fat Tree,2254,335096020992.0,92.14223951578036,9252,6272,1535354880.0,40265318.4
Fat Tree,2255,335096020992.0,92.15304798962386,9252,6272,1535354880.0,40265318.4
Fat Tree,2256,335096020992.0,92.16385646346735,9252,6272,1535354880.0,40265318.4
Fat Tree,2257,335096020992.0,92.17466493731085,9252,6272,1535354880.0,40265318.4
Fat Tree,2258,335096020992.0,92.18547341115433,9252,6272,1535354880.0,40265318.4
Fat Tree,2259,335096020992.0,92.19628188499784,9252,6272,1535354880.0,40265318.4
Fat Tree,2260,335096020992.0,92.20709035884134,9252,6272,1535354880.0,40265318.4
Fat Tree,2261,335096020992.0,92.21789883268482,9252,6272,1535354880.0,40265318.4
Fat Tree,2262,335096020992.0,92.22870730652832,9252,6272,1535354880.0,40265318.4
Fat Tree,2263,335096020992.0,92.23951578037182,9252,6272,1535354880.0,40265318.4
Fat Tree,2264,335096020992.0,92.25032425421531,9252,6272,1535354880.0,40265318.4
Fat Tree,2265,335096020992.0,92.2611327280588,9252,6272,1535354880.0,40265318.4
Fat Tree,2266,335096020992.0,92.2719412019023,9252,6272,1535354880.0,40265318.4
Fat Tree,2267,335096020992.0,92.28274967574579,9252,6272,1535354880.0,40265318.4
Fat Tree,2268,335096020992.0,92.29355814958929,9252,6272,1535354880.0,40265318.4
Fat Tree,2269,335096020992.0,92.30436662343277,9252,6272,1535354880.0,40265318.4
Fat Tree,2270,335096020992.0,92.31517509727627,9252,6272,1535354880.0,40265318.4
Fat Tree,2271,335096020992.0,92.32598357111976,9252,6272,1535354880.0,40265318.4
Fat Tree,2272,335096020992.0,92.33679204496326,9252,6272,1535354880.0,40265318.4
Fat Tree,2273,335096020992.0,92.34760051880674,9252,6272,1535354880.0,40265318.4
Fat Tree,2274,335096020992.0,92.35840899265024,9252,6272,1535354880.0,40265318.4
Fat Tree,2275,335096020992.0,92.36921746649374,9252,6272,1535354880.0,40265318.4
Fat Tree,2276,335096020992.0,92.38002594033723,9252,6272,1535354880.0,40265318.4
Fat Tree,2277,335096020992.0,92.39083441418072,9252,6272,1535354880.0,40265318.4
Fat Tree,2278,335096020992.0,92.40164288802421,9252,6272,1535354880.0,40265318.4
Fat Tree,2279,335096020992.0,92.41245136186771,9252,6272,1535354880.0,40265318.4
Fat Tree,2280,335096020992.0,92.4232598357112,9252,6272,1535354880.0,40265318.4
Fat Tree,2281,335096020992.0,92.43406830955469,9252,6272,1535354880.0,40265318.4
Fat Tree,2282,335096020992.0,92.44487678339819,9252,6272,1535354880.0,40265318.4
Fat Tree,2283,335096020992.0,92.45568525724168,9252,6272,1535354880.0,40265318.4
Fat Tree,2284,335096020992.0,92.46649373108518,9252,6272,1535354880.0,40265318.4
Fat Tree,2285,335096020992.0,92.47730220492866,9252,6272,1535354880.0,40265318.4
Fat Tree,2286,335096020992.0,92.48811067877216,9252,6272,1535354880.0,40265318.4
Fat Tree,2287,335096020992.0,92.49891915261566,9252,6272,1535354880.0,40265318.4
Fat Tree,2288,335096020992.0,92.50972762645915,9252,6272,1535354880.0,40265318.4
Fat Tree,2289,335096020992.0,92.52053610030264,9252,6272,1535354880.0,40265318.4
Fat Tree,2290,335096020992.0,92.53134457414613,9252,6272,1535354880.0,40265318.4
Fat Tree,2291,335096020992.0,92.54215304798963,9252,6272,1535354880.0,40265318.4
Fat Tree,2292,335096020992.0,92.55296152183313,9252,6272,1535354880.0,40265318.4
Fat Tree,2293,335096020992.0,92.56376999567661,9252,6272,1535354880.0,40265318.4
Fat Tree,2294,335096020992.0,92.5745784695201,9252,6272,1535354880.0,40265318.4
Fat Tree,2295,335096020992.0,92.5853869433636,9252,6272,1535354880.0,40265318.4
Fat Tree,2296,335096020992.0,92.5961954172071,9252,6272,1535354880.0,40265318.4
Fat Tree,2297,335096020992.0,92.60700389105058,9252,6272,1535354880.0,40265318.4
Fat Tree,2298,335096020992.0,92.61781236489408,9252,6272,1535354880.0,40265318.4
Fat Tree,2299,335096020992.0,92.62862083873758,9252,6272,1535354880.0,40265318.4
Fat Tree,2300,335096020992.0,92.63942931258107,9252,6272,1535354880.0,40265318.4
Fat Tree,2301,335096020992.0,92.65023778642455,9252,6272,1535354880.0,40265318.4
Fat Tree,2302,335096020992.0,92.66104626026805,9252,6272,1535354880.0,40265318.4
Fat Tree,2303,335096020992.0,92.67185473411155,9252,6272,1535354880.0,40265318.4
Fat Tree,2304,335096020992.0,92.68266320795504,9252,6272,1535354880.0,40265318.4
Fat Tree,2305,335096020992.0,92.69347168179853,9252,6272,1535354880.0,40265318.4
Fat Tree,2306,335096020992.0,92.70428015564202,9252,6272,1535354880.0,40265318.4
Fat Tree,2307,335096020992.0,92.71508862948552,9252,6272,1535354880.0,40265318.4
Fat Tree,2308,335096020992.0,92.72589710332902,9252,6272,1535354880.0,40265318.4
Fat Tree,2309,335096020992.0,92.7367055771725,9252,6272,1535354880.0,40265318.4
Fat Tree,2310,335096020992.0,92.747514051016,9252,6272,1535354880.0,40265318.4
Fat Tree,2311,335096020992.0,92.7583225248595,9252,6272,1535354880.0,40265318.4
Fat Tree,2312,335096020992.0,92.76913099870299,9252,6272,1535354880.0,40265318.4
Fat Tree,2313,335096020992.0,92.77993947254647,9252,6272,1535354880.0,40265318.4
Fat Tree,2314,335096020992.0,92.79074794638997,9252,6272,1535354880.0,40265318.4
Fat Tree,2315,335096020992.0,92.80155642023347,9252,6272,1535354880.0,40265318.4
Fat Tree,2316,335096020992.0,92.81236489407696,9252,6272,1535354880.0,40265318.4
Fat Tree,2317,335096020992.0,92.82317336792045,9252,6272,1535354880.0,40265318.4
Fat Tree,2318,335096020992.0,92.83398184176394,9252,6272,1535354880.0,40265318.4
Fat Tree,2319,335096020992.0,92.84479031560744,9252,6272,1535354880.0,40265318.4
Fat Tree,2320,335096020992.0,92.85559878945094,9252,6272,1535354880.0,40265318.4
Fat Tree,2321,335096020992.0,92.86640726329442,9252,6272,1535354880.0,40265318.4
Fat Tree,2322,335096020992.0,92.87721573713792,9252,6272,1535354880.0,40265318.4
Fat Tree,2323,335096020992.0,92.88802421098141,9252,6272,1535354880.0,40265318.4
Fat Tree,2324,335096020992.0,92.89883268482491,9252,6272,1535354880.0,40265318.4
Fat Tree,2325,335096020992.0,92.90964115866839,9252,6272,1535354880.0,40265318.4
Fat Tree,2326,335096020992.0,92.92044963251189,9252,6272,1535354880.0,40265318.4
Fat Tree,2327,335096020992.0,92.93125810635539,9252,6272,1535354880.0,40265318.4
Fat Tree,2328,335096020992.0,92.94206658019888,9252,6272,1535354880.0,40265318.4
Fat Tree,2329,335096020992.0,92.95287505404237,9252,6272,1535354880.0,40265318.4
Fat Tree,2330,335096020992.0,92.96368352788586,9252,6272,1535354880.0,40265318.4
Fat Tree,2331,335096020992.0,92.97449200172936,9252,6272,1535354880.0,40265318.4
Fat Tree,2332,335096020992.0,92.98530047557286,9252,6272,1535354880.0,40265318.4
Fat Tree,2333,335096020992.0,92.99610894941634,9252,6272,1535354880.0,40265318.4
Fat Tree,2334,335096020992.0,93.00691742325984,9252,6272,1535354880.0,40265318.4
Fat Tree,2335,335096020992.0,93.01772589710333,9252,6272,1535354880.0,40265318.4
Fat Tree,2336,335096020992.0,93.02853437094683,9252,6272,1535354880.0,40265318.4
Fat Tree,2337,335096020992.0,93.03934284479031,9252,6272,1535354880.0,40265318.4
Fat Tree,2338,335096020992.0,93.05015131863381,9252,6272,1535354880.0,40265318.4
Fat Tree,2339,335096020992.0,93.0609597924773,9252,6272,1535354880.0,40265318.4
Fat Tree,2340,335096020992.0,93.0717682663208,9252,6272,1535354880.0,40265318.4
Fat Tree,2341,335096020992.0,93.08257674016428,9252,6272,1535354880.0,40265318.4
Fat Tree,2342,335096020992.0,93.09338521400778,9252,6272,1535354880.0,40265318.4
Fat Tree,2343,335096020992.0,93.10419368785128,9252,6272,1535354880.0,40265318.4
Fat Tree,2344,335096020992.0,93.11500216169478,9252,6272,1535354880.0,40265318.4
Fat Tree,2345,335096020992.0,93.12581063553826,9252,6272,1535354880.0,40265318.4
Fat Tree,2346,335096020992.0,93.13661910938175,9252,6272,1535354880.0,40265318.4
Fat Tree,2347,335096020992.0,93.14742758322525,9252,6272,1535354880.0,40265318.4
Fat Tree,2348,335096020992.0,93.15823605706875,9252,6272,1535354880.0,40265318.4
Fat Tree,2349,335096020992.0,93.16904453091223,9252,6272,1535354880.0,40265318.4
Fat Tree,2350,335096020992.0,93.17985300475573,9252,6272,1535354880.0,40265318.4
Fat Tree,2351,335096020992.0,93.19066147859922,9252,6272,1535354880.0,40265318.4
Fat Tree,2352,335096020992.0,93.20146995244272,9252,6272,1535354880.0,40265318.4
Fat Tree,2353,335096020992.0,93.2122784262862,9252,6272,1535354880.0,40265318.4
Fat Tree,2354,335096020992.0,93.2230869001297,9252,6272,1535354880.0,40265318.4
Fat Tree,2355,335096020992.0,93.2338953739732,9252,6272,1535354880.0,40265318.4
Fat Tree,2356,335096020992.0,93.2447038478167,9252,6272,1535354880.0,40265318.4
Fat Tree,2357,335096020992.0,93.25551232166018,9252,6272,1535354880.0,40265318.4
Fat Tree,2358,335096020992.0,93.26632079550367,9252,6272,1535354880.0,40265318.4
Fat Tree,2359,335096020992.0,93.27712926934717,9252,6272,1535354880.0,40265318.4
Fat Tree,2360,335096020992.0,93.28793774319067,9252,6272,1535354880.0,40265318.4
Fat Tree,2361,335096020992.0,93.29874621703415,9252,6272,1535354880.0,40265318.4
Fat Tree,2362,335096020992.0,93.30955469087765,9252,6272,1535354880.0,40265318.4
Fat Tree,2363,335096020992.0,93.32036316472114,9252,6272,1535354880.0,40265318.4
Fat Tree,2364,335096020992.0,93.33117163856464,9252,6272,1535354880.0,40265318.4
Fat Tree,2365,335096020992.0,93.34198011240812,9252,6272,1535354880.0,40265318.4
Fat Tree,2366,335096020992.0,93.35278858625162,9252,6272,1535354880.0,40265318.4
Fat Tree,2367,335096020992.0,93.36359706009512,9252,6272,1535354880.0,40265318.4
Fat Tree,2368,335096020992.0,93.37440553393861,9252,6272,1535354880.0,40265318.4
Fat Tree,2369,335096020992.0,93.3852140077821,9252,6272,1535354880.0,40265318.4
Fat Tree,2370,335096020992.0,93.3960224816256,9252,6272,1535354880.0,40265318.4
Fat Tree,2371,335096020992.0,93.40683095546909,9252,6272,1535354880.0,40265318.4
Fat Tree,2372,335096020992.0,93.41763942931259,9252,6272,1535354880.0,40265318.4
Fat Tree,2373,335096020992.0,93.42844790315607,9252,6272,1535354880.0,40265318.4
Fat Tree,2374,335096020992.0,93.43925637699957,9252,6272,1535354880.0,40265318.4
Fat Tree,2375,335096020992.0,93.45006485084306,9252,6272,1535354880.0,40265318.4
Fat Tree,2376,335096020992.0,93.46087332468656,9252,6272,1535354880.0,40265318.4
Fat Tree,2377,335096020992.0,93.47168179853004,9252,6272,1535354880.0,40265318.4
Fat Tree,2378,335096020992.0,93.48249027237354,9252,6272,1535354880.0,40265318.4
Fat Tree,2379,335096020992.0,93.49329874621704,9252,6272,1535354880.0,40265318.4
Fat Tree,2380,335096020992.0,93.50410722006053,9252,6272,1535354880.0,40265318.4
Fat Tree,2381,335096020992.0,93.51491569390402,9252,6272,1535354880.0,40265318.4
Fat Tree,2382,335096020992.0,93.52572416774751,9252,6272,1535354880.0,40265318.4
Fat Tree,2383,335096020992.0,93.53653264159101,9252,6272,1535354880.0,40265318.4
Fat Tree,2384,335096020992.0,93.5473411154345,9252,6272,1535354880.0,40265318.4
Fat Tree,2385,335096020992.0,93.55814958927799,9252,6272,1535354880.0,40265318.4
Fat Tree,2386,335096020992.0,93.56895806312149,9252,6272,1535354880.0,40265318.4
Fat Tree,2387,335096020992.0,93.57976653696498,9252,6272,1535354880.0,40265318.4
Fat Tree,2388,335096020992.0,93.59057501080848,9252,6272,1535354880.0,40265318.4
Fat Tree,2389,335096020992.0,93.60138348465196,9252,6272,1535354880.0,40265318.4
Fat Tree,2390,335096020992.0,93.61219195849546,9252,6272,1535354880.0,40265318.4
Fat Tree,2391,335096020992.0,93.62300043233896,9252,6272,1535354880.0,40265318.4
Fat Tree,2392,335096020992.0,93.63380890618245,9252,6272,1535354880.0,40265318.4
Fat Tree,2393,335096020992.0,93.64461738002593,9252,6272,1535354880.0,40265318.4
Fat Tree,2394,335096020992.0,93.65542585386943,9252,6272,1535354880.0,40265318.4
Fat Tree,2395,335096020992.0,93.66623432771293,9252,6272,1535354880.0,40265318.4
Fat Tree,2396,335096020992.0,93.67704280155642,9252,6272,1535354880.0,40265318.4
Fat Tree,2397,335096020992.0,93.68785127539991,9252,6272,1535354880.0,40265318.4
Fat Tree,2398,335096020992.0,93.6986597492434,9252,6272,1535354880.0,40265318.4
Fat Tree,2399,335096020992.0,93.7094682230869,9252,6272,1535354880.0,40265318.4
Fat Tree,2400,335096020992.0,93.7202766969304,9252,6272,1535354880.0,40265318.4
Fat Tree,2401,335096020992.0,93.73108517077388,9252,6272,1535354880.0,40265318.4
Fat Tree,2402,335096020992.0,93.74189364461738,9252,6272,1535354880.0,40265318.4
Fat Tree,2403,335096020992.0,93.75270211846087,9252,6272,1535354880.0,40265318.4
Fat Tree,2404,335096020992.0,93.76351059230437,9252,6272,1535354880.0,40265318.4
Fat Tree,2405,335096020992.0,93.77431906614785,9252,6272,1535354880.0,40265318.4
Fat Tree,2406,335096020992.0,93.78512753999135,9252,6272,1535354880.0,40265318.4
Fat Tree,2407,335096020992.0,93.79593601383485,9252,6272,1535354880.0,40265318.4
Fat Tree,2408,335096020992.0,93.80674448767834,9252,6272,1535354880.0,40265318.4
Fat Tree,2409,335096020992.0,93.81755296152183,9252,6272,1535354880.0,40265318.4
Fat Tree,2410,335096020992.0,93.82836143536532,9252,6272,1535354880.0,40265318.4
Fat Tree,2411,335096020992.0,93.83916990920882,9252,6272,1535354880.0,40265318.4
Fat Tree,2412,335096020992.0,93.84997838305232,9252,6272,1535354880.0,40265318.4
Fat Tree,2413,335096020992.0,93.8607868568958,9252,6272,1535354880.0,40265318.4
Fat Tree,2414,335096020992.0,93.8715953307393,9252,6272,1535354880.0,40265318.4
Fat Tree,2415,335096020992.0,93.8824038045828,9252,6272,1535354880.0,40265318.4
Fat Tree,2416,335096020992.0,93.89321227842629,9252,6272,1535354880.0,40265318.4
Fat Tree,2417,335096020992.0,93.90402075226977,9252,6272,1535354880.0,40265318.4
Fat Tree,2418,335096020992.0,93.91482922611327,9252,6272,1535354880.0,40265318.4
Fat Tree,2419,335096020992.0,93.92563769995677,9252,6272,1535354880.0,40265318.4
Fat Tree,2420,335096020992.0,93.93644617380026,9252,6272,1535354880.0,40265318.4
Fat Tree,2421,335096020992.0,93.94725464764375,9252,6272,1535354880.0,40265318.4
Fat Tree,2422,335096020992.0,93.95806312148724,9252,6272,1535354880.0,40265318.4
Fat Tree,2423,335096020992.0,93.96887159533074,9252,6272,1535354880.0,40265318.4
Fat Tree,2424,335096020992.0,93.97968006917424,9252,6272,1535354880.0,40265318.4
Fat Tree,2425,335096020992.0,93.99048854301772,9252,6272,1535354880.0,40265318.4
Fat Tree,2426,335096020992.0,94.00129701686122,9252,6272,1535354880.0,40265318.4
Fat Tree,2427,335096020992.0,94.01210549070471,9252,6272,1535354880.0,40265318.4
Fat Tree,2428,335096020992.0,94.02291396454821,9252,6272,1535354880.0,40265318.4
Fat Tree,2429,335096020992.0,94.03372243839169,9252,6272,1535354880.0,40265318.4
Fat Tree,2430,335096020992.0,94.04453091223519,9252,6272,1535354880.0,40265318.4
Fat Tree,2431,335096020992.0,94.05533938607869,9252,6272,1535354880.0,40265318.4
Fat Tree,2432,335096020992.0,94.06614785992218,9252,6272,1535354880.0,40265318.4
Fat Tree,2433,335096020992.0,94.07695633376566,9252,6272,1535354880.0,40265318.4
Fat Tree,2434,335096020992.0,94.08776480760916,9252,6272,1535354880.0,40265318.4
Fat Tree,2435,335096020992.0,94.09857328145266,9252,6272,1535354880.0,40265318.4
Fat Tree,2436,335096020992.0,94.10938175529616,9252,6272,1535354880.0,40265318.4
Fat Tree,2437,335096020992.0,94.12019022913964,9252,6272,1535354880.0,40265318.4
Fat Tree,2438,335096020992.0,94.13099870298313,9252,6272,1535354880.0,40265318.4
Fat Tree,2439,335096020992.0,94.14180717682663,9252,6272,1535354880.0,40265318.4
Fat Tree,2440,335096020992.0,94.15261565067013,9252,6272,1535354880.0,40265318.4
Fat Tree,2441,335096020992.0,94.16342412451361,9252,6272,1535354880.0,40265318.4
Fat Tree,2442,335096020992.0,94.17423259835711,9252,6272,1535354880.0,40265318.4
Fat Tree,2443,335096020992.0,94.1850410722006,9252,6272,1535354880.0,40265318.4
Fat Tree,2444,335096020992.0,94.1958495460441,9252,6272,1535354880.0,40265318.4
Fat Tree,2445,335096020992.0,94.20665801988758,9252,6272,1535354880.0,40265318.4
Fat Tree,2446,335096020992.0,94.21746649373108,9252,6272,1535354880.0,40265318.4
Fat Tree,2447,335096020992.0,94.22827496757458,9252,6272,1535354880.0,40265318.4
Fat Tree,2448,335096020992.0,94.23908344141807,9252,6272,1535354880.0,40265318.4
Fat Tree,2449,335096020992.0,94.24989191526156,9252,6272,1535354880.0,40265318.4
Fat Tree,2450,335096020992.0,94.26070038910505,9252,6272,1535354880.0,40265318.4
Fat Tree,2451,335096020992.0,94.27150886294855,9252,6272,1535354880.0,40265318.4
Fat Tree,2452,335096020992.0,94.28231733679205,9252,6272,1535354880.0,40265318.4
Fat Tree,2453,335096020992.0,94.29312581063553,9252,6272,1535354880.0,40265318.4
Fat Tree,2454,335096020992.0,94.30393428447903,9252,6272,1535354880.0,40265318.4
Fat Tree,2455,335096020992.0,94.31474275832252,9252,6272,1535354880.0,40265318.4
Fat Tree,2456,335096020992.0,94.32555123216602,9252,6272,1535354880.0,40265318.4
Fat Tree,2457,335096020992.0,94.3363597060095,9252,6272,1535354880.0,40265318.4
Fat Tree,2458,335096020992.0,94.347168179853,9252,6272,1535354880.0,40265318.4
Fat Tree,2459,335096020992.0,94.3579766536965,9252,6272,1535354880.0,40265318.4
Fat Tree,2460,335096020992.0,94.36878512754,9252,6272,1535354880.0,40265318.4
Fat Tree,2461,335096020992.0,94.37959360138348,9252,6272,1535354880.0,40265318.4
Fat Tree,2462,335096020992.0,94.39040207522697,9252,6272,1535354880.0,40265318.4
Fat Tree,2463,335096020992.0,94.40121054907047,9252,6272,1535354880.0,40265318.4
Fat Tree,2464,335096020992.0,94.41201902291397,9252,6272,1535354880.0,40265318.4
Fat Tree,2465,335096020992.0,94.42282749675745,9252,6272,1535354880.0,40265318.4
Fat Tree,2466,335096020992.0,94.43363597060095,9252,6272,1535354880.0,40265318.4
Fat Tree,2467,335096020992.0,94.44444444444444,9252,6272,1535354880.0,40265318.4
Fat Tree,2468,335096020992.0,94.45525291828794,9252,6272,1535354880.0,40265318.4
Fat Tree,2469,335096020992.0,94.46606139213142,9252,6272,1535354880.0,40265318.4
Fat Tree,2470,335096020992.0,94.47686986597492,9252,6272,1535354880.0,40265318.4
Fat Tree,2471,335096020992.0,94.48767833981842,9252,6272,1535354880.0,40265318.4
Fat Tree,2472,335096020992.0,94.49848681366191,9252,6272,1535354880.0,40265318.4
Fat Tree,2473,335096020992.0,94.5092952875054,9252,6272,1535354880.0,40265318.4
Fat Tree,2474,335096020992.0,94.52010376134889,9252,6272,1535354880.0,40265318.4
Fat Tree,2475,335096020992.0,94.53091223519239,9252,6272,1535354880.0,40265318.4
Fat Tree,2476,335096020992.0,94.54172070903589,9252,6272,1535354880.0,40265318.4
Fat Tree,2477,335096020992.0,94.55252918287937,9252,6272,1535354880.0,40265318.4
Fat Tree,2478,335096020992.0,94.56333765672287,9252,6272,1535354880.0,40265318.4
Fat Tree,2479,335096020992.0,94.57414613056636,9252,6272,1535354880.0,40265318.4
Fat Tree,2480,335096020992.0,94.58495460440986,9252,6272,1535354880.0,40265318.4
Fat Tree,2481,335096020992.0,94.59576307825334,9252,6272,1535354880.0,40265318.4
Fat Tree,2482,335096020992.0,94.60657155209684,9252,6272,1535354880.0,40265318.4
Fat Tree,2483,335096020992.0,94.61738002594034,9252,6272,1535354880.0,40265318.4
Fat Tree,2484,335096020992.0,94.62818849978383,9252,6272,1535354880.0,40265318.4
Fat Tree,2485,335096020992.0,94.63899697362731,9252,6272,1535354880.0,40265318.4
Fat Tree,2486,335096020992.0,94.64980544747081,9252,6272,1535354880.0,40265318.4
Fat Tree,2487,335096020992.0,94.66061392131431,9252,6272,1535354880.0,40265318.4
Fat Tree,2488,335096020992.0,94.6714223951578,9252,6272,1535354880.0,40265318.4
Fat Tree,2489,335096020992.0,94.68223086900129,9252,6272,1535354880.0,40265318.4
Fat Tree,2490,335096020992.0,94.69303934284478,9252,6272,1535354880.0,40265318.4
Fat Tree,2491,335096020992.0,94.70384781668828,9252,6272,1535354880.0,40265318.4
Fat Tree,2492,335096020992.0,94.71465629053178,9252,6272,1535354880.0,40265318.4
Fat Tree,2493,335096020992.0,94.72546476437526,9252,6272,1535354880.0,40265318.4
Fat Tree,2494,335096020992.0,94.73627323821876,9252,6272,1535354880.0,40265318.4
Fat Tree,2495,335096020992.0,94.74708171206225,9252,6272,1535354880.0,40265318.4
Fat Tree,2496,335096020992.0,94.75789018590575,9252,6272,1535354880.0,40265318.4
Fat Tree,2497,335096020992.0,94.76869865974923,9252,6272,1535354880.0,40265318.4
Fat Tree,2498,335096020992.0,94.77950713359273,9252,6272,1535354880.0,40265318.4
Fat Tree,2499,335096020992.0,94.79031560743623,9252,6272,1535354880.0,40265318.4
Fat Tree,2500,335096020992.0,94.80112408127972,9252,6272,1535354880.0,40265318.4
Fat Tree,2501,335096020992.0,94.8119325551232,9252,6272,1535354880.0,40265318.4
Fat Tree,2502,335096020992.0,94.8227410289667,9252,6272,1535354880.0,40265318.4
Fat Tree,2503,335096020992.0,94.8335495028102,9252,6272,1535354880.0,40265318.4
Fat Tree,2504,335096020992.0,94.8443579766537,9252,6272,1535354880.0,40265318.4
Fat Tree,2505,335096020992.0,94.85516645049718,9252,6272,1535354880.0,40265318.4
Fat Tree,2506,335096020992.0,94.86597492434068,9252,6272,1535354880.0,40265318.4
Fat Tree,2507,335096020992.0,94.87678339818417,9252,6272,1535354880.0,40265318.4
Fat Tree,2508,335096020992.0,94.88759187202767,9252,6272,1535354880.0,40265318.4
Fat Tree,2509,335096020992.0,94.89840034587115,9252,6272,1535354880.0,40265318.4
Fat Tree,2510,335096020992.0,94.90920881971465,9252,6272,1535354880.0,40265318.4
Fat Tree,2511,335096020992.0,94.92001729355815,9252,6272,1535354880.0,40265318.4
Fat Tree,2512,335096020992.0,94.93082576740164,9252,6272,1535354880.0,40265318.4
Fat Tree,2513,335096020992.0,94.94163424124513,9252,6272,1535354880.0,40265318.4
Fat Tree,2514,335096020992.0,94.95244271508862,9252,6272,1535354880.0,40265318.4
Fat Tree,2515,335096020992.0,94.96325118893212,9252,6272,1535354880.0,40265318.4
Fat Tree,2516,335096020992.0,94.97405966277562,9252,6272,1535354880.0,40265318.4
Fat Tree,2517,335096020992.0,94.9848681366191,9252,6272,1535354880.0,40265318.4
Fat Tree,2518,335096020992.0,94.9956766104626,9252,6272,1535354880.0,40265318.4
Fat Tree,2519,335096020992.0,95.00648508430609,9252,6272,1535354880.0,40265318.4
Fat Tree,2520,335096020992.0,95.01729355814959,9252,6272,1535354880.0,40265318.4
Fat Tree,2521,335096020992.0,95.02810203199307,9252,6272,1535354880.0,40265318.4
Fat Tree,2522,335096020992.0,95.03891050583657,9252,6272,1535354880.0,40265318.4
Fat Tree,2523,335096020992.0,95.04971897968007,9252,6272,1535354880.0,40265318.4
Fat Tree,2524,335096020992.0,95.06052745352356,9252,6272,1535354880.0,40265318.4
Fat Tree,2525,335096020992.0,95.07133592736704,9252,6272,1535354880.0,40265318.4
Fat Tree,2526,335096020992.0,95.08214440121054,9252,6272,1535354880.0,40265318.4
Fat Tree,2527,335096020992.0,95.09295287505404,9252,6272,1535354880.0,40265318.4
Fat Tree,2528,335096020992.0,95.10376134889754,9252,6272,1535354880.0,40265318.4
Fat Tree,2529,335096020992.0,95.11456982274102,9252,6272,1535354880.0,40265318.4
Fat Tree,2530,335096020992.0,95.12537829658451,9252,6272,1535354880.0,40265318.4
Fat Tree,2531,335096020992.0,95.13618677042801,9252,6272,1535354880.0,40265318.4
Fat Tree,2532,335096020992.0,95.14699524427151,9252,6272,1535354880.0,40265318.4
Fat Tree,2533,335096020992.0,95.15780371811499,9252,6272,1535354880.0,40265318.4
Fat Tree,2534,335096020992.0,95.16861219195849,9252,6272,1535354880.0,40265318.4
Fat Tree,2535,335096020992.0,95.17942066580198,9252,6272,1535354880.0,40265318.4
Fat Tree,2536,335096020992.0,95.19022913964548,9252,6272,1535354880.0,40265318.4
Fat Tree,2537,335096020992.0,95.20103761348896,9252,6272,1535354880.0,40265318.4
Fat Tree,2538,335096020992.0,95.21184608733246,9252,6272,1535354880.0,40265318.4
Fat Tree,2539,335096020992.0,95.22265456117596,9252,6272,1535354880.0,40265318.4
Fat Tree,2540,335096020992.0,95.23346303501945,9252,6272,1535354880.0,40265318.4
Fat Tree,2541,335096020992.0,95.24427150886294,9252,6272,1535354880.0,40265318.4
Fat Tree,2542,335096020992.0,95.25507998270643,9252,6272,1535354880.0,40265318.4
Fat Tree,2543,335096020992.0,95.26588845654993,9252,6272,1535354880.0,40265318.4
Fat Tree,2544,335096020992.0,95.27669693039343,9252,6272,1535354880.0,40265318.4
Fat Tree,2545,335096020992.0,95.28750540423691,9252,6272,1535354880.0,40265318.4
Fat Tree,2546,335096020992.0,95.2983138780804,9252,6272,1535354880.0,40265318.4
Fat Tree,2547,335096020992.0,95.3091223519239,9252,6272,1535354880.0,40265318.4
Fat Tree,2548,335096020992.0,95.3199308257674,9252,6272,1535354880.0,40265318.4
Fat Tree,2549,335096020992.0,95.3307392996109,9252,6272,1535354880.0,40265318.4
Fat Tree,2550,335096020992.0,95.3415477734544,9252,6272,1535354880.0,40265318.4
Fat Tree,2551,335096020992.0,95.35235624729789,9252,6272,1535354880.0,40265318.4
Fat Tree,2552,335096020992.0,95.36316472114137,9252,6272,1535354880.0,40265318.4
Fat Tree,2553,335096020992.0,95.37397319498487,9252,6272,1535354880.0,40265318.4
Fat Tree,2554,335096020992.0,95.38478166882837,9252,6272,1535354880.0,40265318.4
Fat Tree,2555,335096020992.0,95.39559014267186,9252,6272,1535354880.0,40265318.4
Fat Tree,2556,335096020992.0,95.40639861651535,9252,6272,1535354880.0,40265318.4
Fat Tree,2557,335096020992.0,95.41720709035884,9252,6272,1535354880.0,40265318.4
Fat Tree,2558,335096020992.0,95.42801556420234,9252,6272,1535354880.0,40265318.4
Fat Tree,2559,335096020992.0,95.43882403804584,9252,6272,1535354880.0,40265318.4
Fat Tree,2560,335096020992.0,95.44963251188932,9252,6272,1535354880.0,40265318.4
Fat Tree,2561,335096020992.0,95.46044098573282,9252,6272,1535354880.0,40265318.4
Fat Tree,2562,335096020992.0,95.47124945957631,9252,6272,1535354880.0,40265318.4
Fat Tree,2563,335096020992.0,95.48205793341981,9252,6272,1535354880.0,40265318.4
Fat Tree,2564,335096020992.0,95.49286640726329,9252,6272,1535354880.0,40265318.4
Fat Tree,2565,335096020992.0,95.50367488110679,9252,6272,1535354880.0,40265318.4
Fat Tree,2566,335096020992.0,95.51448335495029,9252,6272,1535354880.0,40265318.4
Fat Tree,2567,335096020992.0,95.52529182879378,9252,6272,1535354880.0,40265318.4
Fat Tree,2568,335096020992.0,95.53610030263727,9252,6272,1535354880.0,40265318.4
Fat Tree,2569,335096020992.0,95.54690877648076,9252,6272,1535354880.0,40265318.4
Fat Tree,2570,335096020992.0,95.55771725032426,9252,6272,1535354880.0,40265318.4
Fat Tree,2571,335096020992.0,95.56852572416776,9252,6272,1535354880.0,40265318.4
Fat Tree,2572,335096020992.0,95.57933419801124,9252,6272,1535354880.0,40265318.4
Fat Tree,2573,335096020992.0,95.59014267185474,9252,6272,1535354880.0,40265318.4
Fat Tree,2574,335096020992.0,95.60095114569823,9252,6272,1535354880.0,40265318.4
Fat Tree,2575,335096020992.0,95.61175961954173,9252,6272,1535354880.0,40265318.4
Fat Tree,2576,335096020992.0,95.62256809338521,9252,6272,1535354880.0,40265318.4
Fat Tree,2577,335096020992.0,95.63337656722871,9252,6272,1535354880.0,40265318.4
Fat Tree,2578,335096020992.0,95.6441850410722,9252,6272,1535354880.0,40265318.4
Fat Tree,2579,335096020992.0,95.6549935149157,9252,6272,1535354880.0,40265318.4
Fat Tree,2580,335096020992.0,95.66580198875918,9252,6272,1535354880.0,40265318.4
Fat Tree,2581,335096020992.0,95.67661046260268,9252,6272,1535354880.0,40265318.4
Fat Tree,2582,335096020992.0,95.68741893644618,9252,6272,1535354880.0,40265318.4
Fat Tree,2583,335096020992.0,95.69822741028968,9252,6272,1535354880.0,40265318.4
Fat Tree,2584,335096020992.0,95.70903588413316,9252,6272,1535354880.0,40265318.4
Fat Tree,2585,335096020992.0,95.71984435797665,9252,6272,1535354880.0,40265318.4
Fat Tree,2586,335096020992.0,95.73065283182015,9252,6272,1535354880.0,40265318.4
Fat Tree,2587,335096020992.0,95.74146130566365,9252,6272,1535354880.0,40265318.4
Fat Tree,2588,335096020992.0,95.75226977950713,9252,6272,1535354880.0,40265318.4
Fat Tree,2589,335096020992.0,95.76307825335063,9252,6272,1535354880.0,40265318.4
Fat Tree,2590,335096020992.0,95.77388672719412,9252,6272,1535354880.0,40265318.4
Fat Tree,2591,335096020992.0,95.78469520103762,9252,6272,1535354880.0,40265318.4
Fat Tree,2592,335096020992.0,95.7955036748811,9252,6272,1535354880.0,40265318.4
Fat Tree,2593,335096020992.0,95.8063121487246,9252,6272,1535354880.0,40265318.4
Fat Tree,2594,335096020992.0,95.8171206225681,9252,6272,1535354880.0,40265318.4
Fat Tree,2595,335096020992.0,95.8279290964116,9252,6272,1535354880.0,40265318.4
Fat Tree,2596,335096020992.0,95.83873757025508,9252,6272,1535354880.0,40265318.4
Fat Tree,2597,335096020992.0,95.84954604409857,9252,6272,1535354880.0,40265318.4
Fat Tree,2598,335096020992.0,95.86035451794207,9252,6272,1535354880.0,40265318.4
Fat Tree,2599,335096020992.0,95.87116299178557,9252,6272,1535354880.0,40265318.4
Fat Tree,2600,335096020992.0,95.88197146562905,9252,6272,1535354880.0,40265318.4
Fat Tree,2601,335096020992.0,95.89277993947255,9252,6272,1535354880.0,40265318.4
Fat Tree,2602,335096020992.0,95.90358841331604,9252,6272,1535354880.0,40265318.4
Fat Tree,2603,335096020992.0,95.91439688715954,9252,6272,1535354880.0,40265318.4
Fat Tree,2604,335096020992.0,95.92520536100302,9252,6272,1535354880.0,40265318.4
Fat Tree,2605,335096020992.0,95.93601383484652,9252,6272,1535354880.0,40265318.4
Fat Tree,2606,335096020992.0,95.94682230869002,9252,6272,1535354880.0,40265318.4
Fat Tree,2607,335096020992.0,95.95763078253351,9252,6272,1535354880.0,40265318.4
Fat Tree,2608,335096020992.0,95.968439256377,9252,6272,1535354880.0,40265318.4
Fat Tree,2609,335096020992.0,95.9792477302205,9252,6272,1535354880.0,40265318.4
Fat Tree,2610,335096020992.0,95.99005620406399,9252,6272,1535354880.0,40265318.4
Fat Tree,2611,335096020992.0,96.00086467790749,9252,6272,1535354880.0,40265318.4
Fat Tree,2612,335096020992.0,96.01167315175097,9252,6272,1535354880.0,40265318.4
Fat Tree,2613,335096020992.0,96.02248162559447,9252,6272,1535354880.0,40265318.4
Fat Tree,2614,335096020992.0,96.03329009943796,9252,6272,1535354880.0,40265318.4
Fat Tree,2615,335096020992.0,96.04409857328146,9252,6272,1535354880.0,40265318.4
Fat Tree,2616,335096020992.0,96.05490704712494,9252,6272,1535354880.0,40265318.4
Fat Tree,2617,335096020992.0,96.06571552096844,9252,6272,1535354880.0,40265318.4
Fat Tree,2618,335096020992.0,96.07652399481194,9252,6272,1535354880.0,40265318.4
Fat Tree,2619,335096020992.0,96.08733246865543,9252,6272,1535354880.0,40265318.4
Fat Tree,2620,335096020992.0,96.09814094249892,9252,6272,1535354880.0,40265318.4
Fat Tree,2621,335096020992.0,96.10894941634241,9252,6272,1535354880.0,40265318.4
Fat Tree,2622,335096020992.0,96.11975789018591,9252,6272,1535354880.0,40265318.4
Fat Tree,2623,335096020992.0,96.1305663640294,9252,6272,1535354880.0,40265318.4
Fat Tree,2624,335096020992.0,96.14137483787289,9252,6272,1535354880.0,40265318.4
Fat Tree,2625,335096020992.0,96.15218331171639,9252,6272,1535354880.0,40265318.4
Fat Tree,2626,335096020992.0,96.16299178555988,9252,6272,1535354880.0,40265318.4
Fat Tree,2627,335096020992.0,96.17380025940338,9252,6272,1535354880.0,40265318.4
Fat Tree,2628,335096020992.0,96.18460873324686,9252,6272,1535354880.0,40265318.4
Fat Tree,2629,335096020992.0,96.19541720709036,9252,6272,1535354880.0,40265318.4
Fat Tree,2630,335096020992.0,96.20622568093385,9252,6272,1535354880.0,40265318.4
Fat Tree,2631,335096020992.0,96.21703415477735,9252,6272,1535354880.0,40265318.4
Fat Tree,2632,335096020992.0,96.22784262862083,9252,6272,1535354880.0,40265318.4
Fat Tree,2633,335096020992.0,96.23865110246433,9252,6272,1535354880.0,40265318.4
Fat Tree,2634,335096020992.0,96.24945957630783,9252,6272,1535354880.0,40265318.4
Fat Tree,2635,335096020992.0,96.26026805015132,9252,6272,1535354880.0,40265318.4
Fat Tree,2636,335096020992.0,96.27107652399481,9252,6272,1535354880.0,40265318.4
Fat Tree,2637,335096020992.0,96.2818849978383,9252,6272,1535354880.0,40265318.4
Fat Tree,2638,335096020992.0,96.2926934716818,9252,6272,1535354880.0,40265318.4
Fat Tree,2639,335096020992.0,96.3035019455253,9252,6272,1535354880.0,40265318.4
Fat Tree,2640,335096020992.0,96.31431041936878,9252,6272,1535354880.0,40265318.4
Fat Tree,2641,335096020992.0,96.32511889321228,9252,6272,1535354880.0,40265318.4
Fat Tree,2642,335096020992.0,96.33592736705577,9252,6272,1535354880.0,40265318.4
Fat Tree,2643,335096020992.0,96.34673584089927,9252,6272,1535354880.0,40265318.4
Fat Tree,2644,335096020992.0,96.35754431474275,9252,6272,1535354880.0,40265318.4
Fat Tree,2645,335096020992.0,96.36835278858625,9252,6272,1535354880.0,40265318.4
Fat Tree,2646,335096020992.0,96.37916126242975,9252,6272,1535354880.0,40265318.4
Fat Tree,2647,335096020992.0,96.38996973627324,9252,6272,1535354880.0,40265318.4
Fat Tree,2648,335096020992.0,96.40077821011673,9252,6272,1535354880.0,40265318.4
Fat Tree,2649,335096020992.0,96.41158668396022,9252,6272,1535354880.0,40265318.4
Fat Tree,2650,335096020992.0,96.42239515780372,9252,6272,1535354880.0,40265318.4
Fat Tree,2651,335096020992.0,96.43320363164722,9252,6272,1535354880.0,40265318.4
Fat Tree,2652,335096020992.0,96.4440121054907,9252,6272,1535354880.0,40265318.4
Fat Tree,2653,335096020992.0,96.4548205793342,9252,6272,1535354880.0,40265318.4
Fat Tree,2654,335096020992.0,96.4656290531777,9252,6272,1535354880.0,40265318.4
Fat Tree,2655,335096020992.0,96.47643752702119,9252,6272,1535354880.0,40265318.4
Fat Tree,2656,335096020992.0,96.48724600086467,9252,6272,1535354880.0,40265318.4
Fat Tree,2657,335096020992.0,96.49805447470817,9252,6272,1535354880.0,40265318.4
Fat Tree,2658,335096020992.0,96.50886294855167,9252,6272,1535354880.0,40265318.4
Fat Tree,2659,335096020992.0,96.51967142239516,9252,6272,1535354880.0,40265318.4
Fat Tree,2660,335096020992.0,96.53047989623865,9252,6272,1535354880.0,40265318.4
Fat Tree,2661,335096020992.0,96.54128837008214,9252,6272,1535354880.0,40265318.4
Fat Tree,2662,335096020992.0,96.55209684392564,9252,6272,1535354880.0,40265318.4
Fat Tree,2663,335096020992.0,96.56290531776914,9252,6272,1535354880.0,40265318.4
Fat Tree,2664,335096020992.0,96.57371379161262,9252,6272,1535354880.0,40265318.4
Fat Tree,2665,335096020992.0,96.58452226545612,9252,6272,1535354880.0,40265318.4
Fat Tree,2666,335096020992.0,96.59533073929961,9252,6272,1535354880.0,40265318.4
Fat Tree,2667,335096020992.0,96.60613921314311,9252,6272,1535354880.0,40265318.4
Fat Tree,2668,335096020992.0,96.61694768698659,9252,6272,1535354880.0,40265318.4
Fat Tree,2669,335096020992.0,96.62775616083009,9252,6272,1535354880.0,40265318.4
Fat Tree,2670,335096020992.0,96.63856463467359,9252,6272,1535354880.0,40265318.4
Fat Tree,2671,335096020992.0,96.64937310851708,9252,6272,1535354880.0,40265318.4
Fat Tree,2672,335096020992.0,96.66018158236056,9252,6272,1535354880.0,40265318.4
Fat Tree,2673,335096020992.0,96.67099005620406,9252,6272,1535354880.0,40265318.4
Fat Tree,2674,335096020992.0,96.68179853004756,9252,6272,1535354880.0,40265318.4
Fat Tree,2675,335096020992.0,96.69260700389106,9252,6272,1535354880.0,40265318.4
Fat Tree,2676,335096020992.0,96.70341547773454,9252,6272,1535354880.0,40265318.4
Fat Tree,2677,335096020992.0,96.71422395157803,9252,6272,1535354880.0,40265318.4
Fat Tree,2678,335096020992.0,96.72503242542153,9252,6272,1535354880.0,40265318.4
Fat Tree,2679,335096020992.0,96.73584089926503,9252,6272,1535354880.0,40265318.4
Fat Tree,2680,335096020992.0,96.74664937310851,9252,6272,1535354880.0,40265318.4
Fat Tree,2681,335096020992.0,96.75745784695201,9252,6272,1535354880.0,40265318.4
Fat Tree,2682,335096020992.0,96.7682663207955,9252,6272,1535354880.0,40265318.4
Fat Tree,2683,335096020992.0,96.779074794639,9252,6272,1535354880.0,40265318.4
Fat Tree,2684,335096020992.0,96.78988326848248,9252,6272,1535354880.0,40265318.4
Fat Tree,2685,335096020992.0,96.80069174232598,9252,6272,1535354880.0,40265318.4
Fat Tree,2686,335096020992.0,96.81150021616948,9252,6272,1535354880.0,40265318.4
Fat Tree,2687,335096020992.0,96.82230869001297,9252,6272,1535354880.0,40265318.4
Fat Tree,2688,335096020992.0,96.83311716385646,9252,6272,1535354880.0,40265318.4
Fat Tree,2689,335096020992.0,96.84392563769995,9252,6272,1535354880.0,40265318.4
Fat Tree,2690,335096020992.0,96.85473411154345,9252,6272,1535354880.0,40265318.4
Fat Tree,2691,335096020992.0,96.86554258538695,9252,6272,1535354880.0,40265318.4
Fat Tree,2692,335096020992.0,96.87635105923043,9252,6272,1535354880.0,40265318.4
Fat Tree,2693,335096020992.0,96.88715953307393,9252,6272,1535354880.0,40265318.4
Fat Tree,2694,335096020992.0,96.89796800691742,9252,6272,1535354880.0,40265318.4
Fat Tree,2695,335096020992.0,96.90877648076092,9252,6272,1535354880.0,40265318.4
Fat Tree,2696,335096020992.0,96.9195849546044,9252,6272,1535354880.0,40265318.4
Fat Tree,2697,335096020992.0,96.9303934284479,9252,6272,1535354880.0,40265318.4
Fat Tree,2698,335096020992.0,96.9412019022914,9252,6272,1535354880.0,40265318.4
Fat Tree,2699,335096020992.0,96.9520103761349,9252,6272,1535354880.0,40265318.4
Fat Tree,2700,335096020992.0,96.96281884997838,9252,6272,1535354880.0,40265318.4
Fat Tree,2701,335096020992.0,96.97362732382187,9252,6272,1535354880.0,40265318.4
Fat Tree,2702,335096020992.0,96.98443579766537,9252,6272,1535354880.0,40265318.4
Fat Tree,2703,335096020992.0,96.99524427150887,9252,6272,1535354880.0,40265318.4
Fat Tree,2704,335096020992.0,97.00605274535235,9252,6272,1535354880.0,40265318.4
Fat Tree,2705,335096020992.0,97.01686121919585,9252,6272,1535354880.0,40265318.4
Fat Tree,2706,335096020992.0,97.02766969303934,9252,6272,1535354880.0,40265318.4
Fat Tree,2707,335096020992.0,97.03847816688284,9252,6272,1535354880.0,40265318.4
Fat Tree,2708,335096020992.0,97.04928664072632,9252,6272,1535354880.0,40265318.4
Fat Tree,2709,335096020992.0,97.06009511456982,9252,6272,1535354880.0,40265318.4
Fat Tree,2710,335096020992.0,97.07090358841332,9252,6272,1535354880.0,40265318.4
Fat Tree,2711,335096020992.0,97.08171206225681,9252,6272,1535354880.0,40265318.4
Fat Tree,2712,335096020992.0,97.0925205361003,9252,6272,1535354880.0,40265318.4
Fat Tree,2713,335096020992.0,97.10332900994379,9252,6272,1535354880.0,40265318.4
Fat Tree,2714,335096020992.0,97.11413748378729,9252,6272,1535354880.0,40265318.4
Fat Tree,2715,335096020992.0,97.12494595763079,9252,6272,1535354880.0,40265318.4
Fat Tree,2716,335096020992.0,97.13575443147427,9252,6272,1535354880.0,40265318.4
Fat Tree,2717,335096020992.0,97.14656290531777,9252,6272,1535354880.0,40265318.4
Fat Tree,2718,335096020992.0,97.15737137916126,9252,6272,1535354880.0,40265318.4
Fat Tree,2719,335096020992.0,97.16817985300476,9252,6272,1535354880.0,40265318.4
Fat Tree,2720,335096020992.0,97.17898832684824,9252,6272,1535354880.0,40265318.4
Fat Tree,2721,335096020992.0,97.18979680069174,9252,6272,1535354880.0,40265318.4
Fat Tree,2722,336631375872.0,97.20060527453523,9252,6272,1535354880.0,40265318.4
Fat Tree,2723,336631375872.0,97.21141374837873,9252,6272,1535354880.0,40265318.4
Fat Tree,2724,336631375872.0,97.22222222222221,9252,6272,1535354880.0,40265318.4
Fat Tree,2725,336631375872.0,97.23303069606571,9252,6272,1535354880.0,40265318.4
Fat Tree,2726,336631375872.0,97.24383916990921,9252,6272,1535354880.0,40265318.4
Fat Tree,2727,336631375872.0,97.2546476437527,9252,6272,1535354880.0,40265318.4
Fat Tree,2728,336631375872.0,97.26545611759619,9252,6272,1535354880.0,40265318.4
Fat Tree,2729,336631375872.0,97.27626459143968,9252,6272,1535354880.0,40265318.4
Fat Tree,2730,336631375872.0,97.28707306528318,9252,6272,1535354880.0,40265318.4
Fat Tree,2731,336631375872.0,97.29788153912668,9252,6272,1535354880.0,40265318.4
Fat Tree,2732,336631375872.0,97.30869001297016,9252,6272,1535354880.0,40265318.4
Fat Tree,2733,336631375872.0,97.31949848681366,9252,6272,1535354880.0,40265318.4
Fat Tree,2734,336631375872.0,97.33030696065715,9252,6272,1535354880.0,40265318.4
Fat Tree,2735,336631375872.0,97.34111543450065,9252,6272,1535354880.0,40265318.4
Fat Tree,2736,336631375872.0,97.35192390834413,9252,6272,1535354880.0,40265318.4
Fat Tree,2737,336631375872.0,97.36273238218763,9252,6272,1535354880.0,40265318.4
Fat Tree,2738,336631375872.0,97.37354085603113,9252,6272,1535354880.0,40265318.4
Fat Tree,2739,336631375872.0,97.38434932987462,9252,6272,1535354880.0,40265318.4
Fat Tree,2740,336631375872.0,97.3951578037181,9252,6272,1535354880.0,40265318.4
Fat Tree,2741,336631375872.0,97.4059662775616,9252,6272,1535354880.0,40265318.4
Fat Tree,2742,336631375872.0,97.4167747514051,9252,6272,1535354880.0,40265318.4
Fat Tree,2743,336631375872.0,97.4275832252486,9252,6272,1535354880.0,40265318.4
Fat Tree,2744,336631375872.0,97.43839169909208,9252,6272,1535354880.0,40265318.4
Fat Tree,2745,336631375872.0,97.44920017293558,9252,6272,1535354880.0,40265318.4
Fat Tree,2746,336631375872.0,97.46000864677907,9252,6272,1535354880.0,40265318.4
Fat Tree,2747,336631375872.0,97.47081712062257,9252,6272,1535354880.0,40265318.4
Fat Tree,2748,336631375872.0,97.48162559446605,9252,6272,1535354880.0,40265318.4
Fat Tree,2749,336631375872.0,97.49243406830955,9252,6272,1535354880.0,40265318.4
Fat Tree,2750,336631375872.0,97.50324254215305,9252,6272,1535354880.0,40265318.4
Fat Tree,2751,336631375872.0,97.51405101599654,9252,6272,1535354880.0,40265318.4
Fat Tree,2752,336631375872.0,97.52485948984003,9252,6272,1535354880.0,40265318.4
Fat Tree,2753,336631375872.0,97.53566796368352,9252,6272,1535354880.0,40265318.4
Fat Tree,2754,336631375872.0,97.54647643752702,9252,6272,1535354880.0,40265318.4
Fat Tree,2755,336631375872.0,97.55728491137052,9252,6272,1535354880.0,40265318.4
Fat Tree,2756,336631375872.0,97.568093385214,9252,6272,1535354880.0,40265318.4
Fat Tree,2757,336631375872.0,97.5789018590575,9252,6272,1535354880.0,40265318.4
Fat Tree,2758,336631375872.0,97.58971033290099,9252,6272,1535354880.0,40265318.4
Fat Tree,2759,336631375872.0,97.60051880674449,9252,6272,1535354880.0,40265318.4
Fat Tree,2760,336631375872.0,97.61132728058797,9252,6272,1535354880.0,40265318.4
Fat Tree,2761,336631375872.0,97.62213575443147,9252,6272,1535354880.0,40265318.4
Fat Tree,2762,336631375872.0,97.63294422827497,9252,6272,1535354880.0,40265318.4
Fat Tree,2763,336631375872.0,97.64375270211846,9252,6272,1535354880.0,40265318.4
Fat Tree,2764,336631375872.0,97.65456117596194,9252,6272,1535354880.0,40265318.4
Fat Tree,2765,336631375872.0,97.66536964980544,9252,6272,1535354880.0,40265318.4
Fat Tree,2766,336631375872.0,97.67617812364894,9252,6272,1535354880.0,40265318.4
Fat Tree,2767,336631375872.0,97.68698659749244,9252,6272,1535354880.0,40265318.4
Fat Tree,2768,336631375872.0,97.69779507133592,9252,6272,1535354880.0,40265318.4
Fat Tree,2769,336631375872.0,97.70860354517941,9252,6272,1535354880.0,40265318.4
Fat Tree,2770,336631375872.0,97.71941201902291,9252,6272,1535354880.0,40265318.4
Fat Tree,2771,336631375872.0,97.73022049286641,9252,6272,1535354880.0,40265318.4
Fat Tree,2772,336631375872.0,97.74102896670989,9252,6272,1535354880.0,40265318.4
Fat Tree,2773,336631375872.0,97.75183744055339,9252,6272,1535354880.0,40265318.4
Fat Tree,2774,336631375872.0,97.76264591439688,9252,6272,1535354880.0,40265318.4
Fat Tree,2775,336631375872.0,97.77345438824038,9252,6272,1535354880.0,40265318.4
Fat Tree,2776,336631375872.0,97.78426286208386,9252,6272,1535354880.0,40265318.4
Fat Tree,2777,336631375872.0,97.79507133592736,9252,6272,1535354880.0,40265318.4
Fat Tree,2778,336631375872.0,97.80587980977086,9252,6272,1535354880.0,40265318.4
Fat Tree,2779,336631375872.0,97.81668828361435,9252,6272,1535354880.0,40265318.4
Fat Tree,2780,336631375872.0,97.82749675745784,9252,6272,1535354880.0,40265318.4
Fat Tree,2781,336631375872.0,97.83830523130133,9252,6272,1535354880.0,40265318.4
Fat Tree,2782,336631375872.0,97.84911370514483,9252,6272,1535354880.0,40265318.4
Fat Tree,2783,336631375872.0,97.85992217898833,9252,6272,1535354880.0,40265318.4
Fat Tree,2784,336631375872.0,97.87073065283181,9252,6272,1535354880.0,40265318.4
Fat Tree,2785,336631375872.0,97.8815391266753,9252,6272,1535354880.0,40265318.4
Fat Tree,2786,336631375872.0,97.8923476005188,9252,6272,1535354880.0,40265318.4
Fat Tree,2787,336631375872.0,97.9031560743623,9252,6272,1535354880.0,40265318.4
Fat Tree,2788,336631375872.0,97.91396454820578,9252,6272,1535354880.0,40265318.4
Fat Tree,2789,336631375872.0,97.92477302204928,9252,6272,1535354880.0,40265318.4
Fat Tree,2790,336631375872.0,97.93558149589278,9252,6272,1535354880.0,40265318.4
Fat Tree,2791,336631375872.0,97.94638996973627,9252,6272,1535354880.0,40265318.4
Fat Tree,2792,336631375872.0,97.95719844357976,9252,6272,1535354880.0,40265318.4
Fat Tree,2793,336631375872.0,97.96800691742325,9252,6272,1535354880.0,40265318.4
Fat Tree,2794,336631375872.0,97.97881539126675,9252,6272,1535354880.0,40265318.4
Fat Tree,2795,336631375872.0,97.98962386511025,9252,6272,1535354880.0,40265318.4
Fat Tree,2796,336631375872.0,98.00043233895373,9252,6272,1535354880.0,40265318.4
Fat Tree,2797,336631375872.0,98.01124081279723,9252,6272,1535354880.0,40265318.4
Fat Tree,2798,336631375872.0,98.02204928664072,9252,6272,1535354880.0,40265318.4
Fat Tree,2799,336631375872.0,98.03285776048422,9252,6272,1535354880.0,40265318.4
Fat Tree,2800,336631375872.0,98.0436662343277,9252,6272,1535354880.0,40265318.4
Fat Tree,2801,336631375872.0,98.0544747081712,9252,6272,1535354880.0,40265318.4
Fat Tree,2802,336631375872.0,98.0652831820147,9252,6272,1535354880.0,40265318.4
Fat Tree,2803,336631375872.0,98.07609165585819,9252,6272,1535354880.0,40265318.4
Fat Tree,2804,336631375872.0,98.08690012970168,9252,6272,1535354880.0,40265318.4
Fat Tree,2805,336631375872.0,98.09770860354517,9252,6272,1535354880.0,40265318.4
Fat Tree,2806,336631375872.0,98.10851707738867,9252,6272,1535354880.0,40265318.4
Fat Tree,2807,336631375872.0,98.11932555123217,9252,6272,1535354880.0,40265318.4
Fat Tree,2808,336631375872.0,98.13013402507565,9252,6272,1535354880.0,40265318.4
Fat Tree,2809,336631375872.0,98.14094249891915,9252,6272,1535354880.0,40265318.4
Fat Tree,2810,336631375872.0,98.15175097276264,9252,6272,1535354880.0,40265318.4
Fat Tree,2811,336631375872.0,98.16255944660614,9252,6272,1535354880.0,40265318.4
Fat Tree,2812,336631375872.0,98.17336792044962,9252,6272,1535354880.0,40265318.4
Fat Tree,2813,336631375872.0,98.18417639429312,9252,6272,1535354880.0,40265318.4
Fat Tree,2814,336631375872.0,98.19498486813661,9252,6272,1535354880.0,40265318.4
Fat Tree,2815,336631375872.0,98.20579334198011,9252,6272,1535354880.0,40265318.4
Fat Tree,2816,336631375872.0,98.2166018158236,9252,6272,1535354880.0,40265318.4
Fat Tree,2817,336631375872.0,98.22741028966709,9252,6272,1535354880.0,40265318.4
Fat Tree,2818,336631375872.0,98.23821876351059,9252,6272,1535354880.0,40265318.4
Fat Tree,2819,336631375872.0,98.24902723735408,9252,6272,1535354880.0,40265318.4
Fat Tree,2820,336631375872.0,98.25983571119757,9252,6272,1535354880.0,40265318.4
Fat Tree,2821,336631375872.0,98.27064418504106,9252,6272,1535354880.0,40265318.4
Fat Tree,2822,336631375872.0,98.28145265888456,9252,6272,1535354880.0,40265318.4
Fat Tree,2823,336631375872.0,98.29226113272806,9252,6272,1535354880.0,40265318.4
Fat Tree,2824,336631375872.0,98.30306960657154,9252,6272,1535354880.0,40265318.4
Fat Tree,2825,336631375872.0,98.31387808041504,9252,6272,1535354880.0,40265318.4
Fat Tree,2826,336631375872.0,98.32468655425853,9252,6272,1535354880.0,40265318.4
Fat Tree,2827,336631375872.0,98.33549502810203,9252,6272,1535354880.0,40265318.4
Fat Tree,2828,336631375872.0,98.34630350194551,9252,6272,1535354880.0,40265318.4
Fat Tree,2829,336631375872.0,98.35711197578901,9252,6272,1535354880.0,40265318.4
Fat Tree,2830,336631375872.0,98.3679204496325,9252,6272,1535354880.0,40265318.4
Fat Tree,2831,336631375872.0,98.378728923476,9252,6272,1535354880.0,40265318.4
Fat Tree,2832,336631375872.0,98.38953739731949,9252,6272,1535354880.0,40265318.4
Fat Tree,2833,336631375872.0,98.40034587116298,9252,6272,1535354880.0,40265318.4
Fat Tree,2834,336631375872.0,98.41115434500648,9252,6272,1535354880.0,40265318.4
Fat Tree,2835,336631375872.0,98.42196281884998,9252,6272,1535354880.0,40265318.4
Fat Tree,2836,336631375872.0,98.43277129269346,9252,6272,1535354880.0,40265318.4
Fat Tree,2837,336631375872.0,98.44357976653697,9252,6272,1535354880.0,40265318.4
Fat Tree,2838,336631375872.0,98.45438824038047,9252,6272,1535354880.0,40265318.4
Fat Tree,2839,336631375872.0,98.46519671422396,9252,6272,1535354880.0,40265318.4
Fat Tree,2840,336631375872.0,98.47600518806745,9252,6272,1535354880.0,40265318.4
Fat Tree,2841,336631375872.0,98.48681366191094,9252,6272,1535354880.0,40265318.4
Fat Tree,2842,336631375872.0,98.49762213575444,9252,6272,1535354880.0,40265318.4
Fat Tree,2843,336631375872.0,98.50843060959792,9252,6272,1535354880.0,40265318.4
Fat Tree,2844,336631375872.0,98.51923908344142,9252,6272,1535354880.0,40265318.4
Fat Tree,2845,336631375872.0,98.53004755728492,9252,6272,1535354880.0,40265318.4
Fat Tree,2846,336631375872.0,98.54085603112841,9252,6272,1535354880.0,40265318.4
Fat Tree,2847,336631375872.0,98.55166450497191,9252,6272,1535354880.0,40265318.4
Fat Tree,2848,336631375872.0,98.56247297881539,9252,6272,1535354880.0,40265318.4
Fat Tree,2849,336631375872.0,98.57328145265889,9252,6272,1535354880.0,40265318.4
Fat Tree,2850,336631375872.0,98.58408992650239,9252,6272,1535354880.0,40265318.4
Fat Tree,2851,336631375872.0,98.59489840034587,9252,6272,1535354880.0,40265318.4
Fat Tree,2852,336631375872.0,98.60570687418937,9252,6272,1535354880.0,40265318.4
Fat Tree,2853,336631375872.0,98.61651534803286,9252,6272,1535354880.0,40265318.4
Fat Tree,2854,336631375872.0,98.62732382187636,9252,6272,1535354880.0,40265318.4
Fat Tree,2855,336631375872.0,98.63813229571986,9252,6272,1535354880.0,40265318.4
Fat Tree,2856,336631375872.0,98.64894076956334,9252,6272,1535354880.0,40265318.4
Fat Tree,2857,336631375872.0,98.65974924340684,9252,6272,1535354880.0,40265318.4
Fat Tree,2858,336631375872.0,98.67055771725033,9252,6272,1535354880.0,40265318.4
Fat Tree,2859,336631375872.0,98.68136619109382,9252,6272,1535354880.0,40265318.4
Fat Tree,2860,336631375872.0,98.69217466493731,9252,6272,1535354880.0,40265318.4
Fat Tree,2861,336631375872.0,98.70298313878081,9252,6272,1535354880.0,40265318.4
Fat Tree,2862,336631375872.0,98.7137916126243,9252,6272,1535354880.0,40265318.4
Fat Tree,2863,336631375872.0,98.7246000864678,9252,6272,1535354880.0,40265318.4
Fat Tree,2864,336631375872.0,98.73540856031128,9252,6272,1535354880.0,40265318.4
Fat Tree,2865,336631375872.0,98.74621703415478,9252,6272,1535354880.0,40265318.4
Fat Tree,2866,336631375872.0,98.75702550799828,9252,6272,1535354880.0,40265318.4
Fat Tree,2867,336631375872.0,98.76783398184176,9252,6272,1535354880.0,40265318.4
Fat Tree,2868,336631375872.0,98.77864245568526,9252,6272,1535354880.0,40265318.4
Fat Tree,2869,336631375872.0,98.78945092952875,9252,6272,1535354880.0,40265318.4
Fat Tree,2870,336631375872.0,98.80025940337225,9252,6272,1535354880.0,40265318.4
Fat Tree,2871,336631375872.0,98.81106787721575,9252,6272,1535354880.0,40265318.4
Fat Tree,2872,336631375872.0,98.82187635105923,9252,6272,1535354880.0,40265318.4
Fat Tree,2873,336631375872.0,98.83268482490273,9252,6272,1535354880.0,40265318.4
Fat Tree,2874,336631375872.0,98.84349329874622,9252,6272,1535354880.0,40265318.4
Fat Tree,2875,336631375872.0,98.85430177258971,9252,6272,1535354880.0,40265318.4
Fat Tree,2876,336631375872.0,98.8651102464332,9252,6272,1535354880.0,40265318.4
Fat Tree,2877,336631375872.0,98.8759187202767,9252,6272,1535354880.0,40265318.4
Fat Tree,2878,336631375872.0,98.8867271941202,9252,6272,1535354880.0,40265318.4
Fat Tree,2879,336631375872.0,98.8975356679637,9252,6272,1535354880.0,40265318.4
Fat Tree,2880,336631375872.0,98.90834414180718,9252,6272,1535354880.0,40265318.4
Fat Tree,2881,336631375872.0,98.91915261565067,9252,6272,1535354880.0,40265318.4
Fat Tree,2882,336631375872.0,98.92996108949417,9252,6272,1535354880.0,40265318.4
Fat Tree,2883,336631375872.0,98.94076956333765,9252,6272,1535354880.0,40265318.4
Fat Tree,2884,336631375872.0,98.95157803718115,9252,6272,1535354880.0,40265318.4
Fat Tree,2885,336631375872.0,98.96238651102465,9252,6272,1535354880.0,40265318.4
Fat Tree,2886,336631375872.0,98.97319498486814,9252,6272,1535354880.0,40265318.4
Fat Tree,2887,336631375872.0,98.98400345871164,9252,6272,1535354880.0,40265318.4
Fat Tree,2888,336631375872.0,98.99481193255512,9252,6272,1535354880.0,40265318.4
Fat Tree,2889,336631375872.0,99.00562040639862,9252,6272,1535354880.0,40265318.4
Fat Tree,2890,336631375872.0,99.01642888024212,9252,6272,1535354880.0,40265318.4
Fat Tree,2891,336631375872.0,99.0272373540856,9252,6272,1535354880.0,40265318.4
Fat Tree,2892,336631375872.0,99.0380458279291,9252,6272,1535354880.0,40265318.4
Fat Tree,2893,336631375872.0,99.0488543017726,9252,6272,1535354880.0,40265318.4
Fat Tree,2894,336631375872.0,99.05966277561609,9252,6272,1535354880.0,40265318.4
Fat Tree,2895,336631375872.0,99.07047124945959,9252,6272,1535354880.0,40265318.4
Fat Tree,2896,336631375872.0,99.08127972330307,9252,6272,1535354880.0,40265318.4
Fat Tree,2897,336631375872.0,99.09208819714657,9252,6272,1535354880.0,40265318.4
Fat Tree,2898,336631375872.0,99.10289667099006,9252,6272,1535354880.0,40265318.4
Fat Tree,2899,336631375872.0,99.11370514483355,9252,6272,1535354880.0,40265318.4
Fat Tree,2900,336631375872.0,99.12451361867704,9252,6272,1535354880.0,40265318.4
Fat Tree,2901,336631375872.0,99.13532209252054,9252,6272,1535354880.0,40265318.4
Fat Tree,2902,336631375872.0,99.14613056636404,9252,6272,1535354880.0,40265318.4
Fat Tree,2903,336631375872.0,99.15693904020753,9252,6272,1535354880.0,40265318.4
Fat Tree,2904,336631375872.0,99.16774751405102,9252,6272,1535354880.0,40265318.4
Fat Tree,2905,336631375872.0,99.17855598789451,9252,6272,1535354880.0,40265318.4
Fat Tree,2906,336631375872.0,99.18936446173801,9252,6272,1535354880.0,40265318.4
Fat Tree,2907,336631375872.0,99.20017293558149,9252,6272,1535354880.0,40265318.4
Fat Tree,2908,336631375872.0,99.21098140942499,9252,6272,1535354880.0,40265318.4
Fat Tree,2909,336631375872.0,99.22178988326849,9252,6272,1535354880.0,40265318.4
Fat Tree,2910,336631375872.0,99.23259835711198,9252,6272,1535354880.0,40265318.4
Fat Tree,2911,336631375872.0,99.24340683095548,9252,6272,1535354880.0,40265318.4
Fat Tree,2912,336631375872.0,99.25421530479896,9252,6272,1535354880.0,40265318.4
Fat Tree,2913,336631375872.0,99.26502377864246,9252,6272,1535354880.0,40265318.4
Fat Tree,2914,336631375872.0,99.27583225248596,9252,6272,1535354880.0,40265318.4
Fat Tree,2915,336631375872.0,99.28664072632944,9252,6272,1535354880.0,40265318.4
Fat Tree,2916,336631375872.0,99.29744920017293,9252,6272,1535354880.0,40265318.4
Fat Tree,2917,336631375872.0,99.30825767401643,9252,6272,1535354880.0,40265318.4
Fat Tree,2918,336631375872.0,99.31906614785993,9252,6272,1535354880.0,40265318.4
Fat Tree,2919,336631375872.0,99.32987462170342,9252,6272,1535354880.0,40265318.4
Fat Tree,2920,336631375872.0,99.34068309554691,9252,6272,1535354880.0,40265318.4
Fat Tree,2921,336631375872.0,99.3514915693904,9252,6272,1535354880.0,40265318.4
Fat Tree,2922,336631375872.0,99.3623000432339,9252,6272,1535354880.0,40265318.4
Fat Tree,2923,336631375872.0,99.37310851707738,9252,6272,1535354880.0,40265318.4
Fat Tree,2924,336631375872.0,99.38391699092088,9252,6272,1535354880.0,40265318.4
Fat Tree,2925,336631375872.0,99.39472546476438,9252,6272,1535354880.0,40265318.4
Fat Tree,2926,336631375872.0,99.40553393860787,9252,6272,1535354880.0,40265318.4
Fat Tree,2927,336631375872.0,99.41634241245137,9252,6272,1535354880.0,40265318.4
Fat Tree,2928,336631375872.0,99.42715088629485,9252,6272,1535354880.0,40265318.4
Fat Tree,2929,336631375872.0,99.43795936013835,9252,6272,1535354880.0,40265318.4
Fat Tree,2930,336631375872.0,99.44876783398185,9252,6272,1535354880.0,40265318.4
Fat Tree,2931,336631375872.0,99.45957630782533,9252,6272,1535354880.0,40265318.4
Fat Tree,2932,336631375872.0,99.47038478166883,9252,6272,1535354880.0,40265318.4
Fat Tree,2933,336631375872.0,99.48119325551232,9252,6272,1535354880.0,40265318.4
Fat Tree,2934,336631375872.0,99.49200172935582,9252,6272,1535354880.0,40265318.4
Fat Tree,2935,336631375872.0,99.50281020319932,9252,6272,1535354880.0,40265318.4
Fat Tree,2936,336631375872.0,99.5136186770428,9252,6272,1535354880.0,40265318.4
Fat Tree,2937,336631375872.0,99.5244271508863,9252,6272,1535354880.0,40265318.4
Fat Tree,2938,336631375872.0,99.5352356247298,9252,6272,1535354880.0,40265318.4
Fat Tree,2939,336631375872.0,99.54604409857328,9252,6272,1535354880.0,40265318.4
Fat Tree,2940,336631375872.0,99.55685257241677,9252,6272,1535354880.0,40265318.4
Fat Tree,2941,336631375872.0,99.56766104626027,9252,6272,1535354880.0,40265318.4
Fat Tree,2942,336631375872.0,99.57846952010377,9252,6272,1535354880.0,40265318.4
Fat Tree,2943,336631375872.0,99.58927799394726,9252,6272,1535354880.0,40265318.4
Fat Tree,2944,336631375872.0,99.60008646779075,9252,6272,1535354880.0,40265318.4
Fat Tree,2945,336631375872.0,99.61089494163424,9252,6272,1535354880.0,40265318.4
Fat Tree,2946,336631375872.0,99.62170341547774,9252,6272,1535354880.0,40265318.4
Fat Tree,2947,336631375872.0,99.63251188932122,9252,6272,1535354880.0,40265318.4
Fat Tree,2948,336631375872.0,99.64332036316472,9252,6272,1535354880.0,40265318.4
Fat Tree,2949,336631375872.0,99.65412883700822,9252,6272,1535354880.0,40265318.4
Fat Tree,2950,336631375872.0,99.66493731085171,9252,6272,1535354880.0,40265318.4
Fat Tree,2951,336631375872.0,99.67574578469521,9252,6272,1535354880.0,40265318.4
Fat Tree,2952,336631375872.0,99.68655425853869,9252,6272,1535354880.0,40265318.4
Fat Tree,2953,336631375872.0,99.69736273238219,9252,6272,1535354880.0,40265318.4
Fat Tree,2954,336631375872.0,99.70817120622569,9252,6272,1535354880.0,40265318.4
Fat Tree,2955,336631375872.0,99.71897968006917,9252,6272,1535354880.0,40265318.4
Fat Tree,2956,336631375872.0,99.72978815391266,9252,6272,1535354880.0,40265318.4
Fat Tree,2957,336631375872.0,99.74059662775616,9252,6272,1535354880.0,40265318.4
Fat Tree,2958,336631375872.0,99.75140510159966,9252,6272,1535354880.0,40265318.4
Fat Tree,2959,336631375872.0,99.76221357544316,9252,6272,1535354880.0,40265318.4
Fat Tree,2960,336631375872.0,99.77302204928664,9252,6272,1535354880.0,40265318.4
Fat Tree,2961,336631375872.0,99.78383052313013,9252,6272,1535354880.0,40265318.4
Fat Tree,2962,336631375872.0,99.79463899697363,9252,6272,1535354880.0,40265318.4
Fat Tree,2963,336631375872.0,99.80544747081711,9252,6272,1535354880.0,40265318.4
Fat Tree,2964,336631375872.0,99.81625594466061,9252,6272,1535354880.0,40265318.4
Fat Tree,2965,336631375872.0,99.82706441850411,9252,6272,1535354880.0,40265318.4
Fat Tree,2966,336631375872.0,99.8378728923476,9252,6272,1535354880.0,40265318.4
Fat Tree,2967,336631375872.0,99.8486813661911,9252,6272,1535354880.0,40265318.4
Fat Tree,2968,336631375872.0,99.85948984003458,9252,6272,1535354880.0,40265318.4
Fat Tree,2969,336631375872.0,99.87029831387808,9252,6272,1535354880.0,40265318.4
Fat Tree,2970,336631375872.0,99.88110678772158,9252,6272,1535354880.0,40265318.4
Fat Tree,2971,336631375872.0,99.89191526156506,9252,6272,1535354880.0,40265318.4
Fat Tree,2972,336631375872.0,99.90272373540856,9252,6272,1535354880.0,40265318.4
Fat Tree,2973,336631375872.0,99.91353220925205,9252,6272,1535354880.0,40265318.4
Fat Tree,2974,336631375872.0,99.92434068309555,9252,6272,1535354880.0,40265318.4
Fat Tree,2975,336631375872.0,99.93514915693905,9252,6272,1535354880.0,40265318.4
Fat Tree,2976,336631375872.0,99.94595763078253,9252,6272,1535354880.0,40265318.4
Fat Tree,2977,336631375872.0,99.95676610462603,9252,6272,1535354880.0,40265318.4
Fat Tree,2978,21449366568960.0,99.96757457846952,9252,6272,1535354880.0,40265318.4
Fat Tree,2979,21449366568960.0,99.978383052313,9252,6272,1535354880.0,40265318.4
Fat Tree,2980,21449366568960.0,99.9891915261565,9252,6272,1535354880.0,40265318.4
Fat Tree,2981,21449366568960.0,100.0,9252,6272,1535354880.0,40265318.4
HyperX,0,40265318.4,0.0,13440,10096,402653184.0,40265318.4
HyperX,1,402653184.0,0.0,13440,10096,402653184.0,40265318.4
HyperX,2,402653184.0,75.1264880952381,13440,10096,402653184.0,40265318.4
HyperX,3,402653184.0,75.13392857142858,13440,10096,402653184.0,40265318.4
HyperX,4,402653184.0,75.14136904761905,13440,10096,402653184.0,40265318.4
HyperX,5,402653184.0,75.14880952380952,13440,10096,402653184.0,40265318.4
HyperX,6,402653184.0,75.15625,13440,10096,402653184.0,40265318.4
HyperX,7,402653184.0,75.16369047619048,13440,10096,402653184.0,40265318.4
HyperX,8,402653184.0,75.17113095238095,13440,10096,402653184.0,40265318.4
HyperX,9,402653184.0,75.17857142857143,13440,10096,402653184.0,40265318.4
HyperX,10,402653184.0,75.18601190476191,13440,10096,402653184.0,40265318.4
HyperX,11,402653184.0,75.19345238095238,13440,10096,402653184.0,40265318.4
HyperX,12,402653184.0,75.20089285714285,13440,10096,402653184.0,40265318.4
HyperX,13,402653184.0,75.20833333333333,13440,10096,402653184.0,40265318.4
HyperX,14,402653184.0,75.21577380952381,13440,10096,402653184.0,40265318.4
HyperX,15,402653184.0,75.22321428571429,13440,10096,402653184.0,40265318.4
HyperX,16,402653184.0,75.23065476190476,13440,10096,402653184.0,40265318.4
HyperX,17,402653184.0,75.23809523809524,13440,10096,402653184.0,40265318.4
HyperX,18,402653184.0,75.24553571428572,13440,10096,402653184.0,40265318.4
HyperX,19,402653184.0,75.25297619047619,13440,10096,402653184.0,40265318.4
HyperX,20,402653184.0,75.26041666666666,13440,10096,402653184.0,40265318.4
HyperX,21,402653184.0,75.26785714285714,13440,10096,402653184.0,40265318.4
HyperX,22,402653184.0,75.27529761904762,13440,10096,402653184.0,40265318.4
HyperX,23,402653184.0,75.2827380952381,13440,10096,402653184.0,40265318.4
HyperX,24,402653184.0,75.29017857142857,13440,10096,402653184.0,40265318.4
HyperX,25,402653184.0,75.29761904761905,13440,10096,402653184.0,40265318.4
HyperX,26,402653184.0,75.30505952380952,13440,10096,402653184.0,40265318.4
HyperX,27,402653184.0,75.3125,13440,10096,402653184.0,40265318.4
HyperX,28,402653184.0,75.31994047619047,13440,10096,402653184.0,40265318.4
HyperX,29,402653184.0,75.32738095238095,13440,10096,402653184.0,40265318.4
HyperX,30,402653184.0,75.33482142857143,13440,10096,402653184.0,40265318.4
HyperX,31,402653184.0,75.34226190476191,13440,10096,402653184.0,40265318.4
HyperX,32,402653184.0,75.34970238095238,13440,10096,402653184.0,40265318.4
HyperX,33,402653184.0,75.35714285714286,13440,10096,402653184.0,40265318.4
HyperX,34,402653184.0,75.36458333333333,13440,10096,402653184.0,40265318.4
HyperX,35,402653184.0,75.37202380952381,13440,10096,402653184.0,40265318.4
HyperX,36,402653184.0,75.37946428571428,13440,10096,402653184.0,40265318.4
HyperX,37,402653184.0,75.38690476190476,13440,10096,402653184.0,40265318.4
HyperX,38,402653184.0,75.39434523809524,13440,10096,402653184.0,40265318.4
HyperX,39,402653184.0,75.40178571428572,13440,10096,402653184.0,40265318.4
HyperX,40,402653184.0,75.40922619047619,13440,10096,402653184.0,40265318.4
HyperX,41,402653184.0,75.41666666666667,13440,10096,402653184.0,40265318.4
HyperX,42,402653184.0,75.42410714285714,13440,10096,402653184.0,40265318.4
HyperX,43,402653184.0,75.43154761904762,13440,10096,402653184.0,40265318.4
HyperX,44,402653184.0,75.43898809523809,13440,10096,402653184.0,40265318.4
HyperX,45,402653184.0,75.44642857142857,13440,10096,402653184.0,40265318.4
HyperX,46,402653184.0,75.45386904761905,13440,10096,402653184.0,40265318.4
HyperX,47,402653184.0,75.46130952380953,13440,10096,402653184.0,40265318.4
HyperX,48,402653184.0,75.46875,13440,10096,402653184.0,40265318.4
HyperX,49,402653184.0,75.47619047619048,13440,10096,402653184.0,40265318.4
HyperX,50,402653184.0,75.48363095238095,13440,10096,402653184.0,40265318.4
HyperX,51,402653184.0,75.49107142857143,13440,10096,402653184.0,40265318.4
HyperX,52,402653184.0,75.4985119047619,13440,10096,402653184.0,40265318.4
HyperX,53,402653184.0,75.50595238095238,13440,10096,402653184.0,40265318.4
HyperX,54,402653184.0,75.51339285714286,13440,10096,402653184.0,40265318.4
HyperX,55,402653184.0,75.52083333333334,13440,10096,402653184.0,40265318.4
HyperX,56,402653184.0,75.52827380952381,13440,10096,402653184.0,40265318.4
HyperX,57,402653184.0,75.53571428571428,13440,10096,402653184.0,40265318.4
HyperX,58,402653184.0,75.54315476190476,13440,10096,402653184.0,40265318.4
HyperX,59,402653184.0,75.55059523809524,13440,10096,402653184.0,40265318.4
HyperX,60,402653184.0,75.55803571428571,13440,10096,402653184.0,40265318.4
HyperX,61,402653184.0,75.56547619047619,13440,10096,402653184.0,40265318.4
HyperX,62,402653184.0,75.57291666666667,13440,10096,402653184.0,40265318.4
HyperX,63,402653184.0,75.58035714285715,13440,10096,402653184.0,40265318.4
HyperX,64,402653184.0,75.58779761904762,13440,10096,402653184.0,40265318.4
HyperX,65,402653184.0,75.59523809523809,13440,10096,402653184.0,40265318.4
HyperX,66,402653184.0,75.60267857142857,13440,10096,402653184.0,40265318.4
HyperX,67,402653184.0,75.61011904761905,13440,10096,402653184.0,40265318.4
HyperX,68,402653184.0,75.61755952380952,13440,10096,402653184.0,40265318.4
HyperX,69,402653184.0,75.625,13440,10096,402653184.0,40265318.4
HyperX,70,402653184.0,75.63244047619048,13440,10096,402653184.0,40265318.4
HyperX,71,402653184.0,75.63988095238095,13440,10096,402653184.0,40265318.4
HyperX,72,402653184.0,75.64732142857142,13440,10096,402653184.0,40265318.4
HyperX,73,402653184.0,75.6547619047619,13440,10096,402653184.0,40265318.4
HyperX,74,402653184.0,75.66220238095238,13440,10096,402653184.0,40265318.4
HyperX,75,402653184.0,75.66964285714286,13440,10096,402653184.0,40265318.4
HyperX,76,402653184.0,75.67708333333333,13440,10096,402653184.0,40265318.4
HyperX,77,402653184.0,75.68452380952381,13440,10096,402653184.0,40265318.4
HyperX,78,402653184.0,75.69196428571429,13440,10096,402653184.0,40265318.4
HyperX,79,402653184.0,75.69940476190476,13440,10096,402653184.0,40265318.4
HyperX,80,402653184.0,75.70684523809523,13440,10096,402653184.0,40265318.4
HyperX,81,402653184.0,75.71428571428571,13440,10096,402653184.0,40265318.4
HyperX,82,402653184.0,75.72172619047619,13440,10096,402653184.0,40265318.4
HyperX,83,402653184.0,75.72916666666667,13440,10096,402653184.0,40265318.4
HyperX,84,402653184.0,75.73660714285714,13440,10096,402653184.0,40265318.4
HyperX,85,402653184.0,75.74404761904762,13440,10096,402653184.0,40265318.4
HyperX,86,402653184.0,75.7514880952381,13440,10096,402653184.0,40265318.4
HyperX,87,402653184.0,75.75892857142857,13440,10096,402653184.0,40265318.4
HyperX,88,402653184.0,75.76636904761904,13440,10096,402653184.0,40265318.4
HyperX,89,402653184.0,75.77380952380952,13440,10096,402653184.0,40265318.4
HyperX,90,402653184.0,75.78125,13440,10096,402653184.0,40265318.4
HyperX,91,402653184.0,75.78869047619048,13440,10096,402653184.0,40265318.4
HyperX,92,402653184.0,75.79613095238096,13440,10096,402653184.0,40265318.4
HyperX,93,402653184.0,75.80357142857143,13440,10096,402653184.0,40265318.4
HyperX,94,402653184.0,75.8110119047619,13440,10096,402653184.0,40265318.4
HyperX,95,402653184.0,75.81845238095238,13440,10096,402653184.0,40265318.4
HyperX,96,402653184.0,75.82589285714286,13440,10096,402653184.0,40265318.4
HyperX,97,402653184.0,75.83333333333333,13440,10096,402653184.0,40265318.4
HyperX,98,402653184.0,75.84077380952381,13440,10096,402653184.0,40265318.4
HyperX,99,402653184.0,75.84821428571429,13440,10096,402653184.0,40265318.4
HyperX,100,402653184.0,75.85565476190477,13440,10096,402653184.0,40265318.4
HyperX,101,402653184.0,75.86309523809524,13440,10096,402653184.0,40265318.4
HyperX,102,402653184.0,75.87053571428571,13440,10096,402653184.0,40265318.4
HyperX,103,402653184.0,75.87797619047619,13440,10096,402653184.0,40265318.4
HyperX,104,402653184.0,75.88541666666667,13440,10096,402653184.0,40265318.4
HyperX,105,402653184.0,75.89285714285714,13440,10096,402653184.0,40265318.4
HyperX,106,402653184.0,75.90029761904762,13440,10096,402653184.0,40265318.4
HyperX,107,402653184.0,75.9077380952381,13440,10096,402653184.0,40265318.4
HyperX,108,402653184.0,75.91517857142858,13440,10096,402653184.0,40265318.4
HyperX,109,402653184.0,75.92261904761905,13440,10096,402653184.0,40265318.4
HyperX,110,402653184.0,75.93005952380952,13440,10096,402653184.0,40265318.4
HyperX,111,402653184.0,75.9375,13440,10096,402653184.0,40265318.4
HyperX,112,402653184.0,75.94494047619048,13440,10096,402653184.0,40265318.4
HyperX,113,402653184.0,75.95238095238095,13440,10096,402653184.0,40265318.4
HyperX,114,402653184.0,75.95982142857143,13440,10096,402653184.0,40265318.4
HyperX,115,402653184.0,75.96726190476191,13440,10096,402653184.0,40265318.4
HyperX,116,402653184.0,75.97470238095238,13440,10096,402653184.0,40265318.4
HyperX,117,402653184.0,75.98214285714285,13440,10096,402653184.0,40265318.4
HyperX,118,402653184.0,75.98958333333333,13440,10096,402653184.0,40265318.4
HyperX,119,402653184.0,75.99702380952381,13440,10096,402653184.0,40265318.4
HyperX,120,402653184.0,76.00446428571429,13440,10096,402653184.0,40265318.4
HyperX,121,402653184.0,76.01190476190476,13440,10096,402653184.0,40265318.4
HyperX,122,402653184.0,76.01934523809524,13440,10096,402653184.0,40265318.4
HyperX,123,402653184.0,76.02678571428572,13440,10096,402653184.0,40265318.4
HyperX,124,402653184.0,76.03422619047619,13440,10096,402653184.0,40265318.4
HyperX,125,402653184.0,76.04166666666666,13440,10096,402653184.0,40265318.4
HyperX,126,402653184.0,76.04910714285714,13440,10096,402653184.0,40265318.4
HyperX,127,402653184.0,76.05654761904762,13440,10096,402653184.0,40265318.4
HyperX,128,402653184.0,76.0639880952381,13440,10096,402653184.0,40265318.4
HyperX,129,402653184.0,76.07142857142857,13440,10096,402653184.0,40265318.4
HyperX,130,1535354880.0,76.07886904761905,13440,10096,402653184.0,40265318.4
HyperX,131,1535354880.0,76.08630952380952,13440,10096,402653184.0,40265318.4
HyperX,132,1535354880.0,76.09375,13440,10096,402653184.0,40265318.4
HyperX,133,1535354880.0,76.10119047619047,13440,10096,402653184.0,40265318.4
HyperX,134,1535354880.0,76.10863095238095,13440,10096,402653184.0,40265318.4
HyperX,135,1535354880.0,76.11607142857143,13440,10096,402653184.0,40265318.4
HyperX,136,1535354880.0,76.12351190476191,13440,10096,402653184.0,40265318.4
HyperX,137,1535354880.0,76.13095238095238,13440,10096,402653184.0,40265318.4
HyperX,138,1535354880.0,76.13839285714286,13440,10096,402653184.0,40265318.4
HyperX,139,1535354880.0,76.14583333333333,13440,10096,402653184.0,40265318.4
HyperX,140,1535354880.0,76.15327380952381,13440,10096,402653184.0,40265318.4
HyperX,141,1535354880.0,76.16071428571428,13440,10096,402653184.0,40265318.4
HyperX,142,1535354880.0,76.16815476190476,13440,10096,402653184.0,40265318.4
HyperX,143,1535354880.0,76.17559523809524,13440,10096,402653184.0,40265318.4
HyperX,144,1535354880.0,76.18303571428572,13440,10096,402653184.0,40265318.4
HyperX,145,1535354880.0,76.19047619047619,13440,10096,402653184.0,40265318.4
HyperX,146,1535354880.0,76.19791666666667,13440,10096,402653184.0,40265318.4
HyperX,147,1535354880.0,76.20535714285714,13440,10096,402653184.0,40265318.4
HyperX,148,1535354880.0,76.21279761904762,13440,10096,402653184.0,40265318.4
HyperX,149,1535354880.0,76.22023809523809,13440,10096,402653184.0,40265318.4
HyperX,150,1535354880.0,76.22767857142857,13440,10096,402653184.0,40265318.4
HyperX,151,1535354880.0,76.23511904761905,13440,10096,402653184.0,40265318.4
HyperX,152,1535354880.0,76.24255952380953,13440,10096,402653184.0,40265318.4
HyperX,153,1535354880.0,76.25,13440,10096,402653184.0,40265318.4
HyperX,154,1535354880.0,76.25744047619048,13440,10096,402653184.0,40265318.4
HyperX,155,1535354880.0,76.26488095238095,13440,10096,402653184.0,40265318.4
HyperX,156,1535354880.0,76.27232142857143,13440,10096,402653184.0,40265318.4
HyperX,157,1535354880.0,76.2797619047619,13440,10096,402653184.0,40265318.4
HyperX,158,1535354880.0,76.28720238095238,13440,10096,402653184.0,40265318.4
HyperX,159,1535354880.0,76.29464285714286,13440,10096,402653184.0,40265318.4
HyperX,160,1535354880.0,76.30208333333334,13440,10096,402653184.0,40265318.4
HyperX,161,1535354880.0,76.30952380952381,13440,10096,402653184.0,40265318.4
HyperX,162,1535354880.0,76.31696428571428,13440,10096,402653184.0,40265318.4
HyperX,163,1535354880.0,76.32440476190476,13440,10096,402653184.0,40265318.4
HyperX,164,1535354880.0,76.33184523809524,13440,10096,402653184.0,40265318.4
HyperX,165,1535354880.0,76.33928571428571,13440,10096,402653184.0,40265318.4
HyperX,166,1535354880.0,76.34672619047619,13440,10096,402653184.0,40265318.4
HyperX,167,1535354880.0,76.35416666666667,13440,10096,402653184.0,40265318.4
HyperX,168,1535354880.0,76.36160714285715,13440,10096,402653184.0,40265318.4
HyperX,169,1535354880.0,76.36904761904762,13440,10096,402653184.0,40265318.4
HyperX,170,1535354880.0,76.37648809523809,13440,10096,402653184.0,40265318.4
HyperX,171,1535354880.0,76.38392857142857,13440,10096,402653184.0,40265318.4
HyperX,172,1535354880.0,76.39136904761905,13440,10096,402653184.0,40265318.4
HyperX,173,1535354880.0,76.39880952380952,13440,10096,402653184.0,40265318.4
HyperX,174,1535354880.0,76.40625,13440,10096,402653184.0,40265318.4
HyperX,175,1535354880.0,76.41369047619048,13440,10096,402653184.0,40265318.4
HyperX,176,1535354880.0,76.42113095238095,13440,10096,402653184.0,40265318.4
HyperX,177,1535354880.0,76.42857142857142,13440,10096,402653184.0,40265318.4
HyperX,178,1535354880.0,76.4360119047619,13440,10096,402653184.0,40265318.4
HyperX,179,1535354880.0,76.44345238095238,13440,10096,402653184.0,40265318.4
HyperX,180,1535354880.0,76.45089285714286,13440,10096,402653184.0,40265318.4
HyperX,181,1535354880.0,76.45833333333333,13440,10096,402653184.0,40265318.4
HyperX,182,1535354880.0,76.46577380952381,13440,10096,402653184.0,40265318.4
HyperX,183,1535354880.0,76.47321428571429,13440,10096,402653184.0,40265318.4
HyperX,184,1535354880.0,76.48065476190476,13440,10096,402653184.0,40265318.4
HyperX,185,1535354880.0,76.48809523809523,13440,10096,402653184.0,40265318.4
HyperX,186,1535354880.0,76.49553571428571,13440,10096,402653184.0,40265318.4
HyperX,187,1535354880.0,76.50297619047619,13440,10096,402653184.0,40265318.4
HyperX,188,1535354880.0,76.51041666666667,13440,10096,402653184.0,40265318.4
HyperX,189,1535354880.0,76.51785714285714,13440,10096,402653184.0,40265318.4
HyperX,190,1535354880.0,76.52529761904762,13440,10096,402653184.0,40265318.4
HyperX,191,1535354880.0,76.5327380952381,13440,10096,402653184.0,40265318.4
HyperX,192,1535354880.0,76.54017857142857,13440,10096,402653184.0,40265318.4
HyperX,193,1535354880.0,76.54761904761904,13440,10096,402653184.0,40265318.4
HyperX,194,1535354880.0,76.55505952380952,13440,10096,402653184.0,40265318.4
HyperX,195,1535354880.0,76.5625,13440,10096,402653184.0,40265318.4
HyperX,196,1535354880.0,76.56994047619048,13440,10096,402653184.0,40265318.4
HyperX,197,1535354880.0,76.57738095238096,13440,10096,402653184.0,40265318.4
HyperX,198,1535354880.0,76.58482142857143,13440,10096,402653184.0,40265318.4
HyperX,199,1535354880.0,76.5922619047619,13440,10096,402653184.0,40265318.4
HyperX,200,1535354880.0,76.59970238095238,13440,10096,402653184.0,40265318.4
HyperX,201,1535354880.0,76.60714285714286,13440,10096,402653184.0,40265318.4
HyperX,202,1535354880.0,76.61458333333333,13440,10096,402653184.0,40265318.4
HyperX,203,1535354880.0,76.62202380952381,13440,10096,402653184.0,40265318.4
HyperX,204,1535354880.0,76.62946428571429,13440,10096,402653184.0,40265318.4
HyperX,205,1535354880.0,76.63690476190477,13440,10096,402653184.0,40265318.4
HyperX,206,1535354880.0,76.64434523809524,13440,10096,402653184.0,40265318.4
HyperX,207,1535354880.0,76.65178571428571,13440,10096,402653184.0,40265318.4
HyperX,208,1535354880.0,76.65922619047619,13440,10096,402653184.0,40265318.4
HyperX,209,1535354880.0,76.66666666666667,13440,10096,402653184.0,40265318.4
HyperX,210,1535354880.0,76.67410714285714,13440,10096,402653184.0,40265318.4
HyperX,211,1535354880.0,76.68154761904762,13440,10096,402653184.0,40265318.4
HyperX,212,1535354880.0,76.6889880952381,13440,10096,402653184.0,40265318.4
HyperX,213,1535354880.0,76.69642857142858,13440,10096,402653184.0,40265318.4
HyperX,214,1535354880.0,76.70386904761905,13440,10096,402653184.0,40265318.4
HyperX,215,1535354880.0,76.71130952380952,13440,10096,402653184.0,40265318.4
HyperX,216,1535354880.0,76.71875,13440,10096,402653184.0,40265318.4
HyperX,217,1535354880.0,76.72619047619048,13440,10096,402653184.0,40265318.4
HyperX,218,1535354880.0,76.73363095238095,13440,10096,402653184.0,40265318.4
HyperX,219,1535354880.0,76.74107142857143,13440,10096,402653184.0,40265318.4
HyperX,220,1535354880.0,76.74851190476191,13440,10096,402653184.0,40265318.4
HyperX,221,1535354880.0,76.75595238095238,13440,10096,402653184.0,40265318.4
HyperX,222,1535354880.0,76.76339285714285,13440,10096,402653184.0,40265318.4
HyperX,223,1535354880.0,76.77083333333333,13440,10096,402653184.0,40265318.4
HyperX,224,1535354880.0,76.77827380952381,13440,10096,402653184.0,40265318.4
HyperX,225,1535354880.0,76.78571428571429,13440,10096,402653184.0,40265318.4
HyperX,226,1535354880.0,76.79315476190476,13440,10096,402653184.0,40265318.4
HyperX,227,1535354880.0,76.80059523809524,13440,10096,402653184.0,40265318.4
HyperX,228,1535354880.0,76.80803571428572,13440,10096,402653184.0,40265318.4
HyperX,229,1535354880.0,76.81547619047619,13440,10096,402653184.0,40265318.4
HyperX,230,1535354880.0,76.82291666666666,13440,10096,402653184.0,40265318.4
HyperX,231,1535354880.0,76.83035714285714,13440,10096,402653184.0,40265318.4
HyperX,232,1535354880.0,76.83779761904762,13440,10096,402653184.0,40265318.4
HyperX,233,1535354880.0,76.8452380952381,13440,10096,402653184.0,40265318.4
HyperX,234,1535354880.0,76.85267857142857,13440,10096,402653184.0,40265318.4
HyperX,235,1535354880.0,76.86011904761905,13440,10096,402653184.0,40265318.4
HyperX,236,1535354880.0,76.86755952380952,13440,10096,402653184.0,40265318.4
HyperX,237,1535354880.0,76.875,13440,10096,402653184.0,40265318.4
HyperX,238,1535354880.0,76.88244047619047,13440,10096,402653184.0,40265318.4
HyperX,239,1535354880.0,76.88988095238095,13440,10096,402653184.0,40265318.4
HyperX,240,1535354880.0,76.89732142857143,13440,10096,402653184.0,40265318.4
HyperX,241,1535354880.0,76.90476190476191,13440,10096,402653184.0,40265318.4
HyperX,242,1535354880.0,76.91220238095238,13440,10096,402653184.0,40265318.4
HyperX,243,1535354880.0,76.91964285714286,13440,10096,402653184.0,40265318.4
HyperX,244,1535354880.0,76.92708333333333,13440,10096,402653184.0,40265318.4
HyperX,245,1535354880.0,76.93452380952381,13440,10096,402653184.0,40265318.4
HyperX,246,1535354880.0,76.94196428571428,13440,10096,402653184.0,40265318.4
HyperX,247,1535354880.0,76.94940476190476,13440,10096,402653184.0,40265318.4
HyperX,248,1535354880.0,76.95684523809524,13440,10096,402653184.0,40265318.4
HyperX,249,1535354880.0,76.96428571428572,13440,10096,402653184.0,40265318.4
HyperX,250,1535354880.0,76.97172619047619,13440,10096,402653184.0,40265318.4
HyperX,251,1535354880.0,76.97916666666667,13440,10096,402653184.0,40265318.4
HyperX,252,1535354880.0,76.98660714285714,13440,10096,402653184.0,40265318.4
HyperX,253,1535354880.0,76.99404761904762,13440,10096,402653184.0,40265318.4
HyperX,254,1535354880.0,77.00148809523809,13440,10096,402653184.0,40265318.4
HyperX,255,1535354880.0,77.00892857142857,13440,10096,402653184.0,40265318.4
HyperX,256,1535354880.0,77.01636904761905,13440,10096,402653184.0,40265318.4
HyperX,257,1535354880.0,77.02380952380953,13440,10096,402653184.0,40265318.4
HyperX,258,1535354880.0,77.03125,13440,10096,402653184.0,40265318.4
HyperX,259,1535354880.0,77.03869047619048,13440,10096,402653184.0,40265318.4
HyperX,260,1535354880.0,77.04613095238095,13440,10096,402653184.0,40265318.4
HyperX,261,1535354880.0,77.05357142857143,13440,10096,402653184.0,40265318.4
HyperX,262,1535354880.0,77.0610119047619,13440,10096,402653184.0,40265318.4
HyperX,263,1535354880.0,77.06845238095238,13440,10096,402653184.0,40265318.4
HyperX,264,1535354880.0,77.07589285714286,13440,10096,402653184.0,40265318.4
HyperX,265,1535354880.0,77.08333333333334,13440,10096,402653184.0,40265318.4
HyperX,266,1535354880.0,77.09077380952381,13440,10096,402653184.0,40265318.4
HyperX,267,1535354880.0,77.09821428571428,13440,10096,402653184.0,40265318.4
HyperX,268,1535354880.0,77.10565476190476,13440,10096,402653184.0,40265318.4
HyperX,269,1535354880.0,77.11309523809524,13440,10096,402653184.0,40265318.4
HyperX,270,1535354880.0,77.12053571428571,13440,10096,402653184.0,40265318.4
HyperX,271,1535354880.0,77.12797619047619,13440,10096,402653184.0,40265318.4
HyperX,272,1535354880.0,77.13541666666667,13440,10096,402653184.0,40265318.4
HyperX,273,1535354880.0,77.14285714285715,13440,10096,402653184.0,40265318.4
HyperX,274,1535354880.0,77.15029761904762,13440,10096,402653184.0,40265318.4
HyperX,275,1535354880.0,77.15773809523809,13440,10096,402653184.0,40265318.4
HyperX,276,1535354880.0,77.16517857142857,13440,10096,402653184.0,40265318.4
HyperX,277,1535354880.0,77.17261904761905,13440,10096,402653184.0,40265318.4
HyperX,278,1535354880.0,77.18005952380952,13440,10096,402653184.0,40265318.4
HyperX,279,1535354880.0,77.1875,13440,10096,402653184.0,40265318.4
HyperX,280,1535354880.0,77.19494047619048,13440,10096,402653184.0,40265318.4
HyperX,281,1535354880.0,77.20238095238095,13440,10096,402653184.0,40265318.4
HyperX,282,1535354880.0,77.20982142857142,13440,10096,402653184.0,40265318.4
HyperX,283,1535354880.0,77.2172619047619,13440,10096,402653184.0,40265318.4
HyperX,284,1535354880.0,77.22470238095238,13440,10096,402653184.0,40265318.4
HyperX,285,1535354880.0,77.23214285714286,13440,10096,402653184.0,40265318.4
HyperX,286,1535354880.0,77.23958333333333,13440,10096,402653184.0,40265318.4
HyperX,287,1535354880.0,77.24702380952381,13440,10096,402653184.0,40265318.4
HyperX,288,1535354880.0,77.25446428571429,13440,10096,402653184.0,40265318.4
HyperX,289,1535354880.0,77.26190476190476,13440,10096,402653184.0,40265318.4
HyperX,290,1535354880.0,77.26934523809523,13440,10096,402653184.0,40265318.4
HyperX,291,1535354880.0,77.27678571428571,13440,10096,402653184.0,40265318.4
HyperX,292,1535354880.0,77.28422619047619,13440,10096,402653184.0,40265318.4
HyperX,293,1535354880.0,77.29166666666667,13440,10096,402653184.0,40265318.4
HyperX,294,1535354880.0,77.29910714285714,13440,10096,402653184.0,40265318.4
HyperX,295,1535354880.0,77.30654761904762,13440,10096,402653184.0,40265318.4
HyperX,296,1535354880.0,77.3139880952381,13440,10096,402653184.0,40265318.4
HyperX,297,1535354880.0,77.32142857142857,13440,10096,402653184.0,40265318.4
HyperX,298,1535354880.0,77.32886904761904,13440,10096,402653184.0,40265318.4
HyperX,299,1535354880.0,77.33630952380952,13440,10096,402653184.0,40265318.4
HyperX,300,1535354880.0,77.34375,13440,10096,402653184.0,40265318.4
HyperX,301,1535354880.0,77.35119047619048,13440,10096,402653184.0,40265318.4
HyperX,302,1535354880.0,77.35863095238096,13440,10096,402653184.0,40265318.4
HyperX,303,1535354880.0,77.36607142857143,13440,10096,402653184.0,40265318.4
HyperX,304,1535354880.0,77.3735119047619,13440,10096,402653184.0,40265318.4
HyperX,305,1535354880.0,77.38095238095238,13440,10096,402653184.0,40265318.4
HyperX,306,1535354880.0,77.38839285714286,13440,10096,402653184.0,40265318.4
HyperX,307,1535354880.0,77.39583333333333,13440,10096,402653184.0,40265318.4
HyperX,308,1535354880.0,77.40327380952381,13440,10096,402653184.0,40265318.4
HyperX,309,1535354880.0,77.41071428571429,13440,10096,402653184.0,40265318.4
HyperX,310,1535354880.0,77.41815476190477,13440,10096,402653184.0,40265318.4
HyperX,311,1535354880.0,77.42559523809524,13440,10096,402653184.0,40265318.4
HyperX,312,1535354880.0,77.43303571428571,13440,10096,402653184.0,40265318.4
HyperX,313,1535354880.0,77.44047619047619,13440,10096,402653184.0,40265318.4
HyperX,314,1535354880.0,77.44791666666667,13440,10096,402653184.0,40265318.4
HyperX,315,1535354880.0,77.45535714285714,13440,10096,402653184.0,40265318.4
HyperX,316,1535354880.0,77.46279761904762,13440,10096,402653184.0,40265318.4
HyperX,317,1535354880.0,77.4702380952381,13440,10096,402653184.0,40265318.4
HyperX,318,1535354880.0,77.47767857142858,13440,10096,402653184.0,40265318.4
HyperX,319,1535354880.0,77.48511904761905,13440,10096,402653184.0,40265318.4
HyperX,320,1535354880.0,77.49255952380952,13440,10096,402653184.0,40265318.4
HyperX,321,1535354880.0,77.5,13440,10096,402653184.0,40265318.4
HyperX,322,1535354880.0,77.50744047619048,13440,10096,402653184.0,40265318.4
HyperX,323,1535354880.0,77.51488095238095,13440,10096,402653184.0,40265318.4
HyperX,324,1535354880.0,77.52232142857143,13440,10096,402653184.0,40265318.4
HyperX,325,1535354880.0,77.52976190476191,13440,10096,402653184.0,40265318.4
HyperX,326,1535354880.0,77.53720238095238,13440,10096,402653184.0,40265318.4
HyperX,327,1535354880.0,77.54464285714285,13440,10096,402653184.0,40265318.4
HyperX,328,1535354880.0,77.55208333333333,13440,10096,402653184.0,40265318.4
HyperX,329,1535354880.0,77.55952380952381,13440,10096,402653184.0,40265318.4
HyperX,330,1535354880.0,77.56696428571429,13440,10096,402653184.0,40265318.4
HyperX,331,1535354880.0,77.57440476190476,13440,10096,402653184.0,40265318.4
HyperX,332,1535354880.0,77.58184523809524,13440,10096,402653184.0,40265318.4
HyperX,333,1535354880.0,77.58928571428572,13440,10096,402653184.0,40265318.4
HyperX,334,1535354880.0,77.59672619047619,13440,10096,402653184.0,40265318.4
HyperX,335,1535354880.0,77.60416666666666,13440,10096,402653184.0,40265318.4
HyperX,336,1535354880.0,77.61160714285714,13440,10096,402653184.0,40265318.4
HyperX,337,1535354880.0,77.61904761904762,13440,10096,402653184.0,40265318.4
HyperX,338,1535354880.0,77.6264880952381,13440,10096,402653184.0,40265318.4
HyperX,339,1535354880.0,77.63392857142857,13440,10096,402653184.0,40265318.4
HyperX,340,1535354880.0,77.64136904761905,13440,10096,402653184.0,40265318.4
HyperX,341,1535354880.0,77.64880952380952,13440,10096,402653184.0,40265318.4
HyperX,342,1535354880.0,77.65625,13440,10096,402653184.0,40265318.4
HyperX,343,1535354880.0,77.66369047619047,13440,10096,402653184.0,40265318.4
HyperX,344,1535354880.0,77.67113095238095,13440,10096,402653184.0,40265318.4
HyperX,345,1535354880.0,77.67857142857143,13440,10096,402653184.0,40265318.4
HyperX,346,1535354880.0,77.68601190476191,13440,10096,402653184.0,40265318.4
HyperX,347,1535354880.0,77.69345238095238,13440,10096,402653184.0,40265318.4
HyperX,348,1535354880.0,77.70089285714286,13440,10096,402653184.0,40265318.4
HyperX,349,1535354880.0,77.70833333333333,13440,10096,402653184.0,40265318.4
HyperX,350,1535354880.0,77.71577380952381,13440,10096,402653184.0,40265318.4
HyperX,351,1535354880.0,77.72321428571428,13440,10096,402653184.0,40265318.4
HyperX,352,1535354880.0,77.73065476190476,13440,10096,402653184.0,40265318.4
HyperX,353,1535354880.0,77.73809523809524,13440,10096,402653184.0,40265318.4
HyperX,354,1535354880.0,77.74553571428572,13440,10096,402653184.0,40265318.4
HyperX,355,1535354880.0,77.75297619047619,13440,10096,402653184.0,40265318.4
HyperX,356,1535354880.0,77.76041666666667,13440,10096,402653184.0,40265318.4
HyperX,357,1535354880.0,77.76785714285714,13440,10096,402653184.0,40265318.4
HyperX,358,1535354880.0,77.77529761904762,13440,10096,402653184.0,40265318.4
HyperX,359,1535354880.0,77.78273809523809,13440,10096,402653184.0,40265318.4
HyperX,360,1535354880.0,77.79017857142857,13440,10096,402653184.0,40265318.4
HyperX,361,1535354880.0,77.79761904761905,13440,10096,402653184.0,40265318.4
HyperX,362,1535354880.0,77.80505952380953,13440,10096,402653184.0,40265318.4
HyperX,363,1535354880.0,77.8125,13440,10096,402653184.0,40265318.4
HyperX,364,1535354880.0,77.81994047619048,13440,10096,402653184.0,40265318.4
HyperX,365,1535354880.0,77.82738095238095,13440,10096,402653184.0,40265318.4
HyperX,366,1535354880.0,77.83482142857143,13440,10096,402653184.0,40265318.4
HyperX,367,1535354880.0,77.8422619047619,13440,10096,402653184.0,40265318.4
HyperX,368,1535354880.0,77.84970238095238,13440,10096,402653184.0,40265318.4
HyperX,369,1535354880.0,77.85714285714286,13440,10096,402653184.0,40265318.4
HyperX,370,1535354880.0,77.86458333333334,13440,10096,402653184.0,40265318.4
HyperX,371,1535354880.0,77.87202380952381,13440,10096,402653184.0,40265318.4
HyperX,372,1535354880.0,77.87946428571428,13440,10096,402653184.0,40265318.4
HyperX,373,1535354880.0,77.88690476190476,13440,10096,402653184.0,40265318.4
HyperX,374,1535354880.0,77.89434523809524,13440,10096,402653184.0,40265318.4
HyperX,375,1535354880.0,77.90178571428571,13440,10096,402653184.0,40265318.4
HyperX,376,1535354880.0,77.90922619047619,13440,10096,402653184.0,40265318.4
HyperX,377,1535354880.0,77.91666666666667,13440,10096,402653184.0,40265318.4
HyperX,378,1535354880.0,77.92410714285715,13440,10096,402653184.0,40265318.4
HyperX,379,1535354880.0,77.93154761904762,13440,10096,402653184.0,40265318.4
HyperX,380,1535354880.0,77.93898809523809,13440,10096,402653184.0,40265318.4
HyperX,381,1535354880.0,77.94642857142857,13440,10096,402653184.0,40265318.4
HyperX,382,1535354880.0,77.95386904761905,13440,10096,402653184.0,40265318.4
HyperX,383,1535354880.0,77.96130952380952,13440,10096,402653184.0,40265318.4
HyperX,384,1535354880.0,77.96875,13440,10096,402653184.0,40265318.4
HyperX,385,1535354880.0,77.97619047619048,13440,10096,402653184.0,40265318.4
HyperX,386,1535354880.0,77.98363095238095,13440,10096,402653184.0,40265318.4
HyperX,387,1535354880.0,77.99107142857142,13440,10096,402653184.0,40265318.4
HyperX,388,1535354880.0,77.9985119047619,13440,10096,402653184.0,40265318.4
HyperX,389,1535354880.0,78.00595238095238,13440,10096,402653184.0,40265318.4
HyperX,390,1535354880.0,78.01339285714286,13440,10096,402653184.0,40265318.4
HyperX,391,1535354880.0,78.02083333333333,13440,10096,402653184.0,40265318.4
HyperX,392,1535354880.0,78.02827380952381,13440,10096,402653184.0,40265318.4
HyperX,393,1535354880.0,78.03571428571429,13440,10096,402653184.0,40265318.4
HyperX,394,1535354880.0,78.04315476190476,13440,10096,402653184.0,40265318.4
HyperX,395,1535354880.0,78.05059523809523,13440,10096,402653184.0,40265318.4
HyperX,396,1535354880.0,78.05803571428571,13440,10096,402653184.0,40265318.4
HyperX,397,1535354880.0,78.06547619047619,13440,10096,402653184.0,40265318.4
HyperX,398,1535354880.0,78.07291666666667,13440,10096,402653184.0,40265318.4
HyperX,399,1535354880.0,78.08035714285714,13440,10096,402653184.0,40265318.4
HyperX,400,1535354880.0,78.08779761904762,13440,10096,402653184.0,40265318.4
HyperX,401,1535354880.0,78.0952380952381,13440,10096,402653184.0,40265318.4
HyperX,402,1535354880.0,78.10267857142857,13440,10096,402653184.0,40265318.4
HyperX,403,1535354880.0,78.11011904761904,13440,10096,402653184.0,40265318.4
HyperX,404,1535354880.0,78.11755952380952,13440,10096,402653184.0,40265318.4
HyperX,405,1535354880.0,78.125,13440,10096,402653184.0,40265318.4
HyperX,406,1535354880.0,78.13244047619048,13440,10096,402653184.0,40265318.4
HyperX,407,1535354880.0,78.13988095238096,13440,10096,402653184.0,40265318.4
HyperX,408,1535354880.0,78.14732142857143,13440,10096,402653184.0,40265318.4
HyperX,409,1535354880.0,78.1547619047619,13440,10096,402653184.0,40265318.4
HyperX,410,1535354880.0,78.16220238095238,13440,10096,402653184.0,40265318.4
HyperX,411,1535354880.0,78.16964285714286,13440,10096,402653184.0,40265318.4
HyperX,412,1535354880.0,78.17708333333333,13440,10096,402653184.0,40265318.4
HyperX,413,1535354880.0,78.18452380952381,13440,10096,402653184.0,40265318.4
HyperX,414,1535354880.0,78.19196428571429,13440,10096,402653184.0,40265318.4
HyperX,415,1535354880.0,78.19940476190477,13440,10096,402653184.0,40265318.4
HyperX,416,1535354880.0,78.20684523809524,13440,10096,402653184.0,40265318.4
HyperX,417,1535354880.0,78.21428571428571,13440,10096,402653184.0,40265318.4
HyperX,418,1535354880.0,78.22172619047619,13440,10096,402653184.0,40265318.4
HyperX,419,1535354880.0,78.22916666666667,13440,10096,402653184.0,40265318.4
HyperX,420,1535354880.0,78.23660714285714,13440,10096,402653184.0,40265318.4
HyperX,421,1535354880.0,78.24404761904762,13440,10096,402653184.0,40265318.4
HyperX,422,1535354880.0,78.2514880952381,13440,10096,402653184.0,40265318.4
HyperX,423,1535354880.0,78.25892857142858,13440,10096,402653184.0,40265318.4
HyperX,424,1535354880.0,78.26636904761905,13440,10096,402653184.0,40265318.4
HyperX,425,1535354880.0,78.27380952380952,13440,10096,402653184.0,40265318.4
HyperX,426,1535354880.0,78.28125,13440,10096,402653184.0,40265318.4
HyperX,427,1535354880.0,78.28869047619048,13440,10096,402653184.0,40265318.4
HyperX,428,1535354880.0,78.29613095238095,13440,10096,402653184.0,40265318.4
HyperX,429,1535354880.0,78.30357142857143,13440,10096,402653184.0,40265318.4
HyperX,430,1535354880.0,78.31101190476191,13440,10096,402653184.0,40265318.4
HyperX,431,1535354880.0,78.31845238095238,13440,10096,402653184.0,40265318.4
HyperX,432,1535354880.0,78.32589285714285,13440,10096,402653184.0,40265318.4
HyperX,433,1535354880.0,78.33333333333333,13440,10096,402653184.0,40265318.4
HyperX,434,1535354880.0,78.34077380952381,13440,10096,402653184.0,40265318.4
HyperX,435,1535354880.0,78.34821428571429,13440,10096,402653184.0,40265318.4
HyperX,436,1535354880.0,78.35565476190476,13440,10096,402653184.0,40265318.4
HyperX,437,1535354880.0,78.36309523809524,13440,10096,402653184.0,40265318.4
HyperX,438,1535354880.0,78.37053571428572,13440,10096,402653184.0,40265318.4
HyperX,439,1535354880.0,78.37797619047619,13440,10096,402653184.0,40265318.4
HyperX,440,1535354880.0,78.38541666666666,13440,10096,402653184.0,40265318.4
HyperX,441,1535354880.0,78.39285714285714,13440,10096,402653184.0,40265318.4
HyperX,442,1535354880.0,78.40029761904762,13440,10096,402653184.0,40265318.4
HyperX,443,1535354880.0,78.4077380952381,13440,10096,402653184.0,40265318.4
HyperX,444,1535354880.0,78.41517857142857,13440,10096,402653184.0,40265318.4
HyperX,445,1535354880.0,78.42261904761905,13440,10096,402653184.0,40265318.4
HyperX,446,1535354880.0,78.43005952380952,13440,10096,402653184.0,40265318.4
HyperX,447,1535354880.0,78.4375,13440,10096,402653184.0,40265318.4
HyperX,448,1535354880.0,78.44494047619047,13440,10096,402653184.0,40265318.4
HyperX,449,1535354880.0,78.45238095238095,13440,10096,402653184.0,40265318.4
HyperX,450,1535354880.0,78.45982142857143,13440,10096,402653184.0,40265318.4
HyperX,451,1535354880.0,78.46726190476191,13440,10096,402653184.0,40265318.4
HyperX,452,1535354880.0,78.47470238095238,13440,10096,402653184.0,40265318.4
HyperX,453,1535354880.0,78.48214285714286,13440,10096,402653184.0,40265318.4
HyperX,454,1535354880.0,78.48958333333333,13440,10096,402653184.0,40265318.4
HyperX,455,1535354880.0,78.49702380952381,13440,10096,402653184.0,40265318.4
HyperX,456,1535354880.0,78.50446428571428,13440,10096,402653184.0,40265318.4
HyperX,457,1535354880.0,78.51190476190476,13440,10096,402653184.0,40265318.4
HyperX,458,1535354880.0,78.51934523809524,13440,10096,402653184.0,40265318.4
HyperX,459,1535354880.0,78.52678571428572,13440,10096,402653184.0,40265318.4
HyperX,460,1535354880.0,78.53422619047619,13440,10096,402653184.0,40265318.4
HyperX,461,1535354880.0,78.54166666666667,13440,10096,402653184.0,40265318.4
HyperX,462,1535354880.0,78.54910714285714,13440,10096,402653184.0,40265318.4
HyperX,463,1535354880.0,78.55654761904762,13440,10096,402653184.0,40265318.4
HyperX,464,1535354880.0,78.56398809523809,13440,10096,402653184.0,40265318.4
HyperX,465,1535354880.0,78.57142857142857,13440,10096,402653184.0,40265318.4
HyperX,466,1535354880.0,78.57886904761905,13440,10096,402653184.0,40265318.4
HyperX,467,1535354880.0,78.58630952380953,13440,10096,402653184.0,40265318.4
HyperX,468,1535354880.0,78.59375,13440,10096,402653184.0,40265318.4
HyperX,469,1535354880.0,78.60119047619048,13440,10096,402653184.0,40265318.4
HyperX,470,1535354880.0,78.60863095238095,13440,10096,402653184.0,40265318.4
HyperX,471,1535354880.0,78.61607142857143,13440,10096,402653184.0,40265318.4
HyperX,472,1535354880.0,78.6235119047619,13440,10096,402653184.0,40265318.4
HyperX,473,1535354880.0,78.63095238095238,13440,10096,402653184.0,40265318.4
HyperX,474,1535354880.0,78.63839285714286,13440,10096,402653184.0,40265318.4
HyperX,475,1535354880.0,78.64583333333334,13440,10096,402653184.0,40265318.4
HyperX,476,1535354880.0,78.65327380952381,13440,10096,402653184.0,40265318.4
HyperX,477,1535354880.0,78.66071428571428,13440,10096,402653184.0,40265318.4
HyperX,478,1535354880.0,78.66815476190476,13440,10096,402653184.0,40265318.4
HyperX,479,1535354880.0,78.67559523809524,13440,10096,402653184.0,40265318.4
HyperX,480,1535354880.0,78.68303571428571,13440,10096,402653184.0,40265318.4
HyperX,481,1535354880.0,78.69047619047619,13440,10096,402653184.0,40265318.4
HyperX,482,1535354880.0,78.69791666666667,13440,10096,402653184.0,40265318.4
HyperX,483,1535354880.0,78.70535714285715,13440,10096,402653184.0,40265318.4
HyperX,484,1535354880.0,78.71279761904762,13440,10096,402653184.0,40265318.4
HyperX,485,1535354880.0,78.72023809523809,13440,10096,402653184.0,40265318.4
HyperX,486,1535354880.0,78.72767857142857,13440,10096,402653184.0,40265318.4
HyperX,487,1535354880.0,78.73511904761905,13440,10096,402653184.0,40265318.4
HyperX,488,1535354880.0,78.74255952380952,13440,10096,402653184.0,40265318.4
HyperX,489,1535354880.0,78.75,13440,10096,402653184.0,40265318.4
HyperX,490,1535354880.0,78.75744047619048,13440,10096,402653184.0,40265318.4
HyperX,491,1535354880.0,78.76488095238095,13440,10096,402653184.0,40265318.4
HyperX,492,1535354880.0,78.77232142857142,13440,10096,402653184.0,40265318.4
HyperX,493,1535354880.0,78.7797619047619,13440,10096,402653184.0,40265318.4
HyperX,494,1535354880.0,78.78720238095238,13440,10096,402653184.0,40265318.4
HyperX,495,1535354880.0,78.79464285714286,13440,10096,402653184.0,40265318.4
HyperX,496,1535354880.0,78.80208333333333,13440,10096,402653184.0,40265318.4
HyperX,497,1535354880.0,78.80952380952381,13440,10096,402653184.0,40265318.4
HyperX,498,1535354880.0,78.81696428571429,13440,10096,402653184.0,40265318.4
HyperX,499,1535354880.0,78.82440476190476,13440,10096,402653184.0,40265318.4
HyperX,500,1535354880.0,78.83184523809523,13440,10096,402653184.0,40265318.4
HyperX,501,1535354880.0,78.83928571428571,13440,10096,402653184.0,40265318.4
HyperX,502,1535354880.0,78.84672619047619,13440,10096,402653184.0,40265318.4
HyperX,503,1535354880.0,78.85416666666667,13440,10096,402653184.0,40265318.4
HyperX,504,1535354880.0,78.86160714285714,13440,10096,402653184.0,40265318.4
HyperX,505,1535354880.0,78.86904761904762,13440,10096,402653184.0,40265318.4
HyperX,506,1535354880.0,78.8764880952381,13440,10096,402653184.0,40265318.4
HyperX,507,1535354880.0,78.88392857142857,13440,10096,402653184.0,40265318.4
HyperX,508,1535354880.0,78.89136904761904,13440,10096,402653184.0,40265318.4
HyperX,509,1535354880.0,78.89880952380952,13440,10096,402653184.0,40265318.4
HyperX,510,1535354880.0,78.90625,13440,10096,402653184.0,40265318.4
HyperX,511,1535354880.0,78.91369047619048,13440,10096,402653184.0,40265318.4
HyperX,512,1535354880.0,78.92113095238096,13440,10096,402653184.0,40265318.4
HyperX,513,1535354880.0,78.92857142857143,13440,10096,402653184.0,40265318.4
HyperX,514,1535354880.0,78.9360119047619,13440,10096,402653184.0,40265318.4
HyperX,515,1535354880.0,78.94345238095238,13440,10096,402653184.0,40265318.4
HyperX,516,1535354880.0,78.95089285714286,13440,10096,402653184.0,40265318.4
HyperX,517,1535354880.0,78.95833333333333,13440,10096,402653184.0,40265318.4
HyperX,518,1535354880.0,78.96577380952381,13440,10096,402653184.0,40265318.4
HyperX,519,1535354880.0,78.97321428571429,13440,10096,402653184.0,40265318.4
HyperX,520,1535354880.0,78.98065476190477,13440,10096,402653184.0,40265318.4
HyperX,521,1535354880.0,78.98809523809524,13440,10096,402653184.0,40265318.4
HyperX,522,1535354880.0,78.99553571428571,13440,10096,402653184.0,40265318.4
HyperX,523,1535354880.0,79.00297619047619,13440,10096,402653184.0,40265318.4
HyperX,524,1535354880.0,79.01041666666667,13440,10096,402653184.0,40265318.4
HyperX,525,1535354880.0,79.01785714285714,13440,10096,402653184.0,40265318.4
HyperX,526,1535354880.0,79.02529761904762,13440,10096,402653184.0,40265318.4
HyperX,527,1535354880.0,79.0327380952381,13440,10096,402653184.0,40265318.4
HyperX,528,1535354880.0,79.04017857142858,13440,10096,402653184.0,40265318.4
HyperX,529,1535354880.0,79.04761904761905,13440,10096,402653184.0,40265318.4
HyperX,530,1535354880.0,79.05505952380952,13440,10096,402653184.0,40265318.4
HyperX,531,1535354880.0,79.0625,13440,10096,402653184.0,40265318.4
HyperX,532,1535354880.0,79.06994047619048,13440,10096,402653184.0,40265318.4
HyperX,533,1535354880.0,79.07738095238095,13440,10096,402653184.0,40265318.4
HyperX,534,1535354880.0,79.08482142857143,13440,10096,402653184.0,40265318.4
HyperX,535,1535354880.0,79.09226190476191,13440,10096,402653184.0,40265318.4
HyperX,536,1535354880.0,79.09970238095238,13440,10096,402653184.0,40265318.4
HyperX,537,1535354880.0,79.10714285714285,13440,10096,402653184.0,40265318.4
HyperX,538,1535354880.0,79.11458333333333,13440,10096,402653184.0,40265318.4
HyperX,539,1535354880.0,79.12202380952381,13440,10096,402653184.0,40265318.4
HyperX,540,1535354880.0,79.12946428571429,13440,10096,402653184.0,40265318.4
HyperX,541,1535354880.0,79.13690476190476,13440,10096,402653184.0,40265318.4
HyperX,542,1535354880.0,79.14434523809524,13440,10096,402653184.0,40265318.4
HyperX,543,1535354880.0,79.15178571428572,13440,10096,402653184.0,40265318.4
HyperX,544,1535354880.0,79.15922619047619,13440,10096,402653184.0,40265318.4
HyperX,545,1535354880.0,79.16666666666666,13440,10096,402653184.0,40265318.4
HyperX,546,1535354880.0,79.17410714285714,13440,10096,402653184.0,40265318.4
HyperX,547,1535354880.0,79.18154761904762,13440,10096,402653184.0,40265318.4
HyperX,548,1535354880.0,79.1889880952381,13440,10096,402653184.0,40265318.4
HyperX,549,1535354880.0,79.19642857142857,13440,10096,402653184.0,40265318.4
HyperX,550,1535354880.0,79.20386904761905,13440,10096,402653184.0,40265318.4
HyperX,551,1535354880.0,79.21130952380952,13440,10096,402653184.0,40265318.4
HyperX,552,1535354880.0,79.21875,13440,10096,402653184.0,40265318.4
HyperX,553,1535354880.0,79.22619047619047,13440,10096,402653184.0,40265318.4
HyperX,554,1535354880.0,79.23363095238095,13440,10096,402653184.0,40265318.4
HyperX,555,1535354880.0,79.24107142857143,13440,10096,402653184.0,40265318.4
HyperX,556,1535354880.0,79.24851190476191,13440,10096,402653184.0,40265318.4
HyperX,557,1535354880.0,79.25595238095238,13440,10096,402653184.0,40265318.4
HyperX,558,1535354880.0,79.26339285714286,13440,10096,402653184.0,40265318.4
HyperX,559,1535354880.0,79.27083333333333,13440,10096,402653184.0,40265318.4
HyperX,560,1535354880.0,79.27827380952381,13440,10096,402653184.0,40265318.4
HyperX,561,1535354880.0,79.28571428571428,13440,10096,402653184.0,40265318.4
HyperX,562,1535354880.0,79.29315476190476,13440,10096,402653184.0,40265318.4
HyperX,563,1535354880.0,79.30059523809524,13440,10096,402653184.0,40265318.4
HyperX,564,1535354880.0,79.30803571428572,13440,10096,402653184.0,40265318.4
HyperX,565,1535354880.0,79.31547619047619,13440,10096,402653184.0,40265318.4
HyperX,566,1535354880.0,79.32291666666667,13440,10096,402653184.0,40265318.4
HyperX,567,1535354880.0,79.33035714285714,13440,10096,402653184.0,40265318.4
HyperX,568,1535354880.0,79.33779761904762,13440,10096,402653184.0,40265318.4
HyperX,569,1535354880.0,79.34523809523809,13440,10096,402653184.0,40265318.4
HyperX,570,1535354880.0,79.35267857142857,13440,10096,402653184.0,40265318.4
HyperX,571,1535354880.0,79.36011904761905,13440,10096,402653184.0,40265318.4
HyperX,572,1535354880.0,79.36755952380953,13440,10096,402653184.0,40265318.4
HyperX,573,1535354880.0,79.375,13440,10096,402653184.0,40265318.4
HyperX,574,1535354880.0,79.38244047619048,13440,10096,402653184.0,40265318.4
HyperX,575,1535354880.0,79.38988095238095,13440,10096,402653184.0,40265318.4
HyperX,576,1535354880.0,79.39732142857143,13440,10096,402653184.0,40265318.4
HyperX,577,1535354880.0,79.4047619047619,13440,10096,402653184.0,40265318.4
HyperX,578,1535354880.0,79.41220238095238,13440,10096,402653184.0,40265318.4
HyperX,579,1535354880.0,79.41964285714286,13440,10096,402653184.0,40265318.4
HyperX,580,1535354880.0,79.42708333333334,13440,10096,402653184.0,40265318.4
HyperX,581,1535354880.0,79.43452380952381,13440,10096,402653184.0,40265318.4
HyperX,582,1535354880.0,79.44196428571428,13440,10096,402653184.0,40265318.4
HyperX,583,1535354880.0,79.44940476190476,13440,10096,402653184.0,40265318.4
HyperX,584,1535354880.0,79.45684523809524,13440,10096,402653184.0,40265318.4
HyperX,585,1535354880.0,79.46428571428571,13440,10096,402653184.0,40265318.4
HyperX,586,1535354880.0,79.47172619047619,13440,10096,402653184.0,40265318.4
HyperX,587,1535354880.0,79.47916666666667,13440,10096,402653184.0,40265318.4
HyperX,588,1535354880.0,79.48660714285715,13440,10096,402653184.0,40265318.4
HyperX,589,1535354880.0,79.49404761904762,13440,10096,402653184.0,40265318.4
HyperX,590,1535354880.0,79.50148809523809,13440,10096,402653184.0,40265318.4
HyperX,591,1535354880.0,79.50892857142857,13440,10096,402653184.0,40265318.4
HyperX,592,1535354880.0,79.51636904761905,13440,10096,402653184.0,40265318.4
HyperX,593,1535354880.0,79.52380952380952,13440,10096,402653184.0,40265318.4
HyperX,594,1535354880.0,79.53125,13440,10096,402653184.0,40265318.4
HyperX,595,1535354880.0,79.53869047619048,13440,10096,402653184.0,40265318.4
HyperX,596,1535354880.0,79.54613095238095,13440,10096,402653184.0,40265318.4
HyperX,597,1535354880.0,79.55357142857142,13440,10096,402653184.0,40265318.4
HyperX,598,1535354880.0,79.5610119047619,13440,10096,402653184.0,40265318.4
HyperX,599,1535354880.0,79.56845238095238,13440,10096,402653184.0,40265318.4
HyperX,600,1535354880.0,79.57589285714286,13440,10096,402653184.0,40265318.4
HyperX,601,1535354880.0,79.58333333333333,13440,10096,402653184.0,40265318.4
HyperX,602,1535354880.0,79.59077380952381,13440,10096,402653184.0,40265318.4
HyperX,603,1535354880.0,79.59821428571429,13440,10096,402653184.0,40265318.4
HyperX,604,1535354880.0,79.60565476190476,13440,10096,402653184.0,40265318.4
HyperX,605,1535354880.0,79.61309523809523,13440,10096,402653184.0,40265318.4
HyperX,606,1535354880.0,79.62053571428571,13440,10096,402653184.0,40265318.4
HyperX,607,1535354880.0,79.62797619047619,13440,10096,402653184.0,40265318.4
HyperX,608,1535354880.0,79.63541666666667,13440,10096,402653184.0,40265318.4
HyperX,609,1535354880.0,79.64285714285714,13440,10096,402653184.0,40265318.4
HyperX,610,1535354880.0,79.65029761904762,13440,10096,402653184.0,40265318.4
HyperX,611,1535354880.0,79.6577380952381,13440,10096,402653184.0,40265318.4
HyperX,612,1535354880.0,79.66517857142857,13440,10096,402653184.0,40265318.4
HyperX,613,1535354880.0,79.67261904761904,13440,10096,402653184.0,40265318.4
HyperX,614,1535354880.0,79.68005952380952,13440,10096,402653184.0,40265318.4
HyperX,615,1535354880.0,79.6875,13440,10096,402653184.0,40265318.4
HyperX,616,1535354880.0,79.69494047619048,13440,10096,402653184.0,40265318.4
HyperX,617,1535354880.0,79.70238095238096,13440,10096,402653184.0,40265318.4
HyperX,618,1535354880.0,79.70982142857143,13440,10096,402653184.0,40265318.4
HyperX,619,1535354880.0,79.7172619047619,13440,10096,402653184.0,40265318.4
HyperX,620,1535354880.0,79.72470238095238,13440,10096,402653184.0,40265318.4
HyperX,621,1535354880.0,79.73214285714286,13440,10096,402653184.0,40265318.4
HyperX,622,1535354880.0,79.73958333333333,13440,10096,402653184.0,40265318.4
HyperX,623,1535354880.0,79.74702380952381,13440,10096,402653184.0,40265318.4
HyperX,624,1535354880.0,79.75446428571429,13440,10096,402653184.0,40265318.4
HyperX,625,1535354880.0,79.76190476190477,13440,10096,402653184.0,40265318.4
HyperX,626,1535354880.0,79.76934523809524,13440,10096,402653184.0,40265318.4
HyperX,627,1535354880.0,79.77678571428571,13440,10096,402653184.0,40265318.4
HyperX,628,1535354880.0,79.78422619047619,13440,10096,402653184.0,40265318.4
HyperX,629,1535354880.0,79.79166666666667,13440,10096,402653184.0,40265318.4
HyperX,630,1535354880.0,79.79910714285714,13440,10096,402653184.0,40265318.4
HyperX,631,1535354880.0,79.80654761904762,13440,10096,402653184.0,40265318.4
HyperX,632,1535354880.0,79.8139880952381,13440,10096,402653184.0,40265318.4
HyperX,633,1535354880.0,79.82142857142858,13440,10096,402653184.0,40265318.4
HyperX,634,1535354880.0,79.82886904761905,13440,10096,402653184.0,40265318.4
HyperX,635,1535354880.0,79.83630952380952,13440,10096,402653184.0,40265318.4
HyperX,636,1535354880.0,79.84375,13440,10096,402653184.0,40265318.4
HyperX,637,1535354880.0,79.85119047619048,13440,10096,402653184.0,40265318.4
HyperX,638,1535354880.0,79.85863095238095,13440,10096,402653184.0,40265318.4
HyperX,639,1535354880.0,79.86607142857143,13440,10096,402653184.0,40265318.4
HyperX,640,1535354880.0,79.87351190476191,13440,10096,402653184.0,40265318.4
HyperX,641,1535354880.0,79.88095238095238,13440,10096,402653184.0,40265318.4
HyperX,642,1535354880.0,79.88839285714285,13440,10096,402653184.0,40265318.4
HyperX,643,1535354880.0,79.89583333333333,13440,10096,402653184.0,40265318.4
HyperX,644,1535354880.0,79.90327380952381,13440,10096,402653184.0,40265318.4
HyperX,645,1535354880.0,79.91071428571429,13440,10096,402653184.0,40265318.4
HyperX,646,1535354880.0,79.91815476190476,13440,10096,402653184.0,40265318.4
HyperX,647,1535354880.0,79.92559523809524,13440,10096,402653184.0,40265318.4
HyperX,648,1535354880.0,79.93303571428572,13440,10096,402653184.0,40265318.4
HyperX,649,1535354880.0,79.94047619047619,13440,10096,402653184.0,40265318.4
HyperX,650,1535354880.0,79.94791666666666,13440,10096,402653184.0,40265318.4
HyperX,651,1535354880.0,79.95535714285714,13440,10096,402653184.0,40265318.4
HyperX,652,1535354880.0,79.96279761904762,13440,10096,402653184.0,40265318.4
HyperX,653,1535354880.0,79.9702380952381,13440,10096,402653184.0,40265318.4
HyperX,654,1535354880.0,79.97767857142857,13440,10096,402653184.0,40265318.4
HyperX,655,1535354880.0,79.98511904761905,13440,10096,402653184.0,40265318.4
HyperX,656,1535354880.0,79.99255952380952,13440,10096,402653184.0,40265318.4
HyperX,657,1535354880.0,80.0,13440,10096,402653184.0,40265318.4
HyperX,658,1535354880.0,80.00744047619047,13440,10096,402653184.0,40265318.4
HyperX,659,1535354880.0,80.01488095238095,13440,10096,402653184.0,40265318.4
HyperX,660,1535354880.0,80.02232142857143,13440,10096,402653184.0,40265318.4
HyperX,661,1535354880.0,80.02976190476191,13440,10096,402653184.0,40265318.4
HyperX,662,1535354880.0,80.03720238095238,13440,10096,402653184.0,40265318.4
HyperX,663,1535354880.0,80.04464285714286,13440,10096,402653184.0,40265318.4
HyperX,664,1535354880.0,80.05208333333333,13440,10096,402653184.0,40265318.4
HyperX,665,1535354880.0,80.05952380952381,13440,10096,402653184.0,40265318.4
HyperX,666,1535354880.0,80.06696428571428,13440,10096,402653184.0,40265318.4
HyperX,667,1535354880.0,80.07440476190476,13440,10096,402653184.0,40265318.4
HyperX,668,1535354880.0,80.08184523809524,13440,10096,402653184.0,40265318.4
HyperX,669,1535354880.0,80.08928571428572,13440,10096,402653184.0,40265318.4
HyperX,670,1535354880.0,80.09672619047619,13440,10096,402653184.0,40265318.4
HyperX,671,1535354880.0,80.10416666666667,13440,10096,402653184.0,40265318.4
HyperX,672,1535354880.0,80.11160714285714,13440,10096,402653184.0,40265318.4
HyperX,673,1535354880.0,80.11904761904762,13440,10096,402653184.0,40265318.4
HyperX,674,1535354880.0,80.12648809523809,13440,10096,402653184.0,40265318.4
HyperX,675,1535354880.0,80.13392857142857,13440,10096,402653184.0,40265318.4
HyperX,676,1535354880.0,80.14136904761905,13440,10096,402653184.0,40265318.4
HyperX,677,1535354880.0,80.14880952380953,13440,10096,402653184.0,40265318.4
HyperX,678,1535354880.0,80.15625,13440,10096,402653184.0,40265318.4
HyperX,679,1535354880.0,80.16369047619048,13440,10096,402653184.0,40265318.4
HyperX,680,1535354880.0,80.17113095238095,13440,10096,402653184.0,40265318.4
HyperX,681,1535354880.0,80.17857142857143,13440,10096,402653184.0,40265318.4
HyperX,682,1535354880.0,80.1860119047619,13440,10096,402653184.0,40265318.4
HyperX,683,1535354880.0,80.19345238095238,13440,10096,402653184.0,40265318.4
HyperX,684,1535354880.0,80.20089285714286,13440,10096,402653184.0,40265318.4
HyperX,685,1535354880.0,80.20833333333334,13440,10096,402653184.0,40265318.4
HyperX,686,1535354880.0,80.21577380952381,13440,10096,402653184.0,40265318.4
HyperX,687,1535354880.0,80.22321428571428,13440,10096,402653184.0,40265318.4
HyperX,688,1535354880.0,80.23065476190476,13440,10096,402653184.0,40265318.4
HyperX,689,1535354880.0,80.23809523809524,13440,10096,402653184.0,40265318.4
HyperX,690,1535354880.0,80.24553571428571,13440,10096,402653184.0,40265318.4
HyperX,691,1535354880.0,80.25297619047619,13440,10096,402653184.0,40265318.4
HyperX,692,1535354880.0,80.26041666666667,13440,10096,402653184.0,40265318.4
HyperX,693,1535354880.0,80.26785714285715,13440,10096,402653184.0,40265318.4
HyperX,694,1535354880.0,80.27529761904762,13440,10096,402653184.0,40265318.4
HyperX,695,1535354880.0,80.28273809523809,13440,10096,402653184.0,40265318.4
HyperX,696,1535354880.0,80.29017857142857,13440,10096,402653184.0,40265318.4
HyperX,697,1535354880.0,80.29761904761905,13440,10096,402653184.0,40265318.4
HyperX,698,1535354880.0,80.30505952380952,13440,10096,402653184.0,40265318.4
HyperX,699,1535354880.0,80.3125,13440,10096,402653184.0,40265318.4
HyperX,700,1535354880.0,80.31994047619048,13440,10096,402653184.0,40265318.4
HyperX,701,1535354880.0,80.32738095238095,13440,10096,402653184.0,40265318.4
HyperX,702,1535354880.0,80.33482142857142,13440,10096,402653184.0,40265318.4
HyperX,703,1535354880.0,80.3422619047619,13440,10096,402653184.0,40265318.4
HyperX,704,1535354880.0,80.34970238095238,13440,10096,402653184.0,40265318.4
HyperX,705,1535354880.0,80.35714285714286,13440,10096,402653184.0,40265318.4
HyperX,706,1535354880.0,80.36458333333333,13440,10096,402653184.0,40265318.4
HyperX,707,1535354880.0,80.37202380952381,13440,10096,402653184.0,40265318.4
HyperX,708,1535354880.0,80.37946428571429,13440,10096,402653184.0,40265318.4
HyperX,709,1535354880.0,80.38690476190476,13440,10096,402653184.0,40265318.4
HyperX,710,1535354880.0,80.39434523809523,13440,10096,402653184.0,40265318.4
HyperX,711,1535354880.0,80.40178571428571,13440,10096,402653184.0,40265318.4
HyperX,712,1535354880.0,80.40922619047619,13440,10096,402653184.0,40265318.4
HyperX,713,1535354880.0,80.41666666666667,13440,10096,402653184.0,40265318.4
HyperX,714,1535354880.0,80.42410714285714,13440,10096,402653184.0,40265318.4
HyperX,715,1535354880.0,80.43154761904762,13440,10096,402653184.0,40265318.4
HyperX,716,1535354880.0,80.4389880952381,13440,10096,402653184.0,40265318.4
HyperX,717,1535354880.0,80.44642857142857,13440,10096,402653184.0,40265318.4
HyperX,718,1535354880.0,80.45386904761904,13440,10096,402653184.0,40265318.4
HyperX,719,1535354880.0,80.46130952380952,13440,10096,402653184.0,40265318.4
HyperX,720,1535354880.0,80.46875,13440,10096,402653184.0,40265318.4
HyperX,721,1535354880.0,80.47619047619048,13440,10096,402653184.0,40265318.4
HyperX,722,1535354880.0,80.48363095238096,13440,10096,402653184.0,40265318.4
HyperX,723,1535354880.0,80.49107142857143,13440,10096,402653184.0,40265318.4
HyperX,724,1535354880.0,80.4985119047619,13440,10096,402653184.0,40265318.4
HyperX,725,1535354880.0,80.50595238095238,13440,10096,402653184.0,40265318.4
HyperX,726,1535354880.0,80.51339285714286,13440,10096,402653184.0,40265318.4
HyperX,727,1535354880.0,80.52083333333333,13440,10096,402653184.0,40265318.4
HyperX,728,1535354880.0,80.52827380952381,13440,10096,402653184.0,40265318.4
HyperX,729,1535354880.0,80.53571428571429,13440,10096,402653184.0,40265318.4
HyperX,730,1535354880.0,80.54315476190477,13440,10096,402653184.0,40265318.4
HyperX,731,1535354880.0,80.55059523809524,13440,10096,402653184.0,40265318.4
HyperX,732,1535354880.0,80.55803571428571,13440,10096,402653184.0,40265318.4
HyperX,733,1535354880.0,80.56547619047619,13440,10096,402653184.0,40265318.4
HyperX,734,1535354880.0,80.57291666666667,13440,10096,402653184.0,40265318.4
HyperX,735,1535354880.0,80.58035714285714,13440,10096,402653184.0,40265318.4
HyperX,736,1535354880.0,80.58779761904762,13440,10096,402653184.0,40265318.4
HyperX,737,1535354880.0,80.5952380952381,13440,10096,402653184.0,40265318.4
HyperX,738,1535354880.0,80.60267857142858,13440,10096,402653184.0,40265318.4
HyperX,739,1535354880.0,80.61011904761905,13440,10096,402653184.0,40265318.4
HyperX,740,1535354880.0,80.61755952380952,13440,10096,402653184.0,40265318.4
HyperX,741,1535354880.0,80.625,13440,10096,402653184.0,40265318.4
HyperX,742,1535354880.0,80.63244047619048,13440,10096,402653184.0,40265318.4
HyperX,743,1535354880.0,80.63988095238095,13440,10096,402653184.0,40265318.4
HyperX,744,1535354880.0,80.64732142857143,13440,10096,402653184.0,40265318.4
HyperX,745,1535354880.0,80.65476190476191,13440,10096,402653184.0,40265318.4
HyperX,746,1535354880.0,80.66220238095238,13440,10096,402653184.0,40265318.4
HyperX,747,1535354880.0,80.66964285714285,13440,10096,402653184.0,40265318.4
HyperX,748,1535354880.0,80.67708333333333,13440,10096,402653184.0,40265318.4
HyperX,749,1535354880.0,80.68452380952381,13440,10096,402653184.0,40265318.4
HyperX,750,1535354880.0,80.69196428571429,13440,10096,402653184.0,40265318.4
HyperX,751,1535354880.0,80.69940476190476,13440,10096,402653184.0,40265318.4
HyperX,752,1535354880.0,80.70684523809524,13440,10096,402653184.0,40265318.4
HyperX,753,1535354880.0,80.71428571428572,13440,10096,402653184.0,40265318.4
HyperX,754,1535354880.0,80.72172619047619,13440,10096,402653184.0,40265318.4
HyperX,755,1535354880.0,80.72916666666666,13440,10096,402653184.0,40265318.4
HyperX,756,1535354880.0,80.73660714285714,13440,10096,402653184.0,40265318.4
HyperX,757,1535354880.0,80.74404761904762,13440,10096,402653184.0,40265318.4
HyperX,758,1535354880.0,80.7514880952381,13440,10096,402653184.0,40265318.4
HyperX,759,1535354880.0,80.75892857142857,13440,10096,402653184.0,40265318.4
HyperX,760,1535354880.0,80.76636904761905,13440,10096,402653184.0,40265318.4
HyperX,761,1535354880.0,80.77380952380952,13440,10096,402653184.0,40265318.4
HyperX,762,1535354880.0,80.78125,13440,10096,402653184.0,40265318.4
HyperX,763,1535354880.0,80.78869047619047,13440,10096,402653184.0,40265318.4
HyperX,764,1535354880.0,80.79613095238095,13440,10096,402653184.0,40265318.4
HyperX,765,1535354880.0,80.80357142857143,13440,10096,402653184.0,40265318.4
HyperX,766,1535354880.0,80.81101190476191,13440,10096,402653184.0,40265318.4
HyperX,767,1535354880.0,80.81845238095238,13440,10096,402653184.0,40265318.4
HyperX,768,1535354880.0,80.82589285714286,13440,10096,402653184.0,40265318.4
HyperX,769,1535354880.0,80.83333333333333,13440,10096,402653184.0,40265318.4
HyperX,770,1535354880.0,80.84077380952381,13440,10096,402653184.0,40265318.4
HyperX,771,1535354880.0,80.84821428571428,13440,10096,402653184.0,40265318.4
HyperX,772,1535354880.0,80.85565476190476,13440,10096,402653184.0,40265318.4
HyperX,773,1535354880.0,80.86309523809524,13440,10096,402653184.0,40265318.4
HyperX,774,1535354880.0,80.87053571428572,13440,10096,402653184.0,40265318.4
HyperX,775,1535354880.0,80.87797619047619,13440,10096,402653184.0,40265318.4
HyperX,776,1535354880.0,80.88541666666667,13440,10096,402653184.0,40265318.4
HyperX,777,1535354880.0,80.89285714285714,13440,10096,402653184.0,40265318.4
HyperX,778,1535354880.0,80.90029761904762,13440,10096,402653184.0,40265318.4
HyperX,779,1535354880.0,80.90773809523809,13440,10096,402653184.0,40265318.4
HyperX,780,1535354880.0,80.91517857142857,13440,10096,402653184.0,40265318.4
HyperX,781,1535354880.0,80.92261904761905,13440,10096,402653184.0,40265318.4
HyperX,782,1535354880.0,80.93005952380953,13440,10096,402653184.0,40265318.4
HyperX,783,1535354880.0,80.9375,13440,10096,402653184.0,40265318.4
HyperX,784,1535354880.0,80.94494047619048,13440,10096,402653184.0,40265318.4
HyperX,785,1535354880.0,80.95238095238095,13440,10096,402653184.0,40265318.4
HyperX,786,1535354880.0,80.95982142857143,13440,10096,402653184.0,40265318.4
HyperX,787,1535354880.0,80.9672619047619,13440,10096,402653184.0,40265318.4
HyperX,788,1535354880.0,80.97470238095238,13440,10096,402653184.0,40265318.4
HyperX,789,1535354880.0,80.98214285714286,13440,10096,402653184.0,40265318.4
HyperX,790,1535354880.0,80.98958333333334,13440,10096,402653184.0,40265318.4
HyperX,791,1535354880.0,80.99702380952381,13440,10096,402653184.0,40265318.4
HyperX,792,1535354880.0,81.00446428571428,13440,10096,402653184.0,40265318.4
HyperX,793,1535354880.0,81.01190476190476,13440,10096,402653184.0,40265318.4
HyperX,794,1535354880.0,81.01934523809524,13440,10096,402653184.0,40265318.4
HyperX,795,1535354880.0,81.02678571428571,13440,10096,402653184.0,40265318.4
HyperX,796,1535354880.0,81.03422619047619,13440,10096,402653184.0,40265318.4
HyperX,797,1535354880.0,81.04166666666667,13440,10096,402653184.0,40265318.4
HyperX,798,1535354880.0,81.04910714285715,13440,10096,402653184.0,40265318.4
HyperX,799,1535354880.0,81.05654761904762,13440,10096,402653184.0,40265318.4
HyperX,800,1535354880.0,81.06398809523809,13440,10096,402653184.0,40265318.4
HyperX,801,1535354880.0,81.07142857142857,13440,10096,402653184.0,40265318.4
HyperX,802,1535354880.0,81.07886904761905,13440,10096,402653184.0,40265318.4
HyperX,803,1535354880.0,81.08630952380952,13440,10096,402653184.0,40265318.4
HyperX,804,1535354880.0,81.09375,13440,10096,402653184.0,40265318.4
HyperX,805,1535354880.0,81.10119047619048,13440,10096,402653184.0,40265318.4
HyperX,806,1535354880.0,81.10863095238095,13440,10096,402653184.0,40265318.4
HyperX,807,1535354880.0,81.11607142857142,13440,10096,402653184.0,40265318.4
HyperX,808,1535354880.0,81.1235119047619,13440,10096,402653184.0,40265318.4
HyperX,809,1535354880.0,81.13095238095238,13440,10096,402653184.0,40265318.4
HyperX,810,1535354880.0,81.13839285714286,13440,10096,402653184.0,40265318.4
HyperX,811,1535354880.0,81.14583333333333,13440,10096,402653184.0,40265318.4
HyperX,812,1535354880.0,81.15327380952381,13440,10096,402653184.0,40265318.4
HyperX,813,1535354880.0,81.16071428571429,13440,10096,402653184.0,40265318.4
HyperX,814,1535354880.0,81.16815476190476,13440,10096,402653184.0,40265318.4
HyperX,815,1535354880.0,81.17559523809523,13440,10096,402653184.0,40265318.4
HyperX,816,1535354880.0,81.18303571428571,13440,10096,402653184.0,40265318.4
HyperX,817,1535354880.0,81.19047619047619,13440,10096,402653184.0,40265318.4
HyperX,818,1535354880.0,81.19791666666667,13440,10096,402653184.0,40265318.4
HyperX,819,1535354880.0,81.20535714285714,13440,10096,402653184.0,40265318.4
HyperX,820,1535354880.0,81.21279761904762,13440,10096,402653184.0,40265318.4
HyperX,821,1535354880.0,81.2202380952381,13440,10096,402653184.0,40265318.4
HyperX,822,1535354880.0,81.22767857142857,13440,10096,402653184.0,40265318.4
HyperX,823,1535354880.0,81.23511904761904,13440,10096,402653184.0,40265318.4
HyperX,824,1535354880.0,81.24255952380952,13440,10096,402653184.0,40265318.4
HyperX,825,1535354880.0,81.25,13440,10096,402653184.0,40265318.4
HyperX,826,1535354880.0,81.25744047619048,13440,10096,402653184.0,40265318.4
HyperX,827,1535354880.0,81.26488095238096,13440,10096,402653184.0,40265318.4
HyperX,828,1535354880.0,81.27232142857143,13440,10096,402653184.0,40265318.4
HyperX,829,1535354880.0,81.2797619047619,13440,10096,402653184.0,40265318.4
HyperX,830,1535354880.0,81.28720238095238,13440,10096,402653184.0,40265318.4
HyperX,831,1535354880.0,81.29464285714286,13440,10096,402653184.0,40265318.4
HyperX,832,1535354880.0,81.30208333333333,13440,10096,402653184.0,40265318.4
HyperX,833,1535354880.0,81.30952380952381,13440,10096,402653184.0,40265318.4
HyperX,834,1535354880.0,81.31696428571429,13440,10096,402653184.0,40265318.4
HyperX,835,1535354880.0,81.32440476190477,13440,10096,402653184.0,40265318.4
HyperX,836,1535354880.0,81.33184523809524,13440,10096,402653184.0,40265318.4
HyperX,837,1535354880.0,81.33928571428571,13440,10096,402653184.0,40265318.4
HyperX,838,1535354880.0,81.34672619047619,13440,10096,402653184.0,40265318.4
HyperX,839,1535354880.0,81.35416666666667,13440,10096,402653184.0,40265318.4
HyperX,840,1535354880.0,81.36160714285714,13440,10096,402653184.0,40265318.4
HyperX,841,1535354880.0,81.36904761904762,13440,10096,402653184.0,40265318.4
HyperX,842,1535354880.0,81.3764880952381,13440,10096,402653184.0,40265318.4
HyperX,843,1535354880.0,81.38392857142858,13440,10096,402653184.0,40265318.4
HyperX,844,1535354880.0,81.39136904761905,13440,10096,402653184.0,40265318.4
HyperX,845,1535354880.0,81.39880952380952,13440,10096,402653184.0,40265318.4
HyperX,846,1535354880.0,81.40625,13440,10096,402653184.0,40265318.4
HyperX,847,1535354880.0,81.41369047619048,13440,10096,402653184.0,40265318.4
HyperX,848,1535354880.0,81.42113095238095,13440,10096,402653184.0,40265318.4
HyperX,849,1535354880.0,81.42857142857143,13440,10096,402653184.0,40265318.4
HyperX,850,1535354880.0,81.43601190476191,13440,10096,402653184.0,40265318.4
HyperX,851,1535354880.0,81.44345238095238,13440,10096,402653184.0,40265318.4
HyperX,852,1535354880.0,81.45089285714285,13440,10096,402653184.0,40265318.4
HyperX,853,1535354880.0,81.45833333333333,13440,10096,402653184.0,40265318.4
HyperX,854,1535354880.0,81.46577380952381,13440,10096,402653184.0,40265318.4
HyperX,855,1535354880.0,81.47321428571429,13440,10096,402653184.0,40265318.4
HyperX,856,1535354880.0,81.48065476190476,13440,10096,402653184.0,40265318.4
HyperX,857,1535354880.0,81.48809523809524,13440,10096,402653184.0,40265318.4
HyperX,858,1535354880.0,81.49553571428572,13440,10096,402653184.0,40265318.4
HyperX,859,1535354880.0,81.50297619047619,13440,10096,402653184.0,40265318.4
HyperX,860,1535354880.0,81.51041666666666,13440,10096,402653184.0,40265318.4
HyperX,861,1535354880.0,81.51785714285714,13440,10096,402653184.0,40265318.4
HyperX,862,1535354880.0,81.52529761904762,13440,10096,402653184.0,40265318.4
HyperX,863,1535354880.0,81.5327380952381,13440,10096,402653184.0,40265318.4
HyperX,864,1535354880.0,81.54017857142857,13440,10096,402653184.0,40265318.4
HyperX,865,1535354880.0,81.54761904761905,13440,10096,402653184.0,40265318.4
HyperX,866,1535354880.0,81.55505952380952,13440,10096,402653184.0,40265318.4
HyperX,867,1535354880.0,81.5625,13440,10096,402653184.0,40265318.4
HyperX,868,1535354880.0,81.56994047619047,13440,10096,402653184.0,40265318.4
HyperX,869,1535354880.0,81.57738095238095,13440,10096,402653184.0,40265318.4
HyperX,870,1535354880.0,81.58482142857143,13440,10096,402653184.0,40265318.4
HyperX,871,1535354880.0,81.59226190476191,13440,10096,402653184.0,40265318.4
HyperX,872,1535354880.0,81.59970238095238,13440,10096,402653184.0,40265318.4
HyperX,873,1535354880.0,81.60714285714286,13440,10096,402653184.0,40265318.4
HyperX,874,1535354880.0,81.61458333333333,13440,10096,402653184.0,40265318.4
HyperX,875,1535354880.0,81.62202380952381,13440,10096,402653184.0,40265318.4
HyperX,876,1535354880.0,81.62946428571428,13440,10096,402653184.0,40265318.4
HyperX,877,1535354880.0,81.63690476190476,13440,10096,402653184.0,40265318.4
HyperX,878,1535354880.0,81.64434523809524,13440,10096,402653184.0,40265318.4
HyperX,879,1535354880.0,81.65178571428572,13440,10096,402653184.0,40265318.4
HyperX,880,1535354880.0,81.65922619047619,13440,10096,402653184.0,40265318.4
HyperX,881,1535354880.0,81.66666666666667,13440,10096,402653184.0,40265318.4
HyperX,882,1535354880.0,81.67410714285714,13440,10096,402653184.0,40265318.4
HyperX,883,1535354880.0,81.68154761904762,13440,10096,402653184.0,40265318.4
HyperX,884,1535354880.0,81.68898809523809,13440,10096,402653184.0,40265318.4
HyperX,885,1535354880.0,81.69642857142857,13440,10096,402653184.0,40265318.4
HyperX,886,1535354880.0,81.70386904761905,13440,10096,402653184.0,40265318.4
HyperX,887,1535354880.0,81.71130952380953,13440,10096,402653184.0,40265318.4
HyperX,888,1535354880.0,81.71875,13440,10096,402653184.0,40265318.4
HyperX,889,1535354880.0,81.72619047619048,13440,10096,402653184.0,40265318.4
HyperX,890,1535354880.0,81.73363095238095,13440,10096,402653184.0,40265318.4
HyperX,891,1535354880.0,81.74107142857143,13440,10096,402653184.0,40265318.4
HyperX,892,1535354880.0,81.7485119047619,13440,10096,402653184.0,40265318.4
HyperX,893,1535354880.0,81.75595238095238,13440,10096,402653184.0,40265318.4
HyperX,894,1535354880.0,81.76339285714286,13440,10096,402653184.0,40265318.4
HyperX,895,1535354880.0,81.77083333333334,13440,10096,402653184.0,40265318.4
HyperX,896,1535354880.0,81.77827380952381,13440,10096,402653184.0,40265318.4
HyperX,897,1535354880.0,81.78571428571428,13440,10096,402653184.0,40265318.4
HyperX,898,1535354880.0,81.79315476190476,13440,10096,402653184.0,40265318.4
HyperX,899,1535354880.0,81.80059523809524,13440,10096,402653184.0,40265318.4
HyperX,900,1535354880.0,81.80803571428571,13440,10096,402653184.0,40265318.4
HyperX,901,1535354880.0,81.81547619047619,13440,10096,402653184.0,40265318.4
HyperX,902,1535354880.0,81.82291666666667,13440,10096,402653184.0,40265318.4
HyperX,903,1535354880.0,81.83035714285715,13440,10096,402653184.0,40265318.4
HyperX,904,1535354880.0,81.83779761904762,13440,10096,402653184.0,40265318.4
HyperX,905,1535354880.0,81.84523809523809,13440,10096,402653184.0,40265318.4
HyperX,906,1535354880.0,81.85267857142857,13440,10096,402653184.0,40265318.4
HyperX,907,1535354880.0,81.86011904761905,13440,10096,402653184.0,40265318.4
HyperX,908,1535354880.0,81.86755952380952,13440,10096,402653184.0,40265318.4
HyperX,909,1535354880.0,81.875,13440,10096,402653184.0,40265318.4
HyperX,910,1535354880.0,81.88244047619048,13440,10096,402653184.0,40265318.4
HyperX,911,1535354880.0,81.88988095238095,13440,10096,402653184.0,40265318.4
HyperX,912,1535354880.0,81.89732142857142,13440,10096,402653184.0,40265318.4
HyperX,913,1535354880.0,81.9047619047619,13440,10096,402653184.0,40265318.4
HyperX,914,1535354880.0,81.91220238095238,13440,10096,402653184.0,40265318.4
HyperX,915,1535354880.0,81.91964285714286,13440,10096,402653184.0,40265318.4
HyperX,916,1535354880.0,81.92708333333333,13440,10096,402653184.0,40265318.4
HyperX,917,1535354880.0,81.93452380952381,13440,10096,402653184.0,40265318.4
HyperX,918,1535354880.0,81.94196428571429,13440,10096,402653184.0,40265318.4
HyperX,919,1535354880.0,81.94940476190476,13440,10096,402653184.0,40265318.4
HyperX,920,1535354880.0,81.95684523809523,13440,10096,402653184.0,40265318.4
HyperX,921,1535354880.0,81.96428571428571,13440,10096,402653184.0,40265318.4
HyperX,922,1535354880.0,81.97172619047619,13440,10096,402653184.0,40265318.4
HyperX,923,1535354880.0,81.97916666666667,13440,10096,402653184.0,40265318.4
HyperX,924,1535354880.0,81.98660714285714,13440,10096,402653184.0,40265318.4
HyperX,925,1535354880.0,81.99404761904762,13440,10096,402653184.0,40265318.4
HyperX,926,1535354880.0,82.0014880952381,13440,10096,402653184.0,40265318.4
HyperX,927,1535354880.0,82.00892857142857,13440,10096,402653184.0,40265318.4
HyperX,928,1535354880.0,82.01636904761904,13440,10096,402653184.0,40265318.4
HyperX,929,1535354880.0,82.02380952380952,13440,10096,402653184.0,40265318.4
HyperX,930,1535354880.0,82.03125,13440,10096,402653184.0,40265318.4
HyperX,931,1535354880.0,82.03869047619048,13440,10096,402653184.0,40265318.4
HyperX,932,1535354880.0,82.04613095238096,13440,10096,402653184.0,40265318.4
HyperX,933,1535354880.0,82.05357142857143,13440,10096,402653184.0,40265318.4
HyperX,934,1535354880.0,82.0610119047619,13440,10096,402653184.0,40265318.4
HyperX,935,1535354880.0,82.06845238095238,13440,10096,402653184.0,40265318.4
HyperX,936,1535354880.0,82.07589285714286,13440,10096,402653184.0,40265318.4
HyperX,937,1535354880.0,82.08333333333333,13440,10096,402653184.0,40265318.4
HyperX,938,1535354880.0,82.09077380952381,13440,10096,402653184.0,40265318.4
HyperX,939,1535354880.0,82.09821428571429,13440,10096,402653184.0,40265318.4
HyperX,940,1535354880.0,82.10565476190477,13440,10096,402653184.0,40265318.4
HyperX,941,1535354880.0,82.11309523809524,13440,10096,402653184.0,40265318.4
HyperX,942,1535354880.0,82.12053571428571,13440,10096,402653184.0,40265318.4
HyperX,943,1535354880.0,82.12797619047619,13440,10096,402653184.0,40265318.4
HyperX,944,1535354880.0,82.13541666666667,13440,10096,402653184.0,40265318.4
HyperX,945,1535354880.0,82.14285714285714,13440,10096,402653184.0,40265318.4
HyperX,946,1535354880.0,82.15029761904762,13440,10096,402653184.0,40265318.4
HyperX,947,1535354880.0,82.1577380952381,13440,10096,402653184.0,40265318.4
HyperX,948,1535354880.0,82.16517857142858,13440,10096,402653184.0,40265318.4
HyperX,949,1535354880.0,82.17261904761905,13440,10096,402653184.0,40265318.4
HyperX,950,1535354880.0,82.18005952380952,13440,10096,402653184.0,40265318.4
HyperX,951,1535354880.0,82.1875,13440,10096,402653184.0,40265318.4
HyperX,952,1535354880.0,82.19494047619048,13440,10096,402653184.0,40265318.4
HyperX,953,1535354880.0,82.20238095238095,13440,10096,402653184.0,40265318.4
HyperX,954,1535354880.0,82.20982142857143,13440,10096,402653184.0,40265318.4
HyperX,955,1535354880.0,82.21726190476191,13440,10096,402653184.0,40265318.4
HyperX,956,1535354880.0,82.22470238095238,13440,10096,402653184.0,40265318.4
HyperX,957,1535354880.0,82.23214285714285,13440,10096,402653184.0,40265318.4
HyperX,958,1535354880.0,82.23958333333333,13440,10096,402653184.0,40265318.4
HyperX,959,1535354880.0,82.24702380952381,13440,10096,402653184.0,40265318.4
HyperX,960,1535354880.0,82.25446428571429,13440,10096,402653184.0,40265318.4
HyperX,961,1535354880.0,82.26190476190476,13440,10096,402653184.0,40265318.4
HyperX,962,1535354880.0,82.26934523809524,13440,10096,402653184.0,40265318.4
HyperX,963,1535354880.0,82.27678571428572,13440,10096,402653184.0,40265318.4
HyperX,964,1535354880.0,82.28422619047619,13440,10096,402653184.0,40265318.4
HyperX,965,1535354880.0,82.29166666666666,13440,10096,402653184.0,40265318.4
HyperX,966,1535354880.0,82.29910714285714,13440,10096,402653184.0,40265318.4
HyperX,967,1535354880.0,82.30654761904762,13440,10096,402653184.0,40265318.4
HyperX,968,1535354880.0,82.3139880952381,13440,10096,402653184.0,40265318.4
HyperX,969,1535354880.0,82.32142857142857,13440,10096,402653184.0,40265318.4
HyperX,970,1535354880.0,82.32886904761905,13440,10096,402653184.0,40265318.4
HyperX,971,1535354880.0,82.33630952380952,13440,10096,402653184.0,40265318.4
HyperX,972,1535354880.0,82.34375,13440,10096,402653184.0,40265318.4
HyperX,973,1535354880.0,82.35119047619047,13440,10096,402653184.0,40265318.4
HyperX,974,1535354880.0,82.35863095238095,13440,10096,402653184.0,40265318.4
HyperX,975,1535354880.0,82.36607142857143,13440,10096,402653184.0,40265318.4
HyperX,976,1535354880.0,82.37351190476191,13440,10096,402653184.0,40265318.4
HyperX,977,1535354880.0,82.38095238095238,13440,10096,402653184.0,40265318.4
HyperX,978,1535354880.0,82.38839285714286,13440,10096,402653184.0,40265318.4
HyperX,979,1535354880.0,82.39583333333333,13440,10096,402653184.0,40265318.4
HyperX,980,1535354880.0,82.40327380952381,13440,10096,402653184.0,40265318.4
HyperX,981,1535354880.0,82.41071428571428,13440,10096,402653184.0,40265318.4
HyperX,982,1535354880.0,82.41815476190476,13440,10096,402653184.0,40265318.4
HyperX,983,1535354880.0,82.42559523809524,13440,10096,402653184.0,40265318.4
HyperX,984,1535354880.0,82.43303571428572,13440,10096,402653184.0,40265318.4
HyperX,985,1535354880.0,82.44047619047619,13440,10096,402653184.0,40265318.4
HyperX,986,1535354880.0,82.44791666666667,13440,10096,402653184.0,40265318.4
HyperX,987,1535354880.0,82.45535714285714,13440,10096,402653184.0,40265318.4
HyperX,988,1535354880.0,82.46279761904762,13440,10096,402653184.0,40265318.4
HyperX,989,1535354880.0,82.47023809523809,13440,10096,402653184.0,40265318.4
HyperX,990,1535354880.0,82.47767857142857,13440,10096,402653184.0,40265318.4
HyperX,991,1535354880.0,82.48511904761905,13440,10096,402653184.0,40265318.4
HyperX,992,1535354880.0,82.49255952380953,13440,10096,402653184.0,40265318.4
HyperX,993,1535354880.0,82.5,13440,10096,402653184.0,40265318.4
HyperX,994,1535354880.0,82.50744047619048,13440,10096,402653184.0,40265318.4
HyperX,995,1535354880.0,82.51488095238095,13440,10096,402653184.0,40265318.4
HyperX,996,1535354880.0,82.52232142857143,13440,10096,402653184.0,40265318.4
HyperX,997,1535354880.0,82.5297619047619,13440,10096,402653184.0,40265318.4
HyperX,998,1535354880.0,82.53720238095238,13440,10096,402653184.0,40265318.4
HyperX,999,1535354880.0,82.54464285714286,13440,10096,402653184.0,40265318.4
HyperX,1000,1535354880.0,82.55208333333334,13440,10096,402653184.0,40265318.4
HyperX,1001,1535354880.0,82.55952380952381,13440,10096,402653184.0,40265318.4
HyperX,1002,1535354880.0,82.56696428571428,13440,10096,402653184.0,40265318.4
HyperX,1003,1535354880.0,82.57440476190476,13440,10096,402653184.0,40265318.4
HyperX,1004,1535354880.0,82.58184523809524,13440,10096,402653184.0,40265318.4
HyperX,1005,1535354880.0,82.58928571428571,13440,10096,402653184.0,40265318.4
HyperX,1006,1535354880.0,82.59672619047619,13440,10096,402653184.0,40265318.4
HyperX,1007,1535354880.0,82.60416666666667,13440,10096,402653184.0,40265318.4
HyperX,1008,1535354880.0,82.61160714285715,13440,10096,402653184.0,40265318.4
HyperX,1009,1535354880.0,82.61904761904762,13440,10096,402653184.0,40265318.4
HyperX,1010,1535354880.0,82.62648809523809,13440,10096,402653184.0,40265318.4
HyperX,1011,1535354880.0,82.63392857142857,13440,10096,402653184.0,40265318.4
HyperX,1012,1535354880.0,82.64136904761905,13440,10096,402653184.0,40265318.4
HyperX,1013,1535354880.0,82.64880952380952,13440,10096,402653184.0,40265318.4
HyperX,1014,1535354880.0,82.65625,13440,10096,402653184.0,40265318.4
HyperX,1015,1535354880.0,82.66369047619048,13440,10096,402653184.0,40265318.4
HyperX,1016,1535354880.0,82.67113095238095,13440,10096,402653184.0,40265318.4
HyperX,1017,1535354880.0,82.67857142857142,13440,10096,402653184.0,40265318.4
HyperX,1018,1535354880.0,82.6860119047619,13440,10096,402653184.0,40265318.4
HyperX,1019,1535354880.0,82.69345238095238,13440,10096,402653184.0,40265318.4
HyperX,1020,1535354880.0,82.70089285714286,13440,10096,402653184.0,40265318.4
HyperX,1021,1535354880.0,82.70833333333333,13440,10096,402653184.0,40265318.4
HyperX,1022,1535354880.0,82.71577380952381,13440,10096,402653184.0,40265318.4
HyperX,1023,1535354880.0,82.72321428571429,13440,10096,402653184.0,40265318.4
HyperX,1024,1535354880.0,82.73065476190476,13440,10096,402653184.0,40265318.4
HyperX,1025,1535354880.0,82.73809523809523,13440,10096,402653184.0,40265318.4
HyperX,1026,1535354880.0,82.74553571428571,13440,10096,402653184.0,40265318.4
HyperX,1027,1535354880.0,82.75297619047619,13440,10096,402653184.0,40265318.4
HyperX,1028,1535354880.0,82.76041666666667,13440,10096,402653184.0,40265318.4
HyperX,1029,1535354880.0,82.76785714285714,13440,10096,402653184.0,40265318.4
HyperX,1030,1535354880.0,82.77529761904762,13440,10096,402653184.0,40265318.4
HyperX,1031,1535354880.0,82.7827380952381,13440,10096,402653184.0,40265318.4
HyperX,1032,1535354880.0,82.79017857142857,13440,10096,402653184.0,40265318.4
HyperX,1033,1535354880.0,82.79761904761904,13440,10096,402653184.0,40265318.4
HyperX,1034,1535354880.0,82.80505952380952,13440,10096,402653184.0,40265318.4
HyperX,1035,1535354880.0,82.8125,13440,10096,402653184.0,40265318.4
HyperX,1036,1535354880.0,82.81994047619048,13440,10096,402653184.0,40265318.4
HyperX,1037,1535354880.0,82.82738095238096,13440,10096,402653184.0,40265318.4
HyperX,1038,1535354880.0,82.83482142857143,13440,10096,402653184.0,40265318.4
HyperX,1039,1535354880.0,82.8422619047619,13440,10096,402653184.0,40265318.4
HyperX,1040,1535354880.0,82.84970238095238,13440,10096,402653184.0,40265318.4
HyperX,1041,1535354880.0,82.85714285714286,13440,10096,402653184.0,40265318.4
HyperX,1042,1535354880.0,82.86458333333333,13440,10096,402653184.0,40265318.4
HyperX,1043,1535354880.0,82.87202380952381,13440,10096,402653184.0,40265318.4
HyperX,1044,1535354880.0,82.87946428571429,13440,10096,402653184.0,40265318.4
HyperX,1045,1535354880.0,82.88690476190477,13440,10096,402653184.0,40265318.4
HyperX,1046,1535354880.0,82.89434523809524,13440,10096,402653184.0,40265318.4
HyperX,1047,1535354880.0,82.90178571428571,13440,10096,402653184.0,40265318.4
HyperX,1048,1535354880.0,82.90922619047619,13440,10096,402653184.0,40265318.4
HyperX,1049,1535354880.0,82.91666666666667,13440,10096,402653184.0,40265318.4
HyperX,1050,1535354880.0,82.92410714285714,13440,10096,402653184.0,40265318.4
HyperX,1051,1535354880.0,82.93154761904762,13440,10096,402653184.0,40265318.4
HyperX,1052,1535354880.0,82.9389880952381,13440,10096,402653184.0,40265318.4
HyperX,1053,1535354880.0,82.94642857142858,13440,10096,402653184.0,40265318.4
HyperX,1054,1535354880.0,82.95386904761905,13440,10096,402653184.0,40265318.4
HyperX,1055,1535354880.0,82.96130952380952,13440,10096,402653184.0,40265318.4
HyperX,1056,1535354880.0,82.96875,13440,10096,402653184.0,40265318.4
HyperX,1057,1535354880.0,82.97619047619048,13440,10096,402653184.0,40265318.4
HyperX,1058,1535354880.0,82.98363095238095,13440,10096,402653184.0,40265318.4
HyperX,1059,1535354880.0,82.99107142857143,13440,10096,402653184.0,40265318.4
HyperX,1060,1535354880.0,82.99851190476191,13440,10096,402653184.0,40265318.4
HyperX,1061,1535354880.0,83.00595238095238,13440,10096,402653184.0,40265318.4
HyperX,1062,1535354880.0,83.01339285714285,13440,10096,402653184.0,40265318.4
HyperX,1063,1535354880.0,83.02083333333333,13440,10096,402653184.0,40265318.4
HyperX,1064,1535354880.0,83.02827380952381,13440,10096,402653184.0,40265318.4
HyperX,1065,1535354880.0,83.03571428571429,13440,10096,402653184.0,40265318.4
HyperX,1066,1535354880.0,83.04315476190476,13440,10096,402653184.0,40265318.4
HyperX,1067,1535354880.0,83.05059523809524,13440,10096,402653184.0,40265318.4
HyperX,1068,1535354880.0,83.05803571428572,13440,10096,402653184.0,40265318.4
HyperX,1069,1535354880.0,83.06547619047619,13440,10096,402653184.0,40265318.4
HyperX,1070,1535354880.0,83.07291666666666,13440,10096,402653184.0,40265318.4
HyperX,1071,1535354880.0,83.08035714285714,13440,10096,402653184.0,40265318.4
HyperX,1072,1535354880.0,83.08779761904762,13440,10096,402653184.0,40265318.4
HyperX,1073,1535354880.0,83.0952380952381,13440,10096,402653184.0,40265318.4
HyperX,1074,1535354880.0,83.10267857142857,13440,10096,402653184.0,40265318.4
HyperX,1075,1535354880.0,83.11011904761905,13440,10096,402653184.0,40265318.4
HyperX,1076,1535354880.0,83.11755952380952,13440,10096,402653184.0,40265318.4
HyperX,1077,1535354880.0,83.125,13440,10096,402653184.0,40265318.4
HyperX,1078,1535354880.0,83.13244047619047,13440,10096,402653184.0,40265318.4
HyperX,1079,1535354880.0,83.13988095238095,13440,10096,402653184.0,40265318.4
HyperX,1080,1535354880.0,83.14732142857143,13440,10096,402653184.0,40265318.4
HyperX,1081,1535354880.0,83.15476190476191,13440,10096,402653184.0,40265318.4
HyperX,1082,1535354880.0,83.16220238095238,13440,10096,402653184.0,40265318.4
HyperX,1083,1535354880.0,83.16964285714286,13440,10096,402653184.0,40265318.4
HyperX,1084,1535354880.0,83.17708333333333,13440,10096,402653184.0,40265318.4
HyperX,1085,1535354880.0,83.18452380952381,13440,10096,402653184.0,40265318.4
HyperX,1086,1535354880.0,83.19196428571428,13440,10096,402653184.0,40265318.4
HyperX,1087,1535354880.0,83.19940476190476,13440,10096,402653184.0,40265318.4
HyperX,1088,1535354880.0,83.20684523809524,13440,10096,402653184.0,40265318.4
HyperX,1089,1535354880.0,83.21428571428572,13440,10096,402653184.0,40265318.4
HyperX,1090,1535354880.0,83.22172619047619,13440,10096,402653184.0,40265318.4
HyperX,1091,1535354880.0,83.22916666666667,13440,10096,402653184.0,40265318.4
HyperX,1092,1535354880.0,83.23660714285714,13440,10096,402653184.0,40265318.4
HyperX,1093,1535354880.0,83.24404761904762,13440,10096,402653184.0,40265318.4
HyperX,1094,1535354880.0,83.25148809523809,13440,10096,402653184.0,40265318.4
HyperX,1095,1535354880.0,83.25892857142857,13440,10096,402653184.0,40265318.4
HyperX,1096,1535354880.0,83.26636904761905,13440,10096,402653184.0,40265318.4
HyperX,1097,1535354880.0,83.27380952380953,13440,10096,402653184.0,40265318.4
HyperX,1098,1535354880.0,83.28125,13440,10096,402653184.0,40265318.4
HyperX,1099,1535354880.0,83.28869047619048,13440,10096,402653184.0,40265318.4
HyperX,1100,1535354880.0,83.29613095238095,13440,10096,402653184.0,40265318.4
HyperX,1101,1535354880.0,83.30357142857143,13440,10096,402653184.0,40265318.4
HyperX,1102,1535354880.0,83.3110119047619,13440,10096,402653184.0,40265318.4
HyperX,1103,1535354880.0,83.31845238095238,13440,10096,402653184.0,40265318.4
HyperX,1104,1535354880.0,83.32589285714286,13440,10096,402653184.0,40265318.4
HyperX,1105,1535354880.0,83.33333333333334,13440,10096,402653184.0,40265318.4
HyperX,1106,1535354880.0,83.34077380952381,13440,10096,402653184.0,40265318.4
HyperX,1107,1535354880.0,83.34821428571428,13440,10096,402653184.0,40265318.4
HyperX,1108,1535354880.0,83.35565476190476,13440,10096,402653184.0,40265318.4
HyperX,1109,1535354880.0,83.36309523809524,13440,10096,402653184.0,40265318.4
HyperX,1110,1535354880.0,83.37053571428571,13440,10096,402653184.0,40265318.4
HyperX,1111,1535354880.0,83.37797619047619,13440,10096,402653184.0,40265318.4
HyperX,1112,1535354880.0,83.38541666666667,13440,10096,402653184.0,40265318.4
HyperX,1113,1535354880.0,83.39285714285715,13440,10096,402653184.0,40265318.4
HyperX,1114,1535354880.0,83.40029761904762,13440,10096,402653184.0,40265318.4
HyperX,1115,1535354880.0,83.40773809523809,13440,10096,402653184.0,40265318.4
HyperX,1116,1535354880.0,83.41517857142857,13440,10096,402653184.0,40265318.4
HyperX,1117,1535354880.0,83.42261904761905,13440,10096,402653184.0,40265318.4
HyperX,1118,1535354880.0,83.43005952380952,13440,10096,402653184.0,40265318.4
HyperX,1119,1535354880.0,83.4375,13440,10096,402653184.0,40265318.4
HyperX,1120,1535354880.0,83.44494047619048,13440,10096,402653184.0,40265318.4
HyperX,1121,1535354880.0,83.45238095238095,13440,10096,402653184.0,40265318.4
HyperX,1122,1535354880.0,83.45982142857142,13440,10096,402653184.0,40265318.4
HyperX,1123,1535354880.0,83.4672619047619,13440,10096,402653184.0,40265318.4
HyperX,1124,1535354880.0,83.47470238095238,13440,10096,402653184.0,40265318.4
HyperX,1125,1535354880.0,83.48214285714286,13440,10096,402653184.0,40265318.4
HyperX,1126,1535354880.0,83.48958333333333,13440,10096,402653184.0,40265318.4
HyperX,1127,1535354880.0,83.49702380952381,13440,10096,402653184.0,40265318.4
HyperX,1128,1535354880.0,83.50446428571429,13440,10096,402653184.0,40265318.4
HyperX,1129,1535354880.0,83.51190476190476,13440,10096,402653184.0,40265318.4
HyperX,1130,1535354880.0,83.51934523809523,13440,10096,402653184.0,40265318.4
HyperX,1131,1535354880.0,83.52678571428571,13440,10096,402653184.0,40265318.4
HyperX,1132,1535354880.0,83.53422619047619,13440,10096,402653184.0,40265318.4
HyperX,1133,1535354880.0,83.54166666666667,13440,10096,402653184.0,40265318.4
HyperX,1134,1535354880.0,83.54910714285714,13440,10096,402653184.0,40265318.4
HyperX,1135,1535354880.0,83.55654761904762,13440,10096,402653184.0,40265318.4
HyperX,1136,1535354880.0,83.5639880952381,13440,10096,402653184.0,40265318.4
HyperX,1137,1535354880.0,83.57142857142857,13440,10096,402653184.0,40265318.4
HyperX,1138,1535354880.0,83.57886904761904,13440,10096,402653184.0,40265318.4
HyperX,1139,1535354880.0,83.58630952380952,13440,10096,402653184.0,40265318.4
HyperX,1140,1535354880.0,83.59375,13440,10096,402653184.0,40265318.4
HyperX,1141,1535354880.0,83.60119047619048,13440,10096,402653184.0,40265318.4
HyperX,1142,1535354880.0,83.60863095238096,13440,10096,402653184.0,40265318.4
HyperX,1143,1535354880.0,83.61607142857143,13440,10096,402653184.0,40265318.4
HyperX,1144,1535354880.0,83.6235119047619,13440,10096,402653184.0,40265318.4
HyperX,1145,1535354880.0,83.63095238095238,13440,10096,402653184.0,40265318.4
HyperX,1146,1535354880.0,83.63839285714286,13440,10096,402653184.0,40265318.4
HyperX,1147,1535354880.0,83.64583333333333,13440,10096,402653184.0,40265318.4
HyperX,1148,1535354880.0,83.65327380952381,13440,10096,402653184.0,40265318.4
HyperX,1149,1535354880.0,83.66071428571429,13440,10096,402653184.0,40265318.4
HyperX,1150,1535354880.0,83.66815476190477,13440,10096,402653184.0,40265318.4
HyperX,1151,1535354880.0,83.67559523809524,13440,10096,402653184.0,40265318.4
HyperX,1152,1535354880.0,83.68303571428571,13440,10096,402653184.0,40265318.4
HyperX,1153,1535354880.0,83.69047619047619,13440,10096,402653184.0,40265318.4
HyperX,1154,1535354880.0,83.69791666666667,13440,10096,402653184.0,40265318.4
HyperX,1155,1535354880.0,83.70535714285714,13440,10096,402653184.0,40265318.4
HyperX,1156,1535354880.0,83.71279761904762,13440,10096,402653184.0,40265318.4
HyperX,1157,1535354880.0,83.7202380952381,13440,10096,402653184.0,40265318.4
HyperX,1158,1535354880.0,83.72767857142858,13440,10096,402653184.0,40265318.4
HyperX,1159,1535354880.0,83.73511904761905,13440,10096,402653184.0,40265318.4
HyperX,1160,1535354880.0,83.74255952380952,13440,10096,402653184.0,40265318.4
HyperX,1161,1535354880.0,83.75,13440,10096,402653184.0,40265318.4
HyperX,1162,1535354880.0,83.75744047619048,13440,10096,402653184.0,40265318.4
HyperX,1163,1535354880.0,83.76488095238095,13440,10096,402653184.0,40265318.4
HyperX,1164,1535354880.0,83.77232142857143,13440,10096,402653184.0,40265318.4
HyperX,1165,1535354880.0,83.77976190476191,13440,10096,402653184.0,40265318.4
HyperX,1166,1535354880.0,83.78720238095238,13440,10096,402653184.0,40265318.4
HyperX,1167,1535354880.0,83.79464285714285,13440,10096,402653184.0,40265318.4
HyperX,1168,1535354880.0,83.80208333333333,13440,10096,402653184.0,40265318.4
HyperX,1169,1535354880.0,83.80952380952381,13440,10096,402653184.0,40265318.4
HyperX,1170,1535354880.0,83.81696428571429,13440,10096,402653184.0,40265318.4
HyperX,1171,1535354880.0,83.82440476190476,13440,10096,402653184.0,40265318.4
HyperX,1172,1535354880.0,83.83184523809524,13440,10096,402653184.0,40265318.4
HyperX,1173,1535354880.0,83.83928571428572,13440,10096,402653184.0,40265318.4
HyperX,1174,1535354880.0,83.84672619047619,13440,10096,402653184.0,40265318.4
HyperX,1175,1535354880.0,83.85416666666666,13440,10096,402653184.0,40265318.4
HyperX,1176,1535354880.0,83.86160714285714,13440,10096,402653184.0,40265318.4
HyperX,1177,1535354880.0,83.86904761904762,13440,10096,402653184.0,40265318.4
HyperX,1178,1535354880.0,83.8764880952381,13440,10096,402653184.0,40265318.4
HyperX,1179,1535354880.0,83.88392857142857,13440,10096,402653184.0,40265318.4
HyperX,1180,1535354880.0,83.89136904761905,13440,10096,402653184.0,40265318.4
HyperX,1181,1535354880.0,83.89880952380952,13440,10096,402653184.0,40265318.4
HyperX,1182,1535354880.0,83.90625,13440,10096,402653184.0,40265318.4
HyperX,1183,1535354880.0,83.91369047619047,13440,10096,402653184.0,40265318.4
HyperX,1184,1535354880.0,83.92113095238095,13440,10096,402653184.0,40265318.4
HyperX,1185,1535354880.0,83.92857142857143,13440,10096,402653184.0,40265318.4
HyperX,1186,1535354880.0,83.93601190476191,13440,10096,402653184.0,40265318.4
HyperX,1187,1535354880.0,83.94345238095238,13440,10096,402653184.0,40265318.4
HyperX,1188,1535354880.0,83.95089285714286,13440,10096,402653184.0,40265318.4
HyperX,1189,1535354880.0,83.95833333333333,13440,10096,402653184.0,40265318.4
HyperX,1190,1535354880.0,83.96577380952381,13440,10096,402653184.0,40265318.4
HyperX,1191,1535354880.0,83.97321428571428,13440,10096,402653184.0,40265318.4
HyperX,1192,1535354880.0,83.98065476190476,13440,10096,402653184.0,40265318.4
HyperX,1193,1535354880.0,83.98809523809524,13440,10096,402653184.0,40265318.4
HyperX,1194,1535354880.0,83.99553571428572,13440,10096,402653184.0,40265318.4
HyperX,1195,1535354880.0,84.00297619047619,13440,10096,402653184.0,40265318.4
HyperX,1196,1535354880.0,84.01041666666667,13440,10096,402653184.0,40265318.4
HyperX,1197,1535354880.0,84.01785714285714,13440,10096,402653184.0,40265318.4
HyperX,1198,1535354880.0,84.02529761904762,13440,10096,402653184.0,40265318.4
HyperX,1199,1535354880.0,84.03273809523809,13440,10096,402653184.0,40265318.4
HyperX,1200,1535354880.0,84.04017857142857,13440,10096,402653184.0,40265318.4
HyperX,1201,1535354880.0,84.04761904761905,13440,10096,402653184.0,40265318.4
HyperX,1202,1535354880.0,84.05505952380953,13440,10096,402653184.0,40265318.4
HyperX,1203,1535354880.0,84.0625,13440,10096,402653184.0,40265318.4
HyperX,1204,1535354880.0,84.06994047619048,13440,10096,402653184.0,40265318.4
HyperX,1205,1535354880.0,84.07738095238095,13440,10096,402653184.0,40265318.4
HyperX,1206,1535354880.0,84.08482142857143,13440,10096,402653184.0,40265318.4
HyperX,1207,1535354880.0,84.0922619047619,13440,10096,402653184.0,40265318.4
HyperX,1208,1535354880.0,84.09970238095238,13440,10096,402653184.0,40265318.4
HyperX,1209,1535354880.0,84.10714285714286,13440,10096,402653184.0,40265318.4
HyperX,1210,1535354880.0,84.11458333333334,13440,10096,402653184.0,40265318.4
HyperX,1211,1535354880.0,84.12202380952381,13440,10096,402653184.0,40265318.4
HyperX,1212,1535354880.0,84.12946428571428,13440,10096,402653184.0,40265318.4
HyperX,1213,1535354880.0,84.13690476190476,13440,10096,402653184.0,40265318.4
HyperX,1214,1535354880.0,84.14434523809524,13440,10096,402653184.0,40265318.4
HyperX,1215,1535354880.0,84.15178571428571,13440,10096,402653184.0,40265318.4
HyperX,1216,1535354880.0,84.15922619047619,13440,10096,402653184.0,40265318.4
HyperX,1217,1535354880.0,84.16666666666667,13440,10096,402653184.0,40265318.4
HyperX,1218,1535354880.0,84.17410714285715,13440,10096,402653184.0,40265318.4
HyperX,1219,1535354880.0,84.18154761904762,13440,10096,402653184.0,40265318.4
HyperX,1220,1535354880.0,84.18898809523809,13440,10096,402653184.0,40265318.4
HyperX,1221,1535354880.0,84.19642857142857,13440,10096,402653184.0,40265318.4
HyperX,1222,1535354880.0,84.20386904761905,13440,10096,402653184.0,40265318.4
HyperX,1223,1535354880.0,84.21130952380952,13440,10096,402653184.0,40265318.4
HyperX,1224,1535354880.0,84.21875,13440,10096,402653184.0,40265318.4
HyperX,1225,1535354880.0,84.22619047619048,13440,10096,402653184.0,40265318.4
HyperX,1226,1535354880.0,84.23363095238095,13440,10096,402653184.0,40265318.4
HyperX,1227,1535354880.0,84.24107142857142,13440,10096,402653184.0,40265318.4
HyperX,1228,1535354880.0,84.2485119047619,13440,10096,402653184.0,40265318.4
HyperX,1229,1535354880.0,84.25595238095238,13440,10096,402653184.0,40265318.4
HyperX,1230,1535354880.0,84.26339285714286,13440,10096,402653184.0,40265318.4
HyperX,1231,1535354880.0,84.27083333333333,13440,10096,402653184.0,40265318.4
HyperX,1232,1535354880.0,84.27827380952381,13440,10096,402653184.0,40265318.4
HyperX,1233,1535354880.0,84.28571428571429,13440,10096,402653184.0,40265318.4
HyperX,1234,1535354880.0,84.29315476190476,13440,10096,402653184.0,40265318.4
HyperX,1235,1535354880.0,84.30059523809523,13440,10096,402653184.0,40265318.4
HyperX,1236,1535354880.0,84.30803571428571,13440,10096,402653184.0,40265318.4
HyperX,1237,1535354880.0,84.31547619047619,13440,10096,402653184.0,40265318.4
HyperX,1238,1535354880.0,84.32291666666667,13440,10096,402653184.0,40265318.4
HyperX,1239,1535354880.0,84.33035714285714,13440,10096,402653184.0,40265318.4
HyperX,1240,1535354880.0,84.33779761904762,13440,10096,402653184.0,40265318.4
HyperX,1241,1535354880.0,84.3452380952381,13440,10096,402653184.0,40265318.4
HyperX,1242,1535354880.0,84.35267857142857,13440,10096,402653184.0,40265318.4
HyperX,1243,1535354880.0,84.36011904761904,13440,10096,402653184.0,40265318.4
HyperX,1244,1535354880.0,84.36755952380952,13440,10096,402653184.0,40265318.4
HyperX,1245,1535354880.0,84.375,13440,10096,402653184.0,40265318.4
HyperX,1246,1535354880.0,84.38244047619048,13440,10096,402653184.0,40265318.4
HyperX,1247,1535354880.0,84.38988095238096,13440,10096,402653184.0,40265318.4
HyperX,1248,1535354880.0,84.39732142857143,13440,10096,402653184.0,40265318.4
HyperX,1249,1535354880.0,84.4047619047619,13440,10096,402653184.0,40265318.4
HyperX,1250,1535354880.0,84.41220238095238,13440,10096,402653184.0,40265318.4
HyperX,1251,1535354880.0,84.41964285714286,13440,10096,402653184.0,40265318.4
HyperX,1252,1535354880.0,84.42708333333333,13440,10096,402653184.0,40265318.4
HyperX,1253,1535354880.0,84.43452380952381,13440,10096,402653184.0,40265318.4
HyperX,1254,1535354880.0,84.44196428571429,13440,10096,402653184.0,40265318.4
HyperX,1255,1535354880.0,84.44940476190477,13440,10096,402653184.0,40265318.4
HyperX,1256,1535354880.0,84.45684523809524,13440,10096,402653184.0,40265318.4
HyperX,1257,1535354880.0,84.46428571428571,13440,10096,402653184.0,40265318.4
HyperX,1258,1535354880.0,84.47172619047619,13440,10096,402653184.0,40265318.4
HyperX,1259,1535354880.0,84.47916666666667,13440,10096,402653184.0,40265318.4
HyperX,1260,1535354880.0,84.48660714285714,13440,10096,402653184.0,40265318.4
HyperX,1261,1535354880.0,84.49404761904762,13440,10096,402653184.0,40265318.4
HyperX,1262,1535354880.0,84.5014880952381,13440,10096,402653184.0,40265318.4
HyperX,1263,1535354880.0,84.50892857142858,13440,10096,402653184.0,40265318.4
HyperX,1264,1535354880.0,84.51636904761905,13440,10096,402653184.0,40265318.4
HyperX,1265,1535354880.0,84.52380952380952,13440,10096,402653184.0,40265318.4
HyperX,1266,1535354880.0,84.53125,13440,10096,402653184.0,40265318.4
HyperX,1267,1535354880.0,84.53869047619048,13440,10096,402653184.0,40265318.4
HyperX,1268,1535354880.0,84.54613095238095,13440,10096,402653184.0,40265318.4
HyperX,1269,1535354880.0,84.55357142857143,13440,10096,402653184.0,40265318.4
HyperX,1270,1535354880.0,84.56101190476191,13440,10096,402653184.0,40265318.4
HyperX,1271,1535354880.0,84.56845238095238,13440,10096,402653184.0,40265318.4
HyperX,1272,1535354880.0,84.57589285714285,13440,10096,402653184.0,40265318.4
HyperX,1273,1535354880.0,84.58333333333333,13440,10096,402653184.0,40265318.4
HyperX,1274,1535354880.0,84.59077380952381,13440,10096,402653184.0,40265318.4
HyperX,1275,1535354880.0,84.59821428571429,13440,10096,402653184.0,40265318.4
HyperX,1276,1535354880.0,84.60565476190476,13440,10096,402653184.0,40265318.4
HyperX,1277,1535354880.0,84.61309523809524,13440,10096,402653184.0,40265318.4
HyperX,1278,1535354880.0,84.62053571428572,13440,10096,402653184.0,40265318.4
HyperX,1279,1535354880.0,84.62797619047619,13440,10096,402653184.0,40265318.4
HyperX,1280,1535354880.0,84.63541666666666,13440,10096,402653184.0,40265318.4
HyperX,1281,1535354880.0,84.64285714285714,13440,10096,402653184.0,40265318.4
HyperX,1282,1535354880.0,84.65029761904762,13440,10096,402653184.0,40265318.4
HyperX,1283,1535354880.0,84.6577380952381,13440,10096,402653184.0,40265318.4
HyperX,1284,1535354880.0,84.66517857142857,13440,10096,402653184.0,40265318.4
HyperX,1285,1535354880.0,84.67261904761905,13440,10096,402653184.0,40265318.4
HyperX,1286,1535354880.0,84.68005952380952,13440,10096,402653184.0,40265318.4
HyperX,1287,1535354880.0,84.6875,13440,10096,402653184.0,40265318.4
HyperX,1288,1535354880.0,84.69494047619047,13440,10096,402653184.0,40265318.4
HyperX,1289,1535354880.0,84.70238095238095,13440,10096,402653184.0,40265318.4
HyperX,1290,1535354880.0,84.70982142857143,13440,10096,402653184.0,40265318.4
HyperX,1291,1535354880.0,84.71726190476191,13440,10096,402653184.0,40265318.4
HyperX,1292,1535354880.0,84.72470238095238,13440,10096,402653184.0,40265318.4
HyperX,1293,1535354880.0,84.73214285714286,13440,10096,402653184.0,40265318.4
HyperX,1294,1535354880.0,84.73958333333333,13440,10096,402653184.0,40265318.4
HyperX,1295,1535354880.0,84.74702380952381,13440,10096,402653184.0,40265318.4
HyperX,1296,1535354880.0,84.75446428571428,13440,10096,402653184.0,40265318.4
HyperX,1297,1535354880.0,84.76190476190476,13440,10096,402653184.0,40265318.4
HyperX,1298,1535354880.0,84.76934523809524,13440,10096,402653184.0,40265318.4
HyperX,1299,1535354880.0,84.77678571428572,13440,10096,402653184.0,40265318.4
HyperX,1300,1535354880.0,84.78422619047619,13440,10096,402653184.0,40265318.4
HyperX,1301,1535354880.0,84.79166666666667,13440,10096,402653184.0,40265318.4
HyperX,1302,1535354880.0,84.79910714285714,13440,10096,402653184.0,40265318.4
HyperX,1303,1535354880.0,84.80654761904762,13440,10096,402653184.0,40265318.4
HyperX,1304,1535354880.0,84.81398809523809,13440,10096,402653184.0,40265318.4
HyperX,1305,1535354880.0,84.82142857142857,13440,10096,402653184.0,40265318.4
HyperX,1306,1535354880.0,84.82886904761905,13440,10096,402653184.0,40265318.4
HyperX,1307,1535354880.0,84.83630952380953,13440,10096,402653184.0,40265318.4
HyperX,1308,1535354880.0,84.84375,13440,10096,402653184.0,40265318.4
HyperX,1309,1535354880.0,84.85119047619048,13440,10096,402653184.0,40265318.4
HyperX,1310,1535354880.0,84.85863095238095,13440,10096,402653184.0,40265318.4
HyperX,1311,1535354880.0,84.86607142857143,13440,10096,402653184.0,40265318.4
HyperX,1312,1535354880.0,84.8735119047619,13440,10096,402653184.0,40265318.4
HyperX,1313,1535354880.0,84.88095238095238,13440,10096,402653184.0,40265318.4
HyperX,1314,1535354880.0,84.88839285714286,13440,10096,402653184.0,40265318.4
HyperX,1315,1535354880.0,84.89583333333334,13440,10096,402653184.0,40265318.4
HyperX,1316,1535354880.0,84.90327380952381,13440,10096,402653184.0,40265318.4
HyperX,1317,1535354880.0,84.91071428571428,13440,10096,402653184.0,40265318.4
HyperX,1318,1535354880.0,84.91815476190476,13440,10096,402653184.0,40265318.4
HyperX,1319,1535354880.0,84.92559523809524,13440,10096,402653184.0,40265318.4
HyperX,1320,1535354880.0,84.93303571428571,13440,10096,402653184.0,40265318.4
HyperX,1321,1535354880.0,84.94047619047619,13440,10096,402653184.0,40265318.4
HyperX,1322,1535354880.0,84.94791666666667,13440,10096,402653184.0,40265318.4
HyperX,1323,1535354880.0,84.95535714285715,13440,10096,402653184.0,40265318.4
HyperX,1324,1535354880.0,84.96279761904762,13440,10096,402653184.0,40265318.4
HyperX,1325,1535354880.0,84.97023809523809,13440,10096,402653184.0,40265318.4
HyperX,1326,1535354880.0,84.97767857142857,13440,10096,402653184.0,40265318.4
HyperX,1327,1535354880.0,84.98511904761905,13440,10096,402653184.0,40265318.4
HyperX,1328,1535354880.0,84.99255952380952,13440,10096,402653184.0,40265318.4
HyperX,1329,1535354880.0,85.0,13440,10096,402653184.0,40265318.4
HyperX,1330,1535354880.0,85.00744047619048,13440,10096,402653184.0,40265318.4
HyperX,1331,1535354880.0,85.01488095238095,13440,10096,402653184.0,40265318.4
HyperX,1332,1535354880.0,85.02232142857142,13440,10096,402653184.0,40265318.4
HyperX,1333,1535354880.0,85.0297619047619,13440,10096,402653184.0,40265318.4
HyperX,1334,1535354880.0,85.03720238095238,13440,10096,402653184.0,40265318.4
HyperX,1335,1535354880.0,85.04464285714286,13440,10096,402653184.0,40265318.4
HyperX,1336,1535354880.0,85.05208333333333,13440,10096,402653184.0,40265318.4
HyperX,1337,1535354880.0,85.05952380952381,13440,10096,402653184.0,40265318.4
HyperX,1338,1535354880.0,85.06696428571429,13440,10096,402653184.0,40265318.4
HyperX,1339,1535354880.0,85.07440476190476,13440,10096,402653184.0,40265318.4
HyperX,1340,1535354880.0,85.08184523809523,13440,10096,402653184.0,40265318.4
HyperX,1341,1535354880.0,85.08928571428571,13440,10096,402653184.0,40265318.4
HyperX,1342,1535354880.0,85.09672619047619,13440,10096,402653184.0,40265318.4
HyperX,1343,1535354880.0,85.10416666666667,13440,10096,402653184.0,40265318.4
HyperX,1344,1535354880.0,85.11160714285714,13440,10096,402653184.0,40265318.4
HyperX,1345,1535354880.0,85.11904761904762,13440,10096,402653184.0,40265318.4
HyperX,1346,1535354880.0,85.1264880952381,13440,10096,402653184.0,40265318.4
HyperX,1347,1535354880.0,85.13392857142857,13440,10096,402653184.0,40265318.4
HyperX,1348,1535354880.0,85.14136904761904,13440,10096,402653184.0,40265318.4
HyperX,1349,1535354880.0,85.14880952380952,13440,10096,402653184.0,40265318.4
HyperX,1350,1535354880.0,85.15625,13440,10096,402653184.0,40265318.4
HyperX,1351,1535354880.0,85.16369047619048,13440,10096,402653184.0,40265318.4
HyperX,1352,1535354880.0,85.17113095238096,13440,10096,402653184.0,40265318.4
HyperX,1353,1535354880.0,85.17857142857143,13440,10096,402653184.0,40265318.4
HyperX,1354,1535354880.0,85.1860119047619,13440,10096,402653184.0,40265318.4
HyperX,1355,1535354880.0,85.19345238095238,13440,10096,402653184.0,40265318.4
HyperX,1356,1535354880.0,85.20089285714286,13440,10096,402653184.0,40265318.4
HyperX,1357,1535354880.0,85.20833333333333,13440,10096,402653184.0,40265318.4
HyperX,1358,1535354880.0,85.21577380952381,13440,10096,402653184.0,40265318.4
HyperX,1359,1535354880.0,85.22321428571429,13440,10096,402653184.0,40265318.4
HyperX,1360,1535354880.0,85.23065476190477,13440,10096,402653184.0,40265318.4
HyperX,1361,1535354880.0,85.23809523809524,13440,10096,402653184.0,40265318.4
HyperX,1362,1535354880.0,85.24553571428571,13440,10096,402653184.0,40265318.4
HyperX,1363,1535354880.0,85.25297619047619,13440,10096,402653184.0,40265318.4
HyperX,1364,1535354880.0,85.26041666666667,13440,10096,402653184.0,40265318.4
HyperX,1365,1535354880.0,85.26785714285714,13440,10096,402653184.0,40265318.4
HyperX,1366,1535354880.0,85.27529761904762,13440,10096,402653184.0,40265318.4
HyperX,1367,1535354880.0,85.2827380952381,13440,10096,402653184.0,40265318.4
HyperX,1368,1535354880.0,85.29017857142858,13440,10096,402653184.0,40265318.4
HyperX,1369,1535354880.0,85.29761904761905,13440,10096,402653184.0,40265318.4
HyperX,1370,1535354880.0,85.30505952380952,13440,10096,402653184.0,40265318.4
HyperX,1371,1535354880.0,85.3125,13440,10096,402653184.0,40265318.4
HyperX,1372,1535354880.0,85.31994047619048,13440,10096,402653184.0,40265318.4
HyperX,1373,1535354880.0,85.32738095238095,13440,10096,402653184.0,40265318.4
HyperX,1374,1535354880.0,85.33482142857143,13440,10096,402653184.0,40265318.4
HyperX,1375,1535354880.0,85.34226190476191,13440,10096,402653184.0,40265318.4
HyperX,1376,1535354880.0,85.34970238095238,13440,10096,402653184.0,40265318.4
HyperX,1377,1535354880.0,85.35714285714285,13440,10096,402653184.0,40265318.4
HyperX,1378,1535354880.0,85.36458333333333,13440,10096,402653184.0,40265318.4
HyperX,1379,1535354880.0,85.37202380952381,13440,10096,402653184.0,40265318.4
HyperX,1380,1535354880.0,85.37946428571429,13440,10096,402653184.0,40265318.4
HyperX,1381,1535354880.0,85.38690476190476,13440,10096,402653184.0,40265318.4
HyperX,1382,1535354880.0,85.39434523809524,13440,10096,402653184.0,40265318.4
HyperX,1383,1535354880.0,85.40178571428572,13440,10096,402653184.0,40265318.4
HyperX,1384,1535354880.0,85.40922619047619,13440,10096,402653184.0,40265318.4
HyperX,1385,1535354880.0,85.41666666666666,13440,10096,402653184.0,40265318.4
HyperX,1386,1535354880.0,85.42410714285714,13440,10096,402653184.0,40265318.4
HyperX,1387,1535354880.0,85.43154761904762,13440,10096,402653184.0,40265318.4
HyperX,1388,1535354880.0,85.4389880952381,13440,10096,402653184.0,40265318.4
HyperX,1389,1535354880.0,85.44642857142857,13440,10096,402653184.0,40265318.4
HyperX,1390,1535354880.0,85.45386904761905,13440,10096,402653184.0,40265318.4
HyperX,1391,1535354880.0,85.46130952380952,13440,10096,402653184.0,40265318.4
HyperX,1392,1535354880.0,85.46875,13440,10096,402653184.0,40265318.4
HyperX,1393,1535354880.0,85.47619047619047,13440,10096,402653184.0,40265318.4
HyperX,1394,1535354880.0,85.48363095238095,13440,10096,402653184.0,40265318.4
HyperX,1395,1535354880.0,85.49107142857143,13440,10096,402653184.0,40265318.4
HyperX,1396,1535354880.0,85.49851190476191,13440,10096,402653184.0,40265318.4
HyperX,1397,1535354880.0,85.50595238095238,13440,10096,402653184.0,40265318.4
HyperX,1398,1535354880.0,85.51339285714286,13440,10096,402653184.0,40265318.4
HyperX,1399,1535354880.0,85.52083333333333,13440,10096,402653184.0,40265318.4
HyperX,1400,1535354880.0,85.52827380952381,13440,10096,402653184.0,40265318.4
HyperX,1401,1535354880.0,85.53571428571428,13440,10096,402653184.0,40265318.4
HyperX,1402,1535354880.0,85.54315476190476,13440,10096,402653184.0,40265318.4
HyperX,1403,1535354880.0,85.55059523809524,13440,10096,402653184.0,40265318.4
HyperX,1404,1535354880.0,85.55803571428572,13440,10096,402653184.0,40265318.4
HyperX,1405,1535354880.0,85.56547619047619,13440,10096,402653184.0,40265318.4
HyperX,1406,1535354880.0,85.57291666666667,13440,10096,402653184.0,40265318.4
HyperX,1407,1535354880.0,85.58035714285714,13440,10096,402653184.0,40265318.4
HyperX,1408,1535354880.0,85.58779761904762,13440,10096,402653184.0,40265318.4
HyperX,1409,1535354880.0,85.59523809523809,13440,10096,402653184.0,40265318.4
HyperX,1410,1535354880.0,85.60267857142857,13440,10096,402653184.0,40265318.4
HyperX,1411,1535354880.0,85.61011904761905,13440,10096,402653184.0,40265318.4
HyperX,1412,1535354880.0,85.61755952380953,13440,10096,402653184.0,40265318.4
HyperX,1413,1535354880.0,85.625,13440,10096,402653184.0,40265318.4
HyperX,1414,1535354880.0,85.63244047619048,13440,10096,402653184.0,40265318.4
HyperX,1415,1535354880.0,85.63988095238095,13440,10096,402653184.0,40265318.4
HyperX,1416,1535354880.0,85.64732142857143,13440,10096,402653184.0,40265318.4
HyperX,1417,1535354880.0,85.6547619047619,13440,10096,402653184.0,40265318.4
HyperX,1418,1535354880.0,85.66220238095238,13440,10096,402653184.0,40265318.4
HyperX,1419,1535354880.0,85.66964285714286,13440,10096,402653184.0,40265318.4
HyperX,1420,1535354880.0,85.67708333333334,13440,10096,402653184.0,40265318.4
HyperX,1421,1535354880.0,85.68452380952381,13440,10096,402653184.0,40265318.4
HyperX,1422,1535354880.0,85.69196428571428,13440,10096,402653184.0,40265318.4
HyperX,1423,1535354880.0,85.69940476190476,13440,10096,402653184.0,40265318.4
HyperX,1424,1535354880.0,85.70684523809524,13440,10096,402653184.0,40265318.4
HyperX,1425,1535354880.0,85.71428571428571,13440,10096,402653184.0,40265318.4
HyperX,1426,1535354880.0,85.72172619047619,13440,10096,402653184.0,40265318.4
HyperX,1427,1535354880.0,85.72916666666667,13440,10096,402653184.0,40265318.4
HyperX,1428,1535354880.0,85.73660714285715,13440,10096,402653184.0,40265318.4
HyperX,1429,1535354880.0,85.74404761904762,13440,10096,402653184.0,40265318.4
HyperX,1430,1535354880.0,85.75148809523809,13440,10096,402653184.0,40265318.4
HyperX,1431,1535354880.0,85.75892857142857,13440,10096,402653184.0,40265318.4
HyperX,1432,1535354880.0,85.76636904761905,13440,10096,402653184.0,40265318.4
HyperX,1433,1535354880.0,85.77380952380952,13440,10096,402653184.0,40265318.4
HyperX,1434,1535354880.0,85.78125,13440,10096,402653184.0,40265318.4
HyperX,1435,1535354880.0,85.78869047619048,13440,10096,402653184.0,40265318.4
HyperX,1436,1535354880.0,85.79613095238095,13440,10096,402653184.0,40265318.4
HyperX,1437,1535354880.0,85.80357142857142,13440,10096,402653184.0,40265318.4
HyperX,1438,1535354880.0,85.8110119047619,13440,10096,402653184.0,40265318.4
HyperX,1439,1535354880.0,85.81845238095238,13440,10096,402653184.0,40265318.4
HyperX,1440,1535354880.0,85.82589285714286,13440,10096,402653184.0,40265318.4
HyperX,1441,1535354880.0,85.83333333333333,13440,10096,402653184.0,40265318.4
HyperX,1442,1535354880.0,85.84077380952381,13440,10096,402653184.0,40265318.4
HyperX,1443,1535354880.0,85.84821428571429,13440,10096,402653184.0,40265318.4
HyperX,1444,1535354880.0,85.85565476190476,13440,10096,402653184.0,40265318.4
HyperX,1445,1535354880.0,85.86309523809523,13440,10096,402653184.0,40265318.4
HyperX,1446,1535354880.0,85.87053571428571,13440,10096,402653184.0,40265318.4
HyperX,1447,1535354880.0,85.87797619047619,13440,10096,402653184.0,40265318.4
HyperX,1448,1535354880.0,85.88541666666667,13440,10096,402653184.0,40265318.4
HyperX,1449,1535354880.0,85.89285714285714,13440,10096,402653184.0,40265318.4
HyperX,1450,1535354880.0,85.90029761904762,13440,10096,402653184.0,40265318.4
HyperX,1451,1535354880.0,85.9077380952381,13440,10096,402653184.0,40265318.4
HyperX,1452,1535354880.0,85.91517857142857,13440,10096,402653184.0,40265318.4
HyperX,1453,1535354880.0,85.92261904761904,13440,10096,402653184.0,40265318.4
HyperX,1454,1535354880.0,85.93005952380952,13440,10096,402653184.0,40265318.4
HyperX,1455,1535354880.0,85.9375,13440,10096,402653184.0,40265318.4
HyperX,1456,1535354880.0,85.94494047619048,13440,10096,402653184.0,40265318.4
HyperX,1457,1535354880.0,85.95238095238096,13440,10096,402653184.0,40265318.4
HyperX,1458,1535354880.0,85.95982142857143,13440,10096,402653184.0,40265318.4
HyperX,1459,1535354880.0,85.9672619047619,13440,10096,402653184.0,40265318.4
HyperX,1460,1535354880.0,85.97470238095238,13440,10096,402653184.0,40265318.4
HyperX,1461,1535354880.0,85.98214285714286,13440,10096,402653184.0,40265318.4
HyperX,1462,1535354880.0,85.98958333333333,13440,10096,402653184.0,40265318.4
HyperX,1463,1535354880.0,85.99702380952381,13440,10096,402653184.0,40265318.4
HyperX,1464,1535354880.0,86.00446428571429,13440,10096,402653184.0,40265318.4
HyperX,1465,1535354880.0,86.01190476190477,13440,10096,402653184.0,40265318.4
HyperX,1466,1535354880.0,86.01934523809524,13440,10096,402653184.0,40265318.4
HyperX,1467,1535354880.0,86.02678571428571,13440,10096,402653184.0,40265318.4
HyperX,1468,1535354880.0,86.03422619047619,13440,10096,402653184.0,40265318.4
HyperX,1469,1535354880.0,86.04166666666667,13440,10096,402653184.0,40265318.4
HyperX,1470,1535354880.0,86.04910714285714,13440,10096,402653184.0,40265318.4
HyperX,1471,1535354880.0,86.05654761904762,13440,10096,402653184.0,40265318.4
HyperX,1472,1535354880.0,86.0639880952381,13440,10096,402653184.0,40265318.4
HyperX,1473,1535354880.0,86.07142857142858,13440,10096,402653184.0,40265318.4
HyperX,1474,1535354880.0,86.07886904761905,13440,10096,402653184.0,40265318.4
HyperX,1475,1535354880.0,86.08630952380952,13440,10096,402653184.0,40265318.4
HyperX,1476,1535354880.0,86.09375,13440,10096,402653184.0,40265318.4
HyperX,1477,1535354880.0,86.10119047619048,13440,10096,402653184.0,40265318.4
HyperX,1478,1535354880.0,86.10863095238095,13440,10096,402653184.0,40265318.4
HyperX,1479,1535354880.0,86.11607142857143,13440,10096,402653184.0,40265318.4
HyperX,1480,1535354880.0,86.12351190476191,13440,10096,402653184.0,40265318.4
HyperX,1481,1535354880.0,86.13095238095238,13440,10096,402653184.0,40265318.4
HyperX,1482,1535354880.0,86.13839285714285,13440,10096,402653184.0,40265318.4
HyperX,1483,1535354880.0,86.14583333333333,13440,10096,402653184.0,40265318.4
HyperX,1484,1535354880.0,86.15327380952381,13440,10096,402653184.0,40265318.4
HyperX,1485,1535354880.0,86.16071428571429,13440,10096,402653184.0,40265318.4
HyperX,1486,1535354880.0,86.16815476190476,13440,10096,402653184.0,40265318.4
HyperX,1487,1535354880.0,86.17559523809524,13440,10096,402653184.0,40265318.4
HyperX,1488,1535354880.0,86.18303571428572,13440,10096,402653184.0,40265318.4
HyperX,1489,1535354880.0,86.19047619047619,13440,10096,402653184.0,40265318.4
HyperX,1490,1535354880.0,86.19791666666666,13440,10096,402653184.0,40265318.4
HyperX,1491,1535354880.0,86.20535714285714,13440,10096,402653184.0,40265318.4
HyperX,1492,1535354880.0,86.21279761904762,13440,10096,402653184.0,40265318.4
HyperX,1493,1535354880.0,86.2202380952381,13440,10096,402653184.0,40265318.4
HyperX,1494,1535354880.0,86.22767857142857,13440,10096,402653184.0,40265318.4
HyperX,1495,1535354880.0,86.23511904761905,13440,10096,402653184.0,40265318.4
HyperX,1496,1535354880.0,86.24255952380952,13440,10096,402653184.0,40265318.4
HyperX,1497,1535354880.0,86.25,13440,10096,402653184.0,40265318.4
HyperX,1498,1535354880.0,86.25744047619047,13440,10096,402653184.0,40265318.4
HyperX,1499,1535354880.0,86.26488095238095,13440,10096,402653184.0,40265318.4
HyperX,1500,1535354880.0,86.27232142857143,13440,10096,402653184.0,40265318.4
HyperX,1501,1535354880.0,86.27976190476191,13440,10096,402653184.0,40265318.4
HyperX,1502,1535354880.0,86.28720238095238,13440,10096,402653184.0,40265318.4
HyperX,1503,1535354880.0,86.29464285714286,13440,10096,402653184.0,40265318.4
HyperX,1504,1535354880.0,86.30208333333333,13440,10096,402653184.0,40265318.4
HyperX,1505,1535354880.0,86.30952380952381,13440,10096,402653184.0,40265318.4
HyperX,1506,1535354880.0,86.31696428571428,13440,10096,402653184.0,40265318.4
HyperX,1507,1535354880.0,86.32440476190476,13440,10096,402653184.0,40265318.4
HyperX,1508,1535354880.0,86.33184523809524,13440,10096,402653184.0,40265318.4
HyperX,1509,1535354880.0,86.33928571428572,13440,10096,402653184.0,40265318.4
HyperX,1510,1535354880.0,86.34672619047619,13440,10096,402653184.0,40265318.4
HyperX,1511,1535354880.0,86.35416666666667,13440,10096,402653184.0,40265318.4
HyperX,1512,1535354880.0,86.36160714285714,13440,10096,402653184.0,40265318.4
HyperX,1513,1535354880.0,86.36904761904762,13440,10096,402653184.0,40265318.4
HyperX,1514,1535354880.0,86.37648809523809,13440,10096,402653184.0,40265318.4
HyperX,1515,1535354880.0,86.38392857142857,13440,10096,402653184.0,40265318.4
HyperX,1516,1535354880.0,86.39136904761905,13440,10096,402653184.0,40265318.4
HyperX,1517,1535354880.0,86.39880952380953,13440,10096,402653184.0,40265318.4
HyperX,1518,1535354880.0,86.40625,13440,10096,402653184.0,40265318.4
HyperX,1519,1535354880.0,86.41369047619048,13440,10096,402653184.0,40265318.4
HyperX,1520,1535354880.0,86.42113095238095,13440,10096,402653184.0,40265318.4
HyperX,1521,1535354880.0,86.42857142857143,13440,10096,402653184.0,40265318.4
HyperX,1522,1535354880.0,86.4360119047619,13440,10096,402653184.0,40265318.4
HyperX,1523,1535354880.0,86.44345238095238,13440,10096,402653184.0,40265318.4
HyperX,1524,1535354880.0,86.45089285714286,13440,10096,402653184.0,40265318.4
HyperX,1525,1535354880.0,86.45833333333334,13440,10096,402653184.0,40265318.4
HyperX,1526,1535354880.0,86.46577380952381,13440,10096,402653184.0,40265318.4
HyperX,1527,1535354880.0,86.47321428571428,13440,10096,402653184.0,40265318.4
HyperX,1528,1535354880.0,86.48065476190476,13440,10096,402653184.0,40265318.4
HyperX,1529,1535354880.0,86.48809523809524,13440,10096,402653184.0,40265318.4
HyperX,1530,1535354880.0,86.49553571428571,13440,10096,402653184.0,40265318.4
HyperX,1531,1535354880.0,86.50297619047619,13440,10096,402653184.0,40265318.4
HyperX,1532,1535354880.0,86.51041666666667,13440,10096,402653184.0,40265318.4
HyperX,1533,1535354880.0,86.51785714285715,13440,10096,402653184.0,40265318.4
HyperX,1534,1535354880.0,86.52529761904762,13440,10096,402653184.0,40265318.4
HyperX,1535,1535354880.0,86.53273809523809,13440,10096,402653184.0,40265318.4
HyperX,1536,1535354880.0,86.54017857142857,13440,10096,402653184.0,40265318.4
HyperX,1537,1535354880.0,86.54761904761905,13440,10096,402653184.0,40265318.4
HyperX,1538,1535354880.0,86.55505952380952,13440,10096,402653184.0,40265318.4
HyperX,1539,1535354880.0,86.5625,13440,10096,402653184.0,40265318.4
HyperX,1540,1535354880.0,86.56994047619048,13440,10096,402653184.0,40265318.4
HyperX,1541,1535354880.0,86.57738095238095,13440,10096,402653184.0,40265318.4
HyperX,1542,1535354880.0,86.58482142857142,13440,10096,402653184.0,40265318.4
HyperX,1543,1535354880.0,86.5922619047619,13440,10096,402653184.0,40265318.4
HyperX,1544,1535354880.0,86.59970238095238,13440,10096,402653184.0,40265318.4
HyperX,1545,1535354880.0,86.60714285714286,13440,10096,402653184.0,40265318.4
HyperX,1546,1535354880.0,86.61458333333333,13440,10096,402653184.0,40265318.4
HyperX,1547,1535354880.0,86.62202380952381,13440,10096,402653184.0,40265318.4
HyperX,1548,1535354880.0,86.62946428571429,13440,10096,402653184.0,40265318.4
HyperX,1549,1535354880.0,86.63690476190476,13440,10096,402653184.0,40265318.4
HyperX,1550,1535354880.0,86.64434523809523,13440,10096,402653184.0,40265318.4
HyperX,1551,1535354880.0,86.65178571428571,13440,10096,402653184.0,40265318.4
HyperX,1552,1535354880.0,86.65922619047619,13440,10096,402653184.0,40265318.4
HyperX,1553,1535354880.0,86.66666666666667,13440,10096,402653184.0,40265318.4
HyperX,1554,1535354880.0,86.67410714285714,13440,10096,402653184.0,40265318.4
HyperX,1555,1535354880.0,86.68154761904762,13440,10096,402653184.0,40265318.4
HyperX,1556,1535354880.0,86.6889880952381,13440,10096,402653184.0,40265318.4
HyperX,1557,1535354880.0,86.69642857142857,13440,10096,402653184.0,40265318.4
HyperX,1558,1535354880.0,86.70386904761904,13440,10096,402653184.0,40265318.4
HyperX,1559,1535354880.0,86.71130952380952,13440,10096,402653184.0,40265318.4
HyperX,1560,1535354880.0,86.71875,13440,10096,402653184.0,40265318.4
HyperX,1561,1535354880.0,86.72619047619048,13440,10096,402653184.0,40265318.4
HyperX,1562,1535354880.0,86.73363095238096,13440,10096,402653184.0,40265318.4
HyperX,1563,1535354880.0,86.74107142857143,13440,10096,402653184.0,40265318.4
HyperX,1564,1535354880.0,86.7485119047619,13440,10096,402653184.0,40265318.4
HyperX,1565,1535354880.0,86.75595238095238,13440,10096,402653184.0,40265318.4
HyperX,1566,1535354880.0,86.76339285714286,13440,10096,402653184.0,40265318.4
HyperX,1567,1535354880.0,86.77083333333333,13440,10096,402653184.0,40265318.4
HyperX,1568,1535354880.0,86.77827380952381,13440,10096,402653184.0,40265318.4
HyperX,1569,1535354880.0,86.78571428571429,13440,10096,402653184.0,40265318.4
HyperX,1570,1535354880.0,86.79315476190477,13440,10096,402653184.0,40265318.4
HyperX,1571,1535354880.0,86.80059523809524,13440,10096,402653184.0,40265318.4
HyperX,1572,1535354880.0,86.80803571428571,13440,10096,402653184.0,40265318.4
HyperX,1573,1535354880.0,86.81547619047619,13440,10096,402653184.0,40265318.4
HyperX,1574,1535354880.0,86.82291666666667,13440,10096,402653184.0,40265318.4
HyperX,1575,1535354880.0,86.83035714285714,13440,10096,402653184.0,40265318.4
HyperX,1576,1535354880.0,86.83779761904762,13440,10096,402653184.0,40265318.4
HyperX,1577,1535354880.0,86.8452380952381,13440,10096,402653184.0,40265318.4
HyperX,1578,1535354880.0,86.85267857142858,13440,10096,402653184.0,40265318.4
HyperX,1579,1535354880.0,86.86011904761905,13440,10096,402653184.0,40265318.4
HyperX,1580,1535354880.0,86.86755952380952,13440,10096,402653184.0,40265318.4
HyperX,1581,1535354880.0,86.875,13440,10096,402653184.0,40265318.4
HyperX,1582,1535354880.0,86.88244047619048,13440,10096,402653184.0,40265318.4
HyperX,1583,1535354880.0,86.88988095238095,13440,10096,402653184.0,40265318.4
HyperX,1584,1535354880.0,86.89732142857143,13440,10096,402653184.0,40265318.4
HyperX,1585,1535354880.0,86.90476190476191,13440,10096,402653184.0,40265318.4
HyperX,1586,1535354880.0,86.91220238095238,13440,10096,402653184.0,40265318.4
HyperX,1587,1535354880.0,86.91964285714285,13440,10096,402653184.0,40265318.4
HyperX,1588,1535354880.0,86.92708333333333,13440,10096,402653184.0,40265318.4
HyperX,1589,1535354880.0,86.93452380952381,13440,10096,402653184.0,40265318.4
HyperX,1590,1535354880.0,86.94196428571429,13440,10096,402653184.0,40265318.4
HyperX,1591,1535354880.0,86.94940476190476,13440,10096,402653184.0,40265318.4
HyperX,1592,1535354880.0,86.95684523809524,13440,10096,402653184.0,40265318.4
HyperX,1593,1535354880.0,86.96428571428572,13440,10096,402653184.0,40265318.4
HyperX,1594,1535354880.0,86.97172619047619,13440,10096,402653184.0,40265318.4
HyperX,1595,1535354880.0,86.97916666666666,13440,10096,402653184.0,40265318.4
HyperX,1596,1535354880.0,86.98660714285714,13440,10096,402653184.0,40265318.4
HyperX,1597,1535354880.0,86.99404761904762,13440,10096,402653184.0,40265318.4
HyperX,1598,1535354880.0,87.0014880952381,13440,10096,402653184.0,40265318.4
HyperX,1599,1535354880.0,87.00892857142857,13440,10096,402653184.0,40265318.4
HyperX,1600,1535354880.0,87.01636904761905,13440,10096,402653184.0,40265318.4
HyperX,1601,1535354880.0,87.02380952380952,13440,10096,402653184.0,40265318.4
HyperX,1602,1535354880.0,87.03125,13440,10096,402653184.0,40265318.4
HyperX,1603,1535354880.0,87.03869047619047,13440,10096,402653184.0,40265318.4
HyperX,1604,1535354880.0,87.04613095238095,13440,10096,402653184.0,40265318.4
HyperX,1605,1535354880.0,87.05357142857143,13440,10096,402653184.0,40265318.4
HyperX,1606,1535354880.0,87.06101190476191,13440,10096,402653184.0,40265318.4
HyperX,1607,1535354880.0,87.06845238095238,13440,10096,402653184.0,40265318.4
HyperX,1608,1535354880.0,87.07589285714286,13440,10096,402653184.0,40265318.4
HyperX,1609,1535354880.0,87.08333333333333,13440,10096,402653184.0,40265318.4
HyperX,1610,1535354880.0,87.09077380952381,13440,10096,402653184.0,40265318.4
HyperX,1611,1535354880.0,87.09821428571428,13440,10096,402653184.0,40265318.4
HyperX,1612,1535354880.0,87.10565476190476,13440,10096,402653184.0,40265318.4
HyperX,1613,1535354880.0,87.11309523809524,13440,10096,402653184.0,40265318.4
HyperX,1614,1535354880.0,87.12053571428572,13440,10096,402653184.0,40265318.4
HyperX,1615,1535354880.0,87.12797619047619,13440,10096,402653184.0,40265318.4
HyperX,1616,1535354880.0,87.13541666666667,13440,10096,402653184.0,40265318.4
HyperX,1617,1535354880.0,87.14285714285714,13440,10096,402653184.0,40265318.4
HyperX,1618,1535354880.0,87.15029761904762,13440,10096,402653184.0,40265318.4
HyperX,1619,1535354880.0,87.15773809523809,13440,10096,402653184.0,40265318.4
HyperX,1620,1535354880.0,87.16517857142857,13440,10096,402653184.0,40265318.4
HyperX,1621,1535354880.0,87.17261904761905,13440,10096,402653184.0,40265318.4
HyperX,1622,1535354880.0,87.18005952380953,13440,10096,402653184.0,40265318.4
HyperX,1623,1535354880.0,87.1875,13440,10096,402653184.0,40265318.4
HyperX,1624,1535354880.0,87.19494047619048,13440,10096,402653184.0,40265318.4
HyperX,1625,1535354880.0,87.20238095238095,13440,10096,402653184.0,40265318.4
HyperX,1626,1535354880.0,87.20982142857143,13440,10096,402653184.0,40265318.4
HyperX,1627,1535354880.0,87.2172619047619,13440,10096,402653184.0,40265318.4
HyperX,1628,1535354880.0,87.22470238095238,13440,10096,402653184.0,40265318.4
HyperX,1629,1535354880.0,87.23214285714286,13440,10096,402653184.0,40265318.4
HyperX,1630,1535354880.0,87.23958333333334,13440,10096,402653184.0,40265318.4
HyperX,1631,1535354880.0,87.24702380952381,13440,10096,402653184.0,40265318.4
HyperX,1632,1535354880.0,87.25446428571428,13440,10096,402653184.0,40265318.4
HyperX,1633,1535354880.0,87.26190476190476,13440,10096,402653184.0,40265318.4
HyperX,1634,1535354880.0,87.26934523809524,13440,10096,402653184.0,40265318.4
HyperX,1635,1535354880.0,87.27678571428571,13440,10096,402653184.0,40265318.4
HyperX,1636,1535354880.0,87.28422619047619,13440,10096,402653184.0,40265318.4
HyperX,1637,1535354880.0,87.29166666666667,13440,10096,402653184.0,40265318.4
HyperX,1638,1535354880.0,87.29910714285715,13440,10096,402653184.0,40265318.4
HyperX,1639,1535354880.0,87.30654761904762,13440,10096,402653184.0,40265318.4
HyperX,1640,1535354880.0,87.31398809523809,13440,10096,402653184.0,40265318.4
HyperX,1641,1535354880.0,87.32142857142857,13440,10096,402653184.0,40265318.4
HyperX,1642,1535354880.0,87.32886904761905,13440,10096,402653184.0,40265318.4
HyperX,1643,1535354880.0,87.33630952380952,13440,10096,402653184.0,40265318.4
HyperX,1644,1535354880.0,87.34375,13440,10096,402653184.0,40265318.4
HyperX,1645,1535354880.0,87.35119047619048,13440,10096,402653184.0,40265318.4
HyperX,1646,1535354880.0,87.35863095238095,13440,10096,402653184.0,40265318.4
HyperX,1647,1535354880.0,87.36607142857142,13440,10096,402653184.0,40265318.4
HyperX,1648,1535354880.0,87.3735119047619,13440,10096,402653184.0,40265318.4
HyperX,1649,1535354880.0,87.38095238095238,13440,10096,402653184.0,40265318.4
HyperX,1650,1535354880.0,87.38839285714286,13440,10096,402653184.0,40265318.4
HyperX,1651,1535354880.0,87.39583333333333,13440,10096,402653184.0,40265318.4
HyperX,1652,1535354880.0,87.40327380952381,13440,10096,402653184.0,40265318.4
HyperX,1653,1535354880.0,87.41071428571429,13440,10096,402653184.0,40265318.4
HyperX,1654,1535354880.0,87.41815476190476,13440,10096,402653184.0,40265318.4
HyperX,1655,1535354880.0,87.42559523809523,13440,10096,402653184.0,40265318.4
HyperX,1656,1535354880.0,87.43303571428571,13440,10096,402653184.0,40265318.4
HyperX,1657,1535354880.0,87.44047619047619,13440,10096,402653184.0,40265318.4
HyperX,1658,1535354880.0,87.44791666666667,13440,10096,402653184.0,40265318.4
HyperX,1659,1535354880.0,87.45535714285714,13440,10096,402653184.0,40265318.4
HyperX,1660,1535354880.0,87.46279761904762,13440,10096,402653184.0,40265318.4
HyperX,1661,1535354880.0,87.4702380952381,13440,10096,402653184.0,40265318.4
HyperX,1662,1535354880.0,87.47767857142857,13440,10096,402653184.0,40265318.4
HyperX,1663,1535354880.0,87.48511904761904,13440,10096,402653184.0,40265318.4
HyperX,1664,1535354880.0,87.49255952380952,13440,10096,402653184.0,40265318.4
HyperX,1665,1535354880.0,87.5,13440,10096,402653184.0,40265318.4
HyperX,1666,1535354880.0,87.50744047619048,13440,10096,402653184.0,40265318.4
HyperX,1667,1535354880.0,87.51488095238096,13440,10096,402653184.0,40265318.4
HyperX,1668,1535354880.0,87.52232142857143,13440,10096,402653184.0,40265318.4
HyperX,1669,1535354880.0,87.5297619047619,13440,10096,402653184.0,40265318.4
HyperX,1670,1535354880.0,87.53720238095238,13440,10096,402653184.0,40265318.4
HyperX,1671,1535354880.0,87.54464285714286,13440,10096,402653184.0,40265318.4
HyperX,1672,1535354880.0,87.55208333333333,13440,10096,402653184.0,40265318.4
HyperX,1673,1535354880.0,87.55952380952381,13440,10096,402653184.0,40265318.4
HyperX,1674,1535354880.0,87.56696428571429,13440,10096,402653184.0,40265318.4
HyperX,1675,1535354880.0,87.57440476190477,13440,10096,402653184.0,40265318.4
HyperX,1676,1535354880.0,87.58184523809524,13440,10096,402653184.0,40265318.4
HyperX,1677,1535354880.0,87.58928571428571,13440,10096,402653184.0,40265318.4
HyperX,1678,1535354880.0,87.59672619047619,13440,10096,402653184.0,40265318.4
HyperX,1679,1535354880.0,87.60416666666667,13440,10096,402653184.0,40265318.4
HyperX,1680,1535354880.0,87.61160714285714,13440,10096,402653184.0,40265318.4
HyperX,1681,1535354880.0,87.61904761904762,13440,10096,402653184.0,40265318.4
HyperX,1682,1535354880.0,87.6264880952381,13440,10096,402653184.0,40265318.4
HyperX,1683,1535354880.0,87.63392857142858,13440,10096,402653184.0,40265318.4
HyperX,1684,1535354880.0,87.64136904761905,13440,10096,402653184.0,40265318.4
HyperX,1685,1535354880.0,87.64880952380952,13440,10096,402653184.0,40265318.4
HyperX,1686,1535354880.0,87.65625,13440,10096,402653184.0,40265318.4
HyperX,1687,1535354880.0,87.66369047619048,13440,10096,402653184.0,40265318.4
HyperX,1688,1535354880.0,87.67113095238095,13440,10096,402653184.0,40265318.4
HyperX,1689,1535354880.0,87.67857142857143,13440,10096,402653184.0,40265318.4
HyperX,1690,1535354880.0,87.68601190476191,13440,10096,402653184.0,40265318.4
HyperX,1691,1535354880.0,87.69345238095238,13440,10096,402653184.0,40265318.4
HyperX,1692,1535354880.0,87.70089285714285,13440,10096,402653184.0,40265318.4
HyperX,1693,1535354880.0,87.70833333333333,13440,10096,402653184.0,40265318.4
HyperX,1694,1535354880.0,87.71577380952381,13440,10096,402653184.0,40265318.4
HyperX,1695,1535354880.0,87.72321428571429,13440,10096,402653184.0,40265318.4
HyperX,1696,1535354880.0,87.73065476190476,13440,10096,402653184.0,40265318.4
HyperX,1697,1535354880.0,87.73809523809524,13440,10096,402653184.0,40265318.4
HyperX,1698,1535354880.0,87.74553571428572,13440,10096,402653184.0,40265318.4
HyperX,1699,1535354880.0,87.75297619047619,13440,10096,402653184.0,40265318.4
HyperX,1700,1535354880.0,87.76041666666666,13440,10096,402653184.0,40265318.4
HyperX,1701,1535354880.0,87.76785714285714,13440,10096,402653184.0,40265318.4
HyperX,1702,1535354880.0,87.77529761904762,13440,10096,402653184.0,40265318.4
HyperX,1703,1535354880.0,87.7827380952381,13440,10096,402653184.0,40265318.4
HyperX,1704,1535354880.0,87.79017857142857,13440,10096,402653184.0,40265318.4
HyperX,1705,1535354880.0,87.79761904761905,13440,10096,402653184.0,40265318.4
HyperX,1706,1535354880.0,87.80505952380952,13440,10096,402653184.0,40265318.4
HyperX,1707,1535354880.0,87.8125,13440,10096,402653184.0,40265318.4
HyperX,1708,1535354880.0,87.81994047619047,13440,10096,402653184.0,40265318.4
HyperX,1709,1535354880.0,87.82738095238095,13440,10096,402653184.0,40265318.4
HyperX,1710,1535354880.0,87.83482142857143,13440,10096,402653184.0,40265318.4
HyperX,1711,1535354880.0,87.84226190476191,13440,10096,402653184.0,40265318.4
HyperX,1712,1535354880.0,87.84970238095238,13440,10096,402653184.0,40265318.4
HyperX,1713,1535354880.0,87.85714285714286,13440,10096,402653184.0,40265318.4
HyperX,1714,1535354880.0,87.86458333333333,13440,10096,402653184.0,40265318.4
HyperX,1715,1535354880.0,87.87202380952381,13440,10096,402653184.0,40265318.4
HyperX,1716,1535354880.0,87.87946428571428,13440,10096,402653184.0,40265318.4
HyperX,1717,1535354880.0,87.88690476190476,13440,10096,402653184.0,40265318.4
HyperX,1718,1535354880.0,87.89434523809524,13440,10096,402653184.0,40265318.4
HyperX,1719,1535354880.0,87.90178571428572,13440,10096,402653184.0,40265318.4
HyperX,1720,1535354880.0,87.90922619047619,13440,10096,402653184.0,40265318.4
HyperX,1721,1535354880.0,87.91666666666667,13440,10096,402653184.0,40265318.4
HyperX,1722,1535354880.0,87.92410714285714,13440,10096,402653184.0,40265318.4
HyperX,1723,1535354880.0,87.93154761904762,13440,10096,402653184.0,40265318.4
HyperX,1724,1535354880.0,87.93898809523809,13440,10096,402653184.0,40265318.4
HyperX,1725,1535354880.0,87.94642857142857,13440,10096,402653184.0,40265318.4
HyperX,1726,1535354880.0,87.95386904761905,13440,10096,402653184.0,40265318.4
HyperX,1727,1535354880.0,87.96130952380953,13440,10096,402653184.0,40265318.4
HyperX,1728,1535354880.0,87.96875,13440,10096,402653184.0,40265318.4
HyperX,1729,1535354880.0,87.97619047619048,13440,10096,402653184.0,40265318.4
HyperX,1730,1535354880.0,87.98363095238095,13440,10096,402653184.0,40265318.4
HyperX,1731,1535354880.0,87.99107142857143,13440,10096,402653184.0,40265318.4
HyperX,1732,1535354880.0,87.9985119047619,13440,10096,402653184.0,40265318.4
HyperX,1733,1535354880.0,88.00595238095238,13440,10096,402653184.0,40265318.4
HyperX,1734,1535354880.0,88.01339285714286,13440,10096,402653184.0,40265318.4
HyperX,1735,1535354880.0,88.02083333333334,13440,10096,402653184.0,40265318.4
HyperX,1736,1535354880.0,88.02827380952381,13440,10096,402653184.0,40265318.4
HyperX,1737,1535354880.0,88.03571428571428,13440,10096,402653184.0,40265318.4
HyperX,1738,1535354880.0,88.04315476190476,13440,10096,402653184.0,40265318.4
HyperX,1739,1535354880.0,88.05059523809524,13440,10096,402653184.0,40265318.4
HyperX,1740,1535354880.0,88.05803571428571,13440,10096,402653184.0,40265318.4
HyperX,1741,1535354880.0,88.06547619047619,13440,10096,402653184.0,40265318.4
HyperX,1742,1535354880.0,88.07291666666667,13440,10096,402653184.0,40265318.4
HyperX,1743,1535354880.0,88.08035714285715,13440,10096,402653184.0,40265318.4
HyperX,1744,1535354880.0,88.08779761904762,13440,10096,402653184.0,40265318.4
HyperX,1745,1535354880.0,88.09523809523809,13440,10096,402653184.0,40265318.4
HyperX,1746,1535354880.0,88.10267857142857,13440,10096,402653184.0,40265318.4
HyperX,1747,1535354880.0,88.11011904761905,13440,10096,402653184.0,40265318.4
HyperX,1748,1535354880.0,88.11755952380952,13440,10096,402653184.0,40265318.4
HyperX,1749,1535354880.0,88.125,13440,10096,402653184.0,40265318.4
HyperX,1750,1535354880.0,88.13244047619048,13440,10096,402653184.0,40265318.4
HyperX,1751,1535354880.0,88.13988095238095,13440,10096,402653184.0,40265318.4
HyperX,1752,1535354880.0,88.14732142857142,13440,10096,402653184.0,40265318.4
HyperX,1753,1535354880.0,88.1547619047619,13440,10096,402653184.0,40265318.4
HyperX,1754,1535354880.0,88.16220238095238,13440,10096,402653184.0,40265318.4
HyperX,1755,1535354880.0,88.16964285714286,13440,10096,402653184.0,40265318.4
HyperX,1756,1535354880.0,88.17708333333333,13440,10096,402653184.0,40265318.4
HyperX,1757,1535354880.0,88.18452380952381,13440,10096,402653184.0,40265318.4
HyperX,1758,1535354880.0,88.19196428571429,13440,10096,402653184.0,40265318.4
HyperX,1759,1535354880.0,88.19940476190476,13440,10096,402653184.0,40265318.4
HyperX,1760,1535354880.0,88.20684523809523,13440,10096,402653184.0,40265318.4
HyperX,1761,1535354880.0,88.21428571428571,13440,10096,402653184.0,40265318.4
HyperX,1762,1535354880.0,88.22172619047619,13440,10096,402653184.0,40265318.4
HyperX,1763,1535354880.0,88.22916666666667,13440,10096,402653184.0,40265318.4
HyperX,1764,1535354880.0,88.23660714285714,13440,10096,402653184.0,40265318.4
HyperX,1765,1535354880.0,88.24404761904762,13440,10096,402653184.0,40265318.4
HyperX,1766,1535354880.0,88.2514880952381,13440,10096,402653184.0,40265318.4
HyperX,1767,1535354880.0,88.25892857142857,13440,10096,402653184.0,40265318.4
HyperX,1768,1535354880.0,88.26636904761904,13440,10096,402653184.0,40265318.4
HyperX,1769,1535354880.0,88.27380952380952,13440,10096,402653184.0,40265318.4
HyperX,1770,1535354880.0,88.28125,13440,10096,402653184.0,40265318.4
HyperX,1771,1535354880.0,88.28869047619048,13440,10096,402653184.0,40265318.4
HyperX,1772,1535354880.0,88.29613095238096,13440,10096,402653184.0,40265318.4
HyperX,1773,1535354880.0,88.30357142857143,13440,10096,402653184.0,40265318.4
HyperX,1774,1535354880.0,88.3110119047619,13440,10096,402653184.0,40265318.4
HyperX,1775,1535354880.0,88.31845238095238,13440,10096,402653184.0,40265318.4
HyperX,1776,1535354880.0,88.32589285714286,13440,10096,402653184.0,40265318.4
HyperX,1777,1535354880.0,88.33333333333333,13440,10096,402653184.0,40265318.4
HyperX,1778,1535354880.0,88.34077380952381,13440,10096,402653184.0,40265318.4
HyperX,1779,1535354880.0,88.34821428571429,13440,10096,402653184.0,40265318.4
HyperX,1780,1535354880.0,88.35565476190477,13440,10096,402653184.0,40265318.4
HyperX,1781,1535354880.0,88.36309523809524,13440,10096,402653184.0,40265318.4
HyperX,1782,1535354880.0,88.37053571428571,13440,10096,402653184.0,40265318.4
HyperX,1783,1535354880.0,88.37797619047619,13440,10096,402653184.0,40265318.4
HyperX,1784,1535354880.0,88.38541666666667,13440,10096,402653184.0,40265318.4
HyperX,1785,1535354880.0,88.39285714285714,13440,10096,402653184.0,40265318.4
HyperX,1786,1535354880.0,88.40029761904762,13440,10096,402653184.0,40265318.4
HyperX,1787,1535354880.0,88.4077380952381,13440,10096,402653184.0,40265318.4
HyperX,1788,1535354880.0,88.41517857142858,13440,10096,402653184.0,40265318.4
HyperX,1789,1535354880.0,88.42261904761905,13440,10096,402653184.0,40265318.4
HyperX,1790,1535354880.0,88.43005952380952,13440,10096,402653184.0,40265318.4
HyperX,1791,1535354880.0,88.4375,13440,10096,402653184.0,40265318.4
HyperX,1792,1535354880.0,88.44494047619048,13440,10096,402653184.0,40265318.4
HyperX,1793,1535354880.0,88.45238095238095,13440,10096,402653184.0,40265318.4
HyperX,1794,1535354880.0,88.45982142857143,13440,10096,402653184.0,40265318.4
HyperX,1795,1535354880.0,88.46726190476191,13440,10096,402653184.0,40265318.4
HyperX,1796,1535354880.0,88.47470238095238,13440,10096,402653184.0,40265318.4
HyperX,1797,1535354880.0,88.48214285714285,13440,10096,402653184.0,40265318.4
HyperX,1798,1535354880.0,88.48958333333333,13440,10096,402653184.0,40265318.4
HyperX,1799,1535354880.0,88.49702380952381,13440,10096,402653184.0,40265318.4
HyperX,1800,1535354880.0,88.50446428571429,13440,10096,402653184.0,40265318.4
HyperX,1801,1535354880.0,88.51190476190476,13440,10096,402653184.0,40265318.4
HyperX,1802,1535354880.0,88.51934523809524,13440,10096,402653184.0,40265318.4
HyperX,1803,1535354880.0,88.52678571428572,13440,10096,402653184.0,40265318.4
HyperX,1804,1535354880.0,88.53422619047619,13440,10096,402653184.0,40265318.4
HyperX,1805,1535354880.0,88.54166666666666,13440,10096,402653184.0,40265318.4
HyperX,1806,1535354880.0,88.54910714285714,13440,10096,402653184.0,40265318.4
HyperX,1807,1535354880.0,88.55654761904762,13440,10096,402653184.0,40265318.4
HyperX,1808,1535354880.0,88.5639880952381,13440,10096,402653184.0,40265318.4
HyperX,1809,1535354880.0,88.57142857142857,13440,10096,402653184.0,40265318.4
HyperX,1810,1535354880.0,88.57886904761905,13440,10096,402653184.0,40265318.4
HyperX,1811,1535354880.0,88.58630952380952,13440,10096,402653184.0,40265318.4
HyperX,1812,1535354880.0,88.59375,13440,10096,402653184.0,40265318.4
HyperX,1813,1535354880.0,88.60119047619047,13440,10096,402653184.0,40265318.4
HyperX,1814,1535354880.0,88.60863095238095,13440,10096,402653184.0,40265318.4
HyperX,1815,1535354880.0,88.61607142857143,13440,10096,402653184.0,40265318.4
HyperX,1816,1535354880.0,88.62351190476191,13440,10096,402653184.0,40265318.4
HyperX,1817,1535354880.0,88.63095238095238,13440,10096,402653184.0,40265318.4
HyperX,1818,1535354880.0,88.63839285714286,13440,10096,402653184.0,40265318.4
HyperX,1819,1535354880.0,88.64583333333333,13440,10096,402653184.0,40265318.4
HyperX,1820,1535354880.0,88.65327380952381,13440,10096,402653184.0,40265318.4
HyperX,1821,1535354880.0,88.66071428571428,13440,10096,402653184.0,40265318.4
HyperX,1822,1535354880.0,88.66815476190476,13440,10096,402653184.0,40265318.4
HyperX,1823,1535354880.0,88.67559523809524,13440,10096,402653184.0,40265318.4
HyperX,1824,1535354880.0,88.68303571428572,13440,10096,402653184.0,40265318.4
HyperX,1825,1535354880.0,88.69047619047619,13440,10096,402653184.0,40265318.4
HyperX,1826,1535354880.0,88.69791666666667,13440,10096,402653184.0,40265318.4
HyperX,1827,1535354880.0,88.70535714285714,13440,10096,402653184.0,40265318.4
HyperX,1828,1535354880.0,88.71279761904762,13440,10096,402653184.0,40265318.4
HyperX,1829,1535354880.0,88.72023809523809,13440,10096,402653184.0,40265318.4
HyperX,1830,1535354880.0,88.72767857142857,13440,10096,402653184.0,40265318.4
HyperX,1831,1535354880.0,88.73511904761905,13440,10096,402653184.0,40265318.4
HyperX,1832,1535354880.0,88.74255952380953,13440,10096,402653184.0,40265318.4
HyperX,1833,1535354880.0,88.75,13440,10096,402653184.0,40265318.4
HyperX,1834,1535354880.0,88.75744047619048,13440,10096,402653184.0,40265318.4
HyperX,1835,1535354880.0,88.76488095238095,13440,10096,402653184.0,40265318.4
HyperX,1836,1535354880.0,88.77232142857143,13440,10096,402653184.0,40265318.4
HyperX,1837,1535354880.0,88.7797619047619,13440,10096,402653184.0,40265318.4
HyperX,1838,1535354880.0,88.78720238095238,13440,10096,402653184.0,40265318.4
HyperX,1839,1535354880.0,88.79464285714286,13440,10096,402653184.0,40265318.4
HyperX,1840,1535354880.0,88.80208333333334,13440,10096,402653184.0,40265318.4
HyperX,1841,1535354880.0,88.80952380952381,13440,10096,402653184.0,40265318.4
HyperX,1842,1535354880.0,88.81696428571428,13440,10096,402653184.0,40265318.4
HyperX,1843,1535354880.0,88.82440476190476,13440,10096,402653184.0,40265318.4
HyperX,1844,1535354880.0,88.83184523809524,13440,10096,402653184.0,40265318.4
HyperX,1845,1535354880.0,88.83928571428571,13440,10096,402653184.0,40265318.4
HyperX,1846,1535354880.0,88.84672619047619,13440,10096,402653184.0,40265318.4
HyperX,1847,1535354880.0,88.85416666666667,13440,10096,402653184.0,40265318.4
HyperX,1848,1535354880.0,88.86160714285715,13440,10096,402653184.0,40265318.4
HyperX,1849,1535354880.0,88.86904761904762,13440,10096,402653184.0,40265318.4
HyperX,1850,1535354880.0,88.87648809523809,13440,10096,402653184.0,40265318.4
HyperX,1851,1535354880.0,88.88392857142857,13440,10096,402653184.0,40265318.4
HyperX,1852,1535354880.0,88.89136904761905,13440,10096,402653184.0,40265318.4
HyperX,1853,1535354880.0,88.89880952380952,13440,10096,402653184.0,40265318.4
HyperX,1854,1535354880.0,88.90625,13440,10096,402653184.0,40265318.4
HyperX,1855,1535354880.0,88.91369047619048,13440,10096,402653184.0,40265318.4
HyperX,1856,1535354880.0,88.92113095238095,13440,10096,402653184.0,40265318.4
HyperX,1857,1535354880.0,88.92857142857142,13440,10096,402653184.0,40265318.4
HyperX,1858,1535354880.0,88.9360119047619,13440,10096,402653184.0,40265318.4
HyperX,1859,1535354880.0,88.94345238095238,13440,10096,402653184.0,40265318.4
HyperX,1860,1535354880.0,88.95089285714286,13440,10096,402653184.0,40265318.4
HyperX,1861,1535354880.0,88.95833333333333,13440,10096,402653184.0,40265318.4
HyperX,1862,1535354880.0,88.96577380952381,13440,10096,402653184.0,40265318.4
HyperX,1863,1535354880.0,88.97321428571429,13440,10096,402653184.0,40265318.4
HyperX,1864,1535354880.0,88.98065476190476,13440,10096,402653184.0,40265318.4
HyperX,1865,1535354880.0,88.98809523809523,13440,10096,402653184.0,40265318.4
HyperX,1866,1535354880.0,88.99553571428571,13440,10096,402653184.0,40265318.4
HyperX,1867,1535354880.0,89.00297619047619,13440,10096,402653184.0,40265318.4
HyperX,1868,1535354880.0,89.01041666666667,13440,10096,402653184.0,40265318.4
HyperX,1869,1535354880.0,89.01785714285714,13440,10096,402653184.0,40265318.4
HyperX,1870,1535354880.0,89.02529761904762,13440,10096,402653184.0,40265318.4
HyperX,1871,1535354880.0,89.0327380952381,13440,10096,402653184.0,40265318.4
HyperX,1872,1535354880.0,89.04017857142857,13440,10096,402653184.0,40265318.4
HyperX,1873,1535354880.0,89.04761904761904,13440,10096,402653184.0,40265318.4
HyperX,1874,1535354880.0,89.05505952380952,13440,10096,402653184.0,40265318.4
HyperX,1875,1535354880.0,89.0625,13440,10096,402653184.0,40265318.4
HyperX,1876,1535354880.0,89.06994047619048,13440,10096,402653184.0,40265318.4
HyperX,1877,1535354880.0,89.07738095238096,13440,10096,402653184.0,40265318.4
HyperX,1878,1535354880.0,89.08482142857143,13440,10096,402653184.0,40265318.4
HyperX,1879,1535354880.0,89.0922619047619,13440,10096,402653184.0,40265318.4
HyperX,1880,1535354880.0,89.09970238095238,13440,10096,402653184.0,40265318.4
HyperX,1881,1535354880.0,89.10714285714286,13440,10096,402653184.0,40265318.4
HyperX,1882,1535354880.0,89.11458333333333,13440,10096,402653184.0,40265318.4
HyperX,1883,1535354880.0,89.12202380952381,13440,10096,402653184.0,40265318.4
HyperX,1884,1535354880.0,89.12946428571429,13440,10096,402653184.0,40265318.4
HyperX,1885,1535354880.0,89.13690476190477,13440,10096,402653184.0,40265318.4
HyperX,1886,1535354880.0,89.14434523809524,13440,10096,402653184.0,40265318.4
HyperX,1887,1535354880.0,89.15178571428571,13440,10096,402653184.0,40265318.4
HyperX,1888,1535354880.0,89.15922619047619,13440,10096,402653184.0,40265318.4
HyperX,1889,1535354880.0,89.16666666666667,13440,10096,402653184.0,40265318.4
HyperX,1890,1535354880.0,89.17410714285714,13440,10096,402653184.0,40265318.4
HyperX,1891,1535354880.0,89.18154761904762,13440,10096,402653184.0,40265318.4
HyperX,1892,1535354880.0,89.1889880952381,13440,10096,402653184.0,40265318.4
HyperX,1893,1535354880.0,89.19642857142858,13440,10096,402653184.0,40265318.4
HyperX,1894,1535354880.0,89.20386904761905,13440,10096,402653184.0,40265318.4
HyperX,1895,1535354880.0,89.21130952380952,13440,10096,402653184.0,40265318.4
HyperX,1896,1535354880.0,89.21875,13440,10096,402653184.0,40265318.4
HyperX,1897,1535354880.0,89.22619047619048,13440,10096,402653184.0,40265318.4
HyperX,1898,1535354880.0,89.23363095238095,13440,10096,402653184.0,40265318.4
HyperX,1899,1535354880.0,89.24107142857143,13440,10096,402653184.0,40265318.4
HyperX,1900,1535354880.0,89.24851190476191,13440,10096,402653184.0,40265318.4
HyperX,1901,1535354880.0,89.25595238095238,13440,10096,402653184.0,40265318.4
HyperX,1902,1535354880.0,89.26339285714285,13440,10096,402653184.0,40265318.4
HyperX,1903,1535354880.0,89.27083333333333,13440,10096,402653184.0,40265318.4
HyperX,1904,1535354880.0,89.27827380952381,13440,10096,402653184.0,40265318.4
HyperX,1905,1535354880.0,89.28571428571429,13440,10096,402653184.0,40265318.4
HyperX,1906,1535354880.0,89.29315476190476,13440,10096,402653184.0,40265318.4
HyperX,1907,1535354880.0,89.30059523809524,13440,10096,402653184.0,40265318.4
HyperX,1908,1535354880.0,89.30803571428572,13440,10096,402653184.0,40265318.4
HyperX,1909,1535354880.0,89.31547619047619,13440,10096,402653184.0,40265318.4
HyperX,1910,1535354880.0,89.32291666666666,13440,10096,402653184.0,40265318.4
HyperX,1911,1535354880.0,89.33035714285714,13440,10096,402653184.0,40265318.4
HyperX,1912,1535354880.0,89.33779761904762,13440,10096,402653184.0,40265318.4
HyperX,1913,1535354880.0,89.3452380952381,13440,10096,402653184.0,40265318.4
HyperX,1914,1535354880.0,89.35267857142857,13440,10096,402653184.0,40265318.4
HyperX,1915,1535354880.0,89.36011904761905,13440,10096,402653184.0,40265318.4
HyperX,1916,1535354880.0,89.36755952380952,13440,10096,402653184.0,40265318.4
HyperX,1917,1535354880.0,89.375,13440,10096,402653184.0,40265318.4
HyperX,1918,1535354880.0,89.38244047619047,13440,10096,402653184.0,40265318.4
HyperX,1919,1535354880.0,89.38988095238095,13440,10096,402653184.0,40265318.4
HyperX,1920,1535354880.0,89.39732142857143,13440,10096,402653184.0,40265318.4
HyperX,1921,1535354880.0,89.40476190476191,13440,10096,402653184.0,40265318.4
HyperX,1922,5940092928.0,89.41220238095238,13440,10096,402653184.0,40265318.4
HyperX,1923,5940092928.0,89.41964285714286,13440,10096,402653184.0,40265318.4
HyperX,1924,5940092928.0,89.42708333333333,13440,10096,402653184.0,40265318.4
HyperX,1925,5940092928.0,89.43452380952381,13440,10096,402653184.0,40265318.4
HyperX,1926,5940092928.0,89.44196428571428,13440,10096,402653184.0,40265318.4
HyperX,1927,5940092928.0,89.44940476190476,13440,10096,402653184.0,40265318.4
HyperX,1928,5940092928.0,89.45684523809524,13440,10096,402653184.0,40265318.4
HyperX,1929,5940092928.0,89.46428571428572,13440,10096,402653184.0,40265318.4
HyperX,1930,5940092928.0,89.47172619047619,13440,10096,402653184.0,40265318.4
HyperX,1931,5940092928.0,89.47916666666667,13440,10096,402653184.0,40265318.4
HyperX,1932,5940092928.0,89.48660714285714,13440,10096,402653184.0,40265318.4
HyperX,1933,5940092928.0,89.49404761904762,13440,10096,402653184.0,40265318.4
HyperX,1934,5940092928.0,89.50148809523809,13440,10096,402653184.0,40265318.4
HyperX,1935,5940092928.0,89.50892857142857,13440,10096,402653184.0,40265318.4
HyperX,1936,5940092928.0,89.51636904761905,13440,10096,402653184.0,40265318.4
HyperX,1937,5940092928.0,89.52380952380953,13440,10096,402653184.0,40265318.4
HyperX,1938,11880185856.0,89.53125,13440,10096,402653184.0,40265318.4
HyperX,1939,11880185856.0,89.53869047619048,13440,10096,402653184.0,40265318.4
HyperX,1940,11880185856.0,89.54613095238095,13440,10096,402653184.0,40265318.4
HyperX,1941,11880185856.0,89.55357142857143,13440,10096,402653184.0,40265318.4
HyperX,1942,11880185856.0,89.5610119047619,13440,10096,402653184.0,40265318.4
HyperX,1943,11880185856.0,89.56845238095238,13440,10096,402653184.0,40265318.4
HyperX,1944,11880185856.0,89.57589285714286,13440,10096,402653184.0,40265318.4
HyperX,1945,11880185856.0,89.58333333333334,13440,10096,402653184.0,40265318.4
HyperX,1946,11880185856.0,89.59077380952381,13440,10096,402653184.0,40265318.4
HyperX,1947,11880185856.0,89.59821428571428,13440,10096,402653184.0,40265318.4
HyperX,1948,11880185856.0,89.60565476190476,13440,10096,402653184.0,40265318.4
HyperX,1949,11880185856.0,89.61309523809524,13440,10096,402653184.0,40265318.4
HyperX,1950,11880185856.0,89.62053571428571,13440,10096,402653184.0,40265318.4
HyperX,1951,11880185856.0,89.62797619047619,13440,10096,402653184.0,40265318.4
HyperX,1952,11880185856.0,89.63541666666667,13440,10096,402653184.0,40265318.4
HyperX,1953,11880185856.0,89.64285714285715,13440,10096,402653184.0,40265318.4
HyperX,1954,11880185856.0,89.65029761904762,13440,10096,402653184.0,40265318.4
HyperX,1955,11880185856.0,89.65773809523809,13440,10096,402653184.0,40265318.4
HyperX,1956,11880185856.0,89.66517857142857,13440,10096,402653184.0,40265318.4
HyperX,1957,11880185856.0,89.67261904761905,13440,10096,402653184.0,40265318.4
HyperX,1958,11880185856.0,89.68005952380952,13440,10096,402653184.0,40265318.4
HyperX,1959,11880185856.0,89.6875,13440,10096,402653184.0,40265318.4
HyperX,1960,11880185856.0,89.69494047619048,13440,10096,402653184.0,40265318.4
HyperX,1961,11880185856.0,89.70238095238095,13440,10096,402653184.0,40265318.4
HyperX,1962,11880185856.0,89.70982142857142,13440,10096,402653184.0,40265318.4
HyperX,1963,11880185856.0,89.7172619047619,13440,10096,402653184.0,40265318.4
HyperX,1964,11880185856.0,89.72470238095238,13440,10096,402653184.0,40265318.4
HyperX,1965,11880185856.0,89.73214285714286,13440,10096,402653184.0,40265318.4
HyperX,1966,11880185856.0,89.73958333333333,13440,10096,402653184.0,40265318.4
HyperX,1967,11880185856.0,89.74702380952381,13440,10096,402653184.0,40265318.4
HyperX,1968,11880185856.0,89.75446428571429,13440,10096,402653184.0,40265318.4
HyperX,1969,11880185856.0,89.76190476190476,13440,10096,402653184.0,40265318.4
HyperX,1970,11880185856.0,89.76934523809523,13440,10096,402653184.0,40265318.4
HyperX,1971,11880185856.0,89.77678571428571,13440,10096,402653184.0,40265318.4
HyperX,1972,11880185856.0,89.78422619047619,13440,10096,402653184.0,40265318.4
HyperX,1973,11880185856.0,89.79166666666667,13440,10096,402653184.0,40265318.4
HyperX,1974,11880185856.0,89.79910714285714,13440,10096,402653184.0,40265318.4
HyperX,1975,11880185856.0,89.80654761904762,13440,10096,402653184.0,40265318.4
HyperX,1976,11880185856.0,89.8139880952381,13440,10096,402653184.0,40265318.4
HyperX,1977,11880185856.0,89.82142857142857,13440,10096,402653184.0,40265318.4
HyperX,1978,11880185856.0,89.82886904761904,13440,10096,402653184.0,40265318.4
HyperX,1979,11880185856.0,89.83630952380952,13440,10096,402653184.0,40265318.4
HyperX,1980,11880185856.0,89.84375,13440,10096,402653184.0,40265318.4
HyperX,1981,11880185856.0,89.85119047619048,13440,10096,402653184.0,40265318.4
HyperX,1982,11880185856.0,89.85863095238096,13440,10096,402653184.0,40265318.4
HyperX,1983,11880185856.0,89.86607142857143,13440,10096,402653184.0,40265318.4
HyperX,1984,11880185856.0,89.8735119047619,13440,10096,402653184.0,40265318.4
HyperX,1985,11880185856.0,89.88095238095238,13440,10096,402653184.0,40265318.4
HyperX,1986,11880185856.0,89.88839285714286,13440,10096,402653184.0,40265318.4
HyperX,1987,11880185856.0,89.89583333333333,13440,10096,402653184.0,40265318.4
HyperX,1988,11880185856.0,89.90327380952381,13440,10096,402653184.0,40265318.4
HyperX,1989,11880185856.0,89.91071428571429,13440,10096,402653184.0,40265318.4
HyperX,1990,11880185856.0,89.91815476190477,13440,10096,402653184.0,40265318.4
HyperX,1991,11880185856.0,89.92559523809524,13440,10096,402653184.0,40265318.4
HyperX,1992,11880185856.0,89.93303571428571,13440,10096,402653184.0,40265318.4
HyperX,1993,11880185856.0,89.94047619047619,13440,10096,402653184.0,40265318.4
HyperX,1994,11880185856.0,89.94791666666667,13440,10096,402653184.0,40265318.4
HyperX,1995,11880185856.0,89.95535714285714,13440,10096,402653184.0,40265318.4
HyperX,1996,11880185856.0,89.96279761904762,13440,10096,402653184.0,40265318.4
HyperX,1997,11880185856.0,89.9702380952381,13440,10096,402653184.0,40265318.4
HyperX,1998,11880185856.0,89.97767857142858,13440,10096,402653184.0,40265318.4
HyperX,1999,11880185856.0,89.98511904761905,13440,10096,402653184.0,40265318.4
HyperX,2000,11880185856.0,89.99255952380952,13440,10096,402653184.0,40265318.4
HyperX,2001,11880185856.0,90.0,13440,10096,402653184.0,40265318.4
HyperX,2002,11880185856.0,90.00744047619048,13440,10096,402653184.0,40265318.4
HyperX,2003,11880185856.0,90.01488095238095,13440,10096,402653184.0,40265318.4
HyperX,2004,11880185856.0,90.02232142857143,13440,10096,402653184.0,40265318.4
HyperX,2005,11880185856.0,90.02976190476191,13440,10096,402653184.0,40265318.4
HyperX,2006,11880185856.0,90.03720238095238,13440,10096,402653184.0,40265318.4
HyperX,2007,11880185856.0,90.04464285714285,13440,10096,402653184.0,40265318.4
HyperX,2008,11880185856.0,90.05208333333333,13440,10096,402653184.0,40265318.4
HyperX,2009,11880185856.0,90.05952380952381,13440,10096,402653184.0,40265318.4
HyperX,2010,11880185856.0,90.06696428571429,13440,10096,402653184.0,40265318.4
HyperX,2011,11880185856.0,90.07440476190476,13440,10096,402653184.0,40265318.4
HyperX,2012,11880185856.0,90.08184523809524,13440,10096,402653184.0,40265318.4
HyperX,2013,11880185856.0,90.08928571428572,13440,10096,402653184.0,40265318.4
HyperX,2014,11880185856.0,90.09672619047619,13440,10096,402653184.0,40265318.4
HyperX,2015,11880185856.0,90.10416666666666,13440,10096,402653184.0,40265318.4
HyperX,2016,11880185856.0,90.11160714285714,13440,10096,402653184.0,40265318.4
HyperX,2017,11880185856.0,90.11904761904762,13440,10096,402653184.0,40265318.4
HyperX,2018,11880185856.0,90.1264880952381,13440,10096,402653184.0,40265318.4
HyperX,2019,11880185856.0,90.13392857142857,13440,10096,402653184.0,40265318.4
HyperX,2020,11880185856.0,90.14136904761905,13440,10096,402653184.0,40265318.4
HyperX,2021,11880185856.0,90.14880952380952,13440,10096,402653184.0,40265318.4
HyperX,2022,11880185856.0,90.15625,13440,10096,402653184.0,40265318.4
HyperX,2023,11880185856.0,90.16369047619047,13440,10096,402653184.0,40265318.4
HyperX,2024,11880185856.0,90.17113095238095,13440,10096,402653184.0,40265318.4
HyperX,2025,11880185856.0,90.17857142857143,13440,10096,402653184.0,40265318.4
HyperX,2026,11880185856.0,90.18601190476191,13440,10096,402653184.0,40265318.4
HyperX,2027,11880185856.0,90.19345238095238,13440,10096,402653184.0,40265318.4
HyperX,2028,11880185856.0,90.20089285714286,13440,10096,402653184.0,40265318.4
HyperX,2029,11880185856.0,90.20833333333333,13440,10096,402653184.0,40265318.4
HyperX,2030,11880185856.0,90.21577380952381,13440,10096,402653184.0,40265318.4
HyperX,2031,11880185856.0,90.22321428571428,13440,10096,402653184.0,40265318.4
HyperX,2032,11880185856.0,90.23065476190476,13440,10096,402653184.0,40265318.4
HyperX,2033,11880185856.0,90.23809523809524,13440,10096,402653184.0,40265318.4
HyperX,2034,11880185856.0,90.24553571428572,13440,10096,402653184.0,40265318.4
HyperX,2035,11880185856.0,90.25297619047619,13440,10096,402653184.0,40265318.4
HyperX,2036,11880185856.0,90.26041666666667,13440,10096,402653184.0,40265318.4
HyperX,2037,11880185856.0,90.26785714285714,13440,10096,402653184.0,40265318.4
HyperX,2038,11880185856.0,90.27529761904762,13440,10096,402653184.0,40265318.4
HyperX,2039,11880185856.0,90.28273809523809,13440,10096,402653184.0,40265318.4
HyperX,2040,11880185856.0,90.29017857142857,13440,10096,402653184.0,40265318.4
HyperX,2041,11880185856.0,90.29761904761905,13440,10096,402653184.0,40265318.4
HyperX,2042,11880185856.0,90.30505952380953,13440,10096,402653184.0,40265318.4
HyperX,2043,11880185856.0,90.3125,13440,10096,402653184.0,40265318.4
HyperX,2044,11880185856.0,90.31994047619048,13440,10096,402653184.0,40265318.4
HyperX,2045,11880185856.0,90.32738095238095,13440,10096,402653184.0,40265318.4
HyperX,2046,11880185856.0,90.33482142857143,13440,10096,402653184.0,40265318.4
HyperX,2047,11880185856.0,90.3422619047619,13440,10096,402653184.0,40265318.4
HyperX,2048,11880185856.0,90.34970238095238,13440,10096,402653184.0,40265318.4
HyperX,2049,11880185856.0,90.35714285714286,13440,10096,402653184.0,40265318.4
HyperX,2050,11880185856.0,90.36458333333334,13440,10096,402653184.0,40265318.4
HyperX,2051,11880185856.0,90.37202380952381,13440,10096,402653184.0,40265318.4
HyperX,2052,11880185856.0,90.37946428571428,13440,10096,402653184.0,40265318.4
HyperX,2053,11880185856.0,90.38690476190476,13440,10096,402653184.0,40265318.4
HyperX,2054,11880185856.0,90.39434523809524,13440,10096,402653184.0,40265318.4
HyperX,2055,11880185856.0,90.40178571428571,13440,10096,402653184.0,40265318.4
HyperX,2056,11880185856.0,90.40922619047619,13440,10096,402653184.0,40265318.4
HyperX,2057,11880185856.0,90.41666666666667,13440,10096,402653184.0,40265318.4
HyperX,2058,11880185856.0,90.42410714285715,13440,10096,402653184.0,40265318.4
HyperX,2059,11880185856.0,90.43154761904762,13440,10096,402653184.0,40265318.4
HyperX,2060,11880185856.0,90.43898809523809,13440,10096,402653184.0,40265318.4
HyperX,2061,11880185856.0,90.44642857142857,13440,10096,402653184.0,40265318.4
HyperX,2062,11880185856.0,90.45386904761905,13440,10096,402653184.0,40265318.4
HyperX,2063,11880185856.0,90.46130952380952,13440,10096,402653184.0,40265318.4
HyperX,2064,11880185856.0,90.46875,13440,10096,402653184.0,40265318.4
HyperX,2065,11880185856.0,90.47619047619048,13440,10096,402653184.0,40265318.4
HyperX,2066,335096020992.0,90.48363095238095,13440,10096,402653184.0,40265318.4
HyperX,2067,335096020992.0,90.49107142857142,13440,10096,402653184.0,40265318.4
HyperX,2068,335096020992.0,90.4985119047619,13440,10096,402653184.0,40265318.4
HyperX,2069,335096020992.0,90.50595238095238,13440,10096,402653184.0,40265318.4
HyperX,2070,335096020992.0,90.51339285714286,13440,10096,402653184.0,40265318.4
HyperX,2071,335096020992.0,90.52083333333333,13440,10096,402653184.0,40265318.4
HyperX,2072,335096020992.0,90.52827380952381,13440,10096,402653184.0,40265318.4
HyperX,2073,335096020992.0,90.53571428571429,13440,10096,402653184.0,40265318.4
HyperX,2074,335096020992.0,90.54315476190476,13440,10096,402653184.0,40265318.4
HyperX,2075,335096020992.0,90.55059523809523,13440,10096,402653184.0,40265318.4
HyperX,2076,335096020992.0,90.55803571428571,13440,10096,402653184.0,40265318.4
HyperX,2077,335096020992.0,90.56547619047619,13440,10096,402653184.0,40265318.4
HyperX,2078,335096020992.0,90.57291666666667,13440,10096,402653184.0,40265318.4
HyperX,2079,335096020992.0,90.58035714285714,13440,10096,402653184.0,40265318.4
HyperX,2080,335096020992.0,90.58779761904762,13440,10096,402653184.0,40265318.4
HyperX,2081,335096020992.0,90.5952380952381,13440,10096,402653184.0,40265318.4
HyperX,2082,335096020992.0,90.60267857142857,13440,10096,402653184.0,40265318.4
HyperX,2083,335096020992.0,90.61011904761904,13440,10096,402653184.0,40265318.4
HyperX,2084,335096020992.0,90.61755952380952,13440,10096,402653184.0,40265318.4
HyperX,2085,335096020992.0,90.625,13440,10096,402653184.0,40265318.4
HyperX,2086,335096020992.0,90.63244047619048,13440,10096,402653184.0,40265318.4
HyperX,2087,335096020992.0,90.63988095238096,13440,10096,402653184.0,40265318.4
HyperX,2088,335096020992.0,90.64732142857143,13440,10096,402653184.0,40265318.4
HyperX,2089,335096020992.0,90.6547619047619,13440,10096,402653184.0,40265318.4
HyperX,2090,335096020992.0,90.66220238095238,13440,10096,402653184.0,40265318.4
HyperX,2091,335096020992.0,90.66964285714286,13440,10096,402653184.0,40265318.4
HyperX,2092,335096020992.0,90.67708333333333,13440,10096,402653184.0,40265318.4
HyperX,2093,335096020992.0,90.68452380952381,13440,10096,402653184.0,40265318.4
HyperX,2094,335096020992.0,90.69196428571429,13440,10096,402653184.0,40265318.4
HyperX,2095,335096020992.0,90.69940476190477,13440,10096,402653184.0,40265318.4
HyperX,2096,335096020992.0,90.70684523809524,13440,10096,402653184.0,40265318.4
HyperX,2097,335096020992.0,90.71428571428571,13440,10096,402653184.0,40265318.4
HyperX,2098,335096020992.0,90.72172619047619,13440,10096,402653184.0,40265318.4
HyperX,2099,335096020992.0,90.72916666666667,13440,10096,402653184.0,40265318.4
HyperX,2100,335096020992.0,90.73660714285714,13440,10096,402653184.0,40265318.4
HyperX,2101,335096020992.0,90.74404761904762,13440,10096,402653184.0,40265318.4
HyperX,2102,335096020992.0,90.7514880952381,13440,10096,402653184.0,40265318.4
HyperX,2103,335096020992.0,90.75892857142858,13440,10096,402653184.0,40265318.4
HyperX,2104,335096020992.0,90.76636904761905,13440,10096,402653184.0,40265318.4
HyperX,2105,335096020992.0,90.77380952380952,13440,10096,402653184.0,40265318.4
HyperX,2106,335096020992.0,90.78125,13440,10096,402653184.0,40265318.4
HyperX,2107,335096020992.0,90.78869047619048,13440,10096,402653184.0,40265318.4
HyperX,2108,335096020992.0,90.79613095238095,13440,10096,402653184.0,40265318.4
HyperX,2109,335096020992.0,90.80357142857143,13440,10096,402653184.0,40265318.4
HyperX,2110,335096020992.0,90.81101190476191,13440,10096,402653184.0,40265318.4
HyperX,2111,335096020992.0,90.81845238095238,13440,10096,402653184.0,40265318.4
HyperX,2112,335096020992.0,90.82589285714285,13440,10096,402653184.0,40265318.4
HyperX,2113,335096020992.0,90.83333333333333,13440,10096,402653184.0,40265318.4
HyperX,2114,335096020992.0,90.84077380952381,13440,10096,402653184.0,40265318.4
HyperX,2115,335096020992.0,90.84821428571429,13440,10096,402653184.0,40265318.4
HyperX,2116,335096020992.0,90.85565476190476,13440,10096,402653184.0,40265318.4
HyperX,2117,335096020992.0,90.86309523809524,13440,10096,402653184.0,40265318.4
HyperX,2118,335096020992.0,90.87053571428572,13440,10096,402653184.0,40265318.4
HyperX,2119,335096020992.0,90.87797619047619,13440,10096,402653184.0,40265318.4
HyperX,2120,335096020992.0,90.88541666666666,13440,10096,402653184.0,40265318.4
HyperX,2121,335096020992.0,90.89285714285714,13440,10096,402653184.0,40265318.4
HyperX,2122,335096020992.0,90.90029761904762,13440,10096,402653184.0,40265318.4
HyperX,2123,335096020992.0,90.9077380952381,13440,10096,402653184.0,40265318.4
HyperX,2124,335096020992.0,90.91517857142857,13440,10096,402653184.0,40265318.4
HyperX,2125,335096020992.0,90.92261904761905,13440,10096,402653184.0,40265318.4
HyperX,2126,335096020992.0,90.93005952380952,13440,10096,402653184.0,40265318.4
HyperX,2127,335096020992.0,90.9375,13440,10096,402653184.0,40265318.4
HyperX,2128,335096020992.0,90.94494047619047,13440,10096,402653184.0,40265318.4
HyperX,2129,335096020992.0,90.95238095238095,13440,10096,402653184.0,40265318.4
HyperX,2130,335096020992.0,90.95982142857143,13440,10096,402653184.0,40265318.4
HyperX,2131,335096020992.0,90.96726190476191,13440,10096,402653184.0,40265318.4
HyperX,2132,335096020992.0,90.97470238095238,13440,10096,402653184.0,40265318.4
HyperX,2133,335096020992.0,90.98214285714286,13440,10096,402653184.0,40265318.4
HyperX,2134,335096020992.0,90.98958333333333,13440,10096,402653184.0,40265318.4
HyperX,2135,335096020992.0,90.99702380952381,13440,10096,402653184.0,40265318.4
HyperX,2136,335096020992.0,91.00446428571428,13440,10096,402653184.0,40265318.4
HyperX,2137,335096020992.0,91.01190476190476,13440,10096,402653184.0,40265318.4
HyperX,2138,335096020992.0,91.01934523809524,13440,10096,402653184.0,40265318.4
HyperX,2139,335096020992.0,91.02678571428572,13440,10096,402653184.0,40265318.4
HyperX,2140,335096020992.0,91.03422619047619,13440,10096,402653184.0,40265318.4
HyperX,2141,335096020992.0,91.04166666666667,13440,10096,402653184.0,40265318.4
HyperX,2142,335096020992.0,91.04910714285714,13440,10096,402653184.0,40265318.4
HyperX,2143,335096020992.0,91.05654761904762,13440,10096,402653184.0,40265318.4
HyperX,2144,335096020992.0,91.06398809523809,13440,10096,402653184.0,40265318.4
HyperX,2145,335096020992.0,91.07142857142857,13440,10096,402653184.0,40265318.4
HyperX,2146,335096020992.0,91.07886904761905,13440,10096,402653184.0,40265318.4
HyperX,2147,335096020992.0,91.08630952380953,13440,10096,402653184.0,40265318.4
HyperX,2148,335096020992.0,91.09375,13440,10096,402653184.0,40265318.4
HyperX,2149,335096020992.0,91.10119047619048,13440,10096,402653184.0,40265318.4
HyperX,2150,335096020992.0,91.10863095238095,13440,10096,402653184.0,40265318.4
HyperX,2151,335096020992.0,91.11607142857143,13440,10096,402653184.0,40265318.4
HyperX,2152,335096020992.0,91.1235119047619,13440,10096,402653184.0,40265318.4
HyperX,2153,335096020992.0,91.13095238095238,13440,10096,402653184.0,40265318.4
HyperX,2154,335096020992.0,91.13839285714286,13440,10096,402653184.0,40265318.4
HyperX,2155,335096020992.0,91.14583333333334,13440,10096,402653184.0,40265318.4
HyperX,2156,335096020992.0,91.15327380952381,13440,10096,402653184.0,40265318.4
HyperX,2157,335096020992.0,91.16071428571428,13440,10096,402653184.0,40265318.4
HyperX,2158,335096020992.0,91.16815476190476,13440,10096,402653184.0,40265318.4
HyperX,2159,335096020992.0,91.17559523809524,13440,10096,402653184.0,40265318.4
HyperX,2160,335096020992.0,91.18303571428571,13440,10096,402653184.0,40265318.4
HyperX,2161,335096020992.0,91.19047619047619,13440,10096,402653184.0,40265318.4
HyperX,2162,335096020992.0,91.19791666666667,13440,10096,402653184.0,40265318.4
HyperX,2163,335096020992.0,91.20535714285715,13440,10096,402653184.0,40265318.4
HyperX,2164,335096020992.0,91.21279761904762,13440,10096,402653184.0,40265318.4
HyperX,2165,335096020992.0,91.22023809523809,13440,10096,402653184.0,40265318.4
HyperX,2166,335096020992.0,91.22767857142857,13440,10096,402653184.0,40265318.4
HyperX,2167,335096020992.0,91.23511904761905,13440,10096,402653184.0,40265318.4
HyperX,2168,335096020992.0,91.24255952380952,13440,10096,402653184.0,40265318.4
HyperX,2169,335096020992.0,91.25,13440,10096,402653184.0,40265318.4
HyperX,2170,335096020992.0,91.25744047619048,13440,10096,402653184.0,40265318.4
HyperX,2171,335096020992.0,91.26488095238095,13440,10096,402653184.0,40265318.4
HyperX,2172,335096020992.0,91.27232142857142,13440,10096,402653184.0,40265318.4
HyperX,2173,335096020992.0,91.2797619047619,13440,10096,402653184.0,40265318.4
HyperX,2174,335096020992.0,91.28720238095238,13440,10096,402653184.0,40265318.4
HyperX,2175,335096020992.0,91.29464285714286,13440,10096,402653184.0,40265318.4
HyperX,2176,335096020992.0,91.30208333333333,13440,10096,402653184.0,40265318.4
HyperX,2177,335096020992.0,91.30952380952381,13440,10096,402653184.0,40265318.4
HyperX,2178,335096020992.0,91.31696428571429,13440,10096,402653184.0,40265318.4
HyperX,2179,335096020992.0,91.32440476190476,13440,10096,402653184.0,40265318.4
HyperX,2180,335096020992.0,91.33184523809523,13440,10096,402653184.0,40265318.4
HyperX,2181,335096020992.0,91.33928571428571,13440,10096,402653184.0,40265318.4
HyperX,2182,335096020992.0,91.34672619047619,13440,10096,402653184.0,40265318.4
HyperX,2183,335096020992.0,91.35416666666667,13440,10096,402653184.0,40265318.4
HyperX,2184,335096020992.0,91.36160714285714,13440,10096,402653184.0,40265318.4
HyperX,2185,335096020992.0,91.36904761904762,13440,10096,402653184.0,40265318.4
HyperX,2186,335096020992.0,91.3764880952381,13440,10096,402653184.0,40265318.4
HyperX,2187,335096020992.0,91.38392857142857,13440,10096,402653184.0,40265318.4
HyperX,2188,335096020992.0,91.39136904761904,13440,10096,402653184.0,40265318.4
HyperX,2189,335096020992.0,91.39880952380952,13440,10096,402653184.0,40265318.4
HyperX,2190,335096020992.0,91.40625,13440,10096,402653184.0,40265318.4
HyperX,2191,335096020992.0,91.41369047619048,13440,10096,402653184.0,40265318.4
HyperX,2192,335096020992.0,91.42113095238096,13440,10096,402653184.0,40265318.4
HyperX,2193,335096020992.0,91.42857142857143,13440,10096,402653184.0,40265318.4
HyperX,2194,335096020992.0,91.4360119047619,13440,10096,402653184.0,40265318.4
HyperX,2195,335096020992.0,91.44345238095238,13440,10096,402653184.0,40265318.4
HyperX,2196,335096020992.0,91.45089285714286,13440,10096,402653184.0,40265318.4
HyperX,2197,335096020992.0,91.45833333333333,13440,10096,402653184.0,40265318.4
HyperX,2198,335096020992.0,91.46577380952381,13440,10096,402653184.0,40265318.4
HyperX,2199,335096020992.0,91.47321428571429,13440,10096,402653184.0,40265318.4
HyperX,2200,335096020992.0,91.48065476190477,13440,10096,402653184.0,40265318.4
HyperX,2201,335096020992.0,91.48809523809524,13440,10096,402653184.0,40265318.4
HyperX,2202,335096020992.0,91.49553571428571,13440,10096,402653184.0,40265318.4
HyperX,2203,335096020992.0,91.50297619047619,13440,10096,402653184.0,40265318.4
HyperX,2204,335096020992.0,91.51041666666667,13440,10096,402653184.0,40265318.4
HyperX,2205,335096020992.0,91.51785714285714,13440,10096,402653184.0,40265318.4
HyperX,2206,335096020992.0,91.52529761904762,13440,10096,402653184.0,40265318.4
HyperX,2207,335096020992.0,91.5327380952381,13440,10096,402653184.0,40265318.4
HyperX,2208,335096020992.0,91.54017857142858,13440,10096,402653184.0,40265318.4
HyperX,2209,335096020992.0,91.54761904761905,13440,10096,402653184.0,40265318.4
HyperX,2210,335096020992.0,91.55505952380952,13440,10096,402653184.0,40265318.4
HyperX,2211,335096020992.0,91.5625,13440,10096,402653184.0,40265318.4
HyperX,2212,335096020992.0,91.56994047619048,13440,10096,402653184.0,40265318.4
HyperX,2213,335096020992.0,91.57738095238095,13440,10096,402653184.0,40265318.4
HyperX,2214,335096020992.0,91.58482142857143,13440,10096,402653184.0,40265318.4
HyperX,2215,335096020992.0,91.59226190476191,13440,10096,402653184.0,40265318.4
HyperX,2216,335096020992.0,91.59970238095238,13440,10096,402653184.0,40265318.4
HyperX,2217,335096020992.0,91.60714285714285,13440,10096,402653184.0,40265318.4
HyperX,2218,335096020992.0,91.61458333333333,13440,10096,402653184.0,40265318.4
HyperX,2219,335096020992.0,91.62202380952381,13440,10096,402653184.0,40265318.4
HyperX,2220,335096020992.0,91.62946428571429,13440,10096,402653184.0,40265318.4
HyperX,2221,335096020992.0,91.63690476190476,13440,10096,402653184.0,40265318.4
HyperX,2222,335096020992.0,91.64434523809524,13440,10096,402653184.0,40265318.4
HyperX,2223,335096020992.0,91.65178571428572,13440,10096,402653184.0,40265318.4
HyperX,2224,335096020992.0,91.65922619047619,13440,10096,402653184.0,40265318.4
HyperX,2225,335096020992.0,91.66666666666666,13440,10096,402653184.0,40265318.4
HyperX,2226,335096020992.0,91.67410714285714,13440,10096,402653184.0,40265318.4
HyperX,2227,335096020992.0,91.68154761904762,13440,10096,402653184.0,40265318.4
HyperX,2228,335096020992.0,91.6889880952381,13440,10096,402653184.0,40265318.4
HyperX,2229,335096020992.0,91.69642857142857,13440,10096,402653184.0,40265318.4
HyperX,2230,335096020992.0,91.70386904761905,13440,10096,402653184.0,40265318.4
HyperX,2231,335096020992.0,91.71130952380952,13440,10096,402653184.0,40265318.4
HyperX,2232,335096020992.0,91.71875,13440,10096,402653184.0,40265318.4
HyperX,2233,335096020992.0,91.72619047619047,13440,10096,402653184.0,40265318.4
HyperX,2234,335096020992.0,91.73363095238095,13440,10096,402653184.0,40265318.4
HyperX,2235,335096020992.0,91.74107142857143,13440,10096,402653184.0,40265318.4
HyperX,2236,335096020992.0,91.74851190476191,13440,10096,402653184.0,40265318.4
HyperX,2237,335096020992.0,91.75595238095238,13440,10096,402653184.0,40265318.4
HyperX,2238,335096020992.0,91.76339285714286,13440,10096,402653184.0,40265318.4
HyperX,2239,335096020992.0,91.77083333333333,13440,10096,402653184.0,40265318.4
HyperX,2240,335096020992.0,91.77827380952381,13440,10096,402653184.0,40265318.4
HyperX,2241,335096020992.0,91.78571428571428,13440,10096,402653184.0,40265318.4
HyperX,2242,335096020992.0,91.79315476190476,13440,10096,402653184.0,40265318.4
HyperX,2243,335096020992.0,91.80059523809524,13440,10096,402653184.0,40265318.4
HyperX,2244,335096020992.0,91.80803571428572,13440,10096,402653184.0,40265318.4
HyperX,2245,335096020992.0,91.81547619047619,13440,10096,402653184.0,40265318.4
HyperX,2246,335096020992.0,91.82291666666667,13440,10096,402653184.0,40265318.4
HyperX,2247,335096020992.0,91.83035714285714,13440,10096,402653184.0,40265318.4
HyperX,2248,335096020992.0,91.83779761904762,13440,10096,402653184.0,40265318.4
HyperX,2249,335096020992.0,91.84523809523809,13440,10096,402653184.0,40265318.4
HyperX,2250,335096020992.0,91.85267857142857,13440,10096,402653184.0,40265318.4
HyperX,2251,335096020992.0,91.86011904761905,13440,10096,402653184.0,40265318.4
HyperX,2252,335096020992.0,91.86755952380953,13440,10096,402653184.0,40265318.4
HyperX,2253,335096020992.0,91.875,13440,10096,402653184.0,40265318.4
HyperX,2254,335096020992.0,91.88244047619048,13440,10096,402653184.0,40265318.4
HyperX,2255,335096020992.0,91.88988095238095,13440,10096,402653184.0,40265318.4
HyperX,2256,335096020992.0,91.89732142857143,13440,10096,402653184.0,40265318.4
HyperX,2257,335096020992.0,91.9047619047619,13440,10096,402653184.0,40265318.4
HyperX,2258,335096020992.0,91.91220238095238,13440,10096,402653184.0,40265318.4
HyperX,2259,335096020992.0,91.91964285714286,13440,10096,402653184.0,40265318.4
HyperX,2260,335096020992.0,91.92708333333334,13440,10096,402653184.0,40265318.4
HyperX,2261,335096020992.0,91.93452380952381,13440,10096,402653184.0,40265318.4
HyperX,2262,335096020992.0,91.94196428571428,13440,10096,402653184.0,40265318.4
HyperX,2263,335096020992.0,91.94940476190476,13440,10096,402653184.0,40265318.4
HyperX,2264,335096020992.0,91.95684523809524,13440,10096,402653184.0,40265318.4
HyperX,2265,335096020992.0,91.96428571428571,13440,10096,402653184.0,40265318.4
HyperX,2266,335096020992.0,91.97172619047619,13440,10096,402653184.0,40265318.4
HyperX,2267,335096020992.0,91.97916666666667,13440,10096,402653184.0,40265318.4
HyperX,2268,335096020992.0,91.98660714285715,13440,10096,402653184.0,40265318.4
HyperX,2269,335096020992.0,91.99404761904762,13440,10096,402653184.0,40265318.4
HyperX,2270,335096020992.0,92.00148809523809,13440,10096,402653184.0,40265318.4
HyperX,2271,335096020992.0,92.00892857142857,13440,10096,402653184.0,40265318.4
HyperX,2272,335096020992.0,92.01636904761905,13440,10096,402653184.0,40265318.4
HyperX,2273,335096020992.0,92.02380952380952,13440,10096,402653184.0,40265318.4
HyperX,2274,335096020992.0,92.03125,13440,10096,402653184.0,40265318.4
HyperX,2275,335096020992.0,92.03869047619048,13440,10096,402653184.0,40265318.4
HyperX,2276,335096020992.0,92.04613095238095,13440,10096,402653184.0,40265318.4
HyperX,2277,335096020992.0,92.05357142857142,13440,10096,402653184.0,40265318.4
HyperX,2278,335096020992.0,92.0610119047619,13440,10096,402653184.0,40265318.4
HyperX,2279,335096020992.0,92.06845238095238,13440,10096,402653184.0,40265318.4
HyperX,2280,335096020992.0,92.07589285714286,13440,10096,402653184.0,40265318.4
HyperX,2281,335096020992.0,92.08333333333333,13440,10096,402653184.0,40265318.4
HyperX,2282,335096020992.0,92.09077380952381,13440,10096,402653184.0,40265318.4
HyperX,2283,335096020992.0,92.09821428571429,13440,10096,402653184.0,40265318.4
HyperX,2284,335096020992.0,92.10565476190476,13440,10096,402653184.0,40265318.4
HyperX,2285,335096020992.0,92.11309523809523,13440,10096,402653184.0,40265318.4
HyperX,2286,335096020992.0,92.12053571428571,13440,10096,402653184.0,40265318.4
HyperX,2287,335096020992.0,92.12797619047619,13440,10096,402653184.0,40265318.4
HyperX,2288,335096020992.0,92.13541666666667,13440,10096,402653184.0,40265318.4
HyperX,2289,335096020992.0,92.14285714285714,13440,10096,402653184.0,40265318.4
HyperX,2290,335096020992.0,92.15029761904762,13440,10096,402653184.0,40265318.4
HyperX,2291,335096020992.0,92.1577380952381,13440,10096,402653184.0,40265318.4
HyperX,2292,335096020992.0,92.16517857142857,13440,10096,402653184.0,40265318.4
HyperX,2293,335096020992.0,92.17261904761904,13440,10096,402653184.0,40265318.4
HyperX,2294,335096020992.0,92.18005952380952,13440,10096,402653184.0,40265318.4
HyperX,2295,335096020992.0,92.1875,13440,10096,402653184.0,40265318.4
HyperX,2296,335096020992.0,92.19494047619048,13440,10096,402653184.0,40265318.4
HyperX,2297,335096020992.0,92.20238095238096,13440,10096,402653184.0,40265318.4
HyperX,2298,335096020992.0,92.20982142857143,13440,10096,402653184.0,40265318.4
HyperX,2299,335096020992.0,92.2172619047619,13440,10096,402653184.0,40265318.4
HyperX,2300,335096020992.0,92.22470238095238,13440,10096,402653184.0,40265318.4
HyperX,2301,335096020992.0,92.23214285714286,13440,10096,402653184.0,40265318.4
HyperX,2302,335096020992.0,92.23958333333333,13440,10096,402653184.0,40265318.4
HyperX,2303,335096020992.0,92.24702380952381,13440,10096,402653184.0,40265318.4
HyperX,2304,335096020992.0,92.25446428571429,13440,10096,402653184.0,40265318.4
HyperX,2305,335096020992.0,92.26190476190477,13440,10096,402653184.0,40265318.4
HyperX,2306,335096020992.0,92.26934523809524,13440,10096,402653184.0,40265318.4
HyperX,2307,335096020992.0,92.27678571428571,13440,10096,402653184.0,40265318.4
HyperX,2308,335096020992.0,92.28422619047619,13440,10096,402653184.0,40265318.4
HyperX,2309,335096020992.0,92.29166666666667,13440,10096,402653184.0,40265318.4
HyperX,2310,335096020992.0,92.29910714285714,13440,10096,402653184.0,40265318.4
HyperX,2311,335096020992.0,92.30654761904762,13440,10096,402653184.0,40265318.4
HyperX,2312,335096020992.0,92.3139880952381,13440,10096,402653184.0,40265318.4
HyperX,2313,335096020992.0,92.32142857142858,13440,10096,402653184.0,40265318.4
HyperX,2314,335096020992.0,92.32886904761905,13440,10096,402653184.0,40265318.4
HyperX,2315,335096020992.0,92.33630952380952,13440,10096,402653184.0,40265318.4
HyperX,2316,335096020992.0,92.34375,13440,10096,402653184.0,40265318.4
HyperX,2317,335096020992.0,92.35119047619048,13440,10096,402653184.0,40265318.4
HyperX,2318,335096020992.0,92.35863095238095,13440,10096,402653184.0,40265318.4
HyperX,2319,335096020992.0,92.36607142857143,13440,10096,402653184.0,40265318.4
HyperX,2320,335096020992.0,92.37351190476191,13440,10096,402653184.0,40265318.4
HyperX,2321,335096020992.0,92.38095238095238,13440,10096,402653184.0,40265318.4
HyperX,2322,335096020992.0,92.38839285714285,13440,10096,402653184.0,40265318.4
HyperX,2323,335096020992.0,92.39583333333333,13440,10096,402653184.0,40265318.4
HyperX,2324,335096020992.0,92.40327380952381,13440,10096,402653184.0,40265318.4
HyperX,2325,335096020992.0,92.41071428571429,13440,10096,402653184.0,40265318.4
HyperX,2326,335096020992.0,92.41815476190476,13440,10096,402653184.0,40265318.4
HyperX,2327,335096020992.0,92.42559523809524,13440,10096,402653184.0,40265318.4
HyperX,2328,335096020992.0,92.43303571428572,13440,10096,402653184.0,40265318.4
HyperX,2329,335096020992.0,92.44047619047619,13440,10096,402653184.0,40265318.4
HyperX,2330,335096020992.0,92.44791666666666,13440,10096,402653184.0,40265318.4
HyperX,2331,335096020992.0,92.45535714285714,13440,10096,402653184.0,40265318.4
HyperX,2332,335096020992.0,92.46279761904762,13440,10096,402653184.0,40265318.4
HyperX,2333,335096020992.0,92.4702380952381,13440,10096,402653184.0,40265318.4
HyperX,2334,335096020992.0,92.47767857142857,13440,10096,402653184.0,40265318.4
HyperX,2335,335096020992.0,92.48511904761905,13440,10096,402653184.0,40265318.4
HyperX,2336,335096020992.0,92.49255952380952,13440,10096,402653184.0,40265318.4
HyperX,2337,335096020992.0,92.5,13440,10096,402653184.0,40265318.4
HyperX,2338,335096020992.0,92.50744047619047,13440,10096,402653184.0,40265318.4
HyperX,2339,335096020992.0,92.51488095238095,13440,10096,402653184.0,40265318.4
HyperX,2340,335096020992.0,92.52232142857143,13440,10096,402653184.0,40265318.4
HyperX,2341,335096020992.0,92.52976190476191,13440,10096,402653184.0,40265318.4
HyperX,2342,335096020992.0,92.53720238095238,13440,10096,402653184.0,40265318.4
HyperX,2343,335096020992.0,92.54464285714286,13440,10096,402653184.0,40265318.4
HyperX,2344,335096020992.0,92.55208333333333,13440,10096,402653184.0,40265318.4
HyperX,2345,335096020992.0,92.55952380952381,13440,10096,402653184.0,40265318.4
HyperX,2346,335096020992.0,92.56696428571428,13440,10096,402653184.0,40265318.4
HyperX,2347,335096020992.0,92.57440476190476,13440,10096,402653184.0,40265318.4
HyperX,2348,335096020992.0,92.58184523809524,13440,10096,402653184.0,40265318.4
HyperX,2349,335096020992.0,92.58928571428572,13440,10096,402653184.0,40265318.4
HyperX,2350,335096020992.0,92.59672619047619,13440,10096,402653184.0,40265318.4
HyperX,2351,335096020992.0,92.60416666666667,13440,10096,402653184.0,40265318.4
HyperX,2352,335096020992.0,92.61160714285714,13440,10096,402653184.0,40265318.4
HyperX,2353,335096020992.0,92.61904761904762,13440,10096,402653184.0,40265318.4
HyperX,2354,335096020992.0,92.62648809523809,13440,10096,402653184.0,40265318.4
HyperX,2355,335096020992.0,92.63392857142857,13440,10096,402653184.0,40265318.4
HyperX,2356,335096020992.0,92.64136904761905,13440,10096,402653184.0,40265318.4
HyperX,2357,335096020992.0,92.64880952380953,13440,10096,402653184.0,40265318.4
HyperX,2358,335096020992.0,92.65625,13440,10096,402653184.0,40265318.4
HyperX,2359,335096020992.0,92.66369047619048,13440,10096,402653184.0,40265318.4
HyperX,2360,335096020992.0,92.67113095238095,13440,10096,402653184.0,40265318.4
HyperX,2361,335096020992.0,92.67857142857143,13440,10096,402653184.0,40265318.4
HyperX,2362,335096020992.0,92.6860119047619,13440,10096,402653184.0,40265318.4
HyperX,2363,335096020992.0,92.69345238095238,13440,10096,402653184.0,40265318.4
HyperX,2364,335096020992.0,92.70089285714286,13440,10096,402653184.0,40265318.4
HyperX,2365,335096020992.0,92.70833333333334,13440,10096,402653184.0,40265318.4
HyperX,2366,335096020992.0,92.71577380952381,13440,10096,402653184.0,40265318.4
HyperX,2367,335096020992.0,92.72321428571428,13440,10096,402653184.0,40265318.4
HyperX,2368,335096020992.0,92.73065476190476,13440,10096,402653184.0,40265318.4
HyperX,2369,335096020992.0,92.73809523809524,13440,10096,402653184.0,40265318.4
HyperX,2370,335096020992.0,92.74553571428571,13440,10096,402653184.0,40265318.4
HyperX,2371,335096020992.0,92.75297619047619,13440,10096,402653184.0,40265318.4
HyperX,2372,335096020992.0,92.76041666666667,13440,10096,402653184.0,40265318.4
HyperX,2373,335096020992.0,92.76785714285715,13440,10096,402653184.0,40265318.4
HyperX,2374,335096020992.0,92.77529761904762,13440,10096,402653184.0,40265318.4
HyperX,2375,335096020992.0,92.78273809523809,13440,10096,402653184.0,40265318.4
HyperX,2376,335096020992.0,92.79017857142857,13440,10096,402653184.0,40265318.4
HyperX,2377,335096020992.0,92.79761904761905,13440,10096,402653184.0,40265318.4
HyperX,2378,335096020992.0,92.80505952380952,13440,10096,402653184.0,40265318.4
HyperX,2379,335096020992.0,92.8125,13440,10096,402653184.0,40265318.4
HyperX,2380,335096020992.0,92.81994047619048,13440,10096,402653184.0,40265318.4
HyperX,2381,335096020992.0,92.82738095238095,13440,10096,402653184.0,40265318.4
HyperX,2382,335096020992.0,92.83482142857142,13440,10096,402653184.0,40265318.4
HyperX,2383,335096020992.0,92.8422619047619,13440,10096,402653184.0,40265318.4
HyperX,2384,335096020992.0,92.84970238095238,13440,10096,402653184.0,40265318.4
HyperX,2385,335096020992.0,92.85714285714286,13440,10096,402653184.0,40265318.4
HyperX,2386,335096020992.0,92.86458333333333,13440,10096,402653184.0,40265318.4
HyperX,2387,335096020992.0,92.87202380952381,13440,10096,402653184.0,40265318.4
HyperX,2388,335096020992.0,92.87946428571429,13440,10096,402653184.0,40265318.4
HyperX,2389,335096020992.0,92.88690476190476,13440,10096,402653184.0,40265318.4
HyperX,2390,335096020992.0,92.89434523809523,13440,10096,402653184.0,40265318.4
HyperX,2391,335096020992.0,92.90178571428571,13440,10096,402653184.0,40265318.4
HyperX,2392,335096020992.0,92.90922619047619,13440,10096,402653184.0,40265318.4
HyperX,2393,335096020992.0,92.91666666666667,13440,10096,402653184.0,40265318.4
HyperX,2394,335096020992.0,92.92410714285714,13440,10096,402653184.0,40265318.4
HyperX,2395,335096020992.0,92.93154761904762,13440,10096,402653184.0,40265318.4
HyperX,2396,335096020992.0,92.9389880952381,13440,10096,402653184.0,40265318.4
HyperX,2397,335096020992.0,92.94642857142857,13440,10096,402653184.0,40265318.4
HyperX,2398,335096020992.0,92.95386904761904,13440,10096,402653184.0,40265318.4
HyperX,2399,335096020992.0,92.96130952380952,13440,10096,402653184.0,40265318.4
HyperX,2400,335096020992.0,92.96875,13440,10096,402653184.0,40265318.4
HyperX,2401,335096020992.0,92.97619047619048,13440,10096,402653184.0,40265318.4
HyperX,2402,335096020992.0,92.98363095238096,13440,10096,402653184.0,40265318.4
HyperX,2403,335096020992.0,92.99107142857143,13440,10096,402653184.0,40265318.4
HyperX,2404,335096020992.0,92.9985119047619,13440,10096,402653184.0,40265318.4
HyperX,2405,335096020992.0,93.00595238095238,13440,10096,402653184.0,40265318.4
HyperX,2406,335096020992.0,93.01339285714286,13440,10096,402653184.0,40265318.4
HyperX,2407,335096020992.0,93.02083333333333,13440,10096,402653184.0,40265318.4
HyperX,2408,335096020992.0,93.02827380952381,13440,10096,402653184.0,40265318.4
HyperX,2409,335096020992.0,93.03571428571429,13440,10096,402653184.0,40265318.4
HyperX,2410,335096020992.0,93.04315476190477,13440,10096,402653184.0,40265318.4
HyperX,2411,335096020992.0,93.05059523809524,13440,10096,402653184.0,40265318.4
HyperX,2412,335096020992.0,93.05803571428571,13440,10096,402653184.0,40265318.4
HyperX,2413,335096020992.0,93.06547619047619,13440,10096,402653184.0,40265318.4
HyperX,2414,335096020992.0,93.07291666666667,13440,10096,402653184.0,40265318.4
HyperX,2415,335096020992.0,93.08035714285714,13440,10096,402653184.0,40265318.4
HyperX,2416,335096020992.0,93.08779761904762,13440,10096,402653184.0,40265318.4
HyperX,2417,335096020992.0,93.0952380952381,13440,10096,402653184.0,40265318.4
HyperX,2418,335096020992.0,93.10267857142858,13440,10096,402653184.0,40265318.4
HyperX,2419,335096020992.0,93.11011904761905,13440,10096,402653184.0,40265318.4
HyperX,2420,335096020992.0,93.11755952380952,13440,10096,402653184.0,40265318.4
HyperX,2421,335096020992.0,93.125,13440,10096,402653184.0,40265318.4
HyperX,2422,335096020992.0,93.13244047619048,13440,10096,402653184.0,40265318.4
HyperX,2423,335096020992.0,93.13988095238095,13440,10096,402653184.0,40265318.4
HyperX,2424,335096020992.0,93.14732142857143,13440,10096,402653184.0,40265318.4
HyperX,2425,335096020992.0,93.15476190476191,13440,10096,402653184.0,40265318.4
HyperX,2426,335096020992.0,93.16220238095238,13440,10096,402653184.0,40265318.4
HyperX,2427,335096020992.0,93.16964285714285,13440,10096,402653184.0,40265318.4
HyperX,2428,335096020992.0,93.17708333333333,13440,10096,402653184.0,40265318.4
HyperX,2429,335096020992.0,93.18452380952381,13440,10096,402653184.0,40265318.4
HyperX,2430,335096020992.0,93.19196428571429,13440,10096,402653184.0,40265318.4
HyperX,2431,335096020992.0,93.19940476190476,13440,10096,402653184.0,40265318.4
HyperX,2432,335096020992.0,93.20684523809524,13440,10096,402653184.0,40265318.4
HyperX,2433,335096020992.0,93.21428571428572,13440,10096,402653184.0,40265318.4
HyperX,2434,335096020992.0,93.22172619047619,13440,10096,402653184.0,40265318.4
HyperX,2435,335096020992.0,93.22916666666666,13440,10096,402653184.0,40265318.4
HyperX,2436,335096020992.0,93.23660714285714,13440,10096,402653184.0,40265318.4
HyperX,2437,335096020992.0,93.24404761904762,13440,10096,402653184.0,40265318.4
HyperX,2438,335096020992.0,93.2514880952381,13440,10096,402653184.0,40265318.4
HyperX,2439,335096020992.0,93.25892857142857,13440,10096,402653184.0,40265318.4
HyperX,2440,335096020992.0,93.26636904761905,13440,10096,402653184.0,40265318.4
HyperX,2441,335096020992.0,93.27380952380952,13440,10096,402653184.0,40265318.4
HyperX,2442,335096020992.0,93.28125,13440,10096,402653184.0,40265318.4
HyperX,2443,335096020992.0,93.28869047619047,13440,10096,402653184.0,40265318.4
HyperX,2444,335096020992.0,93.29613095238095,13440,10096,402653184.0,40265318.4
HyperX,2445,335096020992.0,93.30357142857143,13440,10096,402653184.0,40265318.4
HyperX,2446,335096020992.0,93.31101190476191,13440,10096,402653184.0,40265318.4
HyperX,2447,335096020992.0,93.31845238095238,13440,10096,402653184.0,40265318.4
HyperX,2448,335096020992.0,93.32589285714286,13440,10096,402653184.0,40265318.4
HyperX,2449,335096020992.0,93.33333333333333,13440,10096,402653184.0,40265318.4
HyperX,2450,335096020992.0,93.34077380952381,13440,10096,402653184.0,40265318.4
HyperX,2451,335096020992.0,93.34821428571428,13440,10096,402653184.0,40265318.4
HyperX,2452,335096020992.0,93.35565476190476,13440,10096,402653184.0,40265318.4
HyperX,2453,335096020992.0,93.36309523809524,13440,10096,402653184.0,40265318.4
HyperX,2454,335096020992.0,93.37053571428572,13440,10096,402653184.0,40265318.4
HyperX,2455,335096020992.0,93.37797619047619,13440,10096,402653184.0,40265318.4
HyperX,2456,335096020992.0,93.38541666666667,13440,10096,402653184.0,40265318.4
HyperX,2457,335096020992.0,93.39285714285714,13440,10096,402653184.0,40265318.4
HyperX,2458,335096020992.0,93.40029761904762,13440,10096,402653184.0,40265318.4
HyperX,2459,335096020992.0,93.40773809523809,13440,10096,402653184.0,40265318.4
HyperX,2460,335096020992.0,93.41517857142857,13440,10096,402653184.0,40265318.4
HyperX,2461,335096020992.0,93.42261904761905,13440,10096,402653184.0,40265318.4
HyperX,2462,335096020992.0,93.43005952380953,13440,10096,402653184.0,40265318.4
HyperX,2463,335096020992.0,93.4375,13440,10096,402653184.0,40265318.4
HyperX,2464,335096020992.0,93.44494047619048,13440,10096,402653184.0,40265318.4
HyperX,2465,335096020992.0,93.45238095238095,13440,10096,402653184.0,40265318.4
HyperX,2466,335096020992.0,93.45982142857143,13440,10096,402653184.0,40265318.4
HyperX,2467,335096020992.0,93.4672619047619,13440,10096,402653184.0,40265318.4
HyperX,2468,335096020992.0,93.47470238095238,13440,10096,402653184.0,40265318.4
HyperX,2469,335096020992.0,93.48214285714286,13440,10096,402653184.0,40265318.4
HyperX,2470,335096020992.0,93.48958333333334,13440,10096,402653184.0,40265318.4
HyperX,2471,335096020992.0,93.49702380952381,13440,10096,402653184.0,40265318.4
HyperX,2472,335096020992.0,93.50446428571428,13440,10096,402653184.0,40265318.4
HyperX,2473,335096020992.0,93.51190476190476,13440,10096,402653184.0,40265318.4
HyperX,2474,335096020992.0,93.51934523809524,13440,10096,402653184.0,40265318.4
HyperX,2475,335096020992.0,93.52678571428571,13440,10096,402653184.0,40265318.4
HyperX,2476,335096020992.0,93.53422619047619,13440,10096,402653184.0,40265318.4
HyperX,2477,335096020992.0,93.54166666666667,13440,10096,402653184.0,40265318.4
HyperX,2478,335096020992.0,93.54910714285715,13440,10096,402653184.0,40265318.4
HyperX,2479,335096020992.0,93.55654761904762,13440,10096,402653184.0,40265318.4
HyperX,2480,335096020992.0,93.56398809523809,13440,10096,402653184.0,40265318.4
HyperX,2481,335096020992.0,93.57142857142857,13440,10096,402653184.0,40265318.4
HyperX,2482,335096020992.0,93.57886904761905,13440,10096,402653184.0,40265318.4
HyperX,2483,335096020992.0,93.58630952380952,13440,10096,402653184.0,40265318.4
HyperX,2484,335096020992.0,93.59375,13440,10096,402653184.0,40265318.4
HyperX,2485,335096020992.0,93.60119047619048,13440,10096,402653184.0,40265318.4
HyperX,2486,335096020992.0,93.60863095238095,13440,10096,402653184.0,40265318.4
HyperX,2487,335096020992.0,93.61607142857142,13440,10096,402653184.0,40265318.4
HyperX,2488,335096020992.0,93.6235119047619,13440,10096,402653184.0,40265318.4
HyperX,2489,335096020992.0,93.63095238095238,13440,10096,402653184.0,40265318.4
HyperX,2490,335096020992.0,93.63839285714286,13440,10096,402653184.0,40265318.4
HyperX,2491,335096020992.0,93.64583333333333,13440,10096,402653184.0,40265318.4
HyperX,2492,335096020992.0,93.65327380952381,13440,10096,402653184.0,40265318.4
HyperX,2493,335096020992.0,93.66071428571429,13440,10096,402653184.0,40265318.4
HyperX,2494,335096020992.0,93.66815476190476,13440,10096,402653184.0,40265318.4
HyperX,2495,335096020992.0,93.67559523809523,13440,10096,402653184.0,40265318.4
HyperX,2496,335096020992.0,93.68303571428571,13440,10096,402653184.0,40265318.4
HyperX,2497,335096020992.0,93.69047619047619,13440,10096,402653184.0,40265318.4
HyperX,2498,335096020992.0,93.69791666666667,13440,10096,402653184.0,40265318.4
HyperX,2499,335096020992.0,93.70535714285714,13440,10096,402653184.0,40265318.4
HyperX,2500,335096020992.0,93.71279761904762,13440,10096,402653184.0,40265318.4
HyperX,2501,335096020992.0,93.7202380952381,13440,10096,402653184.0,40265318.4
HyperX,2502,335096020992.0,93.72767857142857,13440,10096,402653184.0,40265318.4
HyperX,2503,335096020992.0,93.73511904761904,13440,10096,402653184.0,40265318.4
HyperX,2504,335096020992.0,93.74255952380952,13440,10096,402653184.0,40265318.4
HyperX,2505,335096020992.0,93.75,13440,10096,402653184.0,40265318.4
HyperX,2506,335096020992.0,93.75744047619048,13440,10096,402653184.0,40265318.4
HyperX,2507,335096020992.0,93.76488095238096,13440,10096,402653184.0,40265318.4
HyperX,2508,335096020992.0,93.77232142857143,13440,10096,402653184.0,40265318.4
HyperX,2509,335096020992.0,93.7797619047619,13440,10096,402653184.0,40265318.4
HyperX,2510,335096020992.0,93.78720238095238,13440,10096,402653184.0,40265318.4
HyperX,2511,335096020992.0,93.79464285714286,13440,10096,402653184.0,40265318.4
HyperX,2512,335096020992.0,93.80208333333333,13440,10096,402653184.0,40265318.4
HyperX,2513,335096020992.0,93.80952380952381,13440,10096,402653184.0,40265318.4
HyperX,2514,335096020992.0,93.81696428571429,13440,10096,402653184.0,40265318.4
HyperX,2515,335096020992.0,93.82440476190477,13440,10096,402653184.0,40265318.4
HyperX,2516,335096020992.0,93.83184523809524,13440,10096,402653184.0,40265318.4
HyperX,2517,335096020992.0,93.83928571428571,13440,10096,402653184.0,40265318.4
HyperX,2518,335096020992.0,93.84672619047619,13440,10096,402653184.0,40265318.4
HyperX,2519,335096020992.0,93.85416666666667,13440,10096,402653184.0,40265318.4
HyperX,2520,335096020992.0,93.86160714285714,13440,10096,402653184.0,40265318.4
HyperX,2521,335096020992.0,93.86904761904762,13440,10096,402653184.0,40265318.4
HyperX,2522,335096020992.0,93.8764880952381,13440,10096,402653184.0,40265318.4
HyperX,2523,335096020992.0,93.88392857142858,13440,10096,402653184.0,40265318.4
HyperX,2524,335096020992.0,93.89136904761905,13440,10096,402653184.0,40265318.4
HyperX,2525,335096020992.0,93.89880952380952,13440,10096,402653184.0,40265318.4
HyperX,2526,335096020992.0,93.90625,13440,10096,402653184.0,40265318.4
HyperX,2527,335096020992.0,93.91369047619048,13440,10096,402653184.0,40265318.4
HyperX,2528,335096020992.0,93.92113095238095,13440,10096,402653184.0,40265318.4
HyperX,2529,335096020992.0,93.92857142857143,13440,10096,402653184.0,40265318.4
HyperX,2530,335096020992.0,93.93601190476191,13440,10096,402653184.0,40265318.4
HyperX,2531,335096020992.0,93.94345238095238,13440,10096,402653184.0,40265318.4
HyperX,2532,335096020992.0,93.95089285714285,13440,10096,402653184.0,40265318.4
HyperX,2533,335096020992.0,93.95833333333333,13440,10096,402653184.0,40265318.4
HyperX,2534,335096020992.0,93.96577380952381,13440,10096,402653184.0,40265318.4
HyperX,2535,335096020992.0,93.97321428571429,13440,10096,402653184.0,40265318.4
HyperX,2536,335096020992.0,93.98065476190476,13440,10096,402653184.0,40265318.4
HyperX,2537,335096020992.0,93.98809523809524,13440,10096,402653184.0,40265318.4
HyperX,2538,335096020992.0,93.99553571428572,13440,10096,402653184.0,40265318.4
HyperX,2539,335096020992.0,94.00297619047619,13440,10096,402653184.0,40265318.4
HyperX,2540,335096020992.0,94.01041666666666,13440,10096,402653184.0,40265318.4
HyperX,2541,335096020992.0,94.01785714285714,13440,10096,402653184.0,40265318.4
HyperX,2542,335096020992.0,94.02529761904762,13440,10096,402653184.0,40265318.4
HyperX,2543,335096020992.0,94.0327380952381,13440,10096,402653184.0,40265318.4
HyperX,2544,335096020992.0,94.04017857142857,13440,10096,402653184.0,40265318.4
HyperX,2545,335096020992.0,94.04761904761905,13440,10096,402653184.0,40265318.4
HyperX,2546,335096020992.0,94.05505952380952,13440,10096,402653184.0,40265318.4
HyperX,2547,335096020992.0,94.0625,13440,10096,402653184.0,40265318.4
HyperX,2548,335096020992.0,94.06994047619047,13440,10096,402653184.0,40265318.4
HyperX,2549,335096020992.0,94.07738095238095,13440,10096,402653184.0,40265318.4
HyperX,2550,335096020992.0,94.08482142857143,13440,10096,402653184.0,40265318.4
HyperX,2551,335096020992.0,94.09226190476191,13440,10096,402653184.0,40265318.4
HyperX,2552,335096020992.0,94.09970238095238,13440,10096,402653184.0,40265318.4
HyperX,2553,335096020992.0,94.10714285714286,13440,10096,402653184.0,40265318.4
HyperX,2554,335096020992.0,94.11458333333333,13440,10096,402653184.0,40265318.4
HyperX,2555,335096020992.0,94.12202380952381,13440,10096,402653184.0,40265318.4
HyperX,2556,335096020992.0,94.12946428571428,13440,10096,402653184.0,40265318.4
HyperX,2557,335096020992.0,94.13690476190476,13440,10096,402653184.0,40265318.4
HyperX,2558,335096020992.0,94.14434523809524,13440,10096,402653184.0,40265318.4
HyperX,2559,335096020992.0,94.15178571428572,13440,10096,402653184.0,40265318.4
HyperX,2560,335096020992.0,94.15922619047619,13440,10096,402653184.0,40265318.4
HyperX,2561,335096020992.0,94.16666666666667,13440,10096,402653184.0,40265318.4
HyperX,2562,335096020992.0,94.17410714285714,13440,10096,402653184.0,40265318.4
HyperX,2563,335096020992.0,94.18154761904762,13440,10096,402653184.0,40265318.4
HyperX,2564,335096020992.0,94.18898809523809,13440,10096,402653184.0,40265318.4
HyperX,2565,335096020992.0,94.19642857142857,13440,10096,402653184.0,40265318.4
HyperX,2566,335096020992.0,94.20386904761905,13440,10096,402653184.0,40265318.4
HyperX,2567,335096020992.0,94.21130952380953,13440,10096,402653184.0,40265318.4
HyperX,2568,335096020992.0,94.21875,13440,10096,402653184.0,40265318.4
HyperX,2569,335096020992.0,94.22619047619048,13440,10096,402653184.0,40265318.4
HyperX,2570,335096020992.0,94.23363095238095,13440,10096,402653184.0,40265318.4
HyperX,2571,335096020992.0,94.24107142857143,13440,10096,402653184.0,40265318.4
HyperX,2572,335096020992.0,94.2485119047619,13440,10096,402653184.0,40265318.4
HyperX,2573,335096020992.0,94.25595238095238,13440,10096,402653184.0,40265318.4
HyperX,2574,335096020992.0,94.26339285714286,13440,10096,402653184.0,40265318.4
HyperX,2575,335096020992.0,94.27083333333334,13440,10096,402653184.0,40265318.4
HyperX,2576,335096020992.0,94.27827380952381,13440,10096,402653184.0,40265318.4
HyperX,2577,335096020992.0,94.28571428571428,13440,10096,402653184.0,40265318.4
HyperX,2578,335096020992.0,94.29315476190476,13440,10096,402653184.0,40265318.4
HyperX,2579,335096020992.0,94.30059523809524,13440,10096,402653184.0,40265318.4
HyperX,2580,335096020992.0,94.30803571428571,13440,10096,402653184.0,40265318.4
HyperX,2581,335096020992.0,94.31547619047619,13440,10096,402653184.0,40265318.4
HyperX,2582,335096020992.0,94.32291666666667,13440,10096,402653184.0,40265318.4
HyperX,2583,335096020992.0,94.33035714285715,13440,10096,402653184.0,40265318.4
HyperX,2584,335096020992.0,94.33779761904762,13440,10096,402653184.0,40265318.4
HyperX,2585,335096020992.0,94.34523809523809,13440,10096,402653184.0,40265318.4
HyperX,2586,335096020992.0,94.35267857142857,13440,10096,402653184.0,40265318.4
HyperX,2587,335096020992.0,94.36011904761905,13440,10096,402653184.0,40265318.4
HyperX,2588,335096020992.0,94.36755952380952,13440,10096,402653184.0,40265318.4
HyperX,2589,335096020992.0,94.375,13440,10096,402653184.0,40265318.4
HyperX,2590,335096020992.0,94.38244047619048,13440,10096,402653184.0,40265318.4
HyperX,2591,335096020992.0,94.38988095238095,13440,10096,402653184.0,40265318.4
HyperX,2592,335096020992.0,94.39732142857142,13440,10096,402653184.0,40265318.4
HyperX,2593,335096020992.0,94.4047619047619,13440,10096,402653184.0,40265318.4
HyperX,2594,335096020992.0,94.41220238095238,13440,10096,402653184.0,40265318.4
HyperX,2595,335096020992.0,94.41964285714286,13440,10096,402653184.0,40265318.4
HyperX,2596,335096020992.0,94.42708333333333,13440,10096,402653184.0,40265318.4
HyperX,2597,335096020992.0,94.43452380952381,13440,10096,402653184.0,40265318.4
HyperX,2598,335096020992.0,94.44196428571429,13440,10096,402653184.0,40265318.4
HyperX,2599,335096020992.0,94.44940476190476,13440,10096,402653184.0,40265318.4
HyperX,2600,335096020992.0,94.45684523809523,13440,10096,402653184.0,40265318.4
HyperX,2601,335096020992.0,94.46428571428571,13440,10096,402653184.0,40265318.4
HyperX,2602,335096020992.0,94.47172619047619,13440,10096,402653184.0,40265318.4
HyperX,2603,335096020992.0,94.47916666666667,13440,10096,402653184.0,40265318.4
HyperX,2604,335096020992.0,94.48660714285714,13440,10096,402653184.0,40265318.4
HyperX,2605,335096020992.0,94.49404761904762,13440,10096,402653184.0,40265318.4
HyperX,2606,335096020992.0,94.5014880952381,13440,10096,402653184.0,40265318.4
HyperX,2607,335096020992.0,94.50892857142857,13440,10096,402653184.0,40265318.4
HyperX,2608,335096020992.0,94.51636904761904,13440,10096,402653184.0,40265318.4
HyperX,2609,335096020992.0,94.52380952380952,13440,10096,402653184.0,40265318.4
HyperX,2610,335096020992.0,94.53125,13440,10096,402653184.0,40265318.4
HyperX,2611,335096020992.0,94.53869047619048,13440,10096,402653184.0,40265318.4
HyperX,2612,335096020992.0,94.54613095238096,13440,10096,402653184.0,40265318.4
HyperX,2613,335096020992.0,94.55357142857143,13440,10096,402653184.0,40265318.4
HyperX,2614,335096020992.0,94.5610119047619,13440,10096,402653184.0,40265318.4
HyperX,2615,335096020992.0,94.56845238095238,13440,10096,402653184.0,40265318.4
HyperX,2616,335096020992.0,94.57589285714286,13440,10096,402653184.0,40265318.4
HyperX,2617,335096020992.0,94.58333333333333,13440,10096,402653184.0,40265318.4
HyperX,2618,335096020992.0,94.59077380952381,13440,10096,402653184.0,40265318.4
HyperX,2619,335096020992.0,94.59821428571429,13440,10096,402653184.0,40265318.4
HyperX,2620,335096020992.0,94.60565476190477,13440,10096,402653184.0,40265318.4
HyperX,2621,335096020992.0,94.61309523809524,13440,10096,402653184.0,40265318.4
HyperX,2622,335096020992.0,94.62053571428571,13440,10096,402653184.0,40265318.4
HyperX,2623,335096020992.0,94.62797619047619,13440,10096,402653184.0,40265318.4
HyperX,2624,335096020992.0,94.63541666666667,13440,10096,402653184.0,40265318.4
HyperX,2625,335096020992.0,94.64285714285714,13440,10096,402653184.0,40265318.4
HyperX,2626,335096020992.0,94.65029761904762,13440,10096,402653184.0,40265318.4
HyperX,2627,335096020992.0,94.6577380952381,13440,10096,402653184.0,40265318.4
HyperX,2628,335096020992.0,94.66517857142858,13440,10096,402653184.0,40265318.4
HyperX,2629,335096020992.0,94.67261904761905,13440,10096,402653184.0,40265318.4
HyperX,2630,335096020992.0,94.68005952380952,13440,10096,402653184.0,40265318.4
HyperX,2631,335096020992.0,94.6875,13440,10096,402653184.0,40265318.4
HyperX,2632,335096020992.0,94.69494047619048,13440,10096,402653184.0,40265318.4
HyperX,2633,335096020992.0,94.70238095238095,13440,10096,402653184.0,40265318.4
HyperX,2634,335096020992.0,94.70982142857143,13440,10096,402653184.0,40265318.4
HyperX,2635,335096020992.0,94.71726190476191,13440,10096,402653184.0,40265318.4
HyperX,2636,335096020992.0,94.72470238095238,13440,10096,402653184.0,40265318.4
HyperX,2637,335096020992.0,94.73214285714285,13440,10096,402653184.0,40265318.4
HyperX,2638,335096020992.0,94.73958333333333,13440,10096,402653184.0,40265318.4
HyperX,2639,335096020992.0,94.74702380952381,13440,10096,402653184.0,40265318.4
HyperX,2640,335096020992.0,94.75446428571429,13440,10096,402653184.0,40265318.4
HyperX,2641,335096020992.0,94.76190476190476,13440,10096,402653184.0,40265318.4
HyperX,2642,335096020992.0,94.76934523809524,13440,10096,402653184.0,40265318.4
HyperX,2643,335096020992.0,94.77678571428572,13440,10096,402653184.0,40265318.4
HyperX,2644,335096020992.0,94.78422619047619,13440,10096,402653184.0,40265318.4
HyperX,2645,335096020992.0,94.79166666666666,13440,10096,402653184.0,40265318.4
HyperX,2646,335096020992.0,94.79910714285714,13440,10096,402653184.0,40265318.4
HyperX,2647,335096020992.0,94.80654761904762,13440,10096,402653184.0,40265318.4
HyperX,2648,335096020992.0,94.8139880952381,13440,10096,402653184.0,40265318.4
HyperX,2649,335096020992.0,94.82142857142857,13440,10096,402653184.0,40265318.4
HyperX,2650,335096020992.0,94.82886904761905,13440,10096,402653184.0,40265318.4
HyperX,2651,335096020992.0,94.83630952380952,13440,10096,402653184.0,40265318.4
HyperX,2652,335096020992.0,94.84375,13440,10096,402653184.0,40265318.4
HyperX,2653,335096020992.0,94.85119047619047,13440,10096,402653184.0,40265318.4
HyperX,2654,335096020992.0,94.85863095238095,13440,10096,402653184.0,40265318.4
HyperX,2655,335096020992.0,94.86607142857143,13440,10096,402653184.0,40265318.4
HyperX,2656,335096020992.0,94.87351190476191,13440,10096,402653184.0,40265318.4
HyperX,2657,335096020992.0,94.88095238095238,13440,10096,402653184.0,40265318.4
HyperX,2658,335096020992.0,94.88839285714286,13440,10096,402653184.0,40265318.4
HyperX,2659,335096020992.0,94.89583333333333,13440,10096,402653184.0,40265318.4
HyperX,2660,335096020992.0,94.90327380952381,13440,10096,402653184.0,40265318.4
HyperX,2661,335096020992.0,94.91071428571428,13440,10096,402653184.0,40265318.4
HyperX,2662,335096020992.0,94.91815476190476,13440,10096,402653184.0,40265318.4
HyperX,2663,335096020992.0,94.92559523809524,13440,10096,402653184.0,40265318.4
HyperX,2664,335096020992.0,94.93303571428572,13440,10096,402653184.0,40265318.4
HyperX,2665,335096020992.0,94.94047619047619,13440,10096,402653184.0,40265318.4
HyperX,2666,335096020992.0,94.94791666666667,13440,10096,402653184.0,40265318.4
HyperX,2667,335096020992.0,94.95535714285714,13440,10096,402653184.0,40265318.4
HyperX,2668,335096020992.0,94.96279761904762,13440,10096,402653184.0,40265318.4
HyperX,2669,335096020992.0,94.97023809523809,13440,10096,402653184.0,40265318.4
HyperX,2670,335096020992.0,94.97767857142857,13440,10096,402653184.0,40265318.4
HyperX,2671,335096020992.0,94.98511904761905,13440,10096,402653184.0,40265318.4
HyperX,2672,335096020992.0,94.99255952380953,13440,10096,402653184.0,40265318.4
HyperX,2673,335096020992.0,95.0,13440,10096,402653184.0,40265318.4
HyperX,2674,335096020992.0,95.00744047619048,13440,10096,402653184.0,40265318.4
HyperX,2675,335096020992.0,95.01488095238095,13440,10096,402653184.0,40265318.4
HyperX,2676,335096020992.0,95.02232142857143,13440,10096,402653184.0,40265318.4
HyperX,2677,335096020992.0,95.0297619047619,13440,10096,402653184.0,40265318.4
HyperX,2678,335096020992.0,95.03720238095238,13440,10096,402653184.0,40265318.4
HyperX,2679,335096020992.0,95.04464285714286,13440,10096,402653184.0,40265318.4
HyperX,2680,335096020992.0,95.05208333333334,13440,10096,402653184.0,40265318.4
HyperX,2681,335096020992.0,95.05952380952381,13440,10096,402653184.0,40265318.4
HyperX,2682,335096020992.0,95.06696428571428,13440,10096,402653184.0,40265318.4
HyperX,2683,335096020992.0,95.07440476190476,13440,10096,402653184.0,40265318.4
HyperX,2684,335096020992.0,95.08184523809524,13440,10096,402653184.0,40265318.4
HyperX,2685,335096020992.0,95.08928571428571,13440,10096,402653184.0,40265318.4
HyperX,2686,335096020992.0,95.09672619047619,13440,10096,402653184.0,40265318.4
HyperX,2687,335096020992.0,95.10416666666667,13440,10096,402653184.0,40265318.4
HyperX,2688,335096020992.0,95.11160714285715,13440,10096,402653184.0,40265318.4
HyperX,2689,335096020992.0,95.11904761904762,13440,10096,402653184.0,40265318.4
HyperX,2690,335096020992.0,95.12648809523809,13440,10096,402653184.0,40265318.4
HyperX,2691,335096020992.0,95.13392857142857,13440,10096,402653184.0,40265318.4
HyperX,2692,335096020992.0,95.14136904761905,13440,10096,402653184.0,40265318.4
HyperX,2693,335096020992.0,95.14880952380952,13440,10096,402653184.0,40265318.4
HyperX,2694,335096020992.0,95.15625,13440,10096,402653184.0,40265318.4
HyperX,2695,335096020992.0,95.16369047619048,13440,10096,402653184.0,40265318.4
HyperX,2696,335096020992.0,95.17113095238095,13440,10096,402653184.0,40265318.4
HyperX,2697,335096020992.0,95.17857142857142,13440,10096,402653184.0,40265318.4
HyperX,2698,335096020992.0,95.1860119047619,13440,10096,402653184.0,40265318.4
HyperX,2699,335096020992.0,95.19345238095238,13440,10096,402653184.0,40265318.4
HyperX,2700,335096020992.0,95.20089285714286,13440,10096,402653184.0,40265318.4
HyperX,2701,335096020992.0,95.20833333333333,13440,10096,402653184.0,40265318.4
HyperX,2702,335096020992.0,95.21577380952381,13440,10096,402653184.0,40265318.4
HyperX,2703,335096020992.0,95.22321428571429,13440,10096,402653184.0,40265318.4
HyperX,2704,335096020992.0,95.23065476190476,13440,10096,402653184.0,40265318.4
HyperX,2705,335096020992.0,95.23809523809523,13440,10096,402653184.0,40265318.4
HyperX,2706,335096020992.0,95.24553571428571,13440,10096,402653184.0,40265318.4
HyperX,2707,335096020992.0,95.25297619047619,13440,10096,402653184.0,40265318.4
HyperX,2708,335096020992.0,95.26041666666667,13440,10096,402653184.0,40265318.4
HyperX,2709,335096020992.0,95.26785714285714,13440,10096,402653184.0,40265318.4
HyperX,2710,335096020992.0,95.27529761904762,13440,10096,402653184.0,40265318.4
HyperX,2711,335096020992.0,95.2827380952381,13440,10096,402653184.0,40265318.4
HyperX,2712,335096020992.0,95.29017857142857,13440,10096,402653184.0,40265318.4
HyperX,2713,335096020992.0,95.29761904761904,13440,10096,402653184.0,40265318.4
HyperX,2714,335096020992.0,95.30505952380952,13440,10096,402653184.0,40265318.4
HyperX,2715,335096020992.0,95.3125,13440,10096,402653184.0,40265318.4
HyperX,2716,335096020992.0,95.31994047619048,13440,10096,402653184.0,40265318.4
HyperX,2717,335096020992.0,95.32738095238096,13440,10096,402653184.0,40265318.4
HyperX,2718,335096020992.0,95.33482142857143,13440,10096,402653184.0,40265318.4
HyperX,2719,335096020992.0,95.3422619047619,13440,10096,402653184.0,40265318.4
HyperX,2720,335096020992.0,95.34970238095238,13440,10096,402653184.0,40265318.4
HyperX,2721,335096020992.0,95.35714285714286,13440,10096,402653184.0,40265318.4
HyperX,2722,335096020992.0,95.36458333333333,13440,10096,402653184.0,40265318.4
HyperX,2723,335096020992.0,95.37202380952381,13440,10096,402653184.0,40265318.4
HyperX,2724,335096020992.0,95.37946428571429,13440,10096,402653184.0,40265318.4
HyperX,2725,335096020992.0,95.38690476190477,13440,10096,402653184.0,40265318.4
HyperX,2726,335096020992.0,95.39434523809524,13440,10096,402653184.0,40265318.4
HyperX,2727,335096020992.0,95.40178571428571,13440,10096,402653184.0,40265318.4
HyperX,2728,335096020992.0,95.40922619047619,13440,10096,402653184.0,40265318.4
HyperX,2729,335096020992.0,95.41666666666667,13440,10096,402653184.0,40265318.4
HyperX,2730,335096020992.0,95.42410714285714,13440,10096,402653184.0,40265318.4
HyperX,2731,335096020992.0,95.43154761904762,13440,10096,402653184.0,40265318.4
HyperX,2732,335096020992.0,95.4389880952381,13440,10096,402653184.0,40265318.4
HyperX,2733,335096020992.0,95.44642857142858,13440,10096,402653184.0,40265318.4
HyperX,2734,335096020992.0,95.45386904761905,13440,10096,402653184.0,40265318.4
HyperX,2735,335096020992.0,95.46130952380952,13440,10096,402653184.0,40265318.4
HyperX,2736,335096020992.0,95.46875,13440,10096,402653184.0,40265318.4
HyperX,2737,335096020992.0,95.47619047619048,13440,10096,402653184.0,40265318.4
HyperX,2738,335096020992.0,95.48363095238095,13440,10096,402653184.0,40265318.4
HyperX,2739,335096020992.0,95.49107142857143,13440,10096,402653184.0,40265318.4
HyperX,2740,335096020992.0,95.49851190476191,13440,10096,402653184.0,40265318.4
HyperX,2741,335096020992.0,95.50595238095238,13440,10096,402653184.0,40265318.4
HyperX,2742,335096020992.0,95.51339285714285,13440,10096,402653184.0,40265318.4
HyperX,2743,335096020992.0,95.52083333333333,13440,10096,402653184.0,40265318.4
HyperX,2744,335096020992.0,95.52827380952381,13440,10096,402653184.0,40265318.4
HyperX,2745,335096020992.0,95.53571428571429,13440,10096,402653184.0,40265318.4
HyperX,2746,335096020992.0,95.54315476190476,13440,10096,402653184.0,40265318.4
HyperX,2747,335096020992.0,95.55059523809524,13440,10096,402653184.0,40265318.4
HyperX,2748,335096020992.0,95.55803571428572,13440,10096,402653184.0,40265318.4
HyperX,2749,335096020992.0,95.56547619047619,13440,10096,402653184.0,40265318.4
HyperX,2750,335096020992.0,95.57291666666666,13440,10096,402653184.0,40265318.4
HyperX,2751,335096020992.0,95.58035714285714,13440,10096,402653184.0,40265318.4
HyperX,2752,335096020992.0,95.58779761904762,13440,10096,402653184.0,40265318.4
HyperX,2753,335096020992.0,95.5952380952381,13440,10096,402653184.0,40265318.4
HyperX,2754,335096020992.0,95.60267857142857,13440,10096,402653184.0,40265318.4
HyperX,2755,335096020992.0,95.61011904761905,13440,10096,402653184.0,40265318.4
HyperX,2756,335096020992.0,95.61755952380952,13440,10096,402653184.0,40265318.4
HyperX,2757,335096020992.0,95.625,13440,10096,402653184.0,40265318.4
HyperX,2758,335096020992.0,95.63244047619047,13440,10096,402653184.0,40265318.4
HyperX,2759,335096020992.0,95.63988095238095,13440,10096,402653184.0,40265318.4
HyperX,2760,335096020992.0,95.64732142857143,13440,10096,402653184.0,40265318.4
HyperX,2761,335096020992.0,95.65476190476191,13440,10096,402653184.0,40265318.4
HyperX,2762,335096020992.0,95.66220238095238,13440,10096,402653184.0,40265318.4
HyperX,2763,335096020992.0,95.66964285714286,13440,10096,402653184.0,40265318.4
HyperX,2764,335096020992.0,95.67708333333333,13440,10096,402653184.0,40265318.4
HyperX,2765,335096020992.0,95.68452380952381,13440,10096,402653184.0,40265318.4
HyperX,2766,335096020992.0,95.69196428571428,13440,10096,402653184.0,40265318.4
HyperX,2767,335096020992.0,95.69940476190476,13440,10096,402653184.0,40265318.4
HyperX,2768,335096020992.0,95.70684523809524,13440,10096,402653184.0,40265318.4
HyperX,2769,335096020992.0,95.71428571428572,13440,10096,402653184.0,40265318.4
HyperX,2770,335096020992.0,95.72172619047619,13440,10096,402653184.0,40265318.4
HyperX,2771,335096020992.0,95.72916666666667,13440,10096,402653184.0,40265318.4
HyperX,2772,335096020992.0,95.73660714285714,13440,10096,402653184.0,40265318.4
HyperX,2773,335096020992.0,95.74404761904762,13440,10096,402653184.0,40265318.4
HyperX,2774,335096020992.0,95.75148809523809,13440,10096,402653184.0,40265318.4
HyperX,2775,335096020992.0,95.75892857142857,13440,10096,402653184.0,40265318.4
HyperX,2776,335096020992.0,95.76636904761905,13440,10096,402653184.0,40265318.4
HyperX,2777,335096020992.0,95.77380952380953,13440,10096,402653184.0,40265318.4
HyperX,2778,335096020992.0,95.78125,13440,10096,402653184.0,40265318.4
HyperX,2779,335096020992.0,95.78869047619048,13440,10096,402653184.0,40265318.4
HyperX,2780,335096020992.0,95.79613095238095,13440,10096,402653184.0,40265318.4
HyperX,2781,335096020992.0,95.80357142857143,13440,10096,402653184.0,40265318.4
HyperX,2782,335096020992.0,95.8110119047619,13440,10096,402653184.0,40265318.4
HyperX,2783,335096020992.0,95.81845238095238,13440,10096,402653184.0,40265318.4
HyperX,2784,335096020992.0,95.82589285714286,13440,10096,402653184.0,40265318.4
HyperX,2785,335096020992.0,95.83333333333334,13440,10096,402653184.0,40265318.4
HyperX,2786,335096020992.0,95.84077380952381,13440,10096,402653184.0,40265318.4
HyperX,2787,335096020992.0,95.84821428571428,13440,10096,402653184.0,40265318.4
HyperX,2788,335096020992.0,95.85565476190476,13440,10096,402653184.0,40265318.4
HyperX,2789,335096020992.0,95.86309523809524,13440,10096,402653184.0,40265318.4
HyperX,2790,335096020992.0,95.87053571428571,13440,10096,402653184.0,40265318.4
HyperX,2791,335096020992.0,95.87797619047619,13440,10096,402653184.0,40265318.4
HyperX,2792,335096020992.0,95.88541666666667,13440,10096,402653184.0,40265318.4
HyperX,2793,335096020992.0,95.89285714285715,13440,10096,402653184.0,40265318.4
HyperX,2794,335096020992.0,95.90029761904762,13440,10096,402653184.0,40265318.4
HyperX,2795,335096020992.0,95.90773809523809,13440,10096,402653184.0,40265318.4
HyperX,2796,335096020992.0,95.91517857142857,13440,10096,402653184.0,40265318.4
HyperX,2797,335096020992.0,95.92261904761905,13440,10096,402653184.0,40265318.4
HyperX,2798,335096020992.0,95.93005952380952,13440,10096,402653184.0,40265318.4
HyperX,2799,335096020992.0,95.9375,13440,10096,402653184.0,40265318.4
HyperX,2800,335096020992.0,95.94494047619048,13440,10096,402653184.0,40265318.4
HyperX,2801,335096020992.0,95.95238095238095,13440,10096,402653184.0,40265318.4
HyperX,2802,335096020992.0,95.95982142857142,13440,10096,402653184.0,40265318.4
HyperX,2803,335096020992.0,95.9672619047619,13440,10096,402653184.0,40265318.4
HyperX,2804,335096020992.0,95.97470238095238,13440,10096,402653184.0,40265318.4
HyperX,2805,335096020992.0,95.98214285714286,13440,10096,402653184.0,40265318.4
HyperX,2806,335096020992.0,95.98958333333333,13440,10096,402653184.0,40265318.4
HyperX,2807,335096020992.0,95.99702380952381,13440,10096,402653184.0,40265318.4
HyperX,2808,335096020992.0,96.00446428571429,13440,10096,402653184.0,40265318.4
HyperX,2809,335096020992.0,96.01190476190476,13440,10096,402653184.0,40265318.4
HyperX,2810,335096020992.0,96.01934523809523,13440,10096,402653184.0,40265318.4
HyperX,2811,335096020992.0,96.02678571428571,13440,10096,402653184.0,40265318.4
HyperX,2812,335096020992.0,96.03422619047619,13440,10096,402653184.0,40265318.4
HyperX,2813,335096020992.0,96.04166666666667,13440,10096,402653184.0,40265318.4
HyperX,2814,335096020992.0,96.04910714285714,13440,10096,402653184.0,40265318.4
HyperX,2815,335096020992.0,96.05654761904762,13440,10096,402653184.0,40265318.4
HyperX,2816,335096020992.0,96.0639880952381,13440,10096,402653184.0,40265318.4
HyperX,2817,335096020992.0,96.07142857142857,13440,10096,402653184.0,40265318.4
HyperX,2818,335096020992.0,96.07886904761904,13440,10096,402653184.0,40265318.4
HyperX,2819,335096020992.0,96.08630952380952,13440,10096,402653184.0,40265318.4
HyperX,2820,335096020992.0,96.09375,13440,10096,402653184.0,40265318.4
HyperX,2821,335096020992.0,96.10119047619048,13440,10096,402653184.0,40265318.4
HyperX,2822,335096020992.0,96.10863095238096,13440,10096,402653184.0,40265318.4
HyperX,2823,335096020992.0,96.11607142857143,13440,10096,402653184.0,40265318.4
HyperX,2824,335096020992.0,96.1235119047619,13440,10096,402653184.0,40265318.4
HyperX,2825,335096020992.0,96.13095238095238,13440,10096,402653184.0,40265318.4
HyperX,2826,335096020992.0,96.13839285714286,13440,10096,402653184.0,40265318.4
HyperX,2827,335096020992.0,96.14583333333333,13440,10096,402653184.0,40265318.4
HyperX,2828,335096020992.0,96.15327380952381,13440,10096,402653184.0,40265318.4
HyperX,2829,335096020992.0,96.16071428571429,13440,10096,402653184.0,40265318.4
HyperX,2830,335096020992.0,96.16815476190477,13440,10096,402653184.0,40265318.4
HyperX,2831,335096020992.0,96.17559523809524,13440,10096,402653184.0,40265318.4
HyperX,2832,335096020992.0,96.18303571428571,13440,10096,402653184.0,40265318.4
HyperX,2833,335096020992.0,96.19047619047619,13440,10096,402653184.0,40265318.4
HyperX,2834,335096020992.0,96.19791666666667,13440,10096,402653184.0,40265318.4
HyperX,2835,335096020992.0,96.20535714285714,13440,10096,402653184.0,40265318.4
HyperX,2836,335096020992.0,96.21279761904762,13440,10096,402653184.0,40265318.4
HyperX,2837,335096020992.0,96.2202380952381,13440,10096,402653184.0,40265318.4
HyperX,2838,335096020992.0,96.22767857142858,13440,10096,402653184.0,40265318.4
HyperX,2839,335096020992.0,96.23511904761905,13440,10096,402653184.0,40265318.4
HyperX,2840,335096020992.0,96.24255952380952,13440,10096,402653184.0,40265318.4
HyperX,2841,335096020992.0,96.25,13440,10096,402653184.0,40265318.4
HyperX,2842,335096020992.0,96.25744047619048,13440,10096,402653184.0,40265318.4
HyperX,2843,335096020992.0,96.26488095238095,13440,10096,402653184.0,40265318.4
HyperX,2844,335096020992.0,96.27232142857143,13440,10096,402653184.0,40265318.4
HyperX,2845,335096020992.0,96.27976190476191,13440,10096,402653184.0,40265318.4
HyperX,2846,335096020992.0,96.28720238095238,13440,10096,402653184.0,40265318.4
HyperX,2847,335096020992.0,96.29464285714285,13440,10096,402653184.0,40265318.4
HyperX,2848,335096020992.0,96.30208333333333,13440,10096,402653184.0,40265318.4
HyperX,2849,335096020992.0,96.30952380952381,13440,10096,402653184.0,40265318.4
HyperX,2850,335096020992.0,96.31696428571429,13440,10096,402653184.0,40265318.4
HyperX,2851,335096020992.0,96.32440476190476,13440,10096,402653184.0,40265318.4
HyperX,2852,335096020992.0,96.33184523809524,13440,10096,402653184.0,40265318.4
HyperX,2853,335096020992.0,96.33928571428572,13440,10096,402653184.0,40265318.4
HyperX,2854,335096020992.0,96.34672619047619,13440,10096,402653184.0,40265318.4
HyperX,2855,335096020992.0,96.35416666666666,13440,10096,402653184.0,40265318.4
HyperX,2856,335096020992.0,96.36160714285714,13440,10096,402653184.0,40265318.4
HyperX,2857,335096020992.0,96.36904761904762,13440,10096,402653184.0,40265318.4
HyperX,2858,335096020992.0,96.3764880952381,13440,10096,402653184.0,40265318.4
HyperX,2859,335096020992.0,96.38392857142857,13440,10096,402653184.0,40265318.4
HyperX,2860,335096020992.0,96.39136904761905,13440,10096,402653184.0,40265318.4
HyperX,2861,335096020992.0,96.39880952380952,13440,10096,402653184.0,40265318.4
HyperX,2862,335096020992.0,96.40625,13440,10096,402653184.0,40265318.4
HyperX,2863,335096020992.0,96.41369047619047,13440,10096,402653184.0,40265318.4
HyperX,2864,335096020992.0,96.42113095238095,13440,10096,402653184.0,40265318.4
HyperX,2865,335096020992.0,96.42857142857143,13440,10096,402653184.0,40265318.4
HyperX,2866,335096020992.0,96.43601190476191,13440,10096,402653184.0,40265318.4
HyperX,2867,335096020992.0,96.44345238095238,13440,10096,402653184.0,40265318.4
HyperX,2868,335096020992.0,96.45089285714286,13440,10096,402653184.0,40265318.4
HyperX,2869,335096020992.0,96.45833333333333,13440,10096,402653184.0,40265318.4
HyperX,2870,335096020992.0,96.46577380952381,13440,10096,402653184.0,40265318.4
HyperX,2871,335096020992.0,96.47321428571428,13440,10096,402653184.0,40265318.4
HyperX,2872,335096020992.0,96.48065476190476,13440,10096,402653184.0,40265318.4
HyperX,2873,335096020992.0,96.48809523809524,13440,10096,402653184.0,40265318.4
HyperX,2874,335096020992.0,96.49553571428572,13440,10096,402653184.0,40265318.4
HyperX,2875,335096020992.0,96.50297619047619,13440,10096,402653184.0,40265318.4
HyperX,2876,335096020992.0,96.51041666666667,13440,10096,402653184.0,40265318.4
HyperX,2877,335096020992.0,96.51785714285714,13440,10096,402653184.0,40265318.4
HyperX,2878,335096020992.0,96.52529761904762,13440,10096,402653184.0,40265318.4
HyperX,2879,335096020992.0,96.53273809523809,13440,10096,402653184.0,40265318.4
HyperX,2880,335096020992.0,96.54017857142857,13440,10096,402653184.0,40265318.4
HyperX,2881,335096020992.0,96.54761904761905,13440,10096,402653184.0,40265318.4
HyperX,2882,335096020992.0,96.55505952380953,13440,10096,402653184.0,40265318.4
HyperX,2883,335096020992.0,96.5625,13440,10096,402653184.0,40265318.4
HyperX,2884,335096020992.0,96.56994047619048,13440,10096,402653184.0,40265318.4
HyperX,2885,335096020992.0,96.57738095238095,13440,10096,402653184.0,40265318.4
HyperX,2886,335096020992.0,96.58482142857143,13440,10096,402653184.0,40265318.4
HyperX,2887,335096020992.0,96.5922619047619,13440,10096,402653184.0,40265318.4
HyperX,2888,335096020992.0,96.59970238095238,13440,10096,402653184.0,40265318.4
HyperX,2889,335096020992.0,96.60714285714286,13440,10096,402653184.0,40265318.4
HyperX,2890,335096020992.0,96.61458333333334,13440,10096,402653184.0,40265318.4
HyperX,2891,335096020992.0,96.62202380952381,13440,10096,402653184.0,40265318.4
HyperX,2892,335096020992.0,96.62946428571428,13440,10096,402653184.0,40265318.4
HyperX,2893,335096020992.0,96.63690476190476,13440,10096,402653184.0,40265318.4
HyperX,2894,335096020992.0,96.64434523809524,13440,10096,402653184.0,40265318.4
HyperX,2895,335096020992.0,96.65178571428571,13440,10096,402653184.0,40265318.4
HyperX,2896,335096020992.0,96.65922619047619,13440,10096,402653184.0,40265318.4
HyperX,2897,335096020992.0,96.66666666666667,13440,10096,402653184.0,40265318.4
HyperX,2898,335096020992.0,96.67410714285715,13440,10096,402653184.0,40265318.4
HyperX,2899,335096020992.0,96.68154761904762,13440,10096,402653184.0,40265318.4
HyperX,2900,335096020992.0,96.68898809523809,13440,10096,402653184.0,40265318.4
HyperX,2901,335096020992.0,96.69642857142857,13440,10096,402653184.0,40265318.4
HyperX,2902,335096020992.0,96.70386904761905,13440,10096,402653184.0,40265318.4
HyperX,2903,335096020992.0,96.71130952380952,13440,10096,402653184.0,40265318.4
HyperX,2904,335096020992.0,96.71875,13440,10096,402653184.0,40265318.4
HyperX,2905,335096020992.0,96.72619047619048,13440,10096,402653184.0,40265318.4
HyperX,2906,335096020992.0,96.73363095238095,13440,10096,402653184.0,40265318.4
HyperX,2907,335096020992.0,96.74107142857142,13440,10096,402653184.0,40265318.4
HyperX,2908,335096020992.0,96.7485119047619,13440,10096,402653184.0,40265318.4
HyperX,2909,335096020992.0,96.75595238095238,13440,10096,402653184.0,40265318.4
HyperX,2910,335096020992.0,96.76339285714286,13440,10096,402653184.0,40265318.4
HyperX,2911,335096020992.0,96.77083333333333,13440,10096,402653184.0,40265318.4
HyperX,2912,335096020992.0,96.77827380952381,13440,10096,402653184.0,40265318.4
HyperX,2913,335096020992.0,96.78571428571429,13440,10096,402653184.0,40265318.4
HyperX,2914,335096020992.0,96.79315476190476,13440,10096,402653184.0,40265318.4
HyperX,2915,335096020992.0,96.80059523809523,13440,10096,402653184.0,40265318.4
HyperX,2916,335096020992.0,96.80803571428571,13440,10096,402653184.0,40265318.4
HyperX,2917,335096020992.0,96.81547619047619,13440,10096,402653184.0,40265318.4
HyperX,2918,335096020992.0,96.82291666666667,13440,10096,402653184.0,40265318.4
HyperX,2919,335096020992.0,96.83035714285714,13440,10096,402653184.0,40265318.4
HyperX,2920,335096020992.0,96.83779761904762,13440,10096,402653184.0,40265318.4
HyperX,2921,335096020992.0,96.8452380952381,13440,10096,402653184.0,40265318.4
HyperX,2922,335096020992.0,96.85267857142857,13440,10096,402653184.0,40265318.4
HyperX,2923,335096020992.0,96.86011904761904,13440,10096,402653184.0,40265318.4
HyperX,2924,335096020992.0,96.86755952380952,13440,10096,402653184.0,40265318.4
HyperX,2925,335096020992.0,96.875,13440,10096,402653184.0,40265318.4
HyperX,2926,335096020992.0,96.88244047619048,13440,10096,402653184.0,40265318.4
HyperX,2927,335096020992.0,96.88988095238096,13440,10096,402653184.0,40265318.4
HyperX,2928,335096020992.0,96.89732142857143,13440,10096,402653184.0,40265318.4
HyperX,2929,335096020992.0,96.9047619047619,13440,10096,402653184.0,40265318.4
HyperX,2930,335096020992.0,96.91220238095238,13440,10096,402653184.0,40265318.4
HyperX,2931,335096020992.0,96.91964285714286,13440,10096,402653184.0,40265318.4
HyperX,2932,335096020992.0,96.92708333333333,13440,10096,402653184.0,40265318.4
HyperX,2933,335096020992.0,96.93452380952381,13440,10096,402653184.0,40265318.4
HyperX,2934,335096020992.0,96.94196428571429,13440,10096,402653184.0,40265318.4
HyperX,2935,335096020992.0,96.94940476190477,13440,10096,402653184.0,40265318.4
HyperX,2936,335096020992.0,96.95684523809524,13440,10096,402653184.0,40265318.4
HyperX,2937,335096020992.0,96.96428571428571,13440,10096,402653184.0,40265318.4
HyperX,2938,335096020992.0,96.97172619047619,13440,10096,402653184.0,40265318.4
HyperX,2939,335096020992.0,96.97916666666667,13440,10096,402653184.0,40265318.4
HyperX,2940,335096020992.0,96.98660714285714,13440,10096,402653184.0,40265318.4
HyperX,2941,335096020992.0,96.99404761904762,13440,10096,402653184.0,40265318.4
HyperX,2942,335096020992.0,97.0014880952381,13440,10096,402653184.0,40265318.4
HyperX,2943,335096020992.0,97.00892857142858,13440,10096,402653184.0,40265318.4
HyperX,2944,335096020992.0,97.01636904761905,13440,10096,402653184.0,40265318.4
HyperX,2945,335096020992.0,97.02380952380952,13440,10096,402653184.0,40265318.4
HyperX,2946,335096020992.0,97.03125,13440,10096,402653184.0,40265318.4
HyperX,2947,335096020992.0,97.03869047619048,13440,10096,402653184.0,40265318.4
HyperX,2948,335096020992.0,97.04613095238095,13440,10096,402653184.0,40265318.4
HyperX,2949,335096020992.0,97.05357142857143,13440,10096,402653184.0,40265318.4
HyperX,2950,335096020992.0,97.06101190476191,13440,10096,402653184.0,40265318.4
HyperX,2951,335096020992.0,97.06845238095238,13440,10096,402653184.0,40265318.4
HyperX,2952,335096020992.0,97.07589285714285,13440,10096,402653184.0,40265318.4
HyperX,2953,335096020992.0,97.08333333333333,13440,10096,402653184.0,40265318.4
HyperX,2954,335096020992.0,97.09077380952381,13440,10096,402653184.0,40265318.4
HyperX,2955,335096020992.0,97.09821428571429,13440,10096,402653184.0,40265318.4
HyperX,2956,335096020992.0,97.10565476190476,13440,10096,402653184.0,40265318.4
HyperX,2957,335096020992.0,97.11309523809524,13440,10096,402653184.0,40265318.4
HyperX,2958,335096020992.0,97.12053571428572,13440,10096,402653184.0,40265318.4
HyperX,2959,335096020992.0,97.12797619047619,13440,10096,402653184.0,40265318.4
HyperX,2960,335096020992.0,97.13541666666666,13440,10096,402653184.0,40265318.4
HyperX,2961,335096020992.0,97.14285714285714,13440,10096,402653184.0,40265318.4
HyperX,2962,335096020992.0,97.15029761904762,13440,10096,402653184.0,40265318.4
HyperX,2963,335096020992.0,97.1577380952381,13440,10096,402653184.0,40265318.4
HyperX,2964,335096020992.0,97.16517857142857,13440,10096,402653184.0,40265318.4
HyperX,2965,335096020992.0,97.17261904761905,13440,10096,402653184.0,40265318.4
HyperX,2966,335096020992.0,97.18005952380952,13440,10096,402653184.0,40265318.4
HyperX,2967,335096020992.0,97.1875,13440,10096,402653184.0,40265318.4
HyperX,2968,335096020992.0,97.19494047619047,13440,10096,402653184.0,40265318.4
HyperX,2969,335096020992.0,97.20238095238095,13440,10096,402653184.0,40265318.4
HyperX,2970,335096020992.0,97.20982142857143,13440,10096,402653184.0,40265318.4
HyperX,2971,335096020992.0,97.21726190476191,13440,10096,402653184.0,40265318.4
HyperX,2972,335096020992.0,97.22470238095238,13440,10096,402653184.0,40265318.4
HyperX,2973,335096020992.0,97.23214285714286,13440,10096,402653184.0,40265318.4
HyperX,2974,335096020992.0,97.23958333333333,13440,10096,402653184.0,40265318.4
HyperX,2975,335096020992.0,97.24702380952381,13440,10096,402653184.0,40265318.4
HyperX,2976,335096020992.0,97.25446428571428,13440,10096,402653184.0,40265318.4
HyperX,2977,335096020992.0,97.26190476190476,13440,10096,402653184.0,40265318.4
HyperX,2978,335096020992.0,97.26934523809524,13440,10096,402653184.0,40265318.4
HyperX,2979,335096020992.0,97.27678571428572,13440,10096,402653184.0,40265318.4
HyperX,2980,335096020992.0,97.28422619047619,13440,10096,402653184.0,40265318.4
HyperX,2981,335096020992.0,97.29166666666667,13440,10096,402653184.0,40265318.4
HyperX,2982,335096020992.0,97.29910714285714,13440,10096,402653184.0,40265318.4
HyperX,2983,335096020992.0,97.30654761904762,13440,10096,402653184.0,40265318.4
HyperX,2984,335096020992.0,97.31398809523809,13440,10096,402653184.0,40265318.4
HyperX,2985,335096020992.0,97.32142857142857,13440,10096,402653184.0,40265318.4
HyperX,2986,335096020992.0,97.32886904761905,13440,10096,402653184.0,40265318.4
HyperX,2987,335096020992.0,97.33630952380953,13440,10096,402653184.0,40265318.4
HyperX,2988,335096020992.0,97.34375,13440,10096,402653184.0,40265318.4
HyperX,2989,335096020992.0,97.35119047619048,13440,10096,402653184.0,40265318.4
HyperX,2990,335096020992.0,97.35863095238095,13440,10096,402653184.0,40265318.4
HyperX,2991,335096020992.0,97.36607142857143,13440,10096,402653184.0,40265318.4
HyperX,2992,335096020992.0,97.3735119047619,13440,10096,402653184.0,40265318.4
HyperX,2993,335096020992.0,97.38095238095238,13440,10096,402653184.0,40265318.4
HyperX,2994,335096020992.0,97.38839285714286,13440,10096,402653184.0,40265318.4
HyperX,2995,335096020992.0,97.39583333333334,13440,10096,402653184.0,40265318.4
HyperX,2996,335096020992.0,97.40327380952381,13440,10096,402653184.0,40265318.4
HyperX,2997,335096020992.0,97.41071428571428,13440,10096,402653184.0,40265318.4
HyperX,2998,335096020992.0,97.41815476190476,13440,10096,402653184.0,40265318.4
HyperX,2999,335096020992.0,97.42559523809524,13440,10096,402653184.0,40265318.4
HyperX,3000,335096020992.0,97.43303571428571,13440,10096,402653184.0,40265318.4
HyperX,3001,335096020992.0,97.44047619047619,13440,10096,402653184.0,40265318.4
HyperX,3002,335096020992.0,97.44791666666667,13440,10096,402653184.0,40265318.4
HyperX,3003,335096020992.0,97.45535714285715,13440,10096,402653184.0,40265318.4
HyperX,3004,335096020992.0,97.46279761904762,13440,10096,402653184.0,40265318.4
HyperX,3005,335096020992.0,97.47023809523809,13440,10096,402653184.0,40265318.4
HyperX,3006,335096020992.0,97.47767857142857,13440,10096,402653184.0,40265318.4
HyperX,3007,335096020992.0,97.48511904761905,13440,10096,402653184.0,40265318.4
HyperX,3008,335096020992.0,97.49255952380952,13440,10096,402653184.0,40265318.4
HyperX,3009,335096020992.0,97.5,13440,10096,402653184.0,40265318.4
HyperX,3010,335096020992.0,97.50744047619048,13440,10096,402653184.0,40265318.4
HyperX,3011,335096020992.0,97.51488095238095,13440,10096,402653184.0,40265318.4
HyperX,3012,335096020992.0,97.52232142857142,13440,10096,402653184.0,40265318.4
HyperX,3013,335096020992.0,97.5297619047619,13440,10096,402653184.0,40265318.4
HyperX,3014,335096020992.0,97.53720238095238,13440,10096,402653184.0,40265318.4
HyperX,3015,335096020992.0,97.54464285714286,13440,10096,402653184.0,40265318.4
HyperX,3016,335096020992.0,97.55208333333333,13440,10096,402653184.0,40265318.4
HyperX,3017,335096020992.0,97.55952380952381,13440,10096,402653184.0,40265318.4
HyperX,3018,335096020992.0,97.56696428571429,13440,10096,402653184.0,40265318.4
HyperX,3019,335096020992.0,97.57440476190476,13440,10096,402653184.0,40265318.4
HyperX,3020,335096020992.0,97.58184523809523,13440,10096,402653184.0,40265318.4
HyperX,3021,335096020992.0,97.58928571428571,13440,10096,402653184.0,40265318.4
HyperX,3022,335096020992.0,97.59672619047619,13440,10096,402653184.0,40265318.4
HyperX,3023,335096020992.0,97.60416666666667,13440,10096,402653184.0,40265318.4
HyperX,3024,335096020992.0,97.61160714285714,13440,10096,402653184.0,40265318.4
HyperX,3025,335096020992.0,97.61904761904762,13440,10096,402653184.0,40265318.4
HyperX,3026,335096020992.0,97.6264880952381,13440,10096,402653184.0,40265318.4
HyperX,3027,335096020992.0,97.63392857142857,13440,10096,402653184.0,40265318.4
HyperX,3028,335096020992.0,97.64136904761904,13440,10096,402653184.0,40265318.4
HyperX,3029,335096020992.0,97.64880952380952,13440,10096,402653184.0,40265318.4
HyperX,3030,335096020992.0,97.65625,13440,10096,402653184.0,40265318.4
HyperX,3031,335096020992.0,97.66369047619048,13440,10096,402653184.0,40265318.4
HyperX,3032,335096020992.0,97.67113095238096,13440,10096,402653184.0,40265318.4
HyperX,3033,335096020992.0,97.67857142857143,13440,10096,402653184.0,40265318.4
HyperX,3034,335096020992.0,97.6860119047619,13440,10096,402653184.0,40265318.4
HyperX,3035,335096020992.0,97.69345238095238,13440,10096,402653184.0,40265318.4
HyperX,3036,335096020992.0,97.70089285714286,13440,10096,402653184.0,40265318.4
HyperX,3037,335096020992.0,97.70833333333333,13440,10096,402653184.0,40265318.4
HyperX,3038,335096020992.0,97.71577380952381,13440,10096,402653184.0,40265318.4
HyperX,3039,335096020992.0,97.72321428571429,13440,10096,402653184.0,40265318.4
HyperX,3040,335096020992.0,97.73065476190477,13440,10096,402653184.0,40265318.4
HyperX,3041,335096020992.0,97.73809523809524,13440,10096,402653184.0,40265318.4
HyperX,3042,335096020992.0,97.74553571428571,13440,10096,402653184.0,40265318.4
HyperX,3043,335096020992.0,97.75297619047619,13440,10096,402653184.0,40265318.4
HyperX,3044,335096020992.0,97.76041666666667,13440,10096,402653184.0,40265318.4
HyperX,3045,335096020992.0,97.76785714285714,13440,10096,402653184.0,40265318.4
HyperX,3046,335096020992.0,97.77529761904762,13440,10096,402653184.0,40265318.4
HyperX,3047,335096020992.0,97.7827380952381,13440,10096,402653184.0,40265318.4
HyperX,3048,335096020992.0,97.79017857142858,13440,10096,402653184.0,40265318.4
HyperX,3049,335096020992.0,97.79761904761905,13440,10096,402653184.0,40265318.4
HyperX,3050,335096020992.0,97.80505952380952,13440,10096,402653184.0,40265318.4
HyperX,3051,335096020992.0,97.8125,13440,10096,402653184.0,40265318.4
HyperX,3052,335096020992.0,97.81994047619048,13440,10096,402653184.0,40265318.4
HyperX,3053,335096020992.0,97.82738095238095,13440,10096,402653184.0,40265318.4
HyperX,3054,335096020992.0,97.83482142857143,13440,10096,402653184.0,40265318.4
HyperX,3055,335096020992.0,97.84226190476191,13440,10096,402653184.0,40265318.4
HyperX,3056,335096020992.0,97.84970238095238,13440,10096,402653184.0,40265318.4
HyperX,3057,335096020992.0,97.85714285714285,13440,10096,402653184.0,40265318.4
HyperX,3058,335096020992.0,97.86458333333333,13440,10096,402653184.0,40265318.4
HyperX,3059,335096020992.0,97.87202380952381,13440,10096,402653184.0,40265318.4
HyperX,3060,335096020992.0,97.87946428571429,13440,10096,402653184.0,40265318.4
HyperX,3061,335096020992.0,97.88690476190476,13440,10096,402653184.0,40265318.4
HyperX,3062,335096020992.0,97.89434523809524,13440,10096,402653184.0,40265318.4
HyperX,3063,335096020992.0,97.90178571428572,13440,10096,402653184.0,40265318.4
HyperX,3064,335096020992.0,97.90922619047619,13440,10096,402653184.0,40265318.4
HyperX,3065,335096020992.0,97.91666666666666,13440,10096,402653184.0,40265318.4
HyperX,3066,335096020992.0,97.92410714285714,13440,10096,402653184.0,40265318.4
HyperX,3067,335096020992.0,97.93154761904762,13440,10096,402653184.0,40265318.4
HyperX,3068,335096020992.0,97.9389880952381,13440,10096,402653184.0,40265318.4
HyperX,3069,335096020992.0,97.94642857142857,13440,10096,402653184.0,40265318.4
HyperX,3070,335096020992.0,97.95386904761905,13440,10096,402653184.0,40265318.4
HyperX,3071,335096020992.0,97.96130952380952,13440,10096,402653184.0,40265318.4
HyperX,3072,335096020992.0,97.96875,13440,10096,402653184.0,40265318.4
HyperX,3073,335096020992.0,97.97619047619047,13440,10096,402653184.0,40265318.4
HyperX,3074,335096020992.0,97.98363095238095,13440,10096,402653184.0,40265318.4
HyperX,3075,335096020992.0,97.99107142857143,13440,10096,402653184.0,40265318.4
HyperX,3076,335096020992.0,97.99851190476191,13440,10096,402653184.0,40265318.4
HyperX,3077,335096020992.0,98.00595238095238,13440,10096,402653184.0,40265318.4
HyperX,3078,335096020992.0,98.01339285714286,13440,10096,402653184.0,40265318.4
HyperX,3079,335096020992.0,98.02083333333333,13440,10096,402653184.0,40265318.4
HyperX,3080,335096020992.0,98.02827380952381,13440,10096,402653184.0,40265318.4
HyperX,3081,335096020992.0,98.03571428571428,13440,10096,402653184.0,40265318.4
HyperX,3082,335096020992.0,98.04315476190476,13440,10096,402653184.0,40265318.4
HyperX,3083,335096020992.0,98.05059523809524,13440,10096,402653184.0,40265318.4
HyperX,3084,335096020992.0,98.05803571428572,13440,10096,402653184.0,40265318.4
HyperX,3085,335096020992.0,98.06547619047619,13440,10096,402653184.0,40265318.4
HyperX,3086,335096020992.0,98.07291666666667,13440,10096,402653184.0,40265318.4
HyperX,3087,335096020992.0,98.08035714285714,13440,10096,402653184.0,40265318.4
HyperX,3088,335096020992.0,98.08779761904762,13440,10096,402653184.0,40265318.4
HyperX,3089,335096020992.0,98.09523809523809,13440,10096,402653184.0,40265318.4
HyperX,3090,336631375872.0,98.10267857142857,13440,10096,402653184.0,40265318.4
HyperX,3091,336631375872.0,98.11011904761905,13440,10096,402653184.0,40265318.4
HyperX,3092,336631375872.0,98.11755952380953,13440,10096,402653184.0,40265318.4
HyperX,3093,336631375872.0,98.125,13440,10096,402653184.0,40265318.4
HyperX,3094,336631375872.0,98.13244047619048,13440,10096,402653184.0,40265318.4
HyperX,3095,336631375872.0,98.13988095238095,13440,10096,402653184.0,40265318.4
HyperX,3096,336631375872.0,98.14732142857143,13440,10096,402653184.0,40265318.4
HyperX,3097,336631375872.0,98.1547619047619,13440,10096,402653184.0,40265318.4
HyperX,3098,336631375872.0,98.16220238095238,13440,10096,402653184.0,40265318.4
HyperX,3099,336631375872.0,98.16964285714286,13440,10096,402653184.0,40265318.4
HyperX,3100,336631375872.0,98.17708333333334,13440,10096,402653184.0,40265318.4
HyperX,3101,336631375872.0,98.18452380952381,13440,10096,402653184.0,40265318.4
HyperX,3102,336631375872.0,98.19196428571428,13440,10096,402653184.0,40265318.4
HyperX,3103,336631375872.0,98.19940476190476,13440,10096,402653184.0,40265318.4
HyperX,3104,336631375872.0,98.20684523809524,13440,10096,402653184.0,40265318.4
HyperX,3105,336631375872.0,98.21428571428571,13440,10096,402653184.0,40265318.4
HyperX,3106,336631375872.0,98.22172619047619,13440,10096,402653184.0,40265318.4
HyperX,3107,336631375872.0,98.22916666666667,13440,10096,402653184.0,40265318.4
HyperX,3108,336631375872.0,98.23660714285715,13440,10096,402653184.0,40265318.4
HyperX,3109,336631375872.0,98.24404761904762,13440,10096,402653184.0,40265318.4
HyperX,3110,336631375872.0,98.25148809523809,13440,10096,402653184.0,40265318.4
HyperX,3111,336631375872.0,98.25892857142857,13440,10096,402653184.0,40265318.4
HyperX,3112,336631375872.0,98.26636904761905,13440,10096,402653184.0,40265318.4
HyperX,3113,336631375872.0,98.27380952380952,13440,10096,402653184.0,40265318.4
HyperX,3114,336631375872.0,98.28125,13440,10096,402653184.0,40265318.4
HyperX,3115,336631375872.0,98.28869047619048,13440,10096,402653184.0,40265318.4
HyperX,3116,336631375872.0,98.29613095238095,13440,10096,402653184.0,40265318.4
HyperX,3117,336631375872.0,98.30357142857142,13440,10096,402653184.0,40265318.4
HyperX,3118,336631375872.0,98.3110119047619,13440,10096,402653184.0,40265318.4
HyperX,3119,336631375872.0,98.31845238095238,13440,10096,402653184.0,40265318.4
HyperX,3120,336631375872.0,98.32589285714286,13440,10096,402653184.0,40265318.4
HyperX,3121,336631375872.0,98.33333333333333,13440,10096,402653184.0,40265318.4
HyperX,3122,336631375872.0,98.34077380952381,13440,10096,402653184.0,40265318.4
HyperX,3123,336631375872.0,98.34821428571429,13440,10096,402653184.0,40265318.4
HyperX,3124,336631375872.0,98.35565476190476,13440,10096,402653184.0,40265318.4
HyperX,3125,336631375872.0,98.36309523809523,13440,10096,402653184.0,40265318.4
HyperX,3126,336631375872.0,98.37053571428571,13440,10096,402653184.0,40265318.4
HyperX,3127,336631375872.0,98.37797619047619,13440,10096,402653184.0,40265318.4
HyperX,3128,336631375872.0,98.38541666666667,13440,10096,402653184.0,40265318.4
HyperX,3129,336631375872.0,98.39285714285714,13440,10096,402653184.0,40265318.4
HyperX,3130,336631375872.0,98.40029761904762,13440,10096,402653184.0,40265318.4
HyperX,3131,336631375872.0,98.4077380952381,13440,10096,402653184.0,40265318.4
HyperX,3132,336631375872.0,98.41517857142857,13440,10096,402653184.0,40265318.4
HyperX,3133,336631375872.0,98.42261904761904,13440,10096,402653184.0,40265318.4
HyperX,3134,336631375872.0,98.43005952380952,13440,10096,402653184.0,40265318.4
HyperX,3135,336631375872.0,98.4375,13440,10096,402653184.0,40265318.4
HyperX,3136,336631375872.0,98.44494047619048,13440,10096,402653184.0,40265318.4
HyperX,3137,336631375872.0,98.45238095238096,13440,10096,402653184.0,40265318.4
HyperX,3138,336631375872.0,98.45982142857143,13440,10096,402653184.0,40265318.4
HyperX,3139,336631375872.0,98.4672619047619,13440,10096,402653184.0,40265318.4
HyperX,3140,336631375872.0,98.47470238095238,13440,10096,402653184.0,40265318.4
HyperX,3141,336631375872.0,98.48214285714286,13440,10096,402653184.0,40265318.4
HyperX,3142,336631375872.0,98.48958333333333,13440,10096,402653184.0,40265318.4
HyperX,3143,336631375872.0,98.49702380952381,13440,10096,402653184.0,40265318.4
HyperX,3144,336631375872.0,98.50446428571429,13440,10096,402653184.0,40265318.4
HyperX,3145,336631375872.0,98.51190476190477,13440,10096,402653184.0,40265318.4
HyperX,3146,336631375872.0,98.51934523809524,13440,10096,402653184.0,40265318.4
HyperX,3147,336631375872.0,98.52678571428571,13440,10096,402653184.0,40265318.4
HyperX,3148,336631375872.0,98.53422619047619,13440,10096,402653184.0,40265318.4
HyperX,3149,336631375872.0,98.54166666666667,13440,10096,402653184.0,40265318.4
HyperX,3150,336631375872.0,98.54910714285714,13440,10096,402653184.0,40265318.4
HyperX,3151,336631375872.0,98.55654761904762,13440,10096,402653184.0,40265318.4
HyperX,3152,336631375872.0,98.5639880952381,13440,10096,402653184.0,40265318.4
HyperX,3153,336631375872.0,98.57142857142858,13440,10096,402653184.0,40265318.4
HyperX,3154,336631375872.0,98.57886904761905,13440,10096,402653184.0,40265318.4
HyperX,3155,336631375872.0,98.58630952380952,13440,10096,402653184.0,40265318.4
HyperX,3156,336631375872.0,98.59375,13440,10096,402653184.0,40265318.4
HyperX,3157,336631375872.0,98.60119047619048,13440,10096,402653184.0,40265318.4
HyperX,3158,336631375872.0,98.60863095238095,13440,10096,402653184.0,40265318.4
HyperX,3159,336631375872.0,98.61607142857143,13440,10096,402653184.0,40265318.4
HyperX,3160,336631375872.0,98.62351190476191,13440,10096,402653184.0,40265318.4
HyperX,3161,336631375872.0,98.63095238095238,13440,10096,402653184.0,40265318.4
HyperX,3162,336631375872.0,98.63839285714285,13440,10096,402653184.0,40265318.4
HyperX,3163,336631375872.0,98.64583333333333,13440,10096,402653184.0,40265318.4
HyperX,3164,336631375872.0,98.65327380952381,13440,10096,402653184.0,40265318.4
HyperX,3165,336631375872.0,98.66071428571429,13440,10096,402653184.0,40265318.4
HyperX,3166,336631375872.0,98.66815476190476,13440,10096,402653184.0,40265318.4
HyperX,3167,336631375872.0,98.67559523809524,13440,10096,402653184.0,40265318.4
HyperX,3168,336631375872.0,98.68303571428572,13440,10096,402653184.0,40265318.4
HyperX,3169,336631375872.0,98.69047619047619,13440,10096,402653184.0,40265318.4
HyperX,3170,336631375872.0,98.69791666666666,13440,10096,402653184.0,40265318.4
HyperX,3171,336631375872.0,98.70535714285714,13440,10096,402653184.0,40265318.4
HyperX,3172,336631375872.0,98.71279761904762,13440,10096,402653184.0,40265318.4
HyperX,3173,336631375872.0,98.7202380952381,13440,10096,402653184.0,40265318.4
HyperX,3174,336631375872.0,98.72767857142857,13440,10096,402653184.0,40265318.4
HyperX,3175,336631375872.0,98.73511904761905,13440,10096,402653184.0,40265318.4
HyperX,3176,336631375872.0,98.74255952380952,13440,10096,402653184.0,40265318.4
HyperX,3177,336631375872.0,98.75,13440,10096,402653184.0,40265318.4
HyperX,3178,336631375872.0,98.75744047619047,13440,10096,402653184.0,40265318.4
HyperX,3179,336631375872.0,98.76488095238095,13440,10096,402653184.0,40265318.4
HyperX,3180,336631375872.0,98.77232142857143,13440,10096,402653184.0,40265318.4
HyperX,3181,336631375872.0,98.77976190476191,13440,10096,402653184.0,40265318.4
HyperX,3182,336631375872.0,98.78720238095238,13440,10096,402653184.0,40265318.4
HyperX,3183,336631375872.0,98.79464285714286,13440,10096,402653184.0,40265318.4
HyperX,3184,336631375872.0,98.80208333333333,13440,10096,402653184.0,40265318.4
HyperX,3185,336631375872.0,98.80952380952381,13440,10096,402653184.0,40265318.4
HyperX,3186,336631375872.0,98.81696428571428,13440,10096,402653184.0,40265318.4
HyperX,3187,336631375872.0,98.82440476190476,13440,10096,402653184.0,40265318.4
HyperX,3188,336631375872.0,98.83184523809524,13440,10096,402653184.0,40265318.4
HyperX,3189,336631375872.0,98.83928571428572,13440,10096,402653184.0,40265318.4
HyperX,3190,336631375872.0,98.84672619047619,13440,10096,402653184.0,40265318.4
HyperX,3191,336631375872.0,98.85416666666667,13440,10096,402653184.0,40265318.4
HyperX,3192,336631375872.0,98.86160714285714,13440,10096,402653184.0,40265318.4
HyperX,3193,336631375872.0,98.86904761904762,13440,10096,402653184.0,40265318.4
HyperX,3194,336631375872.0,98.87648809523809,13440,10096,402653184.0,40265318.4
HyperX,3195,336631375872.0,98.88392857142857,13440,10096,402653184.0,40265318.4
HyperX,3196,336631375872.0,98.89136904761905,13440,10096,402653184.0,40265318.4
HyperX,3197,336631375872.0,98.89880952380953,13440,10096,402653184.0,40265318.4
HyperX,3198,336631375872.0,98.90625,13440,10096,402653184.0,40265318.4
HyperX,3199,336631375872.0,98.91369047619048,13440,10096,402653184.0,40265318.4
HyperX,3200,336631375872.0,98.92113095238095,13440,10096,402653184.0,40265318.4
HyperX,3201,336631375872.0,98.92857142857143,13440,10096,402653184.0,40265318.4
HyperX,3202,336631375872.0,98.9360119047619,13440,10096,402653184.0,40265318.4
HyperX,3203,336631375872.0,98.94345238095238,13440,10096,402653184.0,40265318.4
HyperX,3204,336631375872.0,98.95089285714286,13440,10096,402653184.0,40265318.4
HyperX,3205,336631375872.0,98.95833333333334,13440,10096,402653184.0,40265318.4
HyperX,3206,336631375872.0,98.96577380952381,13440,10096,402653184.0,40265318.4
HyperX,3207,336631375872.0,98.97321428571428,13440,10096,402653184.0,40265318.4
HyperX,3208,336631375872.0,98.98065476190476,13440,10096,402653184.0,40265318.4
HyperX,3209,336631375872.0,98.98809523809524,13440,10096,402653184.0,40265318.4
HyperX,3210,336631375872.0,98.99553571428571,13440,10096,402653184.0,40265318.4
HyperX,3211,336631375872.0,99.00297619047619,13440,10096,402653184.0,40265318.4
HyperX,3212,336631375872.0,99.01041666666667,13440,10096,402653184.0,40265318.4
HyperX,3213,336631375872.0,99.01785714285715,13440,10096,402653184.0,40265318.4
HyperX,3214,336631375872.0,99.02529761904762,13440,10096,402653184.0,40265318.4
HyperX,3215,336631375872.0,99.03273809523809,13440,10096,402653184.0,40265318.4
HyperX,3216,336631375872.0,99.04017857142857,13440,10096,402653184.0,40265318.4
HyperX,3217,336631375872.0,99.04761904761905,13440,10096,402653184.0,40265318.4
HyperX,3218,336631375872.0,99.05505952380952,13440,10096,402653184.0,40265318.4
HyperX,3219,336631375872.0,99.0625,13440,10096,402653184.0,40265318.4
HyperX,3220,336631375872.0,99.06994047619048,13440,10096,402653184.0,40265318.4
HyperX,3221,336631375872.0,99.07738095238095,13440,10096,402653184.0,40265318.4
HyperX,3222,336631375872.0,99.08482142857142,13440,10096,402653184.0,40265318.4
HyperX,3223,336631375872.0,99.0922619047619,13440,10096,402653184.0,40265318.4
HyperX,3224,336631375872.0,99.09970238095238,13440,10096,402653184.0,40265318.4
HyperX,3225,336631375872.0,99.10714285714286,13440,10096,402653184.0,40265318.4
HyperX,3226,336631375872.0,99.11458333333333,13440,10096,402653184.0,40265318.4
HyperX,3227,336631375872.0,99.12202380952381,13440,10096,402653184.0,40265318.4
HyperX,3228,336631375872.0,99.12946428571429,13440,10096,402653184.0,40265318.4
HyperX,3229,336631375872.0,99.13690476190476,13440,10096,402653184.0,40265318.4
HyperX,3230,336631375872.0,99.14434523809523,13440,10096,402653184.0,40265318.4
HyperX,3231,336631375872.0,99.15178571428571,13440,10096,402653184.0,40265318.4
HyperX,3232,336631375872.0,99.15922619047619,13440,10096,402653184.0,40265318.4
HyperX,3233,336631375872.0,99.16666666666667,13440,10096,402653184.0,40265318.4
HyperX,3234,336631375872.0,99.17410714285714,13440,10096,402653184.0,40265318.4
HyperX,3235,336631375872.0,99.18154761904762,13440,10096,402653184.0,40265318.4
HyperX,3236,336631375872.0,99.1889880952381,13440,10096,402653184.0,40265318.4
HyperX,3237,336631375872.0,99.19642857142857,13440,10096,402653184.0,40265318.4
HyperX,3238,336631375872.0,99.20386904761904,13440,10096,402653184.0,40265318.4
HyperX,3239,336631375872.0,99.21130952380952,13440,10096,402653184.0,40265318.4
HyperX,3240,336631375872.0,99.21875,13440,10096,402653184.0,40265318.4
HyperX,3241,336631375872.0,99.22619047619048,13440,10096,402653184.0,40265318.4
HyperX,3242,336631375872.0,99.23363095238096,13440,10096,402653184.0,40265318.4
HyperX,3243,336631375872.0,99.24107142857143,13440,10096,402653184.0,40265318.4
HyperX,3244,336631375872.0,99.2485119047619,13440,10096,402653184.0,40265318.4
HyperX,3245,336631375872.0,99.25595238095238,13440,10096,402653184.0,40265318.4
HyperX,3246,336631375872.0,99.26339285714286,13440,10096,402653184.0,40265318.4
HyperX,3247,336631375872.0,99.27083333333333,13440,10096,402653184.0,40265318.4
HyperX,3248,336631375872.0,99.27827380952381,13440,10096,402653184.0,40265318.4
HyperX,3249,336631375872.0,99.28571428571429,13440,10096,402653184.0,40265318.4
HyperX,3250,336631375872.0,99.29315476190477,13440,10096,402653184.0,40265318.4
HyperX,3251,336631375872.0,99.30059523809524,13440,10096,402653184.0,40265318.4
HyperX,3252,336631375872.0,99.30803571428571,13440,10096,402653184.0,40265318.4
HyperX,3253,336631375872.0,99.31547619047619,13440,10096,402653184.0,40265318.4
HyperX,3254,336631375872.0,99.32291666666667,13440,10096,402653184.0,40265318.4
HyperX,3255,336631375872.0,99.33035714285714,13440,10096,402653184.0,40265318.4
HyperX,3256,336631375872.0,99.33779761904762,13440,10096,402653184.0,40265318.4
HyperX,3257,336631375872.0,99.3452380952381,13440,10096,402653184.0,40265318.4
HyperX,3258,336631375872.0,99.35267857142858,13440,10096,402653184.0,40265318.4
HyperX,3259,336631375872.0,99.36011904761905,13440,10096,402653184.0,40265318.4
HyperX,3260,336631375872.0,99.36755952380952,13440,10096,402653184.0,40265318.4
HyperX,3261,336631375872.0,99.375,13440,10096,402653184.0,40265318.4
HyperX,3262,336631375872.0,99.38244047619048,13440,10096,402653184.0,40265318.4
HyperX,3263,336631375872.0,99.38988095238095,13440,10096,402653184.0,40265318.4
HyperX,3264,336631375872.0,99.39732142857143,13440,10096,402653184.0,40265318.4
HyperX,3265,336631375872.0,99.40476190476191,13440,10096,402653184.0,40265318.4
HyperX,3266,336631375872.0,99.41220238095238,13440,10096,402653184.0,40265318.4
HyperX,3267,336631375872.0,99.41964285714285,13440,10096,402653184.0,40265318.4
HyperX,3268,336631375872.0,99.42708333333333,13440,10096,402653184.0,40265318.4
HyperX,3269,336631375872.0,99.43452380952381,13440,10096,402653184.0,40265318.4
HyperX,3270,336631375872.0,99.44196428571429,13440,10096,402653184.0,40265318.4
HyperX,3271,336631375872.0,99.44940476190476,13440,10096,402653184.0,40265318.4
HyperX,3272,336631375872.0,99.45684523809524,13440,10096,402653184.0,40265318.4
HyperX,3273,336631375872.0,99.46428571428572,13440,10096,402653184.0,40265318.4
HyperX,3274,336631375872.0,99.47172619047619,13440,10096,402653184.0,40265318.4
HyperX,3275,336631375872.0,99.47916666666666,13440,10096,402653184.0,40265318.4
HyperX,3276,336631375872.0,99.48660714285714,13440,10096,402653184.0,40265318.4
HyperX,3277,336631375872.0,99.49404761904762,13440,10096,402653184.0,40265318.4
HyperX,3278,336631375872.0,99.5014880952381,13440,10096,402653184.0,40265318.4
HyperX,3279,336631375872.0,99.50892857142857,13440,10096,402653184.0,40265318.4
HyperX,3280,336631375872.0,99.51636904761905,13440,10096,402653184.0,40265318.4
HyperX,3281,336631375872.0,99.52380952380952,13440,10096,402653184.0,40265318.4
HyperX,3282,336631375872.0,99.53125,13440,10096,402653184.0,40265318.4
HyperX,3283,336631375872.0,99.53869047619047,13440,10096,402653184.0,40265318.4
HyperX,3284,336631375872.0,99.54613095238095,13440,10096,402653184.0,40265318.4
HyperX,3285,336631375872.0,99.55357142857143,13440,10096,402653184.0,40265318.4
HyperX,3286,336631375872.0,99.56101190476191,13440,10096,402653184.0,40265318.4
HyperX,3287,336631375872.0,99.56845238095238,13440,10096,402653184.0,40265318.4
HyperX,3288,336631375872.0,99.57589285714286,13440,10096,402653184.0,40265318.4
HyperX,3289,336631375872.0,99.58333333333333,13440,10096,402653184.0,40265318.4
HyperX,3290,336631375872.0,99.59077380952381,13440,10096,402653184.0,40265318.4
HyperX,3291,336631375872.0,99.59821428571428,13440,10096,402653184.0,40265318.4
HyperX,3292,336631375872.0,99.60565476190476,13440,10096,402653184.0,40265318.4
HyperX,3293,336631375872.0,99.61309523809524,13440,10096,402653184.0,40265318.4
HyperX,3294,336631375872.0,99.62053571428572,13440,10096,402653184.0,40265318.4
HyperX,3295,336631375872.0,99.62797619047619,13440,10096,402653184.0,40265318.4
HyperX,3296,336631375872.0,99.63541666666667,13440,10096,402653184.0,40265318.4
HyperX,3297,336631375872.0,99.64285714285714,13440,10096,402653184.0,40265318.4
HyperX,3298,336631375872.0,99.65029761904762,13440,10096,402653184.0,40265318.4
HyperX,3299,336631375872.0,99.65773809523809,13440,10096,402653184.0,40265318.4
HyperX,3300,336631375872.0,99.66517857142857,13440,10096,402653184.0,40265318.4
HyperX,3301,336631375872.0,99.67261904761905,13440,10096,402653184.0,40265318.4
HyperX,3302,336631375872.0,99.68005952380953,13440,10096,402653184.0,40265318.4
HyperX,3303,336631375872.0,99.6875,13440,10096,402653184.0,40265318.4
HyperX,3304,336631375872.0,99.69494047619048,13440,10096,402653184.0,40265318.4
HyperX,3305,336631375872.0,99.70238095238095,13440,10096,402653184.0,40265318.4
HyperX,3306,336631375872.0,99.70982142857143,13440,10096,402653184.0,40265318.4
HyperX,3307,336631375872.0,99.7172619047619,13440,10096,402653184.0,40265318.4
HyperX,3308,336631375872.0,99.72470238095238,13440,10096,402653184.0,40265318.4
HyperX,3309,336631375872.0,99.73214285714286,13440,10096,402653184.0,40265318.4
HyperX,3310,336631375872.0,99.73958333333334,13440,10096,402653184.0,40265318.4
HyperX,3311,336631375872.0,99.74702380952381,13440,10096,402653184.0,40265318.4
HyperX,3312,336631375872.0,99.75446428571428,13440,10096,402653184.0,40265318.4
HyperX,3313,336631375872.0,99.76190476190476,13440,10096,402653184.0,40265318.4
HyperX,3314,336631375872.0,99.76934523809524,13440,10096,402653184.0,40265318.4
HyperX,3315,336631375872.0,99.77678571428571,13440,10096,402653184.0,40265318.4
HyperX,3316,336631375872.0,99.78422619047619,13440,10096,402653184.0,40265318.4
HyperX,3317,336631375872.0,99.79166666666667,13440,10096,402653184.0,40265318.4
HyperX,3318,336631375872.0,99.79910714285715,13440,10096,402653184.0,40265318.4
HyperX,3319,336631375872.0,99.80654761904762,13440,10096,402653184.0,40265318.4
HyperX,3320,336631375872.0,99.81398809523809,13440,10096,402653184.0,40265318.4
HyperX,3321,336631375872.0,99.82142857142857,13440,10096,402653184.0,40265318.4
HyperX,3322,336631375872.0,99.82886904761905,13440,10096,402653184.0,40265318.4
HyperX,3323,336631375872.0,99.83630952380952,13440,10096,402653184.0,40265318.4
HyperX,3324,336631375872.0,99.84375,13440,10096,402653184.0,40265318.4
HyperX,3325,336631375872.0,99.85119047619048,13440,10096,402653184.0,40265318.4
HyperX,3326,336631375872.0,99.85863095238095,13440,10096,402653184.0,40265318.4
HyperX,3327,336631375872.0,99.86607142857142,13440,10096,402653184.0,40265318.4
HyperX,3328,336631375872.0,99.8735119047619,13440,10096,402653184.0,40265318.4
HyperX,3329,336631375872.0,99.88095238095238,13440,10096,402653184.0,40265318.4
HyperX,3330,336631375872.0,99.88839285714286,13440,10096,402653184.0,40265318.4
HyperX,3331,336631375872.0,99.89583333333333,13440,10096,402653184.0,40265318.4
HyperX,3332,336631375872.0,99.90327380952381,13440,10096,402653184.0,40265318.4
HyperX,3333,336631375872.0,99.91071428571429,13440,10096,402653184.0,40265318.4
HyperX,3334,336631375872.0,99.91815476190476,13440,10096,402653184.0,40265318.4
HyperX,3335,336631375872.0,99.92559523809523,13440,10096,402653184.0,40265318.4
HyperX,3336,336631375872.0,99.93303571428571,13440,10096,402653184.0,40265318.4
HyperX,3337,336631375872.0,99.94047619047619,13440,10096,402653184.0,40265318.4
HyperX,3338,336631375872.0,99.94791666666667,13440,10096,402653184.0,40265318.4
HyperX,3339,336631375872.0,99.95535714285714,13440,10096,402653184.0,40265318.4
HyperX,3340,336631375872.0,99.96279761904762,13440,10096,402653184.0,40265318.4
HyperX,3341,336631375872.0,99.9702380952381,13440,10096,402653184.0,40265318.4
HyperX,3342,336631375872.0,99.97767857142857,13440,10096,402653184.0,40265318.4
HyperX,3343,336631375872.0,99.98511904761904,13440,10096,402653184.0,40265318.4
HyperX,3344,336631375872.0,99.99255952380952,13440,10096,402653184.0,40265318.4
HyperX,3345,336631375872.0,100.0,13440,10096,402653184.0,40265318.4
Dragonfly+,0,40265318.4,0.0,14208,9984,402653184.0,40265318.4
Dragonfly+,1,402653184.0,0.0,14208,9984,402653184.0,40265318.4
Dragonfly+,2,402653184.0,70.27730855855856,14208,9984,402653184.0,40265318.4
Dragonfly+,3,402653184.0,70.28434684684684,14208,9984,402653184.0,40265318.4
Dragonfly+,4,402653184.0,70.29138513513513,14208,9984,402653184.0,40265318.4
Dragonfly+,5,402653184.0,70.29842342342343,14208,9984,402653184.0,40265318.4
Dragonfly+,6,402653184.0,70.30546171171171,14208,9984,402653184.0,40265318.4
Dragonfly+,7,402653184.0,70.3125,14208,9984,402653184.0,40265318.4
Dragonfly+,8,402653184.0,70.31953828828829,14208,9984,402653184.0,40265318.4
Dragonfly+,9,402653184.0,70.32657657657657,14208,9984,402653184.0,40265318.4
Dragonfly+,10,402653184.0,70.33361486486487,14208,9984,402653184.0,40265318.4
Dragonfly+,11,402653184.0,70.34065315315316,14208,9984,402653184.0,40265318.4
Dragonfly+,12,402653184.0,70.34769144144144,14208,9984,402653184.0,40265318.4
Dragonfly+,13,402653184.0,70.35472972972973,14208,9984,402653184.0,40265318.4
Dragonfly+,14,402653184.0,70.36176801801803,14208,9984,402653184.0,40265318.4
Dragonfly+,15,402653184.0,70.36880630630631,14208,9984,402653184.0,40265318.4
Dragonfly+,16,402653184.0,70.3758445945946,14208,9984,402653184.0,40265318.4
Dragonfly+,17,402653184.0,70.38288288288288,14208,9984,402653184.0,40265318.4
Dragonfly+,18,402653184.0,70.38992117117117,14208,9984,402653184.0,40265318.4
Dragonfly+,19,402653184.0,70.39695945945947,14208,9984,402653184.0,40265318.4
Dragonfly+,20,402653184.0,70.40399774774775,14208,9984,402653184.0,40265318.4
Dragonfly+,21,402653184.0,70.41103603603604,14208,9984,402653184.0,40265318.4
Dragonfly+,22,402653184.0,70.41807432432432,14208,9984,402653184.0,40265318.4
Dragonfly+,23,402653184.0,70.42511261261262,14208,9984,402653184.0,40265318.4
Dragonfly+,24,402653184.0,70.43215090090091,14208,9984,402653184.0,40265318.4
Dragonfly+,25,402653184.0,70.4391891891892,14208,9984,402653184.0,40265318.4
Dragonfly+,26,402653184.0,70.44622747747748,14208,9984,402653184.0,40265318.4
Dragonfly+,27,402653184.0,70.45326576576578,14208,9984,402653184.0,40265318.4
Dragonfly+,28,402653184.0,70.46030405405406,14208,9984,402653184.0,40265318.4
Dragonfly+,29,402653184.0,70.46734234234235,14208,9984,402653184.0,40265318.4
Dragonfly+,30,402653184.0,70.47438063063063,14208,9984,402653184.0,40265318.4
Dragonfly+,31,402653184.0,70.48141891891892,14208,9984,402653184.0,40265318.4
Dragonfly+,32,402653184.0,70.4884572072072,14208,9984,402653184.0,40265318.4
Dragonfly+,33,402653184.0,70.4954954954955,14208,9984,402653184.0,40265318.4
Dragonfly+,34,402653184.0,70.50253378378379,14208,9984,402653184.0,40265318.4
Dragonfly+,35,402653184.0,70.50957207207207,14208,9984,402653184.0,40265318.4
Dragonfly+,36,402653184.0,70.51661036036036,14208,9984,402653184.0,40265318.4
Dragonfly+,37,402653184.0,70.52364864864865,14208,9984,402653184.0,40265318.4
Dragonfly+,38,402653184.0,70.53068693693693,14208,9984,402653184.0,40265318.4
Dragonfly+,39,402653184.0,70.53772522522522,14208,9984,402653184.0,40265318.4
Dragonfly+,40,402653184.0,70.54476351351352,14208,9984,402653184.0,40265318.4
Dragonfly+,41,402653184.0,70.5518018018018,14208,9984,402653184.0,40265318.4
Dragonfly+,42,402653184.0,70.55884009009009,14208,9984,402653184.0,40265318.4
Dragonfly+,43,402653184.0,70.56587837837837,14208,9984,402653184.0,40265318.4
Dragonfly+,44,402653184.0,70.57291666666666,14208,9984,402653184.0,40265318.4
Dragonfly+,45,402653184.0,70.57995495495496,14208,9984,402653184.0,40265318.4
Dragonfly+,46,402653184.0,70.58699324324324,14208,9984,402653184.0,40265318.4
Dragonfly+,47,402653184.0,70.59403153153153,14208,9984,402653184.0,40265318.4
Dragonfly+,48,402653184.0,70.60106981981981,14208,9984,402653184.0,40265318.4
Dragonfly+,49,402653184.0,70.6081081081081,14208,9984,402653184.0,40265318.4
Dragonfly+,50,402653184.0,70.6151463963964,14208,9984,402653184.0,40265318.4
Dragonfly+,51,402653184.0,70.62218468468468,14208,9984,402653184.0,40265318.4
Dragonfly+,52,402653184.0,70.62922297297297,14208,9984,402653184.0,40265318.4
Dragonfly+,53,402653184.0,70.63626126126125,14208,9984,402653184.0,40265318.4
Dragonfly+,54,402653184.0,70.64329954954955,14208,9984,402653184.0,40265318.4
Dragonfly+,55,402653184.0,70.65033783783784,14208,9984,402653184.0,40265318.4
Dragonfly+,56,402653184.0,70.65737612612612,14208,9984,402653184.0,40265318.4
Dragonfly+,57,402653184.0,70.66441441441441,14208,9984,402653184.0,40265318.4
Dragonfly+,58,402653184.0,70.6714527027027,14208,9984,402653184.0,40265318.4
Dragonfly+,59,402653184.0,70.678490990991,14208,9984,402653184.0,40265318.4
Dragonfly+,60,402653184.0,70.68552927927928,14208,9984,402653184.0,40265318.4
Dragonfly+,61,402653184.0,70.69256756756756,14208,9984,402653184.0,40265318.4
Dragonfly+,62,402653184.0,70.69960585585585,14208,9984,402653184.0,40265318.4
Dragonfly+,63,402653184.0,70.70664414414415,14208,9984,402653184.0,40265318.4
Dragonfly+,64,402653184.0,70.71368243243244,14208,9984,402653184.0,40265318.4
Dragonfly+,65,402653184.0,70.72072072072072,14208,9984,402653184.0,40265318.4
Dragonfly+,66,402653184.0,70.727759009009,14208,9984,402653184.0,40265318.4
Dragonfly+,67,402653184.0,70.7347972972973,14208,9984,402653184.0,40265318.4
Dragonfly+,68,402653184.0,70.74183558558559,14208,9984,402653184.0,40265318.4
Dragonfly+,69,402653184.0,70.74887387387388,14208,9984,402653184.0,40265318.4
Dragonfly+,70,402653184.0,70.75591216216216,14208,9984,402653184.0,40265318.4
Dragonfly+,71,402653184.0,70.76295045045045,14208,9984,402653184.0,40265318.4
Dragonfly+,72,402653184.0,70.76998873873875,14208,9984,402653184.0,40265318.4
Dragonfly+,73,402653184.0,70.77702702702703,14208,9984,402653184.0,40265318.4
Dragonfly+,74,402653184.0,70.78406531531532,14208,9984,402653184.0,40265318.4
Dragonfly+,75,402653184.0,70.7911036036036,14208,9984,402653184.0,40265318.4
Dragonfly+,76,402653184.0,70.7981418918919,14208,9984,402653184.0,40265318.4
Dragonfly+,77,402653184.0,70.80518018018019,14208,9984,402653184.0,40265318.4
Dragonfly+,78,402653184.0,70.81221846846847,14208,9984,402653184.0,40265318.4
Dragonfly+,79,402653184.0,70.81925675675676,14208,9984,402653184.0,40265318.4
Dragonfly+,80,402653184.0,70.82629504504504,14208,9984,402653184.0,40265318.4
Dragonfly+,81,402653184.0,70.83333333333334,14208,9984,402653184.0,40265318.4
Dragonfly+,82,402653184.0,70.84037162162163,14208,9984,402653184.0,40265318.4
Dragonfly+,83,402653184.0,70.84740990990991,14208,9984,402653184.0,40265318.4
Dragonfly+,84,402653184.0,70.8544481981982,14208,9984,402653184.0,40265318.4
Dragonfly+,85,402653184.0,70.86148648648648,14208,9984,402653184.0,40265318.4
Dragonfly+,86,402653184.0,70.86852477477478,14208,9984,402653184.0,40265318.4
Dragonfly+,87,402653184.0,70.87556306306307,14208,9984,402653184.0,40265318.4
Dragonfly+,88,402653184.0,70.88260135135135,14208,9984,402653184.0,40265318.4
Dragonfly+,89,402653184.0,70.88963963963964,14208,9984,402653184.0,40265318.4
Dragonfly+,90,402653184.0,70.89667792792793,14208,9984,402653184.0,40265318.4
Dragonfly+,91,402653184.0,70.90371621621621,14208,9984,402653184.0,40265318.4
Dragonfly+,92,402653184.0,70.9107545045045,14208,9984,402653184.0,40265318.4
Dragonfly+,93,402653184.0,70.9177927927928,14208,9984,402653184.0,40265318.4
Dragonfly+,94,402653184.0,70.92483108108108,14208,9984,402653184.0,40265318.4
Dragonfly+,95,402653184.0,70.93186936936937,14208,9984,402653184.0,40265318.4
Dragonfly+,96,402653184.0,70.93890765765765,14208,9984,402653184.0,40265318.4
Dragonfly+,97,402653184.0,70.94594594594594,14208,9984,402653184.0,40265318.4
Dragonfly+,98,402653184.0,70.95298423423422,14208,9984,402653184.0,40265318.4
Dragonfly+,99,402653184.0,70.96002252252252,14208,9984,402653184.0,40265318.4
Dragonfly+,100,402653184.0,70.9670608108108,14208,9984,402653184.0,40265318.4
Dragonfly+,101,402653184.0,70.97409909909909,14208,9984,402653184.0,40265318.4
Dragonfly+,102,402653184.0,70.98113738738738,14208,9984,402653184.0,40265318.4
Dragonfly+,103,402653184.0,70.98817567567568,14208,9984,402653184.0,40265318.4
Dragonfly+,104,402653184.0,70.99521396396396,14208,9984,402653184.0,40265318.4
Dragonfly+,105,402653184.0,71.00225225225225,14208,9984,402653184.0,40265318.4
Dragonfly+,106,402653184.0,71.00929054054053,14208,9984,402653184.0,40265318.4
Dragonfly+,107,402653184.0,71.01632882882883,14208,9984,402653184.0,40265318.4
Dragonfly+,108,402653184.0,71.02336711711712,14208,9984,402653184.0,40265318.4
Dragonfly+,109,402653184.0,71.0304054054054,14208,9984,402653184.0,40265318.4
Dragonfly+,110,402653184.0,71.03744369369369,14208,9984,402653184.0,40265318.4
Dragonfly+,111,402653184.0,71.04448198198197,14208,9984,402653184.0,40265318.4
Dragonfly+,112,402653184.0,71.05152027027027,14208,9984,402653184.0,40265318.4
Dragonfly+,113,402653184.0,71.05855855855856,14208,9984,402653184.0,40265318.4
Dragonfly+,114,402653184.0,71.06559684684684,14208,9984,402653184.0,40265318.4
Dragonfly+,115,402653184.0,71.07263513513513,14208,9984,402653184.0,40265318.4
Dragonfly+,116,402653184.0,71.07967342342343,14208,9984,402653184.0,40265318.4
Dragonfly+,117,402653184.0,71.08671171171171,14208,9984,402653184.0,40265318.4
Dragonfly+,118,402653184.0,71.09375,14208,9984,402653184.0,40265318.4
Dragonfly+,119,402653184.0,71.10078828828829,14208,9984,402653184.0,40265318.4
Dragonfly+,120,402653184.0,71.10782657657657,14208,9984,402653184.0,40265318.4
Dragonfly+,121,402653184.0,71.11486486486487,14208,9984,402653184.0,40265318.4
Dragonfly+,122,402653184.0,71.12190315315316,14208,9984,402653184.0,40265318.4
Dragonfly+,123,402653184.0,71.12894144144144,14208,9984,402653184.0,40265318.4
Dragonfly+,124,402653184.0,71.13597972972973,14208,9984,402653184.0,40265318.4
Dragonfly+,125,402653184.0,71.14301801801803,14208,9984,402653184.0,40265318.4
Dragonfly+,126,402653184.0,71.15005630630631,14208,9984,402653184.0,40265318.4
Dragonfly+,127,402653184.0,71.1570945945946,14208,9984,402653184.0,40265318.4
Dragonfly+,128,402653184.0,71.16413288288288,14208,9984,402653184.0,40265318.4
Dragonfly+,129,402653184.0,71.17117117117117,14208,9984,402653184.0,40265318.4
Dragonfly+,130,1535354880.0,71.17820945945947,14208,9984,402653184.0,40265318.4
Dragonfly+,131,1535354880.0,71.18524774774775,14208,9984,402653184.0,40265318.4
Dragonfly+,132,1535354880.0,71.19228603603604,14208,9984,402653184.0,40265318.4
Dragonfly+,133,1535354880.0,71.19932432432432,14208,9984,402653184.0,40265318.4
Dragonfly+,134,1535354880.0,71.20636261261262,14208,9984,402653184.0,40265318.4
Dragonfly+,135,1535354880.0,71.21340090090091,14208,9984,402653184.0,40265318.4
Dragonfly+,136,1535354880.0,71.2204391891892,14208,9984,402653184.0,40265318.4
Dragonfly+,137,1535354880.0,71.22747747747748,14208,9984,402653184.0,40265318.4
Dragonfly+,138,1535354880.0,71.23451576576578,14208,9984,402653184.0,40265318.4
Dragonfly+,139,1535354880.0,71.24155405405406,14208,9984,402653184.0,40265318.4
Dragonfly+,140,1535354880.0,71.24859234234235,14208,9984,402653184.0,40265318.4
Dragonfly+,141,1535354880.0,71.25563063063063,14208,9984,402653184.0,40265318.4
Dragonfly+,142,1535354880.0,71.26266891891892,14208,9984,402653184.0,40265318.4
Dragonfly+,143,1535354880.0,71.2697072072072,14208,9984,402653184.0,40265318.4
Dragonfly+,144,1535354880.0,71.2767454954955,14208,9984,402653184.0,40265318.4
Dragonfly+,145,1535354880.0,71.28378378378379,14208,9984,402653184.0,40265318.4
Dragonfly+,146,1535354880.0,71.29082207207207,14208,9984,402653184.0,40265318.4
Dragonfly+,147,1535354880.0,71.29786036036036,14208,9984,402653184.0,40265318.4
Dragonfly+,148,1535354880.0,71.30489864864865,14208,9984,402653184.0,40265318.4
Dragonfly+,149,1535354880.0,71.31193693693693,14208,9984,402653184.0,40265318.4
Dragonfly+,150,1535354880.0,71.31897522522522,14208,9984,402653184.0,40265318.4
Dragonfly+,151,1535354880.0,71.32601351351352,14208,9984,402653184.0,40265318.4
Dragonfly+,152,1535354880.0,71.3330518018018,14208,9984,402653184.0,40265318.4
Dragonfly+,153,1535354880.0,71.34009009009009,14208,9984,402653184.0,40265318.4
Dragonfly+,154,1535354880.0,71.34712837837837,14208,9984,402653184.0,40265318.4
Dragonfly+,155,1535354880.0,71.35416666666666,14208,9984,402653184.0,40265318.4
Dragonfly+,156,1535354880.0,71.36120495495496,14208,9984,402653184.0,40265318.4
Dragonfly+,157,1535354880.0,71.36824324324324,14208,9984,402653184.0,40265318.4
Dragonfly+,158,1535354880.0,71.37528153153153,14208,9984,402653184.0,40265318.4
Dragonfly+,159,1535354880.0,71.38231981981981,14208,9984,402653184.0,40265318.4
Dragonfly+,160,1535354880.0,71.3893581081081,14208,9984,402653184.0,40265318.4
Dragonfly+,161,1535354880.0,71.3963963963964,14208,9984,402653184.0,40265318.4
Dragonfly+,162,1535354880.0,71.40343468468468,14208,9984,402653184.0,40265318.4
Dragonfly+,163,1535354880.0,71.41047297297297,14208,9984,402653184.0,40265318.4
Dragonfly+,164,1535354880.0,71.41751126126125,14208,9984,402653184.0,40265318.4
Dragonfly+,165,1535354880.0,71.42454954954955,14208,9984,402653184.0,40265318.4
Dragonfly+,166,1535354880.0,71.43158783783784,14208,9984,402653184.0,40265318.4
Dragonfly+,167,1535354880.0,71.43862612612612,14208,9984,402653184.0,40265318.4
Dragonfly+,168,1535354880.0,71.44566441441441,14208,9984,402653184.0,40265318.4
Dragonfly+,169,1535354880.0,71.4527027027027,14208,9984,402653184.0,40265318.4
Dragonfly+,170,1535354880.0,71.459740990991,14208,9984,402653184.0,40265318.4
Dragonfly+,171,1535354880.0,71.46677927927928,14208,9984,402653184.0,40265318.4
Dragonfly+,172,1535354880.0,71.47381756756756,14208,9984,402653184.0,40265318.4
Dragonfly+,173,1535354880.0,71.48085585585585,14208,9984,402653184.0,40265318.4
Dragonfly+,174,1535354880.0,71.48789414414415,14208,9984,402653184.0,40265318.4
Dragonfly+,175,1535354880.0,71.49493243243244,14208,9984,402653184.0,40265318.4
Dragonfly+,176,1535354880.0,71.50197072072072,14208,9984,402653184.0,40265318.4
Dragonfly+,177,1535354880.0,71.509009009009,14208,9984,402653184.0,40265318.4
Dragonfly+,178,1535354880.0,71.5160472972973,14208,9984,402653184.0,40265318.4
Dragonfly+,179,1535354880.0,71.52308558558559,14208,9984,402653184.0,40265318.4
Dragonfly+,180,1535354880.0,71.53012387387388,14208,9984,402653184.0,40265318.4
Dragonfly+,181,1535354880.0,71.53716216216216,14208,9984,402653184.0,40265318.4
Dragonfly+,182,1535354880.0,71.54420045045045,14208,9984,402653184.0,40265318.4
Dragonfly+,183,1535354880.0,71.55123873873875,14208,9984,402653184.0,40265318.4
Dragonfly+,184,1535354880.0,71.55827702702703,14208,9984,402653184.0,40265318.4
Dragonfly+,185,1535354880.0,71.56531531531532,14208,9984,402653184.0,40265318.4
Dragonfly+,186,1535354880.0,71.5723536036036,14208,9984,402653184.0,40265318.4
Dragonfly+,187,1535354880.0,71.5793918918919,14208,9984,402653184.0,40265318.4
Dragonfly+,188,1535354880.0,71.58643018018019,14208,9984,402653184.0,40265318.4
Dragonfly+,189,1535354880.0,71.59346846846847,14208,9984,402653184.0,40265318.4
Dragonfly+,190,1535354880.0,71.60050675675676,14208,9984,402653184.0,40265318.4
Dragonfly+,191,1535354880.0,71.60754504504504,14208,9984,402653184.0,40265318.4
Dragonfly+,192,1535354880.0,71.61458333333334,14208,9984,402653184.0,40265318.4
Dragonfly+,193,1535354880.0,71.62162162162163,14208,9984,402653184.0,40265318.4
Dragonfly+,194,1535354880.0,71.62865990990991,14208,9984,402653184.0,40265318.4
Dragonfly+,195,1535354880.0,71.6356981981982,14208,9984,402653184.0,40265318.4
Dragonfly+,196,1535354880.0,71.64273648648648,14208,9984,402653184.0,40265318.4
Dragonfly+,197,1535354880.0,71.64977477477478,14208,9984,402653184.0,40265318.4
Dragonfly+,198,1535354880.0,71.65681306306307,14208,9984,402653184.0,40265318.4
Dragonfly+,199,1535354880.0,71.66385135135135,14208,9984,402653184.0,40265318.4
Dragonfly+,200,1535354880.0,71.67088963963964,14208,9984,402653184.0,40265318.4
Dragonfly+,201,1535354880.0,71.67792792792793,14208,9984,402653184.0,40265318.4
Dragonfly+,202,1535354880.0,71.68496621621621,14208,9984,402653184.0,40265318.4
Dragonfly+,203,1535354880.0,71.6920045045045,14208,9984,402653184.0,40265318.4
Dragonfly+,204,1535354880.0,71.6990427927928,14208,9984,402653184.0,40265318.4
Dragonfly+,205,1535354880.0,71.70608108108108,14208,9984,402653184.0,40265318.4
Dragonfly+,206,1535354880.0,71.71311936936937,14208,9984,402653184.0,40265318.4
Dragonfly+,207,1535354880.0,71.72015765765765,14208,9984,402653184.0,40265318.4
Dragonfly+,208,1535354880.0,71.72719594594594,14208,9984,402653184.0,40265318.4
Dragonfly+,209,1535354880.0,71.73423423423422,14208,9984,402653184.0,40265318.4
Dragonfly+,210,1535354880.0,71.74127252252252,14208,9984,402653184.0,40265318.4
Dragonfly+,211,1535354880.0,71.7483108108108,14208,9984,402653184.0,40265318.4
Dragonfly+,212,1535354880.0,71.75534909909909,14208,9984,402653184.0,40265318.4
Dragonfly+,213,1535354880.0,71.76238738738738,14208,9984,402653184.0,40265318.4
Dragonfly+,214,1535354880.0,71.76942567567568,14208,9984,402653184.0,40265318.4
Dragonfly+,215,1535354880.0,71.77646396396396,14208,9984,402653184.0,40265318.4
Dragonfly+,216,1535354880.0,71.78350225225225,14208,9984,402653184.0,40265318.4
Dragonfly+,217,1535354880.0,71.79054054054053,14208,9984,402653184.0,40265318.4
Dragonfly+,218,1535354880.0,71.79757882882883,14208,9984,402653184.0,40265318.4
Dragonfly+,219,1535354880.0,71.80461711711712,14208,9984,402653184.0,40265318.4
Dragonfly+,220,1535354880.0,71.8116554054054,14208,9984,402653184.0,40265318.4
Dragonfly+,221,1535354880.0,71.81869369369369,14208,9984,402653184.0,40265318.4
Dragonfly+,222,1535354880.0,71.82573198198197,14208,9984,402653184.0,40265318.4
Dragonfly+,223,1535354880.0,71.83277027027027,14208,9984,402653184.0,40265318.4
Dragonfly+,224,1535354880.0,71.83980855855856,14208,9984,402653184.0,40265318.4
Dragonfly+,225,1535354880.0,71.84684684684684,14208,9984,402653184.0,40265318.4
Dragonfly+,226,1535354880.0,71.85388513513513,14208,9984,402653184.0,40265318.4
Dragonfly+,227,1535354880.0,71.86092342342343,14208,9984,402653184.0,40265318.4
Dragonfly+,228,1535354880.0,71.86796171171171,14208,9984,402653184.0,40265318.4
Dragonfly+,229,1535354880.0,71.875,14208,9984,402653184.0,40265318.4
Dragonfly+,230,1535354880.0,71.88203828828829,14208,9984,402653184.0,40265318.4
Dragonfly+,231,1535354880.0,71.88907657657657,14208,9984,402653184.0,40265318.4
Dragonfly+,232,1535354880.0,71.89611486486487,14208,9984,402653184.0,40265318.4
Dragonfly+,233,1535354880.0,71.90315315315316,14208,9984,402653184.0,40265318.4
Dragonfly+,234,1535354880.0,71.91019144144144,14208,9984,402653184.0,40265318.4
Dragonfly+,235,1535354880.0,71.91722972972973,14208,9984,402653184.0,40265318.4
Dragonfly+,236,1535354880.0,71.92426801801803,14208,9984,402653184.0,40265318.4
Dragonfly+,237,1535354880.0,71.93130630630631,14208,9984,402653184.0,40265318.4
Dragonfly+,238,1535354880.0,71.9383445945946,14208,9984,402653184.0,40265318.4
Dragonfly+,239,1535354880.0,71.94538288288288,14208,9984,402653184.0,40265318.4
Dragonfly+,240,1535354880.0,71.95242117117117,14208,9984,402653184.0,40265318.4
Dragonfly+,241,1535354880.0,71.95945945945947,14208,9984,402653184.0,40265318.4
Dragonfly+,242,1535354880.0,71.96649774774775,14208,9984,402653184.0,40265318.4
Dragonfly+,243,1535354880.0,71.97353603603604,14208,9984,402653184.0,40265318.4
Dragonfly+,244,1535354880.0,71.98057432432432,14208,9984,402653184.0,40265318.4
Dragonfly+,245,1535354880.0,71.98761261261262,14208,9984,402653184.0,40265318.4
Dragonfly+,246,1535354880.0,71.99465090090091,14208,9984,402653184.0,40265318.4
Dragonfly+,247,1535354880.0,72.0016891891892,14208,9984,402653184.0,40265318.4
Dragonfly+,248,1535354880.0,72.00872747747748,14208,9984,402653184.0,40265318.4
Dragonfly+,249,1535354880.0,72.01576576576578,14208,9984,402653184.0,40265318.4
Dragonfly+,250,1535354880.0,72.02280405405406,14208,9984,402653184.0,40265318.4
Dragonfly+,251,1535354880.0,72.02984234234235,14208,9984,402653184.0,40265318.4
Dragonfly+,252,1535354880.0,72.03688063063063,14208,9984,402653184.0,40265318.4
Dragonfly+,253,1535354880.0,72.04391891891892,14208,9984,402653184.0,40265318.4
Dragonfly+,254,1535354880.0,72.0509572072072,14208,9984,402653184.0,40265318.4
Dragonfly+,255,1535354880.0,72.0579954954955,14208,9984,402653184.0,40265318.4
Dragonfly+,256,1535354880.0,72.06503378378379,14208,9984,402653184.0,40265318.4
Dragonfly+,257,1535354880.0,72.07207207207207,14208,9984,402653184.0,40265318.4
Dragonfly+,258,1535354880.0,72.07911036036036,14208,9984,402653184.0,40265318.4
Dragonfly+,259,1535354880.0,72.08614864864865,14208,9984,402653184.0,40265318.4
Dragonfly+,260,1535354880.0,72.09318693693693,14208,9984,402653184.0,40265318.4
Dragonfly+,261,1535354880.0,72.10022522522522,14208,9984,402653184.0,40265318.4
Dragonfly+,262,1535354880.0,72.10726351351352,14208,9984,402653184.0,40265318.4
Dragonfly+,263,1535354880.0,72.1143018018018,14208,9984,402653184.0,40265318.4
Dragonfly+,264,1535354880.0,72.12134009009009,14208,9984,402653184.0,40265318.4
Dragonfly+,265,1535354880.0,72.12837837837837,14208,9984,402653184.0,40265318.4
Dragonfly+,266,1535354880.0,72.13541666666666,14208,9984,402653184.0,40265318.4
Dragonfly+,267,1535354880.0,72.14245495495496,14208,9984,402653184.0,40265318.4
Dragonfly+,268,1535354880.0,72.14949324324324,14208,9984,402653184.0,40265318.4
Dragonfly+,269,1535354880.0,72.15653153153153,14208,9984,402653184.0,40265318.4
Dragonfly+,270,1535354880.0,72.16356981981981,14208,9984,402653184.0,40265318.4
Dragonfly+,271,1535354880.0,72.1706081081081,14208,9984,402653184.0,40265318.4
Dragonfly+,272,1535354880.0,72.1776463963964,14208,9984,402653184.0,40265318.4
Dragonfly+,273,1535354880.0,72.18468468468468,14208,9984,402653184.0,40265318.4
Dragonfly+,274,1535354880.0,72.19172297297297,14208,9984,402653184.0,40265318.4
Dragonfly+,275,1535354880.0,72.19876126126125,14208,9984,402653184.0,40265318.4
Dragonfly+,276,1535354880.0,72.20579954954955,14208,9984,402653184.0,40265318.4
Dragonfly+,277,1535354880.0,72.21283783783784,14208,9984,402653184.0,40265318.4
Dragonfly+,278,1535354880.0,72.21987612612612,14208,9984,402653184.0,40265318.4
Dragonfly+,279,1535354880.0,72.22691441441441,14208,9984,402653184.0,40265318.4
Dragonfly+,280,1535354880.0,72.2339527027027,14208,9984,402653184.0,40265318.4
Dragonfly+,281,1535354880.0,72.240990990991,14208,9984,402653184.0,40265318.4
Dragonfly+,282,1535354880.0,72.24802927927928,14208,9984,402653184.0,40265318.4
Dragonfly+,283,1535354880.0,72.25506756756756,14208,9984,402653184.0,40265318.4
Dragonfly+,284,1535354880.0,72.26210585585585,14208,9984,402653184.0,40265318.4
Dragonfly+,285,1535354880.0,72.26914414414415,14208,9984,402653184.0,40265318.4
Dragonfly+,286,1535354880.0,72.27618243243244,14208,9984,402653184.0,40265318.4
Dragonfly+,287,1535354880.0,72.28322072072072,14208,9984,402653184.0,40265318.4
Dragonfly+,288,1535354880.0,72.290259009009,14208,9984,402653184.0,40265318.4
Dragonfly+,289,1535354880.0,72.2972972972973,14208,9984,402653184.0,40265318.4
Dragonfly+,290,1535354880.0,72.30433558558559,14208,9984,402653184.0,40265318.4
Dragonfly+,291,1535354880.0,72.31137387387388,14208,9984,402653184.0,40265318.4
Dragonfly+,292,1535354880.0,72.31841216216216,14208,9984,402653184.0,40265318.4
Dragonfly+,293,1535354880.0,72.32545045045045,14208,9984,402653184.0,40265318.4
Dragonfly+,294,1535354880.0,72.33248873873875,14208,9984,402653184.0,40265318.4
Dragonfly+,295,1535354880.0,72.33952702702703,14208,9984,402653184.0,40265318.4
Dragonfly+,296,1535354880.0,72.34656531531532,14208,9984,402653184.0,40265318.4
Dragonfly+,297,1535354880.0,72.3536036036036,14208,9984,402653184.0,40265318.4
Dragonfly+,298,1535354880.0,72.3606418918919,14208,9984,402653184.0,40265318.4
Dragonfly+,299,1535354880.0,72.36768018018019,14208,9984,402653184.0,40265318.4
Dragonfly+,300,1535354880.0,72.37471846846847,14208,9984,402653184.0,40265318.4
Dragonfly+,301,1535354880.0,72.38175675675676,14208,9984,402653184.0,40265318.4
Dragonfly+,302,1535354880.0,72.38879504504504,14208,9984,402653184.0,40265318.4
Dragonfly+,303,1535354880.0,72.39583333333334,14208,9984,402653184.0,40265318.4
Dragonfly+,304,1535354880.0,72.40287162162163,14208,9984,402653184.0,40265318.4
Dragonfly+,305,1535354880.0,72.40990990990991,14208,9984,402653184.0,40265318.4
Dragonfly+,306,1535354880.0,72.4169481981982,14208,9984,402653184.0,40265318.4
Dragonfly+,307,1535354880.0,72.42398648648648,14208,9984,402653184.0,40265318.4
Dragonfly+,308,1535354880.0,72.43102477477478,14208,9984,402653184.0,40265318.4
Dragonfly+,309,1535354880.0,72.43806306306307,14208,9984,402653184.0,40265318.4
Dragonfly+,310,1535354880.0,72.44510135135135,14208,9984,402653184.0,40265318.4
Dragonfly+,311,1535354880.0,72.45213963963964,14208,9984,402653184.0,40265318.4
Dragonfly+,312,1535354880.0,72.45917792792793,14208,9984,402653184.0,40265318.4
Dragonfly+,313,1535354880.0,72.46621621621621,14208,9984,402653184.0,40265318.4
Dragonfly+,314,1535354880.0,72.4732545045045,14208,9984,402653184.0,40265318.4
Dragonfly+,315,1535354880.0,72.4802927927928,14208,9984,402653184.0,40265318.4
Dragonfly+,316,1535354880.0,72.48733108108108,14208,9984,402653184.0,40265318.4
Dragonfly+,317,1535354880.0,72.49436936936937,14208,9984,402653184.0,40265318.4
Dragonfly+,318,1535354880.0,72.50140765765765,14208,9984,402653184.0,40265318.4
Dragonfly+,319,1535354880.0,72.50844594594594,14208,9984,402653184.0,40265318.4
Dragonfly+,320,1535354880.0,72.51548423423422,14208,9984,402653184.0,40265318.4
Dragonfly+,321,1535354880.0,72.52252252252252,14208,9984,402653184.0,40265318.4
Dragonfly+,322,1535354880.0,72.5295608108108,14208,9984,402653184.0,40265318.4
Dragonfly+,323,1535354880.0,72.53659909909909,14208,9984,402653184.0,40265318.4
Dragonfly+,324,1535354880.0,72.54363738738738,14208,9984,402653184.0,40265318.4
Dragonfly+,325,1535354880.0,72.55067567567568,14208,9984,402653184.0,40265318.4
Dragonfly+,326,1535354880.0,72.55771396396396,14208,9984,402653184.0,40265318.4
Dragonfly+,327,1535354880.0,72.56475225225225,14208,9984,402653184.0,40265318.4
Dragonfly+,328,1535354880.0,72.57179054054053,14208,9984,402653184.0,40265318.4
Dragonfly+,329,1535354880.0,72.57882882882883,14208,9984,402653184.0,40265318.4
Dragonfly+,330,1535354880.0,72.58586711711712,14208,9984,402653184.0,40265318.4
Dragonfly+,331,1535354880.0,72.5929054054054,14208,9984,402653184.0,40265318.4
Dragonfly+,332,1535354880.0,72.59994369369369,14208,9984,402653184.0,40265318.4
Dragonfly+,333,1535354880.0,72.60698198198197,14208,9984,402653184.0,40265318.4
Dragonfly+,334,1535354880.0,72.61402027027027,14208,9984,402653184.0,40265318.4
Dragonfly+,335,1535354880.0,72.62105855855856,14208,9984,402653184.0,40265318.4
Dragonfly+,336,1535354880.0,72.62809684684684,14208,9984,402653184.0,40265318.4
Dragonfly+,337,1535354880.0,72.63513513513513,14208,9984,402653184.0,40265318.4
Dragonfly+,338,1535354880.0,72.64217342342343,14208,9984,402653184.0,40265318.4
Dragonfly+,339,1535354880.0,72.64921171171171,14208,9984,402653184.0,40265318.4
Dragonfly+,340,1535354880.0,72.65625,14208,9984,402653184.0,40265318.4
Dragonfly+,341,1535354880.0,72.66328828828829,14208,9984,402653184.0,40265318.4
Dragonfly+,342,1535354880.0,72.67032657657657,14208,9984,402653184.0,40265318.4
Dragonfly+,343,1535354880.0,72.67736486486487,14208,9984,402653184.0,40265318.4
Dragonfly+,344,1535354880.0,72.68440315315316,14208,9984,402653184.0,40265318.4
Dragonfly+,345,1535354880.0,72.69144144144144,14208,9984,402653184.0,40265318.4
Dragonfly+,346,1535354880.0,72.69847972972973,14208,9984,402653184.0,40265318.4
Dragonfly+,347,1535354880.0,72.70551801801803,14208,9984,402653184.0,40265318.4
Dragonfly+,348,1535354880.0,72.71255630630631,14208,9984,402653184.0,40265318.4
Dragonfly+,349,1535354880.0,72.7195945945946,14208,9984,402653184.0,40265318.4
Dragonfly+,350,1535354880.0,72.72663288288288,14208,9984,402653184.0,40265318.4
Dragonfly+,351,1535354880.0,72.73367117117117,14208,9984,402653184.0,40265318.4
Dragonfly+,352,1535354880.0,72.74070945945947,14208,9984,402653184.0,40265318.4
Dragonfly+,353,1535354880.0,72.74774774774775,14208,9984,402653184.0,40265318.4
Dragonfly+,354,1535354880.0,72.75478603603604,14208,9984,402653184.0,40265318.4
Dragonfly+,355,1535354880.0,72.76182432432432,14208,9984,402653184.0,40265318.4
Dragonfly+,356,1535354880.0,72.76886261261262,14208,9984,402653184.0,40265318.4
Dragonfly+,357,1535354880.0,72.77590090090091,14208,9984,402653184.0,40265318.4
Dragonfly+,358,1535354880.0,72.7829391891892,14208,9984,402653184.0,40265318.4
Dragonfly+,359,1535354880.0,72.78997747747748,14208,9984,402653184.0,40265318.4
Dragonfly+,360,1535354880.0,72.79701576576578,14208,9984,402653184.0,40265318.4
Dragonfly+,361,1535354880.0,72.80405405405406,14208,9984,402653184.0,40265318.4
Dragonfly+,362,1535354880.0,72.81109234234235,14208,9984,402653184.0,40265318.4
Dragonfly+,363,1535354880.0,72.81813063063063,14208,9984,402653184.0,40265318.4
Dragonfly+,364,1535354880.0,72.82516891891892,14208,9984,402653184.0,40265318.4
Dragonfly+,365,1535354880.0,72.8322072072072,14208,9984,402653184.0,40265318.4
Dragonfly+,366,1535354880.0,72.8392454954955,14208,9984,402653184.0,40265318.4
Dragonfly+,367,1535354880.0,72.84628378378379,14208,9984,402653184.0,40265318.4
Dragonfly+,368,1535354880.0,72.85332207207207,14208,9984,402653184.0,40265318.4
Dragonfly+,369,1535354880.0,72.86036036036036,14208,9984,402653184.0,40265318.4
Dragonfly+,370,1535354880.0,72.86739864864865,14208,9984,402653184.0,40265318.4
Dragonfly+,371,1535354880.0,72.87443693693693,14208,9984,402653184.0,40265318.4
Dragonfly+,372,1535354880.0,72.88147522522522,14208,9984,402653184.0,40265318.4
Dragonfly+,373,1535354880.0,72.88851351351352,14208,9984,402653184.0,40265318.4
Dragonfly+,374,1535354880.0,72.8955518018018,14208,9984,402653184.0,40265318.4
Dragonfly+,375,1535354880.0,72.90259009009009,14208,9984,402653184.0,40265318.4
Dragonfly+,376,1535354880.0,72.90962837837837,14208,9984,402653184.0,40265318.4
Dragonfly+,377,1535354880.0,72.91666666666666,14208,9984,402653184.0,40265318.4
Dragonfly+,378,1535354880.0,72.92370495495496,14208,9984,402653184.0,40265318.4
Dragonfly+,379,1535354880.0,72.93074324324324,14208,9984,402653184.0,40265318.4
Dragonfly+,380,1535354880.0,72.93778153153153,14208,9984,402653184.0,40265318.4
Dragonfly+,381,1535354880.0,72.94481981981981,14208,9984,402653184.0,40265318.4
Dragonfly+,382,1535354880.0,72.9518581081081,14208,9984,402653184.0,40265318.4
Dragonfly+,383,1535354880.0,72.9588963963964,14208,9984,402653184.0,40265318.4
Dragonfly+,384,1535354880.0,72.96593468468468,14208,9984,402653184.0,40265318.4
Dragonfly+,385,1535354880.0,72.97297297297297,14208,9984,402653184.0,40265318.4
Dragonfly+,386,1535354880.0,72.98001126126125,14208,9984,402653184.0,40265318.4
Dragonfly+,387,1535354880.0,72.98704954954955,14208,9984,402653184.0,40265318.4
Dragonfly+,388,1535354880.0,72.99408783783784,14208,9984,402653184.0,40265318.4
Dragonfly+,389,1535354880.0,73.00112612612612,14208,9984,402653184.0,40265318.4
Dragonfly+,390,1535354880.0,73.00816441441441,14208,9984,402653184.0,40265318.4
Dragonfly+,391,1535354880.0,73.0152027027027,14208,9984,402653184.0,40265318.4
Dragonfly+,392,1535354880.0,73.022240990991,14208,9984,402653184.0,40265318.4
Dragonfly+,393,1535354880.0,73.02927927927928,14208,9984,402653184.0,40265318.4
Dragonfly+,394,1535354880.0,73.03631756756756,14208,9984,402653184.0,40265318.4
Dragonfly+,395,1535354880.0,73.04335585585585,14208,9984,402653184.0,40265318.4
Dragonfly+,396,1535354880.0,73.05039414414415,14208,9984,402653184.0,40265318.4
Dragonfly+,397,1535354880.0,73.05743243243244,14208,9984,402653184.0,40265318.4
Dragonfly+,398,1535354880.0,73.06447072072072,14208,9984,402653184.0,40265318.4
Dragonfly+,399,1535354880.0,73.071509009009,14208,9984,402653184.0,40265318.4
Dragonfly+,400,1535354880.0,73.0785472972973,14208,9984,402653184.0,40265318.4
Dragonfly+,401,1535354880.0,73.08558558558559,14208,9984,402653184.0,40265318.4
Dragonfly+,402,1535354880.0,73.09262387387388,14208,9984,402653184.0,40265318.4
Dragonfly+,403,1535354880.0,73.09966216216216,14208,9984,402653184.0,40265318.4
Dragonfly+,404,1535354880.0,73.10670045045045,14208,9984,402653184.0,40265318.4
Dragonfly+,405,1535354880.0,73.11373873873875,14208,9984,402653184.0,40265318.4
Dragonfly+,406,1535354880.0,73.12077702702703,14208,9984,402653184.0,40265318.4
Dragonfly+,407,1535354880.0,73.12781531531532,14208,9984,402653184.0,40265318.4
Dragonfly+,408,1535354880.0,73.1348536036036,14208,9984,402653184.0,40265318.4
Dragonfly+,409,1535354880.0,73.1418918918919,14208,9984,402653184.0,40265318.4
Dragonfly+,410,1535354880.0,73.14893018018019,14208,9984,402653184.0,40265318.4
Dragonfly+,411,1535354880.0,73.15596846846847,14208,9984,402653184.0,40265318.4
Dragonfly+,412,1535354880.0,73.16300675675676,14208,9984,402653184.0,40265318.4
Dragonfly+,413,1535354880.0,73.17004504504504,14208,9984,402653184.0,40265318.4
Dragonfly+,414,1535354880.0,73.17708333333334,14208,9984,402653184.0,40265318.4
Dragonfly+,415,1535354880.0,73.18412162162163,14208,9984,402653184.0,40265318.4
Dragonfly+,416,1535354880.0,73.19115990990991,14208,9984,402653184.0,40265318.4
Dragonfly+,417,1535354880.0,73.1981981981982,14208,9984,402653184.0,40265318.4
Dragonfly+,418,1535354880.0,73.20523648648648,14208,9984,402653184.0,40265318.4
Dragonfly+,419,1535354880.0,73.21227477477478,14208,9984,402653184.0,40265318.4
Dragonfly+,420,1535354880.0,73.21931306306307,14208,9984,402653184.0,40265318.4
Dragonfly+,421,1535354880.0,73.22635135135135,14208,9984,402653184.0,40265318.4
Dragonfly+,422,1535354880.0,73.23338963963964,14208,9984,402653184.0,40265318.4
Dragonfly+,423,1535354880.0,73.24042792792793,14208,9984,402653184.0,40265318.4
Dragonfly+,424,1535354880.0,73.24746621621621,14208,9984,402653184.0,40265318.4
Dragonfly+,425,1535354880.0,73.2545045045045,14208,9984,402653184.0,40265318.4
Dragonfly+,426,1535354880.0,73.2615427927928,14208,9984,402653184.0,40265318.4
Dragonfly+,427,1535354880.0,73.26858108108108,14208,9984,402653184.0,40265318.4
Dragonfly+,428,1535354880.0,73.27561936936937,14208,9984,402653184.0,40265318.4
Dragonfly+,429,1535354880.0,73.28265765765765,14208,9984,402653184.0,40265318.4
Dragonfly+,430,1535354880.0,73.28969594594594,14208,9984,402653184.0,40265318.4
Dragonfly+,431,1535354880.0,73.29673423423422,14208,9984,402653184.0,40265318.4
Dragonfly+,432,1535354880.0,73.30377252252252,14208,9984,402653184.0,40265318.4
Dragonfly+,433,1535354880.0,73.3108108108108,14208,9984,402653184.0,40265318.4
Dragonfly+,434,1535354880.0,73.31784909909909,14208,9984,402653184.0,40265318.4
Dragonfly+,435,1535354880.0,73.32488738738738,14208,9984,402653184.0,40265318.4
Dragonfly+,436,1535354880.0,73.33192567567568,14208,9984,402653184.0,40265318.4
Dragonfly+,437,1535354880.0,73.33896396396396,14208,9984,402653184.0,40265318.4
Dragonfly+,438,1535354880.0,73.34600225225225,14208,9984,402653184.0,40265318.4
Dragonfly+,439,1535354880.0,73.35304054054053,14208,9984,402653184.0,40265318.4
Dragonfly+,440,1535354880.0,73.36007882882883,14208,9984,402653184.0,40265318.4
Dragonfly+,441,1535354880.0,73.36711711711712,14208,9984,402653184.0,40265318.4
Dragonfly+,442,1535354880.0,73.3741554054054,14208,9984,402653184.0,40265318.4
Dragonfly+,443,1535354880.0,73.38119369369369,14208,9984,402653184.0,40265318.4
Dragonfly+,444,1535354880.0,73.38823198198197,14208,9984,402653184.0,40265318.4
Dragonfly+,445,1535354880.0,73.39527027027027,14208,9984,402653184.0,40265318.4
Dragonfly+,446,1535354880.0,73.40230855855856,14208,9984,402653184.0,40265318.4
Dragonfly+,447,1535354880.0,73.40934684684684,14208,9984,402653184.0,40265318.4
Dragonfly+,448,1535354880.0,73.41638513513513,14208,9984,402653184.0,40265318.4
Dragonfly+,449,1535354880.0,73.42342342342343,14208,9984,402653184.0,40265318.4
Dragonfly+,450,1535354880.0,73.43046171171171,14208,9984,402653184.0,40265318.4
Dragonfly+,451,1535354880.0,73.4375,14208,9984,402653184.0,40265318.4
Dragonfly+,452,1535354880.0,73.44453828828829,14208,9984,402653184.0,40265318.4
Dragonfly+,453,1535354880.0,73.45157657657657,14208,9984,402653184.0,40265318.4
Dragonfly+,454,1535354880.0,73.45861486486487,14208,9984,402653184.0,40265318.4
Dragonfly+,455,1535354880.0,73.46565315315316,14208,9984,402653184.0,40265318.4
Dragonfly+,456,1535354880.0,73.47269144144144,14208,9984,402653184.0,40265318.4
Dragonfly+,457,1535354880.0,73.47972972972973,14208,9984,402653184.0,40265318.4
Dragonfly+,458,1535354880.0,73.48676801801803,14208,9984,402653184.0,40265318.4
Dragonfly+,459,1535354880.0,73.49380630630631,14208,9984,402653184.0,40265318.4
Dragonfly+,460,1535354880.0,73.5008445945946,14208,9984,402653184.0,40265318.4
Dragonfly+,461,1535354880.0,73.50788288288288,14208,9984,402653184.0,40265318.4
Dragonfly+,462,1535354880.0,73.51492117117117,14208,9984,402653184.0,40265318.4
Dragonfly+,463,1535354880.0,73.52195945945947,14208,9984,402653184.0,40265318.4
Dragonfly+,464,1535354880.0,73.52899774774775,14208,9984,402653184.0,40265318.4
Dragonfly+,465,1535354880.0,73.53603603603604,14208,9984,402653184.0,40265318.4
Dragonfly+,466,1535354880.0,73.54307432432432,14208,9984,402653184.0,40265318.4
Dragonfly+,467,1535354880.0,73.55011261261262,14208,9984,402653184.0,40265318.4
Dragonfly+,468,1535354880.0,73.55715090090091,14208,9984,402653184.0,40265318.4
Dragonfly+,469,1535354880.0,73.5641891891892,14208,9984,402653184.0,40265318.4
Dragonfly+,470,1535354880.0,73.57122747747748,14208,9984,402653184.0,40265318.4
Dragonfly+,471,1535354880.0,73.57826576576578,14208,9984,402653184.0,40265318.4
Dragonfly+,472,1535354880.0,73.58530405405406,14208,9984,402653184.0,40265318.4
Dragonfly+,473,1535354880.0,73.59234234234235,14208,9984,402653184.0,40265318.4
Dragonfly+,474,1535354880.0,73.59938063063063,14208,9984,402653184.0,40265318.4
Dragonfly+,475,1535354880.0,73.60641891891892,14208,9984,402653184.0,40265318.4
Dragonfly+,476,1535354880.0,73.6134572072072,14208,9984,402653184.0,40265318.4
Dragonfly+,477,1535354880.0,73.6204954954955,14208,9984,402653184.0,40265318.4
Dragonfly+,478,1535354880.0,73.62753378378379,14208,9984,402653184.0,40265318.4
Dragonfly+,479,1535354880.0,73.63457207207207,14208,9984,402653184.0,40265318.4
Dragonfly+,480,1535354880.0,73.64161036036036,14208,9984,402653184.0,40265318.4
Dragonfly+,481,1535354880.0,73.64864864864865,14208,9984,402653184.0,40265318.4
Dragonfly+,482,1535354880.0,73.65568693693693,14208,9984,402653184.0,40265318.4
Dragonfly+,483,1535354880.0,73.66272522522522,14208,9984,402653184.0,40265318.4
Dragonfly+,484,1535354880.0,73.66976351351352,14208,9984,402653184.0,40265318.4
Dragonfly+,485,1535354880.0,73.6768018018018,14208,9984,402653184.0,40265318.4
Dragonfly+,486,1535354880.0,73.68384009009009,14208,9984,402653184.0,40265318.4
Dragonfly+,487,1535354880.0,73.69087837837837,14208,9984,402653184.0,40265318.4
Dragonfly+,488,1535354880.0,73.69791666666666,14208,9984,402653184.0,40265318.4
Dragonfly+,489,1535354880.0,73.70495495495496,14208,9984,402653184.0,40265318.4
Dragonfly+,490,1535354880.0,73.71199324324324,14208,9984,402653184.0,40265318.4
Dragonfly+,491,1535354880.0,73.71903153153153,14208,9984,402653184.0,40265318.4
Dragonfly+,492,1535354880.0,73.72606981981981,14208,9984,402653184.0,40265318.4
Dragonfly+,493,1535354880.0,73.7331081081081,14208,9984,402653184.0,40265318.4
Dragonfly+,494,1535354880.0,73.7401463963964,14208,9984,402653184.0,40265318.4
Dragonfly+,495,1535354880.0,73.74718468468468,14208,9984,402653184.0,40265318.4
Dragonfly+,496,1535354880.0,73.75422297297297,14208,9984,402653184.0,40265318.4
Dragonfly+,497,1535354880.0,73.76126126126125,14208,9984,402653184.0,40265318.4
Dragonfly+,498,1535354880.0,73.76829954954955,14208,9984,402653184.0,40265318.4
Dragonfly+,499,1535354880.0,73.77533783783784,14208,9984,402653184.0,40265318.4
Dragonfly+,500,1535354880.0,73.78237612612612,14208,9984,402653184.0,40265318.4
Dragonfly+,501,1535354880.0,73.78941441441441,14208,9984,402653184.0,40265318.4
Dragonfly+,502,1535354880.0,73.7964527027027,14208,9984,402653184.0,40265318.4
Dragonfly+,503,1535354880.0,73.803490990991,14208,9984,402653184.0,40265318.4
Dragonfly+,504,1535354880.0,73.81052927927928,14208,9984,402653184.0,40265318.4
Dragonfly+,505,1535354880.0,73.81756756756756,14208,9984,402653184.0,40265318.4
Dragonfly+,506,1535354880.0,73.82460585585585,14208,9984,402653184.0,40265318.4
Dragonfly+,507,1535354880.0,73.83164414414415,14208,9984,402653184.0,40265318.4
Dragonfly+,508,1535354880.0,73.83868243243244,14208,9984,402653184.0,40265318.4
Dragonfly+,509,1535354880.0,73.84572072072072,14208,9984,402653184.0,40265318.4
Dragonfly+,510,1535354880.0,73.852759009009,14208,9984,402653184.0,40265318.4
Dragonfly+,511,1535354880.0,73.8597972972973,14208,9984,402653184.0,40265318.4
Dragonfly+,512,1535354880.0,73.86683558558559,14208,9984,402653184.0,40265318.4
Dragonfly+,513,1535354880.0,73.87387387387388,14208,9984,402653184.0,40265318.4
Dragonfly+,514,1535354880.0,73.88091216216216,14208,9984,402653184.0,40265318.4
Dragonfly+,515,1535354880.0,73.88795045045045,14208,9984,402653184.0,40265318.4
Dragonfly+,516,1535354880.0,73.89498873873875,14208,9984,402653184.0,40265318.4
Dragonfly+,517,1535354880.0,73.90202702702703,14208,9984,402653184.0,40265318.4
Dragonfly+,518,1535354880.0,73.90906531531532,14208,9984,402653184.0,40265318.4
Dragonfly+,519,1535354880.0,73.9161036036036,14208,9984,402653184.0,40265318.4
Dragonfly+,520,1535354880.0,73.9231418918919,14208,9984,402653184.0,40265318.4
Dragonfly+,521,1535354880.0,73.93018018018019,14208,9984,402653184.0,40265318.4
Dragonfly+,522,1535354880.0,73.93721846846847,14208,9984,402653184.0,40265318.4
Dragonfly+,523,1535354880.0,73.94425675675676,14208,9984,402653184.0,40265318.4
Dragonfly+,524,1535354880.0,73.95129504504504,14208,9984,402653184.0,40265318.4
Dragonfly+,525,1535354880.0,73.95833333333334,14208,9984,402653184.0,40265318.4
Dragonfly+,526,1535354880.0,73.96537162162163,14208,9984,402653184.0,40265318.4
Dragonfly+,527,1535354880.0,73.97240990990991,14208,9984,402653184.0,40265318.4
Dragonfly+,528,1535354880.0,73.9794481981982,14208,9984,402653184.0,40265318.4
Dragonfly+,529,1535354880.0,73.98648648648648,14208,9984,402653184.0,40265318.4
Dragonfly+,530,1535354880.0,73.99352477477478,14208,9984,402653184.0,40265318.4
Dragonfly+,531,1535354880.0,74.00056306306307,14208,9984,402653184.0,40265318.4
Dragonfly+,532,1535354880.0,74.00760135135135,14208,9984,402653184.0,40265318.4
Dragonfly+,533,1535354880.0,74.01463963963964,14208,9984,402653184.0,40265318.4
Dragonfly+,534,1535354880.0,74.02167792792793,14208,9984,402653184.0,40265318.4
Dragonfly+,535,1535354880.0,74.02871621621621,14208,9984,402653184.0,40265318.4
Dragonfly+,536,1535354880.0,74.0357545045045,14208,9984,402653184.0,40265318.4
Dragonfly+,537,1535354880.0,74.0427927927928,14208,9984,402653184.0,40265318.4
Dragonfly+,538,1535354880.0,74.04983108108108,14208,9984,402653184.0,40265318.4
Dragonfly+,539,1535354880.0,74.05686936936937,14208,9984,402653184.0,40265318.4
Dragonfly+,540,1535354880.0,74.06390765765765,14208,9984,402653184.0,40265318.4
Dragonfly+,541,1535354880.0,74.07094594594594,14208,9984,402653184.0,40265318.4
Dragonfly+,542,1535354880.0,74.07798423423422,14208,9984,402653184.0,40265318.4
Dragonfly+,543,1535354880.0,74.08502252252252,14208,9984,402653184.0,40265318.4
Dragonfly+,544,1535354880.0,74.0920608108108,14208,9984,402653184.0,40265318.4
Dragonfly+,545,1535354880.0,74.09909909909909,14208,9984,402653184.0,40265318.4
Dragonfly+,546,1535354880.0,74.10613738738738,14208,9984,402653184.0,40265318.4
Dragonfly+,547,1535354880.0,74.11317567567568,14208,9984,402653184.0,40265318.4
Dragonfly+,548,1535354880.0,74.12021396396396,14208,9984,402653184.0,40265318.4
Dragonfly+,549,1535354880.0,74.12725225225225,14208,9984,402653184.0,40265318.4
Dragonfly+,550,1535354880.0,74.13429054054053,14208,9984,402653184.0,40265318.4
Dragonfly+,551,1535354880.0,74.14132882882883,14208,9984,402653184.0,40265318.4
Dragonfly+,552,1535354880.0,74.14836711711712,14208,9984,402653184.0,40265318.4
Dragonfly+,553,1535354880.0,74.1554054054054,14208,9984,402653184.0,40265318.4
Dragonfly+,554,1535354880.0,74.16244369369369,14208,9984,402653184.0,40265318.4
Dragonfly+,555,1535354880.0,74.16948198198197,14208,9984,402653184.0,40265318.4
Dragonfly+,556,1535354880.0,74.17652027027027,14208,9984,402653184.0,40265318.4
Dragonfly+,557,1535354880.0,74.18355855855856,14208,9984,402653184.0,40265318.4
Dragonfly+,558,1535354880.0,74.19059684684684,14208,9984,402653184.0,40265318.4
Dragonfly+,559,1535354880.0,74.19763513513513,14208,9984,402653184.0,40265318.4
Dragonfly+,560,1535354880.0,74.20467342342343,14208,9984,402653184.0,40265318.4
Dragonfly+,561,1535354880.0,74.21171171171171,14208,9984,402653184.0,40265318.4
Dragonfly+,562,1535354880.0,74.21875,14208,9984,402653184.0,40265318.4
Dragonfly+,563,1535354880.0,74.22578828828829,14208,9984,402653184.0,40265318.4
Dragonfly+,564,1535354880.0,74.23282657657657,14208,9984,402653184.0,40265318.4
Dragonfly+,565,1535354880.0,74.23986486486487,14208,9984,402653184.0,40265318.4
Dragonfly+,566,1535354880.0,74.24690315315316,14208,9984,402653184.0,40265318.4
Dragonfly+,567,1535354880.0,74.25394144144144,14208,9984,402653184.0,40265318.4
Dragonfly+,568,1535354880.0,74.26097972972973,14208,9984,402653184.0,40265318.4
Dragonfly+,569,1535354880.0,74.26801801801803,14208,9984,402653184.0,40265318.4
Dragonfly+,570,1535354880.0,74.27505630630631,14208,9984,402653184.0,40265318.4
Dragonfly+,571,1535354880.0,74.2820945945946,14208,9984,402653184.0,40265318.4
Dragonfly+,572,1535354880.0,74.28913288288288,14208,9984,402653184.0,40265318.4
Dragonfly+,573,1535354880.0,74.29617117117117,14208,9984,402653184.0,40265318.4
Dragonfly+,574,1535354880.0,74.30320945945947,14208,9984,402653184.0,40265318.4
Dragonfly+,575,1535354880.0,74.31024774774775,14208,9984,402653184.0,40265318.4
Dragonfly+,576,1535354880.0,74.31728603603604,14208,9984,402653184.0,40265318.4
Dragonfly+,577,1535354880.0,74.32432432432432,14208,9984,402653184.0,40265318.4
Dragonfly+,578,1535354880.0,74.33136261261262,14208,9984,402653184.0,40265318.4
Dragonfly+,579,1535354880.0,74.33840090090091,14208,9984,402653184.0,40265318.4
Dragonfly+,580,1535354880.0,74.3454391891892,14208,9984,402653184.0,40265318.4
Dragonfly+,581,1535354880.0,74.35247747747748,14208,9984,402653184.0,40265318.4
Dragonfly+,582,1535354880.0,74.35951576576578,14208,9984,402653184.0,40265318.4
Dragonfly+,583,1535354880.0,74.36655405405406,14208,9984,402653184.0,40265318.4
Dragonfly+,584,1535354880.0,74.37359234234235,14208,9984,402653184.0,40265318.4
Dragonfly+,585,1535354880.0,74.38063063063063,14208,9984,402653184.0,40265318.4
Dragonfly+,586,1535354880.0,74.38766891891892,14208,9984,402653184.0,40265318.4
Dragonfly+,587,1535354880.0,74.3947072072072,14208,9984,402653184.0,40265318.4
Dragonfly+,588,1535354880.0,74.4017454954955,14208,9984,402653184.0,40265318.4
Dragonfly+,589,1535354880.0,74.40878378378379,14208,9984,402653184.0,40265318.4
Dragonfly+,590,1535354880.0,74.41582207207207,14208,9984,402653184.0,40265318.4
Dragonfly+,591,1535354880.0,74.42286036036036,14208,9984,402653184.0,40265318.4
Dragonfly+,592,1535354880.0,74.42989864864865,14208,9984,402653184.0,40265318.4
Dragonfly+,593,1535354880.0,74.43693693693693,14208,9984,402653184.0,40265318.4
Dragonfly+,594,1535354880.0,74.44397522522522,14208,9984,402653184.0,40265318.4
Dragonfly+,595,1535354880.0,74.45101351351352,14208,9984,402653184.0,40265318.4
Dragonfly+,596,1535354880.0,74.4580518018018,14208,9984,402653184.0,40265318.4
Dragonfly+,597,1535354880.0,74.46509009009009,14208,9984,402653184.0,40265318.4
Dragonfly+,598,1535354880.0,74.47212837837837,14208,9984,402653184.0,40265318.4
Dragonfly+,599,1535354880.0,74.47916666666666,14208,9984,402653184.0,40265318.4
Dragonfly+,600,1535354880.0,74.48620495495496,14208,9984,402653184.0,40265318.4
Dragonfly+,601,1535354880.0,74.49324324324324,14208,9984,402653184.0,40265318.4
Dragonfly+,602,1535354880.0,74.50028153153153,14208,9984,402653184.0,40265318.4
Dragonfly+,603,1535354880.0,74.50731981981981,14208,9984,402653184.0,40265318.4
Dragonfly+,604,1535354880.0,74.5143581081081,14208,9984,402653184.0,40265318.4
Dragonfly+,605,1535354880.0,74.5213963963964,14208,9984,402653184.0,40265318.4
Dragonfly+,606,1535354880.0,74.52843468468468,14208,9984,402653184.0,40265318.4
Dragonfly+,607,1535354880.0,74.53547297297297,14208,9984,402653184.0,40265318.4
Dragonfly+,608,1535354880.0,74.54251126126125,14208,9984,402653184.0,40265318.4
Dragonfly+,609,1535354880.0,74.54954954954955,14208,9984,402653184.0,40265318.4
Dragonfly+,610,1535354880.0,74.55658783783784,14208,9984,402653184.0,40265318.4
Dragonfly+,611,1535354880.0,74.56362612612612,14208,9984,402653184.0,40265318.4
Dragonfly+,612,1535354880.0,74.57066441441441,14208,9984,402653184.0,40265318.4
Dragonfly+,613,1535354880.0,74.5777027027027,14208,9984,402653184.0,40265318.4
Dragonfly+,614,1535354880.0,74.584740990991,14208,9984,402653184.0,40265318.4
Dragonfly+,615,1535354880.0,74.59177927927928,14208,9984,402653184.0,40265318.4
Dragonfly+,616,1535354880.0,74.59881756756756,14208,9984,402653184.0,40265318.4
Dragonfly+,617,1535354880.0,74.60585585585585,14208,9984,402653184.0,40265318.4
Dragonfly+,618,1535354880.0,74.61289414414415,14208,9984,402653184.0,40265318.4
Dragonfly+,619,1535354880.0,74.61993243243244,14208,9984,402653184.0,40265318.4
Dragonfly+,620,1535354880.0,74.62697072072072,14208,9984,402653184.0,40265318.4
Dragonfly+,621,1535354880.0,74.634009009009,14208,9984,402653184.0,40265318.4
Dragonfly+,622,1535354880.0,74.6410472972973,14208,9984,402653184.0,40265318.4
Dragonfly+,623,1535354880.0,74.64808558558559,14208,9984,402653184.0,40265318.4
Dragonfly+,624,1535354880.0,74.65512387387388,14208,9984,402653184.0,40265318.4
Dragonfly+,625,1535354880.0,74.66216216216216,14208,9984,402653184.0,40265318.4
Dragonfly+,626,1535354880.0,74.66920045045045,14208,9984,402653184.0,40265318.4
Dragonfly+,627,1535354880.0,74.67623873873875,14208,9984,402653184.0,40265318.4
Dragonfly+,628,1535354880.0,74.68327702702703,14208,9984,402653184.0,40265318.4
Dragonfly+,629,1535354880.0,74.69031531531532,14208,9984,402653184.0,40265318.4
Dragonfly+,630,1535354880.0,74.6973536036036,14208,9984,402653184.0,40265318.4
Dragonfly+,631,1535354880.0,74.7043918918919,14208,9984,402653184.0,40265318.4
Dragonfly+,632,1535354880.0,74.71143018018019,14208,9984,402653184.0,40265318.4
Dragonfly+,633,1535354880.0,74.71846846846847,14208,9984,402653184.0,40265318.4
Dragonfly+,634,1535354880.0,74.72550675675676,14208,9984,402653184.0,40265318.4
Dragonfly+,635,1535354880.0,74.73254504504504,14208,9984,402653184.0,40265318.4
Dragonfly+,636,1535354880.0,74.73958333333334,14208,9984,402653184.0,40265318.4
Dragonfly+,637,1535354880.0,74.74662162162163,14208,9984,402653184.0,40265318.4
Dragonfly+,638,1535354880.0,74.75365990990991,14208,9984,402653184.0,40265318.4
Dragonfly+,639,1535354880.0,74.7606981981982,14208,9984,402653184.0,40265318.4
Dragonfly+,640,1535354880.0,74.76773648648648,14208,9984,402653184.0,40265318.4
Dragonfly+,641,1535354880.0,74.77477477477478,14208,9984,402653184.0,40265318.4
Dragonfly+,642,1535354880.0,74.78181306306307,14208,9984,402653184.0,40265318.4
Dragonfly+,643,1535354880.0,74.78885135135135,14208,9984,402653184.0,40265318.4
Dragonfly+,644,1535354880.0,74.79588963963964,14208,9984,402653184.0,40265318.4
Dragonfly+,645,1535354880.0,74.80292792792793,14208,9984,402653184.0,40265318.4
Dragonfly+,646,1535354880.0,74.80996621621621,14208,9984,402653184.0,40265318.4
Dragonfly+,647,1535354880.0,74.8170045045045,14208,9984,402653184.0,40265318.4
Dragonfly+,648,1535354880.0,74.8240427927928,14208,9984,402653184.0,40265318.4
Dragonfly+,649,1535354880.0,74.83108108108108,14208,9984,402653184.0,40265318.4
Dragonfly+,650,1535354880.0,74.83811936936937,14208,9984,402653184.0,40265318.4
Dragonfly+,651,1535354880.0,74.84515765765765,14208,9984,402653184.0,40265318.4
Dragonfly+,652,1535354880.0,74.85219594594594,14208,9984,402653184.0,40265318.4
Dragonfly+,653,1535354880.0,74.85923423423422,14208,9984,402653184.0,40265318.4
Dragonfly+,654,1535354880.0,74.86627252252252,14208,9984,402653184.0,40265318.4
Dragonfly+,655,1535354880.0,74.8733108108108,14208,9984,402653184.0,40265318.4
Dragonfly+,656,1535354880.0,74.88034909909909,14208,9984,402653184.0,40265318.4
Dragonfly+,657,1535354880.0,74.88738738738738,14208,9984,402653184.0,40265318.4
Dragonfly+,658,1535354880.0,74.89442567567568,14208,9984,402653184.0,40265318.4
Dragonfly+,659,1535354880.0,74.90146396396396,14208,9984,402653184.0,40265318.4
Dragonfly+,660,1535354880.0,74.90850225225225,14208,9984,402653184.0,40265318.4
Dragonfly+,661,1535354880.0,74.91554054054053,14208,9984,402653184.0,40265318.4
Dragonfly+,662,1535354880.0,74.92257882882883,14208,9984,402653184.0,40265318.4
Dragonfly+,663,1535354880.0,74.92961711711712,14208,9984,402653184.0,40265318.4
Dragonfly+,664,1535354880.0,74.9366554054054,14208,9984,402653184.0,40265318.4
Dragonfly+,665,1535354880.0,74.94369369369369,14208,9984,402653184.0,40265318.4
Dragonfly+,666,1535354880.0,74.95073198198197,14208,9984,402653184.0,40265318.4
Dragonfly+,667,1535354880.0,74.95777027027027,14208,9984,402653184.0,40265318.4
Dragonfly+,668,1535354880.0,74.96480855855856,14208,9984,402653184.0,40265318.4
Dragonfly+,669,1535354880.0,74.97184684684684,14208,9984,402653184.0,40265318.4
Dragonfly+,670,1535354880.0,74.97888513513513,14208,9984,402653184.0,40265318.4
Dragonfly+,671,1535354880.0,74.98592342342343,14208,9984,402653184.0,40265318.4
Dragonfly+,672,1535354880.0,74.99296171171171,14208,9984,402653184.0,40265318.4
Dragonfly+,673,1535354880.0,75.0,14208,9984,402653184.0,40265318.4
Dragonfly+,674,1535354880.0,75.00703828828829,14208,9984,402653184.0,40265318.4
Dragonfly+,675,1535354880.0,75.01407657657657,14208,9984,402653184.0,40265318.4
Dragonfly+,676,1535354880.0,75.02111486486487,14208,9984,402653184.0,40265318.4
Dragonfly+,677,1535354880.0,75.02815315315316,14208,9984,402653184.0,40265318.4
Dragonfly+,678,1535354880.0,75.03519144144144,14208,9984,402653184.0,40265318.4
Dragonfly+,679,1535354880.0,75.04222972972973,14208,9984,402653184.0,40265318.4
Dragonfly+,680,1535354880.0,75.04926801801803,14208,9984,402653184.0,40265318.4
Dragonfly+,681,1535354880.0,75.05630630630631,14208,9984,402653184.0,40265318.4
Dragonfly+,682,1535354880.0,75.0633445945946,14208,9984,402653184.0,40265318.4
Dragonfly+,683,1535354880.0,75.07038288288288,14208,9984,402653184.0,40265318.4
Dragonfly+,684,1535354880.0,75.07742117117117,14208,9984,402653184.0,40265318.4
Dragonfly+,685,1535354880.0,75.08445945945947,14208,9984,402653184.0,40265318.4
Dragonfly+,686,1535354880.0,75.09149774774775,14208,9984,402653184.0,40265318.4
Dragonfly+,687,1535354880.0,75.09853603603604,14208,9984,402653184.0,40265318.4
Dragonfly+,688,1535354880.0,75.10557432432432,14208,9984,402653184.0,40265318.4
Dragonfly+,689,1535354880.0,75.11261261261262,14208,9984,402653184.0,40265318.4
Dragonfly+,690,1535354880.0,75.11965090090091,14208,9984,402653184.0,40265318.4
Dragonfly+,691,1535354880.0,75.1266891891892,14208,9984,402653184.0,40265318.4
Dragonfly+,692,1535354880.0,75.13372747747748,14208,9984,402653184.0,40265318.4
Dragonfly+,693,1535354880.0,75.14076576576578,14208,9984,402653184.0,40265318.4
Dragonfly+,694,1535354880.0,75.14780405405406,14208,9984,402653184.0,40265318.4
Dragonfly+,695,1535354880.0,75.15484234234235,14208,9984,402653184.0,40265318.4
Dragonfly+,696,1535354880.0,75.16188063063063,14208,9984,402653184.0,40265318.4
Dragonfly+,697,1535354880.0,75.16891891891892,14208,9984,402653184.0,40265318.4
Dragonfly+,698,1535354880.0,75.1759572072072,14208,9984,402653184.0,40265318.4
Dragonfly+,699,1535354880.0,75.1829954954955,14208,9984,402653184.0,40265318.4
Dragonfly+,700,1535354880.0,75.19003378378379,14208,9984,402653184.0,40265318.4
Dragonfly+,701,1535354880.0,75.19707207207207,14208,9984,402653184.0,40265318.4
Dragonfly+,702,1535354880.0,75.20411036036036,14208,9984,402653184.0,40265318.4
Dragonfly+,703,1535354880.0,75.21114864864865,14208,9984,402653184.0,40265318.4
Dragonfly+,704,1535354880.0,75.21818693693693,14208,9984,402653184.0,40265318.4
Dragonfly+,705,1535354880.0,75.22522522522522,14208,9984,402653184.0,40265318.4
Dragonfly+,706,1535354880.0,75.23226351351352,14208,9984,402653184.0,40265318.4
Dragonfly+,707,1535354880.0,75.2393018018018,14208,9984,402653184.0,40265318.4
Dragonfly+,708,1535354880.0,75.24634009009009,14208,9984,402653184.0,40265318.4
Dragonfly+,709,1535354880.0,75.25337837837837,14208,9984,402653184.0,40265318.4
Dragonfly+,710,1535354880.0,75.26041666666666,14208,9984,402653184.0,40265318.4
Dragonfly+,711,1535354880.0,75.26745495495496,14208,9984,402653184.0,40265318.4
Dragonfly+,712,1535354880.0,75.27449324324324,14208,9984,402653184.0,40265318.4
Dragonfly+,713,1535354880.0,75.28153153153153,14208,9984,402653184.0,40265318.4
Dragonfly+,714,1535354880.0,75.28856981981981,14208,9984,402653184.0,40265318.4
Dragonfly+,715,1535354880.0,75.2956081081081,14208,9984,402653184.0,40265318.4
Dragonfly+,716,1535354880.0,75.3026463963964,14208,9984,402653184.0,40265318.4
Dragonfly+,717,1535354880.0,75.30968468468468,14208,9984,402653184.0,40265318.4
Dragonfly+,718,1535354880.0,75.31672297297297,14208,9984,402653184.0,40265318.4
Dragonfly+,719,1535354880.0,75.32376126126125,14208,9984,402653184.0,40265318.4
Dragonfly+,720,1535354880.0,75.33079954954955,14208,9984,402653184.0,40265318.4
Dragonfly+,721,1535354880.0,75.33783783783784,14208,9984,402653184.0,40265318.4
Dragonfly+,722,1535354880.0,75.34487612612612,14208,9984,402653184.0,40265318.4
Dragonfly+,723,1535354880.0,75.35191441441441,14208,9984,402653184.0,40265318.4
Dragonfly+,724,1535354880.0,75.3589527027027,14208,9984,402653184.0,40265318.4
Dragonfly+,725,1535354880.0,75.365990990991,14208,9984,402653184.0,40265318.4
Dragonfly+,726,1535354880.0,75.37302927927928,14208,9984,402653184.0,40265318.4
Dragonfly+,727,1535354880.0,75.38006756756756,14208,9984,402653184.0,40265318.4
Dragonfly+,728,1535354880.0,75.38710585585585,14208,9984,402653184.0,40265318.4
Dragonfly+,729,1535354880.0,75.39414414414415,14208,9984,402653184.0,40265318.4
Dragonfly+,730,1535354880.0,75.40118243243244,14208,9984,402653184.0,40265318.4
Dragonfly+,731,1535354880.0,75.40822072072072,14208,9984,402653184.0,40265318.4
Dragonfly+,732,1535354880.0,75.415259009009,14208,9984,402653184.0,40265318.4
Dragonfly+,733,1535354880.0,75.4222972972973,14208,9984,402653184.0,40265318.4
Dragonfly+,734,1535354880.0,75.42933558558559,14208,9984,402653184.0,40265318.4
Dragonfly+,735,1535354880.0,75.43637387387388,14208,9984,402653184.0,40265318.4
Dragonfly+,736,1535354880.0,75.44341216216216,14208,9984,402653184.0,40265318.4
Dragonfly+,737,1535354880.0,75.45045045045045,14208,9984,402653184.0,40265318.4
Dragonfly+,738,1535354880.0,75.45748873873875,14208,9984,402653184.0,40265318.4
Dragonfly+,739,1535354880.0,75.46452702702703,14208,9984,402653184.0,40265318.4
Dragonfly+,740,1535354880.0,75.47156531531532,14208,9984,402653184.0,40265318.4
Dragonfly+,741,1535354880.0,75.4786036036036,14208,9984,402653184.0,40265318.4
Dragonfly+,742,1535354880.0,75.4856418918919,14208,9984,402653184.0,40265318.4
Dragonfly+,743,1535354880.0,75.49268018018019,14208,9984,402653184.0,40265318.4
Dragonfly+,744,1535354880.0,75.49971846846847,14208,9984,402653184.0,40265318.4
Dragonfly+,745,1535354880.0,75.50675675675676,14208,9984,402653184.0,40265318.4
Dragonfly+,746,1535354880.0,75.51379504504504,14208,9984,402653184.0,40265318.4
Dragonfly+,747,1535354880.0,75.52083333333334,14208,9984,402653184.0,40265318.4
Dragonfly+,748,1535354880.0,75.52787162162163,14208,9984,402653184.0,40265318.4
Dragonfly+,749,1535354880.0,75.53490990990991,14208,9984,402653184.0,40265318.4
Dragonfly+,750,1535354880.0,75.5419481981982,14208,9984,402653184.0,40265318.4
Dragonfly+,751,1535354880.0,75.54898648648648,14208,9984,402653184.0,40265318.4
Dragonfly+,752,1535354880.0,75.55602477477478,14208,9984,402653184.0,40265318.4
Dragonfly+,753,1535354880.0,75.56306306306307,14208,9984,402653184.0,40265318.4
Dragonfly+,754,1535354880.0,75.57010135135135,14208,9984,402653184.0,40265318.4
Dragonfly+,755,1535354880.0,75.57713963963964,14208,9984,402653184.0,40265318.4
Dragonfly+,756,1535354880.0,75.58417792792793,14208,9984,402653184.0,40265318.4
Dragonfly+,757,1535354880.0,75.59121621621621,14208,9984,402653184.0,40265318.4
Dragonfly+,758,1535354880.0,75.5982545045045,14208,9984,402653184.0,40265318.4
Dragonfly+,759,1535354880.0,75.6052927927928,14208,9984,402653184.0,40265318.4
Dragonfly+,760,1535354880.0,75.61233108108108,14208,9984,402653184.0,40265318.4
Dragonfly+,761,1535354880.0,75.61936936936937,14208,9984,402653184.0,40265318.4
Dragonfly+,762,1535354880.0,75.62640765765765,14208,9984,402653184.0,40265318.4
Dragonfly+,763,1535354880.0,75.63344594594594,14208,9984,402653184.0,40265318.4
Dragonfly+,764,1535354880.0,75.64048423423422,14208,9984,402653184.0,40265318.4
Dragonfly+,765,1535354880.0,75.64752252252252,14208,9984,402653184.0,40265318.4
Dragonfly+,766,1535354880.0,75.6545608108108,14208,9984,402653184.0,40265318.4
Dragonfly+,767,1535354880.0,75.66159909909909,14208,9984,402653184.0,40265318.4
Dragonfly+,768,1535354880.0,75.66863738738738,14208,9984,402653184.0,40265318.4
Dragonfly+,769,1535354880.0,75.67567567567568,14208,9984,402653184.0,40265318.4
Dragonfly+,770,1535354880.0,75.68271396396396,14208,9984,402653184.0,40265318.4
Dragonfly+,771,1535354880.0,75.68975225225225,14208,9984,402653184.0,40265318.4
Dragonfly+,772,1535354880.0,75.69679054054053,14208,9984,402653184.0,40265318.4
Dragonfly+,773,1535354880.0,75.70382882882883,14208,9984,402653184.0,40265318.4
Dragonfly+,774,1535354880.0,75.71086711711712,14208,9984,402653184.0,40265318.4
Dragonfly+,775,1535354880.0,75.7179054054054,14208,9984,402653184.0,40265318.4
Dragonfly+,776,1535354880.0,75.72494369369369,14208,9984,402653184.0,40265318.4
Dragonfly+,777,1535354880.0,75.73198198198197,14208,9984,402653184.0,40265318.4
Dragonfly+,778,1535354880.0,75.73902027027027,14208,9984,402653184.0,40265318.4
Dragonfly+,779,1535354880.0,75.74605855855856,14208,9984,402653184.0,40265318.4
Dragonfly+,780,1535354880.0,75.75309684684684,14208,9984,402653184.0,40265318.4
Dragonfly+,781,1535354880.0,75.76013513513513,14208,9984,402653184.0,40265318.4
Dragonfly+,782,1535354880.0,75.76717342342343,14208,9984,402653184.0,40265318.4
Dragonfly+,783,1535354880.0,75.77421171171171,14208,9984,402653184.0,40265318.4
Dragonfly+,784,1535354880.0,75.78125,14208,9984,402653184.0,40265318.4
Dragonfly+,785,1535354880.0,75.78828828828829,14208,9984,402653184.0,40265318.4
Dragonfly+,786,1535354880.0,75.79532657657657,14208,9984,402653184.0,40265318.4
Dragonfly+,787,1535354880.0,75.80236486486487,14208,9984,402653184.0,40265318.4
Dragonfly+,788,1535354880.0,75.80940315315316,14208,9984,402653184.0,40265318.4
Dragonfly+,789,1535354880.0,75.81644144144144,14208,9984,402653184.0,40265318.4
Dragonfly+,790,1535354880.0,75.82347972972973,14208,9984,402653184.0,40265318.4
Dragonfly+,791,1535354880.0,75.83051801801803,14208,9984,402653184.0,40265318.4
Dragonfly+,792,1535354880.0,75.83755630630631,14208,9984,402653184.0,40265318.4
Dragonfly+,793,1535354880.0,75.8445945945946,14208,9984,402653184.0,40265318.4
Dragonfly+,794,1535354880.0,75.85163288288288,14208,9984,402653184.0,40265318.4
Dragonfly+,795,1535354880.0,75.85867117117117,14208,9984,402653184.0,40265318.4
Dragonfly+,796,1535354880.0,75.86570945945947,14208,9984,402653184.0,40265318.4
Dragonfly+,797,1535354880.0,75.87274774774775,14208,9984,402653184.0,40265318.4
Dragonfly+,798,1535354880.0,75.87978603603604,14208,9984,402653184.0,40265318.4
Dragonfly+,799,1535354880.0,75.88682432432432,14208,9984,402653184.0,40265318.4
Dragonfly+,800,1535354880.0,75.89386261261262,14208,9984,402653184.0,40265318.4
Dragonfly+,801,1535354880.0,75.90090090090091,14208,9984,402653184.0,40265318.4
Dragonfly+,802,1535354880.0,75.9079391891892,14208,9984,402653184.0,40265318.4
Dragonfly+,803,1535354880.0,75.91497747747748,14208,9984,402653184.0,40265318.4
Dragonfly+,804,1535354880.0,75.92201576576578,14208,9984,402653184.0,40265318.4
Dragonfly+,805,1535354880.0,75.92905405405406,14208,9984,402653184.0,40265318.4
Dragonfly+,806,1535354880.0,75.93609234234235,14208,9984,402653184.0,40265318.4
Dragonfly+,807,1535354880.0,75.94313063063063,14208,9984,402653184.0,40265318.4
Dragonfly+,808,1535354880.0,75.95016891891892,14208,9984,402653184.0,40265318.4
Dragonfly+,809,1535354880.0,75.9572072072072,14208,9984,402653184.0,40265318.4
Dragonfly+,810,1535354880.0,75.9642454954955,14208,9984,402653184.0,40265318.4
Dragonfly+,811,1535354880.0,75.97128378378379,14208,9984,402653184.0,40265318.4
Dragonfly+,812,1535354880.0,75.97832207207207,14208,9984,402653184.0,40265318.4
Dragonfly+,813,1535354880.0,75.98536036036036,14208,9984,402653184.0,40265318.4
Dragonfly+,814,1535354880.0,75.99239864864865,14208,9984,402653184.0,40265318.4
Dragonfly+,815,1535354880.0,75.99943693693693,14208,9984,402653184.0,40265318.4
Dragonfly+,816,1535354880.0,76.00647522522522,14208,9984,402653184.0,40265318.4
Dragonfly+,817,1535354880.0,76.01351351351352,14208,9984,402653184.0,40265318.4
Dragonfly+,818,1535354880.0,76.0205518018018,14208,9984,402653184.0,40265318.4
Dragonfly+,819,1535354880.0,76.02759009009009,14208,9984,402653184.0,40265318.4
Dragonfly+,820,1535354880.0,76.03462837837837,14208,9984,402653184.0,40265318.4
Dragonfly+,821,1535354880.0,76.04166666666666,14208,9984,402653184.0,40265318.4
Dragonfly+,822,1535354880.0,76.04870495495496,14208,9984,402653184.0,40265318.4
Dragonfly+,823,1535354880.0,76.05574324324324,14208,9984,402653184.0,40265318.4
Dragonfly+,824,1535354880.0,76.06278153153153,14208,9984,402653184.0,40265318.4
Dragonfly+,825,1535354880.0,76.06981981981981,14208,9984,402653184.0,40265318.4
Dragonfly+,826,1535354880.0,76.0768581081081,14208,9984,402653184.0,40265318.4
Dragonfly+,827,1535354880.0,76.0838963963964,14208,9984,402653184.0,40265318.4
Dragonfly+,828,1535354880.0,76.09093468468468,14208,9984,402653184.0,40265318.4
Dragonfly+,829,1535354880.0,76.09797297297297,14208,9984,402653184.0,40265318.4
Dragonfly+,830,1535354880.0,76.10501126126125,14208,9984,402653184.0,40265318.4
Dragonfly+,831,1535354880.0,76.11204954954955,14208,9984,402653184.0,40265318.4
Dragonfly+,832,1535354880.0,76.11908783783784,14208,9984,402653184.0,40265318.4
Dragonfly+,833,1535354880.0,76.12612612612612,14208,9984,402653184.0,40265318.4
Dragonfly+,834,1535354880.0,76.13316441441441,14208,9984,402653184.0,40265318.4
Dragonfly+,835,1535354880.0,76.1402027027027,14208,9984,402653184.0,40265318.4
Dragonfly+,836,1535354880.0,76.147240990991,14208,9984,402653184.0,40265318.4
Dragonfly+,837,1535354880.0,76.15427927927928,14208,9984,402653184.0,40265318.4
Dragonfly+,838,1535354880.0,76.16131756756756,14208,9984,402653184.0,40265318.4
Dragonfly+,839,1535354880.0,76.16835585585585,14208,9984,402653184.0,40265318.4
Dragonfly+,840,1535354880.0,76.17539414414415,14208,9984,402653184.0,40265318.4
Dragonfly+,841,1535354880.0,76.18243243243244,14208,9984,402653184.0,40265318.4
Dragonfly+,842,1535354880.0,76.18947072072072,14208,9984,402653184.0,40265318.4
Dragonfly+,843,1535354880.0,76.196509009009,14208,9984,402653184.0,40265318.4
Dragonfly+,844,1535354880.0,76.2035472972973,14208,9984,402653184.0,40265318.4
Dragonfly+,845,1535354880.0,76.21058558558559,14208,9984,402653184.0,40265318.4
Dragonfly+,846,1535354880.0,76.21762387387388,14208,9984,402653184.0,40265318.4
Dragonfly+,847,1535354880.0,76.22466216216216,14208,9984,402653184.0,40265318.4
Dragonfly+,848,1535354880.0,76.23170045045045,14208,9984,402653184.0,40265318.4
Dragonfly+,849,1535354880.0,76.23873873873875,14208,9984,402653184.0,40265318.4
Dragonfly+,850,1535354880.0,76.24577702702703,14208,9984,402653184.0,40265318.4
Dragonfly+,851,1535354880.0,76.25281531531532,14208,9984,402653184.0,40265318.4
Dragonfly+,852,1535354880.0,76.2598536036036,14208,9984,402653184.0,40265318.4
Dragonfly+,853,1535354880.0,76.2668918918919,14208,9984,402653184.0,40265318.4
Dragonfly+,854,1535354880.0,76.27393018018019,14208,9984,402653184.0,40265318.4
Dragonfly+,855,1535354880.0,76.28096846846847,14208,9984,402653184.0,40265318.4
Dragonfly+,856,1535354880.0,76.28800675675676,14208,9984,402653184.0,40265318.4
Dragonfly+,857,1535354880.0,76.29504504504504,14208,9984,402653184.0,40265318.4
Dragonfly+,858,1535354880.0,76.30208333333334,14208,9984,402653184.0,40265318.4
Dragonfly+,859,1535354880.0,76.30912162162163,14208,9984,402653184.0,40265318.4
Dragonfly+,860,1535354880.0,76.31615990990991,14208,9984,402653184.0,40265318.4
Dragonfly+,861,1535354880.0,76.3231981981982,14208,9984,402653184.0,40265318.4
Dragonfly+,862,1535354880.0,76.33023648648648,14208,9984,402653184.0,40265318.4
Dragonfly+,863,1535354880.0,76.33727477477478,14208,9984,402653184.0,40265318.4
Dragonfly+,864,1535354880.0,76.34431306306307,14208,9984,402653184.0,40265318.4
Dragonfly+,865,1535354880.0,76.35135135135135,14208,9984,402653184.0,40265318.4
Dragonfly+,866,1535354880.0,76.35838963963964,14208,9984,402653184.0,40265318.4
Dragonfly+,867,1535354880.0,76.36542792792793,14208,9984,402653184.0,40265318.4
Dragonfly+,868,1535354880.0,76.37246621621621,14208,9984,402653184.0,40265318.4
Dragonfly+,869,1535354880.0,76.3795045045045,14208,9984,402653184.0,40265318.4
Dragonfly+,870,1535354880.0,76.3865427927928,14208,9984,402653184.0,40265318.4
Dragonfly+,871,1535354880.0,76.39358108108108,14208,9984,402653184.0,40265318.4
Dragonfly+,872,1535354880.0,76.40061936936937,14208,9984,402653184.0,40265318.4
Dragonfly+,873,1535354880.0,76.40765765765765,14208,9984,402653184.0,40265318.4
Dragonfly+,874,1535354880.0,76.41469594594594,14208,9984,402653184.0,40265318.4
Dragonfly+,875,1535354880.0,76.42173423423422,14208,9984,402653184.0,40265318.4
Dragonfly+,876,1535354880.0,76.42877252252252,14208,9984,402653184.0,40265318.4
Dragonfly+,877,1535354880.0,76.4358108108108,14208,9984,402653184.0,40265318.4
Dragonfly+,878,1535354880.0,76.44284909909909,14208,9984,402653184.0,40265318.4
Dragonfly+,879,1535354880.0,76.44988738738738,14208,9984,402653184.0,40265318.4
Dragonfly+,880,1535354880.0,76.45692567567568,14208,9984,402653184.0,40265318.4
Dragonfly+,881,1535354880.0,76.46396396396396,14208,9984,402653184.0,40265318.4
Dragonfly+,882,1535354880.0,76.47100225225225,14208,9984,402653184.0,40265318.4
Dragonfly+,883,1535354880.0,76.47804054054053,14208,9984,402653184.0,40265318.4
Dragonfly+,884,1535354880.0,76.48507882882883,14208,9984,402653184.0,40265318.4
Dragonfly+,885,1535354880.0,76.49211711711712,14208,9984,402653184.0,40265318.4
Dragonfly+,886,1535354880.0,76.4991554054054,14208,9984,402653184.0,40265318.4
Dragonfly+,887,1535354880.0,76.50619369369369,14208,9984,402653184.0,40265318.4
Dragonfly+,888,1535354880.0,76.51323198198197,14208,9984,402653184.0,40265318.4
Dragonfly+,889,1535354880.0,76.52027027027027,14208,9984,402653184.0,40265318.4
Dragonfly+,890,1535354880.0,76.52730855855856,14208,9984,402653184.0,40265318.4
Dragonfly+,891,1535354880.0,76.53434684684684,14208,9984,402653184.0,40265318.4
Dragonfly+,892,1535354880.0,76.54138513513513,14208,9984,402653184.0,40265318.4
Dragonfly+,893,1535354880.0,76.54842342342343,14208,9984,402653184.0,40265318.4
Dragonfly+,894,1535354880.0,76.55546171171171,14208,9984,402653184.0,40265318.4
Dragonfly+,895,1535354880.0,76.5625,14208,9984,402653184.0,40265318.4
Dragonfly+,896,1535354880.0,76.56953828828829,14208,9984,402653184.0,40265318.4
Dragonfly+,897,1535354880.0,76.57657657657657,14208,9984,402653184.0,40265318.4
Dragonfly+,898,1535354880.0,76.58361486486487,14208,9984,402653184.0,40265318.4
Dragonfly+,899,1535354880.0,76.59065315315316,14208,9984,402653184.0,40265318.4
Dragonfly+,900,1535354880.0,76.59769144144144,14208,9984,402653184.0,40265318.4
Dragonfly+,901,1535354880.0,76.60472972972973,14208,9984,402653184.0,40265318.4
Dragonfly+,902,1535354880.0,76.61176801801803,14208,9984,402653184.0,40265318.4
Dragonfly+,903,1535354880.0,76.61880630630631,14208,9984,402653184.0,40265318.4
Dragonfly+,904,1535354880.0,76.6258445945946,14208,9984,402653184.0,40265318.4
Dragonfly+,905,1535354880.0,76.63288288288288,14208,9984,402653184.0,40265318.4
Dragonfly+,906,1535354880.0,76.63992117117117,14208,9984,402653184.0,40265318.4
Dragonfly+,907,1535354880.0,76.64695945945947,14208,9984,402653184.0,40265318.4
Dragonfly+,908,1535354880.0,76.65399774774775,14208,9984,402653184.0,40265318.4
Dragonfly+,909,1535354880.0,76.66103603603604,14208,9984,402653184.0,40265318.4
Dragonfly+,910,1535354880.0,76.66807432432432,14208,9984,402653184.0,40265318.4
Dragonfly+,911,1535354880.0,76.67511261261262,14208,9984,402653184.0,40265318.4
Dragonfly+,912,1535354880.0,76.68215090090091,14208,9984,402653184.0,40265318.4
Dragonfly+,913,1535354880.0,76.6891891891892,14208,9984,402653184.0,40265318.4
Dragonfly+,914,1535354880.0,76.69622747747748,14208,9984,402653184.0,40265318.4
Dragonfly+,915,1535354880.0,76.70326576576578,14208,9984,402653184.0,40265318.4
Dragonfly+,916,1535354880.0,76.71030405405406,14208,9984,402653184.0,40265318.4
Dragonfly+,917,1535354880.0,76.71734234234235,14208,9984,402653184.0,40265318.4
Dragonfly+,918,1535354880.0,76.72438063063063,14208,9984,402653184.0,40265318.4
Dragonfly+,919,1535354880.0,76.73141891891892,14208,9984,402653184.0,40265318.4
Dragonfly+,920,1535354880.0,76.7384572072072,14208,9984,402653184.0,40265318.4
Dragonfly+,921,1535354880.0,76.7454954954955,14208,9984,402653184.0,40265318.4
Dragonfly+,922,1535354880.0,76.75253378378379,14208,9984,402653184.0,40265318.4
Dragonfly+,923,1535354880.0,76.75957207207207,14208,9984,402653184.0,40265318.4
Dragonfly+,924,1535354880.0,76.76661036036036,14208,9984,402653184.0,40265318.4
Dragonfly+,925,1535354880.0,76.77364864864865,14208,9984,402653184.0,40265318.4
Dragonfly+,926,1535354880.0,76.78068693693693,14208,9984,402653184.0,40265318.4
Dragonfly+,927,1535354880.0,76.78772522522522,14208,9984,402653184.0,40265318.4
Dragonfly+,928,1535354880.0,76.79476351351352,14208,9984,402653184.0,40265318.4
Dragonfly+,929,1535354880.0,76.8018018018018,14208,9984,402653184.0,40265318.4
Dragonfly+,930,1535354880.0,76.80884009009009,14208,9984,402653184.0,40265318.4
Dragonfly+,931,1535354880.0,76.81587837837837,14208,9984,402653184.0,40265318.4
Dragonfly+,932,1535354880.0,76.82291666666666,14208,9984,402653184.0,40265318.4
Dragonfly+,933,1535354880.0,76.82995495495496,14208,9984,402653184.0,40265318.4
Dragonfly+,934,1535354880.0,76.83699324324324,14208,9984,402653184.0,40265318.4
Dragonfly+,935,1535354880.0,76.84403153153153,14208,9984,402653184.0,40265318.4
Dragonfly+,936,1535354880.0,76.85106981981981,14208,9984,402653184.0,40265318.4
Dragonfly+,937,1535354880.0,76.8581081081081,14208,9984,402653184.0,40265318.4
Dragonfly+,938,1535354880.0,76.8651463963964,14208,9984,402653184.0,40265318.4
Dragonfly+,939,1535354880.0,76.87218468468468,14208,9984,402653184.0,40265318.4
Dragonfly+,940,1535354880.0,76.87922297297297,14208,9984,402653184.0,40265318.4
Dragonfly+,941,1535354880.0,76.88626126126125,14208,9984,402653184.0,40265318.4
Dragonfly+,942,1535354880.0,76.89329954954955,14208,9984,402653184.0,40265318.4
Dragonfly+,943,1535354880.0,76.90033783783784,14208,9984,402653184.0,40265318.4
Dragonfly+,944,1535354880.0,76.90737612612612,14208,9984,402653184.0,40265318.4
Dragonfly+,945,1535354880.0,76.91441441441441,14208,9984,402653184.0,40265318.4
Dragonfly+,946,1535354880.0,76.9214527027027,14208,9984,402653184.0,40265318.4
Dragonfly+,947,1535354880.0,76.928490990991,14208,9984,402653184.0,40265318.4
Dragonfly+,948,1535354880.0,76.93552927927928,14208,9984,402653184.0,40265318.4
Dragonfly+,949,1535354880.0,76.94256756756756,14208,9984,402653184.0,40265318.4
Dragonfly+,950,1535354880.0,76.94960585585585,14208,9984,402653184.0,40265318.4
Dragonfly+,951,1535354880.0,76.95664414414415,14208,9984,402653184.0,40265318.4
Dragonfly+,952,1535354880.0,76.96368243243244,14208,9984,402653184.0,40265318.4
Dragonfly+,953,1535354880.0,76.97072072072072,14208,9984,402653184.0,40265318.4
Dragonfly+,954,1535354880.0,76.977759009009,14208,9984,402653184.0,40265318.4
Dragonfly+,955,1535354880.0,76.9847972972973,14208,9984,402653184.0,40265318.4
Dragonfly+,956,1535354880.0,76.99183558558559,14208,9984,402653184.0,40265318.4
Dragonfly+,957,1535354880.0,76.99887387387388,14208,9984,402653184.0,40265318.4
Dragonfly+,958,1535354880.0,77.00591216216216,14208,9984,402653184.0,40265318.4
Dragonfly+,959,1535354880.0,77.01295045045045,14208,9984,402653184.0,40265318.4
Dragonfly+,960,1535354880.0,77.01998873873875,14208,9984,402653184.0,40265318.4
Dragonfly+,961,1535354880.0,77.02702702702703,14208,9984,402653184.0,40265318.4
Dragonfly+,962,1535354880.0,77.03406531531532,14208,9984,402653184.0,40265318.4
Dragonfly+,963,1535354880.0,77.0411036036036,14208,9984,402653184.0,40265318.4
Dragonfly+,964,1535354880.0,77.0481418918919,14208,9984,402653184.0,40265318.4
Dragonfly+,965,1535354880.0,77.05518018018019,14208,9984,402653184.0,40265318.4
Dragonfly+,966,1535354880.0,77.06221846846847,14208,9984,402653184.0,40265318.4
Dragonfly+,967,1535354880.0,77.06925675675676,14208,9984,402653184.0,40265318.4
Dragonfly+,968,1535354880.0,77.07629504504504,14208,9984,402653184.0,40265318.4
Dragonfly+,969,1535354880.0,77.08333333333334,14208,9984,402653184.0,40265318.4
Dragonfly+,970,1535354880.0,77.09037162162163,14208,9984,402653184.0,40265318.4
Dragonfly+,971,1535354880.0,77.09740990990991,14208,9984,402653184.0,40265318.4
Dragonfly+,972,1535354880.0,77.1044481981982,14208,9984,402653184.0,40265318.4
Dragonfly+,973,1535354880.0,77.11148648648648,14208,9984,402653184.0,40265318.4
Dragonfly+,974,1535354880.0,77.11852477477478,14208,9984,402653184.0,40265318.4
Dragonfly+,975,1535354880.0,77.12556306306307,14208,9984,402653184.0,40265318.4
Dragonfly+,976,1535354880.0,77.13260135135135,14208,9984,402653184.0,40265318.4
Dragonfly+,977,1535354880.0,77.13963963963964,14208,9984,402653184.0,40265318.4
Dragonfly+,978,1535354880.0,77.14667792792793,14208,9984,402653184.0,40265318.4
Dragonfly+,979,1535354880.0,77.15371621621621,14208,9984,402653184.0,40265318.4
Dragonfly+,980,1535354880.0,77.1607545045045,14208,9984,402653184.0,40265318.4
Dragonfly+,981,1535354880.0,77.1677927927928,14208,9984,402653184.0,40265318.4
Dragonfly+,982,1535354880.0,77.17483108108108,14208,9984,402653184.0,40265318.4
Dragonfly+,983,1535354880.0,77.18186936936937,14208,9984,402653184.0,40265318.4
Dragonfly+,984,1535354880.0,77.18890765765765,14208,9984,402653184.0,40265318.4
Dragonfly+,985,1535354880.0,77.19594594594594,14208,9984,402653184.0,40265318.4
Dragonfly+,986,1535354880.0,77.20298423423422,14208,9984,402653184.0,40265318.4
Dragonfly+,987,1535354880.0,77.21002252252252,14208,9984,402653184.0,40265318.4
Dragonfly+,988,1535354880.0,77.2170608108108,14208,9984,402653184.0,40265318.4
Dragonfly+,989,1535354880.0,77.22409909909909,14208,9984,402653184.0,40265318.4
Dragonfly+,990,1535354880.0,77.23113738738738,14208,9984,402653184.0,40265318.4
Dragonfly+,991,1535354880.0,77.23817567567568,14208,9984,402653184.0,40265318.4
Dragonfly+,992,1535354880.0,77.24521396396396,14208,9984,402653184.0,40265318.4
Dragonfly+,993,1535354880.0,77.25225225225225,14208,9984,402653184.0,40265318.4
Dragonfly+,994,1535354880.0,77.25929054054053,14208,9984,402653184.0,40265318.4
Dragonfly+,995,1535354880.0,77.26632882882883,14208,9984,402653184.0,40265318.4
Dragonfly+,996,1535354880.0,77.27336711711712,14208,9984,402653184.0,40265318.4
Dragonfly+,997,1535354880.0,77.2804054054054,14208,9984,402653184.0,40265318.4
Dragonfly+,998,1535354880.0,77.28744369369369,14208,9984,402653184.0,40265318.4
Dragonfly+,999,1535354880.0,77.29448198198197,14208,9984,402653184.0,40265318.4
Dragonfly+,1000,1535354880.0,77.30152027027027,14208,9984,402653184.0,40265318.4
Dragonfly+,1001,1535354880.0,77.30855855855856,14208,9984,402653184.0,40265318.4
Dragonfly+,1002,1535354880.0,77.31559684684684,14208,9984,402653184.0,40265318.4
Dragonfly+,1003,1535354880.0,77.32263513513513,14208,9984,402653184.0,40265318.4
Dragonfly+,1004,1535354880.0,77.32967342342343,14208,9984,402653184.0,40265318.4
Dragonfly+,1005,1535354880.0,77.33671171171171,14208,9984,402653184.0,40265318.4
Dragonfly+,1006,1535354880.0,77.34375,14208,9984,402653184.0,40265318.4
Dragonfly+,1007,1535354880.0,77.35078828828829,14208,9984,402653184.0,40265318.4
Dragonfly+,1008,1535354880.0,77.35782657657657,14208,9984,402653184.0,40265318.4
Dragonfly+,1009,1535354880.0,77.36486486486487,14208,9984,402653184.0,40265318.4
Dragonfly+,1010,1535354880.0,77.37190315315316,14208,9984,402653184.0,40265318.4
Dragonfly+,1011,1535354880.0,77.37894144144144,14208,9984,402653184.0,40265318.4
Dragonfly+,1012,1535354880.0,77.38597972972973,14208,9984,402653184.0,40265318.4
Dragonfly+,1013,1535354880.0,77.39301801801803,14208,9984,402653184.0,40265318.4
Dragonfly+,1014,1535354880.0,77.40005630630631,14208,9984,402653184.0,40265318.4
Dragonfly+,1015,1535354880.0,77.4070945945946,14208,9984,402653184.0,40265318.4
Dragonfly+,1016,1535354880.0,77.41413288288288,14208,9984,402653184.0,40265318.4
Dragonfly+,1017,1535354880.0,77.42117117117117,14208,9984,402653184.0,40265318.4
Dragonfly+,1018,1535354880.0,77.42820945945947,14208,9984,402653184.0,40265318.4
Dragonfly+,1019,1535354880.0,77.43524774774775,14208,9984,402653184.0,40265318.4
Dragonfly+,1020,1535354880.0,77.44228603603604,14208,9984,402653184.0,40265318.4
Dragonfly+,1021,1535354880.0,77.44932432432432,14208,9984,402653184.0,40265318.4
Dragonfly+,1022,1535354880.0,77.45636261261262,14208,9984,402653184.0,40265318.4
Dragonfly+,1023,1535354880.0,77.46340090090091,14208,9984,402653184.0,40265318.4
Dragonfly+,1024,1535354880.0,77.4704391891892,14208,9984,402653184.0,40265318.4
Dragonfly+,1025,1535354880.0,77.47747747747748,14208,9984,402653184.0,40265318.4
Dragonfly+,1026,1535354880.0,77.48451576576578,14208,9984,402653184.0,40265318.4
Dragonfly+,1027,1535354880.0,77.49155405405406,14208,9984,402653184.0,40265318.4
Dragonfly+,1028,1535354880.0,77.49859234234235,14208,9984,402653184.0,40265318.4
Dragonfly+,1029,1535354880.0,77.50563063063063,14208,9984,402653184.0,40265318.4
Dragonfly+,1030,1535354880.0,77.51266891891892,14208,9984,402653184.0,40265318.4
Dragonfly+,1031,1535354880.0,77.5197072072072,14208,9984,402653184.0,40265318.4
Dragonfly+,1032,1535354880.0,77.5267454954955,14208,9984,402653184.0,40265318.4
Dragonfly+,1033,1535354880.0,77.53378378378379,14208,9984,402653184.0,40265318.4
Dragonfly+,1034,1535354880.0,77.54082207207207,14208,9984,402653184.0,40265318.4
Dragonfly+,1035,1535354880.0,77.54786036036036,14208,9984,402653184.0,40265318.4
Dragonfly+,1036,1535354880.0,77.55489864864865,14208,9984,402653184.0,40265318.4
Dragonfly+,1037,1535354880.0,77.56193693693693,14208,9984,402653184.0,40265318.4
Dragonfly+,1038,1535354880.0,77.56897522522522,14208,9984,402653184.0,40265318.4
Dragonfly+,1039,1535354880.0,77.57601351351352,14208,9984,402653184.0,40265318.4
Dragonfly+,1040,1535354880.0,77.5830518018018,14208,9984,402653184.0,40265318.4
Dragonfly+,1041,1535354880.0,77.59009009009009,14208,9984,402653184.0,40265318.4
Dragonfly+,1042,1535354880.0,77.59712837837837,14208,9984,402653184.0,40265318.4
Dragonfly+,1043,1535354880.0,77.60416666666666,14208,9984,402653184.0,40265318.4
Dragonfly+,1044,1535354880.0,77.61120495495496,14208,9984,402653184.0,40265318.4
Dragonfly+,1045,1535354880.0,77.61824324324324,14208,9984,402653184.0,40265318.4
Dragonfly+,1046,1535354880.0,77.62528153153153,14208,9984,402653184.0,40265318.4
Dragonfly+,1047,1535354880.0,77.63231981981981,14208,9984,402653184.0,40265318.4
Dragonfly+,1048,1535354880.0,77.6393581081081,14208,9984,402653184.0,40265318.4
Dragonfly+,1049,1535354880.0,77.6463963963964,14208,9984,402653184.0,40265318.4
Dragonfly+,1050,1535354880.0,77.65343468468468,14208,9984,402653184.0,40265318.4
Dragonfly+,1051,1535354880.0,77.66047297297297,14208,9984,402653184.0,40265318.4
Dragonfly+,1052,1535354880.0,77.66751126126125,14208,9984,402653184.0,40265318.4
Dragonfly+,1053,1535354880.0,77.67454954954955,14208,9984,402653184.0,40265318.4
Dragonfly+,1054,1535354880.0,77.68158783783784,14208,9984,402653184.0,40265318.4
Dragonfly+,1055,1535354880.0,77.68862612612612,14208,9984,402653184.0,40265318.4
Dragonfly+,1056,1535354880.0,77.69566441441441,14208,9984,402653184.0,40265318.4
Dragonfly+,1057,1535354880.0,77.7027027027027,14208,9984,402653184.0,40265318.4
Dragonfly+,1058,1535354880.0,77.709740990991,14208,9984,402653184.0,40265318.4
Dragonfly+,1059,1535354880.0,77.71677927927928,14208,9984,402653184.0,40265318.4
Dragonfly+,1060,1535354880.0,77.72381756756756,14208,9984,402653184.0,40265318.4
Dragonfly+,1061,1535354880.0,77.73085585585585,14208,9984,402653184.0,40265318.4
Dragonfly+,1062,1535354880.0,77.73789414414415,14208,9984,402653184.0,40265318.4
Dragonfly+,1063,1535354880.0,77.74493243243244,14208,9984,402653184.0,40265318.4
Dragonfly+,1064,1535354880.0,77.75197072072072,14208,9984,402653184.0,40265318.4
Dragonfly+,1065,1535354880.0,77.759009009009,14208,9984,402653184.0,40265318.4
Dragonfly+,1066,1535354880.0,77.7660472972973,14208,9984,402653184.0,40265318.4
Dragonfly+,1067,1535354880.0,77.77308558558559,14208,9984,402653184.0,40265318.4
Dragonfly+,1068,1535354880.0,77.78012387387388,14208,9984,402653184.0,40265318.4
Dragonfly+,1069,1535354880.0,77.78716216216216,14208,9984,402653184.0,40265318.4
Dragonfly+,1070,1535354880.0,77.79420045045045,14208,9984,402653184.0,40265318.4
Dragonfly+,1071,1535354880.0,77.80123873873875,14208,9984,402653184.0,40265318.4
Dragonfly+,1072,1535354880.0,77.80827702702703,14208,9984,402653184.0,40265318.4
Dragonfly+,1073,1535354880.0,77.81531531531532,14208,9984,402653184.0,40265318.4
Dragonfly+,1074,1535354880.0,77.8223536036036,14208,9984,402653184.0,40265318.4
Dragonfly+,1075,1535354880.0,77.8293918918919,14208,9984,402653184.0,40265318.4
Dragonfly+,1076,1535354880.0,77.83643018018019,14208,9984,402653184.0,40265318.4
Dragonfly+,1077,1535354880.0,77.84346846846847,14208,9984,402653184.0,40265318.4
Dragonfly+,1078,1535354880.0,77.85050675675676,14208,9984,402653184.0,40265318.4
Dragonfly+,1079,1535354880.0,77.85754504504504,14208,9984,402653184.0,40265318.4
Dragonfly+,1080,1535354880.0,77.86458333333334,14208,9984,402653184.0,40265318.4
Dragonfly+,1081,1535354880.0,77.87162162162163,14208,9984,402653184.0,40265318.4
Dragonfly+,1082,1535354880.0,77.87865990990991,14208,9984,402653184.0,40265318.4
Dragonfly+,1083,1535354880.0,77.8856981981982,14208,9984,402653184.0,40265318.4
Dragonfly+,1084,1535354880.0,77.89273648648648,14208,9984,402653184.0,40265318.4
Dragonfly+,1085,1535354880.0,77.89977477477478,14208,9984,402653184.0,40265318.4
Dragonfly+,1086,1535354880.0,77.90681306306307,14208,9984,402653184.0,40265318.4
Dragonfly+,1087,1535354880.0,77.91385135135135,14208,9984,402653184.0,40265318.4
Dragonfly+,1088,1535354880.0,77.92088963963964,14208,9984,402653184.0,40265318.4
Dragonfly+,1089,1535354880.0,77.92792792792793,14208,9984,402653184.0,40265318.4
Dragonfly+,1090,1535354880.0,77.93496621621621,14208,9984,402653184.0,40265318.4
Dragonfly+,1091,1535354880.0,77.9420045045045,14208,9984,402653184.0,40265318.4
Dragonfly+,1092,1535354880.0,77.9490427927928,14208,9984,402653184.0,40265318.4
Dragonfly+,1093,1535354880.0,77.95608108108108,14208,9984,402653184.0,40265318.4
Dragonfly+,1094,1535354880.0,77.96311936936937,14208,9984,402653184.0,40265318.4
Dragonfly+,1095,1535354880.0,77.97015765765765,14208,9984,402653184.0,40265318.4
Dragonfly+,1096,1535354880.0,77.97719594594594,14208,9984,402653184.0,40265318.4
Dragonfly+,1097,1535354880.0,77.98423423423422,14208,9984,402653184.0,40265318.4
Dragonfly+,1098,1535354880.0,77.99127252252252,14208,9984,402653184.0,40265318.4
Dragonfly+,1099,1535354880.0,77.9983108108108,14208,9984,402653184.0,40265318.4
Dragonfly+,1100,1535354880.0,78.00534909909909,14208,9984,402653184.0,40265318.4
Dragonfly+,1101,1535354880.0,78.01238738738738,14208,9984,402653184.0,40265318.4
Dragonfly+,1102,1535354880.0,78.01942567567568,14208,9984,402653184.0,40265318.4
Dragonfly+,1103,1535354880.0,78.02646396396396,14208,9984,402653184.0,40265318.4
Dragonfly+,1104,1535354880.0,78.03350225225225,14208,9984,402653184.0,40265318.4
Dragonfly+,1105,1535354880.0,78.04054054054053,14208,9984,402653184.0,40265318.4
Dragonfly+,1106,1535354880.0,78.04757882882883,14208,9984,402653184.0,40265318.4
Dragonfly+,1107,1535354880.0,78.05461711711712,14208,9984,402653184.0,40265318.4
Dragonfly+,1108,1535354880.0,78.0616554054054,14208,9984,402653184.0,40265318.4
Dragonfly+,1109,1535354880.0,78.06869369369369,14208,9984,402653184.0,40265318.4
Dragonfly+,1110,1535354880.0,78.07573198198197,14208,9984,402653184.0,40265318.4
Dragonfly+,1111,1535354880.0,78.08277027027027,14208,9984,402653184.0,40265318.4
Dragonfly+,1112,1535354880.0,78.08980855855856,14208,9984,402653184.0,40265318.4
Dragonfly+,1113,1535354880.0,78.09684684684684,14208,9984,402653184.0,40265318.4
Dragonfly+,1114,1535354880.0,78.10388513513513,14208,9984,402653184.0,40265318.4
Dragonfly+,1115,1535354880.0,78.11092342342343,14208,9984,402653184.0,40265318.4
Dragonfly+,1116,1535354880.0,78.11796171171171,14208,9984,402653184.0,40265318.4
Dragonfly+,1117,1535354880.0,78.125,14208,9984,402653184.0,40265318.4
Dragonfly+,1118,1535354880.0,78.13203828828829,14208,9984,402653184.0,40265318.4
Dragonfly+,1119,1535354880.0,78.13907657657657,14208,9984,402653184.0,40265318.4
Dragonfly+,1120,1535354880.0,78.14611486486487,14208,9984,402653184.0,40265318.4
Dragonfly+,1121,1535354880.0,78.15315315315316,14208,9984,402653184.0,40265318.4
Dragonfly+,1122,1535354880.0,78.16019144144144,14208,9984,402653184.0,40265318.4
Dragonfly+,1123,1535354880.0,78.16722972972973,14208,9984,402653184.0,40265318.4
Dragonfly+,1124,1535354880.0,78.17426801801803,14208,9984,402653184.0,40265318.4
Dragonfly+,1125,1535354880.0,78.18130630630631,14208,9984,402653184.0,40265318.4
Dragonfly+,1126,1535354880.0,78.1883445945946,14208,9984,402653184.0,40265318.4
Dragonfly+,1127,1535354880.0,78.19538288288288,14208,9984,402653184.0,40265318.4
Dragonfly+,1128,1535354880.0,78.20242117117117,14208,9984,402653184.0,40265318.4
Dragonfly+,1129,1535354880.0,78.20945945945947,14208,9984,402653184.0,40265318.4
Dragonfly+,1130,1535354880.0,78.21649774774775,14208,9984,402653184.0,40265318.4
Dragonfly+,1131,1535354880.0,78.22353603603604,14208,9984,402653184.0,40265318.4
Dragonfly+,1132,1535354880.0,78.23057432432432,14208,9984,402653184.0,40265318.4
Dragonfly+,1133,1535354880.0,78.23761261261262,14208,9984,402653184.0,40265318.4
Dragonfly+,1134,1535354880.0,78.24465090090091,14208,9984,402653184.0,40265318.4
Dragonfly+,1135,1535354880.0,78.2516891891892,14208,9984,402653184.0,40265318.4
Dragonfly+,1136,1535354880.0,78.25872747747748,14208,9984,402653184.0,40265318.4
Dragonfly+,1137,1535354880.0,78.26576576576578,14208,9984,402653184.0,40265318.4
Dragonfly+,1138,1535354880.0,78.27280405405406,14208,9984,402653184.0,40265318.4
Dragonfly+,1139,1535354880.0,78.27984234234235,14208,9984,402653184.0,40265318.4
Dragonfly+,1140,1535354880.0,78.28688063063063,14208,9984,402653184.0,40265318.4
Dragonfly+,1141,1535354880.0,78.29391891891892,14208,9984,402653184.0,40265318.4
Dragonfly+,1142,1535354880.0,78.3009572072072,14208,9984,402653184.0,40265318.4
Dragonfly+,1143,1535354880.0,78.3079954954955,14208,9984,402653184.0,40265318.4
Dragonfly+,1144,1535354880.0,78.31503378378379,14208,9984,402653184.0,40265318.4
Dragonfly+,1145,1535354880.0,78.32207207207207,14208,9984,402653184.0,40265318.4
Dragonfly+,1146,1535354880.0,78.32911036036036,14208,9984,402653184.0,40265318.4
Dragonfly+,1147,1535354880.0,78.33614864864865,14208,9984,402653184.0,40265318.4
Dragonfly+,1148,1535354880.0,78.34318693693693,14208,9984,402653184.0,40265318.4
Dragonfly+,1149,1535354880.0,78.35022522522522,14208,9984,402653184.0,40265318.4
Dragonfly+,1150,1535354880.0,78.35726351351352,14208,9984,402653184.0,40265318.4
Dragonfly+,1151,1535354880.0,78.3643018018018,14208,9984,402653184.0,40265318.4
Dragonfly+,1152,1535354880.0,78.37134009009009,14208,9984,402653184.0,40265318.4
Dragonfly+,1153,1535354880.0,78.37837837837837,14208,9984,402653184.0,40265318.4
Dragonfly+,1154,1535354880.0,78.38541666666666,14208,9984,402653184.0,40265318.4
Dragonfly+,1155,1535354880.0,78.39245495495496,14208,9984,402653184.0,40265318.4
Dragonfly+,1156,1535354880.0,78.39949324324324,14208,9984,402653184.0,40265318.4
Dragonfly+,1157,1535354880.0,78.40653153153153,14208,9984,402653184.0,40265318.4
Dragonfly+,1158,1535354880.0,78.41356981981981,14208,9984,402653184.0,40265318.4
Dragonfly+,1159,1535354880.0,78.4206081081081,14208,9984,402653184.0,40265318.4
Dragonfly+,1160,1535354880.0,78.4276463963964,14208,9984,402653184.0,40265318.4
Dragonfly+,1161,1535354880.0,78.43468468468468,14208,9984,402653184.0,40265318.4
Dragonfly+,1162,1535354880.0,78.44172297297297,14208,9984,402653184.0,40265318.4
Dragonfly+,1163,1535354880.0,78.44876126126125,14208,9984,402653184.0,40265318.4
Dragonfly+,1164,1535354880.0,78.45579954954955,14208,9984,402653184.0,40265318.4
Dragonfly+,1165,1535354880.0,78.46283783783784,14208,9984,402653184.0,40265318.4
Dragonfly+,1166,1535354880.0,78.46987612612612,14208,9984,402653184.0,40265318.4
Dragonfly+,1167,1535354880.0,78.47691441441441,14208,9984,402653184.0,40265318.4
Dragonfly+,1168,1535354880.0,78.4839527027027,14208,9984,402653184.0,40265318.4
Dragonfly+,1169,1535354880.0,78.490990990991,14208,9984,402653184.0,40265318.4
Dragonfly+,1170,1535354880.0,78.49802927927928,14208,9984,402653184.0,40265318.4
Dragonfly+,1171,1535354880.0,78.50506756756756,14208,9984,402653184.0,40265318.4
Dragonfly+,1172,1535354880.0,78.51210585585585,14208,9984,402653184.0,40265318.4
Dragonfly+,1173,1535354880.0,78.51914414414415,14208,9984,402653184.0,40265318.4
Dragonfly+,1174,1535354880.0,78.52618243243244,14208,9984,402653184.0,40265318.4
Dragonfly+,1175,1535354880.0,78.53322072072072,14208,9984,402653184.0,40265318.4
Dragonfly+,1176,1535354880.0,78.540259009009,14208,9984,402653184.0,40265318.4
Dragonfly+,1177,1535354880.0,78.5472972972973,14208,9984,402653184.0,40265318.4
Dragonfly+,1178,1535354880.0,78.55433558558559,14208,9984,402653184.0,40265318.4
Dragonfly+,1179,1535354880.0,78.56137387387388,14208,9984,402653184.0,40265318.4
Dragonfly+,1180,1535354880.0,78.56841216216216,14208,9984,402653184.0,40265318.4
Dragonfly+,1181,1535354880.0,78.57545045045045,14208,9984,402653184.0,40265318.4
Dragonfly+,1182,1535354880.0,78.58248873873875,14208,9984,402653184.0,40265318.4
Dragonfly+,1183,1535354880.0,78.58952702702703,14208,9984,402653184.0,40265318.4
Dragonfly+,1184,1535354880.0,78.59656531531532,14208,9984,402653184.0,40265318.4
Dragonfly+,1185,1535354880.0,78.6036036036036,14208,9984,402653184.0,40265318.4
Dragonfly+,1186,1535354880.0,78.6106418918919,14208,9984,402653184.0,40265318.4
Dragonfly+,1187,1535354880.0,78.61768018018019,14208,9984,402653184.0,40265318.4
Dragonfly+,1188,1535354880.0,78.62471846846847,14208,9984,402653184.0,40265318.4
Dragonfly+,1189,1535354880.0,78.63175675675676,14208,9984,402653184.0,40265318.4
Dragonfly+,1190,1535354880.0,78.63879504504504,14208,9984,402653184.0,40265318.4
Dragonfly+,1191,1535354880.0,78.64583333333334,14208,9984,402653184.0,40265318.4
Dragonfly+,1192,1535354880.0,78.65287162162163,14208,9984,402653184.0,40265318.4
Dragonfly+,1193,1535354880.0,78.65990990990991,14208,9984,402653184.0,40265318.4
Dragonfly+,1194,1535354880.0,78.6669481981982,14208,9984,402653184.0,40265318.4
Dragonfly+,1195,1535354880.0,78.67398648648648,14208,9984,402653184.0,40265318.4
Dragonfly+,1196,1535354880.0,78.68102477477478,14208,9984,402653184.0,40265318.4
Dragonfly+,1197,1535354880.0,78.68806306306307,14208,9984,402653184.0,40265318.4
Dragonfly+,1198,1535354880.0,78.69510135135135,14208,9984,402653184.0,40265318.4
Dragonfly+,1199,1535354880.0,78.70213963963964,14208,9984,402653184.0,40265318.4
Dragonfly+,1200,1535354880.0,78.70917792792793,14208,9984,402653184.0,40265318.4
Dragonfly+,1201,1535354880.0,78.71621621621621,14208,9984,402653184.0,40265318.4
Dragonfly+,1202,1535354880.0,78.7232545045045,14208,9984,402653184.0,40265318.4
Dragonfly+,1203,1535354880.0,78.7302927927928,14208,9984,402653184.0,40265318.4
Dragonfly+,1204,1535354880.0,78.73733108108108,14208,9984,402653184.0,40265318.4
Dragonfly+,1205,1535354880.0,78.74436936936937,14208,9984,402653184.0,40265318.4
Dragonfly+,1206,1535354880.0,78.75140765765765,14208,9984,402653184.0,40265318.4
Dragonfly+,1207,1535354880.0,78.75844594594594,14208,9984,402653184.0,40265318.4
Dragonfly+,1208,1535354880.0,78.76548423423422,14208,9984,402653184.0,40265318.4
Dragonfly+,1209,1535354880.0,78.77252252252252,14208,9984,402653184.0,40265318.4
Dragonfly+,1210,1535354880.0,78.7795608108108,14208,9984,402653184.0,40265318.4
Dragonfly+,1211,1535354880.0,78.78659909909909,14208,9984,402653184.0,40265318.4
Dragonfly+,1212,1535354880.0,78.79363738738738,14208,9984,402653184.0,40265318.4
Dragonfly+,1213,1535354880.0,78.80067567567568,14208,9984,402653184.0,40265318.4
Dragonfly+,1214,1535354880.0,78.80771396396396,14208,9984,402653184.0,40265318.4
Dragonfly+,1215,1535354880.0,78.81475225225225,14208,9984,402653184.0,40265318.4
Dragonfly+,1216,1535354880.0,78.82179054054053,14208,9984,402653184.0,40265318.4
Dragonfly+,1217,1535354880.0,78.82882882882883,14208,9984,402653184.0,40265318.4
Dragonfly+,1218,1535354880.0,78.83586711711712,14208,9984,402653184.0,40265318.4
Dragonfly+,1219,1535354880.0,78.8429054054054,14208,9984,402653184.0,40265318.4
Dragonfly+,1220,1535354880.0,78.84994369369369,14208,9984,402653184.0,40265318.4
Dragonfly+,1221,1535354880.0,78.85698198198197,14208,9984,402653184.0,40265318.4
Dragonfly+,1222,1535354880.0,78.86402027027027,14208,9984,402653184.0,40265318.4
Dragonfly+,1223,1535354880.0,78.87105855855856,14208,9984,402653184.0,40265318.4
Dragonfly+,1224,1535354880.0,78.87809684684684,14208,9984,402653184.0,40265318.4
Dragonfly+,1225,1535354880.0,78.88513513513513,14208,9984,402653184.0,40265318.4
Dragonfly+,1226,1535354880.0,78.89217342342343,14208,9984,402653184.0,40265318.4
Dragonfly+,1227,1535354880.0,78.89921171171171,14208,9984,402653184.0,40265318.4
Dragonfly+,1228,1535354880.0,78.90625,14208,9984,402653184.0,40265318.4
Dragonfly+,1229,1535354880.0,78.91328828828829,14208,9984,402653184.0,40265318.4
Dragonfly+,1230,1535354880.0,78.92032657657657,14208,9984,402653184.0,40265318.4
Dragonfly+,1231,1535354880.0,78.92736486486487,14208,9984,402653184.0,40265318.4
Dragonfly+,1232,1535354880.0,78.93440315315316,14208,9984,402653184.0,40265318.4
Dragonfly+,1233,1535354880.0,78.94144144144144,14208,9984,402653184.0,40265318.4
Dragonfly+,1234,1535354880.0,78.94847972972973,14208,9984,402653184.0,40265318.4
Dragonfly+,1235,1535354880.0,78.95551801801803,14208,9984,402653184.0,40265318.4
Dragonfly+,1236,1535354880.0,78.96255630630631,14208,9984,402653184.0,40265318.4
Dragonfly+,1237,1535354880.0,78.9695945945946,14208,9984,402653184.0,40265318.4
Dragonfly+,1238,1535354880.0,78.97663288288288,14208,9984,402653184.0,40265318.4
Dragonfly+,1239,1535354880.0,78.98367117117117,14208,9984,402653184.0,40265318.4
Dragonfly+,1240,1535354880.0,78.99070945945947,14208,9984,402653184.0,40265318.4
Dragonfly+,1241,1535354880.0,78.99774774774775,14208,9984,402653184.0,40265318.4
Dragonfly+,1242,1535354880.0,79.00478603603604,14208,9984,402653184.0,40265318.4
Dragonfly+,1243,1535354880.0,79.01182432432432,14208,9984,402653184.0,40265318.4
Dragonfly+,1244,1535354880.0,79.01886261261262,14208,9984,402653184.0,40265318.4
Dragonfly+,1245,1535354880.0,79.02590090090091,14208,9984,402653184.0,40265318.4
Dragonfly+,1246,1535354880.0,79.0329391891892,14208,9984,402653184.0,40265318.4
Dragonfly+,1247,1535354880.0,79.03997747747748,14208,9984,402653184.0,40265318.4
Dragonfly+,1248,1535354880.0,79.04701576576578,14208,9984,402653184.0,40265318.4
Dragonfly+,1249,1535354880.0,79.05405405405406,14208,9984,402653184.0,40265318.4
Dragonfly+,1250,1535354880.0,79.06109234234235,14208,9984,402653184.0,40265318.4
Dragonfly+,1251,1535354880.0,79.06813063063063,14208,9984,402653184.0,40265318.4
Dragonfly+,1252,1535354880.0,79.07516891891892,14208,9984,402653184.0,40265318.4
Dragonfly+,1253,1535354880.0,79.0822072072072,14208,9984,402653184.0,40265318.4
Dragonfly+,1254,1535354880.0,79.0892454954955,14208,9984,402653184.0,40265318.4
Dragonfly+,1255,1535354880.0,79.09628378378379,14208,9984,402653184.0,40265318.4
Dragonfly+,1256,1535354880.0,79.10332207207207,14208,9984,402653184.0,40265318.4
Dragonfly+,1257,1535354880.0,79.11036036036036,14208,9984,402653184.0,40265318.4
Dragonfly+,1258,1535354880.0,79.11739864864865,14208,9984,402653184.0,40265318.4
Dragonfly+,1259,1535354880.0,79.12443693693693,14208,9984,402653184.0,40265318.4
Dragonfly+,1260,1535354880.0,79.13147522522522,14208,9984,402653184.0,40265318.4
Dragonfly+,1261,1535354880.0,79.13851351351352,14208,9984,402653184.0,40265318.4
Dragonfly+,1262,1535354880.0,79.1455518018018,14208,9984,402653184.0,40265318.4
Dragonfly+,1263,1535354880.0,79.15259009009009,14208,9984,402653184.0,40265318.4
Dragonfly+,1264,1535354880.0,79.15962837837837,14208,9984,402653184.0,40265318.4
Dragonfly+,1265,1535354880.0,79.16666666666666,14208,9984,402653184.0,40265318.4
Dragonfly+,1266,1535354880.0,79.17370495495496,14208,9984,402653184.0,40265318.4
Dragonfly+,1267,1535354880.0,79.18074324324324,14208,9984,402653184.0,40265318.4
Dragonfly+,1268,1535354880.0,79.18778153153153,14208,9984,402653184.0,40265318.4
Dragonfly+,1269,1535354880.0,79.19481981981981,14208,9984,402653184.0,40265318.4
Dragonfly+,1270,1535354880.0,79.2018581081081,14208,9984,402653184.0,40265318.4
Dragonfly+,1271,1535354880.0,79.2088963963964,14208,9984,402653184.0,40265318.4
Dragonfly+,1272,1535354880.0,79.21593468468468,14208,9984,402653184.0,40265318.4
Dragonfly+,1273,1535354880.0,79.22297297297297,14208,9984,402653184.0,40265318.4
Dragonfly+,1274,1535354880.0,79.23001126126125,14208,9984,402653184.0,40265318.4
Dragonfly+,1275,1535354880.0,79.23704954954955,14208,9984,402653184.0,40265318.4
Dragonfly+,1276,1535354880.0,79.24408783783784,14208,9984,402653184.0,40265318.4
Dragonfly+,1277,1535354880.0,79.25112612612612,14208,9984,402653184.0,40265318.4
Dragonfly+,1278,1535354880.0,79.25816441441441,14208,9984,402653184.0,40265318.4
Dragonfly+,1279,1535354880.0,79.2652027027027,14208,9984,402653184.0,40265318.4
Dragonfly+,1280,1535354880.0,79.272240990991,14208,9984,402653184.0,40265318.4
Dragonfly+,1281,1535354880.0,79.27927927927928,14208,9984,402653184.0,40265318.4
Dragonfly+,1282,1535354880.0,79.28631756756756,14208,9984,402653184.0,40265318.4
Dragonfly+,1283,1535354880.0,79.29335585585585,14208,9984,402653184.0,40265318.4
Dragonfly+,1284,1535354880.0,79.30039414414415,14208,9984,402653184.0,40265318.4
Dragonfly+,1285,1535354880.0,79.30743243243244,14208,9984,402653184.0,40265318.4
Dragonfly+,1286,1535354880.0,79.31447072072072,14208,9984,402653184.0,40265318.4
Dragonfly+,1287,1535354880.0,79.321509009009,14208,9984,402653184.0,40265318.4
Dragonfly+,1288,1535354880.0,79.3285472972973,14208,9984,402653184.0,40265318.4
Dragonfly+,1289,1535354880.0,79.33558558558559,14208,9984,402653184.0,40265318.4
Dragonfly+,1290,1535354880.0,79.34262387387388,14208,9984,402653184.0,40265318.4
Dragonfly+,1291,1535354880.0,79.34966216216216,14208,9984,402653184.0,40265318.4
Dragonfly+,1292,1535354880.0,79.35670045045045,14208,9984,402653184.0,40265318.4
Dragonfly+,1293,1535354880.0,79.36373873873875,14208,9984,402653184.0,40265318.4
Dragonfly+,1294,1535354880.0,79.37077702702703,14208,9984,402653184.0,40265318.4
Dragonfly+,1295,1535354880.0,79.37781531531532,14208,9984,402653184.0,40265318.4
Dragonfly+,1296,1535354880.0,79.3848536036036,14208,9984,402653184.0,40265318.4
Dragonfly+,1297,1535354880.0,79.3918918918919,14208,9984,402653184.0,40265318.4
Dragonfly+,1298,1535354880.0,79.39893018018019,14208,9984,402653184.0,40265318.4
Dragonfly+,1299,1535354880.0,79.40596846846847,14208,9984,402653184.0,40265318.4
Dragonfly+,1300,1535354880.0,79.41300675675676,14208,9984,402653184.0,40265318.4
Dragonfly+,1301,1535354880.0,79.42004504504504,14208,9984,402653184.0,40265318.4
Dragonfly+,1302,1535354880.0,79.42708333333334,14208,9984,402653184.0,40265318.4
Dragonfly+,1303,1535354880.0,79.43412162162163,14208,9984,402653184.0,40265318.4
Dragonfly+,1304,1535354880.0,79.44115990990991,14208,9984,402653184.0,40265318.4
Dragonfly+,1305,1535354880.0,79.4481981981982,14208,9984,402653184.0,40265318.4
Dragonfly+,1306,1535354880.0,79.45523648648648,14208,9984,402653184.0,40265318.4
Dragonfly+,1307,1535354880.0,79.46227477477478,14208,9984,402653184.0,40265318.4
Dragonfly+,1308,1535354880.0,79.46931306306307,14208,9984,402653184.0,40265318.4
Dragonfly+,1309,1535354880.0,79.47635135135135,14208,9984,402653184.0,40265318.4
Dragonfly+,1310,1535354880.0,79.48338963963964,14208,9984,402653184.0,40265318.4
Dragonfly+,1311,1535354880.0,79.49042792792793,14208,9984,402653184.0,40265318.4
Dragonfly+,1312,1535354880.0,79.49746621621621,14208,9984,402653184.0,40265318.4
Dragonfly+,1313,1535354880.0,79.5045045045045,14208,9984,402653184.0,40265318.4
Dragonfly+,1314,1535354880.0,79.5115427927928,14208,9984,402653184.0,40265318.4
Dragonfly+,1315,1535354880.0,79.51858108108108,14208,9984,402653184.0,40265318.4
Dragonfly+,1316,1535354880.0,79.52561936936937,14208,9984,402653184.0,40265318.4
Dragonfly+,1317,1535354880.0,79.53265765765765,14208,9984,402653184.0,40265318.4
Dragonfly+,1318,1535354880.0,79.53969594594594,14208,9984,402653184.0,40265318.4
Dragonfly+,1319,1535354880.0,79.54673423423422,14208,9984,402653184.0,40265318.4
Dragonfly+,1320,1535354880.0,79.55377252252252,14208,9984,402653184.0,40265318.4
Dragonfly+,1321,1535354880.0,79.5608108108108,14208,9984,402653184.0,40265318.4
Dragonfly+,1322,1535354880.0,79.56784909909909,14208,9984,402653184.0,40265318.4
Dragonfly+,1323,1535354880.0,79.57488738738738,14208,9984,402653184.0,40265318.4
Dragonfly+,1324,1535354880.0,79.58192567567568,14208,9984,402653184.0,40265318.4
Dragonfly+,1325,1535354880.0,79.58896396396396,14208,9984,402653184.0,40265318.4
Dragonfly+,1326,1535354880.0,79.59600225225225,14208,9984,402653184.0,40265318.4
Dragonfly+,1327,1535354880.0,79.60304054054053,14208,9984,402653184.0,40265318.4
Dragonfly+,1328,1535354880.0,79.61007882882883,14208,9984,402653184.0,40265318.4
Dragonfly+,1329,1535354880.0,79.61711711711712,14208,9984,402653184.0,40265318.4
Dragonfly+,1330,1535354880.0,79.6241554054054,14208,9984,402653184.0,40265318.4
Dragonfly+,1331,1535354880.0,79.63119369369369,14208,9984,402653184.0,40265318.4
Dragonfly+,1332,1535354880.0,79.63823198198197,14208,9984,402653184.0,40265318.4
Dragonfly+,1333,1535354880.0,79.64527027027027,14208,9984,402653184.0,40265318.4
Dragonfly+,1334,1535354880.0,79.65230855855856,14208,9984,402653184.0,40265318.4
Dragonfly+,1335,1535354880.0,79.65934684684684,14208,9984,402653184.0,40265318.4
Dragonfly+,1336,1535354880.0,79.66638513513513,14208,9984,402653184.0,40265318.4
Dragonfly+,1337,1535354880.0,79.67342342342343,14208,9984,402653184.0,40265318.4
Dragonfly+,1338,1535354880.0,79.68046171171171,14208,9984,402653184.0,40265318.4
Dragonfly+,1339,1535354880.0,79.6875,14208,9984,402653184.0,40265318.4
Dragonfly+,1340,1535354880.0,79.69453828828829,14208,9984,402653184.0,40265318.4
Dragonfly+,1341,1535354880.0,79.70157657657657,14208,9984,402653184.0,40265318.4
Dragonfly+,1342,1535354880.0,79.70861486486487,14208,9984,402653184.0,40265318.4
Dragonfly+,1343,1535354880.0,79.71565315315316,14208,9984,402653184.0,40265318.4
Dragonfly+,1344,1535354880.0,79.72269144144144,14208,9984,402653184.0,40265318.4
Dragonfly+,1345,1535354880.0,79.72972972972973,14208,9984,402653184.0,40265318.4
Dragonfly+,1346,1535354880.0,79.73676801801803,14208,9984,402653184.0,40265318.4
Dragonfly+,1347,1535354880.0,79.74380630630631,14208,9984,402653184.0,40265318.4
Dragonfly+,1348,1535354880.0,79.7508445945946,14208,9984,402653184.0,40265318.4
Dragonfly+,1349,1535354880.0,79.75788288288288,14208,9984,402653184.0,40265318.4
Dragonfly+,1350,1535354880.0,79.76492117117117,14208,9984,402653184.0,40265318.4
Dragonfly+,1351,1535354880.0,79.77195945945947,14208,9984,402653184.0,40265318.4
Dragonfly+,1352,1535354880.0,79.77899774774775,14208,9984,402653184.0,40265318.4
Dragonfly+,1353,1535354880.0,79.78603603603604,14208,9984,402653184.0,40265318.4
Dragonfly+,1354,1535354880.0,79.79307432432432,14208,9984,402653184.0,40265318.4
Dragonfly+,1355,1535354880.0,79.80011261261262,14208,9984,402653184.0,40265318.4
Dragonfly+,1356,1535354880.0,79.80715090090091,14208,9984,402653184.0,40265318.4
Dragonfly+,1357,1535354880.0,79.8141891891892,14208,9984,402653184.0,40265318.4
Dragonfly+,1358,1535354880.0,79.82122747747748,14208,9984,402653184.0,40265318.4
Dragonfly+,1359,1535354880.0,79.82826576576578,14208,9984,402653184.0,40265318.4
Dragonfly+,1360,1535354880.0,79.83530405405406,14208,9984,402653184.0,40265318.4
Dragonfly+,1361,1535354880.0,79.84234234234235,14208,9984,402653184.0,40265318.4
Dragonfly+,1362,1535354880.0,79.84938063063063,14208,9984,402653184.0,40265318.4
Dragonfly+,1363,1535354880.0,79.85641891891892,14208,9984,402653184.0,40265318.4
Dragonfly+,1364,1535354880.0,79.8634572072072,14208,9984,402653184.0,40265318.4
Dragonfly+,1365,1535354880.0,79.8704954954955,14208,9984,402653184.0,40265318.4
Dragonfly+,1366,1535354880.0,79.87753378378379,14208,9984,402653184.0,40265318.4
Dragonfly+,1367,1535354880.0,79.88457207207207,14208,9984,402653184.0,40265318.4
Dragonfly+,1368,1535354880.0,79.89161036036036,14208,9984,402653184.0,40265318.4
Dragonfly+,1369,1535354880.0,79.89864864864865,14208,9984,402653184.0,40265318.4
Dragonfly+,1370,1535354880.0,79.90568693693693,14208,9984,402653184.0,40265318.4
Dragonfly+,1371,1535354880.0,79.91272522522522,14208,9984,402653184.0,40265318.4
Dragonfly+,1372,1535354880.0,79.91976351351352,14208,9984,402653184.0,40265318.4
Dragonfly+,1373,1535354880.0,79.9268018018018,14208,9984,402653184.0,40265318.4
Dragonfly+,1374,1535354880.0,79.93384009009009,14208,9984,402653184.0,40265318.4
Dragonfly+,1375,1535354880.0,79.94087837837837,14208,9984,402653184.0,40265318.4
Dragonfly+,1376,1535354880.0,79.94791666666666,14208,9984,402653184.0,40265318.4
Dragonfly+,1377,1535354880.0,79.95495495495496,14208,9984,402653184.0,40265318.4
Dragonfly+,1378,1535354880.0,79.96199324324324,14208,9984,402653184.0,40265318.4
Dragonfly+,1379,1535354880.0,79.96903153153153,14208,9984,402653184.0,40265318.4
Dragonfly+,1380,1535354880.0,79.97606981981981,14208,9984,402653184.0,40265318.4
Dragonfly+,1381,1535354880.0,79.9831081081081,14208,9984,402653184.0,40265318.4
Dragonfly+,1382,1535354880.0,79.9901463963964,14208,9984,402653184.0,40265318.4
Dragonfly+,1383,1535354880.0,79.99718468468468,14208,9984,402653184.0,40265318.4
Dragonfly+,1384,1535354880.0,80.00422297297297,14208,9984,402653184.0,40265318.4
Dragonfly+,1385,1535354880.0,80.01126126126125,14208,9984,402653184.0,40265318.4
Dragonfly+,1386,1535354880.0,80.01829954954955,14208,9984,402653184.0,40265318.4
Dragonfly+,1387,1535354880.0,80.02533783783784,14208,9984,402653184.0,40265318.4
Dragonfly+,1388,1535354880.0,80.03237612612612,14208,9984,402653184.0,40265318.4
Dragonfly+,1389,1535354880.0,80.03941441441441,14208,9984,402653184.0,40265318.4
Dragonfly+,1390,1535354880.0,80.0464527027027,14208,9984,402653184.0,40265318.4
Dragonfly+,1391,1535354880.0,80.053490990991,14208,9984,402653184.0,40265318.4
Dragonfly+,1392,1535354880.0,80.06052927927928,14208,9984,402653184.0,40265318.4
Dragonfly+,1393,1535354880.0,80.06756756756756,14208,9984,402653184.0,40265318.4
Dragonfly+,1394,1535354880.0,80.07460585585585,14208,9984,402653184.0,40265318.4
Dragonfly+,1395,1535354880.0,80.08164414414415,14208,9984,402653184.0,40265318.4
Dragonfly+,1396,1535354880.0,80.08868243243244,14208,9984,402653184.0,40265318.4
Dragonfly+,1397,1535354880.0,80.09572072072072,14208,9984,402653184.0,40265318.4
Dragonfly+,1398,1535354880.0,80.102759009009,14208,9984,402653184.0,40265318.4
Dragonfly+,1399,1535354880.0,80.1097972972973,14208,9984,402653184.0,40265318.4
Dragonfly+,1400,1535354880.0,80.11683558558559,14208,9984,402653184.0,40265318.4
Dragonfly+,1401,1535354880.0,80.12387387387388,14208,9984,402653184.0,40265318.4
Dragonfly+,1402,1535354880.0,80.13091216216216,14208,9984,402653184.0,40265318.4
Dragonfly+,1403,1535354880.0,80.13795045045045,14208,9984,402653184.0,40265318.4
Dragonfly+,1404,1535354880.0,80.14498873873875,14208,9984,402653184.0,40265318.4
Dragonfly+,1405,1535354880.0,80.15202702702703,14208,9984,402653184.0,40265318.4
Dragonfly+,1406,1535354880.0,80.15906531531532,14208,9984,402653184.0,40265318.4
Dragonfly+,1407,1535354880.0,80.1661036036036,14208,9984,402653184.0,40265318.4
Dragonfly+,1408,1535354880.0,80.1731418918919,14208,9984,402653184.0,40265318.4
Dragonfly+,1409,1535354880.0,80.18018018018019,14208,9984,402653184.0,40265318.4
Dragonfly+,1410,1535354880.0,80.18721846846847,14208,9984,402653184.0,40265318.4
Dragonfly+,1411,1535354880.0,80.19425675675676,14208,9984,402653184.0,40265318.4
Dragonfly+,1412,1535354880.0,80.20129504504504,14208,9984,402653184.0,40265318.4
Dragonfly+,1413,1535354880.0,80.20833333333334,14208,9984,402653184.0,40265318.4
Dragonfly+,1414,1535354880.0,80.21537162162163,14208,9984,402653184.0,40265318.4
Dragonfly+,1415,1535354880.0,80.22240990990991,14208,9984,402653184.0,40265318.4
Dragonfly+,1416,1535354880.0,80.2294481981982,14208,9984,402653184.0,40265318.4
Dragonfly+,1417,1535354880.0,80.23648648648648,14208,9984,402653184.0,40265318.4
Dragonfly+,1418,1535354880.0,80.24352477477478,14208,9984,402653184.0,40265318.4
Dragonfly+,1419,1535354880.0,80.25056306306307,14208,9984,402653184.0,40265318.4
Dragonfly+,1420,1535354880.0,80.25760135135135,14208,9984,402653184.0,40265318.4
Dragonfly+,1421,1535354880.0,80.26463963963964,14208,9984,402653184.0,40265318.4
Dragonfly+,1422,1535354880.0,80.27167792792793,14208,9984,402653184.0,40265318.4
Dragonfly+,1423,1535354880.0,80.27871621621621,14208,9984,402653184.0,40265318.4
Dragonfly+,1424,1535354880.0,80.2857545045045,14208,9984,402653184.0,40265318.4
Dragonfly+,1425,1535354880.0,80.2927927927928,14208,9984,402653184.0,40265318.4
Dragonfly+,1426,1535354880.0,80.29983108108108,14208,9984,402653184.0,40265318.4
Dragonfly+,1427,1535354880.0,80.30686936936937,14208,9984,402653184.0,40265318.4
Dragonfly+,1428,1535354880.0,80.31390765765765,14208,9984,402653184.0,40265318.4
Dragonfly+,1429,1535354880.0,80.32094594594594,14208,9984,402653184.0,40265318.4
Dragonfly+,1430,1535354880.0,80.32798423423422,14208,9984,402653184.0,40265318.4
Dragonfly+,1431,1535354880.0,80.33502252252252,14208,9984,402653184.0,40265318.4
Dragonfly+,1432,1535354880.0,80.3420608108108,14208,9984,402653184.0,40265318.4
Dragonfly+,1433,1535354880.0,80.34909909909909,14208,9984,402653184.0,40265318.4
Dragonfly+,1434,1535354880.0,80.35613738738738,14208,9984,402653184.0,40265318.4
Dragonfly+,1435,1535354880.0,80.36317567567568,14208,9984,402653184.0,40265318.4
Dragonfly+,1436,1535354880.0,80.37021396396396,14208,9984,402653184.0,40265318.4
Dragonfly+,1437,1535354880.0,80.37725225225225,14208,9984,402653184.0,40265318.4
Dragonfly+,1438,1535354880.0,80.38429054054053,14208,9984,402653184.0,40265318.4
Dragonfly+,1439,1535354880.0,80.39132882882883,14208,9984,402653184.0,40265318.4
Dragonfly+,1440,1535354880.0,80.39836711711712,14208,9984,402653184.0,40265318.4
Dragonfly+,1441,1535354880.0,80.4054054054054,14208,9984,402653184.0,40265318.4
Dragonfly+,1442,1535354880.0,80.41244369369369,14208,9984,402653184.0,40265318.4
Dragonfly+,1443,1535354880.0,80.41948198198197,14208,9984,402653184.0,40265318.4
Dragonfly+,1444,1535354880.0,80.42652027027027,14208,9984,402653184.0,40265318.4
Dragonfly+,1445,1535354880.0,80.43355855855856,14208,9984,402653184.0,40265318.4
Dragonfly+,1446,1535354880.0,80.44059684684684,14208,9984,402653184.0,40265318.4
Dragonfly+,1447,1535354880.0,80.44763513513513,14208,9984,402653184.0,40265318.4
Dragonfly+,1448,1535354880.0,80.45467342342343,14208,9984,402653184.0,40265318.4
Dragonfly+,1449,1535354880.0,80.46171171171171,14208,9984,402653184.0,40265318.4
Dragonfly+,1450,1535354880.0,80.46875,14208,9984,402653184.0,40265318.4
Dragonfly+,1451,1535354880.0,80.47578828828829,14208,9984,402653184.0,40265318.4
Dragonfly+,1452,1535354880.0,80.48282657657657,14208,9984,402653184.0,40265318.4
Dragonfly+,1453,1535354880.0,80.48986486486487,14208,9984,402653184.0,40265318.4
Dragonfly+,1454,1535354880.0,80.49690315315316,14208,9984,402653184.0,40265318.4
Dragonfly+,1455,1535354880.0,80.50394144144144,14208,9984,402653184.0,40265318.4
Dragonfly+,1456,1535354880.0,80.51097972972973,14208,9984,402653184.0,40265318.4
Dragonfly+,1457,1535354880.0,80.51801801801803,14208,9984,402653184.0,40265318.4
Dragonfly+,1458,1535354880.0,80.52505630630631,14208,9984,402653184.0,40265318.4
Dragonfly+,1459,1535354880.0,80.5320945945946,14208,9984,402653184.0,40265318.4
Dragonfly+,1460,1535354880.0,80.53913288288288,14208,9984,402653184.0,40265318.4
Dragonfly+,1461,1535354880.0,80.54617117117117,14208,9984,402653184.0,40265318.4
Dragonfly+,1462,1535354880.0,80.55320945945947,14208,9984,402653184.0,40265318.4
Dragonfly+,1463,1535354880.0,80.56024774774775,14208,9984,402653184.0,40265318.4
Dragonfly+,1464,1535354880.0,80.56728603603604,14208,9984,402653184.0,40265318.4
Dragonfly+,1465,1535354880.0,80.57432432432432,14208,9984,402653184.0,40265318.4
Dragonfly+,1466,1535354880.0,80.58136261261262,14208,9984,402653184.0,40265318.4
Dragonfly+,1467,1535354880.0,80.58840090090091,14208,9984,402653184.0,40265318.4
Dragonfly+,1468,1535354880.0,80.5954391891892,14208,9984,402653184.0,40265318.4
Dragonfly+,1469,1535354880.0,80.60247747747748,14208,9984,402653184.0,40265318.4
Dragonfly+,1470,1535354880.0,80.60951576576578,14208,9984,402653184.0,40265318.4
Dragonfly+,1471,1535354880.0,80.61655405405406,14208,9984,402653184.0,40265318.4
Dragonfly+,1472,1535354880.0,80.62359234234235,14208,9984,402653184.0,40265318.4
Dragonfly+,1473,1535354880.0,80.63063063063063,14208,9984,402653184.0,40265318.4
Dragonfly+,1474,1535354880.0,80.63766891891892,14208,9984,402653184.0,40265318.4
Dragonfly+,1475,1535354880.0,80.6447072072072,14208,9984,402653184.0,40265318.4
Dragonfly+,1476,1535354880.0,80.6517454954955,14208,9984,402653184.0,40265318.4
Dragonfly+,1477,1535354880.0,80.65878378378379,14208,9984,402653184.0,40265318.4
Dragonfly+,1478,1535354880.0,80.66582207207207,14208,9984,402653184.0,40265318.4
Dragonfly+,1479,1535354880.0,80.67286036036036,14208,9984,402653184.0,40265318.4
Dragonfly+,1480,1535354880.0,80.67989864864865,14208,9984,402653184.0,40265318.4
Dragonfly+,1481,1535354880.0,80.68693693693693,14208,9984,402653184.0,40265318.4
Dragonfly+,1482,1535354880.0,80.69397522522522,14208,9984,402653184.0,40265318.4
Dragonfly+,1483,1535354880.0,80.70101351351352,14208,9984,402653184.0,40265318.4
Dragonfly+,1484,1535354880.0,80.7080518018018,14208,9984,402653184.0,40265318.4
Dragonfly+,1485,1535354880.0,80.71509009009009,14208,9984,402653184.0,40265318.4
Dragonfly+,1486,1535354880.0,80.72212837837837,14208,9984,402653184.0,40265318.4
Dragonfly+,1487,1535354880.0,80.72916666666666,14208,9984,402653184.0,40265318.4
Dragonfly+,1488,1535354880.0,80.73620495495496,14208,9984,402653184.0,40265318.4
Dragonfly+,1489,1535354880.0,80.74324324324324,14208,9984,402653184.0,40265318.4
Dragonfly+,1490,1535354880.0,80.75028153153153,14208,9984,402653184.0,40265318.4
Dragonfly+,1491,1535354880.0,80.75731981981981,14208,9984,402653184.0,40265318.4
Dragonfly+,1492,1535354880.0,80.7643581081081,14208,9984,402653184.0,40265318.4
Dragonfly+,1493,1535354880.0,80.7713963963964,14208,9984,402653184.0,40265318.4
Dragonfly+,1494,1535354880.0,80.77843468468468,14208,9984,402653184.0,40265318.4
Dragonfly+,1495,1535354880.0,80.78547297297297,14208,9984,402653184.0,40265318.4
Dragonfly+,1496,1535354880.0,80.79251126126125,14208,9984,402653184.0,40265318.4
Dragonfly+,1497,1535354880.0,80.79954954954955,14208,9984,402653184.0,40265318.4
Dragonfly+,1498,1535354880.0,80.80658783783784,14208,9984,402653184.0,40265318.4
Dragonfly+,1499,1535354880.0,80.81362612612612,14208,9984,402653184.0,40265318.4
Dragonfly+,1500,1535354880.0,80.82066441441441,14208,9984,402653184.0,40265318.4
Dragonfly+,1501,1535354880.0,80.8277027027027,14208,9984,402653184.0,40265318.4
Dragonfly+,1502,1535354880.0,80.834740990991,14208,9984,402653184.0,40265318.4
Dragonfly+,1503,1535354880.0,80.84177927927928,14208,9984,402653184.0,40265318.4
Dragonfly+,1504,1535354880.0,80.84881756756756,14208,9984,402653184.0,40265318.4
Dragonfly+,1505,1535354880.0,80.85585585585585,14208,9984,402653184.0,40265318.4
Dragonfly+,1506,1535354880.0,80.86289414414415,14208,9984,402653184.0,40265318.4
Dragonfly+,1507,1535354880.0,80.86993243243244,14208,9984,402653184.0,40265318.4
Dragonfly+,1508,1535354880.0,80.87697072072072,14208,9984,402653184.0,40265318.4
Dragonfly+,1509,1535354880.0,80.884009009009,14208,9984,402653184.0,40265318.4
Dragonfly+,1510,1535354880.0,80.8910472972973,14208,9984,402653184.0,40265318.4
Dragonfly+,1511,1535354880.0,80.89808558558559,14208,9984,402653184.0,40265318.4
Dragonfly+,1512,1535354880.0,80.90512387387388,14208,9984,402653184.0,40265318.4
Dragonfly+,1513,1535354880.0,80.91216216216216,14208,9984,402653184.0,40265318.4
Dragonfly+,1514,1535354880.0,80.91920045045045,14208,9984,402653184.0,40265318.4
Dragonfly+,1515,1535354880.0,80.92623873873875,14208,9984,402653184.0,40265318.4
Dragonfly+,1516,1535354880.0,80.93327702702703,14208,9984,402653184.0,40265318.4
Dragonfly+,1517,1535354880.0,80.94031531531532,14208,9984,402653184.0,40265318.4
Dragonfly+,1518,1535354880.0,80.9473536036036,14208,9984,402653184.0,40265318.4
Dragonfly+,1519,1535354880.0,80.9543918918919,14208,9984,402653184.0,40265318.4
Dragonfly+,1520,1535354880.0,80.96143018018019,14208,9984,402653184.0,40265318.4
Dragonfly+,1521,1535354880.0,80.96846846846847,14208,9984,402653184.0,40265318.4
Dragonfly+,1522,1535354880.0,80.97550675675676,14208,9984,402653184.0,40265318.4
Dragonfly+,1523,1535354880.0,80.98254504504504,14208,9984,402653184.0,40265318.4
Dragonfly+,1524,1535354880.0,80.98958333333334,14208,9984,402653184.0,40265318.4
Dragonfly+,1525,1535354880.0,80.99662162162163,14208,9984,402653184.0,40265318.4
Dragonfly+,1526,1535354880.0,81.00365990990991,14208,9984,402653184.0,40265318.4
Dragonfly+,1527,1535354880.0,81.0106981981982,14208,9984,402653184.0,40265318.4
Dragonfly+,1528,1535354880.0,81.01773648648648,14208,9984,402653184.0,40265318.4
Dragonfly+,1529,1535354880.0,81.02477477477478,14208,9984,402653184.0,40265318.4
Dragonfly+,1530,1535354880.0,81.03181306306307,14208,9984,402653184.0,40265318.4
Dragonfly+,1531,1535354880.0,81.03885135135135,14208,9984,402653184.0,40265318.4
Dragonfly+,1532,1535354880.0,81.04588963963964,14208,9984,402653184.0,40265318.4
Dragonfly+,1533,1535354880.0,81.05292792792793,14208,9984,402653184.0,40265318.4
Dragonfly+,1534,1535354880.0,81.05996621621621,14208,9984,402653184.0,40265318.4
Dragonfly+,1535,1535354880.0,81.0670045045045,14208,9984,402653184.0,40265318.4
Dragonfly+,1536,1535354880.0,81.0740427927928,14208,9984,402653184.0,40265318.4
Dragonfly+,1537,1535354880.0,81.08108108108108,14208,9984,402653184.0,40265318.4
Dragonfly+,1538,1535354880.0,81.08811936936937,14208,9984,402653184.0,40265318.4
Dragonfly+,1539,1535354880.0,81.09515765765765,14208,9984,402653184.0,40265318.4
Dragonfly+,1540,1535354880.0,81.10219594594594,14208,9984,402653184.0,40265318.4
Dragonfly+,1541,1535354880.0,81.10923423423422,14208,9984,402653184.0,40265318.4
Dragonfly+,1542,1535354880.0,81.11627252252252,14208,9984,402653184.0,40265318.4
Dragonfly+,1543,1535354880.0,81.1233108108108,14208,9984,402653184.0,40265318.4
Dragonfly+,1544,1535354880.0,81.13034909909909,14208,9984,402653184.0,40265318.4
Dragonfly+,1545,1535354880.0,81.13738738738738,14208,9984,402653184.0,40265318.4
Dragonfly+,1546,1535354880.0,81.14442567567568,14208,9984,402653184.0,40265318.4
Dragonfly+,1547,1535354880.0,81.15146396396396,14208,9984,402653184.0,40265318.4
Dragonfly+,1548,1535354880.0,81.15850225225225,14208,9984,402653184.0,40265318.4
Dragonfly+,1549,1535354880.0,81.16554054054053,14208,9984,402653184.0,40265318.4
Dragonfly+,1550,1535354880.0,81.17257882882883,14208,9984,402653184.0,40265318.4
Dragonfly+,1551,1535354880.0,81.17961711711712,14208,9984,402653184.0,40265318.4
Dragonfly+,1552,1535354880.0,81.1866554054054,14208,9984,402653184.0,40265318.4
Dragonfly+,1553,1535354880.0,81.19369369369369,14208,9984,402653184.0,40265318.4
Dragonfly+,1554,1535354880.0,81.20073198198197,14208,9984,402653184.0,40265318.4
Dragonfly+,1555,1535354880.0,81.20777027027027,14208,9984,402653184.0,40265318.4
Dragonfly+,1556,1535354880.0,81.21480855855856,14208,9984,402653184.0,40265318.4
Dragonfly+,1557,1535354880.0,81.22184684684684,14208,9984,402653184.0,40265318.4
Dragonfly+,1558,1535354880.0,81.22888513513513,14208,9984,402653184.0,40265318.4
Dragonfly+,1559,1535354880.0,81.23592342342343,14208,9984,402653184.0,40265318.4
Dragonfly+,1560,1535354880.0,81.24296171171171,14208,9984,402653184.0,40265318.4
Dragonfly+,1561,1535354880.0,81.25,14208,9984,402653184.0,40265318.4
Dragonfly+,1562,1535354880.0,81.25703828828829,14208,9984,402653184.0,40265318.4
Dragonfly+,1563,1535354880.0,81.26407657657657,14208,9984,402653184.0,40265318.4
Dragonfly+,1564,1535354880.0,81.27111486486487,14208,9984,402653184.0,40265318.4
Dragonfly+,1565,1535354880.0,81.27815315315316,14208,9984,402653184.0,40265318.4
Dragonfly+,1566,1535354880.0,81.28519144144144,14208,9984,402653184.0,40265318.4
Dragonfly+,1567,1535354880.0,81.29222972972973,14208,9984,402653184.0,40265318.4
Dragonfly+,1568,1535354880.0,81.29926801801803,14208,9984,402653184.0,40265318.4
Dragonfly+,1569,1535354880.0,81.30630630630631,14208,9984,402653184.0,40265318.4
Dragonfly+,1570,1535354880.0,81.3133445945946,14208,9984,402653184.0,40265318.4
Dragonfly+,1571,1535354880.0,81.32038288288288,14208,9984,402653184.0,40265318.4
Dragonfly+,1572,1535354880.0,81.32742117117117,14208,9984,402653184.0,40265318.4
Dragonfly+,1573,1535354880.0,81.33445945945947,14208,9984,402653184.0,40265318.4
Dragonfly+,1574,1535354880.0,81.34149774774775,14208,9984,402653184.0,40265318.4
Dragonfly+,1575,1535354880.0,81.34853603603604,14208,9984,402653184.0,40265318.4
Dragonfly+,1576,1535354880.0,81.35557432432432,14208,9984,402653184.0,40265318.4
Dragonfly+,1577,1535354880.0,81.36261261261262,14208,9984,402653184.0,40265318.4
Dragonfly+,1578,1535354880.0,81.36965090090091,14208,9984,402653184.0,40265318.4
Dragonfly+,1579,1535354880.0,81.3766891891892,14208,9984,402653184.0,40265318.4
Dragonfly+,1580,1535354880.0,81.38372747747748,14208,9984,402653184.0,40265318.4
Dragonfly+,1581,1535354880.0,81.39076576576578,14208,9984,402653184.0,40265318.4
Dragonfly+,1582,1535354880.0,81.39780405405406,14208,9984,402653184.0,40265318.4
Dragonfly+,1583,1535354880.0,81.40484234234235,14208,9984,402653184.0,40265318.4
Dragonfly+,1584,1535354880.0,81.41188063063063,14208,9984,402653184.0,40265318.4
Dragonfly+,1585,1535354880.0,81.41891891891892,14208,9984,402653184.0,40265318.4
Dragonfly+,1586,1535354880.0,81.4259572072072,14208,9984,402653184.0,40265318.4
Dragonfly+,1587,1535354880.0,81.4329954954955,14208,9984,402653184.0,40265318.4
Dragonfly+,1588,1535354880.0,81.44003378378379,14208,9984,402653184.0,40265318.4
Dragonfly+,1589,1535354880.0,81.44707207207207,14208,9984,402653184.0,40265318.4
Dragonfly+,1590,1535354880.0,81.45411036036036,14208,9984,402653184.0,40265318.4
Dragonfly+,1591,1535354880.0,81.46114864864865,14208,9984,402653184.0,40265318.4
Dragonfly+,1592,1535354880.0,81.46818693693693,14208,9984,402653184.0,40265318.4
Dragonfly+,1593,1535354880.0,81.47522522522522,14208,9984,402653184.0,40265318.4
Dragonfly+,1594,1535354880.0,81.48226351351352,14208,9984,402653184.0,40265318.4
Dragonfly+,1595,1535354880.0,81.4893018018018,14208,9984,402653184.0,40265318.4
Dragonfly+,1596,1535354880.0,81.49634009009009,14208,9984,402653184.0,40265318.4
Dragonfly+,1597,1535354880.0,81.50337837837837,14208,9984,402653184.0,40265318.4
Dragonfly+,1598,1535354880.0,81.51041666666666,14208,9984,402653184.0,40265318.4
Dragonfly+,1599,1535354880.0,81.51745495495496,14208,9984,402653184.0,40265318.4
Dragonfly+,1600,1535354880.0,81.52449324324324,14208,9984,402653184.0,40265318.4
Dragonfly+,1601,1535354880.0,81.53153153153153,14208,9984,402653184.0,40265318.4
Dragonfly+,1602,1535354880.0,81.53856981981981,14208,9984,402653184.0,40265318.4
Dragonfly+,1603,1535354880.0,81.5456081081081,14208,9984,402653184.0,40265318.4
Dragonfly+,1604,1535354880.0,81.5526463963964,14208,9984,402653184.0,40265318.4
Dragonfly+,1605,1535354880.0,81.55968468468468,14208,9984,402653184.0,40265318.4
Dragonfly+,1606,1535354880.0,81.56672297297297,14208,9984,402653184.0,40265318.4
Dragonfly+,1607,1535354880.0,81.57376126126125,14208,9984,402653184.0,40265318.4
Dragonfly+,1608,1535354880.0,81.58079954954955,14208,9984,402653184.0,40265318.4
Dragonfly+,1609,1535354880.0,81.58783783783784,14208,9984,402653184.0,40265318.4
Dragonfly+,1610,1535354880.0,81.59487612612612,14208,9984,402653184.0,40265318.4
Dragonfly+,1611,1535354880.0,81.60191441441441,14208,9984,402653184.0,40265318.4
Dragonfly+,1612,1535354880.0,81.6089527027027,14208,9984,402653184.0,40265318.4
Dragonfly+,1613,1535354880.0,81.615990990991,14208,9984,402653184.0,40265318.4
Dragonfly+,1614,1535354880.0,81.62302927927928,14208,9984,402653184.0,40265318.4
Dragonfly+,1615,1535354880.0,81.63006756756756,14208,9984,402653184.0,40265318.4
Dragonfly+,1616,1535354880.0,81.63710585585585,14208,9984,402653184.0,40265318.4
Dragonfly+,1617,1535354880.0,81.64414414414415,14208,9984,402653184.0,40265318.4
Dragonfly+,1618,1535354880.0,81.65118243243244,14208,9984,402653184.0,40265318.4
Dragonfly+,1619,1535354880.0,81.65822072072072,14208,9984,402653184.0,40265318.4
Dragonfly+,1620,1535354880.0,81.665259009009,14208,9984,402653184.0,40265318.4
Dragonfly+,1621,1535354880.0,81.6722972972973,14208,9984,402653184.0,40265318.4
Dragonfly+,1622,1535354880.0,81.67933558558559,14208,9984,402653184.0,40265318.4
Dragonfly+,1623,1535354880.0,81.68637387387388,14208,9984,402653184.0,40265318.4
Dragonfly+,1624,1535354880.0,81.69341216216216,14208,9984,402653184.0,40265318.4
Dragonfly+,1625,1535354880.0,81.70045045045045,14208,9984,402653184.0,40265318.4
Dragonfly+,1626,1535354880.0,81.70748873873875,14208,9984,402653184.0,40265318.4
Dragonfly+,1627,1535354880.0,81.71452702702703,14208,9984,402653184.0,40265318.4
Dragonfly+,1628,1535354880.0,81.72156531531532,14208,9984,402653184.0,40265318.4
Dragonfly+,1629,1535354880.0,81.7286036036036,14208,9984,402653184.0,40265318.4
Dragonfly+,1630,1535354880.0,81.7356418918919,14208,9984,402653184.0,40265318.4
Dragonfly+,1631,1535354880.0,81.74268018018019,14208,9984,402653184.0,40265318.4
Dragonfly+,1632,1535354880.0,81.74971846846847,14208,9984,402653184.0,40265318.4
Dragonfly+,1633,1535354880.0,81.75675675675676,14208,9984,402653184.0,40265318.4
Dragonfly+,1634,1535354880.0,81.76379504504504,14208,9984,402653184.0,40265318.4
Dragonfly+,1635,1535354880.0,81.77083333333334,14208,9984,402653184.0,40265318.4
Dragonfly+,1636,1535354880.0,81.77787162162163,14208,9984,402653184.0,40265318.4
Dragonfly+,1637,1535354880.0,81.78490990990991,14208,9984,402653184.0,40265318.4
Dragonfly+,1638,1535354880.0,81.7919481981982,14208,9984,402653184.0,40265318.4
Dragonfly+,1639,1535354880.0,81.79898648648648,14208,9984,402653184.0,40265318.4
Dragonfly+,1640,1535354880.0,81.80602477477478,14208,9984,402653184.0,40265318.4
Dragonfly+,1641,1535354880.0,81.81306306306307,14208,9984,402653184.0,40265318.4
Dragonfly+,1642,1535354880.0,81.82010135135135,14208,9984,402653184.0,40265318.4
Dragonfly+,1643,1535354880.0,81.82713963963964,14208,9984,402653184.0,40265318.4
Dragonfly+,1644,1535354880.0,81.83417792792793,14208,9984,402653184.0,40265318.4
Dragonfly+,1645,1535354880.0,81.84121621621621,14208,9984,402653184.0,40265318.4
Dragonfly+,1646,1535354880.0,81.8482545045045,14208,9984,402653184.0,40265318.4
Dragonfly+,1647,1535354880.0,81.8552927927928,14208,9984,402653184.0,40265318.4
Dragonfly+,1648,1535354880.0,81.86233108108108,14208,9984,402653184.0,40265318.4
Dragonfly+,1649,1535354880.0,81.86936936936937,14208,9984,402653184.0,40265318.4
Dragonfly+,1650,1535354880.0,81.87640765765765,14208,9984,402653184.0,40265318.4
Dragonfly+,1651,1535354880.0,81.88344594594594,14208,9984,402653184.0,40265318.4
Dragonfly+,1652,1535354880.0,81.89048423423422,14208,9984,402653184.0,40265318.4
Dragonfly+,1653,1535354880.0,81.89752252252252,14208,9984,402653184.0,40265318.4
Dragonfly+,1654,1535354880.0,81.9045608108108,14208,9984,402653184.0,40265318.4
Dragonfly+,1655,1535354880.0,81.91159909909909,14208,9984,402653184.0,40265318.4
Dragonfly+,1656,1535354880.0,81.91863738738738,14208,9984,402653184.0,40265318.4
Dragonfly+,1657,1535354880.0,81.92567567567568,14208,9984,402653184.0,40265318.4
Dragonfly+,1658,1535354880.0,81.93271396396396,14208,9984,402653184.0,40265318.4
Dragonfly+,1659,1535354880.0,81.93975225225225,14208,9984,402653184.0,40265318.4
Dragonfly+,1660,1535354880.0,81.94679054054053,14208,9984,402653184.0,40265318.4
Dragonfly+,1661,1535354880.0,81.95382882882883,14208,9984,402653184.0,40265318.4
Dragonfly+,1662,1535354880.0,81.96086711711712,14208,9984,402653184.0,40265318.4
Dragonfly+,1663,1535354880.0,81.9679054054054,14208,9984,402653184.0,40265318.4
Dragonfly+,1664,1535354880.0,81.97494369369369,14208,9984,402653184.0,40265318.4
Dragonfly+,1665,1535354880.0,81.98198198198197,14208,9984,402653184.0,40265318.4
Dragonfly+,1666,1535354880.0,81.98902027027027,14208,9984,402653184.0,40265318.4
Dragonfly+,1667,1535354880.0,81.99605855855856,14208,9984,402653184.0,40265318.4
Dragonfly+,1668,1535354880.0,82.00309684684684,14208,9984,402653184.0,40265318.4
Dragonfly+,1669,1535354880.0,82.01013513513513,14208,9984,402653184.0,40265318.4
Dragonfly+,1670,1535354880.0,82.01717342342343,14208,9984,402653184.0,40265318.4
Dragonfly+,1671,1535354880.0,82.02421171171171,14208,9984,402653184.0,40265318.4
Dragonfly+,1672,1535354880.0,82.03125,14208,9984,402653184.0,40265318.4
Dragonfly+,1673,1535354880.0,82.03828828828829,14208,9984,402653184.0,40265318.4
Dragonfly+,1674,1535354880.0,82.04532657657657,14208,9984,402653184.0,40265318.4
Dragonfly+,1675,1535354880.0,82.05236486486487,14208,9984,402653184.0,40265318.4
Dragonfly+,1676,1535354880.0,82.05940315315316,14208,9984,402653184.0,40265318.4
Dragonfly+,1677,1535354880.0,82.06644144144144,14208,9984,402653184.0,40265318.4
Dragonfly+,1678,1535354880.0,82.07347972972973,14208,9984,402653184.0,40265318.4
Dragonfly+,1679,1535354880.0,82.08051801801803,14208,9984,402653184.0,40265318.4
Dragonfly+,1680,1535354880.0,82.08755630630631,14208,9984,402653184.0,40265318.4
Dragonfly+,1681,1535354880.0,82.0945945945946,14208,9984,402653184.0,40265318.4
Dragonfly+,1682,1535354880.0,82.10163288288288,14208,9984,402653184.0,40265318.4
Dragonfly+,1683,1535354880.0,82.10867117117117,14208,9984,402653184.0,40265318.4
Dragonfly+,1684,1535354880.0,82.11570945945947,14208,9984,402653184.0,40265318.4
Dragonfly+,1685,1535354880.0,82.12274774774775,14208,9984,402653184.0,40265318.4
Dragonfly+,1686,1535354880.0,82.12978603603604,14208,9984,402653184.0,40265318.4
Dragonfly+,1687,1535354880.0,82.13682432432432,14208,9984,402653184.0,40265318.4
Dragonfly+,1688,1535354880.0,82.14386261261262,14208,9984,402653184.0,40265318.4
Dragonfly+,1689,1535354880.0,82.15090090090091,14208,9984,402653184.0,40265318.4
Dragonfly+,1690,1535354880.0,82.1579391891892,14208,9984,402653184.0,40265318.4
Dragonfly+,1691,1535354880.0,82.16497747747748,14208,9984,402653184.0,40265318.4
Dragonfly+,1692,1535354880.0,82.17201576576578,14208,9984,402653184.0,40265318.4
Dragonfly+,1693,1535354880.0,82.17905405405406,14208,9984,402653184.0,40265318.4
Dragonfly+,1694,1535354880.0,82.18609234234235,14208,9984,402653184.0,40265318.4
Dragonfly+,1695,1535354880.0,82.19313063063063,14208,9984,402653184.0,40265318.4
Dragonfly+,1696,1535354880.0,82.20016891891892,14208,9984,402653184.0,40265318.4
Dragonfly+,1697,1535354880.0,82.2072072072072,14208,9984,402653184.0,40265318.4
Dragonfly+,1698,1535354880.0,82.2142454954955,14208,9984,402653184.0,40265318.4
Dragonfly+,1699,1535354880.0,82.22128378378379,14208,9984,402653184.0,40265318.4
Dragonfly+,1700,1535354880.0,82.22832207207207,14208,9984,402653184.0,40265318.4
Dragonfly+,1701,1535354880.0,82.23536036036036,14208,9984,402653184.0,40265318.4
Dragonfly+,1702,1535354880.0,82.24239864864865,14208,9984,402653184.0,40265318.4
Dragonfly+,1703,1535354880.0,82.24943693693693,14208,9984,402653184.0,40265318.4
Dragonfly+,1704,1535354880.0,82.25647522522522,14208,9984,402653184.0,40265318.4
Dragonfly+,1705,1535354880.0,82.26351351351352,14208,9984,402653184.0,40265318.4
Dragonfly+,1706,1535354880.0,82.2705518018018,14208,9984,402653184.0,40265318.4
Dragonfly+,1707,1535354880.0,82.27759009009009,14208,9984,402653184.0,40265318.4
Dragonfly+,1708,1535354880.0,82.28462837837837,14208,9984,402653184.0,40265318.4
Dragonfly+,1709,1535354880.0,82.29166666666666,14208,9984,402653184.0,40265318.4
Dragonfly+,1710,1535354880.0,82.29870495495496,14208,9984,402653184.0,40265318.4
Dragonfly+,1711,1535354880.0,82.30574324324324,14208,9984,402653184.0,40265318.4
Dragonfly+,1712,1535354880.0,82.31278153153153,14208,9984,402653184.0,40265318.4
Dragonfly+,1713,1535354880.0,82.31981981981981,14208,9984,402653184.0,40265318.4
Dragonfly+,1714,1535354880.0,82.3268581081081,14208,9984,402653184.0,40265318.4
Dragonfly+,1715,1535354880.0,82.3338963963964,14208,9984,402653184.0,40265318.4
Dragonfly+,1716,1535354880.0,82.34093468468468,14208,9984,402653184.0,40265318.4
Dragonfly+,1717,1535354880.0,82.34797297297297,14208,9984,402653184.0,40265318.4
Dragonfly+,1718,1535354880.0,82.35501126126125,14208,9984,402653184.0,40265318.4
Dragonfly+,1719,1535354880.0,82.36204954954955,14208,9984,402653184.0,40265318.4
Dragonfly+,1720,1535354880.0,82.36908783783784,14208,9984,402653184.0,40265318.4
Dragonfly+,1721,1535354880.0,82.37612612612612,14208,9984,402653184.0,40265318.4
Dragonfly+,1722,1535354880.0,82.38316441441441,14208,9984,402653184.0,40265318.4
Dragonfly+,1723,1535354880.0,82.3902027027027,14208,9984,402653184.0,40265318.4
Dragonfly+,1724,1535354880.0,82.397240990991,14208,9984,402653184.0,40265318.4
Dragonfly+,1725,1535354880.0,82.40427927927928,14208,9984,402653184.0,40265318.4
Dragonfly+,1726,1535354880.0,82.41131756756756,14208,9984,402653184.0,40265318.4
Dragonfly+,1727,1535354880.0,82.41835585585585,14208,9984,402653184.0,40265318.4
Dragonfly+,1728,1535354880.0,82.42539414414415,14208,9984,402653184.0,40265318.4
Dragonfly+,1729,1535354880.0,82.43243243243244,14208,9984,402653184.0,40265318.4
Dragonfly+,1730,1535354880.0,82.43947072072072,14208,9984,402653184.0,40265318.4
Dragonfly+,1731,1535354880.0,82.446509009009,14208,9984,402653184.0,40265318.4
Dragonfly+,1732,1535354880.0,82.4535472972973,14208,9984,402653184.0,40265318.4
Dragonfly+,1733,1535354880.0,82.46058558558559,14208,9984,402653184.0,40265318.4
Dragonfly+,1734,1535354880.0,82.46762387387388,14208,9984,402653184.0,40265318.4
Dragonfly+,1735,1535354880.0,82.47466216216216,14208,9984,402653184.0,40265318.4
Dragonfly+,1736,1535354880.0,82.48170045045045,14208,9984,402653184.0,40265318.4
Dragonfly+,1737,1535354880.0,82.48873873873875,14208,9984,402653184.0,40265318.4
Dragonfly+,1738,1535354880.0,82.49577702702703,14208,9984,402653184.0,40265318.4
Dragonfly+,1739,1535354880.0,82.50281531531532,14208,9984,402653184.0,40265318.4
Dragonfly+,1740,1535354880.0,82.5098536036036,14208,9984,402653184.0,40265318.4
Dragonfly+,1741,1535354880.0,82.5168918918919,14208,9984,402653184.0,40265318.4
Dragonfly+,1742,1535354880.0,82.52393018018019,14208,9984,402653184.0,40265318.4
Dragonfly+,1743,1535354880.0,82.53096846846847,14208,9984,402653184.0,40265318.4
Dragonfly+,1744,1535354880.0,82.53800675675676,14208,9984,402653184.0,40265318.4
Dragonfly+,1745,1535354880.0,82.54504504504504,14208,9984,402653184.0,40265318.4
Dragonfly+,1746,1535354880.0,82.55208333333334,14208,9984,402653184.0,40265318.4
Dragonfly+,1747,1535354880.0,82.55912162162163,14208,9984,402653184.0,40265318.4
Dragonfly+,1748,1535354880.0,82.56615990990991,14208,9984,402653184.0,40265318.4
Dragonfly+,1749,1535354880.0,82.5731981981982,14208,9984,402653184.0,40265318.4
Dragonfly+,1750,1535354880.0,82.58023648648648,14208,9984,402653184.0,40265318.4
Dragonfly+,1751,1535354880.0,82.58727477477478,14208,9984,402653184.0,40265318.4
Dragonfly+,1752,1535354880.0,82.59431306306307,14208,9984,402653184.0,40265318.4
Dragonfly+,1753,1535354880.0,82.60135135135135,14208,9984,402653184.0,40265318.4
Dragonfly+,1754,1535354880.0,82.60838963963964,14208,9984,402653184.0,40265318.4
Dragonfly+,1755,1535354880.0,82.61542792792793,14208,9984,402653184.0,40265318.4
Dragonfly+,1756,1535354880.0,82.62246621621621,14208,9984,402653184.0,40265318.4
Dragonfly+,1757,1535354880.0,82.6295045045045,14208,9984,402653184.0,40265318.4
Dragonfly+,1758,1535354880.0,82.6365427927928,14208,9984,402653184.0,40265318.4
Dragonfly+,1759,1535354880.0,82.64358108108108,14208,9984,402653184.0,40265318.4
Dragonfly+,1760,1535354880.0,82.65061936936937,14208,9984,402653184.0,40265318.4
Dragonfly+,1761,1535354880.0,82.65765765765765,14208,9984,402653184.0,40265318.4
Dragonfly+,1762,1535354880.0,82.66469594594594,14208,9984,402653184.0,40265318.4
Dragonfly+,1763,1535354880.0,82.67173423423422,14208,9984,402653184.0,40265318.4
Dragonfly+,1764,1535354880.0,82.67877252252252,14208,9984,402653184.0,40265318.4
Dragonfly+,1765,1535354880.0,82.6858108108108,14208,9984,402653184.0,40265318.4
Dragonfly+,1766,1535354880.0,82.69284909909909,14208,9984,402653184.0,40265318.4
Dragonfly+,1767,1535354880.0,82.69988738738738,14208,9984,402653184.0,40265318.4
Dragonfly+,1768,1535354880.0,82.70692567567568,14208,9984,402653184.0,40265318.4
Dragonfly+,1769,1535354880.0,82.71396396396396,14208,9984,402653184.0,40265318.4
Dragonfly+,1770,1535354880.0,82.72100225225225,14208,9984,402653184.0,40265318.4
Dragonfly+,1771,1535354880.0,82.72804054054053,14208,9984,402653184.0,40265318.4
Dragonfly+,1772,1535354880.0,82.73507882882883,14208,9984,402653184.0,40265318.4
Dragonfly+,1773,1535354880.0,82.74211711711712,14208,9984,402653184.0,40265318.4
Dragonfly+,1774,1535354880.0,82.7491554054054,14208,9984,402653184.0,40265318.4
Dragonfly+,1775,1535354880.0,82.75619369369369,14208,9984,402653184.0,40265318.4
Dragonfly+,1776,1535354880.0,82.76323198198197,14208,9984,402653184.0,40265318.4
Dragonfly+,1777,1535354880.0,82.77027027027027,14208,9984,402653184.0,40265318.4
Dragonfly+,1778,1535354880.0,82.77730855855856,14208,9984,402653184.0,40265318.4
Dragonfly+,1779,1535354880.0,82.78434684684684,14208,9984,402653184.0,40265318.4
Dragonfly+,1780,1535354880.0,82.79138513513513,14208,9984,402653184.0,40265318.4
Dragonfly+,1781,1535354880.0,82.79842342342343,14208,9984,402653184.0,40265318.4
Dragonfly+,1782,1535354880.0,82.80546171171171,14208,9984,402653184.0,40265318.4
Dragonfly+,1783,1535354880.0,82.8125,14208,9984,402653184.0,40265318.4
Dragonfly+,1784,1535354880.0,82.81953828828829,14208,9984,402653184.0,40265318.4
Dragonfly+,1785,1535354880.0,82.82657657657657,14208,9984,402653184.0,40265318.4
Dragonfly+,1786,1535354880.0,82.83361486486487,14208,9984,402653184.0,40265318.4
Dragonfly+,1787,1535354880.0,82.84065315315316,14208,9984,402653184.0,40265318.4
Dragonfly+,1788,1535354880.0,82.84769144144144,14208,9984,402653184.0,40265318.4
Dragonfly+,1789,1535354880.0,82.85472972972973,14208,9984,402653184.0,40265318.4
Dragonfly+,1790,1535354880.0,82.86176801801803,14208,9984,402653184.0,40265318.4
Dragonfly+,1791,1535354880.0,82.86880630630631,14208,9984,402653184.0,40265318.4
Dragonfly+,1792,1535354880.0,82.8758445945946,14208,9984,402653184.0,40265318.4
Dragonfly+,1793,1535354880.0,82.88288288288288,14208,9984,402653184.0,40265318.4
Dragonfly+,1794,1535354880.0,82.88992117117117,14208,9984,402653184.0,40265318.4
Dragonfly+,1795,1535354880.0,82.89695945945947,14208,9984,402653184.0,40265318.4
Dragonfly+,1796,1535354880.0,82.90399774774775,14208,9984,402653184.0,40265318.4
Dragonfly+,1797,1535354880.0,82.91103603603604,14208,9984,402653184.0,40265318.4
Dragonfly+,1798,1535354880.0,82.91807432432432,14208,9984,402653184.0,40265318.4
Dragonfly+,1799,1535354880.0,82.92511261261262,14208,9984,402653184.0,40265318.4
Dragonfly+,1800,1535354880.0,82.93215090090091,14208,9984,402653184.0,40265318.4
Dragonfly+,1801,1535354880.0,82.9391891891892,14208,9984,402653184.0,40265318.4
Dragonfly+,1802,1535354880.0,82.94622747747748,14208,9984,402653184.0,40265318.4
Dragonfly+,1803,1535354880.0,82.95326576576578,14208,9984,402653184.0,40265318.4
Dragonfly+,1804,1535354880.0,82.96030405405406,14208,9984,402653184.0,40265318.4
Dragonfly+,1805,1535354880.0,82.96734234234235,14208,9984,402653184.0,40265318.4
Dragonfly+,1806,1535354880.0,82.97438063063063,14208,9984,402653184.0,40265318.4
Dragonfly+,1807,1535354880.0,82.98141891891892,14208,9984,402653184.0,40265318.4
Dragonfly+,1808,1535354880.0,82.9884572072072,14208,9984,402653184.0,40265318.4
Dragonfly+,1809,1535354880.0,82.9954954954955,14208,9984,402653184.0,40265318.4
Dragonfly+,1810,1535354880.0,83.00253378378379,14208,9984,402653184.0,40265318.4
Dragonfly+,1811,1535354880.0,83.00957207207207,14208,9984,402653184.0,40265318.4
Dragonfly+,1812,1535354880.0,83.01661036036036,14208,9984,402653184.0,40265318.4
Dragonfly+,1813,1535354880.0,83.02364864864865,14208,9984,402653184.0,40265318.4
Dragonfly+,1814,1535354880.0,83.03068693693693,14208,9984,402653184.0,40265318.4
Dragonfly+,1815,1535354880.0,83.03772522522522,14208,9984,402653184.0,40265318.4
Dragonfly+,1816,1535354880.0,83.04476351351352,14208,9984,402653184.0,40265318.4
Dragonfly+,1817,1535354880.0,83.0518018018018,14208,9984,402653184.0,40265318.4
Dragonfly+,1818,1535354880.0,83.05884009009009,14208,9984,402653184.0,40265318.4
Dragonfly+,1819,1535354880.0,83.06587837837837,14208,9984,402653184.0,40265318.4
Dragonfly+,1820,1535354880.0,83.07291666666666,14208,9984,402653184.0,40265318.4
Dragonfly+,1821,1535354880.0,83.07995495495496,14208,9984,402653184.0,40265318.4
Dragonfly+,1822,1535354880.0,83.08699324324324,14208,9984,402653184.0,40265318.4
Dragonfly+,1823,1535354880.0,83.09403153153153,14208,9984,402653184.0,40265318.4
Dragonfly+,1824,1535354880.0,83.10106981981981,14208,9984,402653184.0,40265318.4
Dragonfly+,1825,1535354880.0,83.1081081081081,14208,9984,402653184.0,40265318.4
Dragonfly+,1826,1535354880.0,83.1151463963964,14208,9984,402653184.0,40265318.4
Dragonfly+,1827,1535354880.0,83.12218468468468,14208,9984,402653184.0,40265318.4
Dragonfly+,1828,1535354880.0,83.12922297297297,14208,9984,402653184.0,40265318.4
Dragonfly+,1829,1535354880.0,83.13626126126125,14208,9984,402653184.0,40265318.4
Dragonfly+,1830,1535354880.0,83.14329954954955,14208,9984,402653184.0,40265318.4
Dragonfly+,1831,1535354880.0,83.15033783783784,14208,9984,402653184.0,40265318.4
Dragonfly+,1832,1535354880.0,83.15737612612612,14208,9984,402653184.0,40265318.4
Dragonfly+,1833,1535354880.0,83.16441441441441,14208,9984,402653184.0,40265318.4
Dragonfly+,1834,1535354880.0,83.1714527027027,14208,9984,402653184.0,40265318.4
Dragonfly+,1835,1535354880.0,83.178490990991,14208,9984,402653184.0,40265318.4
Dragonfly+,1836,1535354880.0,83.18552927927928,14208,9984,402653184.0,40265318.4
Dragonfly+,1837,1535354880.0,83.19256756756756,14208,9984,402653184.0,40265318.4
Dragonfly+,1838,1535354880.0,83.19960585585585,14208,9984,402653184.0,40265318.4
Dragonfly+,1839,1535354880.0,83.20664414414415,14208,9984,402653184.0,40265318.4
Dragonfly+,1840,1535354880.0,83.21368243243244,14208,9984,402653184.0,40265318.4
Dragonfly+,1841,1535354880.0,83.22072072072072,14208,9984,402653184.0,40265318.4
Dragonfly+,1842,1535354880.0,83.227759009009,14208,9984,402653184.0,40265318.4
Dragonfly+,1843,1535354880.0,83.2347972972973,14208,9984,402653184.0,40265318.4
Dragonfly+,1844,1535354880.0,83.24183558558559,14208,9984,402653184.0,40265318.4
Dragonfly+,1845,1535354880.0,83.24887387387388,14208,9984,402653184.0,40265318.4
Dragonfly+,1846,1535354880.0,83.25591216216216,14208,9984,402653184.0,40265318.4
Dragonfly+,1847,1535354880.0,83.26295045045045,14208,9984,402653184.0,40265318.4
Dragonfly+,1848,1535354880.0,83.26998873873875,14208,9984,402653184.0,40265318.4
Dragonfly+,1849,1535354880.0,83.27702702702703,14208,9984,402653184.0,40265318.4
Dragonfly+,1850,1535354880.0,83.28406531531532,14208,9984,402653184.0,40265318.4
Dragonfly+,1851,1535354880.0,83.2911036036036,14208,9984,402653184.0,40265318.4
Dragonfly+,1852,1535354880.0,83.2981418918919,14208,9984,402653184.0,40265318.4
Dragonfly+,1853,1535354880.0,83.30518018018019,14208,9984,402653184.0,40265318.4
Dragonfly+,1854,1535354880.0,83.31221846846847,14208,9984,402653184.0,40265318.4
Dragonfly+,1855,1535354880.0,83.31925675675676,14208,9984,402653184.0,40265318.4
Dragonfly+,1856,1535354880.0,83.32629504504504,14208,9984,402653184.0,40265318.4
Dragonfly+,1857,1535354880.0,83.33333333333334,14208,9984,402653184.0,40265318.4
Dragonfly+,1858,1535354880.0,83.34037162162163,14208,9984,402653184.0,40265318.4
Dragonfly+,1859,1535354880.0,83.34740990990991,14208,9984,402653184.0,40265318.4
Dragonfly+,1860,1535354880.0,83.3544481981982,14208,9984,402653184.0,40265318.4
Dragonfly+,1861,1535354880.0,83.36148648648648,14208,9984,402653184.0,40265318.4
Dragonfly+,1862,1535354880.0,83.36852477477478,14208,9984,402653184.0,40265318.4
Dragonfly+,1863,1535354880.0,83.37556306306307,14208,9984,402653184.0,40265318.4
Dragonfly+,1864,1535354880.0,83.38260135135135,14208,9984,402653184.0,40265318.4
Dragonfly+,1865,1535354880.0,83.38963963963964,14208,9984,402653184.0,40265318.4
Dragonfly+,1866,1535354880.0,83.39667792792793,14208,9984,402653184.0,40265318.4
Dragonfly+,1867,1535354880.0,83.40371621621621,14208,9984,402653184.0,40265318.4
Dragonfly+,1868,1535354880.0,83.4107545045045,14208,9984,402653184.0,40265318.4
Dragonfly+,1869,1535354880.0,83.4177927927928,14208,9984,402653184.0,40265318.4
Dragonfly+,1870,1535354880.0,83.42483108108108,14208,9984,402653184.0,40265318.4
Dragonfly+,1871,1535354880.0,83.43186936936937,14208,9984,402653184.0,40265318.4
Dragonfly+,1872,1535354880.0,83.43890765765765,14208,9984,402653184.0,40265318.4
Dragonfly+,1873,1535354880.0,83.44594594594594,14208,9984,402653184.0,40265318.4
Dragonfly+,1874,1535354880.0,83.45298423423422,14208,9984,402653184.0,40265318.4
Dragonfly+,1875,1535354880.0,83.46002252252252,14208,9984,402653184.0,40265318.4
Dragonfly+,1876,1535354880.0,83.4670608108108,14208,9984,402653184.0,40265318.4
Dragonfly+,1877,1535354880.0,83.47409909909909,14208,9984,402653184.0,40265318.4
Dragonfly+,1878,1535354880.0,83.48113738738738,14208,9984,402653184.0,40265318.4
Dragonfly+,1879,1535354880.0,83.48817567567568,14208,9984,402653184.0,40265318.4
Dragonfly+,1880,1535354880.0,83.49521396396396,14208,9984,402653184.0,40265318.4
Dragonfly+,1881,1535354880.0,83.50225225225225,14208,9984,402653184.0,40265318.4
Dragonfly+,1882,1535354880.0,83.50929054054053,14208,9984,402653184.0,40265318.4
Dragonfly+,1883,1535354880.0,83.51632882882883,14208,9984,402653184.0,40265318.4
Dragonfly+,1884,1535354880.0,83.52336711711712,14208,9984,402653184.0,40265318.4
Dragonfly+,1885,1535354880.0,83.5304054054054,14208,9984,402653184.0,40265318.4
Dragonfly+,1886,1535354880.0,83.53744369369369,14208,9984,402653184.0,40265318.4
Dragonfly+,1887,1535354880.0,83.54448198198197,14208,9984,402653184.0,40265318.4
Dragonfly+,1888,1535354880.0,83.55152027027027,14208,9984,402653184.0,40265318.4
Dragonfly+,1889,1535354880.0,83.55855855855856,14208,9984,402653184.0,40265318.4
Dragonfly+,1890,1535354880.0,83.56559684684684,14208,9984,402653184.0,40265318.4
Dragonfly+,1891,1535354880.0,83.57263513513513,14208,9984,402653184.0,40265318.4
Dragonfly+,1892,1535354880.0,83.57967342342343,14208,9984,402653184.0,40265318.4
Dragonfly+,1893,1535354880.0,83.58671171171171,14208,9984,402653184.0,40265318.4
Dragonfly+,1894,1535354880.0,83.59375,14208,9984,402653184.0,40265318.4
Dragonfly+,1895,1535354880.0,83.60078828828829,14208,9984,402653184.0,40265318.4
Dragonfly+,1896,1535354880.0,83.60782657657657,14208,9984,402653184.0,40265318.4
Dragonfly+,1897,1535354880.0,83.61486486486487,14208,9984,402653184.0,40265318.4
Dragonfly+,1898,1535354880.0,83.62190315315316,14208,9984,402653184.0,40265318.4
Dragonfly+,1899,1535354880.0,83.62894144144144,14208,9984,402653184.0,40265318.4
Dragonfly+,1900,1535354880.0,83.63597972972973,14208,9984,402653184.0,40265318.4
Dragonfly+,1901,1535354880.0,83.64301801801803,14208,9984,402653184.0,40265318.4
Dragonfly+,1902,1535354880.0,83.65005630630631,14208,9984,402653184.0,40265318.4
Dragonfly+,1903,1535354880.0,83.6570945945946,14208,9984,402653184.0,40265318.4
Dragonfly+,1904,1535354880.0,83.66413288288288,14208,9984,402653184.0,40265318.4
Dragonfly+,1905,1535354880.0,83.67117117117117,14208,9984,402653184.0,40265318.4
Dragonfly+,1906,1535354880.0,83.67820945945947,14208,9984,402653184.0,40265318.4
Dragonfly+,1907,1535354880.0,83.68524774774775,14208,9984,402653184.0,40265318.4
Dragonfly+,1908,1535354880.0,83.69228603603604,14208,9984,402653184.0,40265318.4
Dragonfly+,1909,1535354880.0,83.69932432432432,14208,9984,402653184.0,40265318.4
Dragonfly+,1910,1535354880.0,83.70636261261262,14208,9984,402653184.0,40265318.4
Dragonfly+,1911,1535354880.0,83.71340090090091,14208,9984,402653184.0,40265318.4
Dragonfly+,1912,1535354880.0,83.7204391891892,14208,9984,402653184.0,40265318.4
Dragonfly+,1913,1535354880.0,83.72747747747748,14208,9984,402653184.0,40265318.4
Dragonfly+,1914,1535354880.0,83.73451576576578,14208,9984,402653184.0,40265318.4
Dragonfly+,1915,1535354880.0,83.74155405405406,14208,9984,402653184.0,40265318.4
Dragonfly+,1916,1535354880.0,83.74859234234235,14208,9984,402653184.0,40265318.4
Dragonfly+,1917,1535354880.0,83.75563063063063,14208,9984,402653184.0,40265318.4
Dragonfly+,1918,1535354880.0,83.76266891891892,14208,9984,402653184.0,40265318.4
Dragonfly+,1919,1535354880.0,83.7697072072072,14208,9984,402653184.0,40265318.4
Dragonfly+,1920,1535354880.0,83.7767454954955,14208,9984,402653184.0,40265318.4
Dragonfly+,1921,1535354880.0,83.78378378378379,14208,9984,402653184.0,40265318.4
Dragonfly+,1922,5940092928.0,83.79082207207207,14208,9984,402653184.0,40265318.4
Dragonfly+,1923,5940092928.0,83.79786036036036,14208,9984,402653184.0,40265318.4
Dragonfly+,1924,5940092928.0,83.80489864864865,14208,9984,402653184.0,40265318.4
Dragonfly+,1925,5940092928.0,83.81193693693693,14208,9984,402653184.0,40265318.4
Dragonfly+,1926,5940092928.0,83.81897522522522,14208,9984,402653184.0,40265318.4
Dragonfly+,1927,5940092928.0,83.82601351351352,14208,9984,402653184.0,40265318.4
Dragonfly+,1928,5940092928.0,83.8330518018018,14208,9984,402653184.0,40265318.4
Dragonfly+,1929,5940092928.0,83.84009009009009,14208,9984,402653184.0,40265318.4
Dragonfly+,1930,5940092928.0,83.84712837837837,14208,9984,402653184.0,40265318.4
Dragonfly+,1931,5940092928.0,83.85416666666666,14208,9984,402653184.0,40265318.4
Dragonfly+,1932,5940092928.0,83.86120495495496,14208,9984,402653184.0,40265318.4
Dragonfly+,1933,5940092928.0,83.86824324324324,14208,9984,402653184.0,40265318.4
Dragonfly+,1934,5940092928.0,83.87528153153153,14208,9984,402653184.0,40265318.4
Dragonfly+,1935,5940092928.0,83.88231981981981,14208,9984,402653184.0,40265318.4
Dragonfly+,1936,5940092928.0,83.8893581081081,14208,9984,402653184.0,40265318.4
Dragonfly+,1937,5940092928.0,83.8963963963964,14208,9984,402653184.0,40265318.4
Dragonfly+,1938,5940092928.0,83.90343468468468,14208,9984,402653184.0,40265318.4
Dragonfly+,1939,5940092928.0,83.91047297297297,14208,9984,402653184.0,40265318.4
Dragonfly+,1940,5940092928.0,83.91751126126125,14208,9984,402653184.0,40265318.4
Dragonfly+,1941,5940092928.0,83.92454954954955,14208,9984,402653184.0,40265318.4
Dragonfly+,1942,5940092928.0,83.93158783783784,14208,9984,402653184.0,40265318.4
Dragonfly+,1943,5940092928.0,83.93862612612612,14208,9984,402653184.0,40265318.4
Dragonfly+,1944,5940092928.0,83.94566441441441,14208,9984,402653184.0,40265318.4
Dragonfly+,1945,5940092928.0,83.9527027027027,14208,9984,402653184.0,40265318.4
Dragonfly+,1946,5940092928.0,83.959740990991,14208,9984,402653184.0,40265318.4
Dragonfly+,1947,5940092928.0,83.96677927927928,14208,9984,402653184.0,40265318.4
Dragonfly+,1948,5940092928.0,83.97381756756756,14208,9984,402653184.0,40265318.4
Dragonfly+,1949,5940092928.0,83.98085585585585,14208,9984,402653184.0,40265318.4
Dragonfly+,1950,5940092928.0,83.98789414414415,14208,9984,402653184.0,40265318.4
Dragonfly+,1951,5940092928.0,83.99493243243244,14208,9984,402653184.0,40265318.4
Dragonfly+,1952,5940092928.0,84.00197072072072,14208,9984,402653184.0,40265318.4
Dragonfly+,1953,5940092928.0,84.009009009009,14208,9984,402653184.0,40265318.4
Dragonfly+,1954,5940092928.0,84.0160472972973,14208,9984,402653184.0,40265318.4
Dragonfly+,1955,5940092928.0,84.02308558558559,14208,9984,402653184.0,40265318.4
Dragonfly+,1956,5940092928.0,84.03012387387388,14208,9984,402653184.0,40265318.4
Dragonfly+,1957,5940092928.0,84.03716216216216,14208,9984,402653184.0,40265318.4
Dragonfly+,1958,5940092928.0,84.04420045045045,14208,9984,402653184.0,40265318.4
Dragonfly+,1959,5940092928.0,84.05123873873875,14208,9984,402653184.0,40265318.4
Dragonfly+,1960,5940092928.0,84.05827702702703,14208,9984,402653184.0,40265318.4
Dragonfly+,1961,5940092928.0,84.06531531531532,14208,9984,402653184.0,40265318.4
Dragonfly+,1962,5940092928.0,84.0723536036036,14208,9984,402653184.0,40265318.4
Dragonfly+,1963,5940092928.0,84.0793918918919,14208,9984,402653184.0,40265318.4
Dragonfly+,1964,5940092928.0,84.08643018018019,14208,9984,402653184.0,40265318.4
Dragonfly+,1965,5940092928.0,84.09346846846847,14208,9984,402653184.0,40265318.4
Dragonfly+,1966,5940092928.0,84.10050675675676,14208,9984,402653184.0,40265318.4
Dragonfly+,1967,5940092928.0,84.10754504504504,14208,9984,402653184.0,40265318.4
Dragonfly+,1968,5940092928.0,84.11458333333334,14208,9984,402653184.0,40265318.4
Dragonfly+,1969,5940092928.0,84.12162162162163,14208,9984,402653184.0,40265318.4
Dragonfly+,1970,5940092928.0,84.12865990990991,14208,9984,402653184.0,40265318.4
Dragonfly+,1971,5940092928.0,84.1356981981982,14208,9984,402653184.0,40265318.4
Dragonfly+,1972,5940092928.0,84.14273648648648,14208,9984,402653184.0,40265318.4
Dragonfly+,1973,5940092928.0,84.14977477477478,14208,9984,402653184.0,40265318.4
Dragonfly+,1974,5940092928.0,84.15681306306307,14208,9984,402653184.0,40265318.4
Dragonfly+,1975,5940092928.0,84.16385135135135,14208,9984,402653184.0,40265318.4
Dragonfly+,1976,5940092928.0,84.17088963963964,14208,9984,402653184.0,40265318.4
Dragonfly+,1977,5940092928.0,84.17792792792793,14208,9984,402653184.0,40265318.4
Dragonfly+,1978,5940092928.0,84.18496621621621,14208,9984,402653184.0,40265318.4
Dragonfly+,1979,5940092928.0,84.1920045045045,14208,9984,402653184.0,40265318.4
Dragonfly+,1980,5940092928.0,84.1990427927928,14208,9984,402653184.0,40265318.4
Dragonfly+,1981,5940092928.0,84.20608108108108,14208,9984,402653184.0,40265318.4
Dragonfly+,1982,5940092928.0,84.21311936936937,14208,9984,402653184.0,40265318.4
Dragonfly+,1983,5940092928.0,84.22015765765765,14208,9984,402653184.0,40265318.4
Dragonfly+,1984,5940092928.0,84.22719594594594,14208,9984,402653184.0,40265318.4
Dragonfly+,1985,5940092928.0,84.23423423423422,14208,9984,402653184.0,40265318.4
Dragonfly+,1986,5940092928.0,84.24127252252252,14208,9984,402653184.0,40265318.4
Dragonfly+,1987,5940092928.0,84.2483108108108,14208,9984,402653184.0,40265318.4
Dragonfly+,1988,5940092928.0,84.25534909909909,14208,9984,402653184.0,40265318.4
Dragonfly+,1989,5940092928.0,84.26238738738738,14208,9984,402653184.0,40265318.4
Dragonfly+,1990,5940092928.0,84.26942567567568,14208,9984,402653184.0,40265318.4
Dragonfly+,1991,5940092928.0,84.27646396396396,14208,9984,402653184.0,40265318.4
Dragonfly+,1992,5940092928.0,84.28350225225225,14208,9984,402653184.0,40265318.4
Dragonfly+,1993,5940092928.0,84.29054054054053,14208,9984,402653184.0,40265318.4
Dragonfly+,1994,5940092928.0,84.29757882882883,14208,9984,402653184.0,40265318.4
Dragonfly+,1995,5940092928.0,84.30461711711712,14208,9984,402653184.0,40265318.4
Dragonfly+,1996,5940092928.0,84.3116554054054,14208,9984,402653184.0,40265318.4
Dragonfly+,1997,5940092928.0,84.31869369369369,14208,9984,402653184.0,40265318.4
Dragonfly+,1998,5940092928.0,84.32573198198197,14208,9984,402653184.0,40265318.4
Dragonfly+,1999,5940092928.0,84.33277027027027,14208,9984,402653184.0,40265318.4
Dragonfly+,2000,5940092928.0,84.33980855855856,14208,9984,402653184.0,40265318.4
Dragonfly+,2001,5940092928.0,84.34684684684684,14208,9984,402653184.0,40265318.4
Dragonfly+,2002,5940092928.0,84.35388513513513,14208,9984,402653184.0,40265318.4
Dragonfly+,2003,5940092928.0,84.36092342342343,14208,9984,402653184.0,40265318.4
Dragonfly+,2004,5940092928.0,84.36796171171171,14208,9984,402653184.0,40265318.4
Dragonfly+,2005,5940092928.0,84.375,14208,9984,402653184.0,40265318.4
Dragonfly+,2006,5940092928.0,84.38203828828829,14208,9984,402653184.0,40265318.4
Dragonfly+,2007,5940092928.0,84.38907657657657,14208,9984,402653184.0,40265318.4
Dragonfly+,2008,5940092928.0,84.39611486486487,14208,9984,402653184.0,40265318.4
Dragonfly+,2009,5940092928.0,84.40315315315316,14208,9984,402653184.0,40265318.4
Dragonfly+,2010,5940092928.0,84.41019144144144,14208,9984,402653184.0,40265318.4
Dragonfly+,2011,5940092928.0,84.41722972972973,14208,9984,402653184.0,40265318.4
Dragonfly+,2012,5940092928.0,84.42426801801803,14208,9984,402653184.0,40265318.4
Dragonfly+,2013,5940092928.0,84.43130630630631,14208,9984,402653184.0,40265318.4
Dragonfly+,2014,5940092928.0,84.4383445945946,14208,9984,402653184.0,40265318.4
Dragonfly+,2015,5940092928.0,84.44538288288288,14208,9984,402653184.0,40265318.4
Dragonfly+,2016,5940092928.0,84.45242117117117,14208,9984,402653184.0,40265318.4
Dragonfly+,2017,5940092928.0,84.45945945945947,14208,9984,402653184.0,40265318.4
Dragonfly+,2018,5940092928.0,84.46649774774775,14208,9984,402653184.0,40265318.4
Dragonfly+,2019,5940092928.0,84.47353603603604,14208,9984,402653184.0,40265318.4
Dragonfly+,2020,5940092928.0,84.48057432432432,14208,9984,402653184.0,40265318.4
Dragonfly+,2021,5940092928.0,84.48761261261262,14208,9984,402653184.0,40265318.4
Dragonfly+,2022,5940092928.0,84.49465090090091,14208,9984,402653184.0,40265318.4
Dragonfly+,2023,5940092928.0,84.5016891891892,14208,9984,402653184.0,40265318.4
Dragonfly+,2024,5940092928.0,84.50872747747748,14208,9984,402653184.0,40265318.4
Dragonfly+,2025,5940092928.0,84.51576576576578,14208,9984,402653184.0,40265318.4
Dragonfly+,2026,5940092928.0,84.52280405405406,14208,9984,402653184.0,40265318.4
Dragonfly+,2027,5940092928.0,84.52984234234235,14208,9984,402653184.0,40265318.4
Dragonfly+,2028,5940092928.0,84.53688063063063,14208,9984,402653184.0,40265318.4
Dragonfly+,2029,5940092928.0,84.54391891891892,14208,9984,402653184.0,40265318.4
Dragonfly+,2030,5940092928.0,84.5509572072072,14208,9984,402653184.0,40265318.4
Dragonfly+,2031,5940092928.0,84.5579954954955,14208,9984,402653184.0,40265318.4
Dragonfly+,2032,5940092928.0,84.56503378378379,14208,9984,402653184.0,40265318.4
Dragonfly+,2033,5940092928.0,84.57207207207207,14208,9984,402653184.0,40265318.4
Dragonfly+,2034,5940092928.0,84.57911036036036,14208,9984,402653184.0,40265318.4
Dragonfly+,2035,5940092928.0,84.58614864864865,14208,9984,402653184.0,40265318.4
Dragonfly+,2036,5940092928.0,84.59318693693693,14208,9984,402653184.0,40265318.4
Dragonfly+,2037,5940092928.0,84.60022522522522,14208,9984,402653184.0,40265318.4
Dragonfly+,2038,5940092928.0,84.60726351351352,14208,9984,402653184.0,40265318.4
Dragonfly+,2039,5940092928.0,84.6143018018018,14208,9984,402653184.0,40265318.4
Dragonfly+,2040,5940092928.0,84.62134009009009,14208,9984,402653184.0,40265318.4
Dragonfly+,2041,5940092928.0,84.62837837837837,14208,9984,402653184.0,40265318.4
Dragonfly+,2042,5940092928.0,84.63541666666666,14208,9984,402653184.0,40265318.4
Dragonfly+,2043,5940092928.0,84.64245495495496,14208,9984,402653184.0,40265318.4
Dragonfly+,2044,5940092928.0,84.64949324324324,14208,9984,402653184.0,40265318.4
Dragonfly+,2045,5940092928.0,84.65653153153153,14208,9984,402653184.0,40265318.4
Dragonfly+,2046,5940092928.0,84.66356981981981,14208,9984,402653184.0,40265318.4
Dragonfly+,2047,5940092928.0,84.6706081081081,14208,9984,402653184.0,40265318.4
Dragonfly+,2048,5940092928.0,84.6776463963964,14208,9984,402653184.0,40265318.4
Dragonfly+,2049,5940092928.0,84.68468468468468,14208,9984,402653184.0,40265318.4
Dragonfly+,2050,86844715008.0,84.69172297297297,14208,9984,402653184.0,40265318.4
Dragonfly+,2051,86844715008.0,84.69876126126125,14208,9984,402653184.0,40265318.4
Dragonfly+,2052,86844715008.0,84.70579954954955,14208,9984,402653184.0,40265318.4
Dragonfly+,2053,86844715008.0,84.71283783783784,14208,9984,402653184.0,40265318.4
Dragonfly+,2054,86844715008.0,84.71987612612612,14208,9984,402653184.0,40265318.4
Dragonfly+,2055,86844715008.0,84.72691441441441,14208,9984,402653184.0,40265318.4
Dragonfly+,2056,86844715008.0,84.7339527027027,14208,9984,402653184.0,40265318.4
Dragonfly+,2057,86844715008.0,84.740990990991,14208,9984,402653184.0,40265318.4
Dragonfly+,2058,86844715008.0,84.74802927927928,14208,9984,402653184.0,40265318.4
Dragonfly+,2059,86844715008.0,84.75506756756756,14208,9984,402653184.0,40265318.4
Dragonfly+,2060,86844715008.0,84.76210585585585,14208,9984,402653184.0,40265318.4
Dragonfly+,2061,86844715008.0,84.76914414414415,14208,9984,402653184.0,40265318.4
Dragonfly+,2062,86844715008.0,84.77618243243244,14208,9984,402653184.0,40265318.4
Dragonfly+,2063,86844715008.0,84.78322072072072,14208,9984,402653184.0,40265318.4
Dragonfly+,2064,86844715008.0,84.790259009009,14208,9984,402653184.0,40265318.4
Dragonfly+,2065,86844715008.0,84.7972972972973,14208,9984,402653184.0,40265318.4
Dragonfly+,2066,86844715008.0,84.80433558558559,14208,9984,402653184.0,40265318.4
Dragonfly+,2067,86844715008.0,84.81137387387388,14208,9984,402653184.0,40265318.4
Dragonfly+,2068,86844715008.0,84.81841216216216,14208,9984,402653184.0,40265318.4
Dragonfly+,2069,86844715008.0,84.82545045045045,14208,9984,402653184.0,40265318.4
Dragonfly+,2070,86844715008.0,84.83248873873875,14208,9984,402653184.0,40265318.4
Dragonfly+,2071,86844715008.0,84.83952702702703,14208,9984,402653184.0,40265318.4
Dragonfly+,2072,86844715008.0,84.84656531531532,14208,9984,402653184.0,40265318.4
Dragonfly+,2073,86844715008.0,84.8536036036036,14208,9984,402653184.0,40265318.4
Dragonfly+,2074,86844715008.0,84.8606418918919,14208,9984,402653184.0,40265318.4
Dragonfly+,2075,86844715008.0,84.86768018018019,14208,9984,402653184.0,40265318.4
Dragonfly+,2076,86844715008.0,84.87471846846847,14208,9984,402653184.0,40265318.4
Dragonfly+,2077,86844715008.0,84.88175675675676,14208,9984,402653184.0,40265318.4
Dragonfly+,2078,86844715008.0,84.88879504504504,14208,9984,402653184.0,40265318.4
Dragonfly+,2079,86844715008.0,84.89583333333334,14208,9984,402653184.0,40265318.4
Dragonfly+,2080,86844715008.0,84.90287162162163,14208,9984,402653184.0,40265318.4
Dragonfly+,2081,86844715008.0,84.90990990990991,14208,9984,402653184.0,40265318.4
Dragonfly+,2082,86844715008.0,84.9169481981982,14208,9984,402653184.0,40265318.4
Dragonfly+,2083,86844715008.0,84.92398648648648,14208,9984,402653184.0,40265318.4
Dragonfly+,2084,86844715008.0,84.93102477477478,14208,9984,402653184.0,40265318.4
Dragonfly+,2085,86844715008.0,84.93806306306307,14208,9984,402653184.0,40265318.4
Dragonfly+,2086,86844715008.0,84.94510135135135,14208,9984,402653184.0,40265318.4
Dragonfly+,2087,86844715008.0,84.95213963963964,14208,9984,402653184.0,40265318.4
Dragonfly+,2088,86844715008.0,84.95917792792793,14208,9984,402653184.0,40265318.4
Dragonfly+,2089,86844715008.0,84.96621621621621,14208,9984,402653184.0,40265318.4
Dragonfly+,2090,86844715008.0,84.9732545045045,14208,9984,402653184.0,40265318.4
Dragonfly+,2091,86844715008.0,84.9802927927928,14208,9984,402653184.0,40265318.4
Dragonfly+,2092,86844715008.0,84.98733108108108,14208,9984,402653184.0,40265318.4
Dragonfly+,2093,86844715008.0,84.99436936936937,14208,9984,402653184.0,40265318.4
Dragonfly+,2094,86844715008.0,85.00140765765765,14208,9984,402653184.0,40265318.4
Dragonfly+,2095,86844715008.0,85.00844594594594,14208,9984,402653184.0,40265318.4
Dragonfly+,2096,86844715008.0,85.01548423423422,14208,9984,402653184.0,40265318.4
Dragonfly+,2097,86844715008.0,85.02252252252252,14208,9984,402653184.0,40265318.4
Dragonfly+,2098,86844715008.0,85.0295608108108,14208,9984,402653184.0,40265318.4
Dragonfly+,2099,86844715008.0,85.03659909909909,14208,9984,402653184.0,40265318.4
Dragonfly+,2100,86844715008.0,85.04363738738738,14208,9984,402653184.0,40265318.4
Dragonfly+,2101,86844715008.0,85.05067567567568,14208,9984,402653184.0,40265318.4
Dragonfly+,2102,86844715008.0,85.05771396396396,14208,9984,402653184.0,40265318.4
Dragonfly+,2103,86844715008.0,85.06475225225225,14208,9984,402653184.0,40265318.4
Dragonfly+,2104,86844715008.0,85.07179054054053,14208,9984,402653184.0,40265318.4
Dragonfly+,2105,86844715008.0,85.07882882882883,14208,9984,402653184.0,40265318.4
Dragonfly+,2106,86844715008.0,85.08586711711712,14208,9984,402653184.0,40265318.4
Dragonfly+,2107,86844715008.0,85.0929054054054,14208,9984,402653184.0,40265318.4
Dragonfly+,2108,86844715008.0,85.09994369369369,14208,9984,402653184.0,40265318.4
Dragonfly+,2109,86844715008.0,85.10698198198197,14208,9984,402653184.0,40265318.4
Dragonfly+,2110,86844715008.0,85.11402027027027,14208,9984,402653184.0,40265318.4
Dragonfly+,2111,86844715008.0,85.12105855855856,14208,9984,402653184.0,40265318.4
Dragonfly+,2112,86844715008.0,85.12809684684684,14208,9984,402653184.0,40265318.4
Dragonfly+,2113,86844715008.0,85.13513513513513,14208,9984,402653184.0,40265318.4
Dragonfly+,2114,86844715008.0,85.14217342342343,14208,9984,402653184.0,40265318.4
Dragonfly+,2115,86844715008.0,85.14921171171171,14208,9984,402653184.0,40265318.4
Dragonfly+,2116,86844715008.0,85.15625,14208,9984,402653184.0,40265318.4
Dragonfly+,2117,86844715008.0,85.16328828828829,14208,9984,402653184.0,40265318.4
Dragonfly+,2118,86844715008.0,85.17032657657657,14208,9984,402653184.0,40265318.4
Dragonfly+,2119,86844715008.0,85.17736486486487,14208,9984,402653184.0,40265318.4
Dragonfly+,2120,86844715008.0,85.18440315315316,14208,9984,402653184.0,40265318.4
Dragonfly+,2121,86844715008.0,85.19144144144144,14208,9984,402653184.0,40265318.4
Dragonfly+,2122,86844715008.0,85.19847972972973,14208,9984,402653184.0,40265318.4
Dragonfly+,2123,86844715008.0,85.20551801801803,14208,9984,402653184.0,40265318.4
Dragonfly+,2124,86844715008.0,85.21255630630631,14208,9984,402653184.0,40265318.4
Dragonfly+,2125,86844715008.0,85.2195945945946,14208,9984,402653184.0,40265318.4
Dragonfly+,2126,86844715008.0,85.22663288288288,14208,9984,402653184.0,40265318.4
Dragonfly+,2127,86844715008.0,85.23367117117117,14208,9984,402653184.0,40265318.4
Dragonfly+,2128,86844715008.0,85.24070945945947,14208,9984,402653184.0,40265318.4
Dragonfly+,2129,86844715008.0,85.24774774774775,14208,9984,402653184.0,40265318.4
Dragonfly+,2130,86844715008.0,85.25478603603604,14208,9984,402653184.0,40265318.4
Dragonfly+,2131,86844715008.0,85.26182432432432,14208,9984,402653184.0,40265318.4
Dragonfly+,2132,86844715008.0,85.26886261261262,14208,9984,402653184.0,40265318.4
Dragonfly+,2133,86844715008.0,85.27590090090091,14208,9984,402653184.0,40265318.4
Dragonfly+,2134,86844715008.0,85.2829391891892,14208,9984,402653184.0,40265318.4
Dragonfly+,2135,86844715008.0,85.28997747747748,14208,9984,402653184.0,40265318.4
Dragonfly+,2136,86844715008.0,85.29701576576578,14208,9984,402653184.0,40265318.4
Dragonfly+,2137,86844715008.0,85.30405405405406,14208,9984,402653184.0,40265318.4
Dragonfly+,2138,86844715008.0,85.31109234234235,14208,9984,402653184.0,40265318.4
Dragonfly+,2139,86844715008.0,85.31813063063063,14208,9984,402653184.0,40265318.4
Dragonfly+,2140,86844715008.0,85.32516891891892,14208,9984,402653184.0,40265318.4
Dragonfly+,2141,86844715008.0,85.3322072072072,14208,9984,402653184.0,40265318.4
Dragonfly+,2142,86844715008.0,85.3392454954955,14208,9984,402653184.0,40265318.4
Dragonfly+,2143,86844715008.0,85.34628378378379,14208,9984,402653184.0,40265318.4
Dragonfly+,2144,86844715008.0,85.35332207207207,14208,9984,402653184.0,40265318.4
Dragonfly+,2145,86844715008.0,85.36036036036036,14208,9984,402653184.0,40265318.4
Dragonfly+,2146,86844715008.0,85.36739864864865,14208,9984,402653184.0,40265318.4
Dragonfly+,2147,86844715008.0,85.37443693693693,14208,9984,402653184.0,40265318.4
Dragonfly+,2148,86844715008.0,85.38147522522522,14208,9984,402653184.0,40265318.4
Dragonfly+,2149,86844715008.0,85.38851351351352,14208,9984,402653184.0,40265318.4
Dragonfly+,2150,86844715008.0,85.3955518018018,14208,9984,402653184.0,40265318.4
Dragonfly+,2151,86844715008.0,85.40259009009009,14208,9984,402653184.0,40265318.4
Dragonfly+,2152,86844715008.0,85.40962837837837,14208,9984,402653184.0,40265318.4
Dragonfly+,2153,86844715008.0,85.41666666666666,14208,9984,402653184.0,40265318.4
Dragonfly+,2154,86844715008.0,85.42370495495496,14208,9984,402653184.0,40265318.4
Dragonfly+,2155,86844715008.0,85.43074324324324,14208,9984,402653184.0,40265318.4
Dragonfly+,2156,86844715008.0,85.43778153153153,14208,9984,402653184.0,40265318.4
Dragonfly+,2157,86844715008.0,85.44481981981981,14208,9984,402653184.0,40265318.4
Dragonfly+,2158,86844715008.0,85.4518581081081,14208,9984,402653184.0,40265318.4
Dragonfly+,2159,86844715008.0,85.4588963963964,14208,9984,402653184.0,40265318.4
Dragonfly+,2160,86844715008.0,85.46593468468468,14208,9984,402653184.0,40265318.4
Dragonfly+,2161,86844715008.0,85.47297297297297,14208,9984,402653184.0,40265318.4
Dragonfly+,2162,86844715008.0,85.48001126126125,14208,9984,402653184.0,40265318.4
Dragonfly+,2163,86844715008.0,85.48704954954955,14208,9984,402653184.0,40265318.4
Dragonfly+,2164,86844715008.0,85.49408783783784,14208,9984,402653184.0,40265318.4
Dragonfly+,2165,86844715008.0,85.50112612612612,14208,9984,402653184.0,40265318.4
Dragonfly+,2166,86844715008.0,85.50816441441441,14208,9984,402653184.0,40265318.4
Dragonfly+,2167,86844715008.0,85.5152027027027,14208,9984,402653184.0,40265318.4
Dragonfly+,2168,86844715008.0,85.522240990991,14208,9984,402653184.0,40265318.4
Dragonfly+,2169,86844715008.0,85.52927927927928,14208,9984,402653184.0,40265318.4
Dragonfly+,2170,86844715008.0,85.53631756756756,14208,9984,402653184.0,40265318.4
Dragonfly+,2171,86844715008.0,85.54335585585585,14208,9984,402653184.0,40265318.4
Dragonfly+,2172,86844715008.0,85.55039414414415,14208,9984,402653184.0,40265318.4
Dragonfly+,2173,86844715008.0,85.55743243243244,14208,9984,402653184.0,40265318.4
Dragonfly+,2174,86844715008.0,85.56447072072072,14208,9984,402653184.0,40265318.4
Dragonfly+,2175,86844715008.0,85.571509009009,14208,9984,402653184.0,40265318.4
Dragonfly+,2176,86844715008.0,85.5785472972973,14208,9984,402653184.0,40265318.4
Dragonfly+,2177,86844715008.0,85.58558558558559,14208,9984,402653184.0,40265318.4
Dragonfly+,2178,86844715008.0,85.59262387387388,14208,9984,402653184.0,40265318.4
Dragonfly+,2179,86844715008.0,85.59966216216216,14208,9984,402653184.0,40265318.4
Dragonfly+,2180,86844715008.0,85.60670045045045,14208,9984,402653184.0,40265318.4
Dragonfly+,2181,86844715008.0,85.61373873873875,14208,9984,402653184.0,40265318.4
Dragonfly+,2182,86844715008.0,85.62077702702703,14208,9984,402653184.0,40265318.4
Dragonfly+,2183,86844715008.0,85.62781531531532,14208,9984,402653184.0,40265318.4
Dragonfly+,2184,86844715008.0,85.6348536036036,14208,9984,402653184.0,40265318.4
Dragonfly+,2185,86844715008.0,85.6418918918919,14208,9984,402653184.0,40265318.4
Dragonfly+,2186,86844715008.0,85.64893018018019,14208,9984,402653184.0,40265318.4
Dragonfly+,2187,86844715008.0,85.65596846846847,14208,9984,402653184.0,40265318.4
Dragonfly+,2188,86844715008.0,85.66300675675676,14208,9984,402653184.0,40265318.4
Dragonfly+,2189,86844715008.0,85.67004504504504,14208,9984,402653184.0,40265318.4
Dragonfly+,2190,86844715008.0,85.67708333333334,14208,9984,402653184.0,40265318.4
Dragonfly+,2191,86844715008.0,85.68412162162163,14208,9984,402653184.0,40265318.4
Dragonfly+,2192,86844715008.0,85.69115990990991,14208,9984,402653184.0,40265318.4
Dragonfly+,2193,86844715008.0,85.6981981981982,14208,9984,402653184.0,40265318.4
Dragonfly+,2194,86844715008.0,85.70523648648648,14208,9984,402653184.0,40265318.4
Dragonfly+,2195,86844715008.0,85.71227477477478,14208,9984,402653184.0,40265318.4
Dragonfly+,2196,86844715008.0,85.71931306306307,14208,9984,402653184.0,40265318.4
Dragonfly+,2197,86844715008.0,85.72635135135135,14208,9984,402653184.0,40265318.4
Dragonfly+,2198,86844715008.0,85.73338963963964,14208,9984,402653184.0,40265318.4
Dragonfly+,2199,86844715008.0,85.74042792792793,14208,9984,402653184.0,40265318.4
Dragonfly+,2200,86844715008.0,85.74746621621621,14208,9984,402653184.0,40265318.4
Dragonfly+,2201,86844715008.0,85.7545045045045,14208,9984,402653184.0,40265318.4
Dragonfly+,2202,86844715008.0,85.7615427927928,14208,9984,402653184.0,40265318.4
Dragonfly+,2203,86844715008.0,85.76858108108108,14208,9984,402653184.0,40265318.4
Dragonfly+,2204,86844715008.0,85.77561936936937,14208,9984,402653184.0,40265318.4
Dragonfly+,2205,86844715008.0,85.78265765765765,14208,9984,402653184.0,40265318.4
Dragonfly+,2206,86844715008.0,85.78969594594594,14208,9984,402653184.0,40265318.4
Dragonfly+,2207,86844715008.0,85.79673423423422,14208,9984,402653184.0,40265318.4
Dragonfly+,2208,86844715008.0,85.80377252252252,14208,9984,402653184.0,40265318.4
Dragonfly+,2209,86844715008.0,85.8108108108108,14208,9984,402653184.0,40265318.4
Dragonfly+,2210,86844715008.0,85.81784909909909,14208,9984,402653184.0,40265318.4
Dragonfly+,2211,86844715008.0,85.82488738738738,14208,9984,402653184.0,40265318.4
Dragonfly+,2212,86844715008.0,85.83192567567568,14208,9984,402653184.0,40265318.4
Dragonfly+,2213,86844715008.0,85.83896396396396,14208,9984,402653184.0,40265318.4
Dragonfly+,2214,86844715008.0,85.84600225225225,14208,9984,402653184.0,40265318.4
Dragonfly+,2215,86844715008.0,85.85304054054053,14208,9984,402653184.0,40265318.4
Dragonfly+,2216,86844715008.0,85.86007882882883,14208,9984,402653184.0,40265318.4
Dragonfly+,2217,86844715008.0,85.86711711711712,14208,9984,402653184.0,40265318.4
Dragonfly+,2218,86844715008.0,85.8741554054054,14208,9984,402653184.0,40265318.4
Dragonfly+,2219,86844715008.0,85.88119369369369,14208,9984,402653184.0,40265318.4
Dragonfly+,2220,86844715008.0,85.88823198198197,14208,9984,402653184.0,40265318.4
Dragonfly+,2221,86844715008.0,85.89527027027027,14208,9984,402653184.0,40265318.4
Dragonfly+,2222,86844715008.0,85.90230855855856,14208,9984,402653184.0,40265318.4
Dragonfly+,2223,86844715008.0,85.90934684684684,14208,9984,402653184.0,40265318.4
Dragonfly+,2224,86844715008.0,85.91638513513513,14208,9984,402653184.0,40265318.4
Dragonfly+,2225,86844715008.0,85.92342342342343,14208,9984,402653184.0,40265318.4
Dragonfly+,2226,86844715008.0,85.93046171171171,14208,9984,402653184.0,40265318.4
Dragonfly+,2227,86844715008.0,85.9375,14208,9984,402653184.0,40265318.4
Dragonfly+,2228,86844715008.0,85.94453828828829,14208,9984,402653184.0,40265318.4
Dragonfly+,2229,86844715008.0,85.95157657657657,14208,9984,402653184.0,40265318.4
Dragonfly+,2230,86844715008.0,85.95861486486487,14208,9984,402653184.0,40265318.4
Dragonfly+,2231,86844715008.0,85.96565315315316,14208,9984,402653184.0,40265318.4
Dragonfly+,2232,86844715008.0,85.97269144144144,14208,9984,402653184.0,40265318.4
Dragonfly+,2233,86844715008.0,85.97972972972973,14208,9984,402653184.0,40265318.4
Dragonfly+,2234,86844715008.0,85.98676801801803,14208,9984,402653184.0,40265318.4
Dragonfly+,2235,86844715008.0,85.99380630630631,14208,9984,402653184.0,40265318.4
Dragonfly+,2236,86844715008.0,86.0008445945946,14208,9984,402653184.0,40265318.4
Dragonfly+,2237,86844715008.0,86.00788288288288,14208,9984,402653184.0,40265318.4
Dragonfly+,2238,86844715008.0,86.01492117117117,14208,9984,402653184.0,40265318.4
Dragonfly+,2239,86844715008.0,86.02195945945947,14208,9984,402653184.0,40265318.4
Dragonfly+,2240,86844715008.0,86.02899774774775,14208,9984,402653184.0,40265318.4
Dragonfly+,2241,86844715008.0,86.03603603603604,14208,9984,402653184.0,40265318.4
Dragonfly+,2242,86844715008.0,86.04307432432432,14208,9984,402653184.0,40265318.4
Dragonfly+,2243,86844715008.0,86.05011261261262,14208,9984,402653184.0,40265318.4
Dragonfly+,2244,86844715008.0,86.05715090090091,14208,9984,402653184.0,40265318.4
Dragonfly+,2245,86844715008.0,86.0641891891892,14208,9984,402653184.0,40265318.4
Dragonfly+,2246,86844715008.0,86.07122747747748,14208,9984,402653184.0,40265318.4
Dragonfly+,2247,86844715008.0,86.07826576576578,14208,9984,402653184.0,40265318.4
Dragonfly+,2248,86844715008.0,86.08530405405406,14208,9984,402653184.0,40265318.4
Dragonfly+,2249,86844715008.0,86.09234234234235,14208,9984,402653184.0,40265318.4
Dragonfly+,2250,86844715008.0,86.09938063063063,14208,9984,402653184.0,40265318.4
Dragonfly+,2251,86844715008.0,86.10641891891892,14208,9984,402653184.0,40265318.4
Dragonfly+,2252,86844715008.0,86.1134572072072,14208,9984,402653184.0,40265318.4
Dragonfly+,2253,86844715008.0,86.1204954954955,14208,9984,402653184.0,40265318.4
Dragonfly+,2254,86844715008.0,86.12753378378379,14208,9984,402653184.0,40265318.4
Dragonfly+,2255,86844715008.0,86.13457207207207,14208,9984,402653184.0,40265318.4
Dragonfly+,2256,86844715008.0,86.14161036036036,14208,9984,402653184.0,40265318.4
Dragonfly+,2257,86844715008.0,86.14864864864865,14208,9984,402653184.0,40265318.4
Dragonfly+,2258,86844715008.0,86.15568693693693,14208,9984,402653184.0,40265318.4
Dragonfly+,2259,86844715008.0,86.16272522522522,14208,9984,402653184.0,40265318.4
Dragonfly+,2260,86844715008.0,86.16976351351352,14208,9984,402653184.0,40265318.4
Dragonfly+,2261,86844715008.0,86.1768018018018,14208,9984,402653184.0,40265318.4
Dragonfly+,2262,86844715008.0,86.18384009009009,14208,9984,402653184.0,40265318.4
Dragonfly+,2263,86844715008.0,86.19087837837837,14208,9984,402653184.0,40265318.4
Dragonfly+,2264,86844715008.0,86.19791666666666,14208,9984,402653184.0,40265318.4
Dragonfly+,2265,86844715008.0,86.20495495495496,14208,9984,402653184.0,40265318.4
Dragonfly+,2266,86844715008.0,86.21199324324324,14208,9984,402653184.0,40265318.4
Dragonfly+,2267,86844715008.0,86.21903153153153,14208,9984,402653184.0,40265318.4
Dragonfly+,2268,86844715008.0,86.22606981981981,14208,9984,402653184.0,40265318.4
Dragonfly+,2269,86844715008.0,86.2331081081081,14208,9984,402653184.0,40265318.4
Dragonfly+,2270,86844715008.0,86.2401463963964,14208,9984,402653184.0,40265318.4
Dragonfly+,2271,86844715008.0,86.24718468468468,14208,9984,402653184.0,40265318.4
Dragonfly+,2272,86844715008.0,86.25422297297297,14208,9984,402653184.0,40265318.4
Dragonfly+,2273,86844715008.0,86.26126126126125,14208,9984,402653184.0,40265318.4
Dragonfly+,2274,86844715008.0,86.26829954954955,14208,9984,402653184.0,40265318.4
Dragonfly+,2275,86844715008.0,86.27533783783784,14208,9984,402653184.0,40265318.4
Dragonfly+,2276,86844715008.0,86.28237612612612,14208,9984,402653184.0,40265318.4
Dragonfly+,2277,86844715008.0,86.28941441441441,14208,9984,402653184.0,40265318.4
Dragonfly+,2278,86844715008.0,86.2964527027027,14208,9984,402653184.0,40265318.4
Dragonfly+,2279,86844715008.0,86.303490990991,14208,9984,402653184.0,40265318.4
Dragonfly+,2280,86844715008.0,86.31052927927928,14208,9984,402653184.0,40265318.4
Dragonfly+,2281,86844715008.0,86.31756756756756,14208,9984,402653184.0,40265318.4
Dragonfly+,2282,86844715008.0,86.32460585585585,14208,9984,402653184.0,40265318.4
Dragonfly+,2283,86844715008.0,86.33164414414415,14208,9984,402653184.0,40265318.4
Dragonfly+,2284,86844715008.0,86.33868243243244,14208,9984,402653184.0,40265318.4
Dragonfly+,2285,86844715008.0,86.34572072072072,14208,9984,402653184.0,40265318.4
Dragonfly+,2286,86844715008.0,86.352759009009,14208,9984,402653184.0,40265318.4
Dragonfly+,2287,86844715008.0,86.3597972972973,14208,9984,402653184.0,40265318.4
Dragonfly+,2288,86844715008.0,86.36683558558559,14208,9984,402653184.0,40265318.4
Dragonfly+,2289,86844715008.0,86.37387387387388,14208,9984,402653184.0,40265318.4
Dragonfly+,2290,86844715008.0,86.38091216216216,14208,9984,402653184.0,40265318.4
Dragonfly+,2291,86844715008.0,86.38795045045045,14208,9984,402653184.0,40265318.4
Dragonfly+,2292,86844715008.0,86.39498873873875,14208,9984,402653184.0,40265318.4
Dragonfly+,2293,86844715008.0,86.40202702702703,14208,9984,402653184.0,40265318.4
Dragonfly+,2294,86844715008.0,86.40906531531532,14208,9984,402653184.0,40265318.4
Dragonfly+,2295,86844715008.0,86.4161036036036,14208,9984,402653184.0,40265318.4
Dragonfly+,2296,86844715008.0,86.4231418918919,14208,9984,402653184.0,40265318.4
Dragonfly+,2297,86844715008.0,86.43018018018019,14208,9984,402653184.0,40265318.4
Dragonfly+,2298,86844715008.0,86.43721846846847,14208,9984,402653184.0,40265318.4
Dragonfly+,2299,86844715008.0,86.44425675675676,14208,9984,402653184.0,40265318.4
Dragonfly+,2300,86844715008.0,86.45129504504504,14208,9984,402653184.0,40265318.4
Dragonfly+,2301,86844715008.0,86.45833333333334,14208,9984,402653184.0,40265318.4
Dragonfly+,2302,86844715008.0,86.46537162162163,14208,9984,402653184.0,40265318.4
Dragonfly+,2303,86844715008.0,86.47240990990991,14208,9984,402653184.0,40265318.4
Dragonfly+,2304,86844715008.0,86.4794481981982,14208,9984,402653184.0,40265318.4
Dragonfly+,2305,86844715008.0,86.48648648648648,14208,9984,402653184.0,40265318.4
Dragonfly+,2306,86844715008.0,86.49352477477478,14208,9984,402653184.0,40265318.4
Dragonfly+,2307,86844715008.0,86.50056306306307,14208,9984,402653184.0,40265318.4
Dragonfly+,2308,86844715008.0,86.50760135135135,14208,9984,402653184.0,40265318.4
Dragonfly+,2309,86844715008.0,86.51463963963964,14208,9984,402653184.0,40265318.4
Dragonfly+,2310,86844715008.0,86.52167792792793,14208,9984,402653184.0,40265318.4
Dragonfly+,2311,86844715008.0,86.52871621621621,14208,9984,402653184.0,40265318.4
Dragonfly+,2312,86844715008.0,86.5357545045045,14208,9984,402653184.0,40265318.4
Dragonfly+,2313,86844715008.0,86.5427927927928,14208,9984,402653184.0,40265318.4
Dragonfly+,2314,86844715008.0,86.54983108108108,14208,9984,402653184.0,40265318.4
Dragonfly+,2315,86844715008.0,86.55686936936937,14208,9984,402653184.0,40265318.4
Dragonfly+,2316,86844715008.0,86.56390765765765,14208,9984,402653184.0,40265318.4
Dragonfly+,2317,86844715008.0,86.57094594594594,14208,9984,402653184.0,40265318.4
Dragonfly+,2318,86844715008.0,86.57798423423422,14208,9984,402653184.0,40265318.4
Dragonfly+,2319,86844715008.0,86.58502252252252,14208,9984,402653184.0,40265318.4
Dragonfly+,2320,86844715008.0,86.5920608108108,14208,9984,402653184.0,40265318.4
Dragonfly+,2321,86844715008.0,86.59909909909909,14208,9984,402653184.0,40265318.4
Dragonfly+,2322,86844715008.0,86.60613738738738,14208,9984,402653184.0,40265318.4
Dragonfly+,2323,86844715008.0,86.61317567567568,14208,9984,402653184.0,40265318.4
Dragonfly+,2324,86844715008.0,86.62021396396396,14208,9984,402653184.0,40265318.4
Dragonfly+,2325,86844715008.0,86.62725225225225,14208,9984,402653184.0,40265318.4
Dragonfly+,2326,86844715008.0,86.63429054054053,14208,9984,402653184.0,40265318.4
Dragonfly+,2327,86844715008.0,86.64132882882883,14208,9984,402653184.0,40265318.4
Dragonfly+,2328,86844715008.0,86.64836711711712,14208,9984,402653184.0,40265318.4
Dragonfly+,2329,86844715008.0,86.6554054054054,14208,9984,402653184.0,40265318.4
Dragonfly+,2330,86844715008.0,86.66244369369369,14208,9984,402653184.0,40265318.4
Dragonfly+,2331,86844715008.0,86.66948198198197,14208,9984,402653184.0,40265318.4
Dragonfly+,2332,86844715008.0,86.67652027027027,14208,9984,402653184.0,40265318.4
Dragonfly+,2333,86844715008.0,86.68355855855856,14208,9984,402653184.0,40265318.4
Dragonfly+,2334,86844715008.0,86.69059684684684,14208,9984,402653184.0,40265318.4
Dragonfly+,2335,86844715008.0,86.69763513513513,14208,9984,402653184.0,40265318.4
Dragonfly+,2336,86844715008.0,86.70467342342343,14208,9984,402653184.0,40265318.4
Dragonfly+,2337,86844715008.0,86.71171171171171,14208,9984,402653184.0,40265318.4
Dragonfly+,2338,86844715008.0,86.71875,14208,9984,402653184.0,40265318.4
Dragonfly+,2339,86844715008.0,86.72578828828829,14208,9984,402653184.0,40265318.4
Dragonfly+,2340,86844715008.0,86.73282657657657,14208,9984,402653184.0,40265318.4
Dragonfly+,2341,86844715008.0,86.73986486486487,14208,9984,402653184.0,40265318.4
Dragonfly+,2342,86844715008.0,86.74690315315316,14208,9984,402653184.0,40265318.4
Dragonfly+,2343,86844715008.0,86.75394144144144,14208,9984,402653184.0,40265318.4
Dragonfly+,2344,86844715008.0,86.76097972972973,14208,9984,402653184.0,40265318.4
Dragonfly+,2345,86844715008.0,86.76801801801803,14208,9984,402653184.0,40265318.4
Dragonfly+,2346,86844715008.0,86.77505630630631,14208,9984,402653184.0,40265318.4
Dragonfly+,2347,86844715008.0,86.7820945945946,14208,9984,402653184.0,40265318.4
Dragonfly+,2348,86844715008.0,86.78913288288288,14208,9984,402653184.0,40265318.4
Dragonfly+,2349,86844715008.0,86.79617117117117,14208,9984,402653184.0,40265318.4
Dragonfly+,2350,86844715008.0,86.80320945945947,14208,9984,402653184.0,40265318.4
Dragonfly+,2351,86844715008.0,86.81024774774775,14208,9984,402653184.0,40265318.4
Dragonfly+,2352,86844715008.0,86.81728603603604,14208,9984,402653184.0,40265318.4
Dragonfly+,2353,86844715008.0,86.82432432432432,14208,9984,402653184.0,40265318.4
Dragonfly+,2354,86844715008.0,86.83136261261262,14208,9984,402653184.0,40265318.4
Dragonfly+,2355,86844715008.0,86.83840090090091,14208,9984,402653184.0,40265318.4
Dragonfly+,2356,86844715008.0,86.8454391891892,14208,9984,402653184.0,40265318.4
Dragonfly+,2357,86844715008.0,86.85247747747748,14208,9984,402653184.0,40265318.4
Dragonfly+,2358,86844715008.0,86.85951576576578,14208,9984,402653184.0,40265318.4
Dragonfly+,2359,86844715008.0,86.86655405405406,14208,9984,402653184.0,40265318.4
Dragonfly+,2360,86844715008.0,86.87359234234235,14208,9984,402653184.0,40265318.4
Dragonfly+,2361,86844715008.0,86.88063063063063,14208,9984,402653184.0,40265318.4
Dragonfly+,2362,86844715008.0,86.88766891891892,14208,9984,402653184.0,40265318.4
Dragonfly+,2363,86844715008.0,86.8947072072072,14208,9984,402653184.0,40265318.4
Dragonfly+,2364,86844715008.0,86.9017454954955,14208,9984,402653184.0,40265318.4
Dragonfly+,2365,86844715008.0,86.90878378378379,14208,9984,402653184.0,40265318.4
Dragonfly+,2366,86844715008.0,86.91582207207207,14208,9984,402653184.0,40265318.4
Dragonfly+,2367,86844715008.0,86.92286036036036,14208,9984,402653184.0,40265318.4
Dragonfly+,2368,86844715008.0,86.92989864864865,14208,9984,402653184.0,40265318.4
Dragonfly+,2369,86844715008.0,86.93693693693693,14208,9984,402653184.0,40265318.4
Dragonfly+,2370,86844715008.0,86.94397522522522,14208,9984,402653184.0,40265318.4
Dragonfly+,2371,86844715008.0,86.95101351351352,14208,9984,402653184.0,40265318.4
Dragonfly+,2372,86844715008.0,86.9580518018018,14208,9984,402653184.0,40265318.4
Dragonfly+,2373,86844715008.0,86.96509009009009,14208,9984,402653184.0,40265318.4
Dragonfly+,2374,86844715008.0,86.97212837837837,14208,9984,402653184.0,40265318.4
Dragonfly+,2375,86844715008.0,86.97916666666666,14208,9984,402653184.0,40265318.4
Dragonfly+,2376,86844715008.0,86.98620495495496,14208,9984,402653184.0,40265318.4
Dragonfly+,2377,86844715008.0,86.99324324324324,14208,9984,402653184.0,40265318.4
Dragonfly+,2378,86844715008.0,87.00028153153153,14208,9984,402653184.0,40265318.4
Dragonfly+,2379,86844715008.0,87.00731981981981,14208,9984,402653184.0,40265318.4
Dragonfly+,2380,86844715008.0,87.0143581081081,14208,9984,402653184.0,40265318.4
Dragonfly+,2381,86844715008.0,87.0213963963964,14208,9984,402653184.0,40265318.4
Dragonfly+,2382,86844715008.0,87.02843468468468,14208,9984,402653184.0,40265318.4
Dragonfly+,2383,86844715008.0,87.03547297297297,14208,9984,402653184.0,40265318.4
Dragonfly+,2384,86844715008.0,87.04251126126125,14208,9984,402653184.0,40265318.4
Dragonfly+,2385,86844715008.0,87.04954954954955,14208,9984,402653184.0,40265318.4
Dragonfly+,2386,86844715008.0,87.05658783783784,14208,9984,402653184.0,40265318.4
Dragonfly+,2387,86844715008.0,87.06362612612612,14208,9984,402653184.0,40265318.4
Dragonfly+,2388,86844715008.0,87.07066441441441,14208,9984,402653184.0,40265318.4
Dragonfly+,2389,86844715008.0,87.0777027027027,14208,9984,402653184.0,40265318.4
Dragonfly+,2390,86844715008.0,87.084740990991,14208,9984,402653184.0,40265318.4
Dragonfly+,2391,86844715008.0,87.09177927927928,14208,9984,402653184.0,40265318.4
Dragonfly+,2392,86844715008.0,87.09881756756756,14208,9984,402653184.0,40265318.4
Dragonfly+,2393,86844715008.0,87.10585585585585,14208,9984,402653184.0,40265318.4
Dragonfly+,2394,86844715008.0,87.11289414414415,14208,9984,402653184.0,40265318.4
Dragonfly+,2395,86844715008.0,87.11993243243244,14208,9984,402653184.0,40265318.4
Dragonfly+,2396,86844715008.0,87.12697072072072,14208,9984,402653184.0,40265318.4
Dragonfly+,2397,86844715008.0,87.134009009009,14208,9984,402653184.0,40265318.4
Dragonfly+,2398,86844715008.0,87.1410472972973,14208,9984,402653184.0,40265318.4
Dragonfly+,2399,86844715008.0,87.14808558558559,14208,9984,402653184.0,40265318.4
Dragonfly+,2400,86844715008.0,87.15512387387388,14208,9984,402653184.0,40265318.4
Dragonfly+,2401,86844715008.0,87.16216216216216,14208,9984,402653184.0,40265318.4
Dragonfly+,2402,86844715008.0,87.16920045045045,14208,9984,402653184.0,40265318.4
Dragonfly+,2403,86844715008.0,87.17623873873875,14208,9984,402653184.0,40265318.4
Dragonfly+,2404,86844715008.0,87.18327702702703,14208,9984,402653184.0,40265318.4
Dragonfly+,2405,86844715008.0,87.19031531531532,14208,9984,402653184.0,40265318.4
Dragonfly+,2406,86844715008.0,87.1973536036036,14208,9984,402653184.0,40265318.4
Dragonfly+,2407,86844715008.0,87.2043918918919,14208,9984,402653184.0,40265318.4
Dragonfly+,2408,86844715008.0,87.21143018018019,14208,9984,402653184.0,40265318.4
Dragonfly+,2409,86844715008.0,87.21846846846847,14208,9984,402653184.0,40265318.4
Dragonfly+,2410,86844715008.0,87.22550675675676,14208,9984,402653184.0,40265318.4
Dragonfly+,2411,86844715008.0,87.23254504504504,14208,9984,402653184.0,40265318.4
Dragonfly+,2412,86844715008.0,87.23958333333334,14208,9984,402653184.0,40265318.4
Dragonfly+,2413,86844715008.0,87.24662162162163,14208,9984,402653184.0,40265318.4
Dragonfly+,2414,86844715008.0,87.25365990990991,14208,9984,402653184.0,40265318.4
Dragonfly+,2415,86844715008.0,87.2606981981982,14208,9984,402653184.0,40265318.4
Dragonfly+,2416,86844715008.0,87.26773648648648,14208,9984,402653184.0,40265318.4
Dragonfly+,2417,86844715008.0,87.27477477477478,14208,9984,402653184.0,40265318.4
Dragonfly+,2418,86844715008.0,87.28181306306307,14208,9984,402653184.0,40265318.4
Dragonfly+,2419,86844715008.0,87.28885135135135,14208,9984,402653184.0,40265318.4
Dragonfly+,2420,86844715008.0,87.29588963963964,14208,9984,402653184.0,40265318.4
Dragonfly+,2421,86844715008.0,87.30292792792793,14208,9984,402653184.0,40265318.4
Dragonfly+,2422,86844715008.0,87.30996621621621,14208,9984,402653184.0,40265318.4
Dragonfly+,2423,86844715008.0,87.3170045045045,14208,9984,402653184.0,40265318.4
Dragonfly+,2424,86844715008.0,87.3240427927928,14208,9984,402653184.0,40265318.4
Dragonfly+,2425,86844715008.0,87.33108108108108,14208,9984,402653184.0,40265318.4
Dragonfly+,2426,86844715008.0,87.33811936936937,14208,9984,402653184.0,40265318.4
Dragonfly+,2427,86844715008.0,87.34515765765765,14208,9984,402653184.0,40265318.4
Dragonfly+,2428,86844715008.0,87.35219594594594,14208,9984,402653184.0,40265318.4
Dragonfly+,2429,86844715008.0,87.35923423423422,14208,9984,402653184.0,40265318.4
Dragonfly+,2430,86844715008.0,87.36627252252252,14208,9984,402653184.0,40265318.4
Dragonfly+,2431,86844715008.0,87.3733108108108,14208,9984,402653184.0,40265318.4
Dragonfly+,2432,86844715008.0,87.38034909909909,14208,9984,402653184.0,40265318.4
Dragonfly+,2433,86844715008.0,87.38738738738738,14208,9984,402653184.0,40265318.4
Dragonfly+,2434,86844715008.0,87.39442567567568,14208,9984,402653184.0,40265318.4
Dragonfly+,2435,86844715008.0,87.40146396396396,14208,9984,402653184.0,40265318.4
Dragonfly+,2436,86844715008.0,87.40850225225225,14208,9984,402653184.0,40265318.4
Dragonfly+,2437,86844715008.0,87.41554054054053,14208,9984,402653184.0,40265318.4
Dragonfly+,2438,86844715008.0,87.42257882882883,14208,9984,402653184.0,40265318.4
Dragonfly+,2439,86844715008.0,87.42961711711712,14208,9984,402653184.0,40265318.4
Dragonfly+,2440,86844715008.0,87.4366554054054,14208,9984,402653184.0,40265318.4
Dragonfly+,2441,86844715008.0,87.44369369369369,14208,9984,402653184.0,40265318.4
Dragonfly+,2442,86844715008.0,87.45073198198197,14208,9984,402653184.0,40265318.4
Dragonfly+,2443,86844715008.0,87.45777027027027,14208,9984,402653184.0,40265318.4
Dragonfly+,2444,86844715008.0,87.46480855855856,14208,9984,402653184.0,40265318.4
Dragonfly+,2445,86844715008.0,87.47184684684684,14208,9984,402653184.0,40265318.4
Dragonfly+,2446,86844715008.0,87.47888513513513,14208,9984,402653184.0,40265318.4
Dragonfly+,2447,86844715008.0,87.48592342342343,14208,9984,402653184.0,40265318.4
Dragonfly+,2448,86844715008.0,87.49296171171171,14208,9984,402653184.0,40265318.4
Dragonfly+,2449,86844715008.0,87.5,14208,9984,402653184.0,40265318.4
Dragonfly+,2450,86844715008.0,87.50703828828829,14208,9984,402653184.0,40265318.4
Dragonfly+,2451,86844715008.0,87.51407657657657,14208,9984,402653184.0,40265318.4
Dragonfly+,2452,86844715008.0,87.52111486486487,14208,9984,402653184.0,40265318.4
Dragonfly+,2453,86844715008.0,87.52815315315316,14208,9984,402653184.0,40265318.4
Dragonfly+,2454,86844715008.0,87.53519144144144,14208,9984,402653184.0,40265318.4
Dragonfly+,2455,86844715008.0,87.54222972972973,14208,9984,402653184.0,40265318.4
Dragonfly+,2456,86844715008.0,87.54926801801803,14208,9984,402653184.0,40265318.4
Dragonfly+,2457,86844715008.0,87.55630630630631,14208,9984,402653184.0,40265318.4
Dragonfly+,2458,86844715008.0,87.5633445945946,14208,9984,402653184.0,40265318.4
Dragonfly+,2459,86844715008.0,87.57038288288288,14208,9984,402653184.0,40265318.4
Dragonfly+,2460,86844715008.0,87.57742117117117,14208,9984,402653184.0,40265318.4
Dragonfly+,2461,86844715008.0,87.58445945945947,14208,9984,402653184.0,40265318.4
Dragonfly+,2462,86844715008.0,87.59149774774775,14208,9984,402653184.0,40265318.4
Dragonfly+,2463,86844715008.0,87.59853603603604,14208,9984,402653184.0,40265318.4
Dragonfly+,2464,86844715008.0,87.60557432432432,14208,9984,402653184.0,40265318.4
Dragonfly+,2465,86844715008.0,87.61261261261262,14208,9984,402653184.0,40265318.4
Dragonfly+,2466,86844715008.0,87.61965090090091,14208,9984,402653184.0,40265318.4
Dragonfly+,2467,86844715008.0,87.6266891891892,14208,9984,402653184.0,40265318.4
Dragonfly+,2468,86844715008.0,87.63372747747748,14208,9984,402653184.0,40265318.4
Dragonfly+,2469,86844715008.0,87.64076576576578,14208,9984,402653184.0,40265318.4
Dragonfly+,2470,86844715008.0,87.64780405405406,14208,9984,402653184.0,40265318.4
Dragonfly+,2471,86844715008.0,87.65484234234235,14208,9984,402653184.0,40265318.4
Dragonfly+,2472,86844715008.0,87.66188063063063,14208,9984,402653184.0,40265318.4
Dragonfly+,2473,86844715008.0,87.66891891891892,14208,9984,402653184.0,40265318.4
Dragonfly+,2474,86844715008.0,87.6759572072072,14208,9984,402653184.0,40265318.4
Dragonfly+,2475,86844715008.0,87.6829954954955,14208,9984,402653184.0,40265318.4
Dragonfly+,2476,86844715008.0,87.69003378378379,14208,9984,402653184.0,40265318.4
Dragonfly+,2477,86844715008.0,87.69707207207207,14208,9984,402653184.0,40265318.4
Dragonfly+,2478,86844715008.0,87.70411036036036,14208,9984,402653184.0,40265318.4
Dragonfly+,2479,86844715008.0,87.71114864864865,14208,9984,402653184.0,40265318.4
Dragonfly+,2480,86844715008.0,87.71818693693693,14208,9984,402653184.0,40265318.4
Dragonfly+,2481,86844715008.0,87.72522522522522,14208,9984,402653184.0,40265318.4
Dragonfly+,2482,86844715008.0,87.73226351351352,14208,9984,402653184.0,40265318.4
Dragonfly+,2483,86844715008.0,87.7393018018018,14208,9984,402653184.0,40265318.4
Dragonfly+,2484,86844715008.0,87.74634009009009,14208,9984,402653184.0,40265318.4
Dragonfly+,2485,86844715008.0,87.75337837837837,14208,9984,402653184.0,40265318.4
Dragonfly+,2486,86844715008.0,87.76041666666666,14208,9984,402653184.0,40265318.4
Dragonfly+,2487,86844715008.0,87.76745495495496,14208,9984,402653184.0,40265318.4
Dragonfly+,2488,86844715008.0,87.77449324324324,14208,9984,402653184.0,40265318.4
Dragonfly+,2489,86844715008.0,87.78153153153153,14208,9984,402653184.0,40265318.4
Dragonfly+,2490,86844715008.0,87.78856981981981,14208,9984,402653184.0,40265318.4
Dragonfly+,2491,86844715008.0,87.7956081081081,14208,9984,402653184.0,40265318.4
Dragonfly+,2492,86844715008.0,87.8026463963964,14208,9984,402653184.0,40265318.4
Dragonfly+,2493,86844715008.0,87.80968468468468,14208,9984,402653184.0,40265318.4
Dragonfly+,2494,86844715008.0,87.81672297297297,14208,9984,402653184.0,40265318.4
Dragonfly+,2495,86844715008.0,87.82376126126125,14208,9984,402653184.0,40265318.4
Dragonfly+,2496,86844715008.0,87.83079954954955,14208,9984,402653184.0,40265318.4
Dragonfly+,2497,86844715008.0,87.83783783783784,14208,9984,402653184.0,40265318.4
Dragonfly+,2498,86844715008.0,87.84487612612612,14208,9984,402653184.0,40265318.4
Dragonfly+,2499,86844715008.0,87.85191441441441,14208,9984,402653184.0,40265318.4
Dragonfly+,2500,86844715008.0,87.8589527027027,14208,9984,402653184.0,40265318.4
Dragonfly+,2501,86844715008.0,87.865990990991,14208,9984,402653184.0,40265318.4
Dragonfly+,2502,86844715008.0,87.87302927927928,14208,9984,402653184.0,40265318.4
Dragonfly+,2503,86844715008.0,87.88006756756756,14208,9984,402653184.0,40265318.4
Dragonfly+,2504,86844715008.0,87.88710585585585,14208,9984,402653184.0,40265318.4
Dragonfly+,2505,86844715008.0,87.89414414414415,14208,9984,402653184.0,40265318.4
Dragonfly+,2506,86844715008.0,87.90118243243244,14208,9984,402653184.0,40265318.4
Dragonfly+,2507,86844715008.0,87.90822072072072,14208,9984,402653184.0,40265318.4
Dragonfly+,2508,86844715008.0,87.915259009009,14208,9984,402653184.0,40265318.4
Dragonfly+,2509,86844715008.0,87.9222972972973,14208,9984,402653184.0,40265318.4
Dragonfly+,2510,86844715008.0,87.92933558558559,14208,9984,402653184.0,40265318.4
Dragonfly+,2511,86844715008.0,87.93637387387388,14208,9984,402653184.0,40265318.4
Dragonfly+,2512,86844715008.0,87.94341216216216,14208,9984,402653184.0,40265318.4
Dragonfly+,2513,86844715008.0,87.95045045045045,14208,9984,402653184.0,40265318.4
Dragonfly+,2514,86844715008.0,87.95748873873875,14208,9984,402653184.0,40265318.4
Dragonfly+,2515,86844715008.0,87.96452702702703,14208,9984,402653184.0,40265318.4
Dragonfly+,2516,86844715008.0,87.97156531531532,14208,9984,402653184.0,40265318.4
Dragonfly+,2517,86844715008.0,87.9786036036036,14208,9984,402653184.0,40265318.4
Dragonfly+,2518,86844715008.0,87.9856418918919,14208,9984,402653184.0,40265318.4
Dragonfly+,2519,86844715008.0,87.99268018018019,14208,9984,402653184.0,40265318.4
Dragonfly+,2520,86844715008.0,87.99971846846847,14208,9984,402653184.0,40265318.4
Dragonfly+,2521,86844715008.0,88.00675675675676,14208,9984,402653184.0,40265318.4
Dragonfly+,2522,86844715008.0,88.01379504504504,14208,9984,402653184.0,40265318.4
Dragonfly+,2523,86844715008.0,88.02083333333334,14208,9984,402653184.0,40265318.4
Dragonfly+,2524,86844715008.0,88.02787162162163,14208,9984,402653184.0,40265318.4
Dragonfly+,2525,86844715008.0,88.03490990990991,14208,9984,402653184.0,40265318.4
Dragonfly+,2526,86844715008.0,88.0419481981982,14208,9984,402653184.0,40265318.4
Dragonfly+,2527,86844715008.0,88.04898648648648,14208,9984,402653184.0,40265318.4
Dragonfly+,2528,86844715008.0,88.05602477477478,14208,9984,402653184.0,40265318.4
Dragonfly+,2529,86844715008.0,88.06306306306307,14208,9984,402653184.0,40265318.4
Dragonfly+,2530,86844715008.0,88.07010135135135,14208,9984,402653184.0,40265318.4
Dragonfly+,2531,86844715008.0,88.07713963963964,14208,9984,402653184.0,40265318.4
Dragonfly+,2532,86844715008.0,88.08417792792793,14208,9984,402653184.0,40265318.4
Dragonfly+,2533,86844715008.0,88.09121621621621,14208,9984,402653184.0,40265318.4
Dragonfly+,2534,86844715008.0,88.0982545045045,14208,9984,402653184.0,40265318.4
Dragonfly+,2535,86844715008.0,88.1052927927928,14208,9984,402653184.0,40265318.4
Dragonfly+,2536,86844715008.0,88.11233108108108,14208,9984,402653184.0,40265318.4
Dragonfly+,2537,86844715008.0,88.11936936936937,14208,9984,402653184.0,40265318.4
Dragonfly+,2538,86844715008.0,88.12640765765765,14208,9984,402653184.0,40265318.4
Dragonfly+,2539,86844715008.0,88.13344594594594,14208,9984,402653184.0,40265318.4
Dragonfly+,2540,86844715008.0,88.14048423423422,14208,9984,402653184.0,40265318.4
Dragonfly+,2541,86844715008.0,88.14752252252252,14208,9984,402653184.0,40265318.4
Dragonfly+,2542,86844715008.0,88.1545608108108,14208,9984,402653184.0,40265318.4
Dragonfly+,2543,86844715008.0,88.16159909909909,14208,9984,402653184.0,40265318.4
Dragonfly+,2544,86844715008.0,88.16863738738738,14208,9984,402653184.0,40265318.4
Dragonfly+,2545,86844715008.0,88.17567567567568,14208,9984,402653184.0,40265318.4
Dragonfly+,2546,86844715008.0,88.18271396396396,14208,9984,402653184.0,40265318.4
Dragonfly+,2547,86844715008.0,88.18975225225225,14208,9984,402653184.0,40265318.4
Dragonfly+,2548,86844715008.0,88.19679054054053,14208,9984,402653184.0,40265318.4
Dragonfly+,2549,86844715008.0,88.20382882882883,14208,9984,402653184.0,40265318.4
Dragonfly+,2550,86844715008.0,88.21086711711712,14208,9984,402653184.0,40265318.4
Dragonfly+,2551,86844715008.0,88.2179054054054,14208,9984,402653184.0,40265318.4
Dragonfly+,2552,86844715008.0,88.22494369369369,14208,9984,402653184.0,40265318.4
Dragonfly+,2553,86844715008.0,88.23198198198197,14208,9984,402653184.0,40265318.4
Dragonfly+,2554,86844715008.0,88.23902027027027,14208,9984,402653184.0,40265318.4
Dragonfly+,2555,86844715008.0,88.24605855855856,14208,9984,402653184.0,40265318.4
Dragonfly+,2556,86844715008.0,88.25309684684684,14208,9984,402653184.0,40265318.4
Dragonfly+,2557,86844715008.0,88.26013513513513,14208,9984,402653184.0,40265318.4
Dragonfly+,2558,86844715008.0,88.26717342342343,14208,9984,402653184.0,40265318.4
Dragonfly+,2559,86844715008.0,88.27421171171171,14208,9984,402653184.0,40265318.4
Dragonfly+,2560,86844715008.0,88.28125,14208,9984,402653184.0,40265318.4
Dragonfly+,2561,86844715008.0,88.28828828828829,14208,9984,402653184.0,40265318.4
Dragonfly+,2562,86844715008.0,88.29532657657657,14208,9984,402653184.0,40265318.4
Dragonfly+,2563,86844715008.0,88.30236486486487,14208,9984,402653184.0,40265318.4
Dragonfly+,2564,86844715008.0,88.30940315315316,14208,9984,402653184.0,40265318.4
Dragonfly+,2565,86844715008.0,88.31644144144144,14208,9984,402653184.0,40265318.4
Dragonfly+,2566,86844715008.0,88.32347972972973,14208,9984,402653184.0,40265318.4
Dragonfly+,2567,86844715008.0,88.33051801801803,14208,9984,402653184.0,40265318.4
Dragonfly+,2568,86844715008.0,88.33755630630631,14208,9984,402653184.0,40265318.4
Dragonfly+,2569,86844715008.0,88.3445945945946,14208,9984,402653184.0,40265318.4
Dragonfly+,2570,86844715008.0,88.35163288288288,14208,9984,402653184.0,40265318.4
Dragonfly+,2571,86844715008.0,88.35867117117117,14208,9984,402653184.0,40265318.4
Dragonfly+,2572,86844715008.0,88.36570945945947,14208,9984,402653184.0,40265318.4
Dragonfly+,2573,86844715008.0,88.37274774774775,14208,9984,402653184.0,40265318.4
Dragonfly+,2574,86844715008.0,88.37978603603604,14208,9984,402653184.0,40265318.4
Dragonfly+,2575,86844715008.0,88.38682432432432,14208,9984,402653184.0,40265318.4
Dragonfly+,2576,86844715008.0,88.39386261261262,14208,9984,402653184.0,40265318.4
Dragonfly+,2577,86844715008.0,88.40090090090091,14208,9984,402653184.0,40265318.4
Dragonfly+,2578,86844715008.0,88.4079391891892,14208,9984,402653184.0,40265318.4
Dragonfly+,2579,86844715008.0,88.41497747747748,14208,9984,402653184.0,40265318.4
Dragonfly+,2580,86844715008.0,88.42201576576578,14208,9984,402653184.0,40265318.4
Dragonfly+,2581,86844715008.0,88.42905405405406,14208,9984,402653184.0,40265318.4
Dragonfly+,2582,86844715008.0,88.43609234234235,14208,9984,402653184.0,40265318.4
Dragonfly+,2583,86844715008.0,88.44313063063063,14208,9984,402653184.0,40265318.4
Dragonfly+,2584,86844715008.0,88.45016891891892,14208,9984,402653184.0,40265318.4
Dragonfly+,2585,86844715008.0,88.4572072072072,14208,9984,402653184.0,40265318.4
Dragonfly+,2586,86844715008.0,88.4642454954955,14208,9984,402653184.0,40265318.4
Dragonfly+,2587,86844715008.0,88.47128378378379,14208,9984,402653184.0,40265318.4
Dragonfly+,2588,86844715008.0,88.47832207207207,14208,9984,402653184.0,40265318.4
Dragonfly+,2589,86844715008.0,88.48536036036036,14208,9984,402653184.0,40265318.4
Dragonfly+,2590,86844715008.0,88.49239864864865,14208,9984,402653184.0,40265318.4
Dragonfly+,2591,86844715008.0,88.49943693693693,14208,9984,402653184.0,40265318.4
Dragonfly+,2592,86844715008.0,88.50647522522522,14208,9984,402653184.0,40265318.4
Dragonfly+,2593,86844715008.0,88.51351351351352,14208,9984,402653184.0,40265318.4
Dragonfly+,2594,86844715008.0,88.5205518018018,14208,9984,402653184.0,40265318.4
Dragonfly+,2595,86844715008.0,88.52759009009009,14208,9984,402653184.0,40265318.4
Dragonfly+,2596,86844715008.0,88.53462837837837,14208,9984,402653184.0,40265318.4
Dragonfly+,2597,86844715008.0,88.54166666666666,14208,9984,402653184.0,40265318.4
Dragonfly+,2598,86844715008.0,88.54870495495496,14208,9984,402653184.0,40265318.4
Dragonfly+,2599,86844715008.0,88.55574324324324,14208,9984,402653184.0,40265318.4
Dragonfly+,2600,86844715008.0,88.56278153153153,14208,9984,402653184.0,40265318.4
Dragonfly+,2601,86844715008.0,88.56981981981981,14208,9984,402653184.0,40265318.4
Dragonfly+,2602,86844715008.0,88.5768581081081,14208,9984,402653184.0,40265318.4
Dragonfly+,2603,86844715008.0,88.5838963963964,14208,9984,402653184.0,40265318.4
Dragonfly+,2604,86844715008.0,88.59093468468468,14208,9984,402653184.0,40265318.4
Dragonfly+,2605,86844715008.0,88.59797297297297,14208,9984,402653184.0,40265318.4
Dragonfly+,2606,86844715008.0,88.60501126126125,14208,9984,402653184.0,40265318.4
Dragonfly+,2607,86844715008.0,88.61204954954955,14208,9984,402653184.0,40265318.4
Dragonfly+,2608,86844715008.0,88.61908783783784,14208,9984,402653184.0,40265318.4
Dragonfly+,2609,86844715008.0,88.62612612612612,14208,9984,402653184.0,40265318.4
Dragonfly+,2610,86844715008.0,88.63316441441441,14208,9984,402653184.0,40265318.4
Dragonfly+,2611,86844715008.0,88.6402027027027,14208,9984,402653184.0,40265318.4
Dragonfly+,2612,86844715008.0,88.647240990991,14208,9984,402653184.0,40265318.4
Dragonfly+,2613,86844715008.0,88.65427927927928,14208,9984,402653184.0,40265318.4
Dragonfly+,2614,86844715008.0,88.66131756756756,14208,9984,402653184.0,40265318.4
Dragonfly+,2615,86844715008.0,88.66835585585585,14208,9984,402653184.0,40265318.4
Dragonfly+,2616,86844715008.0,88.67539414414415,14208,9984,402653184.0,40265318.4
Dragonfly+,2617,86844715008.0,88.68243243243244,14208,9984,402653184.0,40265318.4
Dragonfly+,2618,86844715008.0,88.68947072072072,14208,9984,402653184.0,40265318.4
Dragonfly+,2619,86844715008.0,88.696509009009,14208,9984,402653184.0,40265318.4
Dragonfly+,2620,86844715008.0,88.7035472972973,14208,9984,402653184.0,40265318.4
Dragonfly+,2621,86844715008.0,88.71058558558559,14208,9984,402653184.0,40265318.4
Dragonfly+,2622,86844715008.0,88.71762387387388,14208,9984,402653184.0,40265318.4
Dragonfly+,2623,86844715008.0,88.72466216216216,14208,9984,402653184.0,40265318.4
Dragonfly+,2624,86844715008.0,88.73170045045045,14208,9984,402653184.0,40265318.4
Dragonfly+,2625,86844715008.0,88.73873873873875,14208,9984,402653184.0,40265318.4
Dragonfly+,2626,86844715008.0,88.74577702702703,14208,9984,402653184.0,40265318.4
Dragonfly+,2627,86844715008.0,88.75281531531532,14208,9984,402653184.0,40265318.4
Dragonfly+,2628,86844715008.0,88.7598536036036,14208,9984,402653184.0,40265318.4
Dragonfly+,2629,86844715008.0,88.7668918918919,14208,9984,402653184.0,40265318.4
Dragonfly+,2630,86844715008.0,88.77393018018019,14208,9984,402653184.0,40265318.4
Dragonfly+,2631,86844715008.0,88.78096846846847,14208,9984,402653184.0,40265318.4
Dragonfly+,2632,86844715008.0,88.78800675675676,14208,9984,402653184.0,40265318.4
Dragonfly+,2633,86844715008.0,88.79504504504504,14208,9984,402653184.0,40265318.4
Dragonfly+,2634,86844715008.0,88.80208333333334,14208,9984,402653184.0,40265318.4
Dragonfly+,2635,86844715008.0,88.80912162162163,14208,9984,402653184.0,40265318.4
Dragonfly+,2636,86844715008.0,88.81615990990991,14208,9984,402653184.0,40265318.4
Dragonfly+,2637,86844715008.0,88.8231981981982,14208,9984,402653184.0,40265318.4
Dragonfly+,2638,86844715008.0,88.83023648648648,14208,9984,402653184.0,40265318.4
Dragonfly+,2639,86844715008.0,88.83727477477478,14208,9984,402653184.0,40265318.4
Dragonfly+,2640,86844715008.0,88.84431306306307,14208,9984,402653184.0,40265318.4
Dragonfly+,2641,86844715008.0,88.85135135135135,14208,9984,402653184.0,40265318.4
Dragonfly+,2642,86844715008.0,88.85838963963964,14208,9984,402653184.0,40265318.4
Dragonfly+,2643,86844715008.0,88.86542792792793,14208,9984,402653184.0,40265318.4
Dragonfly+,2644,86844715008.0,88.87246621621621,14208,9984,402653184.0,40265318.4
Dragonfly+,2645,86844715008.0,88.8795045045045,14208,9984,402653184.0,40265318.4
Dragonfly+,2646,86844715008.0,88.8865427927928,14208,9984,402653184.0,40265318.4
Dragonfly+,2647,86844715008.0,88.89358108108108,14208,9984,402653184.0,40265318.4
Dragonfly+,2648,86844715008.0,88.90061936936937,14208,9984,402653184.0,40265318.4
Dragonfly+,2649,86844715008.0,88.90765765765765,14208,9984,402653184.0,40265318.4
Dragonfly+,2650,86844715008.0,88.91469594594594,14208,9984,402653184.0,40265318.4
Dragonfly+,2651,86844715008.0,88.92173423423422,14208,9984,402653184.0,40265318.4
Dragonfly+,2652,86844715008.0,88.92877252252252,14208,9984,402653184.0,40265318.4
Dragonfly+,2653,86844715008.0,88.9358108108108,14208,9984,402653184.0,40265318.4
Dragonfly+,2654,86844715008.0,88.94284909909909,14208,9984,402653184.0,40265318.4
Dragonfly+,2655,86844715008.0,88.94988738738738,14208,9984,402653184.0,40265318.4
Dragonfly+,2656,86844715008.0,88.95692567567568,14208,9984,402653184.0,40265318.4
Dragonfly+,2657,86844715008.0,88.96396396396396,14208,9984,402653184.0,40265318.4
Dragonfly+,2658,86844715008.0,88.97100225225225,14208,9984,402653184.0,40265318.4
Dragonfly+,2659,86844715008.0,88.97804054054053,14208,9984,402653184.0,40265318.4
Dragonfly+,2660,86844715008.0,88.98507882882883,14208,9984,402653184.0,40265318.4
Dragonfly+,2661,86844715008.0,88.99211711711712,14208,9984,402653184.0,40265318.4
Dragonfly+,2662,86844715008.0,88.9991554054054,14208,9984,402653184.0,40265318.4
Dragonfly+,2663,86844715008.0,89.00619369369369,14208,9984,402653184.0,40265318.4
Dragonfly+,2664,86844715008.0,89.01323198198197,14208,9984,402653184.0,40265318.4
Dragonfly+,2665,86844715008.0,89.02027027027027,14208,9984,402653184.0,40265318.4
Dragonfly+,2666,86844715008.0,89.02730855855856,14208,9984,402653184.0,40265318.4
Dragonfly+,2667,86844715008.0,89.03434684684684,14208,9984,402653184.0,40265318.4
Dragonfly+,2668,86844715008.0,89.04138513513513,14208,9984,402653184.0,40265318.4
Dragonfly+,2669,86844715008.0,89.04842342342343,14208,9984,402653184.0,40265318.4
Dragonfly+,2670,86844715008.0,89.05546171171171,14208,9984,402653184.0,40265318.4
Dragonfly+,2671,86844715008.0,89.0625,14208,9984,402653184.0,40265318.4
Dragonfly+,2672,86844715008.0,89.06953828828829,14208,9984,402653184.0,40265318.4
Dragonfly+,2673,86844715008.0,89.07657657657657,14208,9984,402653184.0,40265318.4
Dragonfly+,2674,86844715008.0,89.08361486486487,14208,9984,402653184.0,40265318.4
Dragonfly+,2675,86844715008.0,89.09065315315316,14208,9984,402653184.0,40265318.4
Dragonfly+,2676,86844715008.0,89.09769144144144,14208,9984,402653184.0,40265318.4
Dragonfly+,2677,86844715008.0,89.10472972972973,14208,9984,402653184.0,40265318.4
Dragonfly+,2678,86844715008.0,89.11176801801803,14208,9984,402653184.0,40265318.4
Dragonfly+,2679,86844715008.0,89.11880630630631,14208,9984,402653184.0,40265318.4
Dragonfly+,2680,86844715008.0,89.1258445945946,14208,9984,402653184.0,40265318.4
Dragonfly+,2681,86844715008.0,89.13288288288288,14208,9984,402653184.0,40265318.4
Dragonfly+,2682,86844715008.0,89.13992117117117,14208,9984,402653184.0,40265318.4
Dragonfly+,2683,86844715008.0,89.14695945945947,14208,9984,402653184.0,40265318.4
Dragonfly+,2684,86844715008.0,89.15399774774775,14208,9984,402653184.0,40265318.4
Dragonfly+,2685,86844715008.0,89.16103603603604,14208,9984,402653184.0,40265318.4
Dragonfly+,2686,86844715008.0,89.16807432432432,14208,9984,402653184.0,40265318.4
Dragonfly+,2687,86844715008.0,89.17511261261262,14208,9984,402653184.0,40265318.4
Dragonfly+,2688,86844715008.0,89.18215090090091,14208,9984,402653184.0,40265318.4
Dragonfly+,2689,86844715008.0,89.1891891891892,14208,9984,402653184.0,40265318.4
Dragonfly+,2690,86844715008.0,89.19622747747748,14208,9984,402653184.0,40265318.4
Dragonfly+,2691,86844715008.0,89.20326576576578,14208,9984,402653184.0,40265318.4
Dragonfly+,2692,86844715008.0,89.21030405405406,14208,9984,402653184.0,40265318.4
Dragonfly+,2693,86844715008.0,89.21734234234235,14208,9984,402653184.0,40265318.4
Dragonfly+,2694,86844715008.0,89.22438063063063,14208,9984,402653184.0,40265318.4
Dragonfly+,2695,86844715008.0,89.23141891891892,14208,9984,402653184.0,40265318.4
Dragonfly+,2696,86844715008.0,89.2384572072072,14208,9984,402653184.0,40265318.4
Dragonfly+,2697,86844715008.0,89.2454954954955,14208,9984,402653184.0,40265318.4
Dragonfly+,2698,86844715008.0,89.25253378378379,14208,9984,402653184.0,40265318.4
Dragonfly+,2699,86844715008.0,89.25957207207207,14208,9984,402653184.0,40265318.4
Dragonfly+,2700,86844715008.0,89.26661036036036,14208,9984,402653184.0,40265318.4
Dragonfly+,2701,86844715008.0,89.27364864864865,14208,9984,402653184.0,40265318.4
Dragonfly+,2702,86844715008.0,89.28068693693693,14208,9984,402653184.0,40265318.4
Dragonfly+,2703,86844715008.0,89.28772522522522,14208,9984,402653184.0,40265318.4
Dragonfly+,2704,86844715008.0,89.29476351351352,14208,9984,402653184.0,40265318.4
Dragonfly+,2705,86844715008.0,89.3018018018018,14208,9984,402653184.0,40265318.4
Dragonfly+,2706,86844715008.0,89.30884009009009,14208,9984,402653184.0,40265318.4
Dragonfly+,2707,86844715008.0,89.31587837837837,14208,9984,402653184.0,40265318.4
Dragonfly+,2708,86844715008.0,89.32291666666666,14208,9984,402653184.0,40265318.4
Dragonfly+,2709,86844715008.0,89.32995495495496,14208,9984,402653184.0,40265318.4
Dragonfly+,2710,86844715008.0,89.33699324324324,14208,9984,402653184.0,40265318.4
Dragonfly+,2711,86844715008.0,89.34403153153153,14208,9984,402653184.0,40265318.4
Dragonfly+,2712,86844715008.0,89.35106981981981,14208,9984,402653184.0,40265318.4
Dragonfly+,2713,86844715008.0,89.3581081081081,14208,9984,402653184.0,40265318.4
Dragonfly+,2714,86844715008.0,89.3651463963964,14208,9984,402653184.0,40265318.4
Dragonfly+,2715,86844715008.0,89.37218468468468,14208,9984,402653184.0,40265318.4
Dragonfly+,2716,86844715008.0,89.37922297297297,14208,9984,402653184.0,40265318.4
Dragonfly+,2717,86844715008.0,89.38626126126125,14208,9984,402653184.0,40265318.4
Dragonfly+,2718,86844715008.0,89.39329954954955,14208,9984,402653184.0,40265318.4
Dragonfly+,2719,86844715008.0,89.40033783783784,14208,9984,402653184.0,40265318.4
Dragonfly+,2720,86844715008.0,89.40737612612612,14208,9984,402653184.0,40265318.4
Dragonfly+,2721,86844715008.0,89.41441441441441,14208,9984,402653184.0,40265318.4
Dragonfly+,2722,86844715008.0,89.4214527027027,14208,9984,402653184.0,40265318.4
Dragonfly+,2723,86844715008.0,89.428490990991,14208,9984,402653184.0,40265318.4
Dragonfly+,2724,86844715008.0,89.43552927927928,14208,9984,402653184.0,40265318.4
Dragonfly+,2725,86844715008.0,89.44256756756756,14208,9984,402653184.0,40265318.4
Dragonfly+,2726,86844715008.0,89.44960585585585,14208,9984,402653184.0,40265318.4
Dragonfly+,2727,86844715008.0,89.45664414414415,14208,9984,402653184.0,40265318.4
Dragonfly+,2728,86844715008.0,89.46368243243244,14208,9984,402653184.0,40265318.4
Dragonfly+,2729,86844715008.0,89.47072072072072,14208,9984,402653184.0,40265318.4
Dragonfly+,2730,86844715008.0,89.477759009009,14208,9984,402653184.0,40265318.4
Dragonfly+,2731,86844715008.0,89.4847972972973,14208,9984,402653184.0,40265318.4
Dragonfly+,2732,86844715008.0,89.49183558558559,14208,9984,402653184.0,40265318.4
Dragonfly+,2733,86844715008.0,89.49887387387388,14208,9984,402653184.0,40265318.4
Dragonfly+,2734,86844715008.0,89.50591216216216,14208,9984,402653184.0,40265318.4
Dragonfly+,2735,86844715008.0,89.51295045045045,14208,9984,402653184.0,40265318.4
Dragonfly+,2736,86844715008.0,89.51998873873875,14208,9984,402653184.0,40265318.4
Dragonfly+,2737,86844715008.0,89.52702702702703,14208,9984,402653184.0,40265318.4
Dragonfly+,2738,86844715008.0,89.53406531531532,14208,9984,402653184.0,40265318.4
Dragonfly+,2739,86844715008.0,89.5411036036036,14208,9984,402653184.0,40265318.4
Dragonfly+,2740,86844715008.0,89.5481418918919,14208,9984,402653184.0,40265318.4
Dragonfly+,2741,86844715008.0,89.55518018018019,14208,9984,402653184.0,40265318.4
Dragonfly+,2742,86844715008.0,89.56221846846847,14208,9984,402653184.0,40265318.4
Dragonfly+,2743,86844715008.0,89.56925675675676,14208,9984,402653184.0,40265318.4
Dragonfly+,2744,86844715008.0,89.57629504504504,14208,9984,402653184.0,40265318.4
Dragonfly+,2745,86844715008.0,89.58333333333334,14208,9984,402653184.0,40265318.4
Dragonfly+,2746,86844715008.0,89.59037162162163,14208,9984,402653184.0,40265318.4
Dragonfly+,2747,86844715008.0,89.59740990990991,14208,9984,402653184.0,40265318.4
Dragonfly+,2748,86844715008.0,89.6044481981982,14208,9984,402653184.0,40265318.4
Dragonfly+,2749,86844715008.0,89.61148648648648,14208,9984,402653184.0,40265318.4
Dragonfly+,2750,86844715008.0,89.61852477477478,14208,9984,402653184.0,40265318.4
Dragonfly+,2751,86844715008.0,89.62556306306307,14208,9984,402653184.0,40265318.4
Dragonfly+,2752,86844715008.0,89.63260135135135,14208,9984,402653184.0,40265318.4
Dragonfly+,2753,86844715008.0,89.63963963963964,14208,9984,402653184.0,40265318.4
Dragonfly+,2754,86844715008.0,89.64667792792793,14208,9984,402653184.0,40265318.4
Dragonfly+,2755,86844715008.0,89.65371621621621,14208,9984,402653184.0,40265318.4
Dragonfly+,2756,86844715008.0,89.6607545045045,14208,9984,402653184.0,40265318.4
Dragonfly+,2757,86844715008.0,89.6677927927928,14208,9984,402653184.0,40265318.4
Dragonfly+,2758,86844715008.0,89.67483108108108,14208,9984,402653184.0,40265318.4
Dragonfly+,2759,86844715008.0,89.68186936936937,14208,9984,402653184.0,40265318.4
Dragonfly+,2760,86844715008.0,89.68890765765765,14208,9984,402653184.0,40265318.4
Dragonfly+,2761,86844715008.0,89.69594594594594,14208,9984,402653184.0,40265318.4
Dragonfly+,2762,86844715008.0,89.70298423423422,14208,9984,402653184.0,40265318.4
Dragonfly+,2763,86844715008.0,89.71002252252252,14208,9984,402653184.0,40265318.4
Dragonfly+,2764,86844715008.0,89.7170608108108,14208,9984,402653184.0,40265318.4
Dragonfly+,2765,86844715008.0,89.72409909909909,14208,9984,402653184.0,40265318.4
Dragonfly+,2766,86844715008.0,89.73113738738738,14208,9984,402653184.0,40265318.4
Dragonfly+,2767,86844715008.0,89.73817567567568,14208,9984,402653184.0,40265318.4
Dragonfly+,2768,86844715008.0,89.74521396396396,14208,9984,402653184.0,40265318.4
Dragonfly+,2769,86844715008.0,89.75225225225225,14208,9984,402653184.0,40265318.4
Dragonfly+,2770,86844715008.0,89.75929054054053,14208,9984,402653184.0,40265318.4
Dragonfly+,2771,86844715008.0,89.76632882882883,14208,9984,402653184.0,40265318.4
Dragonfly+,2772,86844715008.0,89.77336711711712,14208,9984,402653184.0,40265318.4
Dragonfly+,2773,86844715008.0,89.7804054054054,14208,9984,402653184.0,40265318.4
Dragonfly+,2774,86844715008.0,89.78744369369369,14208,9984,402653184.0,40265318.4
Dragonfly+,2775,86844715008.0,89.79448198198197,14208,9984,402653184.0,40265318.4
Dragonfly+,2776,86844715008.0,89.80152027027027,14208,9984,402653184.0,40265318.4
Dragonfly+,2777,86844715008.0,89.80855855855856,14208,9984,402653184.0,40265318.4
Dragonfly+,2778,86844715008.0,89.81559684684684,14208,9984,402653184.0,40265318.4
Dragonfly+,2779,86844715008.0,89.82263513513513,14208,9984,402653184.0,40265318.4
Dragonfly+,2780,86844715008.0,89.82967342342343,14208,9984,402653184.0,40265318.4
Dragonfly+,2781,86844715008.0,89.83671171171171,14208,9984,402653184.0,40265318.4
Dragonfly+,2782,86844715008.0,89.84375,14208,9984,402653184.0,40265318.4
Dragonfly+,2783,86844715008.0,89.85078828828829,14208,9984,402653184.0,40265318.4
Dragonfly+,2784,86844715008.0,89.85782657657657,14208,9984,402653184.0,40265318.4
Dragonfly+,2785,86844715008.0,89.86486486486487,14208,9984,402653184.0,40265318.4
Dragonfly+,2786,86844715008.0,89.87190315315316,14208,9984,402653184.0,40265318.4
Dragonfly+,2787,86844715008.0,89.87894144144144,14208,9984,402653184.0,40265318.4
Dragonfly+,2788,86844715008.0,89.88597972972973,14208,9984,402653184.0,40265318.4
Dragonfly+,2789,86844715008.0,89.89301801801803,14208,9984,402653184.0,40265318.4
Dragonfly+,2790,86844715008.0,89.90005630630631,14208,9984,402653184.0,40265318.4
Dragonfly+,2791,86844715008.0,89.9070945945946,14208,9984,402653184.0,40265318.4
Dragonfly+,2792,86844715008.0,89.91413288288288,14208,9984,402653184.0,40265318.4
Dragonfly+,2793,86844715008.0,89.92117117117117,14208,9984,402653184.0,40265318.4
Dragonfly+,2794,86844715008.0,89.92820945945947,14208,9984,402653184.0,40265318.4
Dragonfly+,2795,86844715008.0,89.93524774774775,14208,9984,402653184.0,40265318.4
Dragonfly+,2796,86844715008.0,89.94228603603604,14208,9984,402653184.0,40265318.4
Dragonfly+,2797,86844715008.0,89.94932432432432,14208,9984,402653184.0,40265318.4
Dragonfly+,2798,86844715008.0,89.95636261261262,14208,9984,402653184.0,40265318.4
Dragonfly+,2799,86844715008.0,89.96340090090091,14208,9984,402653184.0,40265318.4
Dragonfly+,2800,86844715008.0,89.9704391891892,14208,9984,402653184.0,40265318.4
Dragonfly+,2801,86844715008.0,89.97747747747748,14208,9984,402653184.0,40265318.4
Dragonfly+,2802,86844715008.0,89.98451576576578,14208,9984,402653184.0,40265318.4
Dragonfly+,2803,86844715008.0,89.99155405405406,14208,9984,402653184.0,40265318.4
Dragonfly+,2804,86844715008.0,89.99859234234235,14208,9984,402653184.0,40265318.4
Dragonfly+,2805,86844715008.0,90.00563063063063,14208,9984,402653184.0,40265318.4
Dragonfly+,2806,86844715008.0,90.01266891891892,14208,9984,402653184.0,40265318.4
Dragonfly+,2807,86844715008.0,90.0197072072072,14208,9984,402653184.0,40265318.4
Dragonfly+,2808,86844715008.0,90.0267454954955,14208,9984,402653184.0,40265318.4
Dragonfly+,2809,86844715008.0,90.03378378378379,14208,9984,402653184.0,40265318.4
Dragonfly+,2810,86844715008.0,90.04082207207207,14208,9984,402653184.0,40265318.4
Dragonfly+,2811,86844715008.0,90.04786036036036,14208,9984,402653184.0,40265318.4
Dragonfly+,2812,86844715008.0,90.05489864864865,14208,9984,402653184.0,40265318.4
Dragonfly+,2813,86844715008.0,90.06193693693693,14208,9984,402653184.0,40265318.4
Dragonfly+,2814,86844715008.0,90.06897522522522,14208,9984,402653184.0,40265318.4
Dragonfly+,2815,86844715008.0,90.07601351351352,14208,9984,402653184.0,40265318.4
Dragonfly+,2816,86844715008.0,90.0830518018018,14208,9984,402653184.0,40265318.4
Dragonfly+,2817,86844715008.0,90.09009009009009,14208,9984,402653184.0,40265318.4
Dragonfly+,2818,86844715008.0,90.09712837837837,14208,9984,402653184.0,40265318.4
Dragonfly+,2819,86844715008.0,90.10416666666666,14208,9984,402653184.0,40265318.4
Dragonfly+,2820,86844715008.0,90.11120495495496,14208,9984,402653184.0,40265318.4
Dragonfly+,2821,86844715008.0,90.11824324324324,14208,9984,402653184.0,40265318.4
Dragonfly+,2822,86844715008.0,90.12528153153153,14208,9984,402653184.0,40265318.4
Dragonfly+,2823,86844715008.0,90.13231981981981,14208,9984,402653184.0,40265318.4
Dragonfly+,2824,86844715008.0,90.1393581081081,14208,9984,402653184.0,40265318.4
Dragonfly+,2825,86844715008.0,90.1463963963964,14208,9984,402653184.0,40265318.4
Dragonfly+,2826,86844715008.0,90.15343468468468,14208,9984,402653184.0,40265318.4
Dragonfly+,2827,86844715008.0,90.16047297297297,14208,9984,402653184.0,40265318.4
Dragonfly+,2828,86844715008.0,90.16751126126125,14208,9984,402653184.0,40265318.4
Dragonfly+,2829,86844715008.0,90.17454954954955,14208,9984,402653184.0,40265318.4
Dragonfly+,2830,86844715008.0,90.18158783783784,14208,9984,402653184.0,40265318.4
Dragonfly+,2831,86844715008.0,90.18862612612612,14208,9984,402653184.0,40265318.4
Dragonfly+,2832,86844715008.0,90.19566441441441,14208,9984,402653184.0,40265318.4
Dragonfly+,2833,86844715008.0,90.2027027027027,14208,9984,402653184.0,40265318.4
Dragonfly+,2834,86844715008.0,90.209740990991,14208,9984,402653184.0,40265318.4
Dragonfly+,2835,86844715008.0,90.21677927927928,14208,9984,402653184.0,40265318.4
Dragonfly+,2836,86844715008.0,90.22381756756756,14208,9984,402653184.0,40265318.4
Dragonfly+,2837,86844715008.0,90.23085585585585,14208,9984,402653184.0,40265318.4
Dragonfly+,2838,86844715008.0,90.23789414414415,14208,9984,402653184.0,40265318.4
Dragonfly+,2839,86844715008.0,90.24493243243244,14208,9984,402653184.0,40265318.4
Dragonfly+,2840,86844715008.0,90.25197072072072,14208,9984,402653184.0,40265318.4
Dragonfly+,2841,86844715008.0,90.259009009009,14208,9984,402653184.0,40265318.4
Dragonfly+,2842,86844715008.0,90.2660472972973,14208,9984,402653184.0,40265318.4
Dragonfly+,2843,86844715008.0,90.27308558558559,14208,9984,402653184.0,40265318.4
Dragonfly+,2844,86844715008.0,90.28012387387388,14208,9984,402653184.0,40265318.4
Dragonfly+,2845,86844715008.0,90.28716216216216,14208,9984,402653184.0,40265318.4
Dragonfly+,2846,86844715008.0,90.29420045045045,14208,9984,402653184.0,40265318.4
Dragonfly+,2847,86844715008.0,90.30123873873875,14208,9984,402653184.0,40265318.4
Dragonfly+,2848,86844715008.0,90.30827702702703,14208,9984,402653184.0,40265318.4
Dragonfly+,2849,86844715008.0,90.31531531531532,14208,9984,402653184.0,40265318.4
Dragonfly+,2850,86844715008.0,90.3223536036036,14208,9984,402653184.0,40265318.4
Dragonfly+,2851,86844715008.0,90.3293918918919,14208,9984,402653184.0,40265318.4
Dragonfly+,2852,86844715008.0,90.33643018018019,14208,9984,402653184.0,40265318.4
Dragonfly+,2853,86844715008.0,90.34346846846847,14208,9984,402653184.0,40265318.4
Dragonfly+,2854,86844715008.0,90.35050675675676,14208,9984,402653184.0,40265318.4
Dragonfly+,2855,86844715008.0,90.35754504504504,14208,9984,402653184.0,40265318.4
Dragonfly+,2856,86844715008.0,90.36458333333334,14208,9984,402653184.0,40265318.4
Dragonfly+,2857,86844715008.0,90.37162162162163,14208,9984,402653184.0,40265318.4
Dragonfly+,2858,86844715008.0,90.37865990990991,14208,9984,402653184.0,40265318.4
Dragonfly+,2859,86844715008.0,90.3856981981982,14208,9984,402653184.0,40265318.4
Dragonfly+,2860,86844715008.0,90.39273648648648,14208,9984,402653184.0,40265318.4
Dragonfly+,2861,86844715008.0,90.39977477477478,14208,9984,402653184.0,40265318.4
Dragonfly+,2862,86844715008.0,90.40681306306307,14208,9984,402653184.0,40265318.4
Dragonfly+,2863,86844715008.0,90.41385135135135,14208,9984,402653184.0,40265318.4
Dragonfly+,2864,86844715008.0,90.42088963963964,14208,9984,402653184.0,40265318.4
Dragonfly+,2865,86844715008.0,90.42792792792793,14208,9984,402653184.0,40265318.4
Dragonfly+,2866,86844715008.0,90.43496621621621,14208,9984,402653184.0,40265318.4
Dragonfly+,2867,86844715008.0,90.4420045045045,14208,9984,402653184.0,40265318.4
Dragonfly+,2868,86844715008.0,90.4490427927928,14208,9984,402653184.0,40265318.4
Dragonfly+,2869,86844715008.0,90.45608108108108,14208,9984,402653184.0,40265318.4
Dragonfly+,2870,86844715008.0,90.46311936936937,14208,9984,402653184.0,40265318.4
Dragonfly+,2871,86844715008.0,90.47015765765765,14208,9984,402653184.0,40265318.4
Dragonfly+,2872,86844715008.0,90.47719594594594,14208,9984,402653184.0,40265318.4
Dragonfly+,2873,86844715008.0,90.48423423423422,14208,9984,402653184.0,40265318.4
Dragonfly+,2874,86844715008.0,90.49127252252252,14208,9984,402653184.0,40265318.4
Dragonfly+,2875,86844715008.0,90.4983108108108,14208,9984,402653184.0,40265318.4
Dragonfly+,2876,86844715008.0,90.50534909909909,14208,9984,402653184.0,40265318.4
Dragonfly+,2877,86844715008.0,90.51238738738738,14208,9984,402653184.0,40265318.4
Dragonfly+,2878,86844715008.0,90.51942567567568,14208,9984,402653184.0,40265318.4
Dragonfly+,2879,86844715008.0,90.52646396396396,14208,9984,402653184.0,40265318.4
Dragonfly+,2880,86844715008.0,90.53350225225225,14208,9984,402653184.0,40265318.4
Dragonfly+,2881,86844715008.0,90.54054054054053,14208,9984,402653184.0,40265318.4
Dragonfly+,2882,86844715008.0,90.54757882882883,14208,9984,402653184.0,40265318.4
Dragonfly+,2883,86844715008.0,90.55461711711712,14208,9984,402653184.0,40265318.4
Dragonfly+,2884,86844715008.0,90.5616554054054,14208,9984,402653184.0,40265318.4
Dragonfly+,2885,86844715008.0,90.56869369369369,14208,9984,402653184.0,40265318.4
Dragonfly+,2886,86844715008.0,90.57573198198197,14208,9984,402653184.0,40265318.4
Dragonfly+,2887,86844715008.0,90.58277027027027,14208,9984,402653184.0,40265318.4
Dragonfly+,2888,86844715008.0,90.58980855855856,14208,9984,402653184.0,40265318.4
Dragonfly+,2889,86844715008.0,90.59684684684684,14208,9984,402653184.0,40265318.4
Dragonfly+,2890,86844715008.0,90.60388513513513,14208,9984,402653184.0,40265318.4
Dragonfly+,2891,86844715008.0,90.61092342342343,14208,9984,402653184.0,40265318.4
Dragonfly+,2892,86844715008.0,90.61796171171171,14208,9984,402653184.0,40265318.4
Dragonfly+,2893,86844715008.0,90.625,14208,9984,402653184.0,40265318.4
Dragonfly+,2894,86844715008.0,90.63203828828829,14208,9984,402653184.0,40265318.4
Dragonfly+,2895,86844715008.0,90.63907657657657,14208,9984,402653184.0,40265318.4
Dragonfly+,2896,86844715008.0,90.64611486486487,14208,9984,402653184.0,40265318.4
Dragonfly+,2897,86844715008.0,90.65315315315316,14208,9984,402653184.0,40265318.4
Dragonfly+,2898,86844715008.0,90.66019144144144,14208,9984,402653184.0,40265318.4
Dragonfly+,2899,86844715008.0,90.66722972972973,14208,9984,402653184.0,40265318.4
Dragonfly+,2900,86844715008.0,90.67426801801803,14208,9984,402653184.0,40265318.4
Dragonfly+,2901,86844715008.0,90.68130630630631,14208,9984,402653184.0,40265318.4
Dragonfly+,2902,86844715008.0,90.6883445945946,14208,9984,402653184.0,40265318.4
Dragonfly+,2903,86844715008.0,90.69538288288288,14208,9984,402653184.0,40265318.4
Dragonfly+,2904,86844715008.0,90.70242117117117,14208,9984,402653184.0,40265318.4
Dragonfly+,2905,86844715008.0,90.70945945945947,14208,9984,402653184.0,40265318.4
Dragonfly+,2906,86844715008.0,90.71649774774775,14208,9984,402653184.0,40265318.4
Dragonfly+,2907,86844715008.0,90.72353603603604,14208,9984,402653184.0,40265318.4
Dragonfly+,2908,86844715008.0,90.73057432432432,14208,9984,402653184.0,40265318.4
Dragonfly+,2909,86844715008.0,90.73761261261262,14208,9984,402653184.0,40265318.4
Dragonfly+,2910,86844715008.0,90.74465090090091,14208,9984,402653184.0,40265318.4
Dragonfly+,2911,86844715008.0,90.7516891891892,14208,9984,402653184.0,40265318.4
Dragonfly+,2912,86844715008.0,90.75872747747748,14208,9984,402653184.0,40265318.4
Dragonfly+,2913,86844715008.0,90.76576576576578,14208,9984,402653184.0,40265318.4
Dragonfly+,2914,86844715008.0,90.77280405405406,14208,9984,402653184.0,40265318.4
Dragonfly+,2915,86844715008.0,90.77984234234235,14208,9984,402653184.0,40265318.4
Dragonfly+,2916,86844715008.0,90.78688063063063,14208,9984,402653184.0,40265318.4
Dragonfly+,2917,86844715008.0,90.79391891891892,14208,9984,402653184.0,40265318.4
Dragonfly+,2918,86844715008.0,90.8009572072072,14208,9984,402653184.0,40265318.4
Dragonfly+,2919,86844715008.0,90.8079954954955,14208,9984,402653184.0,40265318.4
Dragonfly+,2920,86844715008.0,90.81503378378379,14208,9984,402653184.0,40265318.4
Dragonfly+,2921,86844715008.0,90.82207207207207,14208,9984,402653184.0,40265318.4
Dragonfly+,2922,86844715008.0,90.82911036036036,14208,9984,402653184.0,40265318.4
Dragonfly+,2923,86844715008.0,90.83614864864865,14208,9984,402653184.0,40265318.4
Dragonfly+,2924,86844715008.0,90.84318693693693,14208,9984,402653184.0,40265318.4
Dragonfly+,2925,86844715008.0,90.85022522522522,14208,9984,402653184.0,40265318.4
Dragonfly+,2926,86844715008.0,90.85726351351352,14208,9984,402653184.0,40265318.4
Dragonfly+,2927,86844715008.0,90.8643018018018,14208,9984,402653184.0,40265318.4
Dragonfly+,2928,86844715008.0,90.87134009009009,14208,9984,402653184.0,40265318.4
Dragonfly+,2929,86844715008.0,90.87837837837837,14208,9984,402653184.0,40265318.4
Dragonfly+,2930,86844715008.0,90.88541666666666,14208,9984,402653184.0,40265318.4
Dragonfly+,2931,86844715008.0,90.89245495495496,14208,9984,402653184.0,40265318.4
Dragonfly+,2932,86844715008.0,90.89949324324324,14208,9984,402653184.0,40265318.4
Dragonfly+,2933,86844715008.0,90.90653153153153,14208,9984,402653184.0,40265318.4
Dragonfly+,2934,86844715008.0,90.91356981981981,14208,9984,402653184.0,40265318.4
Dragonfly+,2935,86844715008.0,90.9206081081081,14208,9984,402653184.0,40265318.4
Dragonfly+,2936,86844715008.0,90.9276463963964,14208,9984,402653184.0,40265318.4
Dragonfly+,2937,86844715008.0,90.93468468468468,14208,9984,402653184.0,40265318.4
Dragonfly+,2938,86844715008.0,90.94172297297297,14208,9984,402653184.0,40265318.4
Dragonfly+,2939,86844715008.0,90.94876126126125,14208,9984,402653184.0,40265318.4
Dragonfly+,2940,86844715008.0,90.95579954954955,14208,9984,402653184.0,40265318.4
Dragonfly+,2941,86844715008.0,90.96283783783784,14208,9984,402653184.0,40265318.4
Dragonfly+,2942,86844715008.0,90.96987612612612,14208,9984,402653184.0,40265318.4
Dragonfly+,2943,86844715008.0,90.97691441441441,14208,9984,402653184.0,40265318.4
Dragonfly+,2944,86844715008.0,90.9839527027027,14208,9984,402653184.0,40265318.4
Dragonfly+,2945,86844715008.0,90.990990990991,14208,9984,402653184.0,40265318.4
Dragonfly+,2946,86844715008.0,90.99802927927928,14208,9984,402653184.0,40265318.4
Dragonfly+,2947,86844715008.0,91.00506756756756,14208,9984,402653184.0,40265318.4
Dragonfly+,2948,86844715008.0,91.01210585585585,14208,9984,402653184.0,40265318.4
Dragonfly+,2949,86844715008.0,91.01914414414415,14208,9984,402653184.0,40265318.4
Dragonfly+,2950,86844715008.0,91.02618243243244,14208,9984,402653184.0,40265318.4
Dragonfly+,2951,86844715008.0,91.03322072072072,14208,9984,402653184.0,40265318.4
Dragonfly+,2952,86844715008.0,91.040259009009,14208,9984,402653184.0,40265318.4
Dragonfly+,2953,86844715008.0,91.0472972972973,14208,9984,402653184.0,40265318.4
Dragonfly+,2954,86844715008.0,91.05433558558559,14208,9984,402653184.0,40265318.4
Dragonfly+,2955,86844715008.0,91.06137387387388,14208,9984,402653184.0,40265318.4
Dragonfly+,2956,86844715008.0,91.06841216216216,14208,9984,402653184.0,40265318.4
Dragonfly+,2957,86844715008.0,91.07545045045045,14208,9984,402653184.0,40265318.4
Dragonfly+,2958,86844715008.0,91.08248873873875,14208,9984,402653184.0,40265318.4
Dragonfly+,2959,86844715008.0,91.08952702702703,14208,9984,402653184.0,40265318.4
Dragonfly+,2960,86844715008.0,91.09656531531532,14208,9984,402653184.0,40265318.4
Dragonfly+,2961,86844715008.0,91.1036036036036,14208,9984,402653184.0,40265318.4
Dragonfly+,2962,86844715008.0,91.1106418918919,14208,9984,402653184.0,40265318.4
Dragonfly+,2963,86844715008.0,91.11768018018019,14208,9984,402653184.0,40265318.4
Dragonfly+,2964,86844715008.0,91.12471846846847,14208,9984,402653184.0,40265318.4
Dragonfly+,2965,86844715008.0,91.13175675675676,14208,9984,402653184.0,40265318.4
Dragonfly+,2966,86844715008.0,91.13879504504504,14208,9984,402653184.0,40265318.4
Dragonfly+,2967,86844715008.0,91.14583333333334,14208,9984,402653184.0,40265318.4
Dragonfly+,2968,86844715008.0,91.15287162162163,14208,9984,402653184.0,40265318.4
Dragonfly+,2969,86844715008.0,91.15990990990991,14208,9984,402653184.0,40265318.4
Dragonfly+,2970,86844715008.0,91.1669481981982,14208,9984,402653184.0,40265318.4
Dragonfly+,2971,86844715008.0,91.17398648648648,14208,9984,402653184.0,40265318.4
Dragonfly+,2972,86844715008.0,91.18102477477478,14208,9984,402653184.0,40265318.4
Dragonfly+,2973,86844715008.0,91.18806306306307,14208,9984,402653184.0,40265318.4
Dragonfly+,2974,86844715008.0,91.19510135135135,14208,9984,402653184.0,40265318.4
Dragonfly+,2975,86844715008.0,91.20213963963964,14208,9984,402653184.0,40265318.4
Dragonfly+,2976,86844715008.0,91.20917792792793,14208,9984,402653184.0,40265318.4
Dragonfly+,2977,86844715008.0,91.21621621621621,14208,9984,402653184.0,40265318.4
Dragonfly+,2978,86844715008.0,91.2232545045045,14208,9984,402653184.0,40265318.4
Dragonfly+,2979,86844715008.0,91.2302927927928,14208,9984,402653184.0,40265318.4
Dragonfly+,2980,86844715008.0,91.23733108108108,14208,9984,402653184.0,40265318.4
Dragonfly+,2981,86844715008.0,91.24436936936937,14208,9984,402653184.0,40265318.4
Dragonfly+,2982,86844715008.0,91.25140765765765,14208,9984,402653184.0,40265318.4
Dragonfly+,2983,86844715008.0,91.25844594594594,14208,9984,402653184.0,40265318.4
Dragonfly+,2984,86844715008.0,91.26548423423422,14208,9984,402653184.0,40265318.4
Dragonfly+,2985,86844715008.0,91.27252252252252,14208,9984,402653184.0,40265318.4
Dragonfly+,2986,86844715008.0,91.2795608108108,14208,9984,402653184.0,40265318.4
Dragonfly+,2987,86844715008.0,91.28659909909909,14208,9984,402653184.0,40265318.4
Dragonfly+,2988,86844715008.0,91.29363738738738,14208,9984,402653184.0,40265318.4
Dragonfly+,2989,86844715008.0,91.30067567567568,14208,9984,402653184.0,40265318.4
Dragonfly+,2990,86844715008.0,91.30771396396396,14208,9984,402653184.0,40265318.4
Dragonfly+,2991,86844715008.0,91.31475225225225,14208,9984,402653184.0,40265318.4
Dragonfly+,2992,86844715008.0,91.32179054054053,14208,9984,402653184.0,40265318.4
Dragonfly+,2993,86844715008.0,91.32882882882883,14208,9984,402653184.0,40265318.4
Dragonfly+,2994,86844715008.0,91.33586711711712,14208,9984,402653184.0,40265318.4
Dragonfly+,2995,86844715008.0,91.3429054054054,14208,9984,402653184.0,40265318.4
Dragonfly+,2996,86844715008.0,91.34994369369369,14208,9984,402653184.0,40265318.4
Dragonfly+,2997,86844715008.0,91.35698198198197,14208,9984,402653184.0,40265318.4
Dragonfly+,2998,86844715008.0,91.36402027027027,14208,9984,402653184.0,40265318.4
Dragonfly+,2999,86844715008.0,91.37105855855856,14208,9984,402653184.0,40265318.4
Dragonfly+,3000,86844715008.0,91.37809684684684,14208,9984,402653184.0,40265318.4
Dragonfly+,3001,86844715008.0,91.38513513513513,14208,9984,402653184.0,40265318.4
Dragonfly+,3002,86844715008.0,91.39217342342343,14208,9984,402653184.0,40265318.4
Dragonfly+,3003,86844715008.0,91.39921171171171,14208,9984,402653184.0,40265318.4
Dragonfly+,3004,86844715008.0,91.40625,14208,9984,402653184.0,40265318.4
Dragonfly+,3005,86844715008.0,91.41328828828829,14208,9984,402653184.0,40265318.4
Dragonfly+,3006,86844715008.0,91.42032657657657,14208,9984,402653184.0,40265318.4
Dragonfly+,3007,86844715008.0,91.42736486486487,14208,9984,402653184.0,40265318.4
Dragonfly+,3008,86844715008.0,91.43440315315316,14208,9984,402653184.0,40265318.4
Dragonfly+,3009,86844715008.0,91.44144144144144,14208,9984,402653184.0,40265318.4
Dragonfly+,3010,86844715008.0,91.44847972972973,14208,9984,402653184.0,40265318.4
Dragonfly+,3011,86844715008.0,91.45551801801803,14208,9984,402653184.0,40265318.4
Dragonfly+,3012,86844715008.0,91.46255630630631,14208,9984,402653184.0,40265318.4
Dragonfly+,3013,86844715008.0,91.4695945945946,14208,9984,402653184.0,40265318.4
Dragonfly+,3014,86844715008.0,91.47663288288288,14208,9984,402653184.0,40265318.4
Dragonfly+,3015,86844715008.0,91.48367117117117,14208,9984,402653184.0,40265318.4
Dragonfly+,3016,86844715008.0,91.49070945945947,14208,9984,402653184.0,40265318.4
Dragonfly+,3017,86844715008.0,91.49774774774775,14208,9984,402653184.0,40265318.4
Dragonfly+,3018,86844715008.0,91.50478603603604,14208,9984,402653184.0,40265318.4
Dragonfly+,3019,86844715008.0,91.51182432432432,14208,9984,402653184.0,40265318.4
Dragonfly+,3020,86844715008.0,91.51886261261262,14208,9984,402653184.0,40265318.4
Dragonfly+,3021,86844715008.0,91.52590090090091,14208,9984,402653184.0,40265318.4
Dragonfly+,3022,86844715008.0,91.5329391891892,14208,9984,402653184.0,40265318.4
Dragonfly+,3023,86844715008.0,91.53997747747748,14208,9984,402653184.0,40265318.4
Dragonfly+,3024,86844715008.0,91.54701576576578,14208,9984,402653184.0,40265318.4
Dragonfly+,3025,86844715008.0,91.55405405405406,14208,9984,402653184.0,40265318.4
Dragonfly+,3026,86844715008.0,91.56109234234235,14208,9984,402653184.0,40265318.4
Dragonfly+,3027,86844715008.0,91.56813063063063,14208,9984,402653184.0,40265318.4
Dragonfly+,3028,86844715008.0,91.57516891891892,14208,9984,402653184.0,40265318.4
Dragonfly+,3029,86844715008.0,91.5822072072072,14208,9984,402653184.0,40265318.4
Dragonfly+,3030,86844715008.0,91.5892454954955,14208,9984,402653184.0,40265318.4
Dragonfly+,3031,86844715008.0,91.59628378378379,14208,9984,402653184.0,40265318.4
Dragonfly+,3032,86844715008.0,91.60332207207207,14208,9984,402653184.0,40265318.4
Dragonfly+,3033,86844715008.0,91.61036036036036,14208,9984,402653184.0,40265318.4
Dragonfly+,3034,86844715008.0,91.61739864864865,14208,9984,402653184.0,40265318.4
Dragonfly+,3035,86844715008.0,91.62443693693693,14208,9984,402653184.0,40265318.4
Dragonfly+,3036,86844715008.0,91.63147522522522,14208,9984,402653184.0,40265318.4
Dragonfly+,3037,86844715008.0,91.63851351351352,14208,9984,402653184.0,40265318.4
Dragonfly+,3038,86844715008.0,91.6455518018018,14208,9984,402653184.0,40265318.4
Dragonfly+,3039,86844715008.0,91.65259009009009,14208,9984,402653184.0,40265318.4
Dragonfly+,3040,86844715008.0,91.65962837837837,14208,9984,402653184.0,40265318.4
Dragonfly+,3041,86844715008.0,91.66666666666666,14208,9984,402653184.0,40265318.4
Dragonfly+,3042,86844715008.0,91.67370495495496,14208,9984,402653184.0,40265318.4
Dragonfly+,3043,86844715008.0,91.68074324324324,14208,9984,402653184.0,40265318.4
Dragonfly+,3044,86844715008.0,91.68778153153153,14208,9984,402653184.0,40265318.4
Dragonfly+,3045,86844715008.0,91.69481981981981,14208,9984,402653184.0,40265318.4
Dragonfly+,3046,86844715008.0,91.7018581081081,14208,9984,402653184.0,40265318.4
Dragonfly+,3047,86844715008.0,91.7088963963964,14208,9984,402653184.0,40265318.4
Dragonfly+,3048,86844715008.0,91.71593468468468,14208,9984,402653184.0,40265318.4
Dragonfly+,3049,86844715008.0,91.72297297297297,14208,9984,402653184.0,40265318.4
Dragonfly+,3050,86844715008.0,91.73001126126125,14208,9984,402653184.0,40265318.4
Dragonfly+,3051,86844715008.0,91.73704954954955,14208,9984,402653184.0,40265318.4
Dragonfly+,3052,86844715008.0,91.74408783783784,14208,9984,402653184.0,40265318.4
Dragonfly+,3053,86844715008.0,91.75112612612612,14208,9984,402653184.0,40265318.4
Dragonfly+,3054,86844715008.0,91.75816441441441,14208,9984,402653184.0,40265318.4
Dragonfly+,3055,86844715008.0,91.7652027027027,14208,9984,402653184.0,40265318.4
Dragonfly+,3056,86844715008.0,91.772240990991,14208,9984,402653184.0,40265318.4
Dragonfly+,3057,86844715008.0,91.77927927927928,14208,9984,402653184.0,40265318.4
Dragonfly+,3058,86844715008.0,91.78631756756756,14208,9984,402653184.0,40265318.4
Dragonfly+,3059,86844715008.0,91.79335585585585,14208,9984,402653184.0,40265318.4
Dragonfly+,3060,86844715008.0,91.80039414414415,14208,9984,402653184.0,40265318.4
Dragonfly+,3061,86844715008.0,91.80743243243244,14208,9984,402653184.0,40265318.4
Dragonfly+,3062,86844715008.0,91.81447072072072,14208,9984,402653184.0,40265318.4
Dragonfly+,3063,86844715008.0,91.821509009009,14208,9984,402653184.0,40265318.4
Dragonfly+,3064,86844715008.0,91.8285472972973,14208,9984,402653184.0,40265318.4
Dragonfly+,3065,86844715008.0,91.83558558558559,14208,9984,402653184.0,40265318.4
Dragonfly+,3066,86844715008.0,91.84262387387388,14208,9984,402653184.0,40265318.4
Dragonfly+,3067,86844715008.0,91.84966216216216,14208,9984,402653184.0,40265318.4
Dragonfly+,3068,86844715008.0,91.85670045045045,14208,9984,402653184.0,40265318.4
Dragonfly+,3069,86844715008.0,91.86373873873875,14208,9984,402653184.0,40265318.4
Dragonfly+,3070,86844715008.0,91.87077702702703,14208,9984,402653184.0,40265318.4
Dragonfly+,3071,86844715008.0,91.87781531531532,14208,9984,402653184.0,40265318.4
Dragonfly+,3072,86844715008.0,91.8848536036036,14208,9984,402653184.0,40265318.4
Dragonfly+,3073,86844715008.0,91.8918918918919,14208,9984,402653184.0,40265318.4
Dragonfly+,3074,335096020992.0,91.89893018018019,14208,9984,402653184.0,40265318.4
Dragonfly+,3075,335096020992.0,91.90596846846847,14208,9984,402653184.0,40265318.4
Dragonfly+,3076,335096020992.0,91.91300675675676,14208,9984,402653184.0,40265318.4
Dragonfly+,3077,335096020992.0,91.92004504504504,14208,9984,402653184.0,40265318.4
Dragonfly+,3078,335096020992.0,91.92708333333334,14208,9984,402653184.0,40265318.4
Dragonfly+,3079,335096020992.0,91.93412162162163,14208,9984,402653184.0,40265318.4
Dragonfly+,3080,335096020992.0,91.94115990990991,14208,9984,402653184.0,40265318.4
Dragonfly+,3081,335096020992.0,91.9481981981982,14208,9984,402653184.0,40265318.4
Dragonfly+,3082,335096020992.0,91.95523648648648,14208,9984,402653184.0,40265318.4
Dragonfly+,3083,335096020992.0,91.96227477477478,14208,9984,402653184.0,40265318.4
Dragonfly+,3084,335096020992.0,91.96931306306307,14208,9984,402653184.0,40265318.4
Dragonfly+,3085,335096020992.0,91.97635135135135,14208,9984,402653184.0,40265318.4
Dragonfly+,3086,335096020992.0,91.98338963963964,14208,9984,402653184.0,40265318.4
Dragonfly+,3087,335096020992.0,91.99042792792793,14208,9984,402653184.0,40265318.4
Dragonfly+,3088,335096020992.0,91.99746621621621,14208,9984,402653184.0,40265318.4
Dragonfly+,3089,335096020992.0,92.0045045045045,14208,9984,402653184.0,40265318.4
Dragonfly+,3090,335096020992.0,92.0115427927928,14208,9984,402653184.0,40265318.4
Dragonfly+,3091,335096020992.0,92.01858108108108,14208,9984,402653184.0,40265318.4
Dragonfly+,3092,335096020992.0,92.02561936936937,14208,9984,402653184.0,40265318.4
Dragonfly+,3093,335096020992.0,92.03265765765765,14208,9984,402653184.0,40265318.4
Dragonfly+,3094,335096020992.0,92.03969594594594,14208,9984,402653184.0,40265318.4
Dragonfly+,3095,335096020992.0,92.04673423423422,14208,9984,402653184.0,40265318.4
Dragonfly+,3096,335096020992.0,92.05377252252252,14208,9984,402653184.0,40265318.4
Dragonfly+,3097,335096020992.0,92.0608108108108,14208,9984,402653184.0,40265318.4
Dragonfly+,3098,335096020992.0,92.06784909909909,14208,9984,402653184.0,40265318.4
Dragonfly+,3099,335096020992.0,92.07488738738738,14208,9984,402653184.0,40265318.4
Dragonfly+,3100,335096020992.0,92.08192567567568,14208,9984,402653184.0,40265318.4
Dragonfly+,3101,335096020992.0,92.08896396396396,14208,9984,402653184.0,40265318.4
Dragonfly+,3102,335096020992.0,92.09600225225225,14208,9984,402653184.0,40265318.4
Dragonfly+,3103,335096020992.0,92.10304054054053,14208,9984,402653184.0,40265318.4
Dragonfly+,3104,335096020992.0,92.11007882882883,14208,9984,402653184.0,40265318.4
Dragonfly+,3105,335096020992.0,92.11711711711712,14208,9984,402653184.0,40265318.4
Dragonfly+,3106,335096020992.0,92.1241554054054,14208,9984,402653184.0,40265318.4
Dragonfly+,3107,335096020992.0,92.13119369369369,14208,9984,402653184.0,40265318.4
Dragonfly+,3108,335096020992.0,92.13823198198197,14208,9984,402653184.0,40265318.4
Dragonfly+,3109,335096020992.0,92.14527027027027,14208,9984,402653184.0,40265318.4
Dragonfly+,3110,335096020992.0,92.15230855855856,14208,9984,402653184.0,40265318.4
Dragonfly+,3111,335096020992.0,92.15934684684684,14208,9984,402653184.0,40265318.4
Dragonfly+,3112,335096020992.0,92.16638513513513,14208,9984,402653184.0,40265318.4
Dragonfly+,3113,335096020992.0,92.17342342342343,14208,9984,402653184.0,40265318.4
Dragonfly+,3114,335096020992.0,92.18046171171171,14208,9984,402653184.0,40265318.4
Dragonfly+,3115,335096020992.0,92.1875,14208,9984,402653184.0,40265318.4
Dragonfly+,3116,335096020992.0,92.19453828828829,14208,9984,402653184.0,40265318.4
Dragonfly+,3117,335096020992.0,92.20157657657657,14208,9984,402653184.0,40265318.4
Dragonfly+,3118,335096020992.0,92.20861486486487,14208,9984,402653184.0,40265318.4
Dragonfly+,3119,335096020992.0,92.21565315315316,14208,9984,402653184.0,40265318.4
Dragonfly+,3120,335096020992.0,92.22269144144144,14208,9984,402653184.0,40265318.4
Dragonfly+,3121,335096020992.0,92.22972972972973,14208,9984,402653184.0,40265318.4
Dragonfly+,3122,335096020992.0,92.23676801801803,14208,9984,402653184.0,40265318.4
Dragonfly+,3123,335096020992.0,92.24380630630631,14208,9984,402653184.0,40265318.4
Dragonfly+,3124,335096020992.0,92.2508445945946,14208,9984,402653184.0,40265318.4
Dragonfly+,3125,335096020992.0,92.25788288288288,14208,9984,402653184.0,40265318.4
Dragonfly+,3126,335096020992.0,92.26492117117117,14208,9984,402653184.0,40265318.4
Dragonfly+,3127,335096020992.0,92.27195945945947,14208,9984,402653184.0,40265318.4
Dragonfly+,3128,335096020992.0,92.27899774774775,14208,9984,402653184.0,40265318.4
Dragonfly+,3129,335096020992.0,92.28603603603604,14208,9984,402653184.0,40265318.4
Dragonfly+,3130,335096020992.0,92.29307432432432,14208,9984,402653184.0,40265318.4
Dragonfly+,3131,335096020992.0,92.30011261261262,14208,9984,402653184.0,40265318.4
Dragonfly+,3132,335096020992.0,92.30715090090091,14208,9984,402653184.0,40265318.4
Dragonfly+,3133,335096020992.0,92.3141891891892,14208,9984,402653184.0,40265318.4
Dragonfly+,3134,335096020992.0,92.32122747747748,14208,9984,402653184.0,40265318.4
Dragonfly+,3135,335096020992.0,92.32826576576578,14208,9984,402653184.0,40265318.4
Dragonfly+,3136,335096020992.0,92.33530405405406,14208,9984,402653184.0,40265318.4
Dragonfly+,3137,335096020992.0,92.34234234234235,14208,9984,402653184.0,40265318.4
Dragonfly+,3138,335096020992.0,92.34938063063063,14208,9984,402653184.0,40265318.4
Dragonfly+,3139,335096020992.0,92.35641891891892,14208,9984,402653184.0,40265318.4
Dragonfly+,3140,335096020992.0,92.3634572072072,14208,9984,402653184.0,40265318.4
Dragonfly+,3141,335096020992.0,92.3704954954955,14208,9984,402653184.0,40265318.4
Dragonfly+,3142,335096020992.0,92.37753378378379,14208,9984,402653184.0,40265318.4
Dragonfly+,3143,335096020992.0,92.38457207207207,14208,9984,402653184.0,40265318.4
Dragonfly+,3144,335096020992.0,92.39161036036036,14208,9984,402653184.0,40265318.4
Dragonfly+,3145,335096020992.0,92.39864864864865,14208,9984,402653184.0,40265318.4
Dragonfly+,3146,335096020992.0,92.40568693693693,14208,9984,402653184.0,40265318.4
Dragonfly+,3147,335096020992.0,92.41272522522522,14208,9984,402653184.0,40265318.4
Dragonfly+,3148,335096020992.0,92.41976351351352,14208,9984,402653184.0,40265318.4
Dragonfly+,3149,335096020992.0,92.4268018018018,14208,9984,402653184.0,40265318.4
Dragonfly+,3150,335096020992.0,92.43384009009009,14208,9984,402653184.0,40265318.4
Dragonfly+,3151,335096020992.0,92.44087837837837,14208,9984,402653184.0,40265318.4
Dragonfly+,3152,335096020992.0,92.44791666666666,14208,9984,402653184.0,40265318.4
Dragonfly+,3153,335096020992.0,92.45495495495496,14208,9984,402653184.0,40265318.4
Dragonfly+,3154,335096020992.0,92.46199324324324,14208,9984,402653184.0,40265318.4
Dragonfly+,3155,335096020992.0,92.46903153153153,14208,9984,402653184.0,40265318.4
Dragonfly+,3156,335096020992.0,92.47606981981981,14208,9984,402653184.0,40265318.4
Dragonfly+,3157,335096020992.0,92.4831081081081,14208,9984,402653184.0,40265318.4
Dragonfly+,3158,335096020992.0,92.4901463963964,14208,9984,402653184.0,40265318.4
Dragonfly+,3159,335096020992.0,92.49718468468468,14208,9984,402653184.0,40265318.4
Dragonfly+,3160,335096020992.0,92.50422297297297,14208,9984,402653184.0,40265318.4
Dragonfly+,3161,335096020992.0,92.51126126126125,14208,9984,402653184.0,40265318.4
Dragonfly+,3162,335096020992.0,92.51829954954955,14208,9984,402653184.0,40265318.4
Dragonfly+,3163,335096020992.0,92.52533783783784,14208,9984,402653184.0,40265318.4
Dragonfly+,3164,335096020992.0,92.53237612612612,14208,9984,402653184.0,40265318.4
Dragonfly+,3165,335096020992.0,92.53941441441441,14208,9984,402653184.0,40265318.4
Dragonfly+,3166,335096020992.0,92.5464527027027,14208,9984,402653184.0,40265318.4
Dragonfly+,3167,335096020992.0,92.553490990991,14208,9984,402653184.0,40265318.4
Dragonfly+,3168,335096020992.0,92.56052927927928,14208,9984,402653184.0,40265318.4
Dragonfly+,3169,335096020992.0,92.56756756756756,14208,9984,402653184.0,40265318.4
Dragonfly+,3170,335096020992.0,92.57460585585585,14208,9984,402653184.0,40265318.4
Dragonfly+,3171,335096020992.0,92.58164414414415,14208,9984,402653184.0,40265318.4
Dragonfly+,3172,335096020992.0,92.58868243243244,14208,9984,402653184.0,40265318.4
Dragonfly+,3173,335096020992.0,92.59572072072072,14208,9984,402653184.0,40265318.4
Dragonfly+,3174,335096020992.0,92.602759009009,14208,9984,402653184.0,40265318.4
Dragonfly+,3175,335096020992.0,92.6097972972973,14208,9984,402653184.0,40265318.4
Dragonfly+,3176,335096020992.0,92.61683558558559,14208,9984,402653184.0,40265318.4
Dragonfly+,3177,335096020992.0,92.62387387387388,14208,9984,402653184.0,40265318.4
Dragonfly+,3178,335096020992.0,92.63091216216216,14208,9984,402653184.0,40265318.4
Dragonfly+,3179,335096020992.0,92.63795045045045,14208,9984,402653184.0,40265318.4
Dragonfly+,3180,335096020992.0,92.64498873873875,14208,9984,402653184.0,40265318.4
Dragonfly+,3181,335096020992.0,92.65202702702703,14208,9984,402653184.0,40265318.4
Dragonfly+,3182,335096020992.0,92.65906531531532,14208,9984,402653184.0,40265318.4
Dragonfly+,3183,335096020992.0,92.6661036036036,14208,9984,402653184.0,40265318.4
Dragonfly+,3184,335096020992.0,92.6731418918919,14208,9984,402653184.0,40265318.4
Dragonfly+,3185,335096020992.0,92.68018018018019,14208,9984,402653184.0,40265318.4
Dragonfly+,3186,335096020992.0,92.68721846846847,14208,9984,402653184.0,40265318.4
Dragonfly+,3187,335096020992.0,92.69425675675676,14208,9984,402653184.0,40265318.4
Dragonfly+,3188,335096020992.0,92.70129504504504,14208,9984,402653184.0,40265318.4
Dragonfly+,3189,335096020992.0,92.70833333333334,14208,9984,402653184.0,40265318.4
Dragonfly+,3190,335096020992.0,92.71537162162163,14208,9984,402653184.0,40265318.4
Dragonfly+,3191,335096020992.0,92.72240990990991,14208,9984,402653184.0,40265318.4
Dragonfly+,3192,335096020992.0,92.7294481981982,14208,9984,402653184.0,40265318.4
Dragonfly+,3193,335096020992.0,92.73648648648648,14208,9984,402653184.0,40265318.4
Dragonfly+,3194,335096020992.0,92.74352477477478,14208,9984,402653184.0,40265318.4
Dragonfly+,3195,335096020992.0,92.75056306306307,14208,9984,402653184.0,40265318.4
Dragonfly+,3196,335096020992.0,92.75760135135135,14208,9984,402653184.0,40265318.4
Dragonfly+,3197,335096020992.0,92.76463963963964,14208,9984,402653184.0,40265318.4
Dragonfly+,3198,335096020992.0,92.77167792792793,14208,9984,402653184.0,40265318.4
Dragonfly+,3199,335096020992.0,92.77871621621621,14208,9984,402653184.0,40265318.4
Dragonfly+,3200,335096020992.0,92.7857545045045,14208,9984,402653184.0,40265318.4
Dragonfly+,3201,335096020992.0,92.7927927927928,14208,9984,402653184.0,40265318.4
Dragonfly+,3202,335096020992.0,92.79983108108108,14208,9984,402653184.0,40265318.4
Dragonfly+,3203,335096020992.0,92.80686936936937,14208,9984,402653184.0,40265318.4
Dragonfly+,3204,335096020992.0,92.81390765765765,14208,9984,402653184.0,40265318.4
Dragonfly+,3205,335096020992.0,92.82094594594594,14208,9984,402653184.0,40265318.4
Dragonfly+,3206,335096020992.0,92.82798423423422,14208,9984,402653184.0,40265318.4
Dragonfly+,3207,335096020992.0,92.83502252252252,14208,9984,402653184.0,40265318.4
Dragonfly+,3208,335096020992.0,92.8420608108108,14208,9984,402653184.0,40265318.4
Dragonfly+,3209,335096020992.0,92.84909909909909,14208,9984,402653184.0,40265318.4
Dragonfly+,3210,335096020992.0,92.85613738738738,14208,9984,402653184.0,40265318.4
Dragonfly+,3211,335096020992.0,92.86317567567568,14208,9984,402653184.0,40265318.4
Dragonfly+,3212,335096020992.0,92.87021396396396,14208,9984,402653184.0,40265318.4
Dragonfly+,3213,335096020992.0,92.87725225225225,14208,9984,402653184.0,40265318.4
Dragonfly+,3214,335096020992.0,92.88429054054053,14208,9984,402653184.0,40265318.4
Dragonfly+,3215,335096020992.0,92.89132882882883,14208,9984,402653184.0,40265318.4
Dragonfly+,3216,335096020992.0,92.89836711711712,14208,9984,402653184.0,40265318.4
Dragonfly+,3217,335096020992.0,92.9054054054054,14208,9984,402653184.0,40265318.4
Dragonfly+,3218,335096020992.0,92.91244369369369,14208,9984,402653184.0,40265318.4
Dragonfly+,3219,335096020992.0,92.91948198198197,14208,9984,402653184.0,40265318.4
Dragonfly+,3220,335096020992.0,92.92652027027027,14208,9984,402653184.0,40265318.4
Dragonfly+,3221,335096020992.0,92.93355855855856,14208,9984,402653184.0,40265318.4
Dragonfly+,3222,335096020992.0,92.94059684684684,14208,9984,402653184.0,40265318.4
Dragonfly+,3223,335096020992.0,92.94763513513513,14208,9984,402653184.0,40265318.4
Dragonfly+,3224,335096020992.0,92.95467342342343,14208,9984,402653184.0,40265318.4
Dragonfly+,3225,335096020992.0,92.96171171171171,14208,9984,402653184.0,40265318.4
Dragonfly+,3226,335096020992.0,92.96875,14208,9984,402653184.0,40265318.4
Dragonfly+,3227,335096020992.0,92.97578828828829,14208,9984,402653184.0,40265318.4
Dragonfly+,3228,335096020992.0,92.98282657657657,14208,9984,402653184.0,40265318.4
Dragonfly+,3229,335096020992.0,92.98986486486487,14208,9984,402653184.0,40265318.4
Dragonfly+,3230,335096020992.0,92.99690315315316,14208,9984,402653184.0,40265318.4
Dragonfly+,3231,335096020992.0,93.00394144144144,14208,9984,402653184.0,40265318.4
Dragonfly+,3232,335096020992.0,93.01097972972973,14208,9984,402653184.0,40265318.4
Dragonfly+,3233,335096020992.0,93.01801801801803,14208,9984,402653184.0,40265318.4
Dragonfly+,3234,335096020992.0,93.02505630630631,14208,9984,402653184.0,40265318.4
Dragonfly+,3235,335096020992.0,93.0320945945946,14208,9984,402653184.0,40265318.4
Dragonfly+,3236,335096020992.0,93.03913288288288,14208,9984,402653184.0,40265318.4
Dragonfly+,3237,335096020992.0,93.04617117117117,14208,9984,402653184.0,40265318.4
Dragonfly+,3238,335096020992.0,93.05320945945947,14208,9984,402653184.0,40265318.4
Dragonfly+,3239,335096020992.0,93.06024774774775,14208,9984,402653184.0,40265318.4
Dragonfly+,3240,335096020992.0,93.06728603603604,14208,9984,402653184.0,40265318.4
Dragonfly+,3241,335096020992.0,93.07432432432432,14208,9984,402653184.0,40265318.4
Dragonfly+,3242,335096020992.0,93.08136261261262,14208,9984,402653184.0,40265318.4
Dragonfly+,3243,335096020992.0,93.08840090090091,14208,9984,402653184.0,40265318.4
Dragonfly+,3244,335096020992.0,93.0954391891892,14208,9984,402653184.0,40265318.4
Dragonfly+,3245,335096020992.0,93.10247747747748,14208,9984,402653184.0,40265318.4
Dragonfly+,3246,335096020992.0,93.10951576576578,14208,9984,402653184.0,40265318.4
Dragonfly+,3247,335096020992.0,93.11655405405406,14208,9984,402653184.0,40265318.4
Dragonfly+,3248,335096020992.0,93.12359234234235,14208,9984,402653184.0,40265318.4
Dragonfly+,3249,335096020992.0,93.13063063063063,14208,9984,402653184.0,40265318.4
Dragonfly+,3250,335096020992.0,93.13766891891892,14208,9984,402653184.0,40265318.4
Dragonfly+,3251,335096020992.0,93.1447072072072,14208,9984,402653184.0,40265318.4
Dragonfly+,3252,335096020992.0,93.1517454954955,14208,9984,402653184.0,40265318.4
Dragonfly+,3253,335096020992.0,93.15878378378379,14208,9984,402653184.0,40265318.4
Dragonfly+,3254,335096020992.0,93.16582207207207,14208,9984,402653184.0,40265318.4
Dragonfly+,3255,335096020992.0,93.17286036036036,14208,9984,402653184.0,40265318.4
Dragonfly+,3256,335096020992.0,93.17989864864865,14208,9984,402653184.0,40265318.4
Dragonfly+,3257,335096020992.0,93.18693693693693,14208,9984,402653184.0,40265318.4
Dragonfly+,3258,335096020992.0,93.19397522522522,14208,9984,402653184.0,40265318.4
Dragonfly+,3259,335096020992.0,93.20101351351352,14208,9984,402653184.0,40265318.4
Dragonfly+,3260,335096020992.0,93.2080518018018,14208,9984,402653184.0,40265318.4
Dragonfly+,3261,335096020992.0,93.21509009009009,14208,9984,402653184.0,40265318.4
Dragonfly+,3262,335096020992.0,93.22212837837837,14208,9984,402653184.0,40265318.4
Dragonfly+,3263,335096020992.0,93.22916666666666,14208,9984,402653184.0,40265318.4
Dragonfly+,3264,335096020992.0,93.23620495495496,14208,9984,402653184.0,40265318.4
Dragonfly+,3265,335096020992.0,93.24324324324324,14208,9984,402653184.0,40265318.4
Dragonfly+,3266,335096020992.0,93.25028153153153,14208,9984,402653184.0,40265318.4
Dragonfly+,3267,335096020992.0,93.25731981981981,14208,9984,402653184.0,40265318.4
Dragonfly+,3268,335096020992.0,93.2643581081081,14208,9984,402653184.0,40265318.4
Dragonfly+,3269,335096020992.0,93.2713963963964,14208,9984,402653184.0,40265318.4
Dragonfly+,3270,335096020992.0,93.27843468468468,14208,9984,402653184.0,40265318.4
Dragonfly+,3271,335096020992.0,93.28547297297297,14208,9984,402653184.0,40265318.4
Dragonfly+,3272,335096020992.0,93.29251126126125,14208,9984,402653184.0,40265318.4
Dragonfly+,3273,335096020992.0,93.29954954954955,14208,9984,402653184.0,40265318.4
Dragonfly+,3274,335096020992.0,93.30658783783784,14208,9984,402653184.0,40265318.4
Dragonfly+,3275,335096020992.0,93.31362612612612,14208,9984,402653184.0,40265318.4
Dragonfly+,3276,335096020992.0,93.32066441441441,14208,9984,402653184.0,40265318.4
Dragonfly+,3277,335096020992.0,93.3277027027027,14208,9984,402653184.0,40265318.4
Dragonfly+,3278,335096020992.0,93.334740990991,14208,9984,402653184.0,40265318.4
Dragonfly+,3279,335096020992.0,93.34177927927928,14208,9984,402653184.0,40265318.4
Dragonfly+,3280,335096020992.0,93.34881756756756,14208,9984,402653184.0,40265318.4
Dragonfly+,3281,335096020992.0,93.35585585585585,14208,9984,402653184.0,40265318.4
Dragonfly+,3282,335096020992.0,93.36289414414415,14208,9984,402653184.0,40265318.4
Dragonfly+,3283,335096020992.0,93.36993243243244,14208,9984,402653184.0,40265318.4
Dragonfly+,3284,335096020992.0,93.37697072072072,14208,9984,402653184.0,40265318.4
Dragonfly+,3285,335096020992.0,93.384009009009,14208,9984,402653184.0,40265318.4
Dragonfly+,3286,335096020992.0,93.3910472972973,14208,9984,402653184.0,40265318.4
Dragonfly+,3287,335096020992.0,93.39808558558559,14208,9984,402653184.0,40265318.4
Dragonfly+,3288,335096020992.0,93.40512387387388,14208,9984,402653184.0,40265318.4
Dragonfly+,3289,335096020992.0,93.41216216216216,14208,9984,402653184.0,40265318.4
Dragonfly+,3290,335096020992.0,93.41920045045045,14208,9984,402653184.0,40265318.4
Dragonfly+,3291,335096020992.0,93.42623873873875,14208,9984,402653184.0,40265318.4
Dragonfly+,3292,335096020992.0,93.43327702702703,14208,9984,402653184.0,40265318.4
Dragonfly+,3293,335096020992.0,93.44031531531532,14208,9984,402653184.0,40265318.4
Dragonfly+,3294,335096020992.0,93.4473536036036,14208,9984,402653184.0,40265318.4
Dragonfly+,3295,335096020992.0,93.4543918918919,14208,9984,402653184.0,40265318.4
Dragonfly+,3296,335096020992.0,93.46143018018019,14208,9984,402653184.0,40265318.4
Dragonfly+,3297,335096020992.0,93.46846846846847,14208,9984,402653184.0,40265318.4
Dragonfly+,3298,335096020992.0,93.47550675675676,14208,9984,402653184.0,40265318.4
Dragonfly+,3299,335096020992.0,93.48254504504504,14208,9984,402653184.0,40265318.4
Dragonfly+,3300,335096020992.0,93.48958333333334,14208,9984,402653184.0,40265318.4
Dragonfly+,3301,335096020992.0,93.49662162162163,14208,9984,402653184.0,40265318.4
Dragonfly+,3302,335096020992.0,93.50365990990991,14208,9984,402653184.0,40265318.4
Dragonfly+,3303,335096020992.0,93.5106981981982,14208,9984,402653184.0,40265318.4
Dragonfly+,3304,335096020992.0,93.51773648648648,14208,9984,402653184.0,40265318.4
Dragonfly+,3305,335096020992.0,93.52477477477478,14208,9984,402653184.0,40265318.4
Dragonfly+,3306,335096020992.0,93.53181306306307,14208,9984,402653184.0,40265318.4
Dragonfly+,3307,335096020992.0,93.53885135135135,14208,9984,402653184.0,40265318.4
Dragonfly+,3308,335096020992.0,93.54588963963964,14208,9984,402653184.0,40265318.4
Dragonfly+,3309,335096020992.0,93.55292792792793,14208,9984,402653184.0,40265318.4
Dragonfly+,3310,335096020992.0,93.55996621621621,14208,9984,402653184.0,40265318.4
Dragonfly+,3311,335096020992.0,93.5670045045045,14208,9984,402653184.0,40265318.4
Dragonfly+,3312,335096020992.0,93.5740427927928,14208,9984,402653184.0,40265318.4
Dragonfly+,3313,335096020992.0,93.58108108108108,14208,9984,402653184.0,40265318.4
Dragonfly+,3314,335096020992.0,93.58811936936937,14208,9984,402653184.0,40265318.4
Dragonfly+,3315,335096020992.0,93.59515765765765,14208,9984,402653184.0,40265318.4
Dragonfly+,3316,335096020992.0,93.60219594594594,14208,9984,402653184.0,40265318.4
Dragonfly+,3317,335096020992.0,93.60923423423422,14208,9984,402653184.0,40265318.4
Dragonfly+,3318,335096020992.0,93.61627252252252,14208,9984,402653184.0,40265318.4
Dragonfly+,3319,335096020992.0,93.6233108108108,14208,9984,402653184.0,40265318.4
Dragonfly+,3320,335096020992.0,93.63034909909909,14208,9984,402653184.0,40265318.4
Dragonfly+,3321,335096020992.0,93.63738738738738,14208,9984,402653184.0,40265318.4
Dragonfly+,3322,335096020992.0,93.64442567567568,14208,9984,402653184.0,40265318.4
Dragonfly+,3323,335096020992.0,93.65146396396396,14208,9984,402653184.0,40265318.4
Dragonfly+,3324,335096020992.0,93.65850225225225,14208,9984,402653184.0,40265318.4
Dragonfly+,3325,335096020992.0,93.66554054054053,14208,9984,402653184.0,40265318.4
Dragonfly+,3326,335096020992.0,93.67257882882883,14208,9984,402653184.0,40265318.4
Dragonfly+,3327,335096020992.0,93.67961711711712,14208,9984,402653184.0,40265318.4
Dragonfly+,3328,335096020992.0,93.6866554054054,14208,9984,402653184.0,40265318.4
Dragonfly+,3329,335096020992.0,93.69369369369369,14208,9984,402653184.0,40265318.4
Dragonfly+,3330,335096020992.0,93.70073198198197,14208,9984,402653184.0,40265318.4
Dragonfly+,3331,335096020992.0,93.70777027027027,14208,9984,402653184.0,40265318.4
Dragonfly+,3332,335096020992.0,93.71480855855856,14208,9984,402653184.0,40265318.4
Dragonfly+,3333,335096020992.0,93.72184684684684,14208,9984,402653184.0,40265318.4
Dragonfly+,3334,335096020992.0,93.72888513513513,14208,9984,402653184.0,40265318.4
Dragonfly+,3335,335096020992.0,93.73592342342343,14208,9984,402653184.0,40265318.4
Dragonfly+,3336,335096020992.0,93.74296171171171,14208,9984,402653184.0,40265318.4
Dragonfly+,3337,335096020992.0,93.75,14208,9984,402653184.0,40265318.4
Dragonfly+,3338,335096020992.0,93.75703828828829,14208,9984,402653184.0,40265318.4
Dragonfly+,3339,335096020992.0,93.76407657657657,14208,9984,402653184.0,40265318.4
Dragonfly+,3340,335096020992.0,93.77111486486487,14208,9984,402653184.0,40265318.4
Dragonfly+,3341,335096020992.0,93.77815315315316,14208,9984,402653184.0,40265318.4
Dragonfly+,3342,335096020992.0,93.78519144144144,14208,9984,402653184.0,40265318.4
Dragonfly+,3343,335096020992.0,93.79222972972973,14208,9984,402653184.0,40265318.4
Dragonfly+,3344,335096020992.0,93.79926801801803,14208,9984,402653184.0,40265318.4
Dragonfly+,3345,335096020992.0,93.80630630630631,14208,9984,402653184.0,40265318.4
Dragonfly+,3346,335096020992.0,93.8133445945946,14208,9984,402653184.0,40265318.4
Dragonfly+,3347,335096020992.0,93.82038288288288,14208,9984,402653184.0,40265318.4
Dragonfly+,3348,335096020992.0,93.82742117117117,14208,9984,402653184.0,40265318.4
Dragonfly+,3349,335096020992.0,93.83445945945947,14208,9984,402653184.0,40265318.4
Dragonfly+,3350,335096020992.0,93.84149774774775,14208,9984,402653184.0,40265318.4
Dragonfly+,3351,335096020992.0,93.84853603603604,14208,9984,402653184.0,40265318.4
Dragonfly+,3352,335096020992.0,93.85557432432432,14208,9984,402653184.0,40265318.4
Dragonfly+,3353,335096020992.0,93.86261261261262,14208,9984,402653184.0,40265318.4
Dragonfly+,3354,335096020992.0,93.86965090090091,14208,9984,402653184.0,40265318.4
Dragonfly+,3355,335096020992.0,93.8766891891892,14208,9984,402653184.0,40265318.4
Dragonfly+,3356,335096020992.0,93.88372747747748,14208,9984,402653184.0,40265318.4
Dragonfly+,3357,335096020992.0,93.89076576576578,14208,9984,402653184.0,40265318.4
Dragonfly+,3358,335096020992.0,93.89780405405406,14208,9984,402653184.0,40265318.4
Dragonfly+,3359,335096020992.0,93.90484234234235,14208,9984,402653184.0,40265318.4
Dragonfly+,3360,335096020992.0,93.91188063063063,14208,9984,402653184.0,40265318.4
Dragonfly+,3361,335096020992.0,93.91891891891892,14208,9984,402653184.0,40265318.4
Dragonfly+,3362,335096020992.0,93.9259572072072,14208,9984,402653184.0,40265318.4
Dragonfly+,3363,335096020992.0,93.9329954954955,14208,9984,402653184.0,40265318.4
Dragonfly+,3364,335096020992.0,93.94003378378379,14208,9984,402653184.0,40265318.4
Dragonfly+,3365,335096020992.0,93.94707207207207,14208,9984,402653184.0,40265318.4
Dragonfly+,3366,335096020992.0,93.95411036036036,14208,9984,402653184.0,40265318.4
Dragonfly+,3367,335096020992.0,93.96114864864865,14208,9984,402653184.0,40265318.4
Dragonfly+,3368,335096020992.0,93.96818693693693,14208,9984,402653184.0,40265318.4
Dragonfly+,3369,335096020992.0,93.97522522522522,14208,9984,402653184.0,40265318.4
Dragonfly+,3370,335096020992.0,93.98226351351352,14208,9984,402653184.0,40265318.4
Dragonfly+,3371,335096020992.0,93.9893018018018,14208,9984,402653184.0,40265318.4
Dragonfly+,3372,335096020992.0,93.99634009009009,14208,9984,402653184.0,40265318.4
Dragonfly+,3373,335096020992.0,94.00337837837837,14208,9984,402653184.0,40265318.4
Dragonfly+,3374,335096020992.0,94.01041666666666,14208,9984,402653184.0,40265318.4
Dragonfly+,3375,335096020992.0,94.01745495495496,14208,9984,402653184.0,40265318.4
Dragonfly+,3376,335096020992.0,94.02449324324324,14208,9984,402653184.0,40265318.4
Dragonfly+,3377,335096020992.0,94.03153153153153,14208,9984,402653184.0,40265318.4
Dragonfly+,3378,335096020992.0,94.03856981981981,14208,9984,402653184.0,40265318.4
Dragonfly+,3379,335096020992.0,94.0456081081081,14208,9984,402653184.0,40265318.4
Dragonfly+,3380,335096020992.0,94.0526463963964,14208,9984,402653184.0,40265318.4
Dragonfly+,3381,335096020992.0,94.05968468468468,14208,9984,402653184.0,40265318.4
Dragonfly+,3382,335096020992.0,94.06672297297297,14208,9984,402653184.0,40265318.4
Dragonfly+,3383,335096020992.0,94.07376126126125,14208,9984,402653184.0,40265318.4
Dragonfly+,3384,335096020992.0,94.08079954954955,14208,9984,402653184.0,40265318.4
Dragonfly+,3385,335096020992.0,94.08783783783784,14208,9984,402653184.0,40265318.4
Dragonfly+,3386,335096020992.0,94.09487612612612,14208,9984,402653184.0,40265318.4
Dragonfly+,3387,335096020992.0,94.10191441441441,14208,9984,402653184.0,40265318.4
Dragonfly+,3388,335096020992.0,94.1089527027027,14208,9984,402653184.0,40265318.4
Dragonfly+,3389,335096020992.0,94.115990990991,14208,9984,402653184.0,40265318.4
Dragonfly+,3390,335096020992.0,94.12302927927928,14208,9984,402653184.0,40265318.4
Dragonfly+,3391,335096020992.0,94.13006756756756,14208,9984,402653184.0,40265318.4
Dragonfly+,3392,335096020992.0,94.13710585585585,14208,9984,402653184.0,40265318.4
Dragonfly+,3393,335096020992.0,94.14414414414415,14208,9984,402653184.0,40265318.4
Dragonfly+,3394,335096020992.0,94.15118243243244,14208,9984,402653184.0,40265318.4
Dragonfly+,3395,335096020992.0,94.15822072072072,14208,9984,402653184.0,40265318.4
Dragonfly+,3396,335096020992.0,94.165259009009,14208,9984,402653184.0,40265318.4
Dragonfly+,3397,335096020992.0,94.1722972972973,14208,9984,402653184.0,40265318.4
Dragonfly+,3398,335096020992.0,94.17933558558559,14208,9984,402653184.0,40265318.4
Dragonfly+,3399,335096020992.0,94.18637387387388,14208,9984,402653184.0,40265318.4
Dragonfly+,3400,335096020992.0,94.19341216216216,14208,9984,402653184.0,40265318.4
Dragonfly+,3401,335096020992.0,94.20045045045045,14208,9984,402653184.0,40265318.4
Dragonfly+,3402,335096020992.0,94.20748873873875,14208,9984,402653184.0,40265318.4
Dragonfly+,3403,335096020992.0,94.21452702702703,14208,9984,402653184.0,40265318.4
Dragonfly+,3404,335096020992.0,94.22156531531532,14208,9984,402653184.0,40265318.4
Dragonfly+,3405,335096020992.0,94.2286036036036,14208,9984,402653184.0,40265318.4
Dragonfly+,3406,335096020992.0,94.2356418918919,14208,9984,402653184.0,40265318.4
Dragonfly+,3407,335096020992.0,94.24268018018019,14208,9984,402653184.0,40265318.4
Dragonfly+,3408,335096020992.0,94.24971846846847,14208,9984,402653184.0,40265318.4
Dragonfly+,3409,335096020992.0,94.25675675675676,14208,9984,402653184.0,40265318.4
Dragonfly+,3410,335096020992.0,94.26379504504504,14208,9984,402653184.0,40265318.4
Dragonfly+,3411,335096020992.0,94.27083333333334,14208,9984,402653184.0,40265318.4
Dragonfly+,3412,335096020992.0,94.27787162162163,14208,9984,402653184.0,40265318.4
Dragonfly+,3413,335096020992.0,94.28490990990991,14208,9984,402653184.0,40265318.4
Dragonfly+,3414,335096020992.0,94.2919481981982,14208,9984,402653184.0,40265318.4
Dragonfly+,3415,335096020992.0,94.29898648648648,14208,9984,402653184.0,40265318.4
Dragonfly+,3416,335096020992.0,94.30602477477478,14208,9984,402653184.0,40265318.4
Dragonfly+,3417,335096020992.0,94.31306306306307,14208,9984,402653184.0,40265318.4
Dragonfly+,3418,335096020992.0,94.32010135135135,14208,9984,402653184.0,40265318.4
Dragonfly+,3419,335096020992.0,94.32713963963964,14208,9984,402653184.0,40265318.4
Dragonfly+,3420,335096020992.0,94.33417792792793,14208,9984,402653184.0,40265318.4
Dragonfly+,3421,335096020992.0,94.34121621621621,14208,9984,402653184.0,40265318.4
Dragonfly+,3422,335096020992.0,94.3482545045045,14208,9984,402653184.0,40265318.4
Dragonfly+,3423,335096020992.0,94.3552927927928,14208,9984,402653184.0,40265318.4
Dragonfly+,3424,335096020992.0,94.36233108108108,14208,9984,402653184.0,40265318.4
Dragonfly+,3425,335096020992.0,94.36936936936937,14208,9984,402653184.0,40265318.4
Dragonfly+,3426,335096020992.0,94.37640765765765,14208,9984,402653184.0,40265318.4
Dragonfly+,3427,335096020992.0,94.38344594594594,14208,9984,402653184.0,40265318.4
Dragonfly+,3428,335096020992.0,94.39048423423422,14208,9984,402653184.0,40265318.4
Dragonfly+,3429,335096020992.0,94.39752252252252,14208,9984,402653184.0,40265318.4
Dragonfly+,3430,335096020992.0,94.4045608108108,14208,9984,402653184.0,40265318.4
Dragonfly+,3431,335096020992.0,94.41159909909909,14208,9984,402653184.0,40265318.4
Dragonfly+,3432,335096020992.0,94.41863738738738,14208,9984,402653184.0,40265318.4
Dragonfly+,3433,335096020992.0,94.42567567567568,14208,9984,402653184.0,40265318.4
Dragonfly+,3434,335096020992.0,94.43271396396396,14208,9984,402653184.0,40265318.4
Dragonfly+,3435,335096020992.0,94.43975225225225,14208,9984,402653184.0,40265318.4
Dragonfly+,3436,335096020992.0,94.44679054054053,14208,9984,402653184.0,40265318.4
Dragonfly+,3437,335096020992.0,94.45382882882883,14208,9984,402653184.0,40265318.4
Dragonfly+,3438,335096020992.0,94.46086711711712,14208,9984,402653184.0,40265318.4
Dragonfly+,3439,335096020992.0,94.4679054054054,14208,9984,402653184.0,40265318.4
Dragonfly+,3440,335096020992.0,94.47494369369369,14208,9984,402653184.0,40265318.4
Dragonfly+,3441,335096020992.0,94.48198198198197,14208,9984,402653184.0,40265318.4
Dragonfly+,3442,335096020992.0,94.48902027027027,14208,9984,402653184.0,40265318.4
Dragonfly+,3443,335096020992.0,94.49605855855856,14208,9984,402653184.0,40265318.4
Dragonfly+,3444,335096020992.0,94.50309684684684,14208,9984,402653184.0,40265318.4
Dragonfly+,3445,335096020992.0,94.51013513513513,14208,9984,402653184.0,40265318.4
Dragonfly+,3446,335096020992.0,94.51717342342343,14208,9984,402653184.0,40265318.4
Dragonfly+,3447,335096020992.0,94.52421171171171,14208,9984,402653184.0,40265318.4
Dragonfly+,3448,335096020992.0,94.53125,14208,9984,402653184.0,40265318.4
Dragonfly+,3449,335096020992.0,94.53828828828829,14208,9984,402653184.0,40265318.4
Dragonfly+,3450,335096020992.0,94.54532657657657,14208,9984,402653184.0,40265318.4
Dragonfly+,3451,335096020992.0,94.55236486486487,14208,9984,402653184.0,40265318.4
Dragonfly+,3452,335096020992.0,94.55940315315316,14208,9984,402653184.0,40265318.4
Dragonfly+,3453,335096020992.0,94.56644144144144,14208,9984,402653184.0,40265318.4
Dragonfly+,3454,335096020992.0,94.57347972972973,14208,9984,402653184.0,40265318.4
Dragonfly+,3455,335096020992.0,94.58051801801803,14208,9984,402653184.0,40265318.4
Dragonfly+,3456,335096020992.0,94.58755630630631,14208,9984,402653184.0,40265318.4
Dragonfly+,3457,335096020992.0,94.5945945945946,14208,9984,402653184.0,40265318.4
Dragonfly+,3458,335096020992.0,94.60163288288288,14208,9984,402653184.0,40265318.4
Dragonfly+,3459,335096020992.0,94.60867117117117,14208,9984,402653184.0,40265318.4
Dragonfly+,3460,335096020992.0,94.61570945945947,14208,9984,402653184.0,40265318.4
Dragonfly+,3461,335096020992.0,94.62274774774775,14208,9984,402653184.0,40265318.4
Dragonfly+,3462,335096020992.0,94.62978603603604,14208,9984,402653184.0,40265318.4
Dragonfly+,3463,335096020992.0,94.63682432432432,14208,9984,402653184.0,40265318.4
Dragonfly+,3464,335096020992.0,94.64386261261262,14208,9984,402653184.0,40265318.4
Dragonfly+,3465,335096020992.0,94.65090090090091,14208,9984,402653184.0,40265318.4
Dragonfly+,3466,335096020992.0,94.6579391891892,14208,9984,402653184.0,40265318.4
Dragonfly+,3467,335096020992.0,94.66497747747748,14208,9984,402653184.0,40265318.4
Dragonfly+,3468,335096020992.0,94.67201576576578,14208,9984,402653184.0,40265318.4
Dragonfly+,3469,335096020992.0,94.67905405405406,14208,9984,402653184.0,40265318.4
Dragonfly+,3470,335096020992.0,94.68609234234235,14208,9984,402653184.0,40265318.4
Dragonfly+,3471,335096020992.0,94.69313063063063,14208,9984,402653184.0,40265318.4
Dragonfly+,3472,335096020992.0,94.70016891891892,14208,9984,402653184.0,40265318.4
Dragonfly+,3473,335096020992.0,94.7072072072072,14208,9984,402653184.0,40265318.4
Dragonfly+,3474,335096020992.0,94.7142454954955,14208,9984,402653184.0,40265318.4
Dragonfly+,3475,335096020992.0,94.72128378378379,14208,9984,402653184.0,40265318.4
Dragonfly+,3476,335096020992.0,94.72832207207207,14208,9984,402653184.0,40265318.4
Dragonfly+,3477,335096020992.0,94.73536036036036,14208,9984,402653184.0,40265318.4
Dragonfly+,3478,335096020992.0,94.74239864864865,14208,9984,402653184.0,40265318.4
Dragonfly+,3479,335096020992.0,94.74943693693693,14208,9984,402653184.0,40265318.4
Dragonfly+,3480,335096020992.0,94.75647522522522,14208,9984,402653184.0,40265318.4
Dragonfly+,3481,335096020992.0,94.76351351351352,14208,9984,402653184.0,40265318.4
Dragonfly+,3482,335096020992.0,94.7705518018018,14208,9984,402653184.0,40265318.4
Dragonfly+,3483,335096020992.0,94.77759009009009,14208,9984,402653184.0,40265318.4
Dragonfly+,3484,335096020992.0,94.78462837837837,14208,9984,402653184.0,40265318.4
Dragonfly+,3485,335096020992.0,94.79166666666666,14208,9984,402653184.0,40265318.4
Dragonfly+,3486,335096020992.0,94.79870495495496,14208,9984,402653184.0,40265318.4
Dragonfly+,3487,335096020992.0,94.80574324324324,14208,9984,402653184.0,40265318.4
Dragonfly+,3488,335096020992.0,94.81278153153153,14208,9984,402653184.0,40265318.4
Dragonfly+,3489,335096020992.0,94.81981981981981,14208,9984,402653184.0,40265318.4
Dragonfly+,3490,335096020992.0,94.8268581081081,14208,9984,402653184.0,40265318.4
Dragonfly+,3491,335096020992.0,94.8338963963964,14208,9984,402653184.0,40265318.4
Dragonfly+,3492,335096020992.0,94.84093468468468,14208,9984,402653184.0,40265318.4
Dragonfly+,3493,335096020992.0,94.84797297297297,14208,9984,402653184.0,40265318.4
Dragonfly+,3494,335096020992.0,94.85501126126125,14208,9984,402653184.0,40265318.4
Dragonfly+,3495,335096020992.0,94.86204954954955,14208,9984,402653184.0,40265318.4
Dragonfly+,3496,335096020992.0,94.86908783783784,14208,9984,402653184.0,40265318.4
Dragonfly+,3497,335096020992.0,94.87612612612612,14208,9984,402653184.0,40265318.4
Dragonfly+,3498,335096020992.0,94.88316441441441,14208,9984,402653184.0,40265318.4
Dragonfly+,3499,335096020992.0,94.8902027027027,14208,9984,402653184.0,40265318.4
Dragonfly+,3500,335096020992.0,94.897240990991,14208,9984,402653184.0,40265318.4
Dragonfly+,3501,335096020992.0,94.90427927927928,14208,9984,402653184.0,40265318.4
Dragonfly+,3502,335096020992.0,94.91131756756756,14208,9984,402653184.0,40265318.4
Dragonfly+,3503,335096020992.0,94.91835585585585,14208,9984,402653184.0,40265318.4
Dragonfly+,3504,335096020992.0,94.92539414414415,14208,9984,402653184.0,40265318.4
Dragonfly+,3505,335096020992.0,94.93243243243244,14208,9984,402653184.0,40265318.4
Dragonfly+,3506,335096020992.0,94.93947072072072,14208,9984,402653184.0,40265318.4
Dragonfly+,3507,335096020992.0,94.946509009009,14208,9984,402653184.0,40265318.4
Dragonfly+,3508,335096020992.0,94.9535472972973,14208,9984,402653184.0,40265318.4
Dragonfly+,3509,335096020992.0,94.96058558558559,14208,9984,402653184.0,40265318.4
Dragonfly+,3510,335096020992.0,94.96762387387388,14208,9984,402653184.0,40265318.4
Dragonfly+,3511,335096020992.0,94.97466216216216,14208,9984,402653184.0,40265318.4
Dragonfly+,3512,335096020992.0,94.98170045045045,14208,9984,402653184.0,40265318.4
Dragonfly+,3513,335096020992.0,94.98873873873875,14208,9984,402653184.0,40265318.4
Dragonfly+,3514,335096020992.0,94.99577702702703,14208,9984,402653184.0,40265318.4
Dragonfly+,3515,335096020992.0,95.00281531531532,14208,9984,402653184.0,40265318.4
Dragonfly+,3516,335096020992.0,95.0098536036036,14208,9984,402653184.0,40265318.4
Dragonfly+,3517,335096020992.0,95.0168918918919,14208,9984,402653184.0,40265318.4
Dragonfly+,3518,335096020992.0,95.02393018018019,14208,9984,402653184.0,40265318.4
Dragonfly+,3519,335096020992.0,95.03096846846847,14208,9984,402653184.0,40265318.4
Dragonfly+,3520,335096020992.0,95.03800675675676,14208,9984,402653184.0,40265318.4
Dragonfly+,3521,335096020992.0,95.04504504504504,14208,9984,402653184.0,40265318.4
Dragonfly+,3522,335096020992.0,95.05208333333334,14208,9984,402653184.0,40265318.4
Dragonfly+,3523,335096020992.0,95.05912162162163,14208,9984,402653184.0,40265318.4
Dragonfly+,3524,335096020992.0,95.06615990990991,14208,9984,402653184.0,40265318.4
Dragonfly+,3525,335096020992.0,95.0731981981982,14208,9984,402653184.0,40265318.4
Dragonfly+,3526,335096020992.0,95.08023648648648,14208,9984,402653184.0,40265318.4
Dragonfly+,3527,335096020992.0,95.08727477477478,14208,9984,402653184.0,40265318.4
Dragonfly+,3528,335096020992.0,95.09431306306307,14208,9984,402653184.0,40265318.4
Dragonfly+,3529,335096020992.0,95.10135135135135,14208,9984,402653184.0,40265318.4
Dragonfly+,3530,335096020992.0,95.10838963963964,14208,9984,402653184.0,40265318.4
Dragonfly+,3531,335096020992.0,95.11542792792793,14208,9984,402653184.0,40265318.4
Dragonfly+,3532,335096020992.0,95.12246621621621,14208,9984,402653184.0,40265318.4
Dragonfly+,3533,335096020992.0,95.1295045045045,14208,9984,402653184.0,40265318.4
Dragonfly+,3534,335096020992.0,95.1365427927928,14208,9984,402653184.0,40265318.4
Dragonfly+,3535,335096020992.0,95.14358108108108,14208,9984,402653184.0,40265318.4
Dragonfly+,3536,335096020992.0,95.15061936936937,14208,9984,402653184.0,40265318.4
Dragonfly+,3537,335096020992.0,95.15765765765765,14208,9984,402653184.0,40265318.4
Dragonfly+,3538,335096020992.0,95.16469594594594,14208,9984,402653184.0,40265318.4
Dragonfly+,3539,335096020992.0,95.17173423423422,14208,9984,402653184.0,40265318.4
Dragonfly+,3540,335096020992.0,95.17877252252252,14208,9984,402653184.0,40265318.4
Dragonfly+,3541,335096020992.0,95.1858108108108,14208,9984,402653184.0,40265318.4
Dragonfly+,3542,335096020992.0,95.19284909909909,14208,9984,402653184.0,40265318.4
Dragonfly+,3543,335096020992.0,95.19988738738738,14208,9984,402653184.0,40265318.4
Dragonfly+,3544,335096020992.0,95.20692567567568,14208,9984,402653184.0,40265318.4
Dragonfly+,3545,335096020992.0,95.21396396396396,14208,9984,402653184.0,40265318.4
Dragonfly+,3546,335096020992.0,95.22100225225225,14208,9984,402653184.0,40265318.4
Dragonfly+,3547,335096020992.0,95.22804054054053,14208,9984,402653184.0,40265318.4
Dragonfly+,3548,335096020992.0,95.23507882882883,14208,9984,402653184.0,40265318.4
Dragonfly+,3549,335096020992.0,95.24211711711712,14208,9984,402653184.0,40265318.4
Dragonfly+,3550,335096020992.0,95.2491554054054,14208,9984,402653184.0,40265318.4
Dragonfly+,3551,335096020992.0,95.25619369369369,14208,9984,402653184.0,40265318.4
Dragonfly+,3552,335096020992.0,95.26323198198197,14208,9984,402653184.0,40265318.4
Dragonfly+,3553,335096020992.0,95.27027027027027,14208,9984,402653184.0,40265318.4
Dragonfly+,3554,335096020992.0,95.27730855855856,14208,9984,402653184.0,40265318.4
Dragonfly+,3555,335096020992.0,95.28434684684684,14208,9984,402653184.0,40265318.4
Dragonfly+,3556,335096020992.0,95.29138513513513,14208,9984,402653184.0,40265318.4
Dragonfly+,3557,335096020992.0,95.29842342342343,14208,9984,402653184.0,40265318.4
Dragonfly+,3558,335096020992.0,95.30546171171171,14208,9984,402653184.0,40265318.4
Dragonfly+,3559,335096020992.0,95.3125,14208,9984,402653184.0,40265318.4
Dragonfly+,3560,335096020992.0,95.31953828828829,14208,9984,402653184.0,40265318.4
Dragonfly+,3561,335096020992.0,95.32657657657657,14208,9984,402653184.0,40265318.4
Dragonfly+,3562,335096020992.0,95.33361486486487,14208,9984,402653184.0,40265318.4
Dragonfly+,3563,335096020992.0,95.34065315315316,14208,9984,402653184.0,40265318.4
Dragonfly+,3564,335096020992.0,95.34769144144144,14208,9984,402653184.0,40265318.4
Dragonfly+,3565,335096020992.0,95.35472972972973,14208,9984,402653184.0,40265318.4
Dragonfly+,3566,335096020992.0,95.36176801801803,14208,9984,402653184.0,40265318.4
Dragonfly+,3567,335096020992.0,95.36880630630631,14208,9984,402653184.0,40265318.4
Dragonfly+,3568,335096020992.0,95.3758445945946,14208,9984,402653184.0,40265318.4
Dragonfly+,3569,335096020992.0,95.38288288288288,14208,9984,402653184.0,40265318.4
Dragonfly+,3570,335096020992.0,95.38992117117117,14208,9984,402653184.0,40265318.4
Dragonfly+,3571,335096020992.0,95.39695945945947,14208,9984,402653184.0,40265318.4
Dragonfly+,3572,335096020992.0,95.40399774774775,14208,9984,402653184.0,40265318.4
Dragonfly+,3573,335096020992.0,95.41103603603604,14208,9984,402653184.0,40265318.4
Dragonfly+,3574,335096020992.0,95.41807432432432,14208,9984,402653184.0,40265318.4
Dragonfly+,3575,335096020992.0,95.42511261261262,14208,9984,402653184.0,40265318.4
Dragonfly+,3576,335096020992.0,95.43215090090091,14208,9984,402653184.0,40265318.4
Dragonfly+,3577,335096020992.0,95.4391891891892,14208,9984,402653184.0,40265318.4
Dragonfly+,3578,335096020992.0,95.44622747747748,14208,9984,402653184.0,40265318.4
Dragonfly+,3579,335096020992.0,95.45326576576578,14208,9984,402653184.0,40265318.4
Dragonfly+,3580,335096020992.0,95.46030405405406,14208,9984,402653184.0,40265318.4
Dragonfly+,3581,335096020992.0,95.46734234234235,14208,9984,402653184.0,40265318.4
Dragonfly+,3582,335096020992.0,95.47438063063063,14208,9984,402653184.0,40265318.4
Dragonfly+,3583,335096020992.0,95.48141891891892,14208,9984,402653184.0,40265318.4
Dragonfly+,3584,335096020992.0,95.4884572072072,14208,9984,402653184.0,40265318.4
Dragonfly+,3585,335096020992.0,95.4954954954955,14208,9984,402653184.0,40265318.4
Dragonfly+,3586,335096020992.0,95.50253378378379,14208,9984,402653184.0,40265318.4
Dragonfly+,3587,335096020992.0,95.50957207207207,14208,9984,402653184.0,40265318.4
Dragonfly+,3588,335096020992.0,95.51661036036036,14208,9984,402653184.0,40265318.4
Dragonfly+,3589,335096020992.0,95.52364864864865,14208,9984,402653184.0,40265318.4
Dragonfly+,3590,335096020992.0,95.53068693693693,14208,9984,402653184.0,40265318.4
Dragonfly+,3591,335096020992.0,95.53772522522522,14208,9984,402653184.0,40265318.4
Dragonfly+,3592,335096020992.0,95.54476351351352,14208,9984,402653184.0,40265318.4
Dragonfly+,3593,335096020992.0,95.5518018018018,14208,9984,402653184.0,40265318.4
Dragonfly+,3594,335096020992.0,95.55884009009009,14208,9984,402653184.0,40265318.4
Dragonfly+,3595,335096020992.0,95.56587837837837,14208,9984,402653184.0,40265318.4
Dragonfly+,3596,335096020992.0,95.57291666666666,14208,9984,402653184.0,40265318.4
Dragonfly+,3597,335096020992.0,95.57995495495496,14208,9984,402653184.0,40265318.4
Dragonfly+,3598,335096020992.0,95.58699324324324,14208,9984,402653184.0,40265318.4
Dragonfly+,3599,335096020992.0,95.59403153153153,14208,9984,402653184.0,40265318.4
Dragonfly+,3600,335096020992.0,95.60106981981981,14208,9984,402653184.0,40265318.4
Dragonfly+,3601,335096020992.0,95.6081081081081,14208,9984,402653184.0,40265318.4
Dragonfly+,3602,335096020992.0,95.6151463963964,14208,9984,402653184.0,40265318.4
Dragonfly+,3603,335096020992.0,95.62218468468468,14208,9984,402653184.0,40265318.4
Dragonfly+,3604,335096020992.0,95.62922297297297,14208,9984,402653184.0,40265318.4
Dragonfly+,3605,335096020992.0,95.63626126126125,14208,9984,402653184.0,40265318.4
Dragonfly+,3606,335096020992.0,95.64329954954955,14208,9984,402653184.0,40265318.4
Dragonfly+,3607,335096020992.0,95.65033783783784,14208,9984,402653184.0,40265318.4
Dragonfly+,3608,335096020992.0,95.65737612612612,14208,9984,402653184.0,40265318.4
Dragonfly+,3609,335096020992.0,95.66441441441441,14208,9984,402653184.0,40265318.4
Dragonfly+,3610,335096020992.0,95.6714527027027,14208,9984,402653184.0,40265318.4
Dragonfly+,3611,335096020992.0,95.678490990991,14208,9984,402653184.0,40265318.4
Dragonfly+,3612,335096020992.0,95.68552927927928,14208,9984,402653184.0,40265318.4
Dragonfly+,3613,335096020992.0,95.69256756756756,14208,9984,402653184.0,40265318.4
Dragonfly+,3614,335096020992.0,95.69960585585585,14208,9984,402653184.0,40265318.4
Dragonfly+,3615,335096020992.0,95.70664414414415,14208,9984,402653184.0,40265318.4
Dragonfly+,3616,335096020992.0,95.71368243243244,14208,9984,402653184.0,40265318.4
Dragonfly+,3617,335096020992.0,95.72072072072072,14208,9984,402653184.0,40265318.4
Dragonfly+,3618,335096020992.0,95.727759009009,14208,9984,402653184.0,40265318.4
Dragonfly+,3619,335096020992.0,95.7347972972973,14208,9984,402653184.0,40265318.4
Dragonfly+,3620,335096020992.0,95.74183558558559,14208,9984,402653184.0,40265318.4
Dragonfly+,3621,335096020992.0,95.74887387387388,14208,9984,402653184.0,40265318.4
Dragonfly+,3622,335096020992.0,95.75591216216216,14208,9984,402653184.0,40265318.4
Dragonfly+,3623,335096020992.0,95.76295045045045,14208,9984,402653184.0,40265318.4
Dragonfly+,3624,335096020992.0,95.76998873873875,14208,9984,402653184.0,40265318.4
Dragonfly+,3625,335096020992.0,95.77702702702703,14208,9984,402653184.0,40265318.4
Dragonfly+,3626,335096020992.0,95.78406531531532,14208,9984,402653184.0,40265318.4
Dragonfly+,3627,335096020992.0,95.7911036036036,14208,9984,402653184.0,40265318.4
Dragonfly+,3628,335096020992.0,95.7981418918919,14208,9984,402653184.0,40265318.4
Dragonfly+,3629,335096020992.0,95.80518018018019,14208,9984,402653184.0,40265318.4
Dragonfly+,3630,335096020992.0,95.81221846846847,14208,9984,402653184.0,40265318.4
Dragonfly+,3631,335096020992.0,95.81925675675676,14208,9984,402653184.0,40265318.4
Dragonfly+,3632,335096020992.0,95.82629504504504,14208,9984,402653184.0,40265318.4
Dragonfly+,3633,335096020992.0,95.83333333333334,14208,9984,402653184.0,40265318.4
Dragonfly+,3634,335096020992.0,95.84037162162163,14208,9984,402653184.0,40265318.4
Dragonfly+,3635,335096020992.0,95.84740990990991,14208,9984,402653184.0,40265318.4
Dragonfly+,3636,335096020992.0,95.8544481981982,14208,9984,402653184.0,40265318.4
Dragonfly+,3637,335096020992.0,95.86148648648648,14208,9984,402653184.0,40265318.4
Dragonfly+,3638,335096020992.0,95.86852477477478,14208,9984,402653184.0,40265318.4
Dragonfly+,3639,335096020992.0,95.87556306306307,14208,9984,402653184.0,40265318.4
Dragonfly+,3640,335096020992.0,95.88260135135135,14208,9984,402653184.0,40265318.4
Dragonfly+,3641,335096020992.0,95.88963963963964,14208,9984,402653184.0,40265318.4
Dragonfly+,3642,335096020992.0,95.89667792792793,14208,9984,402653184.0,40265318.4
Dragonfly+,3643,335096020992.0,95.90371621621621,14208,9984,402653184.0,40265318.4
Dragonfly+,3644,335096020992.0,95.9107545045045,14208,9984,402653184.0,40265318.4
Dragonfly+,3645,335096020992.0,95.9177927927928,14208,9984,402653184.0,40265318.4
Dragonfly+,3646,335096020992.0,95.92483108108108,14208,9984,402653184.0,40265318.4
Dragonfly+,3647,335096020992.0,95.93186936936937,14208,9984,402653184.0,40265318.4
Dragonfly+,3648,335096020992.0,95.93890765765765,14208,9984,402653184.0,40265318.4
Dragonfly+,3649,335096020992.0,95.94594594594594,14208,9984,402653184.0,40265318.4
Dragonfly+,3650,335096020992.0,95.95298423423422,14208,9984,402653184.0,40265318.4
Dragonfly+,3651,335096020992.0,95.96002252252252,14208,9984,402653184.0,40265318.4
Dragonfly+,3652,335096020992.0,95.9670608108108,14208,9984,402653184.0,40265318.4
Dragonfly+,3653,335096020992.0,95.97409909909909,14208,9984,402653184.0,40265318.4
Dragonfly+,3654,335096020992.0,95.98113738738738,14208,9984,402653184.0,40265318.4
Dragonfly+,3655,335096020992.0,95.98817567567568,14208,9984,402653184.0,40265318.4
Dragonfly+,3656,335096020992.0,95.99521396396396,14208,9984,402653184.0,40265318.4
Dragonfly+,3657,335096020992.0,96.00225225225225,14208,9984,402653184.0,40265318.4
Dragonfly+,3658,335096020992.0,96.00929054054053,14208,9984,402653184.0,40265318.4
Dragonfly+,3659,335096020992.0,96.01632882882883,14208,9984,402653184.0,40265318.4
Dragonfly+,3660,335096020992.0,96.02336711711712,14208,9984,402653184.0,40265318.4
Dragonfly+,3661,335096020992.0,96.0304054054054,14208,9984,402653184.0,40265318.4
Dragonfly+,3662,335096020992.0,96.03744369369369,14208,9984,402653184.0,40265318.4
Dragonfly+,3663,335096020992.0,96.04448198198197,14208,9984,402653184.0,40265318.4
Dragonfly+,3664,335096020992.0,96.05152027027027,14208,9984,402653184.0,40265318.4
Dragonfly+,3665,335096020992.0,96.05855855855856,14208,9984,402653184.0,40265318.4
Dragonfly+,3666,335096020992.0,96.06559684684684,14208,9984,402653184.0,40265318.4
Dragonfly+,3667,335096020992.0,96.07263513513513,14208,9984,402653184.0,40265318.4
Dragonfly+,3668,335096020992.0,96.07967342342343,14208,9984,402653184.0,40265318.4
Dragonfly+,3669,335096020992.0,96.08671171171171,14208,9984,402653184.0,40265318.4
Dragonfly+,3670,335096020992.0,96.09375,14208,9984,402653184.0,40265318.4
Dragonfly+,3671,335096020992.0,96.10078828828829,14208,9984,402653184.0,40265318.4
Dragonfly+,3672,335096020992.0,96.10782657657657,14208,9984,402653184.0,40265318.4
Dragonfly+,3673,335096020992.0,96.11486486486487,14208,9984,402653184.0,40265318.4
Dragonfly+,3674,335096020992.0,96.12190315315316,14208,9984,402653184.0,40265318.4
Dragonfly+,3675,335096020992.0,96.12894144144144,14208,9984,402653184.0,40265318.4
Dragonfly+,3676,335096020992.0,96.13597972972973,14208,9984,402653184.0,40265318.4
Dragonfly+,3677,335096020992.0,96.14301801801803,14208,9984,402653184.0,40265318.4
Dragonfly+,3678,335096020992.0,96.15005630630631,14208,9984,402653184.0,40265318.4
Dragonfly+,3679,335096020992.0,96.1570945945946,14208,9984,402653184.0,40265318.4
Dragonfly+,3680,335096020992.0,96.16413288288288,14208,9984,402653184.0,40265318.4
Dragonfly+,3681,335096020992.0,96.17117117117117,14208,9984,402653184.0,40265318.4
Dragonfly+,3682,335096020992.0,96.17820945945947,14208,9984,402653184.0,40265318.4
Dragonfly+,3683,335096020992.0,96.18524774774775,14208,9984,402653184.0,40265318.4
Dragonfly+,3684,335096020992.0,96.19228603603604,14208,9984,402653184.0,40265318.4
Dragonfly+,3685,335096020992.0,96.19932432432432,14208,9984,402653184.0,40265318.4
Dragonfly+,3686,335096020992.0,96.20636261261262,14208,9984,402653184.0,40265318.4
Dragonfly+,3687,335096020992.0,96.21340090090091,14208,9984,402653184.0,40265318.4
Dragonfly+,3688,335096020992.0,96.2204391891892,14208,9984,402653184.0,40265318.4
Dragonfly+,3689,335096020992.0,96.22747747747748,14208,9984,402653184.0,40265318.4
Dragonfly+,3690,335096020992.0,96.23451576576578,14208,9984,402653184.0,40265318.4
Dragonfly+,3691,335096020992.0,96.24155405405406,14208,9984,402653184.0,40265318.4
Dragonfly+,3692,335096020992.0,96.24859234234235,14208,9984,402653184.0,40265318.4
Dragonfly+,3693,335096020992.0,96.25563063063063,14208,9984,402653184.0,40265318.4
Dragonfly+,3694,335096020992.0,96.26266891891892,14208,9984,402653184.0,40265318.4
Dragonfly+,3695,335096020992.0,96.2697072072072,14208,9984,402653184.0,40265318.4
Dragonfly+,3696,335096020992.0,96.2767454954955,14208,9984,402653184.0,40265318.4
Dragonfly+,3697,335096020992.0,96.28378378378379,14208,9984,402653184.0,40265318.4
Dragonfly+,3698,335096020992.0,96.29082207207207,14208,9984,402653184.0,40265318.4
Dragonfly+,3699,335096020992.0,96.29786036036036,14208,9984,402653184.0,40265318.4
Dragonfly+,3700,335096020992.0,96.30489864864865,14208,9984,402653184.0,40265318.4
Dragonfly+,3701,335096020992.0,96.31193693693693,14208,9984,402653184.0,40265318.4
Dragonfly+,3702,335096020992.0,96.31897522522522,14208,9984,402653184.0,40265318.4
Dragonfly+,3703,335096020992.0,96.32601351351352,14208,9984,402653184.0,40265318.4
Dragonfly+,3704,335096020992.0,96.3330518018018,14208,9984,402653184.0,40265318.4
Dragonfly+,3705,335096020992.0,96.34009009009009,14208,9984,402653184.0,40265318.4
Dragonfly+,3706,335096020992.0,96.34712837837837,14208,9984,402653184.0,40265318.4
Dragonfly+,3707,335096020992.0,96.35416666666666,14208,9984,402653184.0,40265318.4
Dragonfly+,3708,335096020992.0,96.36120495495496,14208,9984,402653184.0,40265318.4
Dragonfly+,3709,335096020992.0,96.36824324324324,14208,9984,402653184.0,40265318.4
Dragonfly+,3710,335096020992.0,96.37528153153153,14208,9984,402653184.0,40265318.4
Dragonfly+,3711,335096020992.0,96.38231981981981,14208,9984,402653184.0,40265318.4
Dragonfly+,3712,335096020992.0,96.3893581081081,14208,9984,402653184.0,40265318.4
Dragonfly+,3713,335096020992.0,96.3963963963964,14208,9984,402653184.0,40265318.4
Dragonfly+,3714,335096020992.0,96.40343468468468,14208,9984,402653184.0,40265318.4
Dragonfly+,3715,335096020992.0,96.41047297297297,14208,9984,402653184.0,40265318.4
Dragonfly+,3716,335096020992.0,96.41751126126125,14208,9984,402653184.0,40265318.4
Dragonfly+,3717,335096020992.0,96.42454954954955,14208,9984,402653184.0,40265318.4
Dragonfly+,3718,335096020992.0,96.43158783783784,14208,9984,402653184.0,40265318.4
Dragonfly+,3719,335096020992.0,96.43862612612612,14208,9984,402653184.0,40265318.4
Dragonfly+,3720,335096020992.0,96.44566441441441,14208,9984,402653184.0,40265318.4
Dragonfly+,3721,335096020992.0,96.4527027027027,14208,9984,402653184.0,40265318.4
Dragonfly+,3722,335096020992.0,96.459740990991,14208,9984,402653184.0,40265318.4
Dragonfly+,3723,335096020992.0,96.46677927927928,14208,9984,402653184.0,40265318.4
Dragonfly+,3724,335096020992.0,96.47381756756756,14208,9984,402653184.0,40265318.4
Dragonfly+,3725,335096020992.0,96.48085585585585,14208,9984,402653184.0,40265318.4
Dragonfly+,3726,335096020992.0,96.48789414414415,14208,9984,402653184.0,40265318.4
Dragonfly+,3727,335096020992.0,96.49493243243244,14208,9984,402653184.0,40265318.4
Dragonfly+,3728,335096020992.0,96.50197072072072,14208,9984,402653184.0,40265318.4
Dragonfly+,3729,335096020992.0,96.509009009009,14208,9984,402653184.0,40265318.4
Dragonfly+,3730,335096020992.0,96.5160472972973,14208,9984,402653184.0,40265318.4
Dragonfly+,3731,335096020992.0,96.52308558558559,14208,9984,402653184.0,40265318.4
Dragonfly+,3732,335096020992.0,96.53012387387388,14208,9984,402653184.0,40265318.4
Dragonfly+,3733,335096020992.0,96.53716216216216,14208,9984,402653184.0,40265318.4
Dragonfly+,3734,335096020992.0,96.54420045045045,14208,9984,402653184.0,40265318.4
Dragonfly+,3735,335096020992.0,96.55123873873875,14208,9984,402653184.0,40265318.4
Dragonfly+,3736,335096020992.0,96.55827702702703,14208,9984,402653184.0,40265318.4
Dragonfly+,3737,335096020992.0,96.56531531531532,14208,9984,402653184.0,40265318.4
Dragonfly+,3738,335096020992.0,96.5723536036036,14208,9984,402653184.0,40265318.4
Dragonfly+,3739,335096020992.0,96.5793918918919,14208,9984,402653184.0,40265318.4
Dragonfly+,3740,335096020992.0,96.58643018018019,14208,9984,402653184.0,40265318.4
Dragonfly+,3741,335096020992.0,96.59346846846847,14208,9984,402653184.0,40265318.4
Dragonfly+,3742,335096020992.0,96.60050675675676,14208,9984,402653184.0,40265318.4
Dragonfly+,3743,335096020992.0,96.60754504504504,14208,9984,402653184.0,40265318.4
Dragonfly+,3744,335096020992.0,96.61458333333334,14208,9984,402653184.0,40265318.4
Dragonfly+,3745,335096020992.0,96.62162162162163,14208,9984,402653184.0,40265318.4
Dragonfly+,3746,335096020992.0,96.62865990990991,14208,9984,402653184.0,40265318.4
Dragonfly+,3747,335096020992.0,96.6356981981982,14208,9984,402653184.0,40265318.4
Dragonfly+,3748,335096020992.0,96.64273648648648,14208,9984,402653184.0,40265318.4
Dragonfly+,3749,335096020992.0,96.64977477477478,14208,9984,402653184.0,40265318.4
Dragonfly+,3750,335096020992.0,96.65681306306307,14208,9984,402653184.0,40265318.4
Dragonfly+,3751,335096020992.0,96.66385135135135,14208,9984,402653184.0,40265318.4
Dragonfly+,3752,335096020992.0,96.67088963963964,14208,9984,402653184.0,40265318.4
Dragonfly+,3753,335096020992.0,96.67792792792793,14208,9984,402653184.0,40265318.4
Dragonfly+,3754,335096020992.0,96.68496621621621,14208,9984,402653184.0,40265318.4
Dragonfly+,3755,335096020992.0,96.6920045045045,14208,9984,402653184.0,40265318.4
Dragonfly+,3756,335096020992.0,96.6990427927928,14208,9984,402653184.0,40265318.4
Dragonfly+,3757,335096020992.0,96.70608108108108,14208,9984,402653184.0,40265318.4
Dragonfly+,3758,335096020992.0,96.71311936936937,14208,9984,402653184.0,40265318.4
Dragonfly+,3759,335096020992.0,96.72015765765765,14208,9984,402653184.0,40265318.4
Dragonfly+,3760,335096020992.0,96.72719594594594,14208,9984,402653184.0,40265318.4
Dragonfly+,3761,335096020992.0,96.73423423423422,14208,9984,402653184.0,40265318.4
Dragonfly+,3762,335096020992.0,96.74127252252252,14208,9984,402653184.0,40265318.4
Dragonfly+,3763,335096020992.0,96.7483108108108,14208,9984,402653184.0,40265318.4
Dragonfly+,3764,335096020992.0,96.75534909909909,14208,9984,402653184.0,40265318.4
Dragonfly+,3765,335096020992.0,96.76238738738738,14208,9984,402653184.0,40265318.4
Dragonfly+,3766,335096020992.0,96.76942567567568,14208,9984,402653184.0,40265318.4
Dragonfly+,3767,335096020992.0,96.77646396396396,14208,9984,402653184.0,40265318.4
Dragonfly+,3768,335096020992.0,96.78350225225225,14208,9984,402653184.0,40265318.4
Dragonfly+,3769,335096020992.0,96.79054054054053,14208,9984,402653184.0,40265318.4
Dragonfly+,3770,335096020992.0,96.79757882882883,14208,9984,402653184.0,40265318.4
Dragonfly+,3771,335096020992.0,96.80461711711712,14208,9984,402653184.0,40265318.4
Dragonfly+,3772,335096020992.0,96.8116554054054,14208,9984,402653184.0,40265318.4
Dragonfly+,3773,335096020992.0,96.81869369369369,14208,9984,402653184.0,40265318.4
Dragonfly+,3774,335096020992.0,96.82573198198197,14208,9984,402653184.0,40265318.4
Dragonfly+,3775,335096020992.0,96.83277027027027,14208,9984,402653184.0,40265318.4
Dragonfly+,3776,335096020992.0,96.83980855855856,14208,9984,402653184.0,40265318.4
Dragonfly+,3777,335096020992.0,96.84684684684684,14208,9984,402653184.0,40265318.4
Dragonfly+,3778,335096020992.0,96.85388513513513,14208,9984,402653184.0,40265318.4
Dragonfly+,3779,335096020992.0,96.86092342342343,14208,9984,402653184.0,40265318.4
Dragonfly+,3780,335096020992.0,96.86796171171171,14208,9984,402653184.0,40265318.4
Dragonfly+,3781,335096020992.0,96.875,14208,9984,402653184.0,40265318.4
Dragonfly+,3782,335096020992.0,96.88203828828829,14208,9984,402653184.0,40265318.4
Dragonfly+,3783,335096020992.0,96.88907657657657,14208,9984,402653184.0,40265318.4
Dragonfly+,3784,335096020992.0,96.89611486486487,14208,9984,402653184.0,40265318.4
Dragonfly+,3785,335096020992.0,96.90315315315316,14208,9984,402653184.0,40265318.4
Dragonfly+,3786,335096020992.0,96.91019144144144,14208,9984,402653184.0,40265318.4
Dragonfly+,3787,335096020992.0,96.91722972972973,14208,9984,402653184.0,40265318.4
Dragonfly+,3788,335096020992.0,96.92426801801803,14208,9984,402653184.0,40265318.4
Dragonfly+,3789,335096020992.0,96.93130630630631,14208,9984,402653184.0,40265318.4
Dragonfly+,3790,335096020992.0,96.9383445945946,14208,9984,402653184.0,40265318.4
Dragonfly+,3791,335096020992.0,96.94538288288288,14208,9984,402653184.0,40265318.4
Dragonfly+,3792,335096020992.0,96.95242117117117,14208,9984,402653184.0,40265318.4
Dragonfly+,3793,335096020992.0,96.95945945945947,14208,9984,402653184.0,40265318.4
Dragonfly+,3794,335096020992.0,96.96649774774775,14208,9984,402653184.0,40265318.4
Dragonfly+,3795,335096020992.0,96.97353603603604,14208,9984,402653184.0,40265318.4
Dragonfly+,3796,335096020992.0,96.98057432432432,14208,9984,402653184.0,40265318.4
Dragonfly+,3797,335096020992.0,96.98761261261262,14208,9984,402653184.0,40265318.4
Dragonfly+,3798,335096020992.0,96.99465090090091,14208,9984,402653184.0,40265318.4
Dragonfly+,3799,335096020992.0,97.0016891891892,14208,9984,402653184.0,40265318.4
Dragonfly+,3800,335096020992.0,97.00872747747748,14208,9984,402653184.0,40265318.4
Dragonfly+,3801,335096020992.0,97.01576576576578,14208,9984,402653184.0,40265318.4
Dragonfly+,3802,335096020992.0,97.02280405405406,14208,9984,402653184.0,40265318.4
Dragonfly+,3803,335096020992.0,97.02984234234235,14208,9984,402653184.0,40265318.4
Dragonfly+,3804,335096020992.0,97.03688063063063,14208,9984,402653184.0,40265318.4
Dragonfly+,3805,335096020992.0,97.04391891891892,14208,9984,402653184.0,40265318.4
Dragonfly+,3806,335096020992.0,97.0509572072072,14208,9984,402653184.0,40265318.4
Dragonfly+,3807,335096020992.0,97.0579954954955,14208,9984,402653184.0,40265318.4
Dragonfly+,3808,335096020992.0,97.06503378378379,14208,9984,402653184.0,40265318.4
Dragonfly+,3809,335096020992.0,97.07207207207207,14208,9984,402653184.0,40265318.4
Dragonfly+,3810,335096020992.0,97.07911036036036,14208,9984,402653184.0,40265318.4
Dragonfly+,3811,335096020992.0,97.08614864864865,14208,9984,402653184.0,40265318.4
Dragonfly+,3812,335096020992.0,97.09318693693693,14208,9984,402653184.0,40265318.4
Dragonfly+,3813,335096020992.0,97.10022522522522,14208,9984,402653184.0,40265318.4
Dragonfly+,3814,335096020992.0,97.10726351351352,14208,9984,402653184.0,40265318.4
Dragonfly+,3815,335096020992.0,97.1143018018018,14208,9984,402653184.0,40265318.4
Dragonfly+,3816,335096020992.0,97.12134009009009,14208,9984,402653184.0,40265318.4
Dragonfly+,3817,335096020992.0,97.12837837837837,14208,9984,402653184.0,40265318.4
Dragonfly+,3818,335096020992.0,97.13541666666666,14208,9984,402653184.0,40265318.4
Dragonfly+,3819,335096020992.0,97.14245495495496,14208,9984,402653184.0,40265318.4
Dragonfly+,3820,335096020992.0,97.14949324324324,14208,9984,402653184.0,40265318.4
Dragonfly+,3821,335096020992.0,97.15653153153153,14208,9984,402653184.0,40265318.4
Dragonfly+,3822,335096020992.0,97.16356981981981,14208,9984,402653184.0,40265318.4
Dragonfly+,3823,335096020992.0,97.1706081081081,14208,9984,402653184.0,40265318.4
Dragonfly+,3824,335096020992.0,97.1776463963964,14208,9984,402653184.0,40265318.4
Dragonfly+,3825,335096020992.0,97.18468468468468,14208,9984,402653184.0,40265318.4
Dragonfly+,3826,335096020992.0,97.19172297297297,14208,9984,402653184.0,40265318.4
Dragonfly+,3827,335096020992.0,97.19876126126125,14208,9984,402653184.0,40265318.4
Dragonfly+,3828,335096020992.0,97.20579954954955,14208,9984,402653184.0,40265318.4
Dragonfly+,3829,335096020992.0,97.21283783783784,14208,9984,402653184.0,40265318.4
Dragonfly+,3830,335096020992.0,97.21987612612612,14208,9984,402653184.0,40265318.4
Dragonfly+,3831,335096020992.0,97.22691441441441,14208,9984,402653184.0,40265318.4
Dragonfly+,3832,335096020992.0,97.2339527027027,14208,9984,402653184.0,40265318.4
Dragonfly+,3833,335096020992.0,97.240990990991,14208,9984,402653184.0,40265318.4
Dragonfly+,3834,335096020992.0,97.24802927927928,14208,9984,402653184.0,40265318.4
Dragonfly+,3835,335096020992.0,97.25506756756756,14208,9984,402653184.0,40265318.4
Dragonfly+,3836,335096020992.0,97.26210585585585,14208,9984,402653184.0,40265318.4
Dragonfly+,3837,335096020992.0,97.26914414414415,14208,9984,402653184.0,40265318.4
Dragonfly+,3838,335096020992.0,97.27618243243244,14208,9984,402653184.0,40265318.4
Dragonfly+,3839,335096020992.0,97.28322072072072,14208,9984,402653184.0,40265318.4
Dragonfly+,3840,335096020992.0,97.290259009009,14208,9984,402653184.0,40265318.4
Dragonfly+,3841,335096020992.0,97.2972972972973,14208,9984,402653184.0,40265318.4
Dragonfly+,3842,335096020992.0,97.30433558558559,14208,9984,402653184.0,40265318.4
Dragonfly+,3843,335096020992.0,97.31137387387388,14208,9984,402653184.0,40265318.4
Dragonfly+,3844,335096020992.0,97.31841216216216,14208,9984,402653184.0,40265318.4
Dragonfly+,3845,335096020992.0,97.32545045045045,14208,9984,402653184.0,40265318.4
Dragonfly+,3846,335096020992.0,97.33248873873875,14208,9984,402653184.0,40265318.4
Dragonfly+,3847,335096020992.0,97.33952702702703,14208,9984,402653184.0,40265318.4
Dragonfly+,3848,335096020992.0,97.34656531531532,14208,9984,402653184.0,40265318.4
Dragonfly+,3849,335096020992.0,97.3536036036036,14208,9984,402653184.0,40265318.4
Dragonfly+,3850,335096020992.0,97.3606418918919,14208,9984,402653184.0,40265318.4
Dragonfly+,3851,335096020992.0,97.36768018018019,14208,9984,402653184.0,40265318.4
Dragonfly+,3852,335096020992.0,97.37471846846847,14208,9984,402653184.0,40265318.4
Dragonfly+,3853,335096020992.0,97.38175675675676,14208,9984,402653184.0,40265318.4
Dragonfly+,3854,335096020992.0,97.38879504504504,14208,9984,402653184.0,40265318.4
Dragonfly+,3855,335096020992.0,97.39583333333334,14208,9984,402653184.0,40265318.4
Dragonfly+,3856,335096020992.0,97.40287162162163,14208,9984,402653184.0,40265318.4
Dragonfly+,3857,335096020992.0,97.40990990990991,14208,9984,402653184.0,40265318.4
Dragonfly+,3858,335096020992.0,97.4169481981982,14208,9984,402653184.0,40265318.4
Dragonfly+,3859,335096020992.0,97.42398648648648,14208,9984,402653184.0,40265318.4
Dragonfly+,3860,335096020992.0,97.43102477477478,14208,9984,402653184.0,40265318.4
Dragonfly+,3861,335096020992.0,97.43806306306307,14208,9984,402653184.0,40265318.4
Dragonfly+,3862,335096020992.0,97.44510135135135,14208,9984,402653184.0,40265318.4
Dragonfly+,3863,335096020992.0,97.45213963963964,14208,9984,402653184.0,40265318.4
Dragonfly+,3864,335096020992.0,97.45917792792793,14208,9984,402653184.0,40265318.4
Dragonfly+,3865,335096020992.0,97.46621621621621,14208,9984,402653184.0,40265318.4
Dragonfly+,3866,335096020992.0,97.4732545045045,14208,9984,402653184.0,40265318.4
Dragonfly+,3867,335096020992.0,97.4802927927928,14208,9984,402653184.0,40265318.4
Dragonfly+,3868,335096020992.0,97.48733108108108,14208,9984,402653184.0,40265318.4
Dragonfly+,3869,335096020992.0,97.49436936936937,14208,9984,402653184.0,40265318.4
Dragonfly+,3870,335096020992.0,97.50140765765765,14208,9984,402653184.0,40265318.4
Dragonfly+,3871,335096020992.0,97.50844594594594,14208,9984,402653184.0,40265318.4
Dragonfly+,3872,335096020992.0,97.51548423423422,14208,9984,402653184.0,40265318.4
Dragonfly+,3873,335096020992.0,97.52252252252252,14208,9984,402653184.0,40265318.4
Dragonfly+,3874,335096020992.0,97.5295608108108,14208,9984,402653184.0,40265318.4
Dragonfly+,3875,335096020992.0,97.53659909909909,14208,9984,402653184.0,40265318.4
Dragonfly+,3876,335096020992.0,97.54363738738738,14208,9984,402653184.0,40265318.4
Dragonfly+,3877,335096020992.0,97.55067567567568,14208,9984,402653184.0,40265318.4
Dragonfly+,3878,335096020992.0,97.55771396396396,14208,9984,402653184.0,40265318.4
Dragonfly+,3879,335096020992.0,97.56475225225225,14208,9984,402653184.0,40265318.4
Dragonfly+,3880,335096020992.0,97.57179054054053,14208,9984,402653184.0,40265318.4
Dragonfly+,3881,335096020992.0,97.57882882882883,14208,9984,402653184.0,40265318.4
Dragonfly+,3882,335096020992.0,97.58586711711712,14208,9984,402653184.0,40265318.4
Dragonfly+,3883,335096020992.0,97.5929054054054,14208,9984,402653184.0,40265318.4
Dragonfly+,3884,335096020992.0,97.59994369369369,14208,9984,402653184.0,40265318.4
Dragonfly+,3885,335096020992.0,97.60698198198197,14208,9984,402653184.0,40265318.4
Dragonfly+,3886,335096020992.0,97.61402027027027,14208,9984,402653184.0,40265318.4
Dragonfly+,3887,335096020992.0,97.62105855855856,14208,9984,402653184.0,40265318.4
Dragonfly+,3888,335096020992.0,97.62809684684684,14208,9984,402653184.0,40265318.4
Dragonfly+,3889,335096020992.0,97.63513513513513,14208,9984,402653184.0,40265318.4
Dragonfly+,3890,335096020992.0,97.64217342342343,14208,9984,402653184.0,40265318.4
Dragonfly+,3891,335096020992.0,97.64921171171171,14208,9984,402653184.0,40265318.4
Dragonfly+,3892,335096020992.0,97.65625,14208,9984,402653184.0,40265318.4
Dragonfly+,3893,335096020992.0,97.66328828828829,14208,9984,402653184.0,40265318.4
Dragonfly+,3894,335096020992.0,97.67032657657657,14208,9984,402653184.0,40265318.4
Dragonfly+,3895,335096020992.0,97.67736486486487,14208,9984,402653184.0,40265318.4
Dragonfly+,3896,335096020992.0,97.68440315315316,14208,9984,402653184.0,40265318.4
Dragonfly+,3897,335096020992.0,97.69144144144144,14208,9984,402653184.0,40265318.4
Dragonfly+,3898,335096020992.0,97.69847972972973,14208,9984,402653184.0,40265318.4
Dragonfly+,3899,335096020992.0,97.70551801801803,14208,9984,402653184.0,40265318.4
Dragonfly+,3900,335096020992.0,97.71255630630631,14208,9984,402653184.0,40265318.4
Dragonfly+,3901,335096020992.0,97.7195945945946,14208,9984,402653184.0,40265318.4
Dragonfly+,3902,335096020992.0,97.72663288288288,14208,9984,402653184.0,40265318.4
Dragonfly+,3903,335096020992.0,97.73367117117117,14208,9984,402653184.0,40265318.4
Dragonfly+,3904,335096020992.0,97.74070945945947,14208,9984,402653184.0,40265318.4
Dragonfly+,3905,335096020992.0,97.74774774774775,14208,9984,402653184.0,40265318.4
Dragonfly+,3906,335096020992.0,97.75478603603604,14208,9984,402653184.0,40265318.4
Dragonfly+,3907,335096020992.0,97.76182432432432,14208,9984,402653184.0,40265318.4
Dragonfly+,3908,335096020992.0,97.76886261261262,14208,9984,402653184.0,40265318.4
Dragonfly+,3909,335096020992.0,97.77590090090091,14208,9984,402653184.0,40265318.4
Dragonfly+,3910,335096020992.0,97.7829391891892,14208,9984,402653184.0,40265318.4
Dragonfly+,3911,335096020992.0,97.78997747747748,14208,9984,402653184.0,40265318.4
Dragonfly+,3912,335096020992.0,97.79701576576578,14208,9984,402653184.0,40265318.4
Dragonfly+,3913,335096020992.0,97.80405405405406,14208,9984,402653184.0,40265318.4
Dragonfly+,3914,335096020992.0,97.81109234234235,14208,9984,402653184.0,40265318.4
Dragonfly+,3915,335096020992.0,97.81813063063063,14208,9984,402653184.0,40265318.4
Dragonfly+,3916,335096020992.0,97.82516891891892,14208,9984,402653184.0,40265318.4
Dragonfly+,3917,335096020992.0,97.8322072072072,14208,9984,402653184.0,40265318.4
Dragonfly+,3918,335096020992.0,97.8392454954955,14208,9984,402653184.0,40265318.4
Dragonfly+,3919,335096020992.0,97.84628378378379,14208,9984,402653184.0,40265318.4
Dragonfly+,3920,335096020992.0,97.85332207207207,14208,9984,402653184.0,40265318.4
Dragonfly+,3921,335096020992.0,97.86036036036036,14208,9984,402653184.0,40265318.4
Dragonfly+,3922,335096020992.0,97.86739864864865,14208,9984,402653184.0,40265318.4
Dragonfly+,3923,335096020992.0,97.87443693693693,14208,9984,402653184.0,40265318.4
Dragonfly+,3924,335096020992.0,97.88147522522522,14208,9984,402653184.0,40265318.4
Dragonfly+,3925,335096020992.0,97.88851351351352,14208,9984,402653184.0,40265318.4
Dragonfly+,3926,335096020992.0,97.8955518018018,14208,9984,402653184.0,40265318.4
Dragonfly+,3927,335096020992.0,97.90259009009009,14208,9984,402653184.0,40265318.4
Dragonfly+,3928,335096020992.0,97.90962837837837,14208,9984,402653184.0,40265318.4
Dragonfly+,3929,335096020992.0,97.91666666666666,14208,9984,402653184.0,40265318.4
Dragonfly+,3930,335096020992.0,97.92370495495496,14208,9984,402653184.0,40265318.4
Dragonfly+,3931,335096020992.0,97.93074324324324,14208,9984,402653184.0,40265318.4
Dragonfly+,3932,335096020992.0,97.93778153153153,14208,9984,402653184.0,40265318.4
Dragonfly+,3933,335096020992.0,97.94481981981981,14208,9984,402653184.0,40265318.4
Dragonfly+,3934,335096020992.0,97.9518581081081,14208,9984,402653184.0,40265318.4
Dragonfly+,3935,335096020992.0,97.9588963963964,14208,9984,402653184.0,40265318.4
Dragonfly+,3936,335096020992.0,97.96593468468468,14208,9984,402653184.0,40265318.4
Dragonfly+,3937,335096020992.0,97.97297297297297,14208,9984,402653184.0,40265318.4
Dragonfly+,3938,335096020992.0,97.98001126126125,14208,9984,402653184.0,40265318.4
Dragonfly+,3939,335096020992.0,97.98704954954955,14208,9984,402653184.0,40265318.4
Dragonfly+,3940,335096020992.0,97.99408783783784,14208,9984,402653184.0,40265318.4
Dragonfly+,3941,335096020992.0,98.00112612612612,14208,9984,402653184.0,40265318.4
Dragonfly+,3942,335096020992.0,98.00816441441441,14208,9984,402653184.0,40265318.4
Dragonfly+,3943,335096020992.0,98.0152027027027,14208,9984,402653184.0,40265318.4
Dragonfly+,3944,335096020992.0,98.022240990991,14208,9984,402653184.0,40265318.4
Dragonfly+,3945,335096020992.0,98.02927927927928,14208,9984,402653184.0,40265318.4
Dragonfly+,3946,335096020992.0,98.03631756756756,14208,9984,402653184.0,40265318.4
Dragonfly+,3947,335096020992.0,98.04335585585585,14208,9984,402653184.0,40265318.4
Dragonfly+,3948,335096020992.0,98.05039414414415,14208,9984,402653184.0,40265318.4
Dragonfly+,3949,335096020992.0,98.05743243243244,14208,9984,402653184.0,40265318.4
Dragonfly+,3950,335096020992.0,98.06447072072072,14208,9984,402653184.0,40265318.4
Dragonfly+,3951,335096020992.0,98.071509009009,14208,9984,402653184.0,40265318.4
Dragonfly+,3952,335096020992.0,98.0785472972973,14208,9984,402653184.0,40265318.4
Dragonfly+,3953,335096020992.0,98.08558558558559,14208,9984,402653184.0,40265318.4
Dragonfly+,3954,335096020992.0,98.09262387387388,14208,9984,402653184.0,40265318.4
Dragonfly+,3955,335096020992.0,98.09966216216216,14208,9984,402653184.0,40265318.4
Dragonfly+,3956,335096020992.0,98.10670045045045,14208,9984,402653184.0,40265318.4
Dragonfly+,3957,335096020992.0,98.11373873873875,14208,9984,402653184.0,40265318.4
Dragonfly+,3958,335096020992.0,98.12077702702703,14208,9984,402653184.0,40265318.4
Dragonfly+,3959,335096020992.0,98.12781531531532,14208,9984,402653184.0,40265318.4
Dragonfly+,3960,335096020992.0,98.1348536036036,14208,9984,402653184.0,40265318.4
Dragonfly+,3961,335096020992.0,98.1418918918919,14208,9984,402653184.0,40265318.4
Dragonfly+,3962,335096020992.0,98.14893018018019,14208,9984,402653184.0,40265318.4
Dragonfly+,3963,335096020992.0,98.15596846846847,14208,9984,402653184.0,40265318.4
Dragonfly+,3964,335096020992.0,98.16300675675676,14208,9984,402653184.0,40265318.4
Dragonfly+,3965,335096020992.0,98.17004504504504,14208,9984,402653184.0,40265318.4
Dragonfly+,3966,335096020992.0,98.17708333333334,14208,9984,402653184.0,40265318.4
Dragonfly+,3967,335096020992.0,98.18412162162163,14208,9984,402653184.0,40265318.4
Dragonfly+,3968,335096020992.0,98.19115990990991,14208,9984,402653184.0,40265318.4
Dragonfly+,3969,335096020992.0,98.1981981981982,14208,9984,402653184.0,40265318.4
Dragonfly+,3970,336631375872.0,98.20523648648648,14208,9984,402653184.0,40265318.4
Dragonfly+,3971,336631375872.0,98.21227477477478,14208,9984,402653184.0,40265318.4
Dragonfly+,3972,336631375872.0,98.21931306306307,14208,9984,402653184.0,40265318.4
Dragonfly+,3973,336631375872.0,98.22635135135135,14208,9984,402653184.0,40265318.4
Dragonfly+,3974,336631375872.0,98.23338963963964,14208,9984,402653184.0,40265318.4
Dragonfly+,3975,336631375872.0,98.24042792792793,14208,9984,402653184.0,40265318.4
Dragonfly+,3976,336631375872.0,98.24746621621621,14208,9984,402653184.0,40265318.4
Dragonfly+,3977,336631375872.0,98.2545045045045,14208,9984,402653184.0,40265318.4
Dragonfly+,3978,336631375872.0,98.2615427927928,14208,9984,402653184.0,40265318.4
Dragonfly+,3979,336631375872.0,98.26858108108108,14208,9984,402653184.0,40265318.4
Dragonfly+,3980,336631375872.0,98.27561936936937,14208,9984,402653184.0,40265318.4
Dragonfly+,3981,336631375872.0,98.28265765765765,14208,9984,402653184.0,40265318.4
Dragonfly+,3982,336631375872.0,98.28969594594594,14208,9984,402653184.0,40265318.4
Dragonfly+,3983,336631375872.0,98.29673423423422,14208,9984,402653184.0,40265318.4
Dragonfly+,3984,336631375872.0,98.30377252252252,14208,9984,402653184.0,40265318.4
Dragonfly+,3985,336631375872.0,98.3108108108108,14208,9984,402653184.0,40265318.4
Dragonfly+,3986,336631375872.0,98.31784909909909,14208,9984,402653184.0,40265318.4
Dragonfly+,3987,336631375872.0,98.32488738738738,14208,9984,402653184.0,40265318.4
Dragonfly+,3988,336631375872.0,98.33192567567568,14208,9984,402653184.0,40265318.4
Dragonfly+,3989,336631375872.0,98.33896396396396,14208,9984,402653184.0,40265318.4
Dragonfly+,3990,336631375872.0,98.34600225225225,14208,9984,402653184.0,40265318.4
Dragonfly+,3991,336631375872.0,98.35304054054053,14208,9984,402653184.0,40265318.4
Dragonfly+,3992,336631375872.0,98.36007882882883,14208,9984,402653184.0,40265318.4
Dragonfly+,3993,336631375872.0,98.36711711711712,14208,9984,402653184.0,40265318.4
Dragonfly+,3994,336631375872.0,98.3741554054054,14208,9984,402653184.0,40265318.4
Dragonfly+,3995,336631375872.0,98.38119369369369,14208,9984,402653184.0,40265318.4
Dragonfly+,3996,336631375872.0,98.38823198198197,14208,9984,402653184.0,40265318.4
Dragonfly+,3997,336631375872.0,98.39527027027027,14208,9984,402653184.0,40265318.4
Dragonfly+,3998,336631375872.0,98.40230855855856,14208,9984,402653184.0,40265318.4
Dragonfly+,3999,336631375872.0,98.40934684684684,14208,9984,402653184.0,40265318.4
Dragonfly+,4000,336631375872.0,98.41638513513513,14208,9984,402653184.0,40265318.4
Dragonfly+,4001,336631375872.0,98.42342342342343,14208,9984,402653184.0,40265318.4
Dragonfly+,4002,336631375872.0,98.43046171171171,14208,9984,402653184.0,40265318.4
Dragonfly+,4003,336631375872.0,98.4375,14208,9984,402653184.0,40265318.4
Dragonfly+,4004,336631375872.0,98.44453828828829,14208,9984,402653184.0,40265318.4
Dragonfly+,4005,336631375872.0,98.45157657657657,14208,9984,402653184.0,40265318.4
Dragonfly+,4006,336631375872.0,98.45861486486487,14208,9984,402653184.0,40265318.4
Dragonfly+,4007,336631375872.0,98.46565315315316,14208,9984,402653184.0,40265318.4
Dragonfly+,4008,336631375872.0,98.47269144144144,14208,9984,402653184.0,40265318.4
Dragonfly+,4009,336631375872.0,98.47972972972973,14208,9984,402653184.0,40265318.4
Dragonfly+,4010,336631375872.0,98.48676801801803,14208,9984,402653184.0,40265318.4
Dragonfly+,4011,336631375872.0,98.49380630630631,14208,9984,402653184.0,40265318.4
Dragonfly+,4012,336631375872.0,98.5008445945946,14208,9984,402653184.0,40265318.4
Dragonfly+,4013,336631375872.0,98.50788288288288,14208,9984,402653184.0,40265318.4
Dragonfly+,4014,336631375872.0,98.51492117117117,14208,9984,402653184.0,40265318.4
Dragonfly+,4015,336631375872.0,98.52195945945947,14208,9984,402653184.0,40265318.4
Dragonfly+,4016,336631375872.0,98.52899774774775,14208,9984,402653184.0,40265318.4
Dragonfly+,4017,336631375872.0,98.53603603603604,14208,9984,402653184.0,40265318.4
Dragonfly+,4018,336631375872.0,98.54307432432432,14208,9984,402653184.0,40265318.4
Dragonfly+,4019,336631375872.0,98.55011261261262,14208,9984,402653184.0,40265318.4
Dragonfly+,4020,336631375872.0,98.55715090090091,14208,9984,402653184.0,40265318.4
Dragonfly+,4021,336631375872.0,98.5641891891892,14208,9984,402653184.0,40265318.4
Dragonfly+,4022,336631375872.0,98.57122747747748,14208,9984,402653184.0,40265318.4
Dragonfly+,4023,336631375872.0,98.57826576576578,14208,9984,402653184.0,40265318.4
Dragonfly+,4024,336631375872.0,98.58530405405406,14208,9984,402653184.0,40265318.4
Dragonfly+,4025,336631375872.0,98.59234234234235,14208,9984,402653184.0,40265318.4
Dragonfly+,4026,336631375872.0,98.59938063063063,14208,9984,402653184.0,40265318.4
Dragonfly+,4027,336631375872.0,98.60641891891892,14208,9984,402653184.0,40265318.4
Dragonfly+,4028,336631375872.0,98.6134572072072,14208,9984,402653184.0,40265318.4
Dragonfly+,4029,336631375872.0,98.6204954954955,14208,9984,402653184.0,40265318.4
Dragonfly+,4030,336631375872.0,98.62753378378379,14208,9984,402653184.0,40265318.4
Dragonfly+,4031,336631375872.0,98.63457207207207,14208,9984,402653184.0,40265318.4
Dragonfly+,4032,336631375872.0,98.64161036036036,14208,9984,402653184.0,40265318.4
Dragonfly+,4033,336631375872.0,98.64864864864865,14208,9984,402653184.0,40265318.4
Dragonfly+,4034,336631375872.0,98.65568693693693,14208,9984,402653184.0,40265318.4
Dragonfly+,4035,336631375872.0,98.66272522522522,14208,9984,402653184.0,40265318.4
Dragonfly+,4036,336631375872.0,98.66976351351352,14208,9984,402653184.0,40265318.4
Dragonfly+,4037,336631375872.0,98.6768018018018,14208,9984,402653184.0,40265318.4
Dragonfly+,4038,336631375872.0,98.68384009009009,14208,9984,402653184.0,40265318.4
Dragonfly+,4039,336631375872.0,98.69087837837837,14208,9984,402653184.0,40265318.4
Dragonfly+,4040,336631375872.0,98.69791666666666,14208,9984,402653184.0,40265318.4
Dragonfly+,4041,336631375872.0,98.70495495495496,14208,9984,402653184.0,40265318.4
Dragonfly+,4042,336631375872.0,98.71199324324324,14208,9984,402653184.0,40265318.4
Dragonfly+,4043,336631375872.0,98.71903153153153,14208,9984,402653184.0,40265318.4
Dragonfly+,4044,336631375872.0,98.72606981981981,14208,9984,402653184.0,40265318.4
Dragonfly+,4045,336631375872.0,98.7331081081081,14208,9984,402653184.0,40265318.4
Dragonfly+,4046,336631375872.0,98.7401463963964,14208,9984,402653184.0,40265318.4
Dragonfly+,4047,336631375872.0,98.74718468468468,14208,9984,402653184.0,40265318.4
Dragonfly+,4048,336631375872.0,98.75422297297297,14208,9984,402653184.0,40265318.4
Dragonfly+,4049,336631375872.0,98.76126126126125,14208,9984,402653184.0,40265318.4
Dragonfly+,4050,336631375872.0,98.76829954954955,14208,9984,402653184.0,40265318.4
Dragonfly+,4051,336631375872.0,98.77533783783784,14208,9984,402653184.0,40265318.4
Dragonfly+,4052,336631375872.0,98.78237612612612,14208,9984,402653184.0,40265318.4
Dragonfly+,4053,336631375872.0,98.78941441441441,14208,9984,402653184.0,40265318.4
Dragonfly+,4054,336631375872.0,98.7964527027027,14208,9984,402653184.0,40265318.4
Dragonfly+,4055,336631375872.0,98.803490990991,14208,9984,402653184.0,40265318.4
Dragonfly+,4056,336631375872.0,98.81052927927928,14208,9984,402653184.0,40265318.4
Dragonfly+,4057,336631375872.0,98.81756756756756,14208,9984,402653184.0,40265318.4
Dragonfly+,4058,336631375872.0,98.82460585585585,14208,9984,402653184.0,40265318.4
Dragonfly+,4059,336631375872.0,98.83164414414415,14208,9984,402653184.0,40265318.4
Dragonfly+,4060,336631375872.0,98.83868243243244,14208,9984,402653184.0,40265318.4
Dragonfly+,4061,336631375872.0,98.84572072072072,14208,9984,402653184.0,40265318.4
Dragonfly+,4062,336631375872.0,98.852759009009,14208,9984,402653184.0,40265318.4
Dragonfly+,4063,336631375872.0,98.8597972972973,14208,9984,402653184.0,40265318.4
Dragonfly+,4064,336631375872.0,98.86683558558559,14208,9984,402653184.0,40265318.4
Dragonfly+,4065,336631375872.0,98.87387387387388,14208,9984,402653184.0,40265318.4
Dragonfly+,4066,336631375872.0,98.88091216216216,14208,9984,402653184.0,40265318.4
Dragonfly+,4067,336631375872.0,98.88795045045045,14208,9984,402653184.0,40265318.4
Dragonfly+,4068,336631375872.0,98.89498873873875,14208,9984,402653184.0,40265318.4
Dragonfly+,4069,336631375872.0,98.90202702702703,14208,9984,402653184.0,40265318.4
Dragonfly+,4070,336631375872.0,98.90906531531532,14208,9984,402653184.0,40265318.4
Dragonfly+,4071,336631375872.0,98.9161036036036,14208,9984,402653184.0,40265318.4
Dragonfly+,4072,336631375872.0,98.9231418918919,14208,9984,402653184.0,40265318.4
Dragonfly+,4073,336631375872.0,98.93018018018019,14208,9984,402653184.0,40265318.4
Dragonfly+,4074,336631375872.0,98.93721846846847,14208,9984,402653184.0,40265318.4
Dragonfly+,4075,336631375872.0,98.94425675675676,14208,9984,402653184.0,40265318.4
Dragonfly+,4076,336631375872.0,98.95129504504504,14208,9984,402653184.0,40265318.4
Dragonfly+,4077,336631375872.0,98.95833333333334,14208,9984,402653184.0,40265318.4
Dragonfly+,4078,336631375872.0,98.96537162162163,14208,9984,402653184.0,40265318.4
Dragonfly+,4079,336631375872.0,98.97240990990991,14208,9984,402653184.0,40265318.4
Dragonfly+,4080,336631375872.0,98.9794481981982,14208,9984,402653184.0,40265318.4
Dragonfly+,4081,336631375872.0,98.98648648648648,14208,9984,402653184.0,40265318.4
Dragonfly+,4082,336631375872.0,98.99352477477478,14208,9984,402653184.0,40265318.4
Dragonfly+,4083,336631375872.0,99.00056306306307,14208,9984,402653184.0,40265318.4
Dragonfly+,4084,336631375872.0,99.00760135135135,14208,9984,402653184.0,40265318.4
Dragonfly+,4085,336631375872.0,99.01463963963964,14208,9984,402653184.0,40265318.4
Dragonfly+,4086,336631375872.0,99.02167792792793,14208,9984,402653184.0,40265318.4
Dragonfly+,4087,336631375872.0,99.02871621621621,14208,9984,402653184.0,40265318.4
Dragonfly+,4088,336631375872.0,99.0357545045045,14208,9984,402653184.0,40265318.4
Dragonfly+,4089,336631375872.0,99.0427927927928,14208,9984,402653184.0,40265318.4
Dragonfly+,4090,336631375872.0,99.04983108108108,14208,9984,402653184.0,40265318.4
Dragonfly+,4091,336631375872.0,99.05686936936937,14208,9984,402653184.0,40265318.4
Dragonfly+,4092,336631375872.0,99.06390765765765,14208,9984,402653184.0,40265318.4
Dragonfly+,4093,336631375872.0,99.07094594594594,14208,9984,402653184.0,40265318.4
Dragonfly+,4094,336631375872.0,99.07798423423422,14208,9984,402653184.0,40265318.4
Dragonfly+,4095,336631375872.0,99.08502252252252,14208,9984,402653184.0,40265318.4
Dragonfly+,4096,336631375872.0,99.0920608108108,14208,9984,402653184.0,40265318.4
Dragonfly+,4097,336631375872.0,99.09909909909909,14208,9984,402653184.0,40265318.4
Dragonfly+,4098,336631375872.0,99.10613738738738,14208,9984,402653184.0,40265318.4
Dragonfly+,4099,336631375872.0,99.11317567567568,14208,9984,402653184.0,40265318.4
Dragonfly+,4100,336631375872.0,99.12021396396396,14208,9984,402653184.0,40265318.4
Dragonfly+,4101,336631375872.0,99.12725225225225,14208,9984,402653184.0,40265318.4
Dragonfly+,4102,336631375872.0,99.13429054054053,14208,9984,402653184.0,40265318.4
Dragonfly+,4103,336631375872.0,99.14132882882883,14208,9984,402653184.0,40265318.4
Dragonfly+,4104,336631375872.0,99.14836711711712,14208,9984,402653184.0,40265318.4
Dragonfly+,4105,336631375872.0,99.1554054054054,14208,9984,402653184.0,40265318.4
Dragonfly+,4106,336631375872.0,99.16244369369369,14208,9984,402653184.0,40265318.4
Dragonfly+,4107,336631375872.0,99.16948198198197,14208,9984,402653184.0,40265318.4
Dragonfly+,4108,336631375872.0,99.17652027027027,14208,9984,402653184.0,40265318.4
Dragonfly+,4109,336631375872.0,99.18355855855856,14208,9984,402653184.0,40265318.4
Dragonfly+,4110,336631375872.0,99.19059684684684,14208,9984,402653184.0,40265318.4
Dragonfly+,4111,336631375872.0,99.19763513513513,14208,9984,402653184.0,40265318.4
Dragonfly+,4112,336631375872.0,99.20467342342343,14208,9984,402653184.0,40265318.4
Dragonfly+,4113,336631375872.0,99.21171171171171,14208,9984,402653184.0,40265318.4
Dragonfly+,4114,336631375872.0,99.21875,14208,9984,402653184.0,40265318.4
Dragonfly+,4115,336631375872.0,99.22578828828829,14208,9984,402653184.0,40265318.4
Dragonfly+,4116,336631375872.0,99.23282657657657,14208,9984,402653184.0,40265318.4
Dragonfly+,4117,336631375872.0,99.23986486486487,14208,9984,402653184.0,40265318.4
Dragonfly+,4118,336631375872.0,99.24690315315316,14208,9984,402653184.0,40265318.4
Dragonfly+,4119,336631375872.0,99.25394144144144,14208,9984,402653184.0,40265318.4
Dragonfly+,4120,336631375872.0,99.26097972972973,14208,9984,402653184.0,40265318.4
Dragonfly+,4121,336631375872.0,99.26801801801803,14208,9984,402653184.0,40265318.4
Dragonfly+,4122,336631375872.0,99.27505630630631,14208,9984,402653184.0,40265318.4
Dragonfly+,4123,336631375872.0,99.2820945945946,14208,9984,402653184.0,40265318.4
Dragonfly+,4124,336631375872.0,99.28913288288288,14208,9984,402653184.0,40265318.4
Dragonfly+,4125,336631375872.0,99.29617117117117,14208,9984,402653184.0,40265318.4
Dragonfly+,4126,336631375872.0,99.30320945945947,14208,9984,402653184.0,40265318.4
Dragonfly+,4127,336631375872.0,99.31024774774775,14208,9984,402653184.0,40265318.4
Dragonfly+,4128,336631375872.0,99.31728603603604,14208,9984,402653184.0,40265318.4
Dragonfly+,4129,336631375872.0,99.32432432432432,14208,9984,402653184.0,40265318.4
Dragonfly+,4130,336631375872.0,99.33136261261262,14208,9984,402653184.0,40265318.4
Dragonfly+,4131,336631375872.0,99.33840090090091,14208,9984,402653184.0,40265318.4
Dragonfly+,4132,336631375872.0,99.3454391891892,14208,9984,402653184.0,40265318.4
Dragonfly+,4133,336631375872.0,99.35247747747748,14208,9984,402653184.0,40265318.4
Dragonfly+,4134,336631375872.0,99.35951576576578,14208,9984,402653184.0,40265318.4
Dragonfly+,4135,336631375872.0,99.36655405405406,14208,9984,402653184.0,40265318.4
Dragonfly+,4136,336631375872.0,99.37359234234235,14208,9984,402653184.0,40265318.4
Dragonfly+,4137,336631375872.0,99.38063063063063,14208,9984,402653184.0,40265318.4
Dragonfly+,4138,336631375872.0,99.38766891891892,14208,9984,402653184.0,40265318.4
Dragonfly+,4139,336631375872.0,99.3947072072072,14208,9984,402653184.0,40265318.4
Dragonfly+,4140,336631375872.0,99.4017454954955,14208,9984,402653184.0,40265318.4
Dragonfly+,4141,336631375872.0,99.40878378378379,14208,9984,402653184.0,40265318.4
Dragonfly+,4142,336631375872.0,99.41582207207207,14208,9984,402653184.0,40265318.4
Dragonfly+,4143,336631375872.0,99.42286036036036,14208,9984,402653184.0,40265318.4
Dragonfly+,4144,336631375872.0,99.42989864864865,14208,9984,402653184.0,40265318.4
Dragonfly+,4145,336631375872.0,99.43693693693693,14208,9984,402653184.0,40265318.4
Dragonfly+,4146,336631375872.0,99.44397522522522,14208,9984,402653184.0,40265318.4
Dragonfly+,4147,336631375872.0,99.45101351351352,14208,9984,402653184.0,40265318.4
Dragonfly+,4148,336631375872.0,99.4580518018018,14208,9984,402653184.0,40265318.4
Dragonfly+,4149,336631375872.0,99.46509009009009,14208,9984,402653184.0,40265318.4
Dragonfly+,4150,336631375872.0,99.47212837837837,14208,9984,402653184.0,40265318.4
Dragonfly+,4151,336631375872.0,99.47916666666666,14208,9984,402653184.0,40265318.4
Dragonfly+,4152,336631375872.0,99.48620495495496,14208,9984,402653184.0,40265318.4
Dragonfly+,4153,336631375872.0,99.49324324324324,14208,9984,402653184.0,40265318.4
Dragonfly+,4154,336631375872.0,99.50028153153153,14208,9984,402653184.0,40265318.4
Dragonfly+,4155,336631375872.0,99.50731981981981,14208,9984,402653184.0,40265318.4
Dragonfly+,4156,336631375872.0,99.5143581081081,14208,9984,402653184.0,40265318.4
Dragonfly+,4157,336631375872.0,99.5213963963964,14208,9984,402653184.0,40265318.4
Dragonfly+,4158,336631375872.0,99.52843468468468,14208,9984,402653184.0,40265318.4
Dragonfly+,4159,336631375872.0,99.53547297297297,14208,9984,402653184.0,40265318.4
Dragonfly+,4160,336631375872.0,99.54251126126125,14208,9984,402653184.0,40265318.4
Dragonfly+,4161,336631375872.0,99.54954954954955,14208,9984,402653184.0,40265318.4
Dragonfly+,4162,336631375872.0,99.55658783783784,14208,9984,402653184.0,40265318.4
Dragonfly+,4163,336631375872.0,99.56362612612612,14208,9984,402653184.0,40265318.4
Dragonfly+,4164,336631375872.0,99.57066441441441,14208,9984,402653184.0,40265318.4
Dragonfly+,4165,336631375872.0,99.5777027027027,14208,9984,402653184.0,40265318.4
Dragonfly+,4166,336631375872.0,99.584740990991,14208,9984,402653184.0,40265318.4
Dragonfly+,4167,336631375872.0,99.59177927927928,14208,9984,402653184.0,40265318.4
Dragonfly+,4168,336631375872.0,99.59881756756756,14208,9984,402653184.0,40265318.4
Dragonfly+,4169,336631375872.0,99.60585585585585,14208,9984,402653184.0,40265318.4
Dragonfly+,4170,336631375872.0,99.61289414414415,14208,9984,402653184.0,40265318.4
Dragonfly+,4171,336631375872.0,99.61993243243244,14208,9984,402653184.0,40265318.4
Dragonfly+,4172,336631375872.0,99.62697072072072,14208,9984,402653184.0,40265318.4
Dragonfly+,4173,336631375872.0,99.634009009009,14208,9984,402653184.0,40265318.4
Dragonfly+,4174,336631375872.0,99.6410472972973,14208,9984,402653184.0,40265318.4
Dragonfly+,4175,336631375872.0,99.64808558558559,14208,9984,402653184.0,40265318.4
Dragonfly+,4176,336631375872.0,99.65512387387388,14208,9984,402653184.0,40265318.4
Dragonfly+,4177,336631375872.0,99.66216216216216,14208,9984,402653184.0,40265318.4
Dragonfly+,4178,336631375872.0,99.66920045045045,14208,9984,402653184.0,40265318.4
Dragonfly+,4179,336631375872.0,99.67623873873875,14208,9984,402653184.0,40265318.4
Dragonfly+,4180,336631375872.0,99.68327702702703,14208,9984,402653184.0,40265318.4
Dragonfly+,4181,336631375872.0,99.69031531531532,14208,9984,402653184.0,40265318.4
Dragonfly+,4182,336631375872.0,99.6973536036036,14208,9984,402653184.0,40265318.4
Dragonfly+,4183,336631375872.0,99.7043918918919,14208,9984,402653184.0,40265318.4
Dragonfly+,4184,336631375872.0,99.71143018018019,14208,9984,402653184.0,40265318.4
Dragonfly+,4185,336631375872.0,99.71846846846847,14208,9984,402653184.0,40265318.4
Dragonfly+,4186,336631375872.0,99.72550675675676,14208,9984,402653184.0,40265318.4
Dragonfly+,4187,336631375872.0,99.73254504504504,14208,9984,402653184.0,40265318.4
Dragonfly+,4188,336631375872.0,99.73958333333334,14208,9984,402653184.0,40265318.4
Dragonfly+,4189,336631375872.0,99.74662162162163,14208,9984,402653184.0,40265318.4
Dragonfly+,4190,336631375872.0,99.75365990990991,14208,9984,402653184.0,40265318.4
Dragonfly+,4191,336631375872.0,99.7606981981982,14208,9984,402653184.0,40265318.4
Dragonfly+,4192,336631375872.0,99.76773648648648,14208,9984,402653184.0,40265318.4
Dragonfly+,4193,336631375872.0,99.77477477477478,14208,9984,402653184.0,40265318.4
Dragonfly+,4194,336631375872.0,99.78181306306307,14208,9984,402653184.0,40265318.4
Dragonfly+,4195,336631375872.0,99.78885135135135,14208,9984,402653184.0,40265318.4
Dragonfly+,4196,336631375872.0,99.79588963963964,14208,9984,402653184.0,40265318.4
Dragonfly+,4197,336631375872.0,99.80292792792793,14208,9984,402653184.0,40265318.4
Dragonfly+,4198,336631375872.0,99.80996621621621,14208,9984,402653184.0,40265318.4
Dragonfly+,4199,336631375872.0,99.8170045045045,14208,9984,402653184.0,40265318.4
Dragonfly+,4200,336631375872.0,99.8240427927928,14208,9984,402653184.0,40265318.4
Dragonfly+,4201,336631375872.0,99.83108108108108,14208,9984,402653184.0,40265318.4
Dragonfly+,4202,336631375872.0,99.83811936936937,14208,9984,402653184.0,40265318.4
Dragonfly+,4203,336631375872.0,99.84515765765765,14208,9984,402653184.0,40265318.4
Dragonfly+,4204,336631375872.0,99.85219594594594,14208,9984,402653184.0,40265318.4
Dragonfly+,4205,336631375872.0,99.85923423423422,14208,9984,402653184.0,40265318.4
Dragonfly+,4206,336631375872.0,99.86627252252252,14208,9984,402653184.0,40265318.4
Dragonfly+,4207,336631375872.0,99.8733108108108,14208,9984,402653184.0,40265318.4
Dragonfly+,4208,336631375872.0,99.88034909909909,14208,9984,402653184.0,40265318.4
Dragonfly+,4209,336631375872.0,99.88738738738738,14208,9984,402653184.0,40265318.4
Dragonfly+,4210,336631375872.0,99.89442567567568,14208,9984,402653184.0,40265318.4
Dragonfly+,4211,336631375872.0,99.90146396396396,14208,9984,402653184.0,40265318.4
Dragonfly+,4212,336631375872.0,99.90850225225225,14208,9984,402653184.0,40265318.4
Dragonfly+,4213,336631375872.0,99.91554054054053,14208,9984,402653184.0,40265318.4
Dragonfly+,4214,336631375872.0,99.92257882882883,14208,9984,402653184.0,40265318.4
Dragonfly+,4215,336631375872.0,99.92961711711712,14208,9984,402653184.0,40265318.4
Dragonfly+,4216,336631375872.0,99.9366554054054,14208,9984,402653184.0,40265318.4
Dragonfly+,4217,336631375872.0,99.94369369369369,14208,9984,402653184.0,40265318.4
Dragonfly+,4218,336631375872.0,99.95073198198197,14208,9984,402653184.0,40265318.4
Dragonfly+,4219,336631375872.0,99.95777027027027,14208,9984,402653184.0,40265318.4
Dragonfly+,4220,336631375872.0,99.96480855855856,14208,9984,402653184.0,40265318.4
Dragonfly+,4221,336631375872.0,99.97184684684684,14208,9984,402653184.0,40265318.4
Dragonfly+,4222,336631375872.0,99.97888513513513,14208,9984,402653184.0,40265318.4
Dragonfly+,4223,336631375872.0,99.98592342342343,14208,9984,402653184.0,40265318.4
Dragonfly+,4224,336631375872.0,99.99296171171171,14208,9984,402653184.0,40265318.4
Dragonfly+,4225,336631375872.0,100.0,14208,9984,402653184.0,40265318.4
