topology,point_idx,cdf_percent,avg_load,count
Fat Tree,0,0.0,5802120.533333334,12
Fat Tree,1,0.0,439702869.3333333,12
Fat Tree,2,67.1098140942499,439702869.3333333,12
Fat Tree,3,67.1206225680934,439702869.3333333,12
Fat Tree,4,67.13143104193688,439702869.3333333,12
Fat Tree,5,67.14223951578036,439702869.3333333,12
Fat Tree,6,67.15304798962386,439702869.3333333,12
Fat Tree,7,67.16385646346735,439702869.3333333,12
Fat Tree,8,67.17466493731085,439702869.3333333,12
Fat Tree,9,67.18547341115435,439702869.3333333,12
Fat Tree,10,67.19628188499784,439702869.3333333,12
Fat Tree,11,67.20709035884134,439702869.3333333,12
Fat Tree,12,67.21789883268482,439702869.3333333,12
Fat Tree,13,67.2287073065283,439702869.3333333,12
Fat Tree,14,67.2395157803718,439702869.3333333,12
Fat Tree,15,67.2503242542153,439702869.3333333,12
Fat Tree,16,67.2611327280588,439702869.3333333,12
Fat Tree,17,67.2719412019023,439702869.3333333,12
Fat Tree,18,67.28274967574579,439702869.3333333,12
Fat Tree,19,67.29355814958929,439702869.3333333,12
Fat Tree,20,67.30436662343277,439702869.3333333,12
Fat Tree,21,67.31517509727625,439702869.3333333,12
Fat Tree,22,67.32598357111975,439702869.3333333,12
Fat Tree,23,67.33679204496325,439702869.3333333,12
Fat Tree,24,67.34760051880674,439702869.3333333,12
Fat Tree,25,67.35840899265024,439702869.3333333,12
Fat Tree,26,67.36921746649374,439702869.3333333,12
Fat Tree,27,67.38002594033723,439702869.3333333,12
Fat Tree,28,67.39083441418072,439702869.3333333,12
Fat Tree,29,67.4016428880242,439702869.3333333,12
Fat Tree,30,67.4124513618677,623056026.6666666,12
Fat Tree,31,67.42325983571119,623056026.6666666,12
Fat Tree,32,67.43406830955469,623056026.6666666,12
Fat Tree,33,67.44487678339819,623056026.6666666,12
Fat Tree,34,67.45568525724168,2795666133.3333335,12
Fat Tree,35,67.46649373108518,2795666133.3333335,12
Fat Tree,36,67.47730220492866,2795666133.3333335,12
Fat Tree,37,67.48811067877214,2795666133.3333335,12
Fat Tree,38,67.49891915261564,6975872042.666667,12
Fat Tree,39,67.50972762645914,6975872042.666667,12
Fat Tree,40,67.52053610030264,6975872042.666667,12
Fat Tree,41,67.53134457414613,6975872042.666667,12
Fat Tree,42,67.54215304798963,6975872042.666667,12
Fat Tree,43,67.55296152183313,6975872042.666667,12
Fat Tree,44,67.56376999567661,6975872042.666667,12
Fat Tree,45,67.57457846952009,6975872042.666667,12
Fat Tree,46,67.58538694336359,6975872042.666667,12
Fat Tree,47,67.59619541720708,6975872042.666667,12
Fat Tree,48,67.60700389105058,6975872042.666667,12
Fat Tree,49,67.61781236489408,6975872042.666667,12
Fat Tree,50,67.62862083873758,6975872042.666667,12
Fat Tree,51,67.63942931258107,6975872042.666667,12
Fat Tree,52,67.65023778642455,6975872042.666667,12
Fat Tree,53,67.66104626026804,6975872042.666667,12
Fat Tree,54,67.67185473411153,6975872042.666667,12
Fat Tree,55,67.68266320795503,6975872042.666667,12
Fat Tree,56,67.69347168179853,6975872042.666667,12
Fat Tree,57,67.70428015564202,6975872042.666667,12
Fat Tree,58,67.71508862948552,6975872042.666667,12
Fat Tree,59,67.72589710332902,6975872042.666667,12
Fat Tree,60,67.7367055771725,6975872042.666667,12
Fat Tree,61,67.74751405101598,6975872042.666667,12
Fat Tree,62,67.75832252485948,6975872042.666667,12
Fat Tree,63,67.76913099870298,6975872042.666667,12
Fat Tree,64,67.77993947254647,6975872042.666667,12
Fat Tree,65,67.79074794638997,6975872042.666667,12
Fat Tree,66,67.80155642023347,6975872042.666667,12
Fat Tree,67,67.81236489407696,6975872042.666667,12
Fat Tree,68,67.82317336792045,6975872042.666667,12
Fat Tree,69,67.83398184176393,6975872042.666667,12
Fat Tree,70,67.84479031560743,6975872042.666667,12
Fat Tree,71,67.85559878945092,6975872042.666667,12
Fat Tree,72,67.86640726329442,6975872042.666667,12
Fat Tree,73,67.87721573713792,6975872042.666667,12
Fat Tree,74,67.88802421098141,6975872042.666667,12
Fat Tree,75,67.89883268482491,6975872042.666667,12
Fat Tree,76,67.90964115866839,6975872042.666667,12
Fat Tree,77,67.92044963251189,6975872042.666667,12
Fat Tree,78,67.93125810635539,6975872042.666667,12
Fat Tree,79,67.94206658019888,6975872042.666667,12
Fat Tree,80,67.95287505404237,6975872042.666667,12
Fat Tree,81,67.96368352788586,6975872042.666667,12
Fat Tree,82,67.97449200172936,6975872042.666667,12
Fat Tree,83,67.98530047557286,6975872042.666667,12
Fat Tree,84,67.99610894941634,6975872042.666667,12
Fat Tree,85,68.00691742325984,6975872042.666667,12
Fat Tree,86,68.01772589710333,6975872042.666667,12
Fat Tree,87,68.02853437094683,6975872042.666667,12
Fat Tree,88,68.03934284479031,6975872042.666667,12
Fat Tree,89,68.05015131863381,6975872042.666667,12
Fat Tree,90,68.0609597924773,6975872042.666667,12
Fat Tree,91,68.0717682663208,6975872042.666667,12
Fat Tree,92,68.08257674016428,6975872042.666667,12
Fat Tree,93,68.09338521400778,6975872042.666667,12
Fat Tree,94,68.10419368785128,6975872042.666667,12
Fat Tree,95,68.11500216169478,6975872042.666667,12
Fat Tree,96,68.12581063553826,6975872042.666667,12
Fat Tree,97,68.13661910938175,6975872042.666667,12
Fat Tree,98,68.14742758322525,6975872042.666667,12
Fat Tree,99,68.15823605706875,6975872042.666667,12
Fat Tree,100,68.16904453091223,6975872042.666667,12
Fat Tree,101,68.17985300475573,6975872042.666667,12
Fat Tree,102,68.19066147859922,6975872042.666667,12
Fat Tree,103,68.20146995244272,6975872042.666667,12
Fat Tree,104,68.2122784262862,6975872042.666667,12
Fat Tree,105,68.2230869001297,6975872042.666667,12
Fat Tree,106,68.2338953739732,6975872042.666667,12
Fat Tree,107,68.2447038478167,6975872042.666667,12
Fat Tree,108,68.25551232166018,6975872042.666667,12
Fat Tree,109,68.26632079550367,6975872042.666667,12
Fat Tree,110,68.27712926934717,6975872042.666667,12
Fat Tree,111,68.28793774319067,6975872042.666667,12
Fat Tree,112,68.29874621703415,6975872042.666667,12
Fat Tree,113,68.30955469087765,6975872042.666667,12
Fat Tree,114,68.32036316472114,6975872042.666667,12
Fat Tree,115,68.33117163856464,6975872042.666667,12
Fat Tree,116,68.34198011240812,6975872042.666667,12
Fat Tree,117,68.35278858625162,6975872042.666667,12
Fat Tree,118,68.36359706009512,6975872042.666667,12
Fat Tree,119,68.37440553393861,6975872042.666667,12
Fat Tree,120,68.3852140077821,6975872042.666667,12
Fat Tree,121,68.3960224816256,6975872042.666667,12
Fat Tree,122,68.40683095546909,6975872042.666667,12
Fat Tree,123,68.41763942931259,6975872042.666667,12
Fat Tree,124,68.42844790315607,6975872042.666667,12
Fat Tree,125,68.43925637699957,6975872042.666667,12
Fat Tree,126,68.45006485084306,6975872042.666667,12
Fat Tree,127,68.46087332468656,6975872042.666667,12
Fat Tree,128,68.47168179853004,6975872042.666667,12
Fat Tree,129,68.48249027237354,6975872042.666667,12
Fat Tree,130,68.49329874621704,6975872042.666667,12
Fat Tree,131,68.50410722006053,6975872042.666667,12
Fat Tree,132,68.51491569390402,6975872042.666667,12
Fat Tree,133,68.52572416774751,6975872042.666667,12
Fat Tree,134,68.53653264159101,6975872042.666667,12
Fat Tree,135,68.5473411154345,6975872042.666667,12
Fat Tree,136,68.55814958927799,6975872042.666667,12
Fat Tree,137,68.56895806312149,6975872042.666667,12
Fat Tree,138,68.57976653696498,6975872042.666667,12
Fat Tree,139,68.59057501080848,6975872042.666667,12
Fat Tree,140,68.60138348465196,6975872042.666667,12
Fat Tree,141,68.61219195849546,6975872042.666667,12
Fat Tree,142,68.62300043233896,6975872042.666667,12
Fat Tree,143,68.63380890618245,6975872042.666667,12
Fat Tree,144,68.64461738002593,6975872042.666667,12
Fat Tree,145,68.65542585386943,6975872042.666667,12
Fat Tree,146,68.66623432771293,6975872042.666667,12
Fat Tree,147,68.67704280155642,6975872042.666667,12
Fat Tree,148,68.68785127539991,6975872042.666667,12
Fat Tree,149,68.6986597492434,6975872042.666667,12
Fat Tree,150,68.7094682230869,6975872042.666667,12
Fat Tree,151,68.7202766969304,6975872042.666667,12
Fat Tree,152,68.73108517077388,6975872042.666667,12
Fat Tree,153,68.74189364461738,6975872042.666667,12
Fat Tree,154,68.75270211846087,6975872042.666667,12
Fat Tree,155,68.76351059230437,6975872042.666667,12
Fat Tree,156,68.77431906614785,6975872042.666667,12
Fat Tree,157,68.78512753999135,6975872042.666667,12
Fat Tree,158,68.79593601383485,6975872042.666667,12
Fat Tree,159,68.80674448767834,6975872042.666667,12
Fat Tree,160,68.81755296152183,6975872042.666667,12
Fat Tree,161,68.82836143536532,6975872042.666667,12
Fat Tree,162,68.83916990920882,6975872042.666667,12
Fat Tree,163,68.84997838305232,6975872042.666667,12
Fat Tree,164,68.8607868568958,6975872042.666667,12
Fat Tree,165,68.8715953307393,6975872042.666667,12
Fat Tree,166,68.8824038045828,6975872042.666667,12
Fat Tree,167,68.89321227842629,6975872042.666667,12
Fat Tree,168,68.90402075226977,6975872042.666667,12
Fat Tree,169,68.91482922611327,6975872042.666667,12
Fat Tree,170,68.92563769995677,6975872042.666667,12
Fat Tree,171,68.93644617380026,6975872042.666667,12
Fat Tree,172,68.94725464764375,6975872042.666667,12
Fat Tree,173,68.95806312148724,6975872042.666667,12
Fat Tree,174,68.96887159533074,6975872042.666667,12
Fat Tree,175,68.97968006917424,6975872042.666667,12
Fat Tree,176,68.99048854301772,6975872042.666667,12
Fat Tree,177,69.00129701686122,6975872042.666667,12
Fat Tree,178,69.01210549070471,6975872042.666667,12
Fat Tree,179,69.02291396454821,6975872042.666667,12
Fat Tree,180,69.03372243839169,6975872042.666667,12
Fat Tree,181,69.04453091223519,6975872042.666667,12
Fat Tree,182,69.05533938607869,6975872042.666667,12
Fat Tree,183,69.06614785992218,6975872042.666667,12
Fat Tree,184,69.07695633376566,6975872042.666667,12
Fat Tree,185,69.08776480760916,6975872042.666667,12
Fat Tree,186,69.09857328145266,6975872042.666667,12
Fat Tree,187,69.10938175529616,6975872042.666667,12
Fat Tree,188,69.12019022913964,6975872042.666667,12
Fat Tree,189,69.13099870298313,6975872042.666667,12
Fat Tree,190,69.14180717682663,6975872042.666667,12
Fat Tree,191,69.15261565067013,6975872042.666667,12
Fat Tree,192,69.16342412451361,6975872042.666667,12
Fat Tree,193,69.17423259835711,6975872042.666667,12
Fat Tree,194,69.1850410722006,6975872042.666667,12
Fat Tree,195,69.1958495460441,6975872042.666667,12
Fat Tree,196,69.20665801988758,6975872042.666667,12
Fat Tree,197,69.21746649373108,6975872042.666667,12
Fat Tree,198,69.22827496757458,6975872042.666667,12
Fat Tree,199,69.23908344141807,6975872042.666667,12
Fat Tree,200,69.24989191526156,6975872042.666667,12
Fat Tree,201,69.26070038910505,6975872042.666667,12
Fat Tree,202,69.27150886294855,6975872042.666667,12
Fat Tree,203,69.28231733679205,6975872042.666667,12
Fat Tree,204,69.29312581063553,6975872042.666667,12
Fat Tree,205,69.30393428447903,6975872042.666667,12
Fat Tree,206,69.31474275832252,6975872042.666667,12
Fat Tree,207,69.32555123216602,6975872042.666667,12
Fat Tree,208,69.3363597060095,6975872042.666667,12
Fat Tree,209,69.347168179853,6975872042.666667,12
Fat Tree,210,69.3579766536965,6975872042.666667,12
Fat Tree,211,69.36878512754,6975872042.666667,12
Fat Tree,212,69.37959360138348,6975872042.666667,12
Fat Tree,213,69.39040207522697,6975872042.666667,12
Fat Tree,214,69.40121054907047,6975872042.666667,12
Fat Tree,215,69.41201902291397,6975872042.666667,12
Fat Tree,216,69.42282749675745,6975872042.666667,12
Fat Tree,217,69.43363597060095,6975872042.666667,12
Fat Tree,218,69.44444444444444,6975872042.666667,12
Fat Tree,219,69.45525291828794,6975872042.666667,12
Fat Tree,220,69.46606139213142,6975872042.666667,12
Fat Tree,221,69.47686986597492,6975872042.666667,12
Fat Tree,222,69.48767833981842,6975872042.666667,12
Fat Tree,223,69.49848681366191,6975872042.666667,12
Fat Tree,224,69.5092952875054,6975872042.666667,12
Fat Tree,225,69.52010376134889,6975872042.666667,12
Fat Tree,226,69.53091223519239,6975872042.666667,12
Fat Tree,227,69.54172070903589,6975872042.666667,12
Fat Tree,228,69.55252918287937,6975872042.666667,12
Fat Tree,229,69.56333765672287,6975872042.666667,12
Fat Tree,230,69.57414613056636,6975872042.666667,12
Fat Tree,231,69.58495460440986,6975872042.666667,12
Fat Tree,232,69.59576307825334,6975872042.666667,12
Fat Tree,233,69.60657155209684,6975872042.666667,12
Fat Tree,234,69.61738002594034,6975872042.666667,12
Fat Tree,235,69.62818849978383,6975872042.666667,12
Fat Tree,236,69.63899697362733,6975872042.666667,12
Fat Tree,237,69.64980544747083,6975872042.666667,12
Fat Tree,238,69.66061392131432,6975872042.666667,12
Fat Tree,239,69.6714223951578,6975872042.666667,12
Fat Tree,240,69.68223086900129,6975872042.666667,12
Fat Tree,241,69.69303934284478,6975872042.666667,12
Fat Tree,242,69.70384781668828,6975872042.666667,12
Fat Tree,243,69.71465629053178,6975872042.666667,12
Fat Tree,244,69.72546476437527,6975872042.666667,12
Fat Tree,245,69.73627323821877,6975872042.666667,12
Fat Tree,246,69.74708171206227,6975872042.666667,12
Fat Tree,247,69.75789018590575,6975872042.666667,12
Fat Tree,248,69.76869865974923,6975872042.666667,12
Fat Tree,249,69.77950713359273,6975872042.666667,12
Fat Tree,250,69.79031560743623,6975872042.666667,12
Fat Tree,251,69.80112408127972,6975872042.666667,12
Fat Tree,252,69.81193255512322,6975872042.666667,12
Fat Tree,253,69.82274102896672,6975872042.666667,12
Fat Tree,254,69.83354950281021,6975872042.666667,12
Fat Tree,255,69.8443579766537,6975872042.666667,12
Fat Tree,256,69.85516645049718,6975872042.666667,12
Fat Tree,257,69.86597492434068,6975872042.666667,12
Fat Tree,258,69.87678339818417,6975872042.666667,12
Fat Tree,259,69.88759187202767,6975872042.666667,12
Fat Tree,260,69.89840034587117,6975872042.666667,12
Fat Tree,261,69.90920881971466,6975872042.666667,12
Fat Tree,262,69.92001729355816,6975872042.666667,12
Fat Tree,263,69.93082576740164,6975872042.666667,12
Fat Tree,264,69.94163424124513,6975872042.666667,12
Fat Tree,265,69.95244271508862,6975872042.666667,12
Fat Tree,266,69.96325118893212,6975872042.666667,12
Fat Tree,267,69.97405966277562,6975872042.666667,12
Fat Tree,268,69.98486813661911,6975872042.666667,12
Fat Tree,269,69.99567661046261,6975872042.666667,12
Fat Tree,270,70.0064850843061,6975872042.666667,12
Fat Tree,271,70.01729355814959,6975872042.666667,12
Fat Tree,272,70.02810203199307,6975872042.666667,12
Fat Tree,273,70.03891050583657,6975872042.666667,12
Fat Tree,274,70.04971897968007,6975872042.666667,12
Fat Tree,275,70.06052745352356,6975872042.666667,12
Fat Tree,276,70.07133592736706,6975872042.666667,12
Fat Tree,277,70.08214440121056,6975872042.666667,12
Fat Tree,278,70.09295287505405,6975872042.666667,12
Fat Tree,279,70.10376134889754,6975872042.666667,12
Fat Tree,280,70.11456982274102,6975872042.666667,12
Fat Tree,281,70.12537829658451,6975872042.666667,12
Fat Tree,282,70.13618677042801,6975872042.666667,12
Fat Tree,283,70.14699524427151,6975872042.666667,12
Fat Tree,284,70.157803718115,6975872042.666667,12
Fat Tree,285,70.1686121919585,6975872042.666667,12
Fat Tree,286,70.179420665802,6975872042.666667,12
Fat Tree,287,70.19022913964548,6975872042.666667,12
Fat Tree,288,70.20103761348896,6975872042.666667,12
Fat Tree,289,70.21184608733246,6975872042.666667,12
Fat Tree,290,70.22265456117596,6975872042.666667,12
Fat Tree,291,70.23346303501945,6975872042.666667,12
Fat Tree,292,70.24427150886295,6975872042.666667,12
Fat Tree,293,70.25507998270645,6975872042.666667,12
Fat Tree,294,70.26588845654994,6975872042.666667,12
Fat Tree,295,70.27669693039343,6975872042.666667,12
Fat Tree,296,70.28750540423691,6975872042.666667,12
Fat Tree,297,70.2983138780804,6975872042.666667,12
Fat Tree,298,70.3091223519239,6975872042.666667,12
Fat Tree,299,70.3199308257674,6975872042.666667,12
Fat Tree,300,70.3307392996109,6975872042.666667,12
Fat Tree,301,70.3415477734544,6975872042.666667,12
Fat Tree,302,70.35235624729789,6975872042.666667,12
Fat Tree,303,70.36316472114137,6975872042.666667,12
Fat Tree,304,70.37397319498486,6975872042.666667,12
Fat Tree,305,70.38478166882835,6975872042.666667,12
Fat Tree,306,70.39559014267185,6975872042.666667,12
Fat Tree,307,70.40639861651535,6975872042.666667,12
Fat Tree,308,70.41720709035884,6975872042.666667,12
Fat Tree,309,70.42801556420234,6975872042.666667,12
Fat Tree,310,70.43882403804584,6975872042.666667,12
Fat Tree,311,70.44963251188932,6975872042.666667,12
Fat Tree,312,70.4604409857328,6975872042.666667,12
Fat Tree,313,70.4712494595763,6975872042.666667,12
Fat Tree,314,70.4820579334198,6975872042.666667,12
Fat Tree,315,70.49286640726329,6975872042.666667,12
Fat Tree,316,70.50367488110679,6975872042.666667,12
Fat Tree,317,70.51448335495029,6975872042.666667,12
Fat Tree,318,70.52529182879378,6975872042.666667,12
Fat Tree,319,70.53610030263727,6975872042.666667,12
Fat Tree,320,70.54690877648075,6975872042.666667,12
Fat Tree,321,70.55771725032425,6975872042.666667,12
Fat Tree,322,70.56852572416774,6975872042.666667,12
Fat Tree,323,70.57933419801124,6975872042.666667,12
Fat Tree,324,70.59014267185474,6975872042.666667,12
Fat Tree,325,70.60095114569823,6975872042.666667,12
Fat Tree,326,70.61175961954173,6975872042.666667,12
Fat Tree,327,70.62256809338521,6975872042.666667,12
Fat Tree,328,70.6333765672287,6975872042.666667,12
Fat Tree,329,70.64418504107219,6975872042.666667,12
Fat Tree,330,70.65499351491569,6975872042.666667,12
Fat Tree,331,70.66580198875918,6975872042.666667,12
Fat Tree,332,70.67661046260268,6975872042.666667,12
Fat Tree,333,70.68741893644618,6975872042.666667,12
Fat Tree,334,70.69822741028968,6975872042.666667,12
Fat Tree,335,70.70903588413316,6975872042.666667,12
Fat Tree,336,70.71984435797664,6975872042.666667,12
Fat Tree,337,70.73065283182014,6975872042.666667,12
Fat Tree,338,70.74146130566363,6975872042.666667,12
Fat Tree,339,70.75226977950713,6975872042.666667,12
Fat Tree,340,70.76307825335063,6975872042.666667,12
Fat Tree,341,70.77388672719412,6975872042.666667,12
Fat Tree,342,70.78469520103762,6975872042.666667,12
Fat Tree,343,70.7955036748811,6975872042.666667,12
Fat Tree,344,70.80631214872459,6975872042.666667,12
Fat Tree,345,70.81712062256808,6975872042.666667,12
Fat Tree,346,70.82792909641158,6975872042.666667,12
Fat Tree,347,70.83873757025508,6975872042.666667,12
Fat Tree,348,70.84954604409857,6975872042.666667,12
Fat Tree,349,70.86035451794207,6975872042.666667,12
Fat Tree,350,70.87116299178557,6975872042.666667,12
Fat Tree,351,70.88197146562905,6975872042.666667,12
Fat Tree,352,70.89277993947253,6975872042.666667,12
Fat Tree,353,70.90358841331603,6975872042.666667,12
Fat Tree,354,70.91439688715953,6975872042.666667,12
Fat Tree,355,70.92520536100302,6975872042.666667,12
Fat Tree,356,70.93601383484652,6975872042.666667,12
Fat Tree,357,70.94682230869002,6975872042.666667,12
Fat Tree,358,70.95763078253351,6975872042.666667,12
Fat Tree,359,70.968439256377,6975872042.666667,12
Fat Tree,360,70.97924773022048,6975872042.666667,12
Fat Tree,361,70.99005620406398,6975872042.666667,12
Fat Tree,362,71.00086467790747,6975872042.666667,12
Fat Tree,363,71.01167315175097,6975872042.666667,12
Fat Tree,364,71.02248162559447,6975872042.666667,12
Fat Tree,365,71.03329009943796,6975872042.666667,12
Fat Tree,366,71.04409857328146,6975872042.666667,12
Fat Tree,367,71.05490704712494,6975872042.666667,12
Fat Tree,368,71.06571552096844,6975872042.666667,12
Fat Tree,369,71.07652399481194,6975872042.666667,12
Fat Tree,370,71.08733246865543,6975872042.666667,12
Fat Tree,371,71.09814094249892,6975872042.666667,12
Fat Tree,372,71.10894941634241,6975872042.666667,12
Fat Tree,373,71.11975789018591,6975872042.666667,12
Fat Tree,374,71.1305663640294,6975872042.666667,12
Fat Tree,375,71.14137483787289,6975872042.666667,12
Fat Tree,376,71.15218331171639,6975872042.666667,12
Fat Tree,377,71.16299178555988,6975872042.666667,12
Fat Tree,378,71.17380025940338,6975872042.666667,12
Fat Tree,379,71.18460873324686,6975872042.666667,12
Fat Tree,380,71.19541720709036,6975872042.666667,12
Fat Tree,381,71.20622568093385,6975872042.666667,12
Fat Tree,382,71.21703415477735,6975872042.666667,12
Fat Tree,383,71.22784262862083,6975872042.666667,12
Fat Tree,384,71.23865110246433,6975872042.666667,12
Fat Tree,385,71.24945957630783,6975872042.666667,12
Fat Tree,386,71.26026805015132,6975872042.666667,12
Fat Tree,387,71.27107652399481,6975872042.666667,12
Fat Tree,388,71.2818849978383,6975872042.666667,12
Fat Tree,389,71.2926934716818,6975872042.666667,12
Fat Tree,390,71.3035019455253,6975872042.666667,12
Fat Tree,391,71.31431041936878,6975872042.666667,12
Fat Tree,392,71.32511889321228,6975872042.666667,12
Fat Tree,393,71.33592736705577,6975872042.666667,12
Fat Tree,394,71.34673584089927,6975872042.666667,12
Fat Tree,395,71.35754431474275,6975872042.666667,12
Fat Tree,396,71.36835278858625,6975872042.666667,12
Fat Tree,397,71.37916126242975,6975872042.666667,12
Fat Tree,398,71.38996973627324,6975872042.666667,12
Fat Tree,399,71.40077821011673,6975872042.666667,12
Fat Tree,400,71.41158668396022,6975872042.666667,12
Fat Tree,401,71.42239515780372,6975872042.666667,12
Fat Tree,402,71.43320363164722,6975872042.666667,12
Fat Tree,403,71.4440121054907,6975872042.666667,12
Fat Tree,404,71.4548205793342,6975872042.666667,12
Fat Tree,405,71.4656290531777,6975872042.666667,12
Fat Tree,406,71.47643752702119,6975872042.666667,12
Fat Tree,407,71.48724600086467,6975872042.666667,12
Fat Tree,408,71.49805447470817,6975872042.666667,12
Fat Tree,409,71.50886294855167,6975872042.666667,12
Fat Tree,410,71.51967142239516,6975872042.666667,12
Fat Tree,411,71.53047989623865,6975872042.666667,12
Fat Tree,412,71.54128837008214,6975872042.666667,12
Fat Tree,413,71.55209684392564,6975872042.666667,12
Fat Tree,414,71.56290531776914,6975872042.666667,12
Fat Tree,415,71.57371379161262,6975872042.666667,12
Fat Tree,416,71.58452226545612,6975872042.666667,12
Fat Tree,417,71.59533073929961,6975872042.666667,12
Fat Tree,418,71.60613921314311,6975872042.666667,12
Fat Tree,419,71.61694768698659,6975872042.666667,12
Fat Tree,420,71.62775616083009,6975872042.666667,12
Fat Tree,421,71.63856463467359,6975872042.666667,12
Fat Tree,422,71.64937310851708,6975872042.666667,12
Fat Tree,423,71.66018158236056,6975872042.666667,12
Fat Tree,424,71.67099005620406,6975872042.666667,12
Fat Tree,425,71.68179853004756,6975872042.666667,12
Fat Tree,426,71.69260700389106,6975872042.666667,12
Fat Tree,427,71.70341547773454,6975872042.666667,12
Fat Tree,428,71.71422395157803,6975872042.666667,12
Fat Tree,429,71.72503242542153,6975872042.666667,12
Fat Tree,430,71.73584089926503,6975872042.666667,12
Fat Tree,431,71.74664937310851,6975872042.666667,12
Fat Tree,432,71.75745784695201,6975872042.666667,12
Fat Tree,433,71.7682663207955,6975872042.666667,12
Fat Tree,434,71.779074794639,6975872042.666667,12
Fat Tree,435,71.78988326848248,6975872042.666667,12
Fat Tree,436,71.80069174232598,6975872042.666667,12
Fat Tree,437,71.81150021616948,6975872042.666667,12
Fat Tree,438,71.82230869001297,6975872042.666667,12
Fat Tree,439,71.83311716385646,6975872042.666667,12
Fat Tree,440,71.84392563769995,6975872042.666667,12
Fat Tree,441,71.85473411154345,6975872042.666667,12
Fat Tree,442,71.86554258538695,6975872042.666667,12
Fat Tree,443,71.87635105923043,6975872042.666667,12
Fat Tree,444,71.88715953307393,6975872042.666667,12
Fat Tree,445,71.89796800691742,6975872042.666667,12
Fat Tree,446,71.90877648076092,6975872042.666667,12
Fat Tree,447,71.9195849546044,6975872042.666667,12
Fat Tree,448,71.9303934284479,6975872042.666667,12
Fat Tree,449,71.9412019022914,6975872042.666667,12
Fat Tree,450,71.9520103761349,6975872042.666667,12
Fat Tree,451,71.96281884997838,6975872042.666667,12
Fat Tree,452,71.97362732382187,6975872042.666667,12
Fat Tree,453,71.98443579766537,6975872042.666667,12
Fat Tree,454,71.99524427150887,6975872042.666667,12
Fat Tree,455,72.00605274535235,6975872042.666667,12
Fat Tree,456,72.01686121919585,6975872042.666667,12
Fat Tree,457,72.02766969303934,6975872042.666667,12
Fat Tree,458,72.03847816688284,6975872042.666667,12
Fat Tree,459,72.04928664072632,6975872042.666667,12
Fat Tree,460,72.06009511456982,6975872042.666667,12
Fat Tree,461,72.07090358841332,6975872042.666667,12
Fat Tree,462,72.08171206225681,6975872042.666667,12
Fat Tree,463,72.0925205361003,6975872042.666667,12
Fat Tree,464,72.10332900994379,6975872042.666667,12
Fat Tree,465,72.11413748378729,6975872042.666667,12
Fat Tree,466,72.12494595763079,6975872042.666667,12
Fat Tree,467,72.13575443147427,6975872042.666667,12
Fat Tree,468,72.14656290531777,6975872042.666667,12
Fat Tree,469,72.15737137916126,6975872042.666667,12
Fat Tree,470,72.16817985300476,6975872042.666667,12
Fat Tree,471,72.17898832684824,6975872042.666667,12
Fat Tree,472,72.18979680069174,6975872042.666667,12
Fat Tree,473,72.20060527453523,6975872042.666667,12
Fat Tree,474,72.21141374837873,6975872042.666667,12
Fat Tree,475,72.22222222222221,6975872042.666667,12
Fat Tree,476,72.23303069606571,6975872042.666667,12
Fat Tree,477,72.24383916990921,6975872042.666667,12
Fat Tree,478,72.2546476437527,6975872042.666667,12
Fat Tree,479,72.26545611759619,6975872042.666667,12
Fat Tree,480,72.27626459143968,6975872042.666667,12
Fat Tree,481,72.28707306528318,6975872042.666667,12
Fat Tree,482,72.29788153912668,6975872042.666667,12
Fat Tree,483,72.30869001297016,6975872042.666667,12
Fat Tree,484,72.31949848681366,6975872042.666667,12
Fat Tree,485,72.33030696065715,6975872042.666667,12
Fat Tree,486,72.34111543450065,6975872042.666667,12
Fat Tree,487,72.35192390834413,6975872042.666667,12
Fat Tree,488,72.36273238218763,6975872042.666667,12
Fat Tree,489,72.37354085603113,6975872042.666667,12
Fat Tree,490,72.38434932987462,6975872042.666667,12
Fat Tree,491,72.3951578037181,6975872042.666667,12
Fat Tree,492,72.4059662775616,6975872042.666667,12
Fat Tree,493,72.4167747514051,6975872042.666667,12
Fat Tree,494,72.4275832252486,6975872042.666667,12
Fat Tree,495,72.43839169909208,6975872042.666667,12
Fat Tree,496,72.44920017293558,6975872042.666667,12
Fat Tree,497,72.46000864677907,6975872042.666667,12
Fat Tree,498,72.47081712062257,6975872042.666667,12
Fat Tree,499,72.48162559446605,6975872042.666667,12
Fat Tree,500,72.49243406830955,6975872042.666667,12
Fat Tree,501,72.50324254215305,6975872042.666667,12
Fat Tree,502,72.51405101599654,6975872042.666667,12
Fat Tree,503,72.52485948984003,6975872042.666667,12
Fat Tree,504,72.53566796368352,6975872042.666667,12
Fat Tree,505,72.54647643752702,6975872042.666667,12
Fat Tree,506,72.55728491137052,6975872042.666667,12
Fat Tree,507,72.568093385214,6975872042.666667,12
Fat Tree,508,72.5789018590575,6975872042.666667,12
Fat Tree,509,72.58971033290099,6975872042.666667,12
Fat Tree,510,72.60051880674449,6975872042.666667,12
Fat Tree,511,72.61132728058797,6975872042.666667,12
Fat Tree,512,72.62213575443147,6975872042.666667,12
Fat Tree,513,72.63294422827497,6975872042.666667,12
Fat Tree,514,72.64375270211846,6975872042.666667,12
Fat Tree,515,72.65456117596194,6975872042.666667,12
Fat Tree,516,72.66536964980544,6975872042.666667,12
Fat Tree,517,72.67617812364894,6975872042.666667,12
Fat Tree,518,72.68698659749244,6975872042.666667,12
Fat Tree,519,72.69779507133592,6975872042.666667,12
Fat Tree,520,72.70860354517941,6975872042.666667,12
Fat Tree,521,72.71941201902291,6975872042.666667,12
Fat Tree,522,72.73022049286641,6975872042.666667,12
Fat Tree,523,72.74102896670989,6975872042.666667,12
Fat Tree,524,72.75183744055339,6975872042.666667,12
Fat Tree,525,72.76264591439688,6975872042.666667,12
Fat Tree,526,72.77345438824038,6975872042.666667,12
Fat Tree,527,72.78426286208388,6975872042.666667,12
Fat Tree,528,72.79507133592737,6975872042.666667,12
Fat Tree,529,72.80587980977087,6975872042.666667,12
Fat Tree,530,72.81668828361435,6975872042.666667,12
Fat Tree,531,72.82749675745784,6975872042.666667,12
Fat Tree,532,72.83830523130133,6975872042.666667,12
Fat Tree,533,72.84911370514483,6975872042.666667,12
Fat Tree,534,72.85992217898833,6975872042.666667,12
Fat Tree,535,72.87073065283182,6975872042.666667,12
Fat Tree,536,72.88153912667532,6975872042.666667,12
Fat Tree,537,72.89234760051882,6975872042.666667,12
Fat Tree,538,72.9031560743623,6975872042.666667,12
Fat Tree,539,72.91396454820578,6975872042.666667,12
Fat Tree,540,72.92477302204928,6975872042.666667,12
Fat Tree,541,72.93558149589278,6975872042.666667,12
Fat Tree,542,72.94638996973627,6975872042.666667,12
Fat Tree,543,72.95719844357977,6975872042.666667,12
Fat Tree,544,72.96800691742327,6975872042.666667,12
Fat Tree,545,72.97881539126676,6975872042.666667,12
Fat Tree,546,72.98962386511025,6975872042.666667,12
Fat Tree,547,73.00043233895373,6975872042.666667,12
Fat Tree,548,73.01124081279723,6975872042.666667,12
Fat Tree,549,73.02204928664072,6975872042.666667,12
Fat Tree,550,73.03285776048422,6975872042.666667,12
Fat Tree,551,73.04366623432772,6975872042.666667,12
Fat Tree,552,73.05447470817121,6975872042.666667,12
Fat Tree,553,73.06528318201471,6975872042.666667,12
Fat Tree,554,73.07609165585819,6975872042.666667,12
Fat Tree,555,73.08690012970168,6975872042.666667,12
Fat Tree,556,73.09770860354517,6975872042.666667,12
Fat Tree,557,73.10851707738867,6975872042.666667,12
Fat Tree,558,73.11932555123217,6975872042.666667,12
Fat Tree,559,73.13013402507566,6975872042.666667,12
Fat Tree,560,73.14094249891916,6975872042.666667,12
Fat Tree,561,73.15175097276266,6975872042.666667,12
Fat Tree,562,73.16255944660614,6975872042.666667,12
Fat Tree,563,73.17336792044962,6975872042.666667,12
Fat Tree,564,73.18417639429312,6975872042.666667,12
Fat Tree,565,73.19498486813661,6975872042.666667,12
Fat Tree,566,73.20579334198011,6975872042.666667,12
Fat Tree,567,73.21660181582361,6975872042.666667,12
Fat Tree,568,73.2274102896671,6975872042.666667,12
Fat Tree,569,73.2382187635106,6975872042.666667,12
Fat Tree,570,73.24902723735408,6975872042.666667,12
Fat Tree,571,73.25983571119757,6975872042.666667,12
Fat Tree,572,73.27064418504106,6975872042.666667,12
Fat Tree,573,73.28145265888456,6975872042.666667,12
Fat Tree,574,73.29226113272806,6975872042.666667,12
Fat Tree,575,73.30306960657155,6975872042.666667,12
Fat Tree,576,73.31387808041505,6975872042.666667,12
Fat Tree,577,73.32468655425855,6975872042.666667,12
Fat Tree,578,73.33549502810203,6975872042.666667,12
Fat Tree,579,73.34630350194551,6975872042.666667,12
Fat Tree,580,73.35711197578901,6975872042.666667,12
Fat Tree,581,73.3679204496325,6975872042.666667,12
Fat Tree,582,73.378728923476,6975872042.666667,12
Fat Tree,583,73.3895373973195,6975872042.666667,12
Fat Tree,584,73.400345871163,6975872042.666667,12
Fat Tree,585,73.4111543450065,6975872042.666667,12
Fat Tree,586,73.42196281884998,6975872042.666667,12
Fat Tree,587,73.43277129269346,6975872042.666667,12
Fat Tree,588,73.44357976653696,6975872042.666667,12
Fat Tree,589,73.45438824038045,6975872042.666667,12
Fat Tree,590,73.46519671422395,6975872042.666667,12
Fat Tree,591,73.47600518806745,6975872042.666667,12
Fat Tree,592,73.48681366191094,6975872042.666667,12
Fat Tree,593,73.49762213575444,6975872042.666667,12
Fat Tree,594,73.50843060959792,6975872042.666667,12
Fat Tree,595,73.5192390834414,6975872042.666667,12
Fat Tree,596,73.5300475572849,6975872042.666667,12
Fat Tree,597,73.5408560311284,6975872042.666667,12
Fat Tree,598,73.5516645049719,6975872042.666667,12
Fat Tree,599,73.56247297881539,6975872042.666667,12
Fat Tree,600,73.57328145265889,6975872042.666667,12
Fat Tree,601,73.58408992650239,6975872042.666667,12
Fat Tree,602,73.59489840034587,6975872042.666667,12
Fat Tree,603,73.60570687418935,6975872042.666667,12
Fat Tree,604,73.61651534803285,6975872042.666667,12
Fat Tree,605,73.62732382187635,6975872042.666667,12
Fat Tree,606,73.63813229571984,6975872042.666667,12
Fat Tree,607,73.64894076956334,6975872042.666667,12
Fat Tree,608,73.65974924340684,6975872042.666667,12
Fat Tree,609,73.67055771725033,6975872042.666667,12
Fat Tree,610,73.68136619109382,6975872042.666667,12
Fat Tree,611,73.6921746649373,6975872042.666667,12
Fat Tree,612,73.7029831387808,6975872042.666667,12
Fat Tree,613,73.71379161262429,6975872042.666667,12
Fat Tree,614,73.72460008646779,6975872042.666667,12
Fat Tree,615,73.73540856031128,6975872042.666667,12
Fat Tree,616,73.74621703415478,6975872042.666667,12
Fat Tree,617,73.75702550799828,6975872042.666667,12
Fat Tree,618,73.76783398184176,6975872042.666667,12
Fat Tree,619,73.77864245568524,6975872042.666667,12
Fat Tree,620,73.78945092952874,6975872042.666667,12
Fat Tree,621,73.80025940337224,6975872042.666667,12
Fat Tree,622,73.81106787721573,6975872042.666667,12
Fat Tree,623,73.82187635105923,6975872042.666667,12
Fat Tree,624,73.83268482490273,6975872042.666667,12
Fat Tree,625,73.84349329874622,6975872042.666667,12
Fat Tree,626,73.85430177258971,6975872042.666667,12
Fat Tree,627,73.86511024643319,6975872042.666667,12
Fat Tree,628,73.87591872027669,6975872042.666667,12
Fat Tree,629,73.88672719412018,6975872042.666667,12
Fat Tree,630,73.89753566796368,6975872042.666667,12
Fat Tree,631,73.90834414180718,6975872042.666667,12
Fat Tree,632,73.91915261565067,6975872042.666667,12
Fat Tree,633,73.92996108949417,6975872042.666667,12
Fat Tree,634,73.94076956333765,6975872042.666667,12
Fat Tree,635,73.95157803718114,6975872042.666667,12
Fat Tree,636,73.96238651102463,6975872042.666667,12
Fat Tree,637,73.97319498486813,6975872042.666667,12
Fat Tree,638,73.98400345871163,6975872042.666667,12
Fat Tree,639,73.99481193255512,6975872042.666667,12
Fat Tree,640,74.00562040639862,6975872042.666667,12
Fat Tree,641,74.01642888024212,6975872042.666667,12
Fat Tree,642,74.0272373540856,6975872042.666667,12
Fat Tree,643,74.03804582792908,6975872042.666667,12
Fat Tree,644,74.04885430177258,6975872042.666667,12
Fat Tree,645,74.05966277561608,6975872042.666667,12
Fat Tree,646,74.07047124945957,6975872042.666667,12
Fat Tree,647,74.08127972330307,6975872042.666667,12
Fat Tree,648,74.09208819714657,6975872042.666667,12
Fat Tree,649,74.10289667099006,6975872042.666667,12
Fat Tree,650,74.11370514483355,6975872042.666667,12
Fat Tree,651,74.12451361867703,6975872042.666667,12
Fat Tree,652,74.13532209252054,6975872042.666667,12
Fat Tree,653,74.14613056636404,6975872042.666667,12
Fat Tree,654,74.15693904020753,6975872042.666667,12
Fat Tree,655,74.16774751405102,6975872042.666667,12
Fat Tree,656,74.17855598789451,6975872042.666667,12
Fat Tree,657,74.18936446173801,6975872042.666667,12
Fat Tree,658,74.20017293558149,6975872042.666667,12
Fat Tree,659,74.21098140942499,6975872042.666667,12
Fat Tree,660,74.22178988326849,6975872042.666667,12
Fat Tree,661,74.23259835711198,6975872042.666667,12
Fat Tree,662,74.24340683095548,6975872042.666667,12
Fat Tree,663,74.25421530479896,6975872042.666667,12
Fat Tree,664,74.26502377864246,6975872042.666667,12
Fat Tree,665,74.27583225248596,6975872042.666667,12
Fat Tree,666,74.28664072632944,6975872042.666667,12
Fat Tree,667,74.29744920017293,6975872042.666667,12
Fat Tree,668,74.30825767401643,6975872042.666667,12
Fat Tree,669,74.31906614785993,6975872042.666667,12
Fat Tree,670,74.32987462170342,6975872042.666667,12
Fat Tree,671,74.34068309554691,6975872042.666667,12
Fat Tree,672,74.3514915693904,6975872042.666667,12
Fat Tree,673,74.3623000432339,6975872042.666667,12
Fat Tree,674,74.37310851707738,6975872042.666667,12
Fat Tree,675,74.38391699092088,6975872042.666667,12
Fat Tree,676,74.39472546476438,6975872042.666667,12
Fat Tree,677,74.40553393860787,6975872042.666667,12
Fat Tree,678,74.41634241245137,6975872042.666667,12
Fat Tree,679,74.42715088629485,6975872042.666667,12
Fat Tree,680,74.43795936013835,6975872042.666667,12
Fat Tree,681,74.44876783398185,6975872042.666667,12
Fat Tree,682,74.45957630782533,6975872042.666667,12
Fat Tree,683,74.47038478166883,6975872042.666667,12
Fat Tree,684,74.48119325551232,6975872042.666667,12
Fat Tree,685,74.49200172935582,6975872042.666667,12
Fat Tree,686,74.50281020319932,6975872042.666667,12
Fat Tree,687,74.5136186770428,6975872042.666667,12
Fat Tree,688,74.5244271508863,6975872042.666667,12
Fat Tree,689,74.5352356247298,6975872042.666667,12
Fat Tree,690,74.54604409857328,6975872042.666667,12
Fat Tree,691,74.55685257241677,6975872042.666667,12
Fat Tree,692,74.56766104626027,6975872042.666667,12
Fat Tree,693,74.57846952010377,6975872042.666667,12
Fat Tree,694,74.58927799394726,6975872042.666667,12
Fat Tree,695,74.60008646779075,6975872042.666667,12
Fat Tree,696,74.61089494163424,6975872042.666667,12
Fat Tree,697,74.62170341547774,6975872042.666667,12
Fat Tree,698,74.63251188932122,6975872042.666667,12
Fat Tree,699,74.64332036316472,6975872042.666667,12
Fat Tree,700,74.65412883700822,6975872042.666667,12
Fat Tree,701,74.66493731085171,6975872042.666667,12
Fat Tree,702,74.67574578469521,6975872042.666667,12
Fat Tree,703,74.68655425853869,6975872042.666667,12
Fat Tree,704,74.69736273238219,6975872042.666667,12
Fat Tree,705,74.70817120622569,6975872042.666667,12
Fat Tree,706,74.71897968006917,6975872042.666667,12
Fat Tree,707,74.72978815391266,6975872042.666667,12
Fat Tree,708,74.74059662775616,6975872042.666667,12
Fat Tree,709,74.75140510159966,6975872042.666667,12
Fat Tree,710,74.76221357544316,6975872042.666667,12
Fat Tree,711,74.77302204928664,6975872042.666667,12
Fat Tree,712,74.78383052313013,6975872042.666667,12
Fat Tree,713,74.79463899697363,6975872042.666667,12
Fat Tree,714,74.80544747081711,6975872042.666667,12
Fat Tree,715,74.81625594466061,6975872042.666667,12
Fat Tree,716,74.82706441850411,6975872042.666667,12
Fat Tree,717,74.8378728923476,6975872042.666667,12
Fat Tree,718,74.8486813661911,6975872042.666667,12
Fat Tree,719,74.85948984003458,6975872042.666667,12
Fat Tree,720,74.87029831387808,6975872042.666667,12
Fat Tree,721,74.88110678772158,6975872042.666667,12
Fat Tree,722,74.89191526156506,6975872042.666667,12
Fat Tree,723,74.90272373540856,6975872042.666667,12
Fat Tree,724,74.91353220925205,6975872042.666667,12
Fat Tree,725,74.92434068309555,6975872042.666667,12
Fat Tree,726,74.93514915693905,6975872042.666667,12
Fat Tree,727,74.94595763078253,6975872042.666667,12
Fat Tree,728,74.95676610462603,6975872042.666667,12
Fat Tree,729,74.96757457846952,6975872042.666667,12
Fat Tree,730,74.978383052313,6975872042.666667,12
Fat Tree,731,74.9891915261565,6975872042.666667,12
Fat Tree,732,75.0,6975872042.666667,12
Fat Tree,733,75.0108084738435,6975872042.666667,12
Fat Tree,734,75.021616947687,6975872042.666667,12
Fat Tree,735,75.03242542153048,6975872042.666667,12
Fat Tree,736,75.04323389537397,6975872042.666667,12
Fat Tree,737,75.05404236921747,6975872042.666667,12
Fat Tree,738,75.06485084306095,6975872042.666667,12
Fat Tree,739,75.07565931690445,6975872042.666667,12
Fat Tree,740,75.08646779074795,6975872042.666667,12
Fat Tree,741,75.09727626459144,6975872042.666667,12
Fat Tree,742,75.10808473843494,6975872042.666667,12
Fat Tree,743,75.11889321227842,6975872042.666667,12
Fat Tree,744,75.12970168612192,6975872042.666667,12
Fat Tree,745,75.14051015996542,6975872042.666667,12
Fat Tree,746,75.1513186338089,6975872042.666667,12
Fat Tree,747,75.1621271076524,6975872042.666667,12
Fat Tree,748,75.17293558149589,6975872042.666667,12
Fat Tree,749,75.18374405533939,6975872042.666667,12
Fat Tree,750,75.19455252918289,6975872042.666667,12
Fat Tree,751,75.20536100302637,6975872042.666667,12
Fat Tree,752,75.21616947686987,6975872042.666667,12
Fat Tree,753,75.22697795071336,6975872042.666667,12
Fat Tree,754,75.23778642455684,6975872042.666667,12
Fat Tree,755,75.24859489840034,6975872042.666667,12
Fat Tree,756,75.25940337224384,6975872042.666667,12
Fat Tree,757,75.27021184608734,6975872042.666667,12
Fat Tree,758,75.28102031993083,6975872042.666667,12
Fat Tree,759,75.29182879377431,6975872042.666667,12
Fat Tree,760,75.30263726761781,6975872042.666667,12
Fat Tree,761,75.31344574146131,6975872042.666667,12
Fat Tree,762,75.32425421530479,6975872042.666667,12
Fat Tree,763,75.33506268914829,6975872042.666667,12
Fat Tree,764,75.34587116299178,6975872042.666667,12
Fat Tree,765,75.35667963683528,6975872042.666667,12
Fat Tree,766,75.36748811067878,6975872042.666667,12
Fat Tree,767,75.37829658452226,6975872042.666667,12
Fat Tree,768,75.38910505836576,6975872042.666667,12
Fat Tree,769,75.39991353220925,6975872042.666667,12
Fat Tree,770,75.41072200605274,6975872042.666667,12
Fat Tree,771,75.42153047989623,6975872042.666667,12
Fat Tree,772,75.43233895373973,6975872042.666667,12
Fat Tree,773,75.44314742758323,6975872042.666667,12
Fat Tree,774,75.45395590142672,6975872042.666667,12
Fat Tree,775,75.4647643752702,6975872042.666667,12
Fat Tree,776,75.4755728491137,6975872042.666667,12
Fat Tree,777,75.4863813229572,6975872042.666667,12
Fat Tree,778,75.49718979680068,6975872042.666667,12
Fat Tree,779,75.50799827064418,6975872042.666667,12
Fat Tree,780,75.51880674448768,6975872042.666667,12
Fat Tree,781,75.52961521833117,6975872042.666667,12
Fat Tree,782,75.54042369217467,6975872042.666667,12
Fat Tree,783,75.55123216601815,6975872042.666667,12
Fat Tree,784,75.56204063986165,6975872042.666667,12
Fat Tree,785,75.57284911370515,6975872042.666667,12
Fat Tree,786,75.58365758754863,6975872042.666667,12
Fat Tree,787,75.59446606139213,6975872042.666667,12
Fat Tree,788,75.60527453523562,6975872042.666667,12
Fat Tree,789,75.61608300907912,6975872042.666667,12
Fat Tree,790,75.62689148292262,6975872042.666667,12
Fat Tree,791,75.6376999567661,6975872042.666667,12
Fat Tree,792,75.6485084306096,6975872042.666667,12
Fat Tree,793,75.65931690445309,6975872042.666667,12
Fat Tree,794,75.67012537829658,6975872042.666667,12
Fat Tree,795,75.68093385214007,6975872042.666667,12
Fat Tree,796,75.69174232598357,6975872042.666667,12
Fat Tree,797,75.70255079982707,6975872042.666667,12
Fat Tree,798,75.71335927367056,6975872042.666667,12
Fat Tree,799,75.72416774751404,6975872042.666667,12
Fat Tree,800,75.73497622135754,6975872042.666667,12
Fat Tree,801,75.74578469520104,6975872042.666667,12
Fat Tree,802,75.75659316904452,6975872042.666667,12
Fat Tree,803,75.76740164288802,6975872042.666667,12
Fat Tree,804,75.77821011673151,6975872042.666667,12
Fat Tree,805,75.78901859057501,6975872042.666667,12
Fat Tree,806,75.79982706441851,6975872042.666667,12
Fat Tree,807,75.81063553826199,6975872042.666667,12
Fat Tree,808,75.82144401210549,6975872042.666667,12
Fat Tree,809,75.83225248594898,6975872042.666667,12
Fat Tree,810,75.84306095979247,6975872042.666667,12
Fat Tree,811,75.85386943363596,6975872042.666667,12
Fat Tree,812,75.86467790747946,6975872042.666667,12
Fat Tree,813,75.87548638132297,6975872042.666667,12
Fat Tree,814,75.88629485516645,6975872042.666667,12
Fat Tree,815,75.89710332900994,6975872042.666667,12
Fat Tree,816,75.90791180285343,6975872042.666667,12
Fat Tree,817,75.91872027669693,6975872042.666667,12
Fat Tree,818,75.92952875054043,6975872042.666667,12
Fat Tree,819,75.94033722438392,6975872042.666667,12
Fat Tree,820,75.95114569822742,6975872042.666667,12
Fat Tree,821,75.96195417207092,6975872042.666667,12
Fat Tree,822,75.9727626459144,6975872042.666667,12
Fat Tree,823,75.98357111975788,6975872042.666667,12
Fat Tree,824,75.99437959360138,6975872042.666667,12
Fat Tree,825,76.00518806744488,6975872042.666667,12
Fat Tree,826,76.01599654128837,6975872042.666667,12
Fat Tree,827,76.02680501513187,6975872042.666667,12
Fat Tree,828,76.03761348897537,6975872042.666667,12
Fat Tree,829,76.04842196281886,6975872042.666667,12
Fat Tree,830,76.05923043666235,6975872042.666667,12
Fat Tree,831,76.07003891050583,6975872042.666667,12
Fat Tree,832,76.08084738434933,6975872042.666667,12
Fat Tree,833,76.09165585819282,6975872042.666667,12
Fat Tree,834,76.10246433203632,6975872042.666667,12
Fat Tree,835,76.11327280587982,6975872042.666667,12
Fat Tree,836,76.12408127972331,6975872042.666667,12
Fat Tree,837,76.13488975356681,6975872042.666667,12
Fat Tree,838,76.14569822741029,6975872042.666667,12
Fat Tree,839,76.15650670125378,6975872042.666667,12
Fat Tree,840,76.16731517509727,6975872042.666667,12
Fat Tree,841,76.17812364894077,6975872042.666667,12
Fat Tree,842,76.18893212278427,6975872042.666667,12
Fat Tree,843,76.19974059662776,6975872042.666667,12
Fat Tree,844,76.21054907047126,6975872042.666667,12
Fat Tree,845,76.22135754431476,6975872042.666667,12
Fat Tree,846,76.23216601815824,6975872042.666667,12
Fat Tree,847,76.24297449200172,6975872042.666667,12
Fat Tree,848,76.25378296584522,6975872042.666667,12
Fat Tree,849,76.26459143968872,6975872042.666667,12
Fat Tree,850,76.27539991353221,6975872042.666667,12
Fat Tree,851,76.28620838737571,6975872042.666667,12
Fat Tree,852,76.2970168612192,6975872042.666667,12
Fat Tree,853,76.3078253350627,6975872042.666667,12
Fat Tree,854,76.31863380890618,6975872042.666667,12
Fat Tree,855,76.32944228274967,6975872042.666667,12
Fat Tree,856,76.34025075659316,6975872042.666667,12
Fat Tree,857,76.35105923043666,6975872042.666667,12
Fat Tree,858,76.36186770428016,6975872042.666667,12
Fat Tree,859,76.37267617812365,6975872042.666667,12
Fat Tree,860,76.38348465196715,6975872042.666667,12
Fat Tree,861,76.39429312581065,6975872042.666667,12
Fat Tree,862,76.40510159965413,6975872042.666667,12
Fat Tree,863,76.41591007349761,6975872042.666667,12
Fat Tree,864,76.42671854734111,6975872042.666667,12
Fat Tree,865,76.43752702118461,6975872042.666667,12
Fat Tree,866,76.4483354950281,6975872042.666667,12
Fat Tree,867,76.4591439688716,6975872042.666667,12
Fat Tree,868,76.4699524427151,6975872042.666667,12
Fat Tree,869,76.4807609165586,6975872042.666667,12
Fat Tree,870,76.49156939040208,6975872042.666667,12
Fat Tree,871,76.50237786424556,6975872042.666667,12
Fat Tree,872,76.51318633808906,6975872042.666667,12
Fat Tree,873,76.52399481193255,6975872042.666667,12
Fat Tree,874,76.53480328577605,6975872042.666667,12
Fat Tree,875,76.54561175961955,6975872042.666667,12
Fat Tree,876,76.55642023346304,6975872042.666667,12
Fat Tree,877,76.56722870730654,6975872042.666667,12
Fat Tree,878,76.57803718115002,6975872042.666667,12
Fat Tree,879,76.5888456549935,6975872042.666667,12
Fat Tree,880,76.599654128837,6975872042.666667,12
Fat Tree,881,76.6104626026805,6975872042.666667,12
Fat Tree,882,76.621271076524,6975872042.666667,12
Fat Tree,883,76.6320795503675,6975872042.666667,12
Fat Tree,884,76.64288802421099,6975872042.666667,12
Fat Tree,885,76.65369649805449,6975872042.666667,12
Fat Tree,886,76.66450497189797,6975872042.666667,12
Fat Tree,887,76.67531344574145,6975872042.666667,12
Fat Tree,888,76.68612191958495,6975872042.666667,12
Fat Tree,889,76.69693039342845,6975872042.666667,12
Fat Tree,890,76.70773886727194,6975872042.666667,12
Fat Tree,891,76.71854734111544,6975872042.666667,12
Fat Tree,892,76.72935581495894,6975872042.666667,12
Fat Tree,893,76.74016428880243,6975872042.666667,12
Fat Tree,894,76.75097276264592,6975872042.666667,12
Fat Tree,895,76.7617812364894,6975872042.666667,12
Fat Tree,896,76.7725897103329,6975872042.666667,12
Fat Tree,897,76.78339818417639,6975872042.666667,12
Fat Tree,898,76.79420665801989,6975872042.666667,12
Fat Tree,899,76.80501513186339,6975872042.666667,12
Fat Tree,900,76.81582360570688,6975872042.666667,12
Fat Tree,901,76.82663207955038,6975872042.666667,12
Fat Tree,902,76.83744055339386,6975872042.666667,12
Fat Tree,903,76.84824902723734,6975872042.666667,12
Fat Tree,904,76.85905750108084,6975872042.666667,12
Fat Tree,905,76.86986597492434,6975872042.666667,12
Fat Tree,906,76.88067444876783,6975872042.666667,12
Fat Tree,907,76.89148292261133,6975872042.666667,12
Fat Tree,908,76.90229139645483,6975872042.666667,12
Fat Tree,909,76.91309987029832,6975872042.666667,12
Fat Tree,910,76.92390834414181,6975872042.666667,12
Fat Tree,911,76.93471681798529,6975872042.666667,12
Fat Tree,912,76.94552529182879,6975872042.666667,12
Fat Tree,913,76.95633376567228,6975872042.666667,12
Fat Tree,914,76.96714223951578,6975872042.666667,12
Fat Tree,915,76.97795071335928,6975872042.666667,12
Fat Tree,916,76.98875918720277,6975872042.666667,12
Fat Tree,917,76.99956766104627,6975872042.666667,12
Fat Tree,918,77.01037613488975,6975872042.666667,12
Fat Tree,919,77.02118460873324,6975872042.666667,12
Fat Tree,920,77.03199308257673,6975872042.666667,12
Fat Tree,921,77.04280155642023,6975872042.666667,12
Fat Tree,922,77.05361003026373,6975872042.666667,12
Fat Tree,923,77.06441850410722,6975872042.666667,12
Fat Tree,924,77.07522697795072,6975872042.666667,12
Fat Tree,925,77.08603545179422,6975872042.666667,12
Fat Tree,926,77.0968439256377,6975872042.666667,12
Fat Tree,927,77.10765239948118,6975872042.666667,12
Fat Tree,928,77.11846087332468,6975872042.666667,12
Fat Tree,929,77.12926934716818,6975872042.666667,12
Fat Tree,930,77.14007782101167,6975872042.666667,12
Fat Tree,931,77.15088629485517,6975872042.666667,12
Fat Tree,932,77.16169476869867,6975872042.666667,12
Fat Tree,933,77.17250324254216,6975872042.666667,12
Fat Tree,934,77.18331171638565,6975872042.666667,12
Fat Tree,935,77.19412019022913,6975872042.666667,12
Fat Tree,936,77.20492866407263,6975872042.666667,12
Fat Tree,937,77.21573713791612,6975872042.666667,12
Fat Tree,938,77.22654561175962,6975872042.666667,12
Fat Tree,939,77.23735408560312,6975872042.666667,12
Fat Tree,940,77.24816255944661,6975872042.666667,12
Fat Tree,941,77.25897103329011,6975872042.666667,12
Fat Tree,942,77.26977950713359,6975872042.666667,12
Fat Tree,943,77.28058798097709,6975872042.666667,12
Fat Tree,944,77.29139645482059,6975872042.666667,12
Fat Tree,945,77.30220492866408,6975872042.666667,12
Fat Tree,946,77.31301340250756,6975872042.666667,12
Fat Tree,947,77.32382187635106,6975872042.666667,12
Fat Tree,948,77.33463035019456,6975872042.666667,12
Fat Tree,949,77.34543882403806,6975872042.666667,12
Fat Tree,950,77.35624729788154,6975872042.666667,12
Fat Tree,951,77.36705577172503,6975872042.666667,12
Fat Tree,952,77.37786424556853,6975872042.666667,12
Fat Tree,953,77.38867271941203,6975872042.666667,12
Fat Tree,954,77.39948119325551,6975872042.666667,12
Fat Tree,955,77.41028966709901,6975872042.666667,12
Fat Tree,956,77.4210981409425,6975872042.666667,12
Fat Tree,957,77.431906614786,6975872042.666667,12
Fat Tree,958,77.44271508862948,6975872042.666667,12
Fat Tree,959,77.45352356247298,6975872042.666667,12
Fat Tree,960,77.46433203631648,6975872042.666667,12
Fat Tree,961,77.47514051015997,6975872042.666667,12
Fat Tree,962,77.48594898400346,6975872042.666667,12
Fat Tree,963,77.49675745784695,6975872042.666667,12
Fat Tree,964,77.50756593169045,6975872042.666667,12
Fat Tree,965,77.51837440553395,6975872042.666667,12
Fat Tree,966,77.52918287937743,6975872042.666667,12
Fat Tree,967,77.53999135322093,6975872042.666667,12
Fat Tree,968,77.55079982706442,6975872042.666667,12
Fat Tree,969,77.56160830090792,6975872042.666667,12
Fat Tree,970,77.5724167747514,6975872042.666667,12
Fat Tree,971,77.5832252485949,6975872042.666667,12
Fat Tree,972,77.5940337224384,6975872042.666667,12
Fat Tree,973,77.6048421962819,6975872042.666667,12
Fat Tree,974,77.61565067012538,6975872042.666667,12
Fat Tree,975,77.62645914396887,6975872042.666667,12
Fat Tree,976,77.63726761781237,6975872042.666667,12
Fat Tree,977,77.64807609165587,6975872042.666667,12
Fat Tree,978,77.65888456549935,6975872042.666667,12
Fat Tree,979,77.66969303934285,6975872042.666667,12
Fat Tree,980,77.68050151318634,6975872042.666667,12
Fat Tree,981,77.69130998702984,6975872042.666667,12
Fat Tree,982,77.70211846087332,6975872042.666667,12
Fat Tree,983,77.71292693471682,6975872042.666667,12
Fat Tree,984,77.72373540856032,6975872042.666667,12
Fat Tree,985,77.73454388240381,6975872042.666667,12
Fat Tree,986,77.7453523562473,6975872042.666667,12
Fat Tree,987,77.75616083009079,6975872042.666667,12
Fat Tree,988,77.76696930393429,6975872042.666667,12
Fat Tree,989,77.77777777777779,6975872042.666667,12
Fat Tree,990,77.78858625162127,6975872042.666667,12
Fat Tree,991,77.79939472546477,6975872042.666667,12
Fat Tree,992,77.81020319930826,6975872042.666667,12
Fat Tree,993,77.82101167315176,6975872042.666667,12
Fat Tree,994,77.83182014699524,6975872042.666667,12
Fat Tree,995,77.84262862083874,6975872042.666667,12
Fat Tree,996,77.85343709468223,6975872042.666667,12
Fat Tree,997,77.86424556852573,6975872042.666667,12
Fat Tree,998,77.87505404236921,6975872042.666667,12
Fat Tree,999,77.88586251621271,6975872042.666667,12
Fat Tree,1000,77.89667099005621,6975872042.666667,12
Fat Tree,1001,77.9074794638997,6975872042.666667,12
Fat Tree,1002,77.91828793774319,6975872042.666667,12
Fat Tree,1003,77.92909641158668,6975872042.666667,12
Fat Tree,1004,77.93990488543018,6975872042.666667,12
Fat Tree,1005,77.95071335927368,6975872042.666667,12
Fat Tree,1006,77.96152183311716,6975872042.666667,12
Fat Tree,1007,77.97233030696066,6975872042.666667,12
Fat Tree,1008,77.98313878080415,6975872042.666667,12
Fat Tree,1009,77.99394725464765,6975872042.666667,12
Fat Tree,1010,78.00475572849113,6975872042.666667,12
Fat Tree,1011,78.01556420233463,6975872042.666667,12
Fat Tree,1012,78.02637267617813,6975872042.666667,12
Fat Tree,1013,78.03718115002162,6975872042.666667,12
Fat Tree,1014,78.0479896238651,6975872042.666667,12
Fat Tree,1015,78.0587980977086,6975872042.666667,12
Fat Tree,1016,78.0696065715521,6975872042.666667,12
Fat Tree,1017,78.0804150453956,6975872042.666667,12
Fat Tree,1018,78.09122351923908,6975872042.666667,12
Fat Tree,1019,78.10203199308258,6975872042.666667,12
Fat Tree,1020,78.11284046692607,6975872042.666667,12
Fat Tree,1021,78.12364894076957,6975872042.666667,12
Fat Tree,1022,78.13445741461305,6975872042.666667,12
Fat Tree,1023,78.14526588845655,6975872042.666667,12
Fat Tree,1024,78.15607436230005,6975872042.666667,12
Fat Tree,1025,78.16688283614354,6975872042.666667,12
Fat Tree,1026,78.17769130998703,6975872042.666667,12
Fat Tree,1027,78.18849978383052,6975872042.666667,12
Fat Tree,1028,78.19930825767402,6975872042.666667,12
Fat Tree,1029,78.21011673151752,6975872042.666667,12
Fat Tree,1030,78.220925205361,6975872042.666667,12
Fat Tree,1031,78.2317336792045,6975872042.666667,12
Fat Tree,1032,78.24254215304799,6975872042.666667,12
Fat Tree,1033,78.25335062689149,6975872042.666667,12
Fat Tree,1034,78.26415910073497,6975872042.666667,12
Fat Tree,1035,78.27496757457847,6975872042.666667,12
Fat Tree,1036,78.28577604842197,6975872042.666667,12
Fat Tree,1037,78.29658452226546,6975872042.666667,12
Fat Tree,1038,78.30739299610894,6975872042.666667,12
Fat Tree,1039,78.31820146995244,6975872042.666667,12
Fat Tree,1040,78.32900994379594,6975872042.666667,12
Fat Tree,1041,78.33981841763944,6975872042.666667,12
Fat Tree,1042,78.35062689148292,6975872042.666667,12
Fat Tree,1043,78.36143536532641,6975872042.666667,12
Fat Tree,1044,78.37224383916991,6975872042.666667,12
Fat Tree,1045,78.38305231301341,6975872042.666667,12
Fat Tree,1046,78.39386078685689,6975872042.666667,12
Fat Tree,1047,78.40466926070039,6975872042.666667,12
Fat Tree,1048,78.41547773454388,6975872042.666667,12
Fat Tree,1049,78.42628620838738,6975872042.666667,12
Fat Tree,1050,78.43709468223086,6975872042.666667,12
Fat Tree,1051,78.44790315607436,6975872042.666667,12
Fat Tree,1052,78.45871162991786,6975872042.666667,12
Fat Tree,1053,78.46952010376135,6975872042.666667,12
Fat Tree,1054,78.48032857760484,6975872042.666667,12
Fat Tree,1055,78.49113705144833,6975872042.666667,12
Fat Tree,1056,78.50194552529183,6975872042.666667,12
Fat Tree,1057,78.51275399913533,6975872042.666667,12
Fat Tree,1058,78.52356247297881,6975872042.666667,12
Fat Tree,1059,78.5343709468223,6975872042.666667,12
Fat Tree,1060,78.5451794206658,6975872042.666667,12
Fat Tree,1061,78.5559878945093,6975872042.666667,12
Fat Tree,1062,78.56679636835278,6975872042.666667,12
Fat Tree,1063,78.57760484219628,6975872042.666667,12
Fat Tree,1064,78.58841331603978,6975872042.666667,12
Fat Tree,1065,78.59922178988327,6975872042.666667,12
Fat Tree,1066,78.61003026372676,6975872042.666667,12
Fat Tree,1067,78.62083873757025,6975872042.666667,12
Fat Tree,1068,78.63164721141375,6975872042.666667,12
Fat Tree,1069,78.64245568525725,6975872042.666667,12
Fat Tree,1070,78.65326415910073,6975872042.666667,12
Fat Tree,1071,78.66407263294423,6975872042.666667,12
Fat Tree,1072,78.67488110678772,6975872042.666667,12
Fat Tree,1073,78.68568958063122,6975872042.666667,12
Fat Tree,1074,78.6964980544747,6975872042.666667,12
Fat Tree,1075,78.7073065283182,6975872042.666667,12
Fat Tree,1076,78.7181150021617,6975872042.666667,12
Fat Tree,1077,78.72892347600519,6975872042.666667,12
Fat Tree,1078,78.73973194984868,6975872042.666667,12
Fat Tree,1079,78.75054042369217,6975872042.666667,12
Fat Tree,1080,78.76134889753567,6975872042.666667,12
Fat Tree,1081,78.77215737137917,6975872042.666667,12
Fat Tree,1082,78.78296584522265,6975872042.666667,12
Fat Tree,1083,78.79377431906615,6975872042.666667,12
Fat Tree,1084,78.80458279290964,6975872042.666667,12
Fat Tree,1085,78.81539126675314,6975872042.666667,12
Fat Tree,1086,78.82619974059662,6975872042.666667,12
Fat Tree,1087,78.83700821444012,6975872042.666667,12
Fat Tree,1088,78.84781668828361,6975872042.666667,12
Fat Tree,1089,78.85862516212711,6975872042.666667,12
Fat Tree,1090,78.8694336359706,6975872042.666667,12
Fat Tree,1091,78.88024210981409,6975872042.666667,12
Fat Tree,1092,78.89105058365759,6975872042.666667,12
Fat Tree,1093,78.90185905750108,6975872042.666667,12
Fat Tree,1094,78.91266753134457,6975872042.666667,12
Fat Tree,1095,78.92347600518806,6975872042.666667,12
Fat Tree,1096,78.93428447903156,6975872042.666667,12
Fat Tree,1097,78.94509295287506,6975872042.666667,12
Fat Tree,1098,78.95590142671854,6975872042.666667,12
Fat Tree,1099,78.96670990056204,6975872042.666667,12
Fat Tree,1100,78.97751837440553,6975872042.666667,12
Fat Tree,1101,78.98832684824903,6975872042.666667,12
Fat Tree,1102,78.99913532209253,6975872042.666667,12
Fat Tree,1103,79.00994379593602,6975872042.666667,12
Fat Tree,1104,79.02075226977952,6975872042.666667,12
Fat Tree,1105,79.031560743623,6975872042.666667,12
Fat Tree,1106,79.04236921746649,6975872042.666667,12
Fat Tree,1107,79.05317769130998,6975872042.666667,12
Fat Tree,1108,79.06398616515348,6975872042.666667,12
Fat Tree,1109,79.07479463899698,6975872042.666667,12
Fat Tree,1110,79.08560311284047,6975872042.666667,12
Fat Tree,1111,79.09641158668397,6975872042.666667,12
Fat Tree,1112,79.10722006052747,6975872042.666667,12
Fat Tree,1113,79.11802853437095,6975872042.666667,12
Fat Tree,1114,79.12883700821443,6975872042.666667,12
Fat Tree,1115,79.13964548205793,6975872042.666667,12
Fat Tree,1116,79.15045395590143,6975872042.666667,12
Fat Tree,1117,79.16126242974492,6975872042.666667,12
Fat Tree,1118,79.17207090358842,6975872042.666667,12
Fat Tree,1119,79.18287937743192,6975872042.666667,12
Fat Tree,1120,79.19368785127541,6975872042.666667,12
Fat Tree,1121,79.2044963251189,6975872042.666667,12
Fat Tree,1122,79.21530479896238,6975872042.666667,12
Fat Tree,1123,79.22611327280588,6975872042.666667,12
Fat Tree,1124,79.23692174664937,6975872042.666667,12
Fat Tree,1125,79.24773022049287,6975872042.666667,12
Fat Tree,1126,79.25853869433637,6975872042.666667,12
Fat Tree,1127,79.26934716817986,6975872042.666667,12
Fat Tree,1128,79.28015564202336,6975872042.666667,12
Fat Tree,1129,79.29096411586684,6975872042.666667,12
Fat Tree,1130,79.30177258971032,6975872042.666667,12
Fat Tree,1131,79.31258106355382,6975872042.666667,12
Fat Tree,1132,79.32338953739732,6975872042.666667,12
Fat Tree,1133,79.33419801124082,6975872042.666667,12
Fat Tree,1134,79.34500648508431,6975872042.666667,12
Fat Tree,1135,79.35581495892781,6975872042.666667,12
Fat Tree,1136,79.3666234327713,6975872042.666667,12
Fat Tree,1137,79.37743190661479,6975872042.666667,12
Fat Tree,1138,79.38824038045827,6975872042.666667,12
Fat Tree,1139,79.39904885430177,6975872042.666667,12
Fat Tree,1140,79.40985732814526,6975872042.666667,12
Fat Tree,1141,79.42066580198876,6975872042.666667,12
Fat Tree,1142,79.43147427583226,6975872042.666667,12
Fat Tree,1143,79.44228274967575,6975872042.666667,12
Fat Tree,1144,79.45309122351925,6975872042.666667,12
Fat Tree,1145,79.46389969736273,6975872042.666667,12
Fat Tree,1146,79.47470817120622,6975872042.666667,12
Fat Tree,1147,79.48551664504971,6975872042.666667,12
Fat Tree,1148,79.49632511889321,6975872042.666667,12
Fat Tree,1149,79.50713359273671,6975872042.666667,12
Fat Tree,1150,79.5179420665802,6975872042.666667,12
Fat Tree,1151,79.5287505404237,6975872042.666667,12
Fat Tree,1152,79.5395590142672,6975872042.666667,12
Fat Tree,1153,79.55036748811068,6975872042.666667,12
Fat Tree,1154,79.56117596195416,6975872042.666667,12
Fat Tree,1155,79.57198443579766,6975872042.666667,12
Fat Tree,1156,79.58279290964116,6975872042.666667,12
Fat Tree,1157,79.59360138348465,6975872042.666667,12
Fat Tree,1158,79.60440985732815,6975872042.666667,12
Fat Tree,1159,79.61521833117165,6975872042.666667,12
Fat Tree,1160,79.62602680501514,6975872042.666667,12
Fat Tree,1161,79.63683527885863,6975872042.666667,12
Fat Tree,1162,79.64764375270211,6975872042.666667,12
Fat Tree,1163,79.6584522265456,6975872042.666667,12
Fat Tree,1164,79.6692607003891,6975872042.666667,12
Fat Tree,1165,79.6800691742326,6975872042.666667,12
Fat Tree,1166,79.6908776480761,6975872042.666667,12
Fat Tree,1167,79.7016861219196,6975872042.666667,12
Fat Tree,1168,79.71249459576309,6975872042.666667,12
Fat Tree,1169,79.72330306960657,6975872042.666667,12
Fat Tree,1170,79.73411154345006,6975872042.666667,12
Fat Tree,1171,79.74492001729355,6975872042.666667,12
Fat Tree,1172,79.75572849113705,6975872042.666667,12
Fat Tree,1173,79.76653696498055,6975872042.666667,12
Fat Tree,1174,79.77734543882404,6975872042.666667,12
Fat Tree,1175,79.78815391266754,6975872042.666667,12
Fat Tree,1176,79.79896238651104,6975872042.666667,12
Fat Tree,1177,79.80977086035452,6975872042.666667,12
Fat Tree,1178,79.820579334198,6975872042.666667,12
Fat Tree,1179,79.8313878080415,6975872042.666667,12
Fat Tree,1180,79.842196281885,6975872042.666667,12
Fat Tree,1181,79.85300475572849,6975872042.666667,12
Fat Tree,1182,79.86381322957199,6975872042.666667,12
Fat Tree,1183,79.87462170341549,6975872042.666667,12
Fat Tree,1184,79.88543017725898,6975872042.666667,12
Fat Tree,1185,79.89623865110246,6975872042.666667,12
Fat Tree,1186,79.90704712494595,6975872042.666667,12
Fat Tree,1187,79.91785559878944,6975872042.666667,12
Fat Tree,1188,79.92866407263294,6975872042.666667,12
Fat Tree,1189,79.93947254647644,6975872042.666667,12
Fat Tree,1190,79.95028102031993,6975872042.666667,12
Fat Tree,1191,79.96108949416343,6975872042.666667,12
Fat Tree,1192,79.97189796800693,6975872042.666667,12
Fat Tree,1193,79.98270644185041,6975872042.666667,12
Fat Tree,1194,79.9935149156939,6975872042.666667,12
Fat Tree,1195,80.00432338953739,6975872042.666667,12
Fat Tree,1196,80.01513186338089,6975872042.666667,12
Fat Tree,1197,80.02594033722438,6975872042.666667,12
Fat Tree,1198,80.03674881106788,6975872042.666667,12
Fat Tree,1199,80.04755728491138,6975872042.666667,12
Fat Tree,1200,80.05836575875487,6975872042.666667,12
Fat Tree,1201,80.06917423259836,6975872042.666667,12
Fat Tree,1202,80.07998270644184,6975872042.666667,12
Fat Tree,1203,80.09079118028534,6975872042.666667,12
Fat Tree,1204,80.10159965412883,6975872042.666667,12
Fat Tree,1205,80.11240812797233,6975872042.666667,12
Fat Tree,1206,80.12321660181583,6975872042.666667,12
Fat Tree,1207,80.13402507565932,6975872042.666667,12
Fat Tree,1208,80.14483354950282,6975872042.666667,12
Fat Tree,1209,80.1556420233463,6975872042.666667,12
Fat Tree,1210,80.16645049718979,6975872042.666667,12
Fat Tree,1211,80.17725897103328,6975872042.666667,12
Fat Tree,1212,80.18806744487678,6975872042.666667,12
Fat Tree,1213,80.19887591872028,6975872042.666667,12
Fat Tree,1214,80.20968439256377,6975872042.666667,12
Fat Tree,1215,80.22049286640727,6975872042.666667,12
Fat Tree,1216,80.23130134025077,6975872042.666667,12
Fat Tree,1217,80.24210981409425,6975872042.666667,12
Fat Tree,1218,80.25291828793773,6975872042.666667,12
Fat Tree,1219,80.26372676178123,6975872042.666667,12
Fat Tree,1220,80.27453523562473,6975872042.666667,12
Fat Tree,1221,80.28534370946822,6975872042.666667,12
Fat Tree,1222,80.29615218331172,6975872042.666667,12
Fat Tree,1223,80.30696065715522,6975872042.666667,12
Fat Tree,1224,80.31776913099871,6975872042.666667,12
Fat Tree,1225,80.3285776048422,6975872042.666667,12
Fat Tree,1226,80.33938607868568,6975872042.666667,12
Fat Tree,1227,80.35019455252917,6975872042.666667,12
Fat Tree,1228,80.36100302637267,6975872042.666667,12
Fat Tree,1229,80.37181150021617,6975872042.666667,12
Fat Tree,1230,80.38261997405966,6975872042.666667,12
Fat Tree,1231,80.39342844790316,6975872042.666667,12
Fat Tree,1232,80.40423692174666,6975872042.666667,12
Fat Tree,1233,80.41504539559014,6975872042.666667,12
Fat Tree,1234,80.42585386943364,6975872042.666667,12
Fat Tree,1235,80.43666234327713,6975872042.666667,12
Fat Tree,1236,80.44747081712063,6975872042.666667,12
Fat Tree,1237,80.45827929096411,6975872042.666667,12
Fat Tree,1238,80.46908776480761,6975872042.666667,12
Fat Tree,1239,80.47989623865111,6975872042.666667,12
Fat Tree,1240,80.4907047124946,6975872042.666667,12
Fat Tree,1241,80.50151318633809,6975872042.666667,12
Fat Tree,1242,80.51232166018158,6975872042.666667,12
Fat Tree,1243,80.52313013402508,6975872042.666667,12
Fat Tree,1244,80.53393860786858,6975872042.666667,12
Fat Tree,1245,80.54474708171206,6975872042.666667,12
Fat Tree,1246,80.55555555555556,6975872042.666667,12
Fat Tree,1247,80.56636402939905,6975872042.666667,12
Fat Tree,1248,80.57717250324255,6975872042.666667,12
Fat Tree,1249,80.58798097708603,6975872042.666667,12
Fat Tree,1250,80.59878945092953,6975872042.666667,12
Fat Tree,1251,80.60959792477303,6975872042.666667,12
Fat Tree,1252,80.62040639861652,6975872042.666667,12
Fat Tree,1253,80.63121487246,6975872042.666667,12
Fat Tree,1254,80.6420233463035,6975872042.666667,12
Fat Tree,1255,80.652831820147,6975872042.666667,12
Fat Tree,1256,80.6636402939905,6975872042.666667,12
Fat Tree,1257,80.67444876783398,6975872042.666667,12
Fat Tree,1258,80.68525724167748,6975872042.666667,12
Fat Tree,1259,80.69606571552097,6975872042.666667,12
Fat Tree,1260,80.70687418936447,6975872042.666667,12
Fat Tree,1261,80.71768266320795,6975872042.666667,12
Fat Tree,1262,80.72849113705145,6975872042.666667,12
Fat Tree,1263,80.73929961089495,6975872042.666667,12
Fat Tree,1264,80.75010808473844,6975872042.666667,12
Fat Tree,1265,80.76091655858193,6975872042.666667,12
Fat Tree,1266,80.77172503242542,6975872042.666667,12
Fat Tree,1267,80.78253350626892,6975872042.666667,12
Fat Tree,1268,80.79334198011242,6975872042.666667,12
Fat Tree,1269,80.8041504539559,6975872042.666667,12
Fat Tree,1270,80.8149589277994,6975872042.666667,12
Fat Tree,1271,80.82576740164289,6975872042.666667,12
Fat Tree,1272,80.83657587548639,6975872042.666667,12
Fat Tree,1273,80.84738434932987,6975872042.666667,12
Fat Tree,1274,80.85819282317337,6975872042.666667,12
Fat Tree,1275,80.86900129701687,6975872042.666667,12
Fat Tree,1276,80.87980977086036,6975872042.666667,12
Fat Tree,1277,80.89061824470384,6975872042.666667,12
Fat Tree,1278,80.90142671854734,6975872042.666667,12
Fat Tree,1279,80.91223519239084,6975872042.666667,12
Fat Tree,1280,80.92304366623434,6975872042.666667,12
Fat Tree,1281,80.93385214007782,6975872042.666667,12
Fat Tree,1282,80.94466061392131,6975872042.666667,12
Fat Tree,1283,80.95546908776481,6975872042.666667,12
Fat Tree,1284,80.96627756160831,6975872042.666667,12
Fat Tree,1285,80.97708603545179,6975872042.666667,12
Fat Tree,1286,80.98789450929529,6975872042.666667,12
Fat Tree,1287,80.99870298313878,6975872042.666667,12
Fat Tree,1288,81.00951145698228,6975872042.666667,12
Fat Tree,1289,81.02031993082576,6975872042.666667,12
Fat Tree,1290,81.03112840466926,6975872042.666667,12
Fat Tree,1291,81.04193687851276,6975872042.666667,12
Fat Tree,1292,81.05274535235625,6975872042.666667,12
Fat Tree,1293,81.06355382619974,6975872042.666667,12
Fat Tree,1294,81.07436230004323,6975872042.666667,12
Fat Tree,1295,81.08517077388673,6975872042.666667,12
Fat Tree,1296,81.09597924773023,6975872042.666667,12
Fat Tree,1297,81.10678772157371,6975872042.666667,12
Fat Tree,1298,81.1175961954172,6975872042.666667,12
Fat Tree,1299,81.1284046692607,6975872042.666667,12
Fat Tree,1300,81.1392131431042,6975872042.666667,12
Fat Tree,1301,81.15002161694768,6975872042.666667,12
Fat Tree,1302,81.16083009079118,6975872042.666667,12
Fat Tree,1303,81.17163856463468,6975872042.666667,12
Fat Tree,1304,81.18244703847817,6975872042.666667,12
Fat Tree,1305,81.19325551232166,6975872042.666667,12
Fat Tree,1306,81.20406398616515,6975872042.666667,12
Fat Tree,1307,81.21487246000865,6975872042.666667,12
Fat Tree,1308,81.22568093385215,6975872042.666667,12
Fat Tree,1309,81.23648940769563,6975872042.666667,12
Fat Tree,1310,81.24729788153913,6975872042.666667,12
Fat Tree,1311,81.25810635538262,6975872042.666667,12
Fat Tree,1312,81.26891482922612,6975872042.666667,12
Fat Tree,1313,81.2797233030696,6975872042.666667,12
Fat Tree,1314,81.2905317769131,6975872042.666667,12
Fat Tree,1315,81.3013402507566,6975872042.666667,12
Fat Tree,1316,81.31214872460009,6975872042.666667,12
Fat Tree,1317,81.32295719844358,6975872042.666667,12
Fat Tree,1318,81.33376567228707,6975872042.666667,12
Fat Tree,1319,81.34457414613057,6975872042.666667,12
Fat Tree,1320,81.35538261997407,6975872042.666667,12
Fat Tree,1321,81.36619109381755,6975872042.666667,12
Fat Tree,1322,81.37699956766104,6975872042.666667,12
Fat Tree,1323,81.38780804150454,6975872042.666667,12
Fat Tree,1324,81.39861651534804,6975872042.666667,12
Fat Tree,1325,81.40942498919152,6975872042.666667,12
Fat Tree,1326,81.42023346303502,6975872042.666667,12
Fat Tree,1327,81.43104193687851,6975872042.666667,12
Fat Tree,1328,81.44185041072201,6975872042.666667,12
Fat Tree,1329,81.4526588845655,6975872042.666667,12
Fat Tree,1330,81.46346735840899,6975872042.666667,12
Fat Tree,1331,81.47427583225249,6975872042.666667,12
Fat Tree,1332,81.48508430609598,6975872042.666667,12
Fat Tree,1333,81.49589277993947,6975872042.666667,12
Fat Tree,1334,81.50670125378296,6975872042.666667,12
Fat Tree,1335,81.51750972762646,6975872042.666667,12
Fat Tree,1336,81.52831820146996,6975872042.666667,12
Fat Tree,1337,81.53912667531344,6975872042.666667,12
Fat Tree,1338,81.54993514915694,6975872042.666667,12
Fat Tree,1339,81.56074362300043,6975872042.666667,12
Fat Tree,1340,81.57155209684393,6975872042.666667,12
Fat Tree,1341,81.58236057068741,6975872042.666667,12
Fat Tree,1342,81.59316904453091,6975872042.666667,12
Fat Tree,1343,81.6039775183744,6975872042.666667,12
Fat Tree,1344,81.6147859922179,6975872042.666667,12
Fat Tree,1345,81.62559446606139,6975872042.666667,12
Fat Tree,1346,81.63640293990488,6975872042.666667,12
Fat Tree,1347,81.64721141374838,6975872042.666667,12
Fat Tree,1348,81.65801988759188,6975872042.666667,12
Fat Tree,1349,81.66882836143536,6975872042.666667,12
Fat Tree,1350,81.67963683527886,6975872042.666667,12
Fat Tree,1351,81.69044530912235,6975872042.666667,12
Fat Tree,1352,81.70125378296585,6975872042.666667,12
Fat Tree,1353,81.71206225680933,6975872042.666667,12
Fat Tree,1354,81.72287073065283,6975872042.666667,12
Fat Tree,1355,81.73367920449633,6975872042.666667,12
Fat Tree,1356,81.74448767833982,6975872042.666667,12
Fat Tree,1357,81.7552961521833,6975872042.666667,12
Fat Tree,1358,81.7661046260268,6975872042.666667,12
Fat Tree,1359,81.7769130998703,6975872042.666667,12
Fat Tree,1360,81.7877215737138,6975872042.666667,12
Fat Tree,1361,81.79853004755728,6975872042.666667,12
Fat Tree,1362,81.80933852140078,6975872042.666667,12
Fat Tree,1363,81.82014699524427,6975872042.666667,12
Fat Tree,1364,81.83095546908777,6975872042.666667,12
Fat Tree,1365,81.84176394293125,6975872042.666667,12
Fat Tree,1366,81.85257241677475,6975872042.666667,12
Fat Tree,1367,81.86338089061825,6975872042.666667,12
Fat Tree,1368,81.87418936446174,6975872042.666667,12
Fat Tree,1369,81.88499783830522,6975872042.666667,12
Fat Tree,1370,81.89580631214872,6975872042.666667,12
Fat Tree,1371,81.90661478599222,6975872042.666667,12
Fat Tree,1372,81.91742325983572,6975872042.666667,12
Fat Tree,1373,81.9282317336792,6975872042.666667,12
Fat Tree,1374,81.9390402075227,6975872042.666667,12
Fat Tree,1375,81.94984868136619,6975872042.666667,12
Fat Tree,1376,81.96065715520969,6975872042.666667,12
Fat Tree,1377,81.97146562905317,6975872042.666667,12
Fat Tree,1378,81.98227410289667,6975872042.666667,12
Fat Tree,1379,81.99308257674016,6975872042.666667,12
Fat Tree,1380,82.00389105058366,6975872042.666667,12
Fat Tree,1381,82.01469952442714,6975872042.666667,12
Fat Tree,1382,82.02550799827064,6975872042.666667,12
Fat Tree,1383,82.03631647211414,6975872042.666667,12
Fat Tree,1384,82.04712494595763,6975872042.666667,12
Fat Tree,1385,82.05793341980112,6975872042.666667,12
Fat Tree,1386,82.06874189364461,6975872042.666667,12
Fat Tree,1387,82.07955036748811,6975872042.666667,12
Fat Tree,1388,82.09035884133161,6975872042.666667,12
Fat Tree,1389,82.10116731517509,6975872042.666667,12
Fat Tree,1390,82.11197578901859,6975872042.666667,12
Fat Tree,1391,82.12278426286208,6975872042.666667,12
Fat Tree,1392,82.13359273670558,6975872042.666667,12
Fat Tree,1393,82.14440121054908,6975872042.666667,12
Fat Tree,1394,82.15520968439257,6975872042.666667,12
Fat Tree,1395,82.16601815823607,6975872042.666667,12
Fat Tree,1396,82.17682663207955,6975872042.666667,12
Fat Tree,1397,82.18763510592304,6975872042.666667,12
Fat Tree,1398,82.19844357976653,6975872042.666667,12
Fat Tree,1399,82.20925205361003,6975872042.666667,12
Fat Tree,1400,82.22006052745353,6975872042.666667,12
Fat Tree,1401,82.23086900129702,6975872042.666667,12
Fat Tree,1402,82.24167747514052,6975872042.666667,12
Fat Tree,1403,82.25248594898402,6975872042.666667,12
Fat Tree,1404,82.2632944228275,6975872042.666667,12
Fat Tree,1405,82.27410289667098,6975872042.666667,12
Fat Tree,1406,82.28491137051448,6975872042.666667,12
Fat Tree,1407,82.29571984435798,6975872042.666667,12
Fat Tree,1408,82.30652831820147,6975872042.666667,12
Fat Tree,1409,82.31733679204497,6975872042.666667,12
Fat Tree,1410,82.32814526588847,6975872042.666667,12
Fat Tree,1411,82.33895373973196,6975872042.666667,12
Fat Tree,1412,82.34976221357545,6975872042.666667,12
Fat Tree,1413,82.36057068741893,6975872042.666667,12
Fat Tree,1414,82.37137916126242,6975872042.666667,12
Fat Tree,1415,82.38218763510592,6975872042.666667,12
Fat Tree,1416,82.39299610894942,6975872042.666667,12
Fat Tree,1417,82.40380458279292,6975872042.666667,12
Fat Tree,1418,82.41461305663641,6975872042.666667,12
Fat Tree,1419,82.42542153047991,6975872042.666667,12
Fat Tree,1420,82.43623000432339,6975872042.666667,12
Fat Tree,1421,82.44703847816687,6975872042.666667,12
Fat Tree,1422,82.45784695201037,6975872042.666667,12
Fat Tree,1423,82.46865542585387,6975872042.666667,12
Fat Tree,1424,82.47946389969736,6975872042.666667,12
Fat Tree,1425,82.49027237354086,6975872042.666667,12
Fat Tree,1426,82.50108084738436,6975872042.666667,12
Fat Tree,1427,82.51188932122786,6975872042.666667,12
Fat Tree,1428,82.52269779507134,6975872042.666667,12
Fat Tree,1429,82.53350626891482,6975872042.666667,12
Fat Tree,1430,82.54431474275832,6975872042.666667,12
Fat Tree,1431,82.55512321660181,6975872042.666667,12
Fat Tree,1432,82.56593169044531,6975872042.666667,12
Fat Tree,1433,82.57674016428881,6975872042.666667,12
Fat Tree,1434,82.5875486381323,6975872042.666667,12
Fat Tree,1435,82.5983571119758,6975872042.666667,12
Fat Tree,1436,82.60916558581928,6975872042.666667,12
Fat Tree,1437,82.61997405966277,6975872042.666667,12
Fat Tree,1438,82.63078253350626,6975872042.666667,12
Fat Tree,1439,82.64159100734976,6975872042.666667,12
Fat Tree,1440,82.65239948119326,6975872042.666667,12
Fat Tree,1441,82.66320795503675,6975872042.666667,12
Fat Tree,1442,82.67401642888025,6975872042.666667,12
Fat Tree,1443,82.68482490272375,6975872042.666667,12
Fat Tree,1444,82.69563337656723,6975872042.666667,12
Fat Tree,1445,82.70644185041071,6975872042.666667,12
Fat Tree,1446,82.71725032425421,6975872042.666667,12
Fat Tree,1447,82.7280587980977,6975872042.666667,12
Fat Tree,1448,82.7388672719412,6975872042.666667,12
Fat Tree,1449,82.7496757457847,6975872042.666667,12
Fat Tree,1450,82.7604842196282,6975872042.666667,12
Fat Tree,1451,82.7712926934717,6975872042.666667,12
Fat Tree,1452,82.78210116731518,6975872042.666667,12
Fat Tree,1453,82.79290964115866,6975872042.666667,12
Fat Tree,1454,82.80371811500216,6975872042.666667,12
Fat Tree,1455,82.81452658884565,6975872042.666667,12
Fat Tree,1456,82.82533506268915,6975872042.666667,12
Fat Tree,1457,82.83614353653265,6975872042.666667,12
Fat Tree,1458,82.84695201037614,6975872042.666667,12
Fat Tree,1459,82.85776048421964,6975872042.666667,12
Fat Tree,1460,82.86856895806312,6975872042.666667,12
Fat Tree,1461,82.8793774319066,6975872042.666667,12
Fat Tree,1462,82.8901859057501,6975872042.666667,12
Fat Tree,1463,82.9009943795936,6975872042.666667,12
Fat Tree,1464,82.9118028534371,6975872042.666667,12
Fat Tree,1465,82.92261132728059,6975872042.666667,12
Fat Tree,1466,82.93341980112409,6975872042.666667,12
Fat Tree,1467,82.94422827496759,6975872042.666667,12
Fat Tree,1468,82.95503674881107,6975872042.666667,12
Fat Tree,1469,82.96584522265455,6975872042.666667,12
Fat Tree,1470,82.97665369649805,6975872042.666667,12
Fat Tree,1471,82.98746217034154,6975872042.666667,12
Fat Tree,1472,82.99827064418504,6975872042.666667,12
Fat Tree,1473,83.00907911802854,6975872042.666667,12
Fat Tree,1474,83.01988759187203,6975872042.666667,12
Fat Tree,1475,83.03069606571553,6975872042.666667,12
Fat Tree,1476,83.04150453955901,6975872042.666667,12
Fat Tree,1477,83.0523130134025,6975872042.666667,12
Fat Tree,1478,83.063121487246,6975872042.666667,12
Fat Tree,1479,83.07392996108949,6975872042.666667,12
Fat Tree,1480,83.08473843493299,6975872042.666667,12
Fat Tree,1481,83.09554690877648,6975872042.666667,12
Fat Tree,1482,83.10635538261998,6975872042.666667,12
Fat Tree,1483,83.11716385646348,6975872042.666667,12
Fat Tree,1484,83.12797233030696,6975872042.666667,12
Fat Tree,1485,83.13878080415044,6975872042.666667,12
Fat Tree,1486,83.14958927799394,6975872042.666667,12
Fat Tree,1487,83.16039775183744,6975872042.666667,12
Fat Tree,1488,83.17120622568093,6975872042.666667,12
Fat Tree,1489,83.18201469952443,6975872042.666667,12
Fat Tree,1490,83.19282317336793,6975872042.666667,12
Fat Tree,1491,83.20363164721142,6975872042.666667,12
Fat Tree,1492,83.2144401210549,6975872042.666667,12
Fat Tree,1493,83.22524859489839,6975872042.666667,12
Fat Tree,1494,83.23605706874189,6975872042.666667,12
Fat Tree,1495,83.24686554258538,6975872042.666667,12
Fat Tree,1496,83.25767401642888,6975872042.666667,12
Fat Tree,1497,83.26848249027238,6975872042.666667,12
Fat Tree,1498,83.27929096411587,6975872042.666667,12
Fat Tree,1499,83.29009943795937,6975872042.666667,12
Fat Tree,1500,83.30090791180285,6975872042.666667,12
Fat Tree,1501,83.31171638564633,6975872042.666667,12
Fat Tree,1502,83.32252485948983,6975872042.666667,12
Fat Tree,1503,83.33333333333333,6975872042.666667,12
Fat Tree,1504,83.34414180717683,6975872042.666667,12
Fat Tree,1505,83.35495028102032,6975872042.666667,12
Fat Tree,1506,83.36575875486382,6975872042.666667,12
Fat Tree,1507,83.37656722870732,6975872042.666667,12
Fat Tree,1508,83.3873757025508,6975872042.666667,12
Fat Tree,1509,83.39818417639428,6975872042.666667,12
Fat Tree,1510,83.40899265023778,6975872042.666667,12
Fat Tree,1511,83.41980112408127,6975872042.666667,12
Fat Tree,1512,83.43060959792477,6975872042.666667,12
Fat Tree,1513,83.44141807176827,6975872042.666667,12
Fat Tree,1514,83.45222654561177,6975872042.666667,12
Fat Tree,1515,83.46303501945526,6975872042.666667,12
Fat Tree,1516,83.47384349329874,6975872042.666667,12
Fat Tree,1517,83.48465196714223,6975872042.666667,12
Fat Tree,1518,83.49546044098572,6975872042.666667,12
Fat Tree,1519,83.50626891482923,6975872042.666667,12
Fat Tree,1520,83.51707738867272,6975872042.666667,12
Fat Tree,1521,83.52788586251621,6975872042.666667,12
Fat Tree,1522,83.53869433635971,6975872042.666667,12
Fat Tree,1523,83.54950281020321,6975872042.666667,12
Fat Tree,1524,83.56031128404669,6975872042.666667,12
Fat Tree,1525,83.57111975789019,6975872042.666667,12
Fat Tree,1526,83.58192823173368,6975872042.666667,12
Fat Tree,1527,83.59273670557718,6975872042.666667,12
Fat Tree,1528,83.60354517942066,6975872042.666667,12
Fat Tree,1529,83.61435365326416,6975872042.666667,12
Fat Tree,1530,83.62516212710766,6975872042.666667,12
Fat Tree,1531,83.63597060095115,6975872042.666667,12
Fat Tree,1532,83.64677907479464,6975872042.666667,12
Fat Tree,1533,83.65758754863813,6975872042.666667,12
Fat Tree,1534,83.66839602248163,6975872042.666667,12
Fat Tree,1535,83.67920449632513,6975872042.666667,12
Fat Tree,1536,83.69001297016861,6975872042.666667,12
Fat Tree,1537,83.7008214440121,6975872042.666667,12
Fat Tree,1538,83.7116299178556,6975872042.666667,12
Fat Tree,1539,83.7224383916991,6975872042.666667,12
Fat Tree,1540,83.73324686554258,6975872042.666667,12
Fat Tree,1541,83.74405533938608,6975872042.666667,12
Fat Tree,1542,83.75486381322958,6975872042.666667,12
Fat Tree,1543,83.76567228707307,6975872042.666667,12
Fat Tree,1544,83.77648076091656,6975872042.666667,12
Fat Tree,1545,83.78728923476005,6975872042.666667,12
Fat Tree,1546,83.79809770860355,6975872042.666667,12
Fat Tree,1547,83.80890618244705,6975872042.666667,12
Fat Tree,1548,83.81971465629053,6975872042.666667,12
Fat Tree,1549,83.83052313013403,6975872042.666667,12
Fat Tree,1550,83.84133160397752,6975872042.666667,12
Fat Tree,1551,83.85214007782102,6975872042.666667,12
Fat Tree,1552,83.8629485516645,6975872042.666667,12
Fat Tree,1553,83.873757025508,6975872042.666667,12
Fat Tree,1554,83.8845654993515,6975872042.666667,12
Fat Tree,1555,83.89537397319499,6975872042.666667,12
Fat Tree,1556,83.90618244703847,6975872042.666667,12
Fat Tree,1557,83.91699092088197,6975872042.666667,12
Fat Tree,1558,83.92779939472547,6975872042.666667,12
Fat Tree,1559,83.93860786856897,6975872042.666667,12
Fat Tree,1560,83.94941634241245,6975872042.666667,12
Fat Tree,1561,83.96022481625594,6975872042.666667,12
Fat Tree,1562,83.97103329009944,6975872042.666667,12
Fat Tree,1563,83.98184176394294,6975872042.666667,12
Fat Tree,1564,83.99265023778642,6975872042.666667,12
Fat Tree,1565,84.00345871162992,6975872042.666667,12
Fat Tree,1566,84.01426718547341,6975872042.666667,12
Fat Tree,1567,84.02507565931691,6975872042.666667,12
Fat Tree,1568,84.0358841331604,6975872042.666667,12
Fat Tree,1569,84.04669260700389,6975872042.666667,12
Fat Tree,1570,84.05750108084739,6975872042.666667,12
Fat Tree,1571,84.06830955469088,6975872042.666667,12
Fat Tree,1572,84.07911802853437,6975872042.666667,12
Fat Tree,1573,84.08992650237786,6975872042.666667,12
Fat Tree,1574,84.10073497622136,6975872042.666667,12
Fat Tree,1575,84.11154345006486,6975872042.666667,12
Fat Tree,1576,84.12235192390834,6975872042.666667,12
Fat Tree,1577,84.13316039775184,6975872042.666667,12
Fat Tree,1578,84.14396887159533,6975872042.666667,12
Fat Tree,1579,84.15477734543883,6975872042.666667,12
Fat Tree,1580,84.16558581928231,6975872042.666667,12
Fat Tree,1581,84.17639429312581,6975872042.666667,12
Fat Tree,1582,84.1872027669693,6975872042.666667,12
Fat Tree,1583,84.1980112408128,6975872042.666667,12
Fat Tree,1584,84.20881971465629,6975872042.666667,12
Fat Tree,1585,84.21962818849978,6975872042.666667,12
Fat Tree,1586,84.23043666234328,6975872042.666667,12
Fat Tree,1587,84.24124513618678,6975872042.666667,12
Fat Tree,1588,84.25205361003026,6975872042.666667,12
Fat Tree,1589,84.26286208387376,6975872042.666667,12
Fat Tree,1590,84.27367055771725,6975872042.666667,12
Fat Tree,1591,84.28447903156075,6975872042.666667,12
Fat Tree,1592,84.29528750540423,6975872042.666667,12
Fat Tree,1593,84.30609597924773,6975872042.666667,12
Fat Tree,1594,84.31690445309123,6975872042.666667,12
Fat Tree,1595,84.32771292693472,6975872042.666667,12
Fat Tree,1596,84.3385214007782,6975872042.666667,12
Fat Tree,1597,84.3493298746217,6975872042.666667,12
Fat Tree,1598,84.3601383484652,6975872042.666667,12
Fat Tree,1599,84.3709468223087,6975872042.666667,12
Fat Tree,1600,84.38175529615218,6975872042.666667,12
Fat Tree,1601,84.39256376999568,6975872042.666667,12
Fat Tree,1602,84.40337224383917,6975872042.666667,12
Fat Tree,1603,84.41418071768267,6975872042.666667,12
Fat Tree,1604,84.42498919152615,6975872042.666667,12
Fat Tree,1605,84.43579766536965,6975872042.666667,12
Fat Tree,1606,84.44660613921315,6975872042.666667,12
Fat Tree,1607,84.45741461305664,6975872042.666667,12
Fat Tree,1608,84.46822308690012,6975872042.666667,12
Fat Tree,1609,84.47903156074362,6975872042.666667,12
Fat Tree,1610,84.48984003458712,6975872042.666667,12
Fat Tree,1611,84.50064850843061,6975872042.666667,12
Fat Tree,1612,84.5114569822741,6975872042.666667,12
Fat Tree,1613,84.5222654561176,6975872042.666667,12
Fat Tree,1614,84.53307392996109,6975872042.666667,12
Fat Tree,1615,84.54388240380459,6975872042.666667,12
Fat Tree,1616,84.55469087764807,6975872042.666667,12
Fat Tree,1617,84.56549935149157,6975872042.666667,12
Fat Tree,1618,84.57630782533506,6975872042.666667,12
Fat Tree,1619,84.58711629917856,6975872042.666667,12
Fat Tree,1620,84.59792477302204,6975872042.666667,12
Fat Tree,1621,84.60873324686554,6975872042.666667,12
Fat Tree,1622,84.61954172070904,6975872042.666667,12
Fat Tree,1623,84.63035019455253,6975872042.666667,12
Fat Tree,1624,84.64115866839602,6975872042.666667,12
Fat Tree,1625,84.65196714223951,6975872042.666667,12
Fat Tree,1626,84.66277561608301,6975872042.666667,12
Fat Tree,1627,84.6735840899265,6975872042.666667,12
Fat Tree,1628,84.68439256376999,6975872042.666667,12
Fat Tree,1629,84.69520103761349,6975872042.666667,12
Fat Tree,1630,84.70600951145698,6975872042.666667,12
Fat Tree,1631,84.71681798530048,6975872042.666667,12
Fat Tree,1632,84.72762645914396,6975872042.666667,12
Fat Tree,1633,84.73843493298746,6975872042.666667,12
Fat Tree,1634,84.74924340683096,6975872042.666667,12
Fat Tree,1635,84.76005188067445,6975872042.666667,12
Fat Tree,1636,84.77086035451794,6975872042.666667,12
Fat Tree,1637,84.78166882836143,6975872042.666667,12
Fat Tree,1638,84.79247730220493,6975872042.666667,12
Fat Tree,1639,84.80328577604843,6975872042.666667,12
Fat Tree,1640,84.81409424989191,6975872042.666667,12
Fat Tree,1641,84.8249027237354,6975872042.666667,12
Fat Tree,1642,84.8357111975789,6975872042.666667,12
Fat Tree,1643,84.8465196714224,6975872042.666667,12
Fat Tree,1644,84.85732814526588,6975872042.666667,12
Fat Tree,1645,84.86813661910938,6975872042.666667,12
Fat Tree,1646,84.87894509295288,6975872042.666667,12
Fat Tree,1647,84.88975356679637,6975872042.666667,12
Fat Tree,1648,84.90056204063985,6975872042.666667,12
Fat Tree,1649,84.91137051448335,6975872042.666667,12
Fat Tree,1650,84.92217898832685,6975872042.666667,12
Fat Tree,1651,84.93298746217035,6975872042.666667,12
Fat Tree,1652,84.94379593601383,6975872042.666667,12
Fat Tree,1653,84.95460440985732,6975872042.666667,12
Fat Tree,1654,84.96541288370082,6975872042.666667,12
Fat Tree,1655,84.97622135754432,6975872042.666667,12
Fat Tree,1656,84.9870298313878,6975872042.666667,12
Fat Tree,1657,84.9978383052313,6975872042.666667,12
Fat Tree,1658,85.0086467790748,6975872042.666667,12
Fat Tree,1659,85.01945525291829,6975872042.666667,12
Fat Tree,1660,85.03026372676177,6975872042.666667,12
Fat Tree,1661,85.04107220060527,6975872042.666667,12
Fat Tree,1662,85.05188067444877,6975872042.666667,12
Fat Tree,1663,85.06268914829226,6975872042.666667,12
Fat Tree,1664,85.07349762213575,6975872042.666667,12
Fat Tree,1665,85.08430609597924,6975872042.666667,12
Fat Tree,1666,85.09511456982274,6975872042.666667,12
Fat Tree,1667,85.10592304366624,6975872042.666667,12
Fat Tree,1668,85.11673151750972,6975872042.666667,12
Fat Tree,1669,85.12753999135322,6975872042.666667,12
Fat Tree,1670,85.13834846519671,6975872042.666667,12
Fat Tree,1671,85.14915693904021,6975872042.666667,12
Fat Tree,1672,85.1599654128837,6975872042.666667,12
Fat Tree,1673,85.17077388672719,6975872042.666667,12
Fat Tree,1674,85.18158236057069,6975872042.666667,12
Fat Tree,1675,85.19239083441418,6975872042.666667,12
Fat Tree,1676,85.20319930825767,6975872042.666667,12
Fat Tree,1677,85.21400778210116,6975872042.666667,12
Fat Tree,1678,85.22481625594466,6975872042.666667,12
Fat Tree,1679,85.23562472978816,6975872042.666667,12
Fat Tree,1680,85.24643320363164,6975872042.666667,12
Fat Tree,1681,85.25724167747514,6975872042.666667,12
Fat Tree,1682,85.26805015131863,6975872042.666667,12
Fat Tree,1683,85.27885862516213,6975872042.666667,12
Fat Tree,1684,85.28966709900563,6975872042.666667,12
Fat Tree,1685,85.30047557284912,6975872042.666667,12
Fat Tree,1686,85.31128404669262,6975872042.666667,12
Fat Tree,1687,85.3220925205361,6975872042.666667,12
Fat Tree,1688,85.33290099437959,6975872042.666667,12
Fat Tree,1689,85.3437094682231,6975872042.666667,12
Fat Tree,1690,85.3545179420666,6975872042.666667,12
Fat Tree,1691,85.36532641591008,6975872042.666667,12
Fat Tree,1692,85.37613488975357,6975872042.666667,12
Fat Tree,1693,85.38694336359707,6975872042.666667,12
Fat Tree,1694,85.39775183744057,6975872042.666667,12
Fat Tree,1695,85.40856031128403,6975872042.666667,12
Fat Tree,1696,85.41936878512753,6975872042.666667,12
Fat Tree,1697,85.43017725897103,6975872042.666667,12
Fat Tree,1698,85.44098573281453,6975872042.666667,12
Fat Tree,1699,85.45179420665802,6975872042.666667,12
Fat Tree,1700,85.4626026805015,6975872042.666667,12
Fat Tree,1701,85.473411154345,6975872042.666667,12
Fat Tree,1702,85.4842196281885,6975872042.666667,12
Fat Tree,1703,85.495028102032,6975872042.666667,12
Fat Tree,1704,85.50583657587549,6975872042.666667,12
Fat Tree,1705,85.51664504971899,6975872042.666667,12
Fat Tree,1706,85.52745352356249,6975872042.666667,12
Fat Tree,1707,85.53826199740597,6975872042.666667,12
Fat Tree,1708,85.54907047124946,6975872042.666667,12
Fat Tree,1709,85.55987894509296,6975872042.666667,12
Fat Tree,1710,85.57068741893646,6975872042.666667,12
Fat Tree,1711,85.58149589277996,6975872042.666667,12
Fat Tree,1712,85.59230436662342,6975872042.666667,12
Fat Tree,1713,85.60311284046692,6975872042.666667,12
Fat Tree,1714,85.61392131431042,6975872042.666667,12
Fat Tree,1715,85.62472978815391,6975872042.666667,12
Fat Tree,1716,85.6355382619974,6975872042.666667,12
Fat Tree,1717,85.6463467358409,6975872042.666667,12
Fat Tree,1718,85.65715520968439,6975872042.666667,12
Fat Tree,1719,85.66796368352789,6975872042.666667,12
Fat Tree,1720,85.67877215737138,6975872042.666667,12
Fat Tree,1721,85.68958063121488,6975872042.666667,12
Fat Tree,1722,85.70038910505838,6975872042.666667,12
Fat Tree,1723,85.71119757890186,6975872042.666667,12
Fat Tree,1724,85.72200605274536,6975872042.666667,12
Fat Tree,1725,85.73281452658885,6975872042.666667,12
Fat Tree,1726,85.74362300043235,6975872042.666667,12
Fat Tree,1727,85.75443147427582,6975872042.666667,12
Fat Tree,1728,85.76523994811932,6975872042.666667,12
Fat Tree,1729,85.77604842196281,6975872042.666667,12
Fat Tree,1730,85.78685689580631,6975872042.666667,12
Fat Tree,1731,85.7976653696498,6975872042.666667,12
Fat Tree,1732,85.80847384349329,6975872042.666667,12
Fat Tree,1733,85.81928231733679,6975872042.666667,12
Fat Tree,1734,85.83009079118028,6975872042.666667,12
Fat Tree,1735,85.84089926502378,6975872042.666667,12
Fat Tree,1736,85.85170773886728,6975872042.666667,12
Fat Tree,1737,85.86251621271077,6975872042.666667,12
Fat Tree,1738,85.87332468655427,6975872042.666667,12
Fat Tree,1739,85.88413316039775,6975872042.666667,12
Fat Tree,1740,85.89494163424125,6975872042.666667,12
Fat Tree,1741,85.90575010808475,6975872042.666667,12
Fat Tree,1742,85.91655858192824,6975872042.666667,12
Fat Tree,1743,85.92736705577174,6975872042.666667,12
Fat Tree,1744,85.93817552961521,6975872042.666667,12
Fat Tree,1745,85.9489840034587,6975872042.666667,12
Fat Tree,1746,85.9597924773022,6975872042.666667,12
Fat Tree,1747,85.9706009511457,6975872042.666667,12
Fat Tree,1748,85.98140942498918,6975872042.666667,12
Fat Tree,1749,85.99221789883268,6975872042.666667,12
Fat Tree,1750,86.00302637267617,6975872042.666667,12
Fat Tree,1751,86.01383484651967,6975872042.666667,12
Fat Tree,1752,86.02464332036317,6975872042.666667,12
Fat Tree,1753,86.03545179420666,6975872042.666667,12
Fat Tree,1754,86.04626026805016,6975872042.666667,12
Fat Tree,1755,86.05706874189364,6975872042.666667,12
Fat Tree,1756,86.06787721573714,6975872042.666667,12
Fat Tree,1757,86.07868568958064,6975872042.666667,12
Fat Tree,1758,86.08949416342413,6975872042.666667,12
Fat Tree,1759,86.1003026372676,6975872042.666667,12
Fat Tree,1760,86.1111111111111,6975872042.666667,12
Fat Tree,1761,86.1219195849546,6975872042.666667,12
Fat Tree,1762,86.1327280587981,6975872042.666667,12
Fat Tree,1763,86.14353653264159,6975872042.666667,12
Fat Tree,1764,86.15434500648507,6975872042.666667,12
Fat Tree,1765,86.16515348032857,6975872042.666667,12
Fat Tree,1766,86.17596195417207,6975872042.666667,12
Fat Tree,1767,86.18677042801556,6975872042.666667,12
Fat Tree,1768,86.19757890185906,6975872042.666667,12
Fat Tree,1769,86.20838737570256,6975872042.666667,12
Fat Tree,1770,86.21919584954605,6975872042.666667,12
Fat Tree,1771,86.23000432338954,6975872042.666667,12
Fat Tree,1772,86.24081279723303,6975872042.666667,12
Fat Tree,1773,86.25162127107653,6975872042.666667,12
Fat Tree,1774,86.26242974492003,6975872042.666667,12
Fat Tree,1775,86.27323821876352,6975872042.666667,12
Fat Tree,1776,86.28404669260699,6975872042.666667,12
Fat Tree,1777,86.29485516645049,6975872042.666667,12
Fat Tree,1778,86.30566364029399,6975872042.666667,12
Fat Tree,1779,86.31647211413748,6975872042.666667,12
Fat Tree,1780,86.32728058798097,6975872042.666667,12
Fat Tree,1781,86.33808906182446,6975872042.666667,12
Fat Tree,1782,86.34889753566796,6975872042.666667,12
Fat Tree,1783,86.35970600951146,6975872042.666667,12
Fat Tree,1784,86.37051448335495,6975872042.666667,12
Fat Tree,1785,86.38132295719845,6975872042.666667,12
Fat Tree,1786,86.39213143104195,6975872042.666667,12
Fat Tree,1787,86.40293990488543,6975872042.666667,12
Fat Tree,1788,86.41374837872893,6975872042.666667,12
Fat Tree,1789,86.42455685257242,6975872042.666667,12
Fat Tree,1790,86.43536532641592,6975872042.666667,12
Fat Tree,1791,86.44617380025939,6975872042.666667,12
Fat Tree,1792,86.45698227410288,6975872042.666667,12
Fat Tree,1793,86.46779074794638,6975872042.666667,12
Fat Tree,1794,86.47859922178988,6975872042.666667,12
Fat Tree,1795,86.48940769563337,6975872042.666667,12
Fat Tree,1796,86.50021616947686,6975872042.666667,12
Fat Tree,1797,86.51102464332035,6975872042.666667,12
Fat Tree,1798,86.52183311716385,6975872042.666667,12
Fat Tree,1799,86.53264159100735,6975872042.666667,12
Fat Tree,1800,86.54345006485084,6975872042.666667,12
Fat Tree,1801,86.55425853869434,6975872042.666667,12
Fat Tree,1802,86.56506701253784,6975872042.666667,12
Fat Tree,1803,86.57587548638132,6975872042.666667,12
Fat Tree,1804,86.58668396022482,6975872042.666667,12
Fat Tree,1805,86.59749243406831,6975872042.666667,12
Fat Tree,1806,86.60830090791181,6975872042.666667,12
Fat Tree,1807,86.61910938175531,6975872042.666667,12
Fat Tree,1808,86.62991785559878,6975872042.666667,12
Fat Tree,1809,86.6407263294423,6975872042.666667,12
Fat Tree,1810,86.65153480328577,6975872042.666667,12
Fat Tree,1811,86.66234327712927,6975872042.666667,12
Fat Tree,1812,86.67315175097276,6975872042.666667,12
Fat Tree,1813,86.68396022481626,6975872042.666667,12
Fat Tree,1814,86.69476869865976,6975872042.666667,12
Fat Tree,1815,86.70557717250324,6975872042.666667,12
Fat Tree,1816,86.71638564634674,6975872042.666667,12
Fat Tree,1817,86.72719412019023,6975872042.666667,12
Fat Tree,1818,86.73800259403373,6975872042.666667,12
Fat Tree,1819,86.74881106787721,6975872042.666667,12
Fat Tree,1820,86.75961954172071,6975872042.666667,12
Fat Tree,1821,86.7704280155642,6975872042.666667,12
Fat Tree,1822,86.7812364894077,7306321125.333333,12
Fat Tree,1823,86.79204496325117,7306321125.333333,12
Fat Tree,1824,86.8028534370947,7306321125.333333,12
Fat Tree,1825,86.81366191093817,7306321125.333333,12
Fat Tree,1826,86.82447038478169,160912357264.0,12
Fat Tree,1827,86.83527885862516,160912357264.0,12
Fat Tree,1828,86.84608733246866,160912357264.0,12
Fat Tree,1829,86.85689580631215,160912357264.0,12
Fat Tree,1830,86.86770428015565,160912357264.0,12
Fat Tree,1831,86.87851275399913,160912357264.0,12
Fat Tree,1832,86.88932122784263,160912357264.0,12
Fat Tree,1833,86.90012970168613,160912357264.0,12
Fat Tree,1834,86.91093817552962,160912357264.0,12
Fat Tree,1835,86.9217466493731,160912357264.0,12
Fat Tree,1836,86.9325551232166,160912357264.0,12
Fat Tree,1837,86.9433635970601,160912357264.0,12
Fat Tree,1838,86.9541720709036,160912357264.0,12
Fat Tree,1839,86.96498054474709,160912357264.0,12
Fat Tree,1840,86.97578901859056,160912357264.0,12
Fat Tree,1841,86.98659749243409,160912357264.0,12
Fat Tree,1842,86.99740596627755,160912357264.0,12
Fat Tree,1843,87.00821444012105,160912357264.0,12
Fat Tree,1844,87.01902291396455,160912357264.0,12
Fat Tree,1845,87.02983138780804,160912357264.0,12
Fat Tree,1846,87.04063986165154,160912357264.0,12
Fat Tree,1847,87.05144833549502,160912357264.0,12
Fat Tree,1848,87.06225680933852,160912357264.0,12
Fat Tree,1849,87.07306528318202,160912357264.0,12
Fat Tree,1850,87.08387375702551,160912357264.0,12
Fat Tree,1851,87.094682230869,160912357264.0,12
Fat Tree,1852,87.1054907047125,160912357264.0,12
Fat Tree,1853,87.11629917855599,160912357264.0,12
Fat Tree,1854,87.12710765239949,160912357264.0,12
Fat Tree,1855,87.13791612624296,160912357264.0,12
Fat Tree,1856,87.14872460008648,160912357264.0,12
Fat Tree,1857,87.15953307392995,160912357264.0,12
Fat Tree,1858,87.17034154777348,160912357264.0,12
Fat Tree,1859,87.18115002161694,160912357264.0,12
Fat Tree,1860,87.19195849546044,160912357264.0,12
Fat Tree,1861,87.20276696930394,160912357264.0,12
Fat Tree,1862,87.21357544314743,160912357264.0,12
Fat Tree,1863,87.22438391699092,160912357264.0,12
Fat Tree,1864,87.23519239083441,160912357264.0,12
Fat Tree,1865,87.24600086467791,160912357264.0,12
Fat Tree,1866,87.2568093385214,160912357264.0,12
Fat Tree,1867,87.26761781236489,160912357264.0,12
Fat Tree,1868,87.27842628620839,160912357264.0,12
Fat Tree,1869,87.28923476005188,160912357264.0,12
Fat Tree,1870,87.30004323389538,160912357264.0,12
Fat Tree,1871,87.31085170773888,160912357264.0,12
Fat Tree,1872,87.32166018158235,160912357264.0,12
Fat Tree,1873,87.33246865542587,160912357264.0,12
Fat Tree,1874,87.34327712926934,160912357264.0,12
Fat Tree,1875,87.35408560311284,160912357264.0,12
Fat Tree,1876,87.36489407695633,160912357264.0,12
Fat Tree,1877,87.37570255079983,160912357264.0,12
Fat Tree,1878,87.38651102464333,160912357264.0,12
Fat Tree,1879,87.39731949848681,160912357264.0,12
Fat Tree,1880,87.4081279723303,160912357264.0,12
Fat Tree,1881,87.4189364461738,160912357264.0,12
Fat Tree,1882,87.4297449200173,160912357264.0,12
Fat Tree,1883,87.44055339386078,160912357264.0,12
Fat Tree,1884,87.45136186770428,160912357264.0,12
Fat Tree,1885,87.46217034154778,160912357264.0,12
Fat Tree,1886,87.47297881539127,160912357264.0,12
Fat Tree,1887,87.48378728923474,160912357264.0,12
Fat Tree,1888,87.49459576307827,160912357264.0,12
Fat Tree,1889,87.50540423692173,160912357264.0,12
Fat Tree,1890,87.51621271076526,160912357264.0,12
Fat Tree,1891,87.52702118460873,160912357264.0,12
Fat Tree,1892,87.53782965845222,160912357264.0,12
Fat Tree,1893,87.54863813229572,160912357264.0,12
Fat Tree,1894,87.55944660613922,160912357264.0,12
Fat Tree,1895,87.5702550799827,160912357264.0,12
Fat Tree,1896,87.5810635538262,160912357264.0,12
Fat Tree,1897,87.5918720276697,160912357264.0,12
Fat Tree,1898,87.60268050151319,160912357264.0,12
Fat Tree,1899,87.61348897535667,160912357264.0,12
Fat Tree,1900,87.62429744920017,160912357264.0,12
Fat Tree,1901,87.63510592304367,160912357264.0,12
Fat Tree,1902,87.64591439688716,160912357264.0,12
Fat Tree,1903,87.65672287073066,160912357264.0,12
Fat Tree,1904,87.66753134457413,160912357264.0,12
Fat Tree,1905,87.67833981841765,160912357264.0,12
Fat Tree,1906,87.68914829226112,160912357264.0,12
Fat Tree,1907,87.69995676610462,160912357264.0,12
Fat Tree,1908,87.71076523994812,160912357264.0,12
Fat Tree,1909,87.72157371379161,160912357264.0,12
Fat Tree,1910,87.73238218763511,160912357264.0,12
Fat Tree,1911,87.7431906614786,160912357264.0,12
Fat Tree,1912,87.75399913532209,160912357264.0,12
Fat Tree,1913,87.76480760916559,160912357264.0,12
Fat Tree,1914,87.77561608300908,160912357264.0,12
Fat Tree,1915,87.78642455685257,160912357264.0,12
Fat Tree,1916,87.79723303069606,160912357264.0,12
Fat Tree,1917,87.80804150453956,160912357264.0,12
Fat Tree,1918,87.81884997838306,160912357264.0,12
Fat Tree,1919,87.82965845222652,160912357264.0,12
Fat Tree,1920,87.84046692607005,160912357264.0,12
Fat Tree,1921,87.85127539991352,160912357264.0,12
Fat Tree,1922,87.86208387375704,160912357264.0,12
Fat Tree,1923,87.87289234760051,160912357264.0,12
Fat Tree,1924,87.88370082144401,160912357264.0,12
Fat Tree,1925,87.8945092952875,160912357264.0,12
Fat Tree,1926,87.905317769131,160912357264.0,12
Fat Tree,1927,87.91612624297449,160912357264.0,12
Fat Tree,1928,87.92693471681798,160912357264.0,12
Fat Tree,1929,87.93774319066148,160912357264.0,12
Fat Tree,1930,87.94855166450498,160912357264.0,12
Fat Tree,1931,87.95936013834846,160912357264.0,12
Fat Tree,1932,87.97016861219196,160912357264.0,12
Fat Tree,1933,87.98097708603545,160912357264.0,12
Fat Tree,1934,87.99178555987895,160912357264.0,12
Fat Tree,1935,88.00259403372245,160912357264.0,12
Fat Tree,1936,88.01340250756591,160912357264.0,12
Fat Tree,1937,88.02421098140944,160912357264.0,12
Fat Tree,1938,88.03501945525291,160912357264.0,12
Fat Tree,1939,88.0458279290964,160912357264.0,12
Fat Tree,1940,88.0566364029399,160912357264.0,12
Fat Tree,1941,88.0674448767834,160912357264.0,12
Fat Tree,1942,88.0782533506269,160912357264.0,12
Fat Tree,1943,88.08906182447038,160912357264.0,12
Fat Tree,1944,88.09987029831387,160912357264.0,12
Fat Tree,1945,88.11067877215737,160912357264.0,12
Fat Tree,1946,88.12148724600087,160912357264.0,12
Fat Tree,1947,88.13229571984435,160912357264.0,12
Fat Tree,1948,88.14310419368785,160912357264.0,12
Fat Tree,1949,88.15391266753134,160912357264.0,12
Fat Tree,1950,88.16472114137484,160912357264.0,12
Fat Tree,1951,88.17552961521831,160912357264.0,12
Fat Tree,1952,88.18633808906183,160912357264.0,12
Fat Tree,1953,88.1971465629053,160912357264.0,12
Fat Tree,1954,88.20795503674883,160912357264.0,12
Fat Tree,1955,88.2187635105923,160912357264.0,12
Fat Tree,1956,88.2295719844358,160912357264.0,12
Fat Tree,1957,88.24038045827929,160912357264.0,12
Fat Tree,1958,88.25118893212279,160912357264.0,12
Fat Tree,1959,88.26199740596627,160912357264.0,12
Fat Tree,1960,88.27280587980977,160912357264.0,12
Fat Tree,1961,88.28361435365326,160912357264.0,12
Fat Tree,1962,88.29442282749676,160912357264.0,12
Fat Tree,1963,88.30523130134024,160912357264.0,12
Fat Tree,1964,88.31603977518374,160912357264.0,12
Fat Tree,1965,88.32684824902724,160912357264.0,12
Fat Tree,1966,88.33765672287073,160912357264.0,12
Fat Tree,1967,88.34846519671423,160912357264.0,12
Fat Tree,1968,88.3592736705577,160912357264.0,12
Fat Tree,1969,88.37008214440122,160912357264.0,12
Fat Tree,1970,88.38089061824469,160912357264.0,12
Fat Tree,1971,88.39169909208819,160912357264.0,12
Fat Tree,1972,88.40250756593169,160912357264.0,12
Fat Tree,1973,88.41331603977518,160912357264.0,12
Fat Tree,1974,88.42412451361868,160912357264.0,12
Fat Tree,1975,88.43493298746216,160912357264.0,12
Fat Tree,1976,88.44574146130566,160912357264.0,12
Fat Tree,1977,88.45654993514916,160912357264.0,12
Fat Tree,1978,88.46735840899265,160912357264.0,12
Fat Tree,1979,88.47816688283615,160912357264.0,12
Fat Tree,1980,88.48897535667965,160912357264.0,12
Fat Tree,1981,88.49978383052314,160912357264.0,12
Fat Tree,1982,88.51059230436663,160912357264.0,12
Fat Tree,1983,88.52140077821012,160912357264.0,12
Fat Tree,1984,88.53220925205362,160912357264.0,12
Fat Tree,1985,88.54301772589712,160912357264.0,12
Fat Tree,1986,88.55382619974061,160912357264.0,12
Fat Tree,1987,88.56463467358408,160912357264.0,12
Fat Tree,1988,88.57544314742758,160912357264.0,12
Fat Tree,1989,88.58625162127107,160912357264.0,12
Fat Tree,1990,88.59706009511457,160912357264.0,12
Fat Tree,1991,88.60786856895805,160912357264.0,12
Fat Tree,1992,88.61867704280155,160912357264.0,12
Fat Tree,1993,88.62948551664505,160912357264.0,12
Fat Tree,1994,88.64029399048854,160912357264.0,12
Fat Tree,1995,88.65110246433204,160912357264.0,12
Fat Tree,1996,88.66191093817554,160912357264.0,12
Fat Tree,1997,88.67271941201903,160912357264.0,12
Fat Tree,1998,88.68352788586252,160912357264.0,12
Fat Tree,1999,88.69433635970601,160912357264.0,12
Fat Tree,2000,88.70514483354951,160912357264.0,12
Fat Tree,2001,88.71595330739301,160912357264.0,12
Fat Tree,2002,88.72676178123648,160912357264.0,12
Fat Tree,2003,88.73757025507997,160912357264.0,12
Fat Tree,2004,88.74837872892347,160912357264.0,12
Fat Tree,2005,88.75918720276697,160912357264.0,12
Fat Tree,2006,88.76999567661046,160912357264.0,12
Fat Tree,2007,88.78080415045395,160912357264.0,12
Fat Tree,2008,88.79161262429744,160912357264.0,12
Fat Tree,2009,88.80242109814094,160912357264.0,12
Fat Tree,2010,88.81322957198444,160912357264.0,12
Fat Tree,2011,88.82403804582793,160912357264.0,12
Fat Tree,2012,88.83484651967143,160912357264.0,12
Fat Tree,2013,88.84565499351493,160912357264.0,12
Fat Tree,2014,88.85646346735841,160912357264.0,12
Fat Tree,2015,88.8672719412019,160912357264.0,12
Fat Tree,2016,88.8780804150454,160912357264.0,12
Fat Tree,2017,88.8888888888889,160912357264.0,12
Fat Tree,2018,88.8996973627324,160912357264.0,12
Fat Tree,2019,88.91050583657587,160912357264.0,12
Fat Tree,2020,88.92131431041936,160912357264.0,12
Fat Tree,2021,88.93212278426286,160912357264.0,12
Fat Tree,2022,88.94293125810636,160912357264.0,12
Fat Tree,2023,88.95373973194984,160912357264.0,12
Fat Tree,2024,88.96454820579334,160912357264.0,12
Fat Tree,2025,88.97535667963683,160912357264.0,12
Fat Tree,2026,88.98616515348033,160912357264.0,12
Fat Tree,2027,88.99697362732383,160912357264.0,12
Fat Tree,2028,89.00778210116732,160912357264.0,12
Fat Tree,2029,89.01859057501082,160912357264.0,12
Fat Tree,2030,89.0293990488543,160912357264.0,12
Fat Tree,2031,89.0402075226978,160912357264.0,12
Fat Tree,2032,89.0510159965413,160912357264.0,12
Fat Tree,2033,89.06182447038479,160912357264.0,12
Fat Tree,2034,89.07263294422826,160912357264.0,12
Fat Tree,2035,89.08344141807176,160912357264.0,12
Fat Tree,2036,89.09424989191525,160912357264.0,12
Fat Tree,2037,89.10505836575875,160912357264.0,12
Fat Tree,2038,89.11586683960225,160912357264.0,12
Fat Tree,2039,89.12667531344573,160912357264.0,12
Fat Tree,2040,89.13748378728923,160912357264.0,12
Fat Tree,2041,89.14829226113272,160912357264.0,12
Fat Tree,2042,89.15910073497622,160912357264.0,12
Fat Tree,2043,89.16990920881972,160912357264.0,12
Fat Tree,2044,89.18071768266321,160912357264.0,12
Fat Tree,2045,89.19152615650671,160912357264.0,12
Fat Tree,2046,89.2023346303502,160912357264.0,12
Fat Tree,2047,89.21314310419369,160912357264.0,12
Fat Tree,2048,89.22395157803719,160912357264.0,12
Fat Tree,2049,89.23476005188068,160912357264.0,12
Fat Tree,2050,89.24556852572418,160912357264.0,12
Fat Tree,2051,89.25637699956765,160912357264.0,12
Fat Tree,2052,89.26718547341115,160912357264.0,12
Fat Tree,2053,89.27799394725464,160912357264.0,12
Fat Tree,2054,89.28880242109814,160912357264.0,12
Fat Tree,2055,89.29961089494162,160912357264.0,12
Fat Tree,2056,89.31041936878512,160912357264.0,12
Fat Tree,2057,89.32122784262862,160912357264.0,12
Fat Tree,2058,89.33203631647211,160912357264.0,12
Fat Tree,2059,89.34284479031561,160912357264.0,12
Fat Tree,2060,89.3536532641591,160912357264.0,12
Fat Tree,2061,89.3644617380026,160912357264.0,12
Fat Tree,2062,89.37527021184609,160912357264.0,12
Fat Tree,2063,89.38607868568958,160912357264.0,12
Fat Tree,2064,89.39688715953305,160912357264.0,12
Fat Tree,2065,89.40769563337658,160912357264.0,12
Fat Tree,2066,89.41850410722007,160912357264.0,12
Fat Tree,2067,89.42931258106354,160912357264.0,12
Fat Tree,2068,89.44012105490704,160912357264.0,12
Fat Tree,2069,89.45092952875054,160912357264.0,12
Fat Tree,2070,89.46173800259403,160912357264.0,12
Fat Tree,2071,89.47254647643751,160912357264.0,12
Fat Tree,2072,89.48335495028101,160912357264.0,12
Fat Tree,2073,89.49416342412451,160912357264.0,12
Fat Tree,2074,89.504971897968,160912357264.0,12
Fat Tree,2075,89.5157803718115,160912357264.0,12
Fat Tree,2076,89.52658884565498,160912357264.0,12
Fat Tree,2077,89.5373973194985,160912357264.0,12
Fat Tree,2078,89.54820579334199,160912357264.0,12
Fat Tree,2079,89.55901426718547,160912357264.0,12
Fat Tree,2080,89.56982274102897,160912357264.0,12
Fat Tree,2081,89.58063121487247,160912357264.0,12
Fat Tree,2082,89.59143968871597,161303865002.66666,12
Fat Tree,2083,89.60224816255943,161303865002.66666,12
Fat Tree,2084,89.61305663640293,161303865002.66666,12
Fat Tree,2085,89.62386511024643,161303865002.66666,12
Fat Tree,2086,89.63467358408992,325267868672.0,12
Fat Tree,2087,89.64548205793342,325267868672.0,12
Fat Tree,2088,89.6562905317769,325267868672.0,12
Fat Tree,2089,89.6670990056204,325267868672.0,12
Fat Tree,2090,89.6779074794639,325267868672.0,12
Fat Tree,2091,89.6887159533074,325267868672.0,12
Fat Tree,2092,89.69952442715089,325267868672.0,12
Fat Tree,2093,89.71033290099439,325267868672.0,12
Fat Tree,2094,89.72114137483787,325267868672.0,12
Fat Tree,2095,89.73194984868137,325267868672.0,12
Fat Tree,2096,89.74275832252486,325267868672.0,12
Fat Tree,2097,89.75356679636836,325267868672.0,12
Fat Tree,2098,89.76437527021183,325267868672.0,12
Fat Tree,2099,89.77518374405535,325267868672.0,12
Fat Tree,2100,89.78599221789882,325267868672.0,12
Fat Tree,2101,89.79680069174235,325267868672.0,12
Fat Tree,2102,89.80760916558582,325267868672.0,12
Fat Tree,2103,89.81841763942931,325267868672.0,12
Fat Tree,2104,89.82922611327281,325267868672.0,12
Fat Tree,2105,89.8400345871163,325267868672.0,12
Fat Tree,2106,89.85084306095979,325267868672.0,12
Fat Tree,2107,89.86165153480329,325267868672.0,12
Fat Tree,2108,89.87246000864678,325267868672.0,12
Fat Tree,2109,89.88326848249028,325267868672.0,12
Fat Tree,2110,89.89407695633376,325267868672.0,12
Fat Tree,2111,89.90488543017727,325267868672.0,12
Fat Tree,2112,89.91569390402076,325267868672.0,12
Fat Tree,2113,89.92650237786425,325267868672.0,12
Fat Tree,2114,89.93731085170775,325267868672.0,12
Fat Tree,2115,89.94811932555122,325267868672.0,12
Fat Tree,2116,89.95892779939474,325267868672.0,12
Fat Tree,2117,89.96973627323821,325267868672.0,12
Fat Tree,2118,89.98054474708171,325267868672.0,12
Fat Tree,2119,89.99135322092519,325267868672.0,12
Fat Tree,2120,90.0021616947687,325267868672.0,12
Fat Tree,2121,90.01297016861218,325267868672.0,12
Fat Tree,2122,90.02377864245568,325267868672.0,12
Fat Tree,2123,90.03458711629918,325267868672.0,12
Fat Tree,2124,90.04539559014268,325267868672.0,12
Fat Tree,2125,90.05620406398617,325267868672.0,12
Fat Tree,2126,90.06701253782965,325267868672.0,12
Fat Tree,2127,90.07782101167315,325267868672.0,12
Fat Tree,2128,90.08862948551665,325267868672.0,12
Fat Tree,2129,90.09943795936015,325267868672.0,12
Fat Tree,2130,90.11024643320361,325267868672.0,12
Fat Tree,2131,90.12105490704714,325267868672.0,12
Fat Tree,2132,90.13186338089064,325267868672.0,12
Fat Tree,2133,90.14267185473413,325267868672.0,12
Fat Tree,2134,90.15348032857759,325267868672.0,12
Fat Tree,2135,90.1642888024211,325267868672.0,12
Fat Tree,2136,90.1750972762646,325267868672.0,12
Fat Tree,2137,90.18590575010809,325267868672.0,12
Fat Tree,2138,90.19671422395157,325267868672.0,12
Fat Tree,2139,90.20752269779507,325267868672.0,12
Fat Tree,2140,90.21833117163857,325267868672.0,12
Fat Tree,2141,90.22913964548206,325267868672.0,12
Fat Tree,2142,90.23994811932555,325267868672.0,12
Fat Tree,2143,90.25075659316904,325267868672.0,12
Fat Tree,2144,90.26156506701255,325267868672.0,12
Fat Tree,2145,90.27237354085604,325267868672.0,12
Fat Tree,2146,90.2831820146995,325267868672.0,12
Fat Tree,2147,90.29399048854303,325267868672.0,12
Fat Tree,2148,90.30479896238653,325267868672.0,12
Fat Tree,2149,90.31560743623,325267868672.0,12
Fat Tree,2150,90.3264159100735,325267868672.0,12
Fat Tree,2151,90.33722438391699,325267868672.0,12
Fat Tree,2152,90.34803285776049,325267868672.0,12
Fat Tree,2153,90.35884133160398,325267868672.0,12
Fat Tree,2154,90.36964980544747,325267868672.0,12
Fat Tree,2155,90.38045827929096,325267868672.0,12
Fat Tree,2156,90.39126675313446,325267868672.0,12
Fat Tree,2157,90.40207522697796,325267868672.0,12
Fat Tree,2158,90.41288370082144,325267868672.0,12
Fat Tree,2159,90.42369217466494,325267868672.0,12
Fat Tree,2160,90.43450064850843,325267868672.0,12
Fat Tree,2161,90.44530912235193,325267868672.0,12
Fat Tree,2162,90.4561175961954,325267868672.0,12
Fat Tree,2163,90.46692607003892,325267868672.0,12
Fat Tree,2164,90.47773454388239,325267868672.0,12
Fat Tree,2165,90.48854301772592,325267868672.0,12
Fat Tree,2166,90.49935149156939,325267868672.0,12
Fat Tree,2167,90.51015996541287,325267868672.0,12
Fat Tree,2168,90.52096843925638,325267868672.0,12
Fat Tree,2169,90.53177691309988,325267868672.0,12
Fat Tree,2170,90.54258538694336,325267868672.0,12
Fat Tree,2171,90.55339386078685,325267868672.0,12
Fat Tree,2172,90.56420233463035,325267868672.0,12
Fat Tree,2173,90.57501080847385,325267868672.0,12
Fat Tree,2174,90.58581928231733,325267868672.0,12
Fat Tree,2175,90.59662775616083,325267868672.0,12
Fat Tree,2176,90.60743623000432,325267868672.0,12
Fat Tree,2177,90.61824470384784,325267868672.0,12
Fat Tree,2178,90.62905317769132,325267868672.0,12
Fat Tree,2179,90.63986165153479,325267868672.0,12
Fat Tree,2180,90.65067012537831,325267868672.0,12
Fat Tree,2181,90.66147859922178,325267868672.0,12
Fat Tree,2182,90.67228707306528,325267868672.0,12
Fat Tree,2183,90.68309554690877,325267868672.0,12
Fat Tree,2184,90.69390402075227,325267868672.0,12
Fat Tree,2185,90.70471249459577,325267868672.0,12
Fat Tree,2186,90.71552096843925,325267868672.0,12
Fat Tree,2187,90.72632944228275,325267868672.0,12
Fat Tree,2188,90.73713791612624,325267868672.0,12
Fat Tree,2189,90.74794638996974,325267868672.0,12
Fat Tree,2190,90.75875486381324,325267868672.0,12
Fat Tree,2191,90.76956333765672,325267868672.0,12
Fat Tree,2192,90.78037181150022,325267868672.0,12
Fat Tree,2193,90.79118028534373,325267868672.0,12
Fat Tree,2194,90.80198875918721,325267868672.0,12
Fat Tree,2195,90.81279723303071,325267868672.0,12
Fat Tree,2196,90.82360570687418,325267868672.0,12
Fat Tree,2197,90.8344141807177,325267868672.0,12
Fat Tree,2198,90.84522265456117,325267868672.0,12
Fat Tree,2199,90.85603112840467,325267868672.0,12
Fat Tree,2200,90.86683960224815,325267868672.0,12
Fat Tree,2201,90.87764807609166,325267868672.0,12
Fat Tree,2202,90.88845654993514,325267868672.0,12
Fat Tree,2203,90.89926502377864,325267868672.0,12
Fat Tree,2204,90.91007349762214,325267868672.0,12
Fat Tree,2205,90.92088197146563,325267868672.0,12
Fat Tree,2206,90.93169044530913,325267868672.0,12
Fat Tree,2207,90.94249891915261,325267868672.0,12
Fat Tree,2208,90.95330739299611,325267868672.0,12
Fat Tree,2209,90.9641158668396,325267868672.0,12
Fat Tree,2210,90.9749243406831,325267868672.0,12
Fat Tree,2211,90.98573281452657,325267868672.0,12
Fat Tree,2212,90.99654128837007,325267868672.0,12
Fat Tree,2213,91.00734976221356,325267868672.0,12
Fat Tree,2214,91.01815823605706,325267868672.0,12
Fat Tree,2215,91.02896670990056,325267868672.0,12
Fat Tree,2216,91.03977518374406,325267868672.0,12
Fat Tree,2217,91.05058365758755,325267868672.0,12
Fat Tree,2218,91.06139213143103,325267868672.0,12
Fat Tree,2219,91.07220060527453,325267868672.0,12
Fat Tree,2220,91.08300907911803,325267868672.0,12
Fat Tree,2221,91.09381755296153,325267868672.0,12
Fat Tree,2222,91.10462602680501,325267868672.0,12
Fat Tree,2223,91.1154345006485,325267868672.0,12
Fat Tree,2224,91.126242974492,325267868672.0,12
Fat Tree,2225,91.1370514483355,325267868672.0,12
Fat Tree,2226,91.14785992217897,325267868672.0,12
Fat Tree,2227,91.15866839602249,325267868672.0,12
Fat Tree,2228,91.16947686986596,325267868672.0,12
Fat Tree,2229,91.18028534370949,325267868672.0,12
Fat Tree,2230,91.19109381755295,325267868672.0,12
Fat Tree,2231,91.20190229139645,325267868672.0,12
Fat Tree,2232,91.21271076523995,325267868672.0,12
Fat Tree,2233,91.22351923908343,325267868672.0,12
Fat Tree,2234,91.23432771292693,325267868672.0,12
Fat Tree,2235,91.24513618677042,325267868672.0,12
Fat Tree,2236,91.25594466061392,325267868672.0,12
Fat Tree,2237,91.26675313445742,325267868672.0,12
Fat Tree,2238,91.2775616083009,325267868672.0,12
Fat Tree,2239,91.28837008214441,325267868672.0,12
Fat Tree,2240,91.2991785559879,325267868672.0,12
Fat Tree,2241,91.30998702983139,325267868672.0,12
Fat Tree,2242,91.32079550367489,325267868672.0,12
Fat Tree,2243,91.33160397751836,325267868672.0,12
Fat Tree,2244,91.34241245136188,325267868672.0,12
Fat Tree,2245,91.35322092520535,325267868672.0,12
Fat Tree,2246,91.36402939904883,325267868672.0,12
Fat Tree,2247,91.37483787289234,325267868672.0,12
Fat Tree,2248,91.38564634673584,325267868672.0,12
Fat Tree,2249,91.39645482057932,325267868672.0,12
Fat Tree,2250,91.40726329442282,325267868672.0,12
Fat Tree,2251,91.41807176826632,325267868672.0,12
Fat Tree,2252,91.42888024210981,325267868672.0,12
Fat Tree,2253,91.43968871595331,325267868672.0,12
Fat Tree,2254,91.45049718979679,325267868672.0,12
Fat Tree,2255,91.46130566364029,325267868672.0,12
Fat Tree,2256,91.47211413748379,325267868672.0,12
Fat Tree,2257,91.48292261132728,325267868672.0,12
Fat Tree,2258,91.49373108517075,325267868672.0,12
Fat Tree,2259,91.50453955901428,325267868672.0,12
Fat Tree,2260,91.51534803285777,325267868672.0,12
Fat Tree,2261,91.52615650670127,325267868672.0,12
Fat Tree,2262,91.53696498054474,325267868672.0,12
Fat Tree,2263,91.54777345438826,325267868672.0,12
Fat Tree,2264,91.55858192823173,325267868672.0,12
Fat Tree,2265,91.56939040207523,325267868672.0,12
Fat Tree,2266,91.58019887591871,325267868672.0,12
Fat Tree,2267,91.59100734976222,325267868672.0,12
Fat Tree,2268,91.6018158236057,325267868672.0,12
Fat Tree,2269,91.6126242974492,325267868672.0,12
Fat Tree,2270,91.6234327712927,325267868672.0,12
Fat Tree,2271,91.63424124513618,325267868672.0,12
Fat Tree,2272,91.64504971897969,325267868672.0,12
Fat Tree,2273,91.65585819282317,325267868672.0,12
Fat Tree,2274,91.66666666666667,325267868672.0,12
Fat Tree,2275,91.67747514051017,325267868672.0,12
Fat Tree,2276,91.68828361435367,325267868672.0,12
Fat Tree,2277,91.69909208819713,325267868672.0,12
Fat Tree,2278,91.70990056204063,325267868672.0,12
Fat Tree,2279,91.72070903588413,325267868672.0,12
Fat Tree,2280,91.73151750972762,325267868672.0,12
Fat Tree,2281,91.74232598357112,325267868672.0,12
Fat Tree,2282,91.75313445741462,325267868672.0,12
Fat Tree,2283,91.7639429312581,325267868672.0,12
Fat Tree,2284,91.77475140510161,325267868672.0,12
Fat Tree,2285,91.7855598789451,325267868672.0,12
Fat Tree,2286,91.79636835278858,325267868672.0,12
Fat Tree,2287,91.80717682663209,325267868672.0,12
Fat Tree,2288,91.81798530047558,325267868672.0,12
Fat Tree,2289,91.82879377431907,325267868672.0,12
Fat Tree,2290,91.83960224816254,325267868672.0,12
Fat Tree,2291,91.85041072200606,325267868672.0,12
Fat Tree,2292,91.86121919584953,325267868672.0,12
Fat Tree,2293,91.87202766969305,325267868672.0,12
Fat Tree,2294,91.88283614353652,325267868672.0,12
Fat Tree,2295,91.89364461738002,325267868672.0,12
Fat Tree,2296,91.90445309122352,325267868672.0,12
Fat Tree,2297,91.91526156506701,325267868672.0,12
Fat Tree,2298,91.9260700389105,325267868672.0,12
Fat Tree,2299,91.93687851275399,325267868672.0,12
Fat Tree,2300,91.9476869865975,325267868672.0,12
Fat Tree,2301,91.95849546044099,325267868672.0,12
Fat Tree,2302,91.96930393428447,325267868672.0,12
Fat Tree,2303,91.98011240812798,325267868672.0,12
Fat Tree,2304,91.99092088197148,325267868672.0,12
Fat Tree,2305,92.00172935581496,325267868672.0,12
Fat Tree,2306,92.01253782965846,325267868672.0,12
Fat Tree,2307,92.02334630350192,325267868672.0,12
Fat Tree,2308,92.03415477734545,325267868672.0,12
Fat Tree,2309,92.04496325118892,325267868672.0,12
Fat Tree,2310,92.05577172503241,325267868672.0,12
Fat Tree,2311,92.06658019887591,325267868672.0,12
Fat Tree,2312,92.07738867271944,325267868672.0,12
Fat Tree,2313,92.0881971465629,325267868672.0,12
Fat Tree,2314,92.09900562040639,325267868672.0,12
Fat Tree,2315,92.1098140942499,325267868672.0,12
Fat Tree,2316,92.12062256809338,325267868672.0,12
Fat Tree,2317,92.13143104193688,325267868672.0,12
Fat Tree,2318,92.14223951578037,325267868672.0,12
Fat Tree,2319,92.15304798962386,325267868672.0,12
Fat Tree,2320,92.16385646346737,325267868672.0,12
Fat Tree,2321,92.17466493731085,325267868672.0,12
Fat Tree,2322,92.18547341115435,325267868672.0,12
Fat Tree,2323,92.19628188499784,325267868672.0,12
Fat Tree,2324,92.20709035884134,325267868672.0,12
Fat Tree,2325,92.21789883268484,325267868672.0,12
Fat Tree,2326,92.2287073065283,325267868672.0,12
Fat Tree,2327,92.23951578037183,325267868672.0,12
Fat Tree,2328,92.2503242542153,325267868672.0,12
Fat Tree,2329,92.2611327280588,325267868672.0,12
Fat Tree,2330,92.2719412019023,325267868672.0,12
Fat Tree,2331,92.28274967574578,325267868672.0,12
Fat Tree,2332,92.29355814958927,325267868672.0,12
Fat Tree,2333,92.30436662343277,325267868672.0,12
Fat Tree,2334,92.31517509727627,325267868672.0,12
Fat Tree,2335,92.32598357111975,325267868672.0,12
Fat Tree,2336,92.33679204496326,325267868672.0,12
Fat Tree,2337,92.34760051880674,325267868672.0,12
Fat Tree,2338,92.35840899265024,325267868672.0,12
Fat Tree,2339,92.36921746649374,325267868672.0,12
Fat Tree,2340,92.38002594033723,325267868672.0,12
Fat Tree,2341,92.39083441418073,325267868672.0,12
Fat Tree,2342,92.40164288802423,325267868672.0,12
Fat Tree,2343,92.4124513618677,325267868672.0,12
Fat Tree,2344,92.42325983571119,325267868672.0,12
Fat Tree,2345,92.43406830955469,325267868672.0,12
Fat Tree,2346,92.44487678339817,325267868672.0,12
Fat Tree,2347,92.45568525724167,325267868672.0,12
Fat Tree,2348,92.46649373108518,325267868672.0,12
Fat Tree,2349,92.47730220492866,325267868672.0,12
Fat Tree,2350,92.48811067877214,325267868672.0,12
Fat Tree,2351,92.49891915261566,325267868672.0,12
Fat Tree,2352,92.50972762645914,325267868672.0,12
Fat Tree,2353,92.52053610030265,325267868672.0,12
Fat Tree,2354,92.53134457414613,325267868672.0,12
Fat Tree,2355,92.54215304798963,325267868672.0,12
Fat Tree,2356,92.55296152183313,325267868672.0,12
Fat Tree,2357,92.56376999567662,325267868672.0,12
Fat Tree,2358,92.57457846952009,325267868672.0,12
Fat Tree,2359,92.58538694336359,325267868672.0,12
Fat Tree,2360,92.59619541720708,325267868672.0,12
Fat Tree,2361,92.60700389105058,325267868672.0,12
Fat Tree,2362,92.61781236489406,325267868672.0,12
Fat Tree,2363,92.62862083873758,325267868672.0,12
Fat Tree,2364,92.63942931258106,325267868672.0,12
Fat Tree,2365,92.65023778642455,325267868672.0,12
Fat Tree,2366,92.66104626026805,325267868672.0,12
Fat Tree,2367,92.67185473411155,325267868672.0,12
Fat Tree,2368,92.68266320795503,325267868672.0,12
Fat Tree,2369,92.69347168179853,325267868672.0,12
Fat Tree,2370,92.70428015564202,325267868672.0,12
Fat Tree,2371,92.71508862948549,325267868672.0,12
Fat Tree,2372,92.72589710332902,325267868672.0,12
Fat Tree,2373,92.73670557717249,325267868672.0,12
Fat Tree,2374,92.74751405101598,325267868672.0,12
Fat Tree,2375,92.75832252485948,325267868672.0,12
Fat Tree,2376,92.76913099870298,325267868672.0,12
Fat Tree,2377,92.77993947254647,325267868672.0,12
Fat Tree,2378,92.79074794638997,325267868672.0,12
Fat Tree,2379,92.80155642023345,325267868672.0,12
Fat Tree,2380,92.81236489407695,325267868672.0,12
Fat Tree,2381,92.82317336792045,325267868672.0,12
Fat Tree,2382,92.83398184176394,325267868672.0,12
Fat Tree,2383,92.84479031560743,325267868672.0,12
Fat Tree,2384,92.85559878945094,325267868672.0,12
Fat Tree,2385,92.86640726329442,325267868672.0,12
Fat Tree,2386,92.87721573713789,325267868672.0,12
Fat Tree,2387,92.88802421098141,325267868672.0,12
Fat Tree,2388,92.89883268482491,325267868672.0,12
Fat Tree,2389,92.9096411586684,325267868672.0,12
Fat Tree,2390,92.92044963251188,325267868672.0,12
Fat Tree,2391,92.9312581063554,325267868672.0,12
Fat Tree,2392,92.94206658019887,325267868672.0,12
Fat Tree,2393,92.95287505404235,325267868672.0,12
Fat Tree,2394,92.96368352788586,325267868672.0,12
Fat Tree,2395,92.97449200172936,325267868672.0,12
Fat Tree,2396,92.98530047557284,325267868672.0,12
Fat Tree,2397,92.99610894941634,325267868672.0,12
Fat Tree,2398,93.00691742325984,325267868672.0,12
Fat Tree,2399,93.01772589710333,325267868672.0,12
Fat Tree,2400,93.02853437094683,325267868672.0,12
Fat Tree,2401,93.03934284479031,325267868672.0,12
Fat Tree,2402,93.05015131863381,325267868672.0,12
Fat Tree,2403,93.0609597924773,325267868672.0,12
Fat Tree,2404,93.0717682663208,325267868672.0,12
Fat Tree,2405,93.08257674016427,325267868672.0,12
Fat Tree,2406,93.0933852140078,325267868672.0,12
Fat Tree,2407,93.10419368785126,325267868672.0,12
Fat Tree,2408,93.11500216169479,325267868672.0,12
Fat Tree,2409,93.12581063553826,325267868672.0,12
Fat Tree,2410,93.13661910938175,325267868672.0,12
Fat Tree,2411,93.14742758322525,325267868672.0,12
Fat Tree,2412,93.15823605706875,325267868672.0,12
Fat Tree,2413,93.16904453091223,325267868672.0,12
Fat Tree,2414,93.17985300475573,325267868672.0,12
Fat Tree,2415,93.19066147859922,325267868672.0,12
Fat Tree,2416,93.20146995244272,325267868672.0,12
Fat Tree,2417,93.2122784262862,325267868672.0,12
Fat Tree,2418,93.2230869001297,325267868672.0,12
Fat Tree,2419,93.23389537397321,325267868672.0,12
Fat Tree,2420,93.2447038478167,325267868672.0,12
Fat Tree,2421,93.25551232166019,325267868672.0,12
Fat Tree,2422,93.26632079550366,325267868672.0,12
Fat Tree,2423,93.27712926934718,325267868672.0,12
Fat Tree,2424,93.28793774319065,325267868672.0,12
Fat Tree,2425,93.29874621703415,325267868672.0,12
Fat Tree,2426,93.30955469087765,325267868672.0,12
Fat Tree,2427,93.32036316472114,325267868672.0,12
Fat Tree,2428,93.33117163856464,325267868672.0,12
Fat Tree,2429,93.34198011240812,325267868672.0,12
Fat Tree,2430,93.35278858625162,325267868672.0,12
Fat Tree,2431,93.36359706009512,325267868672.0,12
Fat Tree,2432,93.37440553393861,325267868672.0,12
Fat Tree,2433,93.3852140077821,325267868672.0,12
Fat Tree,2434,93.3960224816256,325267868672.0,12
Fat Tree,2435,93.40683095546909,325267868672.0,12
Fat Tree,2436,93.41763942931259,325267868672.0,12
Fat Tree,2437,93.42844790315606,325267868672.0,12
Fat Tree,2438,93.43925637699955,325267868672.0,12
Fat Tree,2439,93.45006485084308,325267868672.0,12
Fat Tree,2440,93.46087332468657,325267868672.0,12
Fat Tree,2441,93.47168179853003,325267868672.0,12
Fat Tree,2442,93.48249027237354,325267868672.0,12
Fat Tree,2443,93.49329874621704,325267868672.0,12
Fat Tree,2444,93.50410722006053,325267868672.0,12
Fat Tree,2445,93.51491569390402,325267868672.0,12
Fat Tree,2446,93.52572416774751,325267868672.0,12
Fat Tree,2447,93.53653264159101,325267868672.0,12
Fat Tree,2448,93.5473411154345,325267868672.0,12
Fat Tree,2449,93.55814958927799,325267868672.0,12
Fat Tree,2450,93.56895806312149,325267868672.0,12
Fat Tree,2451,93.57976653696498,325267868672.0,12
Fat Tree,2452,93.59057501080848,325267868672.0,12
Fat Tree,2453,93.60138348465198,325267868672.0,12
Fat Tree,2454,93.61219195849544,325267868672.0,12
Fat Tree,2455,93.62300043233897,325267868672.0,12
Fat Tree,2456,93.63380890618244,325267868672.0,12
Fat Tree,2457,93.64461738002593,325267868672.0,12
Fat Tree,2458,93.65542585386943,325267868672.0,12
Fat Tree,2459,93.66623432771293,325267868672.0,12
Fat Tree,2460,93.67704280155642,325267868672.0,12
Fat Tree,2461,93.68785127539991,325267868672.0,12
Fat Tree,2462,93.6986597492434,325267868672.0,12
Fat Tree,2463,93.7094682230869,325267868672.0,12
Fat Tree,2464,93.7202766969304,325267868672.0,12
Fat Tree,2465,93.73108517077388,325267868672.0,12
Fat Tree,2466,93.74189364461738,325267868672.0,12
Fat Tree,2467,93.75270211846087,325267868672.0,12
Fat Tree,2468,93.76351059230437,325267868672.0,12
Fat Tree,2469,93.77431906614784,325267868672.0,12
Fat Tree,2470,93.78512753999136,325267868672.0,12
Fat Tree,2471,93.79593601383483,325267868672.0,12
Fat Tree,2472,93.80674448767836,325267868672.0,12
Fat Tree,2473,93.81755296152183,325267868672.0,12
Fat Tree,2474,93.82836143536531,325267868672.0,12
Fat Tree,2475,93.83916990920882,325267868672.0,12
Fat Tree,2476,93.84997838305232,325267868672.0,12
Fat Tree,2477,93.8607868568958,325267868672.0,12
Fat Tree,2478,93.8715953307393,325267868672.0,12
Fat Tree,2479,93.8824038045828,325267868672.0,12
Fat Tree,2480,93.89321227842629,325267868672.0,12
Fat Tree,2481,93.90402075226977,325267868672.0,12
Fat Tree,2482,93.91482922611327,325267868672.0,12
Fat Tree,2483,93.92563769995677,325267868672.0,12
Fat Tree,2484,93.93644617380028,325267868672.0,12
Fat Tree,2485,93.94725464764376,325267868672.0,12
Fat Tree,2486,93.95806312148723,325267868672.0,12
Fat Tree,2487,93.96887159533075,325267868672.0,12
Fat Tree,2488,93.97968006917425,325267868672.0,12
Fat Tree,2489,93.99048854301772,325267868672.0,12
Fat Tree,2490,94.00129701686122,325267868672.0,12
Fat Tree,2491,94.01210549070471,325267868672.0,12
Fat Tree,2492,94.02291396454821,325267868672.0,12
Fat Tree,2493,94.03372243839169,325267868672.0,12
Fat Tree,2494,94.04453091223519,325267868672.0,12
Fat Tree,2495,94.05533938607869,325267868672.0,12
Fat Tree,2496,94.06614785992218,325267868672.0,12
Fat Tree,2497,94.07695633376566,325267868672.0,12
Fat Tree,2498,94.08776480760916,325267868672.0,12
Fat Tree,2499,94.09857328145266,325267868672.0,12
Fat Tree,2500,94.10938175529617,325267868672.0,12
Fat Tree,2501,94.12019022913965,325267868672.0,12
Fat Tree,2502,94.13099870298315,325267868672.0,12
Fat Tree,2503,94.14180717682662,325267868672.0,12
Fat Tree,2504,94.15261565067014,325267868672.0,12
Fat Tree,2505,94.16342412451361,325267868672.0,12
Fat Tree,2506,94.17423259835711,325267868672.0,12
Fat Tree,2507,94.18504107220059,325267868672.0,12
Fat Tree,2508,94.1958495460441,325267868672.0,12
Fat Tree,2509,94.20665801988758,325267868672.0,12
Fat Tree,2510,94.21746649373108,325267868672.0,12
Fat Tree,2511,94.22827496757458,325267868672.0,12
Fat Tree,2512,94.23908344141807,325267868672.0,12
Fat Tree,2513,94.24989191526157,325267868672.0,12
Fat Tree,2514,94.26070038910505,325267868672.0,12
Fat Tree,2515,94.27150886294855,325267868672.0,12
Fat Tree,2516,94.28231733679205,325267868672.0,12
Fat Tree,2517,94.29312581063554,325267868672.0,12
Fat Tree,2518,94.30393428447901,325267868672.0,12
Fat Tree,2519,94.31474275832251,325267868672.0,12
Fat Tree,2520,94.325551232166,325267868672.0,12
Fat Tree,2521,94.3363597060095,325267868672.0,12
Fat Tree,2522,94.347168179853,325267868672.0,12
Fat Tree,2523,94.3579766536965,325267868672.0,12
Fat Tree,2524,94.36878512754,325267868672.0,12
Fat Tree,2525,94.37959360138348,325267868672.0,12
Fat Tree,2526,94.39040207522697,325267868672.0,12
Fat Tree,2527,94.40121054907047,325267868672.0,12
Fat Tree,2528,94.41201902291397,325267868672.0,12
Fat Tree,2529,94.42282749675745,325267868672.0,12
Fat Tree,2530,94.43363597060095,325267868672.0,12
Fat Tree,2531,94.44444444444444,325267868672.0,12
Fat Tree,2532,94.45525291828794,325267868672.0,12
Fat Tree,2533,94.46606139213141,325267868672.0,12
Fat Tree,2534,94.47686986597493,325267868672.0,12
Fat Tree,2535,94.4876783398184,325267868672.0,12
Fat Tree,2536,94.49848681366193,325267868672.0,12
Fat Tree,2537,94.5092952875054,325267868672.0,12
Fat Tree,2538,94.52010376134889,325267868672.0,12
Fat Tree,2539,94.53091223519239,325267868672.0,12
Fat Tree,2540,94.54172070903587,325267868672.0,12
Fat Tree,2541,94.55252918287937,325267868672.0,12
Fat Tree,2542,94.56333765672287,325267868672.0,12
Fat Tree,2543,94.57414613056636,325267868672.0,12
Fat Tree,2544,94.58495460440986,325267868672.0,12
Fat Tree,2545,94.59576307825334,325267868672.0,12
Fat Tree,2546,94.60657155209685,325267868672.0,12
Fat Tree,2547,94.61738002594034,325267868672.0,12
Fat Tree,2548,94.62818849978383,325267868672.0,12
Fat Tree,2549,94.63899697362733,325267868672.0,12
Fat Tree,2550,94.64980544747083,325267868672.0,12
Fat Tree,2551,94.66061392131432,325267868672.0,12
Fat Tree,2552,94.67142239515779,325267868672.0,12
Fat Tree,2553,94.68223086900132,325267868672.0,12
Fat Tree,2554,94.69303934284478,325267868672.0,12
Fat Tree,2555,94.70384781668831,325267868672.0,12
Fat Tree,2556,94.71465629053178,325267868672.0,12
Fat Tree,2557,94.72546476437526,325267868672.0,12
Fat Tree,2558,94.73627323821877,325267868672.0,12
Fat Tree,2559,94.74708171206225,325267868672.0,12
Fat Tree,2560,94.75789018590575,325267868672.0,12
Fat Tree,2561,94.76869865974925,325267868672.0,12
Fat Tree,2562,94.77950713359274,325267868672.0,12
Fat Tree,2563,94.79031560743623,325267868672.0,12
Fat Tree,2564,94.80112408127972,325267868672.0,12
Fat Tree,2565,94.81193255512322,325267868672.0,12
Fat Tree,2566,94.82274102896672,325267868672.0,12
Fat Tree,2567,94.83354950281021,325267868672.0,12
Fat Tree,2568,94.84435797665371,325267868672.0,12
Fat Tree,2569,94.85516645049718,325267868672.0,12
Fat Tree,2570,94.8659749243407,325267868672.0,12
Fat Tree,2571,94.87678339818417,325267868672.0,12
Fat Tree,2572,94.88759187202767,325267868672.0,12
Fat Tree,2573,94.89840034587115,325267868672.0,12
Fat Tree,2574,94.90920881971466,325267868672.0,12
Fat Tree,2575,94.92001729355815,325267868672.0,12
Fat Tree,2576,94.93082576740164,325267868672.0,12
Fat Tree,2577,94.94163424124514,325267868672.0,12
Fat Tree,2578,94.95244271508862,325267868672.0,12
Fat Tree,2579,94.96325118893213,325267868672.0,12
Fat Tree,2580,94.97405966277562,325267868672.0,12
Fat Tree,2581,94.98486813661911,325267868672.0,12
Fat Tree,2582,94.99567661046261,325267868672.0,12
Fat Tree,2583,95.0064850843061,325267868672.0,12
Fat Tree,2584,95.01729355814958,325267868672.0,12
Fat Tree,2585,95.02810203199307,325267868672.0,12
Fat Tree,2586,95.03891050583657,325267868672.0,12
Fat Tree,2587,95.04971897968007,325267868672.0,12
Fat Tree,2588,95.06052745352355,325267868672.0,12
Fat Tree,2589,95.07133592736706,325267868672.0,12
Fat Tree,2590,95.08214440121054,325267868672.0,12
Fat Tree,2591,95.09295287505405,325267868672.0,12
Fat Tree,2592,95.10376134889754,325267868672.0,12
Fat Tree,2593,95.11456982274102,325267868672.0,12
Fat Tree,2594,95.12537829658453,325267868672.0,12
Fat Tree,2595,95.13618677042803,325267868672.0,12
Fat Tree,2596,95.14699524427151,325267868672.0,12
Fat Tree,2597,95.15780371811498,325267868672.0,12
Fat Tree,2598,95.1686121919585,325267868672.0,12
Fat Tree,2599,95.17942066580197,325267868672.0,12
Fat Tree,2600,95.1902291396455,325267868672.0,12
Fat Tree,2601,95.20103761348896,325267868672.0,12
Fat Tree,2602,95.21184608733246,325267868672.0,12
Fat Tree,2603,95.22265456117596,325267868672.0,12
Fat Tree,2604,95.23346303501945,325267868672.0,12
Fat Tree,2605,95.24427150886294,325267868672.0,12
Fat Tree,2606,95.25507998270645,325267868672.0,12
Fat Tree,2607,95.26588845654993,325267868672.0,12
Fat Tree,2608,95.27669693039343,325267868672.0,12
Fat Tree,2609,95.28750540423692,325267868672.0,12
Fat Tree,2610,95.29831387808042,325267868672.0,12
Fat Tree,2611,95.30912235192392,325267868672.0,12
Fat Tree,2612,95.3199308257674,325267868672.0,12
Fat Tree,2613,95.3307392996109,325267868672.0,12
Fat Tree,2614,95.34154777345437,325267868672.0,12
Fat Tree,2615,95.35235624729789,325267868672.0,12
Fat Tree,2616,95.36316472114136,325267868672.0,12
Fat Tree,2617,95.37397319498486,325267868672.0,12
Fat Tree,2618,95.38478166882835,325267868672.0,12
Fat Tree,2619,95.39559014267188,325267868672.0,12
Fat Tree,2620,95.40639861651535,325267868672.0,12
Fat Tree,2621,95.41720709035883,325267868672.0,12
Fat Tree,2622,95.42801556420234,325267868672.0,12
Fat Tree,2623,95.43882403804582,325267868672.0,12
Fat Tree,2624,95.44963251188932,325267868672.0,12
Fat Tree,2625,95.46044098573282,325267868672.0,12
Fat Tree,2626,95.4712494595763,325267868672.0,12
Fat Tree,2627,95.48205793341981,325267868672.0,12
Fat Tree,2628,95.49286640726329,325267868672.0,12
Fat Tree,2629,95.50367488110679,325267868672.0,12
Fat Tree,2630,95.51448335495029,325267868672.0,12
Fat Tree,2631,95.52529182879378,325267868672.0,12
Fat Tree,2632,95.53610030263728,325267868672.0,12
Fat Tree,2633,95.54690877648075,325267868672.0,12
Fat Tree,2634,95.55771725032427,325267868672.0,12
Fat Tree,2635,95.56852572416774,325267868672.0,12
Fat Tree,2636,95.57933419801124,325267868672.0,12
Fat Tree,2637,95.59014267185474,325267868672.0,12
Fat Tree,2638,95.60095114569822,325267868672.0,12
Fat Tree,2639,95.61175961954173,325267868672.0,12
Fat Tree,2640,95.62256809338521,325267868672.0,12
Fat Tree,2641,95.63337656722871,325267868672.0,12
Fat Tree,2642,95.64418504107219,325267868672.0,12
Fat Tree,2643,95.6549935149157,325267868672.0,12
Fat Tree,2644,95.66580198875918,325267868672.0,12
Fat Tree,2645,95.67661046260268,325267868672.0,12
Fat Tree,2646,95.68741893644618,325267868672.0,12
Fat Tree,2647,95.69822741028968,325267868672.0,12
Fat Tree,2648,95.70903588413317,325267868672.0,12
Fat Tree,2649,95.71984435797667,325267868672.0,12
Fat Tree,2650,95.73065283182014,325267868672.0,12
Fat Tree,2651,95.74146130566366,325267868672.0,12
Fat Tree,2652,95.75226977950713,325267868672.0,12
Fat Tree,2653,95.76307825335061,325267868672.0,12
Fat Tree,2654,95.77388672719411,325267868672.0,12
Fat Tree,2655,95.78469520103762,325267868672.0,12
Fat Tree,2656,95.7955036748811,325267868672.0,12
Fat Tree,2657,95.80631214872459,325267868672.0,12
Fat Tree,2658,95.8171206225681,325267868672.0,12
Fat Tree,2659,95.82792909641158,325267868672.0,12
Fat Tree,2660,95.83873757025509,325267868672.0,12
Fat Tree,2661,95.84954604409857,325267868672.0,12
Fat Tree,2662,95.86035451794207,325267868672.0,12
Fat Tree,2663,95.87116299178557,325267868672.0,12
Fat Tree,2664,95.88197146562906,325267868672.0,12
Fat Tree,2665,95.89277993947253,325267868672.0,12
Fat Tree,2666,95.90358841331603,325267868672.0,12
Fat Tree,2667,95.91439688715953,325267868672.0,12
Fat Tree,2668,95.92520536100302,325267868672.0,12
Fat Tree,2669,95.9360138348465,325267868672.0,12
Fat Tree,2670,95.94682230869002,325267868672.0,12
Fat Tree,2671,95.9576307825335,325267868672.0,12
Fat Tree,2672,95.968439256377,325267868672.0,12
Fat Tree,2673,95.9792477302205,325267868672.0,12
Fat Tree,2674,95.99005620406399,325267868672.0,12
Fat Tree,2675,96.00086467790749,325267868672.0,12
Fat Tree,2676,96.01167315175097,325267868672.0,12
Fat Tree,2677,96.02248162559447,325267868672.0,12
Fat Tree,2678,96.03329009943796,325267868672.0,12
Fat Tree,2679,96.04409857328146,325267868672.0,12
Fat Tree,2680,96.05490704712493,325267868672.0,12
Fat Tree,2681,96.06571552096845,325267868672.0,12
Fat Tree,2682,96.07652399481192,325267868672.0,12
Fat Tree,2683,96.08733246865545,325267868672.0,12
Fat Tree,2684,96.09814094249892,325267868672.0,12
Fat Tree,2685,96.10894941634241,325267868672.0,12
Fat Tree,2686,96.11975789018591,325267868672.0,12
Fat Tree,2687,96.13056636402939,325267868672.0,12
Fat Tree,2688,96.14137483787289,325267868672.0,12
Fat Tree,2689,96.15218331171639,325267868672.0,12
Fat Tree,2690,96.16299178555988,325267868672.0,12
Fat Tree,2691,96.17380025940338,325267868672.0,12
Fat Tree,2692,96.18460873324686,325267868672.0,12
Fat Tree,2693,96.19541720709037,325267868672.0,12
Fat Tree,2694,96.20622568093385,325267868672.0,12
Fat Tree,2695,96.21703415477735,325267868672.0,12
Fat Tree,2696,96.22784262862085,325267868672.0,12
Fat Tree,2697,96.23865110246432,325267868672.0,12
Fat Tree,2698,96.24945957630784,325267868672.0,12
Fat Tree,2699,96.26026805015131,325267868672.0,12
Fat Tree,2700,96.27107652399481,325267868672.0,12
Fat Tree,2701,96.2818849978383,325267868672.0,12
Fat Tree,2702,96.2926934716818,325267868672.0,12
Fat Tree,2703,96.3035019455253,325267868672.0,12
Fat Tree,2704,96.31431041936878,325267868672.0,12
Fat Tree,2705,96.32511889321228,325267868672.0,12
Fat Tree,2706,96.33592736705577,325267868672.0,12
Fat Tree,2707,96.34673584089927,325267868672.0,12
Fat Tree,2708,96.35754431474275,325267868672.0,12
Fat Tree,2709,96.36835278858625,325267868672.0,12
Fat Tree,2710,96.37916126242975,325267868672.0,12
Fat Tree,2711,96.38996973627324,325267868672.0,12
Fat Tree,2712,96.40077821011671,325267868672.0,12
Fat Tree,2713,96.41158668396024,325267868672.0,12
Fat Tree,2714,96.4223951578037,325267868672.0,12
Fat Tree,2715,96.43320363164723,325267868672.0,12
Fat Tree,2716,96.4440121054907,325267868672.0,12
Fat Tree,2717,96.4548205793342,325267868672.0,12
Fat Tree,2718,96.4656290531777,325267868672.0,12
Fat Tree,2719,96.47643752702119,325267868672.0,12
Fat Tree,2720,96.48724600086467,325267868672.0,12
Fat Tree,2721,96.49805447470817,325267868672.0,12
Fat Tree,2722,96.50886294855167,325524622149.3333,12
Fat Tree,2723,96.51967142239516,325524622149.3333,12
Fat Tree,2724,96.53047989623865,325524622149.3333,12
Fat Tree,2725,96.54128837008214,325524622149.3333,12
Fat Tree,2726,96.55209684392564,325524622149.3333,12
Fat Tree,2727,96.56290531776914,325524622149.3333,12
Fat Tree,2728,96.57371379161263,325524622149.3333,12
Fat Tree,2729,96.58452226545613,325524622149.3333,12
Fat Tree,2730,96.59533073929963,325524622149.3333,12
Fat Tree,2731,96.6061392131431,325524622149.3333,12
Fat Tree,2732,96.61694768698659,325524622149.3333,12
Fat Tree,2733,96.62775616083009,325524622149.3333,12
Fat Tree,2734,96.63856463467359,325524622149.3333,12
Fat Tree,2735,96.64937310851707,325524622149.3333,12
Fat Tree,2736,96.66018158236056,325524622149.3333,12
Fat Tree,2737,96.67099005620406,325524622149.3333,12
Fat Tree,2738,96.68179853004756,325524622149.3333,12
Fat Tree,2739,96.69260700389106,325524622149.3333,12
Fat Tree,2740,96.70341547773454,325524622149.3333,12
Fat Tree,2741,96.71422395157805,325524622149.3333,12
Fat Tree,2742,96.72503242542153,325524622149.3333,12
Fat Tree,2743,96.73584089926503,325524622149.3333,12
Fat Tree,2744,96.7466493731085,325524622149.3333,12
Fat Tree,2745,96.75745784695202,325524622149.3333,12
Fat Tree,2746,96.76826632079549,325524622149.3333,12
Fat Tree,2747,96.77907479463902,325524622149.3333,12
Fat Tree,2748,96.78988326848247,325524622149.3333,12
Fat Tree,2749,96.80069174232598,325524622149.3333,12
Fat Tree,2750,96.81150021616948,325524622149.3333,12
Fat Tree,2751,96.82230869001297,325524622149.3333,12
Fat Tree,2752,96.83311716385646,325524622149.3333,12
Fat Tree,2753,96.84392563769995,325524622149.3333,12
Fat Tree,2754,96.85473411154345,325524622149.3333,12
Fat Tree,2755,96.86554258538695,325524622149.3333,12
Fat Tree,2756,96.87635105923043,325524622149.3333,12
Fat Tree,2757,96.88715953307393,325524622149.3333,12
Fat Tree,2758,96.89796800691742,325524622149.3333,12
Fat Tree,2759,96.90877648076092,325524622149.3333,12
Fat Tree,2760,96.91958495460439,325524622149.3333,12
Fat Tree,2761,96.93039342844789,325524622149.3333,12
Fat Tree,2762,96.94120190229141,325524622149.3333,12
Fat Tree,2763,96.95201037613488,325524622149.3333,12
Fat Tree,2764,96.96281884997836,325524622149.3333,12
Fat Tree,2765,96.97362732382187,325524622149.3333,12
Fat Tree,2766,96.98443579766537,325524622149.3333,12
Fat Tree,2767,96.99524427150887,325524622149.3333,12
Fat Tree,2768,97.00605274535235,325524622149.3333,12
Fat Tree,2769,97.01686121919585,325524622149.3333,12
Fat Tree,2770,97.02766969303934,325524622149.3333,12
Fat Tree,2771,97.03847816688284,325524622149.3333,12
Fat Tree,2772,97.04928664072632,325524622149.3333,12
Fat Tree,2773,97.06009511456982,325524622149.3333,12
Fat Tree,2774,97.07090358841333,325524622149.3333,12
Fat Tree,2775,97.08171206225681,325524622149.3333,12
Fat Tree,2776,97.09252053610028,325524622149.3333,12
Fat Tree,2777,97.1033290099438,325524622149.3333,12
Fat Tree,2778,97.11413748378727,325524622149.3333,12
Fat Tree,2779,97.1249459576308,325524622149.3333,12
Fat Tree,2780,97.13575443147427,325524622149.3333,12
Fat Tree,2781,97.14656290531775,325524622149.3333,12
Fat Tree,2782,97.15737137916126,325524622149.3333,12
Fat Tree,2783,97.16817985300476,325524622149.3333,12
Fat Tree,2784,97.17898832684824,325524622149.3333,12
Fat Tree,2785,97.18979680069174,325524622149.3333,12
Fat Tree,2786,97.20060527453523,325524622149.3333,12
Fat Tree,2787,97.21141374837873,325524622149.3333,12
Fat Tree,2788,97.22222222222221,325524622149.3333,12
Fat Tree,2789,97.23303069606571,325524622149.3333,12
Fat Tree,2790,97.24383916990921,325524622149.3333,12
Fat Tree,2791,97.2546476437527,325524622149.3333,12
Fat Tree,2792,97.2654561175962,325524622149.3333,12
Fat Tree,2793,97.27626459143967,325524622149.3333,12
Fat Tree,2794,97.2870730652832,325524622149.3333,12
Fat Tree,2795,97.29788153912669,325524622149.3333,12
Fat Tree,2796,97.30869001297016,325524622149.3333,12
Fat Tree,2797,97.31949848681366,325524622149.3333,12
Fat Tree,2798,97.33030696065715,325524622149.3333,12
Fat Tree,2799,97.34111543450065,325524622149.3333,12
Fat Tree,2800,97.35192390834413,325524622149.3333,12
Fat Tree,2801,97.36273238218763,325524622149.3333,12
Fat Tree,2802,97.37354085603113,325524622149.3333,12
Fat Tree,2803,97.38434932987462,325524622149.3333,12
Fat Tree,2804,97.3951578037181,325524622149.3333,12
Fat Tree,2805,97.4059662775616,325524622149.3333,12
Fat Tree,2806,97.4167747514051,325524622149.3333,12
Fat Tree,2807,97.42758322524861,325524622149.3333,12
Fat Tree,2808,97.43839169909207,325524622149.3333,12
Fat Tree,2809,97.44920017293559,325524622149.3333,12
Fat Tree,2810,97.46000864677906,325524622149.3333,12
Fat Tree,2811,97.47081712062258,325524622149.3333,12
Fat Tree,2812,97.48162559446605,325524622149.3333,12
Fat Tree,2813,97.49243406830955,325524622149.3333,12
Fat Tree,2814,97.50324254215303,325524622149.3333,12
Fat Tree,2815,97.51405101599654,325524622149.3333,12
Fat Tree,2816,97.52485948984003,325524622149.3333,12
Fat Tree,2817,97.53566796368352,325524622149.3333,12
Fat Tree,2818,97.54647643752702,325524622149.3333,12
Fat Tree,2819,97.55728491137052,325524622149.3333,12
Fat Tree,2820,97.568093385214,325524622149.3333,12
Fat Tree,2821,97.5789018590575,325524622149.3333,12
Fat Tree,2822,97.58971033290099,325524622149.3333,12
Fat Tree,2823,97.60051880674449,325524622149.3333,12
Fat Tree,2824,97.61132728058799,325524622149.3333,12
Fat Tree,2825,97.62213575443145,325524622149.3333,12
Fat Tree,2826,97.63294422827495,325524622149.3333,12
Fat Tree,2827,97.64375270211848,325524622149.3333,12
Fat Tree,2828,97.65456117596194,325524622149.3333,12
Fat Tree,2829,97.66536964980544,325524622149.3333,12
Fat Tree,2830,97.67617812364892,325524622149.3333,12
Fat Tree,2831,97.68698659749244,325524622149.3333,12
Fat Tree,2832,97.69779507133592,325524622149.3333,12
Fat Tree,2833,97.70860354517941,325524622149.3333,12
Fat Tree,2834,97.71941201902291,325524622149.3333,12
Fat Tree,2835,97.73022049286641,325524622149.3333,12
Fat Tree,2836,97.74102896670989,325524622149.3333,12
Fat Tree,2837,97.75183744055339,325524622149.3333,12
Fat Tree,2838,97.7626459143969,325524622149.3333,12
Fat Tree,2839,97.77345438824038,325524622149.3333,12
Fat Tree,2840,97.78426286208388,325524622149.3333,12
Fat Tree,2841,97.79507133592737,325524622149.3333,12
Fat Tree,2842,97.80587980977084,325524622149.3333,12
Fat Tree,2843,97.81668828361437,325524622149.3333,12
Fat Tree,2844,97.82749675745784,325524622149.3333,12
Fat Tree,2845,97.83830523130133,325524622149.3333,12
Fat Tree,2846,97.84911370514483,325524622149.3333,12
Fat Tree,2847,97.85992217898836,325524622149.3333,12
Fat Tree,2848,97.87073065283182,325524622149.3333,12
Fat Tree,2849,97.8815391266753,325524622149.3333,12
Fat Tree,2850,97.89234760051882,325524622149.3333,12
Fat Tree,2851,97.9031560743623,325524622149.3333,12
Fat Tree,2852,97.91396454820578,325524622149.3333,12
Fat Tree,2853,97.9247730220493,325524622149.3333,12
Fat Tree,2854,97.93558149589278,325524622149.3333,12
Fat Tree,2855,97.94638996973629,325524622149.3333,12
Fat Tree,2856,97.95719844357977,325524622149.3333,12
Fat Tree,2857,97.96800691742327,325524622149.3333,12
Fat Tree,2858,97.97881539126676,325524622149.3333,12
Fat Tree,2859,97.98962386511023,325524622149.3333,12
Fat Tree,2860,98.00043233895376,325524622149.3333,12
Fat Tree,2861,98.01124081279723,325524622149.3333,12
Fat Tree,2862,98.02204928664072,325524622149.3333,12
Fat Tree,2863,98.03285776048422,325524622149.3333,12
Fat Tree,2864,98.0436662343277,325524622149.3333,12
Fat Tree,2865,98.05447470817121,325524622149.3333,12
Fat Tree,2866,98.0652831820147,325524622149.3333,12
Fat Tree,2867,98.07609165585819,325524622149.3333,12
Fat Tree,2868,98.08690012970169,325524622149.3333,12
Fat Tree,2869,98.09770860354519,325524622149.3333,12
Fat Tree,2870,98.10851707738867,325524622149.3333,12
Fat Tree,2871,98.11932555123218,325524622149.3333,12
Fat Tree,2872,98.13013402507566,325524622149.3333,12
Fat Tree,2873,98.14094249891916,325524622149.3333,12
Fat Tree,2874,98.15175097276266,325524622149.3333,12
Fat Tree,2875,98.16255944660615,325524622149.3333,12
Fat Tree,2876,98.17336792044962,325524622149.3333,12
Fat Tree,2877,98.18417639429315,325524622149.3333,12
Fat Tree,2878,98.19498486813661,325524622149.3333,12
Fat Tree,2879,98.20579334198011,325524622149.3333,12
Fat Tree,2880,98.21660181582361,325524622149.3333,12
Fat Tree,2881,98.22741028966709,325524622149.3333,12
Fat Tree,2882,98.23821876351059,325524622149.3333,12
Fat Tree,2883,98.24902723735408,325524622149.3333,12
Fat Tree,2884,98.25983571119758,325524622149.3333,12
Fat Tree,2885,98.27064418504108,325524622149.3333,12
Fat Tree,2886,98.28145265888458,325524622149.3333,12
Fat Tree,2887,98.29226113272806,325524622149.3333,12
Fat Tree,2888,98.30306960657155,325524622149.3333,12
Fat Tree,2889,98.31387808041505,325524622149.3333,12
Fat Tree,2890,98.32468655425855,325524622149.3333,12
Fat Tree,2891,98.33549502810202,325524622149.3333,12
Fat Tree,2892,98.34630350194551,325524622149.3333,12
Fat Tree,2893,98.35711197578901,325524622149.3333,12
Fat Tree,2894,98.3679204496325,325524622149.3333,12
Fat Tree,2895,98.378728923476,325524622149.3333,12
Fat Tree,2896,98.3895373973195,325524622149.3333,12
Fat Tree,2897,98.40034587116298,325524622149.3333,12
Fat Tree,2898,98.4111543450065,325524622149.3333,12
Fat Tree,2899,98.42196281884998,325524622149.3333,12
Fat Tree,2900,98.43277129269346,325524622149.3333,12
Fat Tree,2901,98.44357976653697,325524622149.3333,12
Fat Tree,2902,98.45438824038047,325524622149.3333,12
Fat Tree,2903,98.46519671422395,325524622149.3333,12
Fat Tree,2904,98.47600518806745,325524622149.3333,12
Fat Tree,2905,98.48681366191094,325524622149.3333,12
Fat Tree,2906,98.49762213575441,325524622149.3333,12
Fat Tree,2907,98.50843060959791,325524622149.3333,12
Fat Tree,2908,98.5192390834414,325524622149.3333,12
Fat Tree,2909,98.5300475572849,325524622149.3333,12
Fat Tree,2910,98.5408560311284,325524622149.3333,12
Fat Tree,2911,98.5516645049719,325524622149.3333,12
Fat Tree,2912,98.56247297881538,325524622149.3333,12
Fat Tree,2913,98.57328145265888,325524622149.3333,12
Fat Tree,2914,98.58408992650237,325524622149.3333,12
Fat Tree,2915,98.59489840034587,325524622149.3333,12
Fat Tree,2916,98.60570687418935,325524622149.3333,12
Fat Tree,2917,98.61651534803286,325524622149.3333,12
Fat Tree,2918,98.62732382187635,325524622149.3333,12
Fat Tree,2919,98.63813229571986,325524622149.3333,12
Fat Tree,2920,98.64894076956334,325524622149.3333,12
Fat Tree,2921,98.65974924340681,325524622149.3333,12
Fat Tree,2922,98.67055771725033,325524622149.3333,12
Fat Tree,2923,98.6813661910938,325524622149.3333,12
Fat Tree,2924,98.6921746649373,325524622149.3333,12
Fat Tree,2925,98.7029831387808,325524622149.3333,12
Fat Tree,2926,98.71379161262429,325524622149.3333,12
Fat Tree,2927,98.72460008646779,325524622149.3333,12
Fat Tree,2928,98.73540856031127,325524622149.3333,12
Fat Tree,2929,98.74621703415478,325524622149.3333,12
Fat Tree,2930,98.75702550799826,325524622149.3333,12
Fat Tree,2931,98.76783398184176,325524622149.3333,12
Fat Tree,2932,98.77864245568526,325524622149.3333,12
Fat Tree,2933,98.78945092952874,325524622149.3333,12
Fat Tree,2934,98.80025940337225,325524622149.3333,12
Fat Tree,2935,98.81106787721575,325524622149.3333,12
Fat Tree,2936,98.8218763510592,325524622149.3333,12
Fat Tree,2937,98.83268482490273,325524622149.3333,12
Fat Tree,2938,98.84349329874622,325524622149.3333,12
Fat Tree,2939,98.85430177258972,325524622149.3333,12
Fat Tree,2940,98.86511024643319,325524622149.3333,12
Fat Tree,2941,98.87591872027672,325524622149.3333,12
Fat Tree,2942,98.88672719412018,325524622149.3333,12
Fat Tree,2943,98.89753566796371,325524622149.3333,12
Fat Tree,2944,98.90834414180718,325524622149.3333,12
Fat Tree,2945,98.91915261565066,325524622149.3333,12
Fat Tree,2946,98.92996108949417,325524622149.3333,12
Fat Tree,2947,98.94076956333765,325524622149.3333,12
Fat Tree,2948,98.95157803718114,325524622149.3333,12
Fat Tree,2949,98.96238651102465,325524622149.3333,12
Fat Tree,2950,98.97319498486814,325524622149.3333,12
Fat Tree,2951,98.98400345871163,325524622149.3333,12
Fat Tree,2952,98.99481193255512,325524622149.3333,12
Fat Tree,2953,99.00562040639862,325524622149.3333,12
Fat Tree,2954,99.01642888024212,325524622149.3333,12
Fat Tree,2955,99.02723735408559,325524622149.3333,12
Fat Tree,2956,99.03804582792908,325524622149.3333,12
Fat Tree,2957,99.04885430177258,325524622149.3333,12
Fat Tree,2958,99.05966277561608,325524622149.3333,12
Fat Tree,2959,99.07047124945957,325524622149.3333,12
Fat Tree,2960,99.08127972330306,325524622149.3333,12
Fat Tree,2961,99.09208819714655,325524622149.3333,12
Fat Tree,2962,99.10289667099006,325524622149.3333,12
Fat Tree,2963,99.11370514483355,325524622149.3333,12
Fat Tree,2964,99.12451361867703,325524622149.3333,12
Fat Tree,2965,99.13532209252054,325524622149.3333,12
Fat Tree,2966,99.14613056636404,325524622149.3333,12
Fat Tree,2967,99.15693904020753,325524622149.3333,12
Fat Tree,2968,99.16774751405102,325524622149.3333,12
Fat Tree,2969,99.17855598789451,325524622149.3333,12
Fat Tree,2970,99.18936446173801,325524622149.3333,12
Fat Tree,2971,99.2001729355815,325524622149.3333,12
Fat Tree,2972,99.21098140942497,325524622149.3333,12
Fat Tree,2973,99.22178988326847,325524622149.3333,12
Fat Tree,2974,99.23259835711197,325524622149.3333,12
Fat Tree,2975,99.2434068309555,325524622149.3333,12
Fat Tree,2976,99.25421530479896,325524622149.3333,12
Fat Tree,2977,99.26502377864246,325524622149.3333,12
Fat Tree,2978,99.27583225248596,10039515307008.0,12
Fat Tree,2979,99.28664072632944,10039515307008.0,12
Fat Tree,2980,99.29744920017293,10039515307008.0,12
Fat Tree,2981,99.30825767401643,10039515307008.0,12
Fat Tree,2982,99.30825767401643,10039515307008.0,6
Fat Tree,2983,99.30825767401643,10039515307008.0,6
Fat Tree,2984,99.30825767401643,10039515307008.0,6
Fat Tree,2985,99.30825767401643,10039515307008.0,6
Fat Tree,2986,99.30825767401643,10039515307008.0,6
Fat Tree,2987,99.30825767401643,10039515307008.0,6
Fat Tree,2988,99.30825767401643,10039515307008.0,6
Fat Tree,2989,99.30825767401643,10039515307008.0,6
Fat Tree,2990,99.30825767401643,10039515307008.0,6
Fat Tree,2991,99.30825767401643,10039515307008.0,6
Fat Tree,2992,99.30825767401643,10039515307008.0,6
Fat Tree,2993,99.30825767401643,10039515307008.0,6
Fat Tree,2994,99.30825767401643,10039515307008.0,6
Fat Tree,2995,99.30825767401643,10039515307008.0,6
Fat Tree,2996,99.30825767401643,10039515307008.0,6
Fat Tree,2997,99.30825767401643,10039515307008.0,6
Fat Tree,2998,99.30825767401643,10039515307008.0,6
Fat Tree,2999,99.30825767401643,10039515307008.0,6
Fat Tree,3000,99.30825767401643,10039515307008.0,6
Fat Tree,3001,99.30825767401643,10039515307008.0,6
Fat Tree,3002,99.30825767401643,10039515307008.0,6
Fat Tree,3003,99.30825767401643,10039515307008.0,6
Fat Tree,3004,99.30825767401643,10039515307008.0,6
Fat Tree,3005,99.30825767401643,10039515307008.0,6
Fat Tree,3006,99.30825767401643,10039515307008.0,6
Fat Tree,3007,99.30825767401643,10039515307008.0,6
Fat Tree,3008,99.30825767401643,10039515307008.0,6
Fat Tree,3009,99.30825767401643,10039515307008.0,6
Fat Tree,3010,99.30825767401643,10039515307008.0,6
Fat Tree,3011,99.30825767401643,10039515307008.0,6
Fat Tree,3012,99.30825767401643,10039515307008.0,6
Fat Tree,3013,99.30825767401643,10039515307008.0,6
Fat Tree,3014,99.30825767401643,10039515307008.0,6
Fat Tree,3015,99.30825767401643,10039515307008.0,6
Fat Tree,3016,99.30825767401643,10039515307008.0,6
Fat Tree,3017,99.30825767401643,10039515307008.0,6
Fat Tree,3018,99.30825767401643,10039515307008.0,6
Fat Tree,3019,99.30825767401643,10039515307008.0,6
Fat Tree,3020,99.30825767401643,10039515307008.0,6
Fat Tree,3021,99.30825767401643,10039515307008.0,6
Fat Tree,3022,99.30825767401643,10039515307008.0,6
Fat Tree,3023,99.30825767401643,10039515307008.0,6
Fat Tree,3024,99.30825767401643,10039515307008.0,6
Fat Tree,3025,99.30825767401643,10039515307008.0,6
Fat Tree,3026,99.30825767401643,10039515307008.0,6
Fat Tree,3027,99.30825767401643,10039515307008.0,6
Fat Tree,3028,99.30825767401643,10039515307008.0,6
Fat Tree,3029,99.30825767401643,10039515307008.0,6
Fat Tree,3030,99.30825767401643,10039515307008.0,6
Fat Tree,3031,99.30825767401643,10039515307008.0,6
Fat Tree,3032,99.30825767401643,10039515307008.0,6
Fat Tree,3033,99.30825767401643,10039515307008.0,6
Fat Tree,3034,99.30825767401643,10039515307008.0,6
Fat Tree,3035,99.30825767401643,10039515307008.0,6
Fat Tree,3036,99.30825767401643,10039515307008.0,6
Fat Tree,3037,99.30825767401643,10039515307008.0,6
Fat Tree,3038,99.30825767401643,10039515307008.0,6
Fat Tree,3039,99.30825767401643,10039515307008.0,6
Fat Tree,3040,99.30825767401643,10039515307008.0,6
Fat Tree,3041,99.30825767401643,10039515307008.0,6
Fat Tree,3042,99.30825767401643,10039515307008.0,6
Fat Tree,3043,99.30825767401643,10039515307008.0,6
Fat Tree,3044,99.30825767401643,10039515307008.0,6
Fat Tree,3045,99.30825767401645,10039515307008.0,6
Fat Tree,3046,99.31906614785991,10039515307008.0,6
Fat Tree,3047,99.32987462170342,10039515307008.0,6
Fat Tree,3048,99.34068309554692,10039515307008.0,6
Fat Tree,3049,99.3514915693904,10039515307008.0,6
Fat Tree,3050,99.3623000432339,10039515307008.0,6
Fat Tree,3051,99.37310851707737,10039515307008.0,6
Fat Tree,3052,99.3839169909209,10039515307008.0,6
Fat Tree,3053,99.39472546476436,10039515307008.0,6
Fat Tree,3054,99.40553393860789,10039515307008.0,6
Fat Tree,3055,99.41634241245136,10039515307008.0,6
Fat Tree,3056,99.42715088629484,10039515307008.0,6
Fat Tree,3057,99.43795936013835,10039515307008.0,6
Fat Tree,3058,99.44876783398183,10039515307008.0,6
Fat Tree,3059,99.45957630782532,10039515307008.0,6
Fat Tree,3060,99.47038478166884,10039515307008.0,6
Fat Tree,3061,99.48119325551232,10039515307008.0,6
Fat Tree,3062,99.49200172935582,10039515307008.0,6
Fat Tree,3063,99.50281020319932,10039515307008.0,6
Fat Tree,3064,99.5136186770428,10039515307008.0,6
Fat Tree,3065,99.5244271508863,10039515307008.0,6
Fat Tree,3066,99.5352356247298,10039515307008.0,6
Fat Tree,3067,99.54604409857329,10039515307008.0,6
Fat Tree,3068,99.55685257241676,10039515307008.0,6
Fat Tree,3069,99.56766104626028,10039515307008.0,6
Fat Tree,3070,99.57846952010375,10039515307008.0,6
Fat Tree,3071,99.58927799394728,10039515307008.0,6
Fat Tree,3072,99.60008646779075,10039515307008.0,6
Fat Tree,3073,99.61089494163424,10039515307008.0,6
Fat Tree,3074,99.62170341547774,10039515307008.0,6
Fat Tree,3075,99.63251188932122,10039515307008.0,6
Fat Tree,3076,99.64332036316472,10039515307008.0,6
Fat Tree,3077,99.65412883700822,10039515307008.0,6
Fat Tree,3078,99.66493731085173,10039515307008.0,6
Fat Tree,3079,99.6757457846952,10039515307008.0,6
Fat Tree,3080,99.68655425853869,10039515307008.0,6
Fat Tree,3081,99.6973627323822,10039515307008.0,6
Fat Tree,3082,99.70817120622569,10039515307008.0,6
Fat Tree,3083,99.71897968006915,10039515307008.0,6
Fat Tree,3084,99.72978815391268,10039515307008.0,6
Fat Tree,3085,99.74059662775615,10039515307008.0,6
Fat Tree,3086,99.75140510159967,10039515307008.0,6
Fat Tree,3087,99.76221357544314,10039515307008.0,6
Fat Tree,3088,99.77302204928664,10039515307008.0,6
Fat Tree,3089,99.78383052313012,10039515307008.0,6
Fat Tree,3090,99.79463899697366,10039515307008.0,6
Fat Tree,3091,99.80544747081711,10039515307008.0,6
Fat Tree,3092,99.8162559446606,10039515307008.0,6
Fat Tree,3093,99.82706441850412,10039515307008.0,6
Fat Tree,3094,99.8378728923476,10039515307008.0,6
Fat Tree,3095,99.8486813661911,10039515307008.0,6
Fat Tree,3096,99.85948984003458,10039515307008.0,6
Fat Tree,3097,99.87029831387808,10039515307008.0,6
Fat Tree,3098,99.88110678772158,10039515307008.0,6
Fat Tree,3099,99.89191526156507,10039515307008.0,6
Fat Tree,3100,99.90272373540854,10039515307008.0,6
Fat Tree,3101,99.91353220925204,10039515307008.0,6
Fat Tree,3102,99.92434068309556,10039515307008.0,6
Fat Tree,3103,99.93514915693903,10039515307008.0,6
Fat Tree,3104,99.94595763078252,10039515307008.0,6
Fat Tree,3105,99.95676610462606,10039515307008.0,6
Fat Tree,3106,99.96757457846952,10039515307008.0,6
Fat Tree,3107,99.978383052313,10039515307008.0,6
Fat Tree,3108,99.9891915261565,10039515307008.0,6
Fat Tree,3109,100.0,10039515307008.0,6
HyperX,0,0.0,5802120.533333334,12
HyperX,1,0.0,58021205.333333336,12
HyperX,2,67.72977941176471,58021205.333333336,12
HyperX,3,67.73897058823529,58021205.333333336,12
HyperX,4,67.74816176470588,58021205.333333336,12
HyperX,5,67.75735294117648,58021205.333333336,12
HyperX,6,67.76654411764706,58021205.333333336,12
HyperX,7,67.77573529411764,58021205.333333336,12
HyperX,8,67.78492647058825,58021205.333333336,12
HyperX,9,67.79411764705883,58021205.333333336,12
HyperX,10,67.8033088235294,58021205.333333336,12
HyperX,11,67.8125,58021205.333333336,12
HyperX,12,67.8216911764706,58021205.333333336,12
HyperX,13,67.83088235294117,58021205.333333336,12
HyperX,14,67.84007352941177,58021205.333333336,12
HyperX,15,67.84926470588236,58021205.333333336,12
HyperX,16,67.85845588235294,58021205.333333336,12
HyperX,17,67.86764705882352,58021205.333333336,12
HyperX,18,67.87683823529412,58021205.333333336,12
HyperX,19,67.88602941176471,58021205.333333336,12
HyperX,20,67.89522058823529,58021205.333333336,12
HyperX,21,67.90441176470588,58021205.333333336,12
HyperX,22,67.91360294117646,58021205.333333336,12
HyperX,23,67.92279411764706,58021205.333333336,12
HyperX,24,67.93198529411764,58021205.333333336,12
HyperX,25,67.94117647058825,58021205.333333336,12
HyperX,26,67.95036764705883,58021205.333333336,12
HyperX,27,67.9595588235294,58021205.333333336,12
HyperX,28,67.96875,58021205.333333336,12
HyperX,29,67.9779411764706,58021205.333333336,12
HyperX,30,67.98713235294117,58021205.333333336,12
HyperX,31,67.99632352941177,58021205.333333336,12
HyperX,32,68.00551470588236,58021205.333333336,12
HyperX,33,68.01470588235294,58021205.333333336,12
HyperX,34,68.02389705882352,58021205.333333336,12
HyperX,35,68.03308823529412,58021205.333333336,12
HyperX,36,68.04227941176471,58021205.333333336,12
HyperX,37,68.05147058823529,58021205.333333336,12
HyperX,38,68.06066176470588,58021205.333333336,12
HyperX,39,68.06985294117648,58021205.333333336,12
HyperX,40,68.07904411764706,58021205.333333336,12
HyperX,41,68.08823529411764,58021205.333333336,12
HyperX,42,68.09742647058823,58021205.333333336,12
HyperX,43,68.10661764705883,58021205.333333336,12
HyperX,44,68.1158088235294,58021205.333333336,12
HyperX,45,68.125,58021205.333333336,12
HyperX,46,68.1341911764706,58021205.333333336,12
HyperX,47,68.14338235294117,58021205.333333336,12
HyperX,48,68.15257352941177,58021205.333333336,12
HyperX,49,68.16176470588236,58021205.333333336,12
HyperX,50,68.17095588235294,58021205.333333336,12
HyperX,51,68.18014705882354,58021205.333333336,12
HyperX,52,68.18933823529412,58021205.333333336,12
HyperX,53,68.19852941176471,58021205.333333336,12
HyperX,54,68.20772058823529,58021205.333333336,12
HyperX,55,68.21691176470588,58021205.333333336,12
HyperX,56,68.22610294117648,58021205.333333336,12
HyperX,57,68.23529411764706,58021205.333333336,12
HyperX,58,68.24448529411765,58021205.333333336,12
HyperX,59,68.25367647058823,58021205.333333336,12
HyperX,60,68.26286764705883,58021205.333333336,12
HyperX,61,68.2720588235294,58021205.333333336,12
HyperX,62,68.28125,58021205.333333336,12
HyperX,63,68.2904411764706,58021205.333333336,12
HyperX,64,68.29963235294117,58021205.333333336,12
HyperX,65,68.30882352941175,58021205.333333336,12
HyperX,66,68.31801470588235,58021205.333333336,12
HyperX,67,68.32720588235294,58021205.333333336,12
HyperX,68,68.33639705882352,58021205.333333336,12
HyperX,69,68.34558823529413,58021205.333333336,12
HyperX,70,68.35477941176471,58021205.333333336,12
HyperX,71,68.36397058823529,58021205.333333336,12
HyperX,72,68.37316176470587,58021205.333333336,12
HyperX,73,68.38235294117648,58021205.333333336,12
HyperX,74,68.39154411764706,58021205.333333336,12
HyperX,75,68.40073529411765,58021205.333333336,12
HyperX,76,68.40992647058823,58021205.333333336,12
HyperX,77,68.41911764705883,58021205.333333336,12
HyperX,78,68.4283088235294,58021205.333333336,12
HyperX,79,68.4375,58021205.333333336,12
HyperX,80,68.4466911764706,58021205.333333336,12
HyperX,81,68.45588235294117,58021205.333333336,12
HyperX,82,68.46507352941177,58021205.333333336,12
HyperX,83,68.47426470588235,58021205.333333336,12
HyperX,84,68.48345588235294,58021205.333333336,12
HyperX,85,68.49264705882352,58021205.333333336,12
HyperX,86,68.50183823529413,58021205.333333336,12
HyperX,87,68.51102941176471,58021205.333333336,12
HyperX,88,68.52022058823529,58021205.333333336,12
HyperX,89,68.52941176470588,58021205.333333336,12
HyperX,90,68.53860294117648,58021205.333333336,12
HyperX,91,68.54779411764706,58021205.333333336,12
HyperX,92,68.55698529411764,58021205.333333336,12
HyperX,93,68.56617647058825,58021205.333333336,12
HyperX,94,68.57536764705883,58021205.333333336,12
HyperX,95,68.5845588235294,58021205.333333336,12
HyperX,96,68.59375,58021205.333333336,12
HyperX,97,68.6029411764706,58021205.333333336,12
HyperX,98,68.61213235294117,58021205.333333336,12
HyperX,99,68.62132352941177,58021205.333333336,12
HyperX,100,68.63051470588236,58021205.333333336,12
HyperX,101,68.63970588235294,58021205.333333336,12
HyperX,102,68.64889705882352,58021205.333333336,12
HyperX,103,68.65808823529412,58021205.333333336,12
HyperX,104,68.66727941176471,58021205.333333336,12
HyperX,105,68.67647058823529,58021205.333333336,12
HyperX,106,68.68566176470588,58021205.333333336,12
HyperX,107,68.69485294117646,58021205.333333336,12
HyperX,108,68.70404411764706,58021205.333333336,12
HyperX,109,68.71323529411764,58021205.333333336,12
HyperX,110,68.72242647058825,58021205.333333336,12
HyperX,111,68.73161764705883,58021205.333333336,12
HyperX,112,68.7408088235294,58021205.333333336,12
HyperX,113,68.75,58021205.333333336,12
HyperX,114,68.7591911764706,58021205.333333336,12
HyperX,115,68.76838235294117,58021205.333333336,12
HyperX,116,68.77757352941177,58021205.333333336,12
HyperX,117,68.78676470588236,58021205.333333336,12
HyperX,118,68.79595588235294,58021205.333333336,12
HyperX,119,68.80514705882352,58021205.333333336,12
HyperX,120,68.81433823529412,58021205.333333336,12
HyperX,121,68.82352941176471,58021205.333333336,12
HyperX,122,68.83272058823529,58021205.333333336,12
HyperX,123,68.84191176470588,58021205.333333336,12
HyperX,124,68.85110294117648,58021205.333333336,12
HyperX,125,68.86029411764706,58021205.333333336,12
HyperX,126,68.86948529411764,58021205.333333336,12
HyperX,127,68.87867647058823,58021205.333333336,12
HyperX,128,68.88786764705883,58021205.333333336,12
HyperX,129,68.8970588235294,58021205.333333336,12
HyperX,130,68.90625,4207099538.6666665,12
HyperX,131,68.9154411764706,4207099538.6666665,12
HyperX,132,68.92463235294117,4207099538.6666665,12
HyperX,133,68.93382352941177,4207099538.6666665,12
HyperX,134,68.94301470588236,4207099538.6666665,12
HyperX,135,68.95220588235294,4207099538.6666665,12
HyperX,136,68.96139705882354,4207099538.6666665,12
HyperX,137,68.97058823529412,4207099538.6666665,12
HyperX,138,68.97977941176471,4207099538.6666665,12
HyperX,139,68.98897058823529,4207099538.6666665,12
HyperX,140,68.99816176470588,4207099538.6666665,12
HyperX,141,69.00735294117648,4207099538.6666665,12
HyperX,142,69.01654411764706,4207099538.6666665,12
HyperX,143,69.02573529411765,4207099538.6666665,12
HyperX,144,69.03492647058823,4207099538.6666665,12
HyperX,145,69.04411764705883,4207099538.6666665,12
HyperX,146,69.0533088235294,4207099538.6666665,12
HyperX,147,69.0625,4207099538.6666665,12
HyperX,148,69.0716911764706,4207099538.6666665,12
HyperX,149,69.08088235294117,4207099538.6666665,12
HyperX,150,69.09007352941175,4207099538.6666665,12
HyperX,151,69.09926470588235,4207099538.6666665,12
HyperX,152,69.10845588235294,4207099538.6666665,12
HyperX,153,69.11764705882352,4207099538.6666665,12
HyperX,154,69.12683823529413,4207099538.6666665,12
HyperX,155,69.13602941176471,4207099538.6666665,12
HyperX,156,69.14522058823529,4207099538.6666665,12
HyperX,157,69.15441176470587,4207099538.6666665,12
HyperX,158,69.16360294117648,4207099538.6666665,12
HyperX,159,69.17279411764706,4207099538.6666665,12
HyperX,160,69.18198529411765,4207099538.6666665,12
HyperX,161,69.19117647058823,4207099538.6666665,12
HyperX,162,69.20036764705883,4207099538.6666665,12
HyperX,163,69.2095588235294,4207099538.6666665,12
HyperX,164,69.21875,4207099538.6666665,12
HyperX,165,69.2279411764706,4207099538.6666665,12
HyperX,166,69.23713235294117,4207099538.6666665,12
HyperX,167,69.24632352941177,4207099538.6666665,12
HyperX,168,69.25551470588235,4207099538.6666665,12
HyperX,169,69.26470588235294,4207099538.6666665,12
HyperX,170,69.27389705882352,4207099538.6666665,12
HyperX,171,69.28308823529413,4207099538.6666665,12
HyperX,172,69.29227941176471,4207099538.6666665,12
HyperX,173,69.30147058823529,4207099538.6666665,12
HyperX,174,69.31066176470588,4207099538.6666665,12
HyperX,175,69.31985294117648,4207099538.6666665,12
HyperX,176,69.32904411764706,4207099538.6666665,12
HyperX,177,69.33823529411764,4207099538.6666665,12
HyperX,178,69.34742647058825,4207099538.6666665,12
HyperX,179,69.35661764705883,4207099538.6666665,12
HyperX,180,69.3658088235294,4207099538.6666665,12
HyperX,181,69.375,4207099538.6666665,12
HyperX,182,69.3841911764706,4207099538.6666665,12
HyperX,183,69.39338235294117,4207099538.6666665,12
HyperX,184,69.40257352941177,4207099538.6666665,12
HyperX,185,69.41176470588236,4207099538.6666665,12
HyperX,186,69.42095588235294,4207099538.6666665,12
HyperX,187,69.43014705882352,4207099538.6666665,12
HyperX,188,69.43933823529412,4207099538.6666665,12
HyperX,189,69.44852941176471,4207099538.6666665,12
HyperX,190,69.45772058823529,4207099538.6666665,12
HyperX,191,69.46691176470588,4207099538.6666665,12
HyperX,192,69.47610294117646,4207099538.6666665,12
HyperX,193,69.48529411764706,4207099538.6666665,12
HyperX,194,69.49448529411764,4207099538.6666665,12
HyperX,195,69.50367647058825,4207099538.6666665,12
HyperX,196,69.51286764705883,4207099538.6666665,12
HyperX,197,69.5220588235294,4207099538.6666665,12
HyperX,198,69.53125,4207099538.6666665,12
HyperX,199,69.5404411764706,4207099538.6666665,12
HyperX,200,69.54963235294117,4207099538.6666665,12
HyperX,201,69.55882352941177,4207099538.6666665,12
HyperX,202,69.56801470588236,4207099538.6666665,12
HyperX,203,69.57720588235294,4207099538.6666665,12
HyperX,204,69.58639705882352,4207099538.6666665,12
HyperX,205,69.59558823529412,4207099538.6666665,12
HyperX,206,69.60477941176471,4207099538.6666665,12
HyperX,207,69.61397058823529,4207099538.6666665,12
HyperX,208,69.62316176470588,4207099538.6666665,12
HyperX,209,69.63235294117648,4207099538.6666665,12
HyperX,210,69.64154411764706,4207099538.6666665,12
HyperX,211,69.65073529411764,4207099538.6666665,12
HyperX,212,69.65992647058823,4207099538.6666665,12
HyperX,213,69.66911764705883,4207099538.6666665,12
HyperX,214,69.6783088235294,4207099538.6666665,12
HyperX,215,69.6875,4207099538.6666665,12
HyperX,216,69.6966911764706,4207099538.6666665,12
HyperX,217,69.70588235294117,4207099538.6666665,12
HyperX,218,69.71507352941177,4207099538.6666665,12
HyperX,219,69.72426470588236,4207099538.6666665,12
HyperX,220,69.73345588235294,4207099538.6666665,12
HyperX,221,69.74264705882354,4207099538.6666665,12
HyperX,222,69.75183823529412,4207099538.6666665,12
HyperX,223,69.76102941176471,4207099538.6666665,12
HyperX,224,69.77022058823529,4207099538.6666665,12
HyperX,225,69.77941176470588,4207099538.6666665,12
HyperX,226,69.78860294117648,4207099538.6666665,12
HyperX,227,69.79779411764706,4207099538.6666665,12
HyperX,228,69.80698529411765,4207099538.6666665,12
HyperX,229,69.81617647058823,4207099538.6666665,12
HyperX,230,69.82536764705883,4207099538.6666665,12
HyperX,231,69.8345588235294,4207099538.6666665,12
HyperX,232,69.84375,4207099538.6666665,12
HyperX,233,69.8529411764706,4207099538.6666665,12
HyperX,234,69.86213235294117,4207099538.6666665,12
HyperX,235,69.87132352941175,4207099538.6666665,12
HyperX,236,69.88051470588235,4207099538.6666665,12
HyperX,237,69.88970588235294,4207099538.6666665,12
HyperX,238,69.89889705882352,4207099538.6666665,12
HyperX,239,69.90808823529413,4207099538.6666665,12
HyperX,240,69.91727941176471,4207099538.6666665,12
HyperX,241,69.92647058823529,4207099538.6666665,12
HyperX,242,69.93566176470587,4207099538.6666665,12
HyperX,243,69.94485294117648,4207099538.6666665,12
HyperX,244,69.95404411764706,4207099538.6666665,12
HyperX,245,69.96323529411765,4207099538.6666665,12
HyperX,246,69.97242647058823,4207099538.6666665,12
HyperX,247,69.98161764705883,4207099538.6666665,12
HyperX,248,69.9908088235294,4207099538.6666665,12
HyperX,249,70.0,4207099538.6666665,12
HyperX,250,70.0091911764706,4207099538.6666665,12
HyperX,251,70.01838235294117,4207099538.6666665,12
HyperX,252,70.02757352941177,4207099538.6666665,12
HyperX,253,70.03676470588235,4207099538.6666665,12
HyperX,254,70.04595588235294,4207099538.6666665,12
HyperX,255,70.05514705882352,4207099538.6666665,12
HyperX,256,70.06433823529413,4207099538.6666665,12
HyperX,257,70.07352941176471,4207099538.6666665,12
HyperX,258,70.08272058823529,6975872042.666667,12
HyperX,259,70.09191176470588,6975872042.666667,12
HyperX,260,70.10110294117648,6975872042.666667,12
HyperX,261,70.11029411764706,6975872042.666667,12
HyperX,262,70.11948529411764,6975872042.666667,12
HyperX,263,70.12867647058825,6975872042.666667,12
HyperX,264,70.13786764705883,6975872042.666667,12
HyperX,265,70.1470588235294,6975872042.666667,12
HyperX,266,70.15625,6975872042.666667,12
HyperX,267,70.1654411764706,6975872042.666667,12
HyperX,268,70.17463235294117,6975872042.666667,12
HyperX,269,70.18382352941177,6975872042.666667,12
HyperX,270,70.19301470588236,6975872042.666667,12
HyperX,271,70.20220588235294,6975872042.666667,12
HyperX,272,70.21139705882352,6975872042.666667,12
HyperX,273,70.22058823529412,6975872042.666667,12
HyperX,274,70.22977941176471,6975872042.666667,12
HyperX,275,70.23897058823529,6975872042.666667,12
HyperX,276,70.24816176470588,6975872042.666667,12
HyperX,277,70.25735294117646,6975872042.666667,12
HyperX,278,70.26654411764706,6975872042.666667,12
HyperX,279,70.27573529411764,6975872042.666667,12
HyperX,280,70.28492647058825,6975872042.666667,12
HyperX,281,70.29411764705883,6975872042.666667,12
HyperX,282,70.3033088235294,6975872042.666667,12
HyperX,283,70.3125,6975872042.666667,12
HyperX,284,70.3216911764706,6975872042.666667,12
HyperX,285,70.33088235294117,6975872042.666667,12
HyperX,286,70.34007352941177,6975872042.666667,12
HyperX,287,70.34926470588236,6975872042.666667,12
HyperX,288,70.35845588235294,6975872042.666667,12
HyperX,289,70.36764705882352,6975872042.666667,12
HyperX,290,70.37683823529412,6975872042.666667,12
HyperX,291,70.38602941176471,6975872042.666667,12
HyperX,292,70.39522058823529,6975872042.666667,12
HyperX,293,70.40441176470588,6975872042.666667,12
HyperX,294,70.41360294117648,6975872042.666667,12
HyperX,295,70.42279411764706,6975872042.666667,12
HyperX,296,70.43198529411764,6975872042.666667,12
HyperX,297,70.44117647058823,6975872042.666667,12
HyperX,298,70.45036764705883,6975872042.666667,12
HyperX,299,70.4595588235294,6975872042.666667,12
HyperX,300,70.46875,6975872042.666667,12
HyperX,301,70.4779411764706,6975872042.666667,12
HyperX,302,70.48713235294117,6975872042.666667,12
HyperX,303,70.49632352941177,6975872042.666667,12
HyperX,304,70.50551470588236,6975872042.666667,12
HyperX,305,70.51470588235294,6975872042.666667,12
HyperX,306,70.52389705882354,6975872042.666667,12
HyperX,307,70.53308823529412,6975872042.666667,12
HyperX,308,70.54227941176471,6975872042.666667,12
HyperX,309,70.55147058823529,6975872042.666667,12
HyperX,310,70.56066176470588,6975872042.666667,12
HyperX,311,70.56985294117648,6975872042.666667,12
HyperX,312,70.57904411764706,6975872042.666667,12
HyperX,313,70.58823529411765,6975872042.666667,12
HyperX,314,70.59742647058823,6975872042.666667,12
HyperX,315,70.60661764705883,6975872042.666667,12
HyperX,316,70.6158088235294,6975872042.666667,12
HyperX,317,70.625,6975872042.666667,12
HyperX,318,70.6341911764706,6975872042.666667,12
HyperX,319,70.64338235294117,6975872042.666667,12
HyperX,320,70.65257352941175,6975872042.666667,12
HyperX,321,70.66176470588235,6975872042.666667,12
HyperX,322,70.67095588235294,6975872042.666667,12
HyperX,323,70.68014705882352,6975872042.666667,12
HyperX,324,70.68933823529413,6975872042.666667,12
HyperX,325,70.69852941176471,6975872042.666667,12
HyperX,326,70.70772058823529,6975872042.666667,12
HyperX,327,70.71691176470587,6975872042.666667,12
HyperX,328,70.72610294117648,6975872042.666667,12
HyperX,329,70.73529411764706,6975872042.666667,12
HyperX,330,70.74448529411765,6975872042.666667,12
HyperX,331,70.75367647058823,6975872042.666667,12
HyperX,332,70.76286764705883,6975872042.666667,12
HyperX,333,70.7720588235294,6975872042.666667,12
HyperX,334,70.78125,6975872042.666667,12
HyperX,335,70.7904411764706,6975872042.666667,12
HyperX,336,70.79963235294117,6975872042.666667,12
HyperX,337,70.80882352941177,6975872042.666667,12
HyperX,338,70.81801470588235,6975872042.666667,12
HyperX,339,70.82720588235294,6975872042.666667,12
HyperX,340,70.83639705882352,6975872042.666667,12
HyperX,341,70.84558823529413,6975872042.666667,12
HyperX,342,70.85477941176471,6975872042.666667,12
HyperX,343,70.86397058823529,6975872042.666667,12
HyperX,344,70.87316176470588,6975872042.666667,12
HyperX,345,70.88235294117648,6975872042.666667,12
HyperX,346,70.89154411764706,6975872042.666667,12
HyperX,347,70.90073529411764,6975872042.666667,12
HyperX,348,70.90992647058825,6975872042.666667,12
HyperX,349,70.91911764705883,6975872042.666667,12
HyperX,350,70.9283088235294,6975872042.666667,12
HyperX,351,70.9375,6975872042.666667,12
HyperX,352,70.9466911764706,6975872042.666667,12
HyperX,353,70.95588235294117,6975872042.666667,12
HyperX,354,70.96507352941177,6975872042.666667,12
HyperX,355,70.97426470588236,6975872042.666667,12
HyperX,356,70.98345588235294,6975872042.666667,12
HyperX,357,70.99264705882352,6975872042.666667,12
HyperX,358,71.00183823529412,6975872042.666667,12
HyperX,359,71.01102941176471,6975872042.666667,12
HyperX,360,71.02022058823529,6975872042.666667,12
HyperX,361,71.02941176470588,6975872042.666667,12
HyperX,362,71.03860294117646,6975872042.666667,12
HyperX,363,71.04779411764706,6975872042.666667,12
HyperX,364,71.05698529411764,6975872042.666667,12
HyperX,365,71.06617647058825,6975872042.666667,12
HyperX,366,71.07536764705883,6975872042.666667,12
HyperX,367,71.0845588235294,6975872042.666667,12
HyperX,368,71.09375,6975872042.666667,12
HyperX,369,71.1029411764706,6975872042.666667,12
HyperX,370,71.11213235294117,6975872042.666667,12
HyperX,371,71.12132352941177,6975872042.666667,12
HyperX,372,71.13051470588236,6975872042.666667,12
HyperX,373,71.13970588235294,6975872042.666667,12
HyperX,374,71.14889705882352,6975872042.666667,12
HyperX,375,71.15808823529412,6975872042.666667,12
HyperX,376,71.16727941176471,6975872042.666667,12
HyperX,377,71.17647058823529,6975872042.666667,12
HyperX,378,71.18566176470588,6975872042.666667,12
HyperX,379,71.19485294117648,6975872042.666667,12
HyperX,380,71.20404411764706,6975872042.666667,12
HyperX,381,71.21323529411764,6975872042.666667,12
HyperX,382,71.22242647058823,6975872042.666667,12
HyperX,383,71.23161764705883,6975872042.666667,12
HyperX,384,71.2408088235294,6975872042.666667,12
HyperX,385,71.25,6975872042.666667,12
HyperX,386,71.2591911764706,6975872042.666667,12
HyperX,387,71.26838235294117,6975872042.666667,12
HyperX,388,71.27757352941177,6975872042.666667,12
HyperX,389,71.28676470588236,6975872042.666667,12
HyperX,390,71.29595588235294,6975872042.666667,12
HyperX,391,71.30514705882354,6975872042.666667,12
HyperX,392,71.31433823529412,6975872042.666667,12
HyperX,393,71.32352941176471,6975872042.666667,12
HyperX,394,71.33272058823529,6975872042.666667,12
HyperX,395,71.34191176470588,6975872042.666667,12
HyperX,396,71.35110294117648,6975872042.666667,12
HyperX,397,71.36029411764706,6975872042.666667,12
HyperX,398,71.36948529411765,6975872042.666667,12
HyperX,399,71.37867647058823,6975872042.666667,12
HyperX,400,71.38786764705883,6975872042.666667,12
HyperX,401,71.3970588235294,6975872042.666667,12
HyperX,402,71.40625,6975872042.666667,12
HyperX,403,71.4154411764706,6975872042.666667,12
HyperX,404,71.42463235294117,6975872042.666667,12
HyperX,405,71.43382352941175,6975872042.666667,12
HyperX,406,71.44301470588235,6975872042.666667,12
HyperX,407,71.45220588235294,6975872042.666667,12
HyperX,408,71.46139705882352,6975872042.666667,12
HyperX,409,71.47058823529413,6975872042.666667,12
HyperX,410,71.47977941176471,6975872042.666667,12
HyperX,411,71.48897058823529,6975872042.666667,12
HyperX,412,71.49816176470587,6975872042.666667,12
HyperX,413,71.50735294117648,6975872042.666667,12
HyperX,414,71.51654411764706,6975872042.666667,12
HyperX,415,71.52573529411765,6975872042.666667,12
HyperX,416,71.53492647058823,6975872042.666667,12
HyperX,417,71.54411764705883,6975872042.666667,12
HyperX,418,71.5533088235294,6975872042.666667,12
HyperX,419,71.5625,6975872042.666667,12
HyperX,420,71.5716911764706,6975872042.666667,12
HyperX,421,71.58088235294117,6975872042.666667,12
HyperX,422,71.59007352941177,6975872042.666667,12
HyperX,423,71.59926470588235,6975872042.666667,12
HyperX,424,71.60845588235294,6975872042.666667,12
HyperX,425,71.61764705882352,6975872042.666667,12
HyperX,426,71.62683823529413,6975872042.666667,12
HyperX,427,71.63602941176471,6975872042.666667,12
HyperX,428,71.64522058823529,6975872042.666667,12
HyperX,429,71.65441176470588,6975872042.666667,12
HyperX,430,71.66360294117648,6975872042.666667,12
HyperX,431,71.67279411764706,6975872042.666667,12
HyperX,432,71.68198529411764,6975872042.666667,12
HyperX,433,71.69117647058825,6975872042.666667,12
HyperX,434,71.70036764705883,6975872042.666667,12
HyperX,435,71.7095588235294,6975872042.666667,12
HyperX,436,71.71875,6975872042.666667,12
HyperX,437,71.7279411764706,6975872042.666667,12
HyperX,438,71.73713235294117,6975872042.666667,12
HyperX,439,71.74632352941177,6975872042.666667,12
HyperX,440,71.75551470588236,6975872042.666667,12
HyperX,441,71.76470588235294,6975872042.666667,12
HyperX,442,71.77389705882352,6975872042.666667,12
HyperX,443,71.78308823529412,6975872042.666667,12
HyperX,444,71.79227941176471,6975872042.666667,12
HyperX,445,71.80147058823529,6975872042.666667,12
HyperX,446,71.81066176470588,6975872042.666667,12
HyperX,447,71.81985294117646,6975872042.666667,12
HyperX,448,71.82904411764706,6975872042.666667,12
HyperX,449,71.83823529411764,6975872042.666667,12
HyperX,450,71.84742647058825,6975872042.666667,12
HyperX,451,71.85661764705883,6975872042.666667,12
HyperX,452,71.8658088235294,6975872042.666667,12
HyperX,453,71.875,6975872042.666667,12
HyperX,454,71.8841911764706,6975872042.666667,12
HyperX,455,71.89338235294117,6975872042.666667,12
HyperX,456,71.90257352941177,6975872042.666667,12
HyperX,457,71.91176470588236,6975872042.666667,12
HyperX,458,71.92095588235294,6975872042.666667,12
HyperX,459,71.93014705882352,6975872042.666667,12
HyperX,460,71.93933823529412,6975872042.666667,12
HyperX,461,71.94852941176471,6975872042.666667,12
HyperX,462,71.95772058823529,6975872042.666667,12
HyperX,463,71.96691176470588,6975872042.666667,12
HyperX,464,71.97610294117648,6975872042.666667,12
HyperX,465,71.98529411764706,6975872042.666667,12
HyperX,466,71.99448529411764,6975872042.666667,12
HyperX,467,72.00367647058823,6975872042.666667,12
HyperX,468,72.01286764705883,6975872042.666667,12
HyperX,469,72.0220588235294,6975872042.666667,12
HyperX,470,72.03125,6975872042.666667,12
HyperX,471,72.0404411764706,6975872042.666667,12
HyperX,472,72.04963235294117,6975872042.666667,12
HyperX,473,72.05882352941177,6975872042.666667,12
HyperX,474,72.06801470588236,6975872042.666667,12
HyperX,475,72.07720588235294,6975872042.666667,12
HyperX,476,72.08639705882354,6975872042.666667,12
HyperX,477,72.09558823529412,6975872042.666667,12
HyperX,478,72.10477941176471,6975872042.666667,12
HyperX,479,72.11397058823529,6975872042.666667,12
HyperX,480,72.12316176470588,6975872042.666667,12
HyperX,481,72.13235294117648,6975872042.666667,12
HyperX,482,72.14154411764706,6975872042.666667,12
HyperX,483,72.15073529411765,6975872042.666667,12
HyperX,484,72.15992647058823,6975872042.666667,12
HyperX,485,72.16911764705883,6975872042.666667,12
HyperX,486,72.1783088235294,6975872042.666667,12
HyperX,487,72.1875,6975872042.666667,12
HyperX,488,72.1966911764706,6975872042.666667,12
HyperX,489,72.20588235294117,6975872042.666667,12
HyperX,490,72.21507352941175,6975872042.666667,12
HyperX,491,72.22426470588235,6975872042.666667,12
HyperX,492,72.23345588235294,6975872042.666667,12
HyperX,493,72.24264705882352,6975872042.666667,12
HyperX,494,72.25183823529413,6975872042.666667,12
HyperX,495,72.26102941176471,6975872042.666667,12
HyperX,496,72.27022058823529,6975872042.666667,12
HyperX,497,72.27941176470587,6975872042.666667,12
HyperX,498,72.28860294117648,6975872042.666667,12
HyperX,499,72.29779411764706,6975872042.666667,12
HyperX,500,72.30698529411765,6975872042.666667,12
HyperX,501,72.31617647058823,6975872042.666667,12
HyperX,502,72.32536764705883,6975872042.666667,12
HyperX,503,72.3345588235294,6975872042.666667,12
HyperX,504,72.34375,6975872042.666667,12
HyperX,505,72.3529411764706,6975872042.666667,12
HyperX,506,72.36213235294117,6975872042.666667,12
HyperX,507,72.37132352941177,6975872042.666667,12
HyperX,508,72.38051470588235,6975872042.666667,12
HyperX,509,72.38970588235294,6975872042.666667,12
HyperX,510,72.39889705882352,6975872042.666667,12
HyperX,511,72.40808823529413,6975872042.666667,12
HyperX,512,72.41727941176471,6975872042.666667,12
HyperX,513,72.42647058823529,6975872042.666667,12
HyperX,514,72.43566176470588,6975872042.666667,12
HyperX,515,72.44485294117648,6975872042.666667,12
HyperX,516,72.45404411764706,6975872042.666667,12
HyperX,517,72.46323529411764,6975872042.666667,12
HyperX,518,72.47242647058825,6975872042.666667,12
HyperX,519,72.48161764705883,6975872042.666667,12
HyperX,520,72.4908088235294,6975872042.666667,12
HyperX,521,72.5,6975872042.666667,12
HyperX,522,72.5091911764706,6975872042.666667,12
HyperX,523,72.51838235294117,6975872042.666667,12
HyperX,524,72.52757352941177,6975872042.666667,12
HyperX,525,72.53676470588236,6975872042.666667,12
HyperX,526,72.54595588235294,6975872042.666667,12
HyperX,527,72.55514705882352,6975872042.666667,12
HyperX,528,72.56433823529412,6975872042.666667,12
HyperX,529,72.57352941176471,6975872042.666667,12
HyperX,530,72.58272058823529,6975872042.666667,12
HyperX,531,72.59191176470588,6975872042.666667,12
HyperX,532,72.60110294117646,6975872042.666667,12
HyperX,533,72.61029411764706,6975872042.666667,12
HyperX,534,72.61948529411764,6975872042.666667,12
HyperX,535,72.62867647058825,6975872042.666667,12
HyperX,536,72.63786764705883,6975872042.666667,12
HyperX,537,72.6470588235294,6975872042.666667,12
HyperX,538,72.65625,6975872042.666667,12
HyperX,539,72.6654411764706,6975872042.666667,12
HyperX,540,72.67463235294117,6975872042.666667,12
HyperX,541,72.68382352941177,6975872042.666667,12
HyperX,542,72.69301470588236,6975872042.666667,12
HyperX,543,72.70220588235294,6975872042.666667,12
HyperX,544,72.71139705882352,6975872042.666667,12
HyperX,545,72.72058823529412,6975872042.666667,12
HyperX,546,72.72977941176471,6975872042.666667,12
HyperX,547,72.73897058823529,6975872042.666667,12
HyperX,548,72.74816176470588,6975872042.666667,12
HyperX,549,72.75735294117648,6975872042.666667,12
HyperX,550,72.76654411764706,6975872042.666667,12
HyperX,551,72.77573529411764,6975872042.666667,12
HyperX,552,72.78492647058823,6975872042.666667,12
HyperX,553,72.79411764705883,6975872042.666667,12
HyperX,554,72.8033088235294,6975872042.666667,12
HyperX,555,72.8125,6975872042.666667,12
HyperX,556,72.8216911764706,6975872042.666667,12
HyperX,557,72.83088235294117,6975872042.666667,12
HyperX,558,72.84007352941177,6975872042.666667,12
HyperX,559,72.84926470588236,6975872042.666667,12
HyperX,560,72.85845588235294,6975872042.666667,12
HyperX,561,72.86764705882354,6975872042.666667,12
HyperX,562,72.87683823529412,6975872042.666667,12
HyperX,563,72.88602941176471,6975872042.666667,12
HyperX,564,72.89522058823529,6975872042.666667,12
HyperX,565,72.90441176470588,6975872042.666667,12
HyperX,566,72.91360294117648,6975872042.666667,12
HyperX,567,72.92279411764706,6975872042.666667,12
HyperX,568,72.93198529411765,6975872042.666667,12
HyperX,569,72.94117647058823,6975872042.666667,12
HyperX,570,72.95036764705883,6975872042.666667,12
HyperX,571,72.9595588235294,6975872042.666667,12
HyperX,572,72.96875,6975872042.666667,12
HyperX,573,72.9779411764706,6975872042.666667,12
HyperX,574,72.98713235294117,6975872042.666667,12
HyperX,575,72.99632352941175,6975872042.666667,12
HyperX,576,73.00551470588235,6975872042.666667,12
HyperX,577,73.01470588235294,6975872042.666667,12
HyperX,578,73.02389705882352,6975872042.666667,12
HyperX,579,73.03308823529413,6975872042.666667,12
HyperX,580,73.04227941176471,6975872042.666667,12
HyperX,581,73.05147058823529,6975872042.666667,12
HyperX,582,73.06066176470587,6975872042.666667,12
HyperX,583,73.06985294117648,6975872042.666667,12
HyperX,584,73.07904411764706,6975872042.666667,12
HyperX,585,73.08823529411765,6975872042.666667,12
HyperX,586,73.09742647058823,6975872042.666667,12
HyperX,587,73.10661764705883,6975872042.666667,12
HyperX,588,73.1158088235294,6975872042.666667,12
HyperX,589,73.125,6975872042.666667,12
HyperX,590,73.1341911764706,6975872042.666667,12
HyperX,591,73.14338235294117,6975872042.666667,12
HyperX,592,73.15257352941177,6975872042.666667,12
HyperX,593,73.16176470588235,6975872042.666667,12
HyperX,594,73.17095588235294,6975872042.666667,12
HyperX,595,73.18014705882352,6975872042.666667,12
HyperX,596,73.18933823529413,6975872042.666667,12
HyperX,597,73.19852941176471,6975872042.666667,12
HyperX,598,73.20772058823529,6975872042.666667,12
HyperX,599,73.21691176470588,6975872042.666667,12
HyperX,600,73.22610294117648,6975872042.666667,12
HyperX,601,73.23529411764706,6975872042.666667,12
HyperX,602,73.24448529411764,6975872042.666667,12
HyperX,603,73.25367647058825,6975872042.666667,12
HyperX,604,73.26286764705883,6975872042.666667,12
HyperX,605,73.2720588235294,6975872042.666667,12
HyperX,606,73.28125,6975872042.666667,12
HyperX,607,73.2904411764706,6975872042.666667,12
HyperX,608,73.29963235294117,6975872042.666667,12
HyperX,609,73.30882352941177,6975872042.666667,12
HyperX,610,73.31801470588236,6975872042.666667,12
HyperX,611,73.32720588235294,6975872042.666667,12
HyperX,612,73.33639705882352,6975872042.666667,12
HyperX,613,73.34558823529412,6975872042.666667,12
HyperX,614,73.35477941176471,6975872042.666667,12
HyperX,615,73.36397058823529,6975872042.666667,12
HyperX,616,73.37316176470588,6975872042.666667,12
HyperX,617,73.38235294117646,6975872042.666667,12
HyperX,618,73.39154411764706,6975872042.666667,12
HyperX,619,73.40073529411764,6975872042.666667,12
HyperX,620,73.40992647058825,6975872042.666667,12
HyperX,621,73.41911764705883,6975872042.666667,12
HyperX,622,73.4283088235294,6975872042.666667,12
HyperX,623,73.4375,6975872042.666667,12
HyperX,624,73.4466911764706,6975872042.666667,12
HyperX,625,73.45588235294117,6975872042.666667,12
HyperX,626,73.46507352941177,6975872042.666667,12
HyperX,627,73.47426470588236,6975872042.666667,12
HyperX,628,73.48345588235294,6975872042.666667,12
HyperX,629,73.49264705882352,6975872042.666667,12
HyperX,630,73.50183823529412,6975872042.666667,12
HyperX,631,73.51102941176471,6975872042.666667,12
HyperX,632,73.52022058823529,6975872042.666667,12
HyperX,633,73.52941176470588,6975872042.666667,12
HyperX,634,73.53860294117648,6975872042.666667,12
HyperX,635,73.54779411764706,6975872042.666667,12
HyperX,636,73.55698529411764,6975872042.666667,12
HyperX,637,73.56617647058823,6975872042.666667,12
HyperX,638,73.57536764705883,6975872042.666667,12
HyperX,639,73.5845588235294,6975872042.666667,12
HyperX,640,73.59375,6975872042.666667,12
HyperX,641,73.6029411764706,6975872042.666667,12
HyperX,642,73.61213235294117,6975872042.666667,12
HyperX,643,73.62132352941177,6975872042.666667,12
HyperX,644,73.63051470588236,6975872042.666667,12
HyperX,645,73.63970588235294,6975872042.666667,12
HyperX,646,73.64889705882354,6975872042.666667,12
HyperX,647,73.65808823529412,6975872042.666667,12
HyperX,648,73.66727941176471,6975872042.666667,12
HyperX,649,73.67647058823529,6975872042.666667,12
HyperX,650,73.68566176470588,6975872042.666667,12
HyperX,651,73.69485294117648,6975872042.666667,12
HyperX,652,73.70404411764706,6975872042.666667,12
HyperX,653,73.71323529411765,6975872042.666667,12
HyperX,654,73.72242647058823,6975872042.666667,12
HyperX,655,73.73161764705883,6975872042.666667,12
HyperX,656,73.7408088235294,6975872042.666667,12
HyperX,657,73.75,6975872042.666667,12
HyperX,658,73.7591911764706,6975872042.666667,12
HyperX,659,73.76838235294117,6975872042.666667,12
HyperX,660,73.77757352941175,6975872042.666667,12
HyperX,661,73.78676470588235,6975872042.666667,12
HyperX,662,73.79595588235294,6975872042.666667,12
HyperX,663,73.80514705882352,6975872042.666667,12
HyperX,664,73.81433823529413,6975872042.666667,12
HyperX,665,73.82352941176471,6975872042.666667,12
HyperX,666,73.83272058823529,6975872042.666667,12
HyperX,667,73.84191176470587,6975872042.666667,12
HyperX,668,73.85110294117648,6975872042.666667,12
HyperX,669,73.86029411764706,6975872042.666667,12
HyperX,670,73.86948529411765,6975872042.666667,12
HyperX,671,73.87867647058823,6975872042.666667,12
HyperX,672,73.88786764705883,6975872042.666667,12
HyperX,673,73.8970588235294,6975872042.666667,12
HyperX,674,73.90625,6975872042.666667,12
HyperX,675,73.9154411764706,6975872042.666667,12
HyperX,676,73.92463235294117,6975872042.666667,12
HyperX,677,73.93382352941177,6975872042.666667,12
HyperX,678,73.94301470588235,6975872042.666667,12
HyperX,679,73.95220588235294,6975872042.666667,12
HyperX,680,73.96139705882352,6975872042.666667,12
HyperX,681,73.97058823529413,6975872042.666667,12
HyperX,682,73.97977941176471,6975872042.666667,12
HyperX,683,73.98897058823529,6975872042.666667,12
HyperX,684,73.99816176470588,6975872042.666667,12
HyperX,685,74.00735294117648,6975872042.666667,12
HyperX,686,74.01654411764706,6975872042.666667,12
HyperX,687,74.02573529411764,6975872042.666667,12
HyperX,688,74.03492647058825,6975872042.666667,12
HyperX,689,74.04411764705883,6975872042.666667,12
HyperX,690,74.0533088235294,6975872042.666667,12
HyperX,691,74.0625,6975872042.666667,12
HyperX,692,74.0716911764706,6975872042.666667,12
HyperX,693,74.08088235294117,6975872042.666667,12
HyperX,694,74.09007352941177,6975872042.666667,12
HyperX,695,74.09926470588236,6975872042.666667,12
HyperX,696,74.10845588235294,6975872042.666667,12
HyperX,697,74.11764705882352,6975872042.666667,12
HyperX,698,74.12683823529412,6975872042.666667,12
HyperX,699,74.13602941176471,6975872042.666667,12
HyperX,700,74.14522058823529,6975872042.666667,12
HyperX,701,74.15441176470588,6975872042.666667,12
HyperX,702,74.16360294117646,6975872042.666667,12
HyperX,703,74.17279411764706,6975872042.666667,12
HyperX,704,74.18198529411764,6975872042.666667,12
HyperX,705,74.19117647058825,6975872042.666667,12
HyperX,706,74.20036764705883,6975872042.666667,12
HyperX,707,74.2095588235294,6975872042.666667,12
HyperX,708,74.21875,6975872042.666667,12
HyperX,709,74.2279411764706,6975872042.666667,12
HyperX,710,74.23713235294117,6975872042.666667,12
HyperX,711,74.24632352941177,6975872042.666667,12
HyperX,712,74.25551470588236,6975872042.666667,12
HyperX,713,74.26470588235294,6975872042.666667,12
HyperX,714,74.27389705882352,6975872042.666667,12
HyperX,715,74.28308823529412,6975872042.666667,12
HyperX,716,74.29227941176471,6975872042.666667,12
HyperX,717,74.30147058823529,6975872042.666667,12
HyperX,718,74.31066176470588,6975872042.666667,12
HyperX,719,74.31985294117648,6975872042.666667,12
HyperX,720,74.32904411764706,6975872042.666667,12
HyperX,721,74.33823529411764,6975872042.666667,12
HyperX,722,74.34742647058823,6975872042.666667,12
HyperX,723,74.35661764705883,6975872042.666667,12
HyperX,724,74.3658088235294,6975872042.666667,12
HyperX,725,74.375,6975872042.666667,12
HyperX,726,74.3841911764706,6975872042.666667,12
HyperX,727,74.39338235294117,6975872042.666667,12
HyperX,728,74.40257352941177,6975872042.666667,12
HyperX,729,74.41176470588236,6975872042.666667,12
HyperX,730,74.42095588235294,6975872042.666667,12
HyperX,731,74.43014705882354,6975872042.666667,12
HyperX,732,74.43933823529412,6975872042.666667,12
HyperX,733,74.44852941176471,6975872042.666667,12
HyperX,734,74.45772058823529,6975872042.666667,12
HyperX,735,74.46691176470588,6975872042.666667,12
HyperX,736,74.47610294117648,6975872042.666667,12
HyperX,737,74.48529411764706,6975872042.666667,12
HyperX,738,74.49448529411765,6975872042.666667,12
HyperX,739,74.50367647058823,6975872042.666667,12
HyperX,740,74.51286764705883,6975872042.666667,12
HyperX,741,74.5220588235294,6975872042.666667,12
HyperX,742,74.53125,6975872042.666667,12
HyperX,743,74.5404411764706,6975872042.666667,12
HyperX,744,74.54963235294117,6975872042.666667,12
HyperX,745,74.55882352941175,6975872042.666667,12
HyperX,746,74.56801470588235,6975872042.666667,12
HyperX,747,74.57720588235294,6975872042.666667,12
HyperX,748,74.58639705882352,6975872042.666667,12
HyperX,749,74.59558823529413,6975872042.666667,12
HyperX,750,74.60477941176471,6975872042.666667,12
HyperX,751,74.61397058823529,6975872042.666667,12
HyperX,752,74.62316176470587,6975872042.666667,12
HyperX,753,74.63235294117648,6975872042.666667,12
HyperX,754,74.64154411764706,6975872042.666667,12
HyperX,755,74.65073529411765,6975872042.666667,12
HyperX,756,74.65992647058823,6975872042.666667,12
HyperX,757,74.66911764705883,6975872042.666667,12
HyperX,758,74.6783088235294,6975872042.666667,12
HyperX,759,74.6875,6975872042.666667,12
HyperX,760,74.6966911764706,6975872042.666667,12
HyperX,761,74.70588235294117,6975872042.666667,12
HyperX,762,74.71507352941177,6975872042.666667,12
HyperX,763,74.72426470588235,6975872042.666667,12
HyperX,764,74.73345588235294,6975872042.666667,12
HyperX,765,74.74264705882352,6975872042.666667,12
HyperX,766,74.75183823529413,6975872042.666667,12
HyperX,767,74.76102941176471,6975872042.666667,12
HyperX,768,74.77022058823529,6975872042.666667,12
HyperX,769,74.77941176470588,6975872042.666667,12
HyperX,770,74.78860294117648,6975872042.666667,12
HyperX,771,74.79779411764706,6975872042.666667,12
HyperX,772,74.80698529411764,6975872042.666667,12
HyperX,773,74.81617647058825,6975872042.666667,12
HyperX,774,74.82536764705883,6975872042.666667,12
HyperX,775,74.8345588235294,6975872042.666667,12
HyperX,776,74.84375,6975872042.666667,12
HyperX,777,74.8529411764706,6975872042.666667,12
HyperX,778,74.86213235294117,6975872042.666667,12
HyperX,779,74.87132352941177,6975872042.666667,12
HyperX,780,74.88051470588236,6975872042.666667,12
HyperX,781,74.88970588235294,6975872042.666667,12
HyperX,782,74.89889705882352,6975872042.666667,12
HyperX,783,74.90808823529412,6975872042.666667,12
HyperX,784,74.91727941176471,6975872042.666667,12
HyperX,785,74.92647058823529,6975872042.666667,12
HyperX,786,74.93566176470588,6975872042.666667,12
HyperX,787,74.94485294117646,6975872042.666667,12
HyperX,788,74.95404411764706,6975872042.666667,12
HyperX,789,74.96323529411764,6975872042.666667,12
HyperX,790,74.97242647058825,6975872042.666667,12
HyperX,791,74.98161764705883,6975872042.666667,12
HyperX,792,74.9908088235294,6975872042.666667,12
HyperX,793,75.0,6975872042.666667,12
HyperX,794,75.0091911764706,6975872042.666667,12
HyperX,795,75.01838235294117,6975872042.666667,12
HyperX,796,75.02757352941177,6975872042.666667,12
HyperX,797,75.03676470588236,6975872042.666667,12
HyperX,798,75.04595588235294,6975872042.666667,12
HyperX,799,75.05514705882352,6975872042.666667,12
HyperX,800,75.06433823529412,6975872042.666667,12
HyperX,801,75.07352941176471,6975872042.666667,12
HyperX,802,75.08272058823529,6975872042.666667,12
HyperX,803,75.09191176470588,6975872042.666667,12
HyperX,804,75.10110294117648,6975872042.666667,12
HyperX,805,75.11029411764706,6975872042.666667,12
HyperX,806,75.11948529411764,6975872042.666667,12
HyperX,807,75.12867647058823,6975872042.666667,12
HyperX,808,75.13786764705883,6975872042.666667,12
HyperX,809,75.1470588235294,6975872042.666667,12
HyperX,810,75.15625,6975872042.666667,12
HyperX,811,75.1654411764706,6975872042.666667,12
HyperX,812,75.17463235294117,6975872042.666667,12
HyperX,813,75.18382352941177,6975872042.666667,12
HyperX,814,75.19301470588236,6975872042.666667,12
HyperX,815,75.20220588235294,6975872042.666667,12
HyperX,816,75.21139705882354,6975872042.666667,12
HyperX,817,75.22058823529412,6975872042.666667,12
HyperX,818,75.22977941176471,6975872042.666667,12
HyperX,819,75.23897058823529,6975872042.666667,12
HyperX,820,75.24816176470588,6975872042.666667,12
HyperX,821,75.25735294117648,6975872042.666667,12
HyperX,822,75.26654411764706,6975872042.666667,12
HyperX,823,75.27573529411765,6975872042.666667,12
HyperX,824,75.28492647058823,6975872042.666667,12
HyperX,825,75.29411764705883,6975872042.666667,12
HyperX,826,75.3033088235294,6975872042.666667,12
HyperX,827,75.3125,6975872042.666667,12
HyperX,828,75.3216911764706,6975872042.666667,12
HyperX,829,75.33088235294117,6975872042.666667,12
HyperX,830,75.34007352941175,6975872042.666667,12
HyperX,831,75.34926470588235,6975872042.666667,12
HyperX,832,75.35845588235294,6975872042.666667,12
HyperX,833,75.36764705882352,6975872042.666667,12
HyperX,834,75.37683823529413,6975872042.666667,12
HyperX,835,75.38602941176471,6975872042.666667,12
HyperX,836,75.39522058823529,6975872042.666667,12
HyperX,837,75.40441176470587,6975872042.666667,12
HyperX,838,75.41360294117648,6975872042.666667,12
HyperX,839,75.42279411764706,6975872042.666667,12
HyperX,840,75.43198529411765,6975872042.666667,12
HyperX,841,75.44117647058823,6975872042.666667,12
HyperX,842,75.45036764705883,6975872042.666667,12
HyperX,843,75.4595588235294,6975872042.666667,12
HyperX,844,75.46875,6975872042.666667,12
HyperX,845,75.4779411764706,6975872042.666667,12
HyperX,846,75.48713235294117,6975872042.666667,12
HyperX,847,75.49632352941177,6975872042.666667,12
HyperX,848,75.50551470588235,6975872042.666667,12
HyperX,849,75.51470588235294,6975872042.666667,12
HyperX,850,75.52389705882352,6975872042.666667,12
HyperX,851,75.53308823529413,6975872042.666667,12
HyperX,852,75.54227941176471,6975872042.666667,12
HyperX,853,75.55147058823529,6975872042.666667,12
HyperX,854,75.56066176470588,6975872042.666667,12
HyperX,855,75.56985294117648,6975872042.666667,12
HyperX,856,75.57904411764706,6975872042.666667,12
HyperX,857,75.58823529411764,6975872042.666667,12
HyperX,858,75.59742647058825,6975872042.666667,12
HyperX,859,75.60661764705883,6975872042.666667,12
HyperX,860,75.6158088235294,6975872042.666667,12
HyperX,861,75.625,6975872042.666667,12
HyperX,862,75.6341911764706,6975872042.666667,12
HyperX,863,75.64338235294117,6975872042.666667,12
HyperX,864,75.65257352941177,6975872042.666667,12
HyperX,865,75.66176470588236,6975872042.666667,12
HyperX,866,75.67095588235294,6975872042.666667,12
HyperX,867,75.68014705882352,6975872042.666667,12
HyperX,868,75.68933823529412,6975872042.666667,12
HyperX,869,75.69852941176471,6975872042.666667,12
HyperX,870,75.70772058823529,6975872042.666667,12
HyperX,871,75.71691176470588,6975872042.666667,12
HyperX,872,75.72610294117646,6975872042.666667,12
HyperX,873,75.73529411764706,6975872042.666667,12
HyperX,874,75.74448529411764,6975872042.666667,12
HyperX,875,75.75367647058825,6975872042.666667,12
HyperX,876,75.76286764705883,6975872042.666667,12
HyperX,877,75.7720588235294,6975872042.666667,12
HyperX,878,75.78125,6975872042.666667,12
HyperX,879,75.7904411764706,6975872042.666667,12
HyperX,880,75.79963235294117,6975872042.666667,12
HyperX,881,75.80882352941177,6975872042.666667,12
HyperX,882,75.81801470588236,6975872042.666667,12
HyperX,883,75.82720588235294,6975872042.666667,12
HyperX,884,75.83639705882352,6975872042.666667,12
HyperX,885,75.84558823529412,6975872042.666667,12
HyperX,886,75.85477941176471,6975872042.666667,12
HyperX,887,75.86397058823529,6975872042.666667,12
HyperX,888,75.87316176470588,6975872042.666667,12
HyperX,889,75.88235294117648,6975872042.666667,12
HyperX,890,75.89154411764706,6975872042.666667,12
HyperX,891,75.90073529411764,6975872042.666667,12
HyperX,892,75.90992647058823,6975872042.666667,12
HyperX,893,75.91911764705883,6975872042.666667,12
HyperX,894,75.9283088235294,6975872042.666667,12
HyperX,895,75.9375,6975872042.666667,12
HyperX,896,75.9466911764706,6975872042.666667,12
HyperX,897,75.95588235294117,6975872042.666667,12
HyperX,898,75.96507352941177,6975872042.666667,12
HyperX,899,75.97426470588236,6975872042.666667,12
HyperX,900,75.98345588235294,6975872042.666667,12
HyperX,901,75.99264705882354,6975872042.666667,12
HyperX,902,76.00183823529412,6975872042.666667,12
HyperX,903,76.01102941176471,6975872042.666667,12
HyperX,904,76.02022058823529,6975872042.666667,12
HyperX,905,76.02941176470588,6975872042.666667,12
HyperX,906,76.03860294117648,6975872042.666667,12
HyperX,907,76.04779411764706,6975872042.666667,12
HyperX,908,76.05698529411765,6975872042.666667,12
HyperX,909,76.06617647058823,6975872042.666667,12
HyperX,910,76.07536764705883,6975872042.666667,12
HyperX,911,76.0845588235294,6975872042.666667,12
HyperX,912,76.09375,6975872042.666667,12
HyperX,913,76.1029411764706,6975872042.666667,12
HyperX,914,76.11213235294117,6975872042.666667,12
HyperX,915,76.12132352941175,6975872042.666667,12
HyperX,916,76.13051470588235,6975872042.666667,12
HyperX,917,76.13970588235294,6975872042.666667,12
HyperX,918,76.14889705882352,6975872042.666667,12
HyperX,919,76.15808823529413,6975872042.666667,12
HyperX,920,76.16727941176471,6975872042.666667,12
HyperX,921,76.17647058823529,6975872042.666667,12
HyperX,922,76.18566176470587,6975872042.666667,12
HyperX,923,76.19485294117648,6975872042.666667,12
HyperX,924,76.20404411764706,6975872042.666667,12
HyperX,925,76.21323529411765,6975872042.666667,12
HyperX,926,76.22242647058823,6975872042.666667,12
HyperX,927,76.23161764705883,6975872042.666667,12
HyperX,928,76.2408088235294,6975872042.666667,12
HyperX,929,76.25,6975872042.666667,12
HyperX,930,76.2591911764706,6975872042.666667,12
HyperX,931,76.26838235294117,6975872042.666667,12
HyperX,932,76.27757352941177,6975872042.666667,12
HyperX,933,76.28676470588235,6975872042.666667,12
HyperX,934,76.29595588235294,6975872042.666667,12
HyperX,935,76.30514705882352,6975872042.666667,12
HyperX,936,76.31433823529413,6975872042.666667,12
HyperX,937,76.32352941176471,6975872042.666667,12
HyperX,938,76.33272058823529,6975872042.666667,12
HyperX,939,76.34191176470588,6975872042.666667,12
HyperX,940,76.35110294117648,6975872042.666667,12
HyperX,941,76.36029411764706,6975872042.666667,12
HyperX,942,76.36948529411764,6975872042.666667,12
HyperX,943,76.37867647058825,6975872042.666667,12
HyperX,944,76.38786764705883,6975872042.666667,12
HyperX,945,76.3970588235294,6975872042.666667,12
HyperX,946,76.40625,6975872042.666667,12
HyperX,947,76.4154411764706,6975872042.666667,12
HyperX,948,76.42463235294117,6975872042.666667,12
HyperX,949,76.43382352941177,6975872042.666667,12
HyperX,950,76.44301470588236,6975872042.666667,12
HyperX,951,76.45220588235294,6975872042.666667,12
HyperX,952,76.46139705882352,6975872042.666667,12
HyperX,953,76.47058823529412,6975872042.666667,12
HyperX,954,76.47977941176471,6975872042.666667,12
HyperX,955,76.48897058823529,6975872042.666667,12
HyperX,956,76.49816176470588,6975872042.666667,12
HyperX,957,76.50735294117646,6975872042.666667,12
HyperX,958,76.51654411764706,6975872042.666667,12
HyperX,959,76.52573529411764,6975872042.666667,12
HyperX,960,76.53492647058825,6975872042.666667,12
HyperX,961,76.54411764705883,6975872042.666667,12
HyperX,962,76.5533088235294,6975872042.666667,12
HyperX,963,76.5625,6975872042.666667,12
HyperX,964,76.5716911764706,6975872042.666667,12
HyperX,965,76.58088235294117,6975872042.666667,12
HyperX,966,76.59007352941177,6975872042.666667,12
HyperX,967,76.59926470588236,6975872042.666667,12
HyperX,968,76.60845588235294,6975872042.666667,12
HyperX,969,76.61764705882352,6975872042.666667,12
HyperX,970,76.62683823529412,6975872042.666667,12
HyperX,971,76.63602941176471,6975872042.666667,12
HyperX,972,76.64522058823529,6975872042.666667,12
HyperX,973,76.65441176470588,6975872042.666667,12
HyperX,974,76.66360294117648,6975872042.666667,12
HyperX,975,76.67279411764706,6975872042.666667,12
HyperX,976,76.68198529411764,6975872042.666667,12
HyperX,977,76.69117647058823,6975872042.666667,12
HyperX,978,76.70036764705883,6975872042.666667,12
HyperX,979,76.7095588235294,6975872042.666667,12
HyperX,980,76.71875,6975872042.666667,12
HyperX,981,76.7279411764706,6975872042.666667,12
HyperX,982,76.73713235294117,6975872042.666667,12
HyperX,983,76.74632352941177,6975872042.666667,12
HyperX,984,76.75551470588236,6975872042.666667,12
HyperX,985,76.76470588235294,6975872042.666667,12
HyperX,986,76.77389705882354,6975872042.666667,12
HyperX,987,76.78308823529412,6975872042.666667,12
HyperX,988,76.79227941176471,6975872042.666667,12
HyperX,989,76.80147058823529,6975872042.666667,12
HyperX,990,76.81066176470588,6975872042.666667,12
HyperX,991,76.81985294117648,6975872042.666667,12
HyperX,992,76.82904411764706,6975872042.666667,12
HyperX,993,76.83823529411765,6975872042.666667,12
HyperX,994,76.84742647058823,6975872042.666667,12
HyperX,995,76.85661764705883,6975872042.666667,12
HyperX,996,76.8658088235294,6975872042.666667,12
HyperX,997,76.875,6975872042.666667,12
HyperX,998,76.8841911764706,6975872042.666667,12
HyperX,999,76.89338235294117,6975872042.666667,12
HyperX,1000,76.90257352941175,6975872042.666667,12
HyperX,1001,76.91176470588235,6975872042.666667,12
HyperX,1002,76.92095588235294,6975872042.666667,12
HyperX,1003,76.93014705882352,6975872042.666667,12
HyperX,1004,76.93933823529413,6975872042.666667,12
HyperX,1005,76.94852941176471,6975872042.666667,12
HyperX,1006,76.95772058823529,6975872042.666667,12
HyperX,1007,76.96691176470587,6975872042.666667,12
HyperX,1008,76.97610294117648,6975872042.666667,12
HyperX,1009,76.98529411764706,6975872042.666667,12
HyperX,1010,76.99448529411765,6975872042.666667,12
HyperX,1011,77.00367647058823,6975872042.666667,12
HyperX,1012,77.01286764705883,6975872042.666667,12
HyperX,1013,77.0220588235294,6975872042.666667,12
HyperX,1014,77.03125,6975872042.666667,12
HyperX,1015,77.0404411764706,6975872042.666667,12
HyperX,1016,77.04963235294117,6975872042.666667,12
HyperX,1017,77.05882352941177,6975872042.666667,12
HyperX,1018,77.06801470588235,6975872042.666667,12
HyperX,1019,77.07720588235294,6975872042.666667,12
HyperX,1020,77.08639705882352,6975872042.666667,12
HyperX,1021,77.09558823529413,6975872042.666667,12
HyperX,1022,77.10477941176471,6975872042.666667,12
HyperX,1023,77.11397058823529,6975872042.666667,12
HyperX,1024,77.12316176470588,6975872042.666667,12
HyperX,1025,77.13235294117648,6975872042.666667,12
HyperX,1026,77.14154411764706,6975872042.666667,12
HyperX,1027,77.15073529411764,6975872042.666667,12
HyperX,1028,77.15992647058825,6975872042.666667,12
HyperX,1029,77.16911764705883,6975872042.666667,12
HyperX,1030,77.1783088235294,6975872042.666667,12
HyperX,1031,77.1875,6975872042.666667,12
HyperX,1032,77.1966911764706,6975872042.666667,12
HyperX,1033,77.20588235294117,6975872042.666667,12
HyperX,1034,77.21507352941177,6975872042.666667,12
HyperX,1035,77.22426470588236,6975872042.666667,12
HyperX,1036,77.23345588235294,6975872042.666667,12
HyperX,1037,77.24264705882352,6975872042.666667,12
HyperX,1038,77.25183823529412,6975872042.666667,12
HyperX,1039,77.26102941176471,6975872042.666667,12
HyperX,1040,77.27022058823529,6975872042.666667,12
HyperX,1041,77.27941176470588,6975872042.666667,12
HyperX,1042,77.28860294117646,6975872042.666667,12
HyperX,1043,77.29779411764706,6975872042.666667,12
HyperX,1044,77.30698529411764,6975872042.666667,12
HyperX,1045,77.31617647058825,6975872042.666667,12
HyperX,1046,77.32536764705883,6975872042.666667,12
HyperX,1047,77.3345588235294,6975872042.666667,12
HyperX,1048,77.34375,6975872042.666667,12
HyperX,1049,77.3529411764706,6975872042.666667,12
HyperX,1050,77.36213235294117,6975872042.666667,12
HyperX,1051,77.37132352941177,6975872042.666667,12
HyperX,1052,77.38051470588236,6975872042.666667,12
HyperX,1053,77.38970588235294,6975872042.666667,12
HyperX,1054,77.39889705882352,6975872042.666667,12
HyperX,1055,77.40808823529412,6975872042.666667,12
HyperX,1056,77.41727941176471,6975872042.666667,12
HyperX,1057,77.42647058823529,6975872042.666667,12
HyperX,1058,77.43566176470588,6975872042.666667,12
HyperX,1059,77.44485294117648,6975872042.666667,12
HyperX,1060,77.45404411764706,6975872042.666667,12
HyperX,1061,77.46323529411764,6975872042.666667,12
HyperX,1062,77.47242647058823,6975872042.666667,12
HyperX,1063,77.48161764705883,6975872042.666667,12
HyperX,1064,77.4908088235294,6975872042.666667,12
HyperX,1065,77.5,6975872042.666667,12
HyperX,1066,77.5091911764706,6975872042.666667,12
HyperX,1067,77.51838235294117,6975872042.666667,12
HyperX,1068,77.52757352941177,6975872042.666667,12
HyperX,1069,77.53676470588236,6975872042.666667,12
HyperX,1070,77.54595588235294,6975872042.666667,12
HyperX,1071,77.55514705882354,6975872042.666667,12
HyperX,1072,77.56433823529412,6975872042.666667,12
HyperX,1073,77.57352941176471,6975872042.666667,12
HyperX,1074,77.58272058823529,6975872042.666667,12
HyperX,1075,77.59191176470588,6975872042.666667,12
HyperX,1076,77.60110294117648,6975872042.666667,12
HyperX,1077,77.61029411764706,6975872042.666667,12
HyperX,1078,77.61948529411765,6975872042.666667,12
HyperX,1079,77.62867647058823,6975872042.666667,12
HyperX,1080,77.63786764705883,6975872042.666667,12
HyperX,1081,77.6470588235294,6975872042.666667,12
HyperX,1082,77.65625,6975872042.666667,12
HyperX,1083,77.6654411764706,6975872042.666667,12
HyperX,1084,77.67463235294117,6975872042.666667,12
HyperX,1085,77.68382352941175,6975872042.666667,12
HyperX,1086,77.69301470588235,6975872042.666667,12
HyperX,1087,77.70220588235294,6975872042.666667,12
HyperX,1088,77.71139705882352,6975872042.666667,12
HyperX,1089,77.72058823529413,6975872042.666667,12
HyperX,1090,77.72977941176471,6975872042.666667,12
HyperX,1091,77.73897058823529,6975872042.666667,12
HyperX,1092,77.74816176470587,6975872042.666667,12
HyperX,1093,77.75735294117648,6975872042.666667,12
HyperX,1094,77.76654411764706,6975872042.666667,12
HyperX,1095,77.77573529411765,6975872042.666667,12
HyperX,1096,77.78492647058823,6975872042.666667,12
HyperX,1097,77.79411764705883,6975872042.666667,12
HyperX,1098,77.8033088235294,6975872042.666667,12
HyperX,1099,77.8125,6975872042.666667,12
HyperX,1100,77.8216911764706,6975872042.666667,12
HyperX,1101,77.83088235294117,6975872042.666667,12
HyperX,1102,77.84007352941177,6975872042.666667,12
HyperX,1103,77.84926470588235,6975872042.666667,12
HyperX,1104,77.85845588235294,6975872042.666667,12
HyperX,1105,77.86764705882352,6975872042.666667,12
HyperX,1106,77.87683823529413,6975872042.666667,12
HyperX,1107,77.88602941176471,6975872042.666667,12
HyperX,1108,77.89522058823529,6975872042.666667,12
HyperX,1109,77.90441176470588,6975872042.666667,12
HyperX,1110,77.91360294117648,6975872042.666667,12
HyperX,1111,77.92279411764706,6975872042.666667,12
HyperX,1112,77.93198529411764,6975872042.666667,12
HyperX,1113,77.94117647058825,6975872042.666667,12
HyperX,1114,77.95036764705883,6975872042.666667,12
HyperX,1115,77.9595588235294,6975872042.666667,12
HyperX,1116,77.96875,6975872042.666667,12
HyperX,1117,77.9779411764706,6975872042.666667,12
HyperX,1118,77.98713235294117,6975872042.666667,12
HyperX,1119,77.99632352941177,6975872042.666667,12
HyperX,1120,78.00551470588236,6975872042.666667,12
HyperX,1121,78.01470588235294,6975872042.666667,12
HyperX,1122,78.02389705882352,6975872042.666667,12
HyperX,1123,78.03308823529412,6975872042.666667,12
HyperX,1124,78.04227941176471,6975872042.666667,12
HyperX,1125,78.05147058823529,6975872042.666667,12
HyperX,1126,78.06066176470588,6975872042.666667,12
HyperX,1127,78.06985294117646,6975872042.666667,12
HyperX,1128,78.07904411764706,6975872042.666667,12
HyperX,1129,78.08823529411764,6975872042.666667,12
HyperX,1130,78.09742647058825,6975872042.666667,12
HyperX,1131,78.10661764705883,6975872042.666667,12
HyperX,1132,78.1158088235294,6975872042.666667,12
HyperX,1133,78.125,6975872042.666667,12
HyperX,1134,78.1341911764706,6975872042.666667,12
HyperX,1135,78.14338235294117,6975872042.666667,12
HyperX,1136,78.15257352941177,6975872042.666667,12
HyperX,1137,78.16176470588236,6975872042.666667,12
HyperX,1138,78.17095588235294,6975872042.666667,12
HyperX,1139,78.18014705882352,6975872042.666667,12
HyperX,1140,78.18933823529412,6975872042.666667,12
HyperX,1141,78.19852941176471,6975872042.666667,12
HyperX,1142,78.20772058823529,6975872042.666667,12
HyperX,1143,78.21691176470588,6975872042.666667,12
HyperX,1144,78.22610294117648,6975872042.666667,12
HyperX,1145,78.23529411764706,6975872042.666667,12
HyperX,1146,78.24448529411764,6975872042.666667,12
HyperX,1147,78.25367647058823,6975872042.666667,12
HyperX,1148,78.26286764705883,6975872042.666667,12
HyperX,1149,78.2720588235294,6975872042.666667,12
HyperX,1150,78.28125,6975872042.666667,12
HyperX,1151,78.2904411764706,6975872042.666667,12
HyperX,1152,78.29963235294117,6975872042.666667,12
HyperX,1153,78.30882352941177,6975872042.666667,12
HyperX,1154,78.31801470588236,6975872042.666667,12
HyperX,1155,78.32720588235294,6975872042.666667,12
HyperX,1156,78.33639705882354,6975872042.666667,12
HyperX,1157,78.34558823529412,6975872042.666667,12
HyperX,1158,78.35477941176471,6975872042.666667,12
HyperX,1159,78.36397058823529,6975872042.666667,12
HyperX,1160,78.37316176470588,6975872042.666667,12
HyperX,1161,78.38235294117648,6975872042.666667,12
HyperX,1162,78.39154411764706,6975872042.666667,12
HyperX,1163,78.40073529411765,6975872042.666667,12
HyperX,1164,78.40992647058823,6975872042.666667,12
HyperX,1165,78.41911764705883,6975872042.666667,12
HyperX,1166,78.4283088235294,6975872042.666667,12
HyperX,1167,78.4375,6975872042.666667,12
HyperX,1168,78.4466911764706,6975872042.666667,12
HyperX,1169,78.45588235294117,6975872042.666667,12
HyperX,1170,78.46507352941175,6975872042.666667,12
HyperX,1171,78.47426470588235,6975872042.666667,12
HyperX,1172,78.48345588235294,6975872042.666667,12
HyperX,1173,78.49264705882352,6975872042.666667,12
HyperX,1174,78.50183823529413,6975872042.666667,12
HyperX,1175,78.51102941176471,6975872042.666667,12
HyperX,1176,78.52022058823529,6975872042.666667,12
HyperX,1177,78.52941176470587,6975872042.666667,12
HyperX,1178,78.53860294117648,6975872042.666667,12
HyperX,1179,78.54779411764706,6975872042.666667,12
HyperX,1180,78.55698529411765,6975872042.666667,12
HyperX,1181,78.56617647058823,6975872042.666667,12
HyperX,1182,78.57536764705883,6975872042.666667,12
HyperX,1183,78.5845588235294,6975872042.666667,12
HyperX,1184,78.59375,6975872042.666667,12
HyperX,1185,78.6029411764706,6975872042.666667,12
HyperX,1186,78.61213235294117,6975872042.666667,12
HyperX,1187,78.62132352941177,6975872042.666667,12
HyperX,1188,78.63051470588235,6975872042.666667,12
HyperX,1189,78.63970588235294,6975872042.666667,12
HyperX,1190,78.64889705882352,6975872042.666667,12
HyperX,1191,78.65808823529413,6975872042.666667,12
HyperX,1192,78.66727941176471,6975872042.666667,12
HyperX,1193,78.67647058823529,6975872042.666667,12
HyperX,1194,78.68566176470588,6975872042.666667,12
HyperX,1195,78.69485294117648,6975872042.666667,12
HyperX,1196,78.70404411764706,6975872042.666667,12
HyperX,1197,78.71323529411764,6975872042.666667,12
HyperX,1198,78.72242647058825,6975872042.666667,12
HyperX,1199,78.73161764705883,6975872042.666667,12
HyperX,1200,78.7408088235294,6975872042.666667,12
HyperX,1201,78.75,6975872042.666667,12
HyperX,1202,78.7591911764706,6975872042.666667,12
HyperX,1203,78.76838235294117,6975872042.666667,12
HyperX,1204,78.77757352941177,6975872042.666667,12
HyperX,1205,78.78676470588236,6975872042.666667,12
HyperX,1206,78.79595588235294,6975872042.666667,12
HyperX,1207,78.80514705882352,6975872042.666667,12
HyperX,1208,78.81433823529412,6975872042.666667,12
HyperX,1209,78.82352941176471,6975872042.666667,12
HyperX,1210,78.83272058823529,6975872042.666667,12
HyperX,1211,78.84191176470588,6975872042.666667,12
HyperX,1212,78.85110294117646,6975872042.666667,12
HyperX,1213,78.86029411764706,6975872042.666667,12
HyperX,1214,78.86948529411764,6975872042.666667,12
HyperX,1215,78.87867647058825,6975872042.666667,12
HyperX,1216,78.88786764705883,6975872042.666667,12
HyperX,1217,78.8970588235294,6975872042.666667,12
HyperX,1218,78.90625,6975872042.666667,12
HyperX,1219,78.9154411764706,6975872042.666667,12
HyperX,1220,78.92463235294117,6975872042.666667,12
HyperX,1221,78.93382352941177,6975872042.666667,12
HyperX,1222,78.94301470588236,6975872042.666667,12
HyperX,1223,78.95220588235294,6975872042.666667,12
HyperX,1224,78.96139705882352,6975872042.666667,12
HyperX,1225,78.97058823529412,6975872042.666667,12
HyperX,1226,78.97977941176471,6975872042.666667,12
HyperX,1227,78.98897058823529,6975872042.666667,12
HyperX,1228,78.99816176470588,6975872042.666667,12
HyperX,1229,79.00735294117648,6975872042.666667,12
HyperX,1230,79.01654411764706,6975872042.666667,12
HyperX,1231,79.02573529411764,6975872042.666667,12
HyperX,1232,79.03492647058823,6975872042.666667,12
HyperX,1233,79.04411764705883,6975872042.666667,12
HyperX,1234,79.0533088235294,6975872042.666667,12
HyperX,1235,79.0625,6975872042.666667,12
HyperX,1236,79.0716911764706,6975872042.666667,12
HyperX,1237,79.08088235294117,6975872042.666667,12
HyperX,1238,79.09007352941177,6975872042.666667,12
HyperX,1239,79.09926470588236,6975872042.666667,12
HyperX,1240,79.10845588235294,6975872042.666667,12
HyperX,1241,79.11764705882354,6975872042.666667,12
HyperX,1242,79.12683823529412,6975872042.666667,12
HyperX,1243,79.13602941176471,6975872042.666667,12
HyperX,1244,79.14522058823529,6975872042.666667,12
HyperX,1245,79.15441176470588,6975872042.666667,12
HyperX,1246,79.16360294117648,6975872042.666667,12
HyperX,1247,79.17279411764706,6975872042.666667,12
HyperX,1248,79.18198529411765,6975872042.666667,12
HyperX,1249,79.19117647058823,6975872042.666667,12
HyperX,1250,79.20036764705883,6975872042.666667,12
HyperX,1251,79.2095588235294,6975872042.666667,12
HyperX,1252,79.21875,6975872042.666667,12
HyperX,1253,79.2279411764706,6975872042.666667,12
HyperX,1254,79.23713235294117,6975872042.666667,12
HyperX,1255,79.24632352941175,6975872042.666667,12
HyperX,1256,79.25551470588235,6975872042.666667,12
HyperX,1257,79.26470588235294,6975872042.666667,12
HyperX,1258,79.27389705882352,6975872042.666667,12
HyperX,1259,79.28308823529413,6975872042.666667,12
HyperX,1260,79.29227941176471,6975872042.666667,12
HyperX,1261,79.30147058823529,6975872042.666667,12
HyperX,1262,79.31066176470587,6975872042.666667,12
HyperX,1263,79.31985294117648,6975872042.666667,12
HyperX,1264,79.32904411764706,6975872042.666667,12
HyperX,1265,79.33823529411765,6975872042.666667,12
HyperX,1266,79.34742647058823,6975872042.666667,12
HyperX,1267,79.35661764705883,6975872042.666667,12
HyperX,1268,79.3658088235294,6975872042.666667,12
HyperX,1269,79.375,6975872042.666667,12
HyperX,1270,79.3841911764706,6975872042.666667,12
HyperX,1271,79.39338235294117,6975872042.666667,12
HyperX,1272,79.40257352941177,6975872042.666667,12
HyperX,1273,79.41176470588235,6975872042.666667,12
HyperX,1274,79.42095588235294,6975872042.666667,12
HyperX,1275,79.43014705882352,6975872042.666667,12
HyperX,1276,79.43933823529413,6975872042.666667,12
HyperX,1277,79.44852941176471,6975872042.666667,12
HyperX,1278,79.45772058823529,6975872042.666667,12
HyperX,1279,79.46691176470588,6975872042.666667,12
HyperX,1280,79.47610294117648,6975872042.666667,12
HyperX,1281,79.48529411764706,6975872042.666667,12
HyperX,1282,79.49448529411764,6975872042.666667,12
HyperX,1283,79.50367647058825,6975872042.666667,12
HyperX,1284,79.51286764705883,6975872042.666667,12
HyperX,1285,79.5220588235294,6975872042.666667,12
HyperX,1286,79.53125,6975872042.666667,12
HyperX,1287,79.5404411764706,6975872042.666667,12
HyperX,1288,79.54963235294117,6975872042.666667,12
HyperX,1289,79.55882352941177,6975872042.666667,12
HyperX,1290,79.56801470588236,6975872042.666667,12
HyperX,1291,79.57720588235294,6975872042.666667,12
HyperX,1292,79.58639705882352,6975872042.666667,12
HyperX,1293,79.59558823529412,6975872042.666667,12
HyperX,1294,79.60477941176471,6975872042.666667,12
HyperX,1295,79.61397058823529,6975872042.666667,12
HyperX,1296,79.62316176470588,6975872042.666667,12
HyperX,1297,79.63235294117646,6975872042.666667,12
HyperX,1298,79.64154411764706,6975872042.666667,12
HyperX,1299,79.65073529411764,6975872042.666667,12
HyperX,1300,79.65992647058825,6975872042.666667,12
HyperX,1301,79.66911764705883,6975872042.666667,12
HyperX,1302,79.6783088235294,6975872042.666667,12
HyperX,1303,79.6875,6975872042.666667,12
HyperX,1304,79.6966911764706,6975872042.666667,12
HyperX,1305,79.70588235294117,6975872042.666667,12
HyperX,1306,79.71507352941177,6975872042.666667,12
HyperX,1307,79.72426470588236,6975872042.666667,12
HyperX,1308,79.73345588235294,6975872042.666667,12
HyperX,1309,79.74264705882352,6975872042.666667,12
HyperX,1310,79.75183823529412,6975872042.666667,12
HyperX,1311,79.76102941176471,6975872042.666667,12
HyperX,1312,79.77022058823529,6975872042.666667,12
HyperX,1313,79.77941176470588,6975872042.666667,12
HyperX,1314,79.78860294117648,6975872042.666667,12
HyperX,1315,79.79779411764706,6975872042.666667,12
HyperX,1316,79.80698529411764,6975872042.666667,12
HyperX,1317,79.81617647058823,6975872042.666667,12
HyperX,1318,79.82536764705883,6975872042.666667,12
HyperX,1319,79.8345588235294,6975872042.666667,12
HyperX,1320,79.84375,6975872042.666667,12
HyperX,1321,79.8529411764706,6975872042.666667,12
HyperX,1322,79.86213235294117,6975872042.666667,12
HyperX,1323,79.87132352941177,6975872042.666667,12
HyperX,1324,79.88051470588236,6975872042.666667,12
HyperX,1325,79.88970588235294,6975872042.666667,12
HyperX,1326,79.89889705882354,6975872042.666667,12
HyperX,1327,79.90808823529412,6975872042.666667,12
HyperX,1328,79.91727941176471,6975872042.666667,12
HyperX,1329,79.92647058823529,6975872042.666667,12
HyperX,1330,79.93566176470588,6975872042.666667,12
HyperX,1331,79.94485294117648,6975872042.666667,12
HyperX,1332,79.95404411764706,6975872042.666667,12
HyperX,1333,79.96323529411765,6975872042.666667,12
HyperX,1334,79.97242647058823,6975872042.666667,12
HyperX,1335,79.98161764705883,6975872042.666667,12
HyperX,1336,79.9908088235294,6975872042.666667,12
HyperX,1337,80.0,6975872042.666667,12
HyperX,1338,80.0091911764706,6975872042.666667,12
HyperX,1339,80.01838235294117,6975872042.666667,12
HyperX,1340,80.02757352941175,6975872042.666667,12
HyperX,1341,80.03676470588235,6975872042.666667,12
HyperX,1342,80.04595588235294,6975872042.666667,12
HyperX,1343,80.05514705882352,6975872042.666667,12
HyperX,1344,80.06433823529413,6975872042.666667,12
HyperX,1345,80.07352941176471,6975872042.666667,12
HyperX,1346,80.08272058823529,6975872042.666667,12
HyperX,1347,80.09191176470587,6975872042.666667,12
HyperX,1348,80.10110294117648,6975872042.666667,12
HyperX,1349,80.11029411764706,6975872042.666667,12
HyperX,1350,80.11948529411765,6975872042.666667,12
HyperX,1351,80.12867647058823,6975872042.666667,12
HyperX,1352,80.13786764705883,6975872042.666667,12
HyperX,1353,80.1470588235294,6975872042.666667,12
HyperX,1354,80.15625,6975872042.666667,12
HyperX,1355,80.1654411764706,6975872042.666667,12
HyperX,1356,80.17463235294117,6975872042.666667,12
HyperX,1357,80.18382352941177,6975872042.666667,12
HyperX,1358,80.19301470588235,6975872042.666667,12
HyperX,1359,80.20220588235294,6975872042.666667,12
HyperX,1360,80.21139705882352,6975872042.666667,12
HyperX,1361,80.22058823529413,6975872042.666667,12
HyperX,1362,80.22977941176471,6975872042.666667,12
HyperX,1363,80.23897058823529,6975872042.666667,12
HyperX,1364,80.24816176470588,6975872042.666667,12
HyperX,1365,80.25735294117648,6975872042.666667,12
HyperX,1366,80.26654411764706,6975872042.666667,12
HyperX,1367,80.27573529411764,6975872042.666667,12
HyperX,1368,80.28492647058825,6975872042.666667,12
HyperX,1369,80.29411764705883,6975872042.666667,12
HyperX,1370,80.3033088235294,6975872042.666667,12
HyperX,1371,80.3125,6975872042.666667,12
HyperX,1372,80.3216911764706,6975872042.666667,12
HyperX,1373,80.33088235294117,6975872042.666667,12
HyperX,1374,80.34007352941177,6975872042.666667,12
HyperX,1375,80.34926470588236,6975872042.666667,12
HyperX,1376,80.35845588235294,6975872042.666667,12
HyperX,1377,80.36764705882352,6975872042.666667,12
HyperX,1378,80.37683823529412,6975872042.666667,12
HyperX,1379,80.38602941176471,6975872042.666667,12
HyperX,1380,80.39522058823529,6975872042.666667,12
HyperX,1381,80.40441176470588,6975872042.666667,12
HyperX,1382,80.41360294117646,6975872042.666667,12
HyperX,1383,80.42279411764706,6975872042.666667,12
HyperX,1384,80.43198529411764,6975872042.666667,12
HyperX,1385,80.44117647058825,6975872042.666667,12
HyperX,1386,80.45036764705883,6975872042.666667,12
HyperX,1387,80.4595588235294,6975872042.666667,12
HyperX,1388,80.46875,6975872042.666667,12
HyperX,1389,80.4779411764706,6975872042.666667,12
HyperX,1390,80.48713235294117,6975872042.666667,12
HyperX,1391,80.49632352941177,6975872042.666667,12
HyperX,1392,80.50551470588236,6975872042.666667,12
HyperX,1393,80.51470588235294,6975872042.666667,12
HyperX,1394,80.52389705882352,6975872042.666667,12
HyperX,1395,80.53308823529412,6975872042.666667,12
HyperX,1396,80.54227941176471,6975872042.666667,12
HyperX,1397,80.55147058823529,6975872042.666667,12
HyperX,1398,80.56066176470588,6975872042.666667,12
HyperX,1399,80.56985294117648,6975872042.666667,12
HyperX,1400,80.57904411764706,6975872042.666667,12
HyperX,1401,80.58823529411764,6975872042.666667,12
HyperX,1402,80.59742647058823,6975872042.666667,12
HyperX,1403,80.60661764705883,6975872042.666667,12
HyperX,1404,80.6158088235294,6975872042.666667,12
HyperX,1405,80.625,6975872042.666667,12
HyperX,1406,80.6341911764706,6975872042.666667,12
HyperX,1407,80.64338235294117,6975872042.666667,12
HyperX,1408,80.65257352941177,6975872042.666667,12
HyperX,1409,80.66176470588236,6975872042.666667,12
HyperX,1410,80.67095588235294,6975872042.666667,12
HyperX,1411,80.68014705882354,6975872042.666667,12
HyperX,1412,80.68933823529412,6975872042.666667,12
HyperX,1413,80.69852941176471,6975872042.666667,12
HyperX,1414,80.70772058823529,6975872042.666667,12
HyperX,1415,80.71691176470588,6975872042.666667,12
HyperX,1416,80.72610294117648,6975872042.666667,12
HyperX,1417,80.73529411764706,6975872042.666667,12
HyperX,1418,80.74448529411765,6975872042.666667,12
HyperX,1419,80.75367647058823,6975872042.666667,12
HyperX,1420,80.76286764705883,6975872042.666667,12
HyperX,1421,80.7720588235294,6975872042.666667,12
HyperX,1422,80.78125,6975872042.666667,12
HyperX,1423,80.7904411764706,6975872042.666667,12
HyperX,1424,80.79963235294117,6975872042.666667,12
HyperX,1425,80.80882352941175,6975872042.666667,12
HyperX,1426,80.81801470588235,6975872042.666667,12
HyperX,1427,80.82720588235294,6975872042.666667,12
HyperX,1428,80.83639705882352,6975872042.666667,12
HyperX,1429,80.84558823529413,6975872042.666667,12
HyperX,1430,80.85477941176471,6975872042.666667,12
HyperX,1431,80.86397058823529,6975872042.666667,12
HyperX,1432,80.87316176470587,6975872042.666667,12
HyperX,1433,80.88235294117648,6975872042.666667,12
HyperX,1434,80.89154411764706,6975872042.666667,12
HyperX,1435,80.90073529411765,6975872042.666667,12
HyperX,1436,80.90992647058823,6975872042.666667,12
HyperX,1437,80.91911764705883,6975872042.666667,12
HyperX,1438,80.9283088235294,6975872042.666667,12
HyperX,1439,80.9375,6975872042.666667,12
HyperX,1440,80.9466911764706,6975872042.666667,12
HyperX,1441,80.95588235294117,6975872042.666667,12
HyperX,1442,80.96507352941177,6975872042.666667,12
HyperX,1443,80.97426470588235,6975872042.666667,12
HyperX,1444,80.98345588235294,6975872042.666667,12
HyperX,1445,80.99264705882352,6975872042.666667,12
HyperX,1446,81.00183823529413,6975872042.666667,12
HyperX,1447,81.01102941176471,6975872042.666667,12
HyperX,1448,81.02022058823529,6975872042.666667,12
HyperX,1449,81.02941176470588,6975872042.666667,12
HyperX,1450,81.03860294117648,6975872042.666667,12
HyperX,1451,81.04779411764706,6975872042.666667,12
HyperX,1452,81.05698529411764,6975872042.666667,12
HyperX,1453,81.06617647058825,6975872042.666667,12
HyperX,1454,81.07536764705883,6975872042.666667,12
HyperX,1455,81.0845588235294,6975872042.666667,12
HyperX,1456,81.09375,6975872042.666667,12
HyperX,1457,81.1029411764706,6975872042.666667,12
HyperX,1458,81.11213235294117,6975872042.666667,12
HyperX,1459,81.12132352941177,6975872042.666667,12
HyperX,1460,81.13051470588236,6975872042.666667,12
HyperX,1461,81.13970588235294,6975872042.666667,12
HyperX,1462,81.14889705882352,6975872042.666667,12
HyperX,1463,81.15808823529412,6975872042.666667,12
HyperX,1464,81.16727941176471,6975872042.666667,12
HyperX,1465,81.17647058823529,6975872042.666667,12
HyperX,1466,81.18566176470588,6975872042.666667,12
HyperX,1467,81.19485294117646,6975872042.666667,12
HyperX,1468,81.20404411764706,6975872042.666667,12
HyperX,1469,81.21323529411764,6975872042.666667,12
HyperX,1470,81.22242647058825,6975872042.666667,12
HyperX,1471,81.23161764705883,6975872042.666667,12
HyperX,1472,81.2408088235294,6975872042.666667,12
HyperX,1473,81.25,6975872042.666667,12
HyperX,1474,81.2591911764706,6975872042.666667,12
HyperX,1475,81.26838235294117,6975872042.666667,12
HyperX,1476,81.27757352941177,6975872042.666667,12
HyperX,1477,81.28676470588236,6975872042.666667,12
HyperX,1478,81.29595588235294,6975872042.666667,12
HyperX,1479,81.30514705882352,6975872042.666667,12
HyperX,1480,81.31433823529412,6975872042.666667,12
HyperX,1481,81.32352941176471,6975872042.666667,12
HyperX,1482,81.33272058823529,6975872042.666667,12
HyperX,1483,81.34191176470588,6975872042.666667,12
HyperX,1484,81.35110294117648,6975872042.666667,12
HyperX,1485,81.36029411764706,6975872042.666667,12
HyperX,1486,81.36948529411764,6975872042.666667,12
HyperX,1487,81.37867647058823,6975872042.666667,12
HyperX,1488,81.38786764705883,6975872042.666667,12
HyperX,1489,81.3970588235294,6975872042.666667,12
HyperX,1490,81.40625,6975872042.666667,12
HyperX,1491,81.4154411764706,6975872042.666667,12
HyperX,1492,81.42463235294117,6975872042.666667,12
HyperX,1493,81.43382352941177,6975872042.666667,12
HyperX,1494,81.44301470588236,6975872042.666667,12
HyperX,1495,81.45220588235294,6975872042.666667,12
HyperX,1496,81.46139705882354,6975872042.666667,12
HyperX,1497,81.47058823529412,6975872042.666667,12
HyperX,1498,81.47977941176471,6975872042.666667,12
HyperX,1499,81.48897058823529,6975872042.666667,12
HyperX,1500,81.49816176470588,6975872042.666667,12
HyperX,1501,81.50735294117648,6975872042.666667,12
HyperX,1502,81.51654411764706,6975872042.666667,12
HyperX,1503,81.52573529411765,6975872042.666667,12
HyperX,1504,81.53492647058823,6975872042.666667,12
HyperX,1505,81.54411764705883,6975872042.666667,12
HyperX,1506,81.5533088235294,6975872042.666667,12
HyperX,1507,81.5625,6975872042.666667,12
HyperX,1508,81.5716911764706,6975872042.666667,12
HyperX,1509,81.58088235294117,6975872042.666667,12
HyperX,1510,81.59007352941175,6975872042.666667,12
HyperX,1511,81.59926470588235,6975872042.666667,12
HyperX,1512,81.60845588235294,6975872042.666667,12
HyperX,1513,81.61764705882352,6975872042.666667,12
HyperX,1514,81.62683823529413,6975872042.666667,12
HyperX,1515,81.63602941176471,6975872042.666667,12
HyperX,1516,81.64522058823529,6975872042.666667,12
HyperX,1517,81.65441176470587,6975872042.666667,12
HyperX,1518,81.66360294117648,6975872042.666667,12
HyperX,1519,81.67279411764706,6975872042.666667,12
HyperX,1520,81.68198529411765,6975872042.666667,12
HyperX,1521,81.69117647058823,6975872042.666667,12
HyperX,1522,81.70036764705883,6975872042.666667,12
HyperX,1523,81.7095588235294,6975872042.666667,12
HyperX,1524,81.71875,6975872042.666667,12
HyperX,1525,81.7279411764706,6975872042.666667,12
HyperX,1526,81.73713235294117,6975872042.666667,12
HyperX,1527,81.74632352941177,6975872042.666667,12
HyperX,1528,81.75551470588235,6975872042.666667,12
HyperX,1529,81.76470588235294,6975872042.666667,12
HyperX,1530,81.77389705882352,6975872042.666667,12
HyperX,1531,81.78308823529413,6975872042.666667,12
HyperX,1532,81.79227941176471,6975872042.666667,12
HyperX,1533,81.80147058823529,6975872042.666667,12
HyperX,1534,81.81066176470588,6975872042.666667,12
HyperX,1535,81.81985294117648,6975872042.666667,12
HyperX,1536,81.82904411764706,6975872042.666667,12
HyperX,1537,81.83823529411764,6975872042.666667,12
HyperX,1538,81.84742647058825,6975872042.666667,12
HyperX,1539,81.85661764705883,6975872042.666667,12
HyperX,1540,81.8658088235294,6975872042.666667,12
HyperX,1541,81.875,6975872042.666667,12
HyperX,1542,81.8841911764706,6975872042.666667,12
HyperX,1543,81.89338235294117,6975872042.666667,12
HyperX,1544,81.90257352941177,6975872042.666667,12
HyperX,1545,81.91176470588236,6975872042.666667,12
HyperX,1546,81.92095588235294,6975872042.666667,12
HyperX,1547,81.93014705882352,6975872042.666667,12
HyperX,1548,81.93933823529412,6975872042.666667,12
HyperX,1549,81.94852941176471,6975872042.666667,12
HyperX,1550,81.95772058823529,6975872042.666667,12
HyperX,1551,81.96691176470588,6975872042.666667,12
HyperX,1552,81.97610294117646,6975872042.666667,12
HyperX,1553,81.98529411764706,6975872042.666667,12
HyperX,1554,81.99448529411764,6975872042.666667,12
HyperX,1555,82.00367647058825,6975872042.666667,12
HyperX,1556,82.01286764705883,6975872042.666667,12
HyperX,1557,82.0220588235294,6975872042.666667,12
HyperX,1558,82.03125,6975872042.666667,12
HyperX,1559,82.0404411764706,6975872042.666667,12
HyperX,1560,82.04963235294117,6975872042.666667,12
HyperX,1561,82.05882352941177,6975872042.666667,12
HyperX,1562,82.06801470588236,6975872042.666667,12
HyperX,1563,82.07720588235294,6975872042.666667,12
HyperX,1564,82.08639705882352,6975872042.666667,12
HyperX,1565,82.09558823529412,6975872042.666667,12
HyperX,1566,82.10477941176471,6975872042.666667,12
HyperX,1567,82.11397058823529,6975872042.666667,12
HyperX,1568,82.12316176470588,6975872042.666667,12
HyperX,1569,82.13235294117648,6975872042.666667,12
HyperX,1570,82.14154411764706,6975872042.666667,12
HyperX,1571,82.15073529411764,6975872042.666667,12
HyperX,1572,82.15992647058823,6975872042.666667,12
HyperX,1573,82.16911764705883,6975872042.666667,12
HyperX,1574,82.1783088235294,6975872042.666667,12
HyperX,1575,82.1875,6975872042.666667,12
HyperX,1576,82.1966911764706,6975872042.666667,12
HyperX,1577,82.20588235294117,6975872042.666667,12
HyperX,1578,82.21507352941177,6975872042.666667,12
HyperX,1579,82.22426470588236,6975872042.666667,12
HyperX,1580,82.23345588235294,6975872042.666667,12
HyperX,1581,82.24264705882354,6975872042.666667,12
HyperX,1582,82.25183823529412,6975872042.666667,12
HyperX,1583,82.26102941176471,6975872042.666667,12
HyperX,1584,82.27022058823529,6975872042.666667,12
HyperX,1585,82.27941176470588,6975872042.666667,12
HyperX,1586,82.28860294117648,6975872042.666667,12
HyperX,1587,82.29779411764706,6975872042.666667,12
HyperX,1588,82.30698529411765,6975872042.666667,12
HyperX,1589,82.31617647058823,6975872042.666667,12
HyperX,1590,82.32536764705883,6975872042.666667,12
HyperX,1591,82.3345588235294,6975872042.666667,12
HyperX,1592,82.34375,6975872042.666667,12
HyperX,1593,82.3529411764706,6975872042.666667,12
HyperX,1594,82.36213235294117,6975872042.666667,12
HyperX,1595,82.37132352941175,6975872042.666667,12
HyperX,1596,82.38051470588235,6975872042.666667,12
HyperX,1597,82.38970588235294,6975872042.666667,12
HyperX,1598,82.39889705882352,6975872042.666667,12
HyperX,1599,82.40808823529413,6975872042.666667,12
HyperX,1600,82.41727941176471,6975872042.666667,12
HyperX,1601,82.42647058823529,6975872042.666667,12
HyperX,1602,82.43566176470587,6975872042.666667,12
HyperX,1603,82.44485294117648,6975872042.666667,12
HyperX,1604,82.45404411764706,6975872042.666667,12
HyperX,1605,82.46323529411765,6975872042.666667,12
HyperX,1606,82.47242647058823,6975872042.666667,12
HyperX,1607,82.48161764705883,6975872042.666667,12
HyperX,1608,82.4908088235294,6975872042.666667,12
HyperX,1609,82.5,6975872042.666667,12
HyperX,1610,82.5091911764706,6975872042.666667,12
HyperX,1611,82.51838235294117,6975872042.666667,12
HyperX,1612,82.52757352941177,6975872042.666667,12
HyperX,1613,82.53676470588235,6975872042.666667,12
HyperX,1614,82.54595588235294,6975872042.666667,12
HyperX,1615,82.55514705882352,6975872042.666667,12
HyperX,1616,82.56433823529413,6975872042.666667,12
HyperX,1617,82.57352941176471,6975872042.666667,12
HyperX,1618,82.58272058823529,6975872042.666667,12
HyperX,1619,82.59191176470588,6975872042.666667,12
HyperX,1620,82.60110294117648,6975872042.666667,12
HyperX,1621,82.61029411764706,6975872042.666667,12
HyperX,1622,82.61948529411764,6975872042.666667,12
HyperX,1623,82.62867647058825,6975872042.666667,12
HyperX,1624,82.63786764705883,6975872042.666667,12
HyperX,1625,82.6470588235294,6975872042.666667,12
HyperX,1626,82.65625,6975872042.666667,12
HyperX,1627,82.6654411764706,6975872042.666667,12
HyperX,1628,82.67463235294117,6975872042.666667,12
HyperX,1629,82.68382352941177,6975872042.666667,12
HyperX,1630,82.69301470588236,6975872042.666667,12
HyperX,1631,82.70220588235294,6975872042.666667,12
HyperX,1632,82.71139705882352,6975872042.666667,12
HyperX,1633,82.72058823529412,6975872042.666667,12
HyperX,1634,82.72977941176471,6975872042.666667,12
HyperX,1635,82.73897058823529,6975872042.666667,12
HyperX,1636,82.74816176470588,6975872042.666667,12
HyperX,1637,82.75735294117646,6975872042.666667,12
HyperX,1638,82.76654411764706,6975872042.666667,12
HyperX,1639,82.77573529411764,6975872042.666667,12
HyperX,1640,82.78492647058825,6975872042.666667,12
HyperX,1641,82.79411764705883,6975872042.666667,12
HyperX,1642,82.8033088235294,6975872042.666667,12
HyperX,1643,82.8125,6975872042.666667,12
HyperX,1644,82.8216911764706,6975872042.666667,12
HyperX,1645,82.83088235294117,6975872042.666667,12
HyperX,1646,82.84007352941177,6975872042.666667,12
HyperX,1647,82.84926470588236,6975872042.666667,12
HyperX,1648,82.85845588235294,6975872042.666667,12
HyperX,1649,82.86764705882352,6975872042.666667,12
HyperX,1650,82.87683823529412,6975872042.666667,12
HyperX,1651,82.88602941176471,6975872042.666667,12
HyperX,1652,82.89522058823529,6975872042.666667,12
HyperX,1653,82.90441176470588,6975872042.666667,12
HyperX,1654,82.91360294117648,6975872042.666667,12
HyperX,1655,82.92279411764706,6975872042.666667,12
HyperX,1656,82.93198529411764,6975872042.666667,12
HyperX,1657,82.94117647058823,6975872042.666667,12
HyperX,1658,82.95036764705883,6975872042.666667,12
HyperX,1659,82.9595588235294,6975872042.666667,12
HyperX,1660,82.96875,6975872042.666667,12
HyperX,1661,82.9779411764706,6975872042.666667,12
HyperX,1662,82.98713235294117,6975872042.666667,12
HyperX,1663,82.99632352941177,6975872042.666667,12
HyperX,1664,83.00551470588236,6975872042.666667,12
HyperX,1665,83.01470588235294,6975872042.666667,12
HyperX,1666,83.02389705882354,6975872042.666667,12
HyperX,1667,83.03308823529412,6975872042.666667,12
HyperX,1668,83.04227941176471,6975872042.666667,12
HyperX,1669,83.05147058823529,6975872042.666667,12
HyperX,1670,83.06066176470588,6975872042.666667,12
HyperX,1671,83.06985294117648,6975872042.666667,12
HyperX,1672,83.07904411764706,6975872042.666667,12
HyperX,1673,83.08823529411765,6975872042.666667,12
HyperX,1674,83.09742647058823,6975872042.666667,12
HyperX,1675,83.10661764705883,6975872042.666667,12
HyperX,1676,83.1158088235294,6975872042.666667,12
HyperX,1677,83.125,6975872042.666667,12
HyperX,1678,83.1341911764706,6975872042.666667,12
HyperX,1679,83.14338235294117,6975872042.666667,12
HyperX,1680,83.15257352941175,6975872042.666667,12
HyperX,1681,83.16176470588235,6975872042.666667,12
HyperX,1682,83.17095588235294,6975872042.666667,12
HyperX,1683,83.18014705882352,6975872042.666667,12
HyperX,1684,83.18933823529413,6975872042.666667,12
HyperX,1685,83.19852941176471,6975872042.666667,12
HyperX,1686,83.20772058823529,6975872042.666667,12
HyperX,1687,83.21691176470587,6975872042.666667,12
HyperX,1688,83.22610294117648,6975872042.666667,12
HyperX,1689,83.23529411764706,6975872042.666667,12
HyperX,1690,83.24448529411765,6975872042.666667,12
HyperX,1691,83.25367647058823,6975872042.666667,12
HyperX,1692,83.26286764705883,6975872042.666667,12
HyperX,1693,83.2720588235294,6975872042.666667,12
HyperX,1694,83.28125,6975872042.666667,12
HyperX,1695,83.2904411764706,6975872042.666667,12
HyperX,1696,83.29963235294117,6975872042.666667,12
HyperX,1697,83.30882352941177,6975872042.666667,12
HyperX,1698,83.31801470588235,6975872042.666667,12
HyperX,1699,83.32720588235294,6975872042.666667,12
HyperX,1700,83.33639705882352,6975872042.666667,12
HyperX,1701,83.34558823529413,6975872042.666667,12
HyperX,1702,83.35477941176471,6975872042.666667,12
HyperX,1703,83.36397058823529,6975872042.666667,12
HyperX,1704,83.37316176470588,6975872042.666667,12
HyperX,1705,83.38235294117648,6975872042.666667,12
HyperX,1706,83.39154411764706,6975872042.666667,12
HyperX,1707,83.40073529411764,6975872042.666667,12
HyperX,1708,83.40992647058825,6975872042.666667,12
HyperX,1709,83.41911764705883,6975872042.666667,12
HyperX,1710,83.4283088235294,6975872042.666667,12
HyperX,1711,83.4375,6975872042.666667,12
HyperX,1712,83.4466911764706,6975872042.666667,12
HyperX,1713,83.45588235294117,6975872042.666667,12
HyperX,1714,83.46507352941177,6975872042.666667,12
HyperX,1715,83.47426470588236,6975872042.666667,12
HyperX,1716,83.48345588235294,6975872042.666667,12
HyperX,1717,83.49264705882352,6975872042.666667,12
HyperX,1718,83.50183823529412,6975872042.666667,12
HyperX,1719,83.51102941176471,6975872042.666667,12
HyperX,1720,83.52022058823529,6975872042.666667,12
HyperX,1721,83.52941176470588,6975872042.666667,12
HyperX,1722,83.53860294117646,6975872042.666667,12
HyperX,1723,83.54779411764706,6975872042.666667,12
HyperX,1724,83.55698529411764,6975872042.666667,12
HyperX,1725,83.56617647058825,6975872042.666667,12
HyperX,1726,83.57536764705883,6975872042.666667,12
HyperX,1727,83.5845588235294,6975872042.666667,12
HyperX,1728,83.59375,6975872042.666667,12
HyperX,1729,83.6029411764706,6975872042.666667,12
HyperX,1730,83.61213235294117,6975872042.666667,12
HyperX,1731,83.62132352941177,6975872042.666667,12
HyperX,1732,83.63051470588236,6975872042.666667,12
HyperX,1733,83.63970588235294,6975872042.666667,12
HyperX,1734,83.64889705882352,6975872042.666667,12
HyperX,1735,83.65808823529412,6975872042.666667,12
HyperX,1736,83.66727941176471,6975872042.666667,12
HyperX,1737,83.67647058823529,6975872042.666667,12
HyperX,1738,83.68566176470588,6975872042.666667,12
HyperX,1739,83.69485294117648,6975872042.666667,12
HyperX,1740,83.70404411764706,6975872042.666667,12
HyperX,1741,83.71323529411764,6975872042.666667,12
HyperX,1742,83.72242647058823,6975872042.666667,12
HyperX,1743,83.73161764705883,6975872042.666667,12
HyperX,1744,83.7408088235294,6975872042.666667,12
HyperX,1745,83.75,6975872042.666667,12
HyperX,1746,83.7591911764706,6975872042.666667,12
HyperX,1747,83.76838235294117,6975872042.666667,12
HyperX,1748,83.77757352941177,6975872042.666667,12
HyperX,1749,83.78676470588236,6975872042.666667,12
HyperX,1750,83.79595588235294,6975872042.666667,12
HyperX,1751,83.80514705882354,6975872042.666667,12
HyperX,1752,83.81433823529412,6975872042.666667,12
HyperX,1753,83.82352941176471,6975872042.666667,12
HyperX,1754,83.83272058823529,6975872042.666667,12
HyperX,1755,83.84191176470588,6975872042.666667,12
HyperX,1756,83.85110294117648,6975872042.666667,12
HyperX,1757,83.86029411764706,6975872042.666667,12
HyperX,1758,83.86948529411765,6975872042.666667,12
HyperX,1759,83.87867647058823,6975872042.666667,12
HyperX,1760,83.88786764705883,6975872042.666667,12
HyperX,1761,83.8970588235294,6975872042.666667,12
HyperX,1762,83.90625,6975872042.666667,12
HyperX,1763,83.9154411764706,6975872042.666667,12
HyperX,1764,83.92463235294117,6975872042.666667,12
HyperX,1765,83.93382352941175,6975872042.666667,12
HyperX,1766,83.94301470588235,6975872042.666667,12
HyperX,1767,83.95220588235294,6975872042.666667,12
HyperX,1768,83.96139705882352,6975872042.666667,12
HyperX,1769,83.97058823529413,6975872042.666667,12
HyperX,1770,83.97977941176471,6975872042.666667,12
HyperX,1771,83.98897058823529,6975872042.666667,12
HyperX,1772,83.99816176470587,6975872042.666667,12
HyperX,1773,84.00735294117648,6975872042.666667,12
HyperX,1774,84.01654411764706,6975872042.666667,12
HyperX,1775,84.02573529411765,6975872042.666667,12
HyperX,1776,84.03492647058823,6975872042.666667,12
HyperX,1777,84.04411764705883,6975872042.666667,12
HyperX,1778,84.0533088235294,6975872042.666667,12
HyperX,1779,84.0625,6975872042.666667,12
HyperX,1780,84.0716911764706,6975872042.666667,12
HyperX,1781,84.08088235294117,6975872042.666667,12
HyperX,1782,84.09007352941177,6975872042.666667,12
HyperX,1783,84.09926470588235,6975872042.666667,12
HyperX,1784,84.10845588235294,6975872042.666667,12
HyperX,1785,84.11764705882352,6975872042.666667,12
HyperX,1786,84.12683823529413,6975872042.666667,12
HyperX,1787,84.13602941176471,6975872042.666667,12
HyperX,1788,84.14522058823529,6975872042.666667,12
HyperX,1789,84.15441176470588,6975872042.666667,12
HyperX,1790,84.16360294117648,6975872042.666667,12
HyperX,1791,84.17279411764706,6975872042.666667,12
HyperX,1792,84.18198529411764,6975872042.666667,12
HyperX,1793,84.19117647058825,6975872042.666667,12
HyperX,1794,84.20036764705883,6975872042.666667,12
HyperX,1795,84.2095588235294,6975872042.666667,12
HyperX,1796,84.21875,6975872042.666667,12
HyperX,1797,84.2279411764706,6975872042.666667,12
HyperX,1798,84.23713235294117,6975872042.666667,12
HyperX,1799,84.24632352941177,6975872042.666667,12
HyperX,1800,84.25551470588236,6975872042.666667,12
HyperX,1801,84.26470588235294,6975872042.666667,12
HyperX,1802,84.27389705882352,6975872042.666667,12
HyperX,1803,84.28308823529412,6975872042.666667,12
HyperX,1804,84.29227941176471,6975872042.666667,12
HyperX,1805,84.30147058823529,6975872042.666667,12
HyperX,1806,84.31066176470588,6975872042.666667,12
HyperX,1807,84.31985294117646,6975872042.666667,12
HyperX,1808,84.32904411764706,6975872042.666667,12
HyperX,1809,84.33823529411764,6975872042.666667,12
HyperX,1810,84.34742647058825,6975872042.666667,12
HyperX,1811,84.35661764705883,6975872042.666667,12
HyperX,1812,84.3658088235294,6975872042.666667,12
HyperX,1813,84.375,6975872042.666667,12
HyperX,1814,84.3841911764706,6975872042.666667,12
HyperX,1815,84.39338235294117,6975872042.666667,12
HyperX,1816,84.40257352941177,6975872042.666667,12
HyperX,1817,84.41176470588236,6975872042.666667,12
HyperX,1818,84.42095588235294,6975872042.666667,12
HyperX,1819,84.43014705882352,6975872042.666667,12
HyperX,1820,84.43933823529412,6975872042.666667,12
HyperX,1821,84.44852941176471,6975872042.666667,12
HyperX,1822,84.45772058823529,6975872042.666667,12
HyperX,1823,84.46691176470588,6975872042.666667,12
HyperX,1824,84.47610294117648,6975872042.666667,12
HyperX,1825,84.48529411764706,6975872042.666667,12
HyperX,1826,84.49448529411764,6975872042.666667,12
HyperX,1827,84.50367647058823,6975872042.666667,12
HyperX,1828,84.51286764705883,6975872042.666667,12
HyperX,1829,84.5220588235294,6975872042.666667,12
HyperX,1830,84.53125,6975872042.666667,12
HyperX,1831,84.5404411764706,6975872042.666667,12
HyperX,1832,84.54963235294117,6975872042.666667,12
HyperX,1833,84.55882352941177,6975872042.666667,12
HyperX,1834,84.56801470588236,6975872042.666667,12
HyperX,1835,84.57720588235294,6975872042.666667,12
HyperX,1836,84.58639705882354,6975872042.666667,12
HyperX,1837,84.59558823529412,6975872042.666667,12
HyperX,1838,84.60477941176471,6975872042.666667,12
HyperX,1839,84.61397058823529,6975872042.666667,12
HyperX,1840,84.62316176470588,6975872042.666667,12
HyperX,1841,84.63235294117648,6975872042.666667,12
HyperX,1842,84.64154411764706,6975872042.666667,12
HyperX,1843,84.65073529411765,6975872042.666667,12
HyperX,1844,84.65992647058823,6975872042.666667,12
HyperX,1845,84.66911764705883,6975872042.666667,12
HyperX,1846,84.6783088235294,6975872042.666667,12
HyperX,1847,84.6875,6975872042.666667,12
HyperX,1848,84.6966911764706,6975872042.666667,12
HyperX,1849,84.70588235294117,6975872042.666667,12
HyperX,1850,84.71507352941175,6975872042.666667,12
HyperX,1851,84.72426470588235,6975872042.666667,12
HyperX,1852,84.73345588235294,6975872042.666667,12
HyperX,1853,84.74264705882352,6975872042.666667,12
HyperX,1854,84.75183823529413,6975872042.666667,12
HyperX,1855,84.76102941176471,6975872042.666667,12
HyperX,1856,84.77022058823529,6975872042.666667,12
HyperX,1857,84.77941176470587,6975872042.666667,12
HyperX,1858,84.78860294117648,6975872042.666667,12
HyperX,1859,84.79779411764706,6975872042.666667,12
HyperX,1860,84.80698529411765,6975872042.666667,12
HyperX,1861,84.81617647058823,6975872042.666667,12
HyperX,1862,84.82536764705883,6975872042.666667,12
HyperX,1863,84.8345588235294,6975872042.666667,12
HyperX,1864,84.84375,6975872042.666667,12
HyperX,1865,84.8529411764706,6975872042.666667,12
HyperX,1866,84.86213235294117,6975872042.666667,12
HyperX,1867,84.87132352941177,6975872042.666667,12
HyperX,1868,84.88051470588235,6975872042.666667,12
HyperX,1869,84.88970588235294,6975872042.666667,12
HyperX,1870,84.89889705882352,6975872042.666667,12
HyperX,1871,84.90808823529413,6975872042.666667,12
HyperX,1872,84.91727941176471,6975872042.666667,12
HyperX,1873,84.92647058823529,6975872042.666667,12
HyperX,1874,84.93566176470588,6975872042.666667,12
HyperX,1875,84.94485294117648,6975872042.666667,12
HyperX,1876,84.95404411764706,6975872042.666667,12
HyperX,1877,84.96323529411764,6975872042.666667,12
HyperX,1878,84.97242647058825,6975872042.666667,12
HyperX,1879,84.98161764705883,6975872042.666667,12
HyperX,1880,84.9908088235294,6975872042.666667,12
HyperX,1881,85.0,6975872042.666667,12
HyperX,1882,85.0091911764706,6975872042.666667,12
HyperX,1883,85.01838235294117,6975872042.666667,12
HyperX,1884,85.02757352941177,6975872042.666667,12
HyperX,1885,85.03676470588236,6975872042.666667,12
HyperX,1886,85.04595588235294,6975872042.666667,12
HyperX,1887,85.05514705882352,6975872042.666667,12
HyperX,1888,85.06433823529412,6975872042.666667,12
HyperX,1889,85.07352941176471,6975872042.666667,12
HyperX,1890,85.08272058823529,6975872042.666667,12
HyperX,1891,85.09191176470588,6975872042.666667,12
HyperX,1892,85.10110294117646,6975872042.666667,12
HyperX,1893,85.11029411764706,6975872042.666667,12
HyperX,1894,85.11948529411764,6975872042.666667,12
HyperX,1895,85.12867647058825,6975872042.666667,12
HyperX,1896,85.13786764705883,6975872042.666667,12
HyperX,1897,85.1470588235294,6975872042.666667,12
HyperX,1898,85.15625,6975872042.666667,12
HyperX,1899,85.1654411764706,6975872042.666667,12
HyperX,1900,85.17463235294117,6975872042.666667,12
HyperX,1901,85.18382352941177,6975872042.666667,12
HyperX,1902,85.19301470588236,6975872042.666667,12
HyperX,1903,85.20220588235294,6975872042.666667,12
HyperX,1904,85.21139705882352,6975872042.666667,12
HyperX,1905,85.22058823529412,6975872042.666667,12
HyperX,1906,85.22977941176471,6975872042.666667,12
HyperX,1907,85.23897058823529,6975872042.666667,12
HyperX,1908,85.24816176470588,6975872042.666667,12
HyperX,1909,85.25735294117648,6975872042.666667,12
HyperX,1910,85.26654411764706,6975872042.666667,12
HyperX,1911,85.27573529411764,6975872042.666667,12
HyperX,1912,85.28492647058823,6975872042.666667,12
HyperX,1913,85.29411764705883,6975872042.666667,12
HyperX,1914,85.3033088235294,6975872042.666667,12
HyperX,1915,85.3125,6975872042.666667,12
HyperX,1916,85.3216911764706,6975872042.666667,12
HyperX,1917,85.33088235294117,6975872042.666667,12
HyperX,1918,85.34007352941177,6975872042.666667,12
HyperX,1919,85.34926470588236,6975872042.666667,12
HyperX,1920,85.35845588235294,6975872042.666667,12
HyperX,1921,85.36764705882354,6975872042.666667,12
HyperX,1922,85.37683823529413,7154475483.555554,12
HyperX,1923,85.3860294117647,7154475483.555554,12
HyperX,1924,85.39522058823529,7154475483.555554,12
HyperX,1925,85.40441176470587,7154475483.555554,12
HyperX,1926,85.41360294117646,7154475483.555554,12
HyperX,1927,85.42279411764706,7154475483.555554,12
HyperX,1928,85.43198529411764,7154475483.555554,12
HyperX,1929,85.44117647058823,7154475483.555554,12
HyperX,1930,85.45036764705883,7154475483.555554,12
HyperX,1931,85.4595588235294,7154475483.555554,12
HyperX,1932,85.46875,7154475483.555554,12
HyperX,1933,85.4779411764706,7154475483.555554,12
HyperX,1934,85.48713235294117,7154475483.555554,12
HyperX,1935,85.49632352941177,7154475483.555554,12
HyperX,1936,85.50551470588236,7154475483.555554,12
HyperX,1937,85.51470588235294,7154475483.555554,12
HyperX,1938,85.52389705882354,7154475483.555554,12
HyperX,1939,85.53308823529413,7154475483.555554,12
HyperX,1940,85.54227941176471,7154475483.555554,12
HyperX,1941,85.55147058823529,7154475483.555554,12
HyperX,1942,85.56066176470587,7154475483.555554,12
HyperX,1943,85.56985294117646,7154475483.555554,12
HyperX,1944,85.57904411764707,7154475483.555554,12
HyperX,1945,85.58823529411764,7154475483.555554,12
HyperX,1946,85.59742647058823,7154475483.555554,12
HyperX,1947,85.60661764705883,7154475483.555554,12
HyperX,1948,85.6158088235294,7154475483.555554,12
HyperX,1949,85.625,7154475483.555554,12
HyperX,1950,85.6341911764706,7154475483.555554,12
HyperX,1951,85.64338235294117,7154475483.555554,12
HyperX,1952,85.65257352941177,7154475483.555554,12
HyperX,1953,85.66176470588236,7154475483.555554,12
HyperX,1954,85.67095588235294,7351762367.111112,12
HyperX,1955,85.68014705882354,7351762367.111112,12
HyperX,1956,85.68933823529413,7351762367.111112,12
HyperX,1957,85.69852941176471,7351762367.111112,12
HyperX,1958,85.70772058823529,7351762367.111112,12
HyperX,1959,85.71691176470587,7351762367.111112,12
HyperX,1960,85.72610294117646,7351762367.111112,12
HyperX,1961,85.73529411764706,7351762367.111112,12
HyperX,1962,85.74448529411764,7351762367.111112,12
HyperX,1963,85.75367647058823,7351762367.111112,12
HyperX,1964,85.76286764705883,7351762367.111112,12
HyperX,1965,85.7720588235294,7351762367.111112,12
HyperX,1966,85.78125,7351762367.111112,12
HyperX,1967,85.7904411764706,7351762367.111112,12
HyperX,1968,85.79963235294117,7351762367.111112,12
HyperX,1969,85.80882352941177,7351762367.111112,12
HyperX,1970,85.81801470588236,7351762367.111112,12
HyperX,1971,85.82720588235294,7351762367.111112,12
HyperX,1972,85.83639705882354,7351762367.111112,12
HyperX,1973,85.8455882352941,7351762367.111112,12
HyperX,1974,85.8547794117647,7351762367.111112,12
HyperX,1975,85.8639705882353,7351762367.111112,12
HyperX,1976,85.8731617647059,7351762367.111112,12
HyperX,1977,85.88235294117646,7351762367.111112,12
HyperX,1978,85.89154411764706,7351762367.111112,12
HyperX,1979,85.90073529411764,7351762367.111112,12
HyperX,1980,85.90992647058823,7351762367.111112,12
HyperX,1981,85.91911764705883,7351762367.111112,12
HyperX,1982,85.9283088235294,7351762367.111112,12
HyperX,1983,85.9375,7351762367.111112,12
HyperX,1984,85.9466911764706,7351762367.111112,12
HyperX,1985,85.95588235294117,7351762367.111112,12
HyperX,1986,85.96507352941177,7722298690.666667,12
HyperX,1987,85.97426470588236,7722298690.666667,12
HyperX,1988,85.98345588235294,7722298690.666667,12
HyperX,1989,85.99264705882352,7722298690.666667,12
HyperX,1990,86.0018382352941,7722298690.666667,12
HyperX,1991,86.0110294117647,7722298690.666667,12
HyperX,1992,86.0202205882353,7722298690.666667,12
HyperX,1993,86.0294117647059,7722298690.666667,12
HyperX,1994,86.03860294117646,7722298690.666667,12
HyperX,1995,86.04779411764706,7722298690.666667,12
HyperX,1996,86.05698529411764,7722298690.666667,12
HyperX,1997,86.06617647058823,7722298690.666667,12
HyperX,1998,86.07536764705883,7722298690.666667,12
HyperX,1999,86.0845588235294,7722298690.666667,12
HyperX,2000,86.09375,7722298690.666667,12
HyperX,2001,86.1029411764706,7722298690.666667,12
HyperX,2002,86.11213235294117,7722298690.666667,12
HyperX,2003,86.12132352941177,7722298690.666667,12
HyperX,2004,86.13051470588236,7722298690.666667,12
HyperX,2005,86.13970588235294,7722298690.666667,12
HyperX,2006,86.14889705882354,7722298690.666667,12
HyperX,2007,86.15808823529413,7722298690.666667,12
HyperX,2008,86.1672794117647,7722298690.666667,12
HyperX,2009,86.17647058823529,7722298690.666667,12
HyperX,2010,86.18566176470587,7722298690.666667,12
HyperX,2011,86.19485294117646,7722298690.666667,12
HyperX,2012,86.20404411764706,7722298690.666667,12
HyperX,2013,86.21323529411764,7722298690.666667,12
HyperX,2014,86.22242647058823,7722298690.666667,12
HyperX,2015,86.23161764705883,7722298690.666667,12
HyperX,2016,86.2408088235294,7722298690.666667,12
HyperX,2017,86.25,7722298690.666667,12
HyperX,2018,86.2591911764706,7722298690.666667,12
HyperX,2019,86.26838235294117,7722298690.666667,12
HyperX,2020,86.27757352941177,7722298690.666667,12
HyperX,2021,86.28676470588236,7722298690.666667,12
HyperX,2022,86.29595588235294,7722298690.666667,12
HyperX,2023,86.30514705882354,7722298690.666667,12
HyperX,2024,86.31433823529413,7722298690.666667,12
HyperX,2025,86.32352941176471,7722298690.666667,12
HyperX,2026,86.33272058823529,7722298690.666667,12
HyperX,2027,86.34191176470587,7722298690.666667,12
HyperX,2028,86.35110294117646,7722298690.666667,12
HyperX,2029,86.36029411764707,7722298690.666667,12
HyperX,2030,86.36948529411764,7722298690.666667,12
HyperX,2031,86.37867647058823,7722298690.666667,12
HyperX,2032,86.38786764705883,7722298690.666667,12
HyperX,2033,86.3970588235294,7722298690.666667,12
HyperX,2034,86.40625,7722298690.666667,12
HyperX,2035,86.4154411764706,7722298690.666667,12
HyperX,2036,86.42463235294117,7722298690.666667,12
HyperX,2037,86.43382352941177,7722298690.666667,12
HyperX,2038,86.44301470588236,7722298690.666667,12
HyperX,2039,86.45220588235294,7722298690.666667,12
HyperX,2040,86.46139705882354,7722298690.666667,12
HyperX,2041,86.47058823529413,7722298690.666667,12
HyperX,2042,86.47977941176471,7722298690.666667,12
HyperX,2043,86.48897058823529,7722298690.666667,12
HyperX,2044,86.49816176470587,7722298690.666667,12
HyperX,2045,86.50735294117646,7722298690.666667,12
HyperX,2046,86.51654411764706,7722298690.666667,12
HyperX,2047,86.52573529411764,7722298690.666667,12
HyperX,2048,86.53492647058823,7722298690.666667,12
HyperX,2049,86.54411764705883,7722298690.666667,12
HyperX,2050,86.5533088235294,7880104137.777778,12
HyperX,2051,86.5625,7880104137.777778,12
HyperX,2052,86.5716911764706,7880104137.777778,12
HyperX,2053,86.58088235294117,7880104137.777778,12
HyperX,2054,86.59007352941177,7880104137.777778,12
HyperX,2055,86.59926470588236,7880104137.777778,12
HyperX,2056,86.60845588235294,7880104137.777778,12
HyperX,2057,86.61764705882354,7880104137.777778,12
HyperX,2058,86.6268382352941,7880104137.777778,12
HyperX,2059,86.6360294117647,7880104137.777778,12
HyperX,2060,86.6452205882353,7880104137.777778,12
HyperX,2061,86.6544117647059,7880104137.777778,12
HyperX,2062,86.66360294117646,7880104137.777778,12
HyperX,2063,86.67279411764706,7880104137.777778,12
HyperX,2064,86.68198529411764,7880104137.777778,12
HyperX,2065,86.69117647058823,7880104137.777778,12
HyperX,2066,86.70036764705883,7880104137.777778,12
HyperX,2067,86.7095588235294,7880104137.777778,12
HyperX,2068,86.71875,7880104137.777778,12
HyperX,2069,86.7279411764706,7880104137.777778,12
HyperX,2070,86.73713235294117,7880104137.777778,12
HyperX,2071,86.74632352941177,7880104137.777778,12
HyperX,2072,86.75551470588236,7880104137.777778,12
HyperX,2073,86.76470588235294,7880104137.777778,12
HyperX,2074,86.77389705882352,7880104137.777778,12
HyperX,2075,86.7830882352941,7880104137.777778,12
HyperX,2076,86.7922794117647,7880104137.777778,12
HyperX,2077,86.8014705882353,7880104137.777778,12
HyperX,2078,86.8106617647059,7880104137.777778,12
HyperX,2079,86.81985294117646,7880104137.777778,12
HyperX,2080,86.82904411764706,7880104137.777778,12
HyperX,2081,86.83823529411764,7880104137.777778,12
HyperX,2082,86.84742647058823,7913263206.222222,12
HyperX,2083,86.85661764705883,7913263206.222222,12
HyperX,2084,86.8658088235294,7913263206.222222,12
HyperX,2085,86.875,7913263206.222222,12
HyperX,2086,86.8841911764706,7913263206.222222,12
HyperX,2087,86.89338235294117,7913263206.222222,12
HyperX,2088,86.90257352941177,7913263206.222222,12
HyperX,2089,86.91176470588236,7913263206.222222,12
HyperX,2090,86.92095588235294,7913263206.222222,12
HyperX,2091,86.93014705882354,7913263206.222222,12
HyperX,2092,86.93933823529413,7913263206.222222,12
HyperX,2093,86.9485294117647,7913263206.222222,12
HyperX,2094,86.95772058823529,7913263206.222222,12
HyperX,2095,86.96691176470587,7913263206.222222,12
HyperX,2096,86.97610294117646,7913263206.222222,12
HyperX,2097,86.98529411764706,7913263206.222222,12
HyperX,2098,86.99448529411764,7913263206.222222,12
HyperX,2099,87.00367647058823,7913263206.222222,12
HyperX,2100,87.01286764705883,7913263206.222222,12
HyperX,2101,87.0220588235294,7913263206.222222,12
HyperX,2102,87.03125,7913263206.222222,12
HyperX,2103,87.0404411764706,7913263206.222222,12
HyperX,2104,87.04963235294117,7913263206.222222,12
HyperX,2105,87.05882352941177,7913263206.222222,12
HyperX,2106,87.06801470588236,7913263206.222222,12
HyperX,2107,87.07720588235294,7913263206.222222,12
HyperX,2108,87.08639705882354,7913263206.222222,12
HyperX,2109,87.09558823529413,7913263206.222222,12
HyperX,2110,87.10477941176471,7913263206.222222,12
HyperX,2111,87.11397058823529,7913263206.222222,12
HyperX,2112,87.12316176470587,7913263206.222222,12
HyperX,2113,87.13235294117646,7913263206.222222,12
HyperX,2114,87.14154411764707,63016804157.333336,12
HyperX,2115,87.15073529411764,63016804157.333336,12
HyperX,2116,87.15992647058823,63016804157.333336,12
HyperX,2117,87.16911764705883,63016804157.333336,12
HyperX,2118,87.1783088235294,63016804157.333336,12
HyperX,2119,87.1875,63016804157.333336,12
HyperX,2120,87.1966911764706,63016804157.333336,12
HyperX,2121,87.20588235294117,63016804157.333336,12
HyperX,2122,87.21507352941177,63016804157.333336,12
HyperX,2123,87.22426470588236,63016804157.333336,12
HyperX,2124,87.23345588235294,63016804157.333336,12
HyperX,2125,87.24264705882354,63016804157.333336,12
HyperX,2126,87.25183823529413,63016804157.333336,12
HyperX,2127,87.26102941176471,63016804157.333336,12
HyperX,2128,87.27022058823529,63016804157.333336,12
HyperX,2129,87.27941176470587,63016804157.333336,12
HyperX,2130,87.28860294117646,63016804157.333336,12
HyperX,2131,87.29779411764706,63016804157.333336,12
HyperX,2132,87.30698529411764,63016804157.333336,12
HyperX,2133,87.31617647058823,63016804157.333336,12
HyperX,2134,87.32536764705883,63016804157.333336,12
HyperX,2135,87.3345588235294,63016804157.333336,12
HyperX,2136,87.34375,63016804157.333336,12
HyperX,2137,87.3529411764706,63016804157.333336,12
HyperX,2138,87.36213235294117,63016804157.333336,12
HyperX,2139,87.37132352941177,63016804157.333336,12
HyperX,2140,87.38051470588236,63016804157.333336,12
HyperX,2141,87.38970588235294,63016804157.333336,12
HyperX,2142,87.39889705882354,63016804157.333336,12
HyperX,2143,87.4080882352941,63016804157.333336,12
HyperX,2144,87.4172794117647,63016804157.333336,12
HyperX,2145,87.4264705882353,63016804157.333336,12
HyperX,2146,87.4356617647059,63016804157.333336,12
HyperX,2147,87.44485294117646,63016804157.333336,12
HyperX,2148,87.45404411764706,63016804157.333336,12
HyperX,2149,87.46323529411764,63016804157.333336,12
HyperX,2150,87.47242647058823,63016804157.333336,12
HyperX,2151,87.48161764705883,63016804157.333336,12
HyperX,2152,87.4908088235294,63016804157.333336,12
HyperX,2153,87.5,63016804157.333336,12
HyperX,2154,87.5091911764706,63016804157.333336,12
HyperX,2155,87.51838235294117,63016804157.333336,12
HyperX,2156,87.52757352941177,63016804157.333336,12
HyperX,2157,87.53676470588236,63016804157.333336,12
HyperX,2158,87.54595588235294,63016804157.333336,12
HyperX,2159,87.55514705882352,63016804157.333336,12
HyperX,2160,87.5643382352941,63016804157.333336,12
HyperX,2161,87.5735294117647,63016804157.333336,12
HyperX,2162,87.5827205882353,63016804157.333336,12
HyperX,2163,87.5919117647059,63016804157.333336,12
HyperX,2164,87.60110294117646,63016804157.333336,12
HyperX,2165,87.61029411764706,63016804157.333336,12
HyperX,2166,87.61948529411764,63016804157.333336,12
HyperX,2167,87.62867647058823,63016804157.333336,12
HyperX,2168,87.63786764705883,63016804157.333336,12
HyperX,2169,87.6470588235294,63016804157.333336,12
HyperX,2170,87.65625,63016804157.333336,12
HyperX,2171,87.6654411764706,63016804157.333336,12
HyperX,2172,87.67463235294117,63016804157.333336,12
HyperX,2173,87.68382352941177,63016804157.333336,12
HyperX,2174,87.69301470588236,63016804157.333336,12
HyperX,2175,87.70220588235294,63016804157.333336,12
HyperX,2176,87.71139705882354,63016804157.333336,12
HyperX,2177,87.72058823529413,63016804157.333336,12
HyperX,2178,87.7297794117647,82477909440.0,12
HyperX,2179,87.73897058823529,82477909440.0,12
HyperX,2180,87.74816176470587,82477909440.0,12
HyperX,2181,87.75735294117646,82477909440.0,12
HyperX,2182,87.76654411764706,82477909440.0,12
HyperX,2183,87.77573529411764,82477909440.0,12
HyperX,2184,87.78492647058823,82477909440.0,12
HyperX,2185,87.79411764705883,82477909440.0,12
HyperX,2186,87.8033088235294,82477909440.0,12
HyperX,2187,87.8125,82477909440.0,12
HyperX,2188,87.8216911764706,82477909440.0,12
HyperX,2189,87.83088235294117,82477909440.0,12
HyperX,2190,87.84007352941177,82477909440.0,12
HyperX,2191,87.84926470588236,82477909440.0,12
HyperX,2192,87.85845588235294,82477909440.0,12
HyperX,2193,87.86764705882354,82477909440.0,12
HyperX,2194,87.87683823529413,87788822890.66667,12
HyperX,2195,87.88602941176471,87788822890.66667,12
HyperX,2196,87.89522058823529,87788822890.66667,12
HyperX,2197,87.90441176470587,87788822890.66667,12
HyperX,2198,87.91360294117646,87788822890.66667,12
HyperX,2199,87.92279411764707,87788822890.66667,12
HyperX,2200,87.93198529411764,87788822890.66667,12
HyperX,2201,87.94117647058823,87788822890.66667,12
HyperX,2202,87.95036764705883,87788822890.66667,12
HyperX,2203,87.9595588235294,87788822890.66667,12
HyperX,2204,87.96875,87788822890.66667,12
HyperX,2205,87.9779411764706,87788822890.66667,12
HyperX,2206,87.98713235294117,87788822890.66667,12
HyperX,2207,87.99632352941177,87788822890.66667,12
HyperX,2208,88.00551470588236,87788822890.66667,12
HyperX,2209,88.01470588235294,87788822890.66667,12
HyperX,2210,88.02389705882354,93099736341.33333,12
HyperX,2211,88.03308823529413,93099736341.33333,12
HyperX,2212,88.04227941176471,93099736341.33333,12
HyperX,2213,88.05147058823529,93099736341.33333,12
HyperX,2214,88.06066176470587,93099736341.33333,12
HyperX,2215,88.06985294117646,93099736341.33333,12
HyperX,2216,88.07904411764706,93099736341.33333,12
HyperX,2217,88.08823529411764,93099736341.33333,12
HyperX,2218,88.09742647058823,93099736341.33333,12
HyperX,2219,88.10661764705883,93099736341.33333,12
HyperX,2220,88.1158088235294,93099736341.33333,12
HyperX,2221,88.125,93099736341.33333,12
HyperX,2222,88.1341911764706,93099736341.33333,12
HyperX,2223,88.14338235294117,93099736341.33333,12
HyperX,2224,88.15257352941177,93099736341.33333,12
HyperX,2225,88.16176470588236,93099736341.33333,12
HyperX,2226,88.17095588235294,93099736341.33333,12
HyperX,2227,88.18014705882354,93099736341.33333,12
HyperX,2228,88.1893382352941,93099736341.33333,12
HyperX,2229,88.1985294117647,93099736341.33333,12
HyperX,2230,88.2077205882353,93099736341.33333,12
HyperX,2231,88.2169117647059,93099736341.33333,12
HyperX,2232,88.22610294117646,93099736341.33333,12
HyperX,2233,88.23529411764706,93099736341.33333,12
HyperX,2234,88.24448529411764,93099736341.33333,12
HyperX,2235,88.25367647058823,93099736341.33333,12
HyperX,2236,88.26286764705883,93099736341.33333,12
HyperX,2237,88.2720588235294,93099736341.33333,12
HyperX,2238,88.28125,93099736341.33333,12
HyperX,2239,88.2904411764706,93099736341.33333,12
HyperX,2240,88.29963235294117,93099736341.33333,12
HyperX,2241,88.30882352941177,93099736341.33333,12
HyperX,2242,88.31801470588236,149265557237.33334,12
HyperX,2243,88.32720588235294,149265557237.33334,12
HyperX,2244,88.33639705882352,149265557237.33334,12
HyperX,2245,88.3455882352941,149265557237.33334,12
HyperX,2246,88.3547794117647,149265557237.33334,12
HyperX,2247,88.3639705882353,149265557237.33334,12
HyperX,2248,88.3731617647059,149265557237.33334,12
HyperX,2249,88.38235294117646,149265557237.33334,12
HyperX,2250,88.39154411764706,149265557237.33334,12
HyperX,2251,88.40073529411764,149265557237.33334,12
HyperX,2252,88.40992647058823,149265557237.33334,12
HyperX,2253,88.41911764705883,149265557237.33334,12
HyperX,2254,88.4283088235294,149265557237.33334,12
HyperX,2255,88.4375,149265557237.33334,12
HyperX,2256,88.4466911764706,149265557237.33334,12
HyperX,2257,88.45588235294117,149265557237.33334,12
HyperX,2258,88.46507352941177,149265557237.33334,12
HyperX,2259,88.47426470588236,149265557237.33334,12
HyperX,2260,88.48345588235294,149265557237.33334,12
HyperX,2261,88.49264705882354,149265557237.33334,12
HyperX,2262,88.50183823529413,149265557237.33334,12
HyperX,2263,88.5110294117647,149265557237.33334,12
HyperX,2264,88.52022058823529,149265557237.33334,12
HyperX,2265,88.52941176470587,149265557237.33334,12
HyperX,2266,88.53860294117646,149265557237.33334,12
HyperX,2267,88.54779411764706,149265557237.33334,12
HyperX,2268,88.55698529411764,149265557237.33334,12
HyperX,2269,88.56617647058823,149265557237.33334,12
HyperX,2270,88.57536764705883,149265557237.33334,12
HyperX,2271,88.5845588235294,149265557237.33334,12
HyperX,2272,88.59375,149265557237.33334,12
HyperX,2273,88.6029411764706,149265557237.33334,12
HyperX,2274,88.61213235294117,165198297589.3333,12
HyperX,2275,88.62132352941177,165198297589.3333,12
HyperX,2276,88.63051470588236,165198297589.3333,12
HyperX,2277,88.63970588235294,165198297589.3333,12
HyperX,2278,88.64889705882354,165198297589.3333,12
HyperX,2279,88.65808823529413,165198297589.3333,12
HyperX,2280,88.66727941176471,165198297589.33334,12
HyperX,2281,88.67647058823529,165198297589.33334,12
HyperX,2282,88.68566176470587,165198297589.33334,12
HyperX,2283,88.69485294117646,165198297589.33334,12
HyperX,2284,88.70404411764707,165198297589.33334,12
HyperX,2285,88.71323529411764,165198297589.33334,12
HyperX,2286,88.72242647058823,165198297589.33334,12
HyperX,2287,88.73161764705883,165198297589.33334,12
HyperX,2288,88.7408088235294,165198297589.33334,12
HyperX,2289,88.75,165198297589.33334,12
HyperX,2290,88.7591911764706,165198297589.33334,12
HyperX,2291,88.76838235294117,165198297589.33334,12
HyperX,2292,88.77757352941177,165198297589.33334,12
HyperX,2293,88.78676470588236,165198297589.33334,12
HyperX,2294,88.79595588235294,165198297589.33334,12
HyperX,2295,88.80514705882354,165198297589.33334,12
HyperX,2296,88.81433823529413,165198297589.33334,12
HyperX,2297,88.82352941176471,165198297589.33334,12
HyperX,2298,88.83272058823529,165198297589.33334,12
HyperX,2299,88.84191176470587,165198297589.33334,12
HyperX,2300,88.85110294117646,165198297589.33334,12
HyperX,2301,88.86029411764706,165198297589.33334,12
HyperX,2302,88.86948529411764,165198297589.33334,12
HyperX,2303,88.87867647058823,165198297589.33334,12
HyperX,2304,88.88786764705883,165198297589.33334,12
HyperX,2305,88.8970588235294,165198297589.33334,12
HyperX,2306,88.90625,174977490069.33334,12
HyperX,2307,88.9154411764706,174977490069.33334,12
HyperX,2308,88.92463235294117,174977490069.33334,12
HyperX,2309,88.93382352941177,174977490069.33334,12
HyperX,2310,88.94301470588236,174977490069.33334,12
HyperX,2311,88.95220588235294,174977490069.33334,12
HyperX,2312,88.96139705882354,174977490069.33334,12
HyperX,2313,88.9705882352941,174977490069.33334,12
HyperX,2314,88.9797794117647,174977490069.33334,12
HyperX,2315,88.9889705882353,174977490069.33334,12
HyperX,2316,88.9981617647059,174977490069.33334,12
HyperX,2317,89.00735294117646,174977490069.33334,12
HyperX,2318,89.01654411764706,174977490069.33334,12
HyperX,2319,89.02573529411764,174977490069.33334,12
HyperX,2320,89.03492647058823,174977490069.33334,12
HyperX,2321,89.04411764705883,174977490069.33334,12
HyperX,2322,89.0533088235294,178592490261.33334,12
HyperX,2323,89.0625,178592490261.33334,12
HyperX,2324,89.0716911764706,178592490261.33334,12
HyperX,2325,89.08088235294117,178592490261.33334,12
HyperX,2326,89.09007352941177,178592490261.33334,12
HyperX,2327,89.09926470588236,178592490261.33334,12
HyperX,2328,89.10845588235294,178592490261.33334,12
HyperX,2329,89.11764705882352,178592490261.33334,12
HyperX,2330,89.1268382352941,178592490261.33334,12
HyperX,2331,89.1360294117647,178592490261.33334,12
HyperX,2332,89.1452205882353,178592490261.33334,12
HyperX,2333,89.1544117647059,178592490261.33334,12
HyperX,2334,89.16360294117646,178592490261.33334,12
HyperX,2335,89.17279411764706,178592490261.33334,12
HyperX,2336,89.18198529411764,178592490261.33334,12
HyperX,2337,89.19117647058823,178592490261.33334,12
HyperX,2338,89.20036764705883,182207490453.33334,12
HyperX,2339,89.2095588235294,182207490453.33334,12
HyperX,2340,89.21875,182207490453.33334,12
HyperX,2341,89.2279411764706,182207490453.33334,12
HyperX,2342,89.23713235294117,182207490453.33334,12
HyperX,2343,89.24632352941177,182207490453.33334,12
HyperX,2344,89.25551470588236,182207490453.33334,12
HyperX,2345,89.26470588235294,182207490453.33334,12
HyperX,2346,89.27389705882354,182207490453.33334,12
HyperX,2347,89.28308823529413,182207490453.33334,12
HyperX,2348,89.2922794117647,182207490453.33334,12
HyperX,2349,89.30147058823529,182207490453.33334,12
HyperX,2350,89.31066176470587,182207490453.33334,12
HyperX,2351,89.31985294117646,182207490453.33334,12
HyperX,2352,89.32904411764706,182207490453.33334,12
HyperX,2353,89.33823529411764,182207490453.33334,12
HyperX,2354,89.34742647058823,182207490453.33334,12
HyperX,2355,89.35661764705883,182207490453.33334,12
HyperX,2356,89.3658088235294,182207490453.33334,12
HyperX,2357,89.375,182207490453.33334,12
HyperX,2358,89.3841911764706,182207490453.33334,12
HyperX,2359,89.39338235294117,182207490453.33334,12
HyperX,2360,89.40257352941177,182207490453.33334,12
HyperX,2361,89.41176470588236,182207490453.33334,12
HyperX,2362,89.42095588235294,182207490453.33334,12
HyperX,2363,89.43014705882354,182207490453.33334,12
HyperX,2364,89.43933823529413,182207490453.33334,12
HyperX,2365,89.44852941176471,182207490453.33334,12
HyperX,2366,89.45772058823529,182207490453.33334,12
HyperX,2367,89.46691176470587,182207490453.33334,12
HyperX,2368,89.47610294117646,182207490453.33334,12
HyperX,2369,89.48529411764707,182207490453.33334,12
HyperX,2370,89.49448529411764,197029883477.33334,12
HyperX,2371,89.50367647058823,197029883477.33334,12
HyperX,2372,89.51286764705883,197029883477.33334,12
HyperX,2373,89.5220588235294,197029883477.33334,12
HyperX,2374,89.53125,197029883477.33334,12
HyperX,2375,89.5404411764706,197029883477.33334,12
HyperX,2376,89.54963235294117,197029883477.33334,12
HyperX,2377,89.55882352941177,197029883477.33334,12
HyperX,2378,89.56801470588236,197029883477.33334,12
HyperX,2379,89.57720588235294,197029883477.33334,12
HyperX,2380,89.58639705882354,197029883477.33334,12
HyperX,2381,89.59558823529413,197029883477.33334,12
HyperX,2382,89.6047794117647,197029883477.33334,12
HyperX,2383,89.61397058823529,197029883477.33334,12
HyperX,2384,89.62316176470587,197029883477.33334,12
HyperX,2385,89.63235294117646,197029883477.33334,12
HyperX,2386,89.64154411764706,197029883477.33334,12
HyperX,2387,89.65073529411764,197029883477.33334,12
HyperX,2388,89.65992647058823,197029883477.33334,12
HyperX,2389,89.66911764705883,197029883477.33334,12
HyperX,2390,89.6783088235294,197029883477.33334,12
HyperX,2391,89.6875,197029883477.33334,12
HyperX,2392,89.6966911764706,197029883477.33334,12
HyperX,2393,89.70588235294117,197029883477.33334,12
HyperX,2394,89.71507352941177,197029883477.33334,12
HyperX,2395,89.72426470588236,197029883477.33334,12
HyperX,2396,89.73345588235294,197029883477.33334,12
HyperX,2397,89.74264705882354,197029883477.33334,12
HyperX,2398,89.7518382352941,197029883477.33334,12
HyperX,2399,89.7610294117647,197029883477.33334,12
HyperX,2400,89.7702205882353,197029883477.33334,12
HyperX,2401,89.7794117647059,197029883477.33334,12
HyperX,2402,89.78860294117646,260877375104.0,12
HyperX,2403,89.79779411764706,260877375104.0,12
HyperX,2404,89.80698529411764,260877375104.0,12
HyperX,2405,89.81617647058823,260877375104.0,12
HyperX,2406,89.82536764705883,260877375104.0,12
HyperX,2407,89.8345588235294,260877375104.0,12
HyperX,2408,89.84375,260877375104.0,12
HyperX,2409,89.8529411764706,260877375104.0,12
HyperX,2410,89.86213235294117,260877375104.0,12
HyperX,2411,89.87132352941177,260877375104.0,12
HyperX,2412,89.88051470588236,260877375104.0,12
HyperX,2413,89.88970588235294,260877375104.0,12
HyperX,2414,89.89889705882352,260877375104.0,12
HyperX,2415,89.9080882352941,260877375104.0,12
HyperX,2416,89.9172794117647,260877375104.0,12
HyperX,2417,89.9264705882353,260877375104.0,12
HyperX,2418,89.9356617647059,260877375104.0,12
HyperX,2419,89.94485294117646,260877375104.0,12
HyperX,2420,89.95404411764706,260877375104.0,12
HyperX,2421,89.96323529411764,260877375104.0,12
HyperX,2422,89.97242647058823,260877375104.0,12
HyperX,2423,89.98161764705883,260877375104.0,12
HyperX,2424,89.9908088235294,260877375104.0,12
HyperX,2425,90.0,260877375104.0,12
HyperX,2426,90.0091911764706,260877375104.0,12
HyperX,2427,90.01838235294117,260877375104.0,12
HyperX,2428,90.02757352941177,260877375104.0,12
HyperX,2429,90.03676470588236,260877375104.0,12
HyperX,2430,90.04595588235294,260877375104.0,12
HyperX,2431,90.05514705882354,260877375104.0,12
HyperX,2432,90.06433823529413,260877375104.0,12
HyperX,2433,90.0735294117647,260877375104.0,12
HyperX,2434,90.08272058823529,260877375104.0,12
HyperX,2435,90.09191176470587,260877375104.0,12
HyperX,2436,90.10110294117646,260877375104.0,12
HyperX,2437,90.11029411764706,260877375104.0,12
HyperX,2438,90.11948529411764,260877375104.0,12
HyperX,2439,90.12867647058823,260877375104.0,12
HyperX,2440,90.13786764705883,260877375104.0,12
HyperX,2441,90.1470588235294,260877375104.0,12
HyperX,2442,90.15625,260877375104.0,12
HyperX,2443,90.1654411764706,260877375104.0,12
HyperX,2444,90.17463235294117,260877375104.0,12
HyperX,2445,90.18382352941177,260877375104.0,12
HyperX,2446,90.19301470588233,260877375104.0,12
HyperX,2447,90.20220588235294,260877375104.0,12
HyperX,2448,90.21139705882354,260877375104.0,12
HyperX,2449,90.22058823529413,260877375104.0,12
HyperX,2450,90.22977941176471,260877375104.0,12
HyperX,2451,90.23897058823529,260877375104.0,12
HyperX,2452,90.24816176470587,260877375104.0,12
HyperX,2453,90.25735294117646,260877375104.0,12
HyperX,2454,90.26654411764707,260877375104.0,12
HyperX,2455,90.27573529411764,260877375104.0,12
HyperX,2456,90.28492647058823,260877375104.0,12
HyperX,2457,90.29411764705883,260877375104.0,12
HyperX,2458,90.3033088235294,260877375104.0,12
HyperX,2459,90.3125,260877375104.0,12
HyperX,2460,90.3216911764706,260877375104.0,12
HyperX,2461,90.33088235294117,260877375104.0,12
HyperX,2462,90.34007352941177,260877375104.0,12
HyperX,2463,90.34926470588236,260877375104.0,12
HyperX,2464,90.35845588235294,260877375104.0,12
HyperX,2465,90.36764705882354,260877375104.0,12
HyperX,2466,90.37683823529413,260877375104.0,12
HyperX,2467,90.3860294117647,260877375104.0,12
HyperX,2468,90.39522058823529,260877375104.0,12
HyperX,2469,90.40441176470587,260877375104.0,12
HyperX,2470,90.41360294117646,260877375104.0,12
HyperX,2471,90.42279411764706,260877375104.0,12
HyperX,2472,90.43198529411764,260877375104.0,12
HyperX,2473,90.44117647058825,260877375104.0,12
HyperX,2474,90.45036764705883,260877375104.0,12
HyperX,2475,90.4595588235294,260877375104.0,12
HyperX,2476,90.46875,260877375104.0,12
HyperX,2477,90.4779411764706,260877375104.0,12
HyperX,2478,90.48713235294117,260877375104.0,12
HyperX,2479,90.49632352941177,260877375104.0,12
HyperX,2480,90.50551470588236,260877375104.0,12
HyperX,2481,90.51470588235294,260877375104.0,12
HyperX,2482,90.52389705882354,260877375104.0,12
HyperX,2483,90.5330882352941,260877375104.0,12
HyperX,2484,90.5422794117647,260877375104.0,12
HyperX,2485,90.55147058823529,260877375104.0,12
HyperX,2486,90.56066176470587,260877375104.0,12
HyperX,2487,90.56985294117646,260877375104.0,12
HyperX,2488,90.57904411764706,260877375104.0,12
HyperX,2489,90.58823529411764,260877375104.0,12
HyperX,2490,90.59742647058825,260877375104.0,12
HyperX,2491,90.60661764705883,260877375104.0,12
HyperX,2492,90.61580882352943,260877375104.0,12
HyperX,2493,90.625,260877375104.0,12
HyperX,2494,90.6341911764706,260877375104.0,12
HyperX,2495,90.64338235294117,260877375104.0,12
HyperX,2496,90.65257352941177,260877375104.0,12
HyperX,2497,90.66176470588236,260877375104.0,12
HyperX,2498,90.67095588235294,265041810858.66666,12
HyperX,2499,90.68014705882352,265041810858.66666,12
HyperX,2500,90.6893382352941,265041810858.66666,12
HyperX,2501,90.6985294117647,265041810858.66666,12
HyperX,2502,90.70772058823529,265041810858.66666,12
HyperX,2503,90.7169117647059,265041810858.66666,12
HyperX,2504,90.72610294117646,265041810858.66666,12
HyperX,2505,90.73529411764707,265041810858.66666,12
HyperX,2506,90.74448529411764,265041810858.66666,12
HyperX,2507,90.75367647058823,265041810858.66666,12
HyperX,2508,90.76286764705883,265041810858.66666,12
HyperX,2509,90.7720588235294,265041810858.66666,12
HyperX,2510,90.78125,265041810858.66666,12
HyperX,2511,90.7904411764706,265041810858.66666,12
HyperX,2512,90.79963235294117,265041810858.66666,12
HyperX,2513,90.80882352941177,265041810858.66666,12
HyperX,2514,90.81801470588236,265041810858.66666,12
HyperX,2515,90.82720588235294,265041810858.66666,12
HyperX,2516,90.83639705882354,265041810858.66666,12
HyperX,2517,90.8455882352941,265041810858.66666,12
HyperX,2518,90.8547794117647,265041810858.66666,12
HyperX,2519,90.86397058823529,265041810858.66666,12
HyperX,2520,90.87316176470587,265041810858.66666,12
HyperX,2521,90.88235294117646,265041810858.66666,12
HyperX,2522,90.89154411764707,265041810858.66666,12
HyperX,2523,90.90073529411764,265041810858.66666,12
HyperX,2524,90.90992647058825,265041810858.66666,12
HyperX,2525,90.91911764705883,265041810858.66666,12
HyperX,2526,90.9283088235294,265041810858.66666,12
HyperX,2527,90.9375,265041810858.66666,12
HyperX,2528,90.9466911764706,265041810858.66666,12
HyperX,2529,90.95588235294117,265041810858.66666,12
HyperX,2530,90.96507352941177,325267868672.0,12
HyperX,2531,90.97426470588233,325267868672.0,12
HyperX,2532,90.98345588235294,325267868672.0,12
HyperX,2533,90.99264705882354,325267868672.0,12
HyperX,2534,91.00183823529413,325267868672.0,12
HyperX,2535,91.01102941176471,325267868672.0,12
HyperX,2536,91.02022058823529,325267868672.0,12
HyperX,2537,91.02941176470587,325267868672.0,12
HyperX,2538,91.03860294117646,325267868672.0,12
HyperX,2539,91.04779411764707,325267868672.0,12
HyperX,2540,91.05698529411764,325267868672.0,12
HyperX,2541,91.06617647058823,325267868672.0,12
HyperX,2542,91.07536764705883,325267868672.0,12
HyperX,2543,91.0845588235294,325267868672.0,12
HyperX,2544,91.09375,325267868672.0,12
HyperX,2545,91.1029411764706,325267868672.0,12
HyperX,2546,91.11213235294117,325267868672.0,12
HyperX,2547,91.12132352941177,325267868672.0,12
HyperX,2548,91.13051470588236,325267868672.0,12
HyperX,2549,91.13970588235294,325267868672.0,12
HyperX,2550,91.14889705882354,325267868672.0,12
HyperX,2551,91.15808823529413,325267868672.0,12
HyperX,2552,91.1672794117647,325267868672.0,12
HyperX,2553,91.17647058823529,325267868672.0,12
HyperX,2554,91.18566176470587,325267868672.0,12
HyperX,2555,91.19485294117646,325267868672.0,12
HyperX,2556,91.20404411764707,325267868672.0,12
HyperX,2557,91.21323529411764,325267868672.0,12
HyperX,2558,91.22242647058825,325267868672.0,12
HyperX,2559,91.23161764705883,325267868672.0,12
HyperX,2560,91.2408088235294,325267868672.0,12
HyperX,2561,91.25,325267868672.0,12
HyperX,2562,91.2591911764706,325267868672.0,12
HyperX,2563,91.26838235294117,325267868672.0,12
HyperX,2564,91.27757352941177,325267868672.0,12
HyperX,2565,91.28676470588236,325267868672.0,12
HyperX,2566,91.29595588235294,325267868672.0,12
HyperX,2567,91.30514705882354,325267868672.0,12
HyperX,2568,91.3143382352941,325267868672.0,12
HyperX,2569,91.3235294117647,325267868672.0,12
HyperX,2570,91.33272058823529,325267868672.0,12
HyperX,2571,91.34191176470587,325267868672.0,12
HyperX,2572,91.35110294117646,325267868672.0,12
HyperX,2573,91.36029411764706,325267868672.0,12
HyperX,2574,91.36948529411764,325267868672.0,12
HyperX,2575,91.37867647058825,325267868672.0,12
HyperX,2576,91.38786764705883,325267868672.0,12
HyperX,2577,91.39705882352943,325267868672.0,12
HyperX,2578,91.40625,325267868672.0,12
HyperX,2579,91.4154411764706,325267868672.0,12
HyperX,2580,91.42463235294117,325267868672.0,12
HyperX,2581,91.43382352941177,325267868672.0,12
HyperX,2582,91.44301470588236,325267868672.0,12
HyperX,2583,91.45220588235294,325267868672.0,12
HyperX,2584,91.46139705882352,325267868672.0,12
HyperX,2585,91.4705882352941,325267868672.0,12
HyperX,2586,91.4797794117647,325267868672.0,12
HyperX,2587,91.48897058823529,325267868672.0,12
HyperX,2588,91.4981617647059,325267868672.0,12
HyperX,2589,91.50735294117646,325267868672.0,12
HyperX,2590,91.51654411764707,325267868672.0,12
HyperX,2591,91.52573529411764,325267868672.0,12
HyperX,2592,91.53492647058823,325267868672.0,12
HyperX,2593,91.54411764705883,325267868672.0,12
HyperX,2594,91.5533088235294,325267868672.0,12
HyperX,2595,91.5625,325267868672.0,12
HyperX,2596,91.5716911764706,325267868672.0,12
HyperX,2597,91.58088235294117,325267868672.0,12
HyperX,2598,91.59007352941177,325267868672.0,12
HyperX,2599,91.59926470588236,325267868672.0,12
HyperX,2600,91.60845588235294,325267868672.0,12
HyperX,2601,91.61764705882354,325267868672.0,12
HyperX,2602,91.6268382352941,325267868672.0,12
HyperX,2603,91.6360294117647,325267868672.0,12
HyperX,2604,91.64522058823529,325267868672.0,12
HyperX,2605,91.65441176470587,325267868672.0,12
HyperX,2606,91.66360294117646,325267868672.0,12
HyperX,2607,91.67279411764707,325267868672.0,12
HyperX,2608,91.68198529411764,325267868672.0,12
HyperX,2609,91.69117647058825,325267868672.0,12
HyperX,2610,91.70036764705883,325267868672.0,12
HyperX,2611,91.7095588235294,325267868672.0,12
HyperX,2612,91.71875,325267868672.0,12
HyperX,2613,91.7279411764706,325267868672.0,12
HyperX,2614,91.73713235294117,325267868672.0,12
HyperX,2615,91.74632352941177,325267868672.0,12
HyperX,2616,91.75551470588233,325267868672.0,12
HyperX,2617,91.76470588235294,325267868672.0,12
HyperX,2618,91.77389705882354,325267868672.0,12
HyperX,2619,91.78308823529413,325267868672.0,12
HyperX,2620,91.79227941176471,325267868672.0,12
HyperX,2621,91.80147058823529,325267868672.0,12
HyperX,2622,91.81066176470587,325267868672.0,12
HyperX,2623,91.81985294117646,325267868672.0,12
HyperX,2624,91.82904411764707,325267868672.0,12
HyperX,2625,91.83823529411764,325267868672.0,12
HyperX,2626,91.84742647058823,325267868672.0,12
HyperX,2627,91.85661764705883,325267868672.0,12
HyperX,2628,91.8658088235294,325267868672.0,12
HyperX,2629,91.875,325267868672.0,12
HyperX,2630,91.8841911764706,325267868672.0,12
HyperX,2631,91.89338235294117,325267868672.0,12
HyperX,2632,91.90257352941177,325267868672.0,12
HyperX,2633,91.91176470588236,325267868672.0,12
HyperX,2634,91.92095588235294,325267868672.0,12
HyperX,2635,91.93014705882354,325267868672.0,12
HyperX,2636,91.93933823529413,325267868672.0,12
HyperX,2637,91.9485294117647,325267868672.0,12
HyperX,2638,91.95772058823529,325267868672.0,12
HyperX,2639,91.96691176470587,325267868672.0,12
HyperX,2640,91.97610294117646,325267868672.0,12
HyperX,2641,91.98529411764707,325267868672.0,12
HyperX,2642,91.99448529411764,325267868672.0,12
HyperX,2643,92.00367647058825,325267868672.0,12
HyperX,2644,92.01286764705883,325267868672.0,12
HyperX,2645,92.0220588235294,325267868672.0,12
HyperX,2646,92.03125,325267868672.0,12
HyperX,2647,92.0404411764706,325267868672.0,12
HyperX,2648,92.04963235294117,325267868672.0,12
HyperX,2649,92.05882352941177,325267868672.0,12
HyperX,2650,92.06801470588236,325267868672.0,12
HyperX,2651,92.07720588235294,325267868672.0,12
HyperX,2652,92.08639705882354,325267868672.0,12
HyperX,2653,92.0955882352941,325267868672.0,12
HyperX,2654,92.1047794117647,325267868672.0,12
HyperX,2655,92.11397058823529,325267868672.0,12
HyperX,2656,92.12316176470587,325267868672.0,12
HyperX,2657,92.13235294117646,325267868672.0,12
HyperX,2658,92.14154411764706,325267868672.0,12
HyperX,2659,92.15073529411764,325267868672.0,12
HyperX,2660,92.15992647058825,325267868672.0,12
HyperX,2661,92.16911764705883,325267868672.0,12
HyperX,2662,92.17830882352943,325267868672.0,12
HyperX,2663,92.1875,325267868672.0,12
HyperX,2664,92.1966911764706,325267868672.0,12
HyperX,2665,92.20588235294117,325267868672.0,12
HyperX,2666,92.21507352941177,325267868672.0,12
HyperX,2667,92.22426470588236,325267868672.0,12
HyperX,2668,92.23345588235294,325267868672.0,12
HyperX,2669,92.24264705882352,325267868672.0,12
HyperX,2670,92.2518382352941,325267868672.0,12
HyperX,2671,92.2610294117647,325267868672.0,12
HyperX,2672,92.27022058823529,325267868672.0,12
HyperX,2673,92.2794117647059,325267868672.0,12
HyperX,2674,92.28860294117646,325267868672.0,12
HyperX,2675,92.29779411764707,325267868672.0,12
HyperX,2676,92.30698529411764,325267868672.0,12
HyperX,2677,92.31617647058823,325267868672.0,12
HyperX,2678,92.32536764705883,325267868672.0,12
HyperX,2679,92.3345588235294,325267868672.0,12
HyperX,2680,92.34375,325267868672.0,12
HyperX,2681,92.3529411764706,325267868672.0,12
HyperX,2682,92.36213235294117,325267868672.0,12
HyperX,2683,92.37132352941177,325267868672.0,12
HyperX,2684,92.38051470588236,325267868672.0,12
HyperX,2685,92.38970588235294,325267868672.0,12
HyperX,2686,92.39889705882354,325267868672.0,12
HyperX,2687,92.4080882352941,325267868672.0,12
HyperX,2688,92.4172794117647,325267868672.0,12
HyperX,2689,92.42647058823529,325267868672.0,12
HyperX,2690,92.43566176470587,325267868672.0,12
HyperX,2691,92.44485294117646,325267868672.0,12
HyperX,2692,92.45404411764707,325267868672.0,12
HyperX,2693,92.46323529411764,325267868672.0,12
HyperX,2694,92.47242647058825,325267868672.0,12
HyperX,2695,92.48161764705883,325267868672.0,12
HyperX,2696,92.4908088235294,325267868672.0,12
HyperX,2697,92.5,325267868672.0,12
HyperX,2698,92.5091911764706,325267868672.0,12
HyperX,2699,92.51838235294117,325267868672.0,12
HyperX,2700,92.52757352941177,325267868672.0,12
HyperX,2701,92.53676470588233,325267868672.0,12
HyperX,2702,92.54595588235294,325267868672.0,12
HyperX,2703,92.55514705882354,325267868672.0,12
HyperX,2704,92.56433823529413,325267868672.0,12
HyperX,2705,92.57352941176471,325267868672.0,12
HyperX,2706,92.58272058823529,325267868672.0,12
HyperX,2707,92.59191176470587,325267868672.0,12
HyperX,2708,92.60110294117646,325267868672.0,12
HyperX,2709,92.61029411764707,325267868672.0,12
HyperX,2710,92.61948529411764,325267868672.0,12
HyperX,2711,92.62867647058823,325267868672.0,12
HyperX,2712,92.63786764705883,325267868672.0,12
HyperX,2713,92.6470588235294,325267868672.0,12
HyperX,2714,92.65625,325267868672.0,12
HyperX,2715,92.6654411764706,325267868672.0,12
HyperX,2716,92.67463235294117,325267868672.0,12
HyperX,2717,92.68382352941177,325267868672.0,12
HyperX,2718,92.69301470588236,325267868672.0,12
HyperX,2719,92.70220588235294,325267868672.0,12
HyperX,2720,92.71139705882354,325267868672.0,12
HyperX,2721,92.72058823529413,325267868672.0,12
HyperX,2722,92.7297794117647,325267868672.0,12
HyperX,2723,92.73897058823529,325267868672.0,12
HyperX,2724,92.74816176470587,325267868672.0,12
HyperX,2725,92.75735294117646,325267868672.0,12
HyperX,2726,92.76654411764707,325267868672.0,12
HyperX,2727,92.77573529411764,325267868672.0,12
HyperX,2728,92.78492647058825,325267868672.0,12
HyperX,2729,92.79411764705883,325267868672.0,12
HyperX,2730,92.8033088235294,325267868672.0,12
HyperX,2731,92.8125,325267868672.0,12
HyperX,2732,92.8216911764706,325267868672.0,12
HyperX,2733,92.83088235294117,325267868672.0,12
HyperX,2734,92.84007352941177,325267868672.0,12
HyperX,2735,92.84926470588236,325267868672.0,12
HyperX,2736,92.85845588235294,325267868672.0,12
HyperX,2737,92.86764705882354,325267868672.0,12
HyperX,2738,92.8768382352941,325267868672.0,12
HyperX,2739,92.8860294117647,325267868672.0,12
HyperX,2740,92.89522058823529,325267868672.0,12
HyperX,2741,92.90441176470587,325267868672.0,12
HyperX,2742,92.91360294117646,325267868672.0,12
HyperX,2743,92.92279411764706,325267868672.0,12
HyperX,2744,92.93198529411764,325267868672.0,12
HyperX,2745,92.94117647058825,325267868672.0,12
HyperX,2746,92.95036764705883,325267868672.0,12
HyperX,2747,92.95955882352943,325267868672.0,12
HyperX,2748,92.96875,325267868672.0,12
HyperX,2749,92.9779411764706,325267868672.0,12
HyperX,2750,92.98713235294117,325267868672.0,12
HyperX,2751,92.99632352941177,325267868672.0,12
HyperX,2752,93.00551470588236,325267868672.0,12
HyperX,2753,93.01470588235294,325267868672.0,12
HyperX,2754,93.02389705882352,325267868672.0,12
HyperX,2755,93.0330882352941,325267868672.0,12
HyperX,2756,93.0422794117647,325267868672.0,12
HyperX,2757,93.05147058823529,325267868672.0,12
HyperX,2758,93.0606617647059,325267868672.0,12
HyperX,2759,93.06985294117646,325267868672.0,12
HyperX,2760,93.07904411764707,325267868672.0,12
HyperX,2761,93.08823529411764,325267868672.0,12
HyperX,2762,93.09742647058823,325267868672.0,12
HyperX,2763,93.10661764705883,325267868672.0,12
HyperX,2764,93.1158088235294,325267868672.0,12
HyperX,2765,93.125,325267868672.0,12
HyperX,2766,93.1341911764706,325267868672.0,12
HyperX,2767,93.14338235294117,325267868672.0,12
HyperX,2768,93.15257352941177,325267868672.0,12
HyperX,2769,93.16176470588236,325267868672.0,12
HyperX,2770,93.17095588235294,325267868672.0,12
HyperX,2771,93.18014705882354,325267868672.0,12
HyperX,2772,93.1893382352941,325267868672.0,12
HyperX,2773,93.1985294117647,325267868672.0,12
HyperX,2774,93.20772058823529,325267868672.0,12
HyperX,2775,93.21691176470587,325267868672.0,12
HyperX,2776,93.22610294117646,325267868672.0,12
HyperX,2777,93.23529411764707,325267868672.0,12
HyperX,2778,93.24448529411764,325267868672.0,12
HyperX,2779,93.25367647058825,325267868672.0,12
HyperX,2780,93.26286764705883,325267868672.0,12
HyperX,2781,93.2720588235294,325267868672.0,12
HyperX,2782,93.28125,325267868672.0,12
HyperX,2783,93.2904411764706,325267868672.0,12
HyperX,2784,93.29963235294117,325267868672.0,12
HyperX,2785,93.30882352941177,325267868672.0,12
HyperX,2786,93.31801470588233,325267868672.0,12
HyperX,2787,93.32720588235294,325267868672.0,12
HyperX,2788,93.33639705882354,325267868672.0,12
HyperX,2789,93.34558823529413,325267868672.0,12
HyperX,2790,93.35477941176471,325267868672.0,12
HyperX,2791,93.36397058823529,325267868672.0,12
HyperX,2792,93.37316176470587,325267868672.0,12
HyperX,2793,93.38235294117646,325267868672.0,12
HyperX,2794,93.39154411764707,325267868672.0,12
HyperX,2795,93.40073529411764,325267868672.0,12
HyperX,2796,93.40992647058823,325267868672.0,12
HyperX,2797,93.41911764705883,325267868672.0,12
HyperX,2798,93.4283088235294,325267868672.0,12
HyperX,2799,93.4375,325267868672.0,12
HyperX,2800,93.4466911764706,325267868672.0,12
HyperX,2801,93.45588235294117,325267868672.0,12
HyperX,2802,93.46507352941177,325267868672.0,12
HyperX,2803,93.47426470588236,325267868672.0,12
HyperX,2804,93.48345588235294,325267868672.0,12
HyperX,2805,93.49264705882354,325267868672.0,12
HyperX,2806,93.50183823529413,325267868672.0,12
HyperX,2807,93.5110294117647,325267868672.0,12
HyperX,2808,93.52022058823529,325267868672.0,12
HyperX,2809,93.52941176470587,325267868672.0,12
HyperX,2810,93.53860294117646,325267868672.0,12
HyperX,2811,93.54779411764707,325267868672.0,12
HyperX,2812,93.55698529411764,325267868672.0,12
HyperX,2813,93.56617647058825,325267868672.0,12
HyperX,2814,93.57536764705883,325267868672.0,12
HyperX,2815,93.5845588235294,325267868672.0,12
HyperX,2816,93.59375,325267868672.0,12
HyperX,2817,93.6029411764706,325267868672.0,12
HyperX,2818,93.61213235294117,325267868672.0,12
HyperX,2819,93.62132352941177,325267868672.0,12
HyperX,2820,93.63051470588236,325267868672.0,12
HyperX,2821,93.63970588235294,325267868672.0,12
HyperX,2822,93.64889705882354,325267868672.0,12
HyperX,2823,93.6580882352941,325267868672.0,12
HyperX,2824,93.6672794117647,325267868672.0,12
HyperX,2825,93.67647058823529,325267868672.0,12
HyperX,2826,93.68566176470587,325267868672.0,12
HyperX,2827,93.69485294117646,325267868672.0,12
HyperX,2828,93.70404411764706,325267868672.0,12
HyperX,2829,93.71323529411764,325267868672.0,12
HyperX,2830,93.72242647058825,325267868672.0,12
HyperX,2831,93.73161764705883,325267868672.0,12
HyperX,2832,93.74080882352943,325267868672.0,12
HyperX,2833,93.75,325267868672.0,12
HyperX,2834,93.7591911764706,325267868672.0,12
HyperX,2835,93.76838235294117,325267868672.0,12
HyperX,2836,93.77757352941177,325267868672.0,12
HyperX,2837,93.78676470588236,325267868672.0,12
HyperX,2838,93.79595588235294,325267868672.0,12
HyperX,2839,93.80514705882352,325267868672.0,12
HyperX,2840,93.8143382352941,325267868672.0,12
HyperX,2841,93.8235294117647,325267868672.0,12
HyperX,2842,93.83272058823529,325267868672.0,12
HyperX,2843,93.8419117647059,325267868672.0,12
HyperX,2844,93.85110294117646,325267868672.0,12
HyperX,2845,93.86029411764707,325267868672.0,12
HyperX,2846,93.86948529411764,325267868672.0,12
HyperX,2847,93.87867647058823,325267868672.0,12
HyperX,2848,93.88786764705883,325267868672.0,12
HyperX,2849,93.8970588235294,325267868672.0,12
HyperX,2850,93.90625,325267868672.0,12
HyperX,2851,93.9154411764706,325267868672.0,12
HyperX,2852,93.92463235294117,325267868672.0,12
HyperX,2853,93.93382352941177,325267868672.0,12
HyperX,2854,93.94301470588236,325267868672.0,12
HyperX,2855,93.95220588235294,325267868672.0,12
HyperX,2856,93.96139705882354,325267868672.0,12
HyperX,2857,93.9705882352941,325267868672.0,12
HyperX,2858,93.9797794117647,325267868672.0,12
HyperX,2859,93.98897058823529,325267868672.0,12
HyperX,2860,93.99816176470587,325267868672.0,12
HyperX,2861,94.00735294117646,325267868672.0,12
HyperX,2862,94.01654411764707,325267868672.0,12
HyperX,2863,94.02573529411764,325267868672.0,12
HyperX,2864,94.03492647058825,325267868672.0,12
HyperX,2865,94.04411764705883,325267868672.0,12
HyperX,2866,94.0533088235294,325267868672.0,12
HyperX,2867,94.0625,325267868672.0,12
HyperX,2868,94.0716911764706,325267868672.0,12
HyperX,2869,94.08088235294117,325267868672.0,12
HyperX,2870,94.09007352941177,325267868672.0,12
HyperX,2871,94.09926470588233,325267868672.0,12
HyperX,2872,94.10845588235294,325267868672.0,12
HyperX,2873,94.11764705882354,325267868672.0,12
HyperX,2874,94.12683823529413,325267868672.0,12
HyperX,2875,94.13602941176471,325267868672.0,12
HyperX,2876,94.14522058823529,325267868672.0,12
HyperX,2877,94.15441176470587,325267868672.0,12
HyperX,2878,94.16360294117646,325267868672.0,12
HyperX,2879,94.17279411764707,325267868672.0,12
HyperX,2880,94.18198529411764,325267868672.0,12
HyperX,2881,94.19117647058823,325267868672.0,12
HyperX,2882,94.20036764705883,325267868672.0,12
HyperX,2883,94.2095588235294,325267868672.0,12
HyperX,2884,94.21875,325267868672.0,12
HyperX,2885,94.2279411764706,325267868672.0,12
HyperX,2886,94.23713235294117,325267868672.0,12
HyperX,2887,94.24632352941177,325267868672.0,12
HyperX,2888,94.25551470588236,325267868672.0,12
HyperX,2889,94.26470588235294,325267868672.0,12
HyperX,2890,94.27389705882354,325267868672.0,12
HyperX,2891,94.28308823529413,325267868672.0,12
HyperX,2892,94.2922794117647,325267868672.0,12
HyperX,2893,94.30147058823529,325267868672.0,12
HyperX,2894,94.31066176470587,325267868672.0,12
HyperX,2895,94.31985294117646,325267868672.0,12
HyperX,2896,94.32904411764707,325267868672.0,12
HyperX,2897,94.33823529411764,325267868672.0,12
HyperX,2898,94.34742647058825,325267868672.0,12
HyperX,2899,94.35661764705883,325267868672.0,12
HyperX,2900,94.3658088235294,325267868672.0,12
HyperX,2901,94.375,325267868672.0,12
HyperX,2902,94.3841911764706,325267868672.0,12
HyperX,2903,94.39338235294117,325267868672.0,12
HyperX,2904,94.40257352941177,325267868672.0,12
HyperX,2905,94.41176470588236,325267868672.0,12
HyperX,2906,94.42095588235294,325267868672.0,12
HyperX,2907,94.43014705882354,325267868672.0,12
HyperX,2908,94.4393382352941,325267868672.0,12
HyperX,2909,94.4485294117647,325267868672.0,12
HyperX,2910,94.45772058823529,325267868672.0,12
HyperX,2911,94.46691176470587,325267868672.0,12
HyperX,2912,94.47610294117646,325267868672.0,12
HyperX,2913,94.48529411764706,325267868672.0,12
HyperX,2914,94.49448529411764,325267868672.0,12
HyperX,2915,94.50367647058825,325267868672.0,12
HyperX,2916,94.51286764705883,325267868672.0,12
HyperX,2917,94.52205882352943,325267868672.0,12
HyperX,2918,94.53125,325267868672.0,12
HyperX,2919,94.5404411764706,325267868672.0,12
HyperX,2920,94.54963235294117,325267868672.0,12
HyperX,2921,94.55882352941177,325267868672.0,12
HyperX,2922,94.56801470588236,325267868672.0,12
HyperX,2923,94.57720588235294,325267868672.0,12
HyperX,2924,94.58639705882352,325267868672.0,12
HyperX,2925,94.5955882352941,325267868672.0,12
HyperX,2926,94.6047794117647,325267868672.0,12
HyperX,2927,94.61397058823529,325267868672.0,12
HyperX,2928,94.6231617647059,325267868672.0,12
HyperX,2929,94.63235294117646,325267868672.0,12
HyperX,2930,94.64154411764707,325267868672.0,12
HyperX,2931,94.65073529411764,325267868672.0,12
HyperX,2932,94.65992647058823,325267868672.0,12
HyperX,2933,94.66911764705883,325267868672.0,12
HyperX,2934,94.6783088235294,325267868672.0,12
HyperX,2935,94.6875,325267868672.0,12
HyperX,2936,94.6966911764706,325267868672.0,12
HyperX,2937,94.70588235294117,325267868672.0,12
HyperX,2938,94.71507352941177,325267868672.0,12
HyperX,2939,94.72426470588236,325267868672.0,12
HyperX,2940,94.73345588235294,325267868672.0,12
HyperX,2941,94.74264705882354,325267868672.0,12
HyperX,2942,94.7518382352941,325267868672.0,12
HyperX,2943,94.7610294117647,325267868672.0,12
HyperX,2944,94.77022058823529,325267868672.0,12
HyperX,2945,94.77941176470587,325267868672.0,12
HyperX,2946,94.78860294117646,325267868672.0,12
HyperX,2947,94.79779411764707,325267868672.0,12
HyperX,2948,94.80698529411764,325267868672.0,12
HyperX,2949,94.81617647058825,325267868672.0,12
HyperX,2950,94.82536764705883,325267868672.0,12
HyperX,2951,94.8345588235294,325267868672.0,12
HyperX,2952,94.84375,325267868672.0,12
HyperX,2953,94.8529411764706,325267868672.0,12
HyperX,2954,94.86213235294117,325267868672.0,12
HyperX,2955,94.87132352941177,325267868672.0,12
HyperX,2956,94.88051470588233,325267868672.0,12
HyperX,2957,94.88970588235294,325267868672.0,12
HyperX,2958,94.89889705882354,325267868672.0,12
HyperX,2959,94.90808823529413,325267868672.0,12
HyperX,2960,94.91727941176471,325267868672.0,12
HyperX,2961,94.92647058823529,325267868672.0,12
HyperX,2962,94.93566176470587,325267868672.0,12
HyperX,2963,94.94485294117646,325267868672.0,12
HyperX,2964,94.95404411764707,325267868672.0,12
HyperX,2965,94.96323529411764,325267868672.0,12
HyperX,2966,94.97242647058823,325267868672.0,12
HyperX,2967,94.98161764705883,325267868672.0,12
HyperX,2968,94.9908088235294,325267868672.0,12
HyperX,2969,95.0,325267868672.0,12
HyperX,2970,95.0091911764706,325267868672.0,12
HyperX,2971,95.01838235294117,325267868672.0,12
HyperX,2972,95.02757352941177,325267868672.0,12
HyperX,2973,95.03676470588236,325267868672.0,12
HyperX,2974,95.04595588235294,325267868672.0,12
HyperX,2975,95.05514705882354,325267868672.0,12
HyperX,2976,95.06433823529413,325267868672.0,12
HyperX,2977,95.0735294117647,325267868672.0,12
HyperX,2978,95.08272058823529,325267868672.0,12
HyperX,2979,95.09191176470587,325267868672.0,12
HyperX,2980,95.10110294117646,325267868672.0,12
HyperX,2981,95.11029411764707,325267868672.0,12
HyperX,2982,95.11948529411764,325267868672.0,12
HyperX,2983,95.12867647058825,325267868672.0,12
HyperX,2984,95.13786764705883,325267868672.0,12
HyperX,2985,95.1470588235294,325267868672.0,12
HyperX,2986,95.15625,325267868672.0,12
HyperX,2987,95.1654411764706,325267868672.0,12
HyperX,2988,95.17463235294117,325267868672.0,12
HyperX,2989,95.18382352941177,325267868672.0,12
HyperX,2990,95.19301470588236,325267868672.0,12
HyperX,2991,95.20220588235294,325267868672.0,12
HyperX,2992,95.21139705882354,325267868672.0,12
HyperX,2993,95.2205882352941,325267868672.0,12
HyperX,2994,95.2297794117647,325267868672.0,12
HyperX,2995,95.23897058823529,325267868672.0,12
HyperX,2996,95.24816176470587,325267868672.0,12
HyperX,2997,95.25735294117646,325267868672.0,12
HyperX,2998,95.26654411764706,325267868672.0,12
HyperX,2999,95.27573529411764,325267868672.0,12
HyperX,3000,95.28492647058825,325267868672.0,12
HyperX,3001,95.29411764705883,325267868672.0,12
HyperX,3002,95.30330882352943,325267868672.0,12
HyperX,3003,95.3125,325267868672.0,12
HyperX,3004,95.3216911764706,325267868672.0,12
HyperX,3005,95.33088235294117,325267868672.0,12
HyperX,3006,95.34007352941177,325267868672.0,12
HyperX,3007,95.34926470588236,325267868672.0,12
HyperX,3008,95.35845588235294,325267868672.0,12
HyperX,3009,95.36764705882352,325267868672.0,12
HyperX,3010,95.3768382352941,325267868672.0,12
HyperX,3011,95.3860294117647,325267868672.0,12
HyperX,3012,95.39522058823529,325267868672.0,12
HyperX,3013,95.4044117647059,325267868672.0,12
HyperX,3014,95.41360294117646,325267868672.0,12
HyperX,3015,95.42279411764707,325267868672.0,12
HyperX,3016,95.43198529411764,325267868672.0,12
HyperX,3017,95.44117647058823,325267868672.0,12
HyperX,3018,95.45036764705883,325267868672.0,12
HyperX,3019,95.4595588235294,325267868672.0,12
HyperX,3020,95.46875,325267868672.0,12
HyperX,3021,95.4779411764706,325267868672.0,12
HyperX,3022,95.48713235294117,325267868672.0,12
HyperX,3023,95.49632352941177,325267868672.0,12
HyperX,3024,95.50551470588236,325267868672.0,12
HyperX,3025,95.51470588235294,325267868672.0,12
HyperX,3026,95.52389705882354,325267868672.0,12
HyperX,3027,95.5330882352941,325267868672.0,12
HyperX,3028,95.5422794117647,325267868672.0,12
HyperX,3029,95.55147058823529,325267868672.0,12
HyperX,3030,95.56066176470587,325267868672.0,12
HyperX,3031,95.56985294117646,325267868672.0,12
HyperX,3032,95.57904411764707,325267868672.0,12
HyperX,3033,95.58823529411764,325267868672.0,12
HyperX,3034,95.59742647058825,325267868672.0,12
HyperX,3035,95.60661764705883,325267868672.0,12
HyperX,3036,95.6158088235294,325267868672.0,12
HyperX,3037,95.625,325267868672.0,12
HyperX,3038,95.6341911764706,325267868672.0,12
HyperX,3039,95.64338235294117,325267868672.0,12
HyperX,3040,95.65257352941177,325267868672.0,12
HyperX,3041,95.66176470588233,325267868672.0,12
HyperX,3042,95.67095588235294,325267868672.0,12
HyperX,3043,95.68014705882354,325267868672.0,12
HyperX,3044,95.68933823529413,325267868672.0,12
HyperX,3045,95.69852941176471,325267868672.0,12
HyperX,3046,95.70772058823529,325267868672.0,12
HyperX,3047,95.71691176470587,325267868672.0,12
HyperX,3048,95.72610294117646,325267868672.0,12
HyperX,3049,95.73529411764707,325267868672.0,12
HyperX,3050,95.74448529411764,325267868672.0,12
HyperX,3051,95.75367647058823,325267868672.0,12
HyperX,3052,95.76286764705883,325267868672.0,12
HyperX,3053,95.7720588235294,325267868672.0,12
HyperX,3054,95.78125,325267868672.0,12
HyperX,3055,95.7904411764706,325267868672.0,12
HyperX,3056,95.79963235294117,325267868672.0,12
HyperX,3057,95.80882352941177,325267868672.0,12
HyperX,3058,95.81801470588236,325267868672.0,12
HyperX,3059,95.82720588235294,325267868672.0,12
HyperX,3060,95.83639705882354,325267868672.0,12
HyperX,3061,95.84558823529413,325267868672.0,12
HyperX,3062,95.8547794117647,325267868672.0,12
HyperX,3063,95.86397058823529,325267868672.0,12
HyperX,3064,95.87316176470587,325267868672.0,12
HyperX,3065,95.88235294117646,325267868672.0,12
HyperX,3066,95.89154411764707,325267868672.0,12
HyperX,3067,95.90073529411764,325267868672.0,12
HyperX,3068,95.90992647058825,325267868672.0,12
HyperX,3069,95.91911764705883,325267868672.0,12
HyperX,3070,95.9283088235294,325267868672.0,12
HyperX,3071,95.9375,325267868672.0,12
HyperX,3072,95.9466911764706,325267868672.0,12
HyperX,3073,95.95588235294117,325267868672.0,12
HyperX,3074,95.96507352941177,325267868672.0,12
HyperX,3075,95.97426470588236,325267868672.0,12
HyperX,3076,95.98345588235294,325267868672.0,12
HyperX,3077,95.99264705882354,325267868672.0,12
HyperX,3078,96.0018382352941,325267868672.0,12
HyperX,3079,96.0110294117647,325267868672.0,12
HyperX,3080,96.02022058823529,325267868672.0,12
HyperX,3081,96.02941176470587,325267868672.0,12
HyperX,3082,96.03860294117646,325267868672.0,12
HyperX,3083,96.04779411764706,325267868672.0,12
HyperX,3084,96.05698529411764,325267868672.0,12
HyperX,3085,96.06617647058825,325267868672.0,12
HyperX,3086,96.07536764705883,325267868672.0,12
HyperX,3087,96.08455882352943,325267868672.0,12
HyperX,3088,96.09375,325267868672.0,12
HyperX,3089,96.1029411764706,325267868672.0,12
HyperX,3090,96.11213235294117,325267868672.0,12
HyperX,3091,96.12132352941177,325267868672.0,12
HyperX,3092,96.13051470588236,325267868672.0,12
HyperX,3093,96.13970588235294,325267868672.0,12
HyperX,3094,96.14889705882352,325267868672.0,12
HyperX,3095,96.1580882352941,325267868672.0,12
HyperX,3096,96.1672794117647,325267868672.0,12
HyperX,3097,96.17647058823529,325267868672.0,12
HyperX,3098,96.1856617647059,325267868672.0,12
HyperX,3099,96.19485294117646,325267868672.0,12
HyperX,3100,96.20404411764707,325267868672.0,12
HyperX,3101,96.21323529411764,325267868672.0,12
HyperX,3102,96.22242647058823,325267868672.0,12
HyperX,3103,96.23161764705883,325267868672.0,12
HyperX,3104,96.2408088235294,325267868672.0,12
HyperX,3105,96.25,325267868672.0,12
HyperX,3106,96.2591911764706,325267868672.0,12
HyperX,3107,96.26838235294117,325267868672.0,12
HyperX,3108,96.27757352941177,325267868672.0,12
HyperX,3109,96.28676470588236,325267868672.0,12
HyperX,3110,96.29595588235294,325267868672.0,12
HyperX,3111,96.30514705882354,325267868672.0,12
HyperX,3112,96.3143382352941,325267868672.0,12
HyperX,3113,96.3235294117647,325267868672.0,12
HyperX,3114,96.33272058823529,325267868672.0,12
HyperX,3115,96.34191176470587,325267868672.0,12
HyperX,3116,96.35110294117646,325267868672.0,12
HyperX,3117,96.36029411764707,325267868672.0,12
HyperX,3118,96.36948529411764,325267868672.0,12
HyperX,3119,96.37867647058825,325267868672.0,12
HyperX,3120,96.38786764705883,325267868672.0,12
HyperX,3121,96.3970588235294,325267868672.0,12
HyperX,3122,96.40625,325267868672.0,12
HyperX,3123,96.4154411764706,325267868672.0,12
HyperX,3124,96.42463235294117,325267868672.0,12
HyperX,3125,96.43382352941177,325267868672.0,12
HyperX,3126,96.44301470588233,325267868672.0,12
HyperX,3127,96.45220588235294,325267868672.0,12
HyperX,3128,96.46139705882354,325267868672.0,12
HyperX,3129,96.47058823529413,325267868672.0,12
HyperX,3130,96.47977941176471,325267868672.0,12
HyperX,3131,96.48897058823529,325267868672.0,12
HyperX,3132,96.49816176470587,325267868672.0,12
HyperX,3133,96.50735294117646,325267868672.0,12
HyperX,3134,96.51654411764707,325267868672.0,12
HyperX,3135,96.52573529411764,325267868672.0,12
HyperX,3136,96.53492647058823,325267868672.0,12
HyperX,3137,96.54411764705883,325267868672.0,12
HyperX,3138,96.5533088235294,325311399485.3333,12
HyperX,3139,96.5625,325311399485.3333,12
HyperX,3140,96.5716911764706,325311399485.3333,12
HyperX,3141,96.58088235294117,325311399485.3333,12
HyperX,3142,96.59007352941177,325311399485.3333,12
HyperX,3143,96.59926470588236,325311399485.3333,12
HyperX,3144,96.60845588235294,325311399485.3333,12
HyperX,3145,96.61764705882354,325311399485.3333,12
HyperX,3146,96.62683823529413,325311399485.3333,12
HyperX,3147,96.6360294117647,325311399485.3333,12
HyperX,3148,96.64522058823529,325311399485.3333,12
HyperX,3149,96.65441176470587,325311399485.3333,12
HyperX,3150,96.66360294117646,325311399485.3333,12
HyperX,3151,96.67279411764707,325311399485.3333,12
HyperX,3152,96.68198529411764,325311399485.3333,12
HyperX,3153,96.69117647058825,325311399485.3333,12
HyperX,3154,96.70036764705883,325311399485.3333,12
HyperX,3155,96.7095588235294,325311399485.3333,12
HyperX,3156,96.71875,325311399485.3333,12
HyperX,3157,96.7279411764706,325311399485.3333,12
HyperX,3158,96.73713235294117,325311399485.3333,12
HyperX,3159,96.74632352941177,325311399485.3333,12
HyperX,3160,96.75551470588236,325311399485.3333,12
HyperX,3161,96.76470588235294,325311399485.3333,12
HyperX,3162,96.77389705882354,325311399485.3333,12
HyperX,3163,96.7830882352941,325311399485.3333,12
HyperX,3164,96.7922794117647,325311399485.3333,12
HyperX,3165,96.80147058823529,325311399485.3333,12
HyperX,3166,96.81066176470587,325311399485.3333,12
HyperX,3167,96.81985294117646,325311399485.3333,12
HyperX,3168,96.82904411764706,325311399485.3333,12
HyperX,3169,96.83823529411764,325311399485.3333,12
HyperX,3170,96.84742647058825,325311399485.3333,12
HyperX,3171,96.85661764705883,325311399485.3333,12
HyperX,3172,96.86580882352943,325311399485.3333,12
HyperX,3173,96.875,325311399485.3333,12
HyperX,3174,96.8841911764706,325311399485.3333,12
HyperX,3175,96.89338235294117,325311399485.3333,12
HyperX,3176,96.90257352941177,325311399485.3333,12
HyperX,3177,96.91176470588236,325311399485.3333,12
HyperX,3178,96.92095588235294,325311399485.3333,12
HyperX,3179,96.93014705882352,325311399485.3333,12
HyperX,3180,96.9393382352941,325311399485.3333,12
HyperX,3181,96.9485294117647,325311399485.3333,12
HyperX,3182,96.95772058823529,325311399485.3333,12
HyperX,3183,96.9669117647059,325311399485.3333,12
HyperX,3184,96.97610294117646,325311399485.3333,12
HyperX,3185,96.98529411764707,325311399485.3333,12
HyperX,3186,96.99448529411764,325311399485.3333,12
HyperX,3187,97.00367647058823,325311399485.3333,12
HyperX,3188,97.01286764705883,325311399485.3333,12
HyperX,3189,97.0220588235294,325311399485.3333,12
HyperX,3190,97.03125,325311399485.3333,12
HyperX,3191,97.0404411764706,325311399485.3333,12
HyperX,3192,97.04963235294117,325311399485.3333,12
HyperX,3193,97.05882352941177,325311399485.3333,12
HyperX,3194,97.06801470588236,325311399485.3333,12
HyperX,3195,97.07720588235294,325311399485.3333,12
HyperX,3196,97.08639705882354,325311399485.3333,12
HyperX,3197,97.0955882352941,325311399485.3333,12
HyperX,3198,97.1047794117647,325311399485.3333,12
HyperX,3199,97.11397058823529,325311399485.3333,12
HyperX,3200,97.12316176470587,325311399485.3333,12
HyperX,3201,97.13235294117646,325311399485.3333,12
HyperX,3202,97.14154411764707,325320344108.6667,12
HyperX,3203,97.15073529411764,325320344108.6667,12
HyperX,3204,97.15992647058825,325320344108.6667,12
HyperX,3205,97.16911764705883,325320344108.6667,12
HyperX,3206,97.1783088235294,325320344108.6667,12
HyperX,3207,97.1875,325320344108.6667,12
HyperX,3208,97.1966911764706,325320344108.6667,12
HyperX,3209,97.20588235294117,325320344108.6667,12
HyperX,3210,97.21507352941177,325320344108.6667,12
HyperX,3211,97.22426470588233,325320344108.6667,12
HyperX,3212,97.23345588235294,325320344108.6667,12
HyperX,3213,97.24264705882354,325320344108.6667,12
HyperX,3214,97.25183823529413,325320344108.6667,12
HyperX,3215,97.26102941176471,325320344108.6667,12
HyperX,3216,97.27022058823529,325320344108.6667,12
HyperX,3217,97.27941176470587,325320344108.6667,12
HyperX,3218,97.28860294117646,325320344108.6667,12
HyperX,3219,97.29779411764707,325320344108.6667,12
HyperX,3220,97.30698529411764,325320344108.6667,12
HyperX,3221,97.31617647058823,325320344108.6667,12
HyperX,3222,97.32536764705883,325320344108.6667,12
HyperX,3223,97.3345588235294,325320344108.6667,12
HyperX,3224,97.34375,325320344108.6667,12
HyperX,3225,97.3529411764706,325320344108.6667,12
HyperX,3226,97.36213235294117,325320344108.6667,12
HyperX,3227,97.37132352941177,325320344108.6667,12
HyperX,3228,97.38051470588236,325320344108.6667,12
HyperX,3229,97.38970588235294,325320344108.6667,12
HyperX,3230,97.39889705882354,325320344108.6667,12
HyperX,3231,97.40808823529413,325320344108.6667,12
HyperX,3232,97.4172794117647,325320344108.6667,12
HyperX,3233,97.42647058823529,325320344108.6667,12
HyperX,3234,97.43566176470587,325320344108.6667,12
HyperX,3235,97.44485294117646,325320344108.6667,12
HyperX,3236,97.45404411764707,325320344108.6667,12
HyperX,3237,97.46323529411764,325320344108.6667,12
HyperX,3238,97.47242647058825,325320344108.6667,12
HyperX,3239,97.48161764705883,325320344108.6667,12
HyperX,3240,97.4908088235294,325320344108.6667,12
HyperX,3241,97.5,325320344108.6667,12
HyperX,3242,97.5091911764706,325320344108.6667,12
HyperX,3243,97.51838235294117,325320344108.6667,12
HyperX,3244,97.52757352941177,325320344108.6667,12
HyperX,3245,97.53676470588236,325320344108.6667,12
HyperX,3246,97.54595588235294,325320344108.6667,12
HyperX,3247,97.55514705882354,325320344108.6667,12
HyperX,3248,97.5643382352941,325320344108.6667,12
HyperX,3249,97.5735294117647,325320344108.6667,12
HyperX,3250,97.58272058823529,325320344108.6667,12
HyperX,3251,97.59191176470587,325320344108.6667,12
HyperX,3252,97.60110294117646,325320344108.6667,12
HyperX,3253,97.61029411764706,325320344108.6667,12
HyperX,3254,97.61948529411764,325320344108.6667,12
HyperX,3255,97.62867647058825,325320344108.6667,12
HyperX,3256,97.63786764705883,325320344108.6667,12
HyperX,3257,97.64705882352943,325320344108.6667,12
HyperX,3258,97.65625,325320344108.6667,12
HyperX,3259,97.6654411764706,325320344108.6667,12
HyperX,3260,97.67463235294117,325320344108.6667,12
HyperX,3261,97.68382352941177,325320344108.6667,12
HyperX,3262,97.69301470588236,325320344108.6667,12
HyperX,3263,97.70220588235294,325320344108.6667,12
HyperX,3264,97.71139705882352,325320344108.6667,12
HyperX,3265,97.7205882352941,325320344108.6667,12
HyperX,3266,97.7297794117647,325487849931.3333,12
HyperX,3267,97.73897058823529,325487849931.3333,12
HyperX,3268,97.7481617647059,325487849931.3333,12
HyperX,3269,97.75735294117646,325487849931.3333,12
HyperX,3270,97.76654411764707,325487849931.3333,12
HyperX,3271,97.77573529411764,325487849931.3333,12
HyperX,3272,97.78492647058823,325487849931.3333,12
HyperX,3273,97.79411764705883,325487849931.3333,12
HyperX,3274,97.8033088235294,325487849931.3333,12
HyperX,3275,97.8125,325487849931.3333,12
HyperX,3276,97.8216911764706,325487849931.3333,12
HyperX,3277,97.83088235294117,325487849931.3333,12
HyperX,3278,97.84007352941177,325487849931.3333,12
HyperX,3279,97.84926470588236,325487849931.3333,12
HyperX,3280,97.85845588235294,325487849931.3333,12
HyperX,3281,97.86764705882354,325487849931.3333,12
HyperX,3282,97.8768382352941,325487849931.3333,12
HyperX,3283,97.8860294117647,325487849931.3333,12
HyperX,3284,97.89522058823529,325487849931.3333,12
HyperX,3285,97.90441176470587,325487849931.3333,12
HyperX,3286,97.91360294117646,325487849931.3333,12
HyperX,3287,97.92279411764707,325487849931.3333,12
HyperX,3288,97.93198529411764,325487849931.3333,12
HyperX,3289,97.94117647058825,325487849931.3333,12
HyperX,3290,97.95036764705883,325487849931.3333,12
HyperX,3291,97.9595588235294,325487849931.3333,12
HyperX,3292,97.96875,325487849931.3333,12
HyperX,3293,97.9779411764706,325487849931.3333,12
HyperX,3294,97.98713235294117,325487849931.3333,12
HyperX,3295,97.99632352941177,325487849931.3333,12
HyperX,3296,98.00551470588233,325487849931.3333,12
HyperX,3297,98.01470588235294,325487849931.3333,12
HyperX,3298,98.02389705882354,325487849931.3333,12
HyperX,3299,98.03308823529413,325487849931.3333,12
HyperX,3300,98.04227941176471,325487849931.3333,12
HyperX,3301,98.05147058823529,325487849931.3333,12
HyperX,3302,98.06066176470587,325487849931.3333,12
HyperX,3303,98.06985294117646,325487849931.3333,12
HyperX,3304,98.07904411764707,325487849931.3333,12
HyperX,3305,98.08823529411764,325487849931.3333,12
HyperX,3306,98.09742647058823,325487849931.3333,12
HyperX,3307,98.10661764705883,325487849931.3333,12
HyperX,3308,98.1158088235294,325487849931.3333,12
HyperX,3309,98.125,325487849931.3333,12
HyperX,3310,98.1341911764706,325487849931.3333,12
HyperX,3311,98.14338235294117,325487849931.3333,12
HyperX,3312,98.15257352941177,325487849931.3333,12
HyperX,3313,98.16176470588236,325487849931.3333,12
HyperX,3314,98.17095588235294,325487849931.3333,12
HyperX,3315,98.18014705882354,325487849931.3333,12
HyperX,3316,98.18933823529413,325487849931.3333,12
HyperX,3317,98.1985294117647,325487849931.3333,12
HyperX,3318,98.20772058823529,325487849931.3333,12
HyperX,3319,98.21691176470587,325487849931.3333,12
HyperX,3320,98.22610294117646,325487849931.3333,12
HyperX,3321,98.23529411764707,325487849931.3333,12
HyperX,3322,98.24448529411764,325487849931.3333,12
HyperX,3323,98.25367647058825,325487849931.3333,12
HyperX,3324,98.26286764705883,325487849931.3333,12
HyperX,3325,98.2720588235294,325487849931.3333,12
HyperX,3326,98.28125,325487849931.3333,12
HyperX,3327,98.2904411764706,325487849931.3333,12
HyperX,3328,98.29963235294117,325487849931.3333,12
HyperX,3329,98.30882352941177,325487849931.3333,12
HyperX,3330,98.31801470588236,325499315941.3333,12
HyperX,3331,98.32720588235294,325499315941.3333,12
HyperX,3332,98.33639705882354,325499315941.3333,12
HyperX,3333,98.3455882352941,325499315941.3333,12
HyperX,3334,98.3547794117647,325499315941.3333,12
HyperX,3335,98.36397058823529,325499315941.3333,12
HyperX,3336,98.37316176470587,325499315941.3333,12
HyperX,3337,98.38235294117646,325499315941.3333,12
HyperX,3338,98.39154411764706,325499315941.3333,12
HyperX,3339,98.40073529411764,325499315941.3333,12
HyperX,3340,98.40992647058825,325499315941.3333,12
HyperX,3341,98.41911764705883,325499315941.3333,12
HyperX,3342,98.42830882352943,325499315941.3333,12
HyperX,3343,98.4375,325499315941.3333,12
HyperX,3344,98.4466911764706,325499315941.3333,12
HyperX,3345,98.45588235294117,325499315941.3333,12
HyperX,3346,98.46507352941177,325499315941.3333,12
HyperX,3347,98.47426470588236,325499315941.3333,12
HyperX,3348,98.48345588235294,325499315941.3333,12
HyperX,3349,98.49264705882352,325499315941.3333,12
HyperX,3350,98.5018382352941,325499315941.3333,12
HyperX,3351,98.5110294117647,325499315941.3333,12
HyperX,3352,98.52022058823529,325499315941.3333,12
HyperX,3353,98.5294117647059,325499315941.3333,12
HyperX,3354,98.53860294117646,325499315941.3333,12
HyperX,3355,98.54779411764707,325499315941.3333,12
HyperX,3356,98.55698529411764,325499315941.3333,12
HyperX,3357,98.56617647058823,325499315941.3333,12
HyperX,3358,98.57536764705883,325499315941.3333,12
HyperX,3359,98.5845588235294,325499315941.3333,12
HyperX,3360,98.59375,325499315941.3333,12
HyperX,3361,98.6029411764706,325499315941.3333,12
HyperX,3362,98.61213235294117,325499315941.3333,12
HyperX,3363,98.62132352941177,325499315941.3333,12
HyperX,3364,98.63051470588236,325499315941.3333,12
HyperX,3365,98.63970588235294,325499315941.3333,12
HyperX,3366,98.64889705882354,325499315941.3333,12
HyperX,3367,98.6580882352941,325499315941.3333,12
HyperX,3368,98.6672794117647,325499315941.3333,12
HyperX,3369,98.67647058823529,325499315941.3333,12
HyperX,3370,98.68566176470587,325499315941.3333,12
HyperX,3371,98.69485294117646,325499315941.3333,12
HyperX,3372,98.70404411764707,325499315941.3333,12
HyperX,3373,98.71323529411764,325499315941.3333,12
HyperX,3374,98.72242647058825,325499315941.3333,12
HyperX,3375,98.73161764705883,325499315941.3333,12
HyperX,3376,98.7408088235294,325499315941.3333,12
HyperX,3377,98.75,325499315941.3333,12
HyperX,3378,98.7591911764706,325499315941.3333,12
HyperX,3379,98.76838235294117,325499315941.3333,12
HyperX,3380,98.77757352941177,325499315941.3333,12
HyperX,3381,98.78676470588233,325499315941.3333,12
HyperX,3382,98.79595588235294,325499315941.3333,12
HyperX,3383,98.80514705882354,325499315941.3333,12
HyperX,3384,98.81433823529413,325499315941.3333,12
HyperX,3385,98.82352941176471,325499315941.3333,12
HyperX,3386,98.83272058823529,325499315941.3333,12
HyperX,3387,98.84191176470587,325499315941.3333,12
HyperX,3388,98.85110294117646,325499315941.3333,12
HyperX,3389,98.86029411764707,325499315941.3333,12
HyperX,3390,98.86948529411764,325499315941.3333,12
HyperX,3391,98.87867647058823,325499315941.3333,12
HyperX,3392,98.88786764705883,325499315941.3333,12
HyperX,3393,98.8970588235294,325499315941.3333,12
HyperX,3394,98.8970588235294,325499315941.3333,11
HyperX,3395,98.8970588235294,325499315941.3333,11
HyperX,3396,98.8970588235294,325499315941.3333,11
HyperX,3397,98.8970588235294,325499315941.3333,11
HyperX,3398,98.8970588235294,325499315941.3333,11
HyperX,3399,98.8970588235294,325499315941.3333,11
HyperX,3400,98.8970588235294,325499315941.3333,11
HyperX,3401,98.8970588235294,325499315941.3333,11
HyperX,3402,98.8970588235294,325499315941.3333,11
HyperX,3403,98.8970588235294,325499315941.3333,11
HyperX,3404,98.89789438502675,325499315941.3333,11
HyperX,3405,98.90708556149731,325499315941.3333,11
HyperX,3406,98.91627673796792,325499315941.3333,11
HyperX,3407,98.9254679144385,325499315941.3333,11
HyperX,3408,98.9346590909091,325499315941.3333,11
HyperX,3409,98.94385026737969,325499315941.3333,11
HyperX,3410,98.95304144385027,325499315941.3333,11
HyperX,3411,98.96223262032085,325499315941.3333,11
HyperX,3412,98.97142379679144,325499315941.3333,11
HyperX,3413,98.98061497326202,325499315941.3333,11
HyperX,3414,98.98980614973262,325499315941.3333,11
HyperX,3415,98.99899732620321,325499315941.3333,11
HyperX,3416,99.00818850267382,325499315941.3333,11
HyperX,3417,99.01737967914438,325499315941.3333,11
HyperX,3418,99.02657085561496,325499315941.3333,11
HyperX,3419,99.03576203208557,325499315941.3333,11
HyperX,3420,99.04495320855614,325499315941.3333,11
HyperX,3421,99.05414438502675,325499315941.3333,11
HyperX,3422,99.06333556149731,325499315941.3333,11
HyperX,3423,99.07252673796792,325499315941.3333,11
HyperX,3424,99.0817179144385,325499315941.3333,11
HyperX,3425,99.0909090909091,325499315941.3333,11
HyperX,3426,99.0909090909091,325499315941.3333,9
HyperX,3427,99.0909090909091,325499315941.3333,9
HyperX,3428,99.0909090909091,325499315941.3333,9
HyperX,3429,99.0909090909091,325499315941.3333,9
HyperX,3430,99.0909090909091,325499315941.3333,9
HyperX,3431,99.0909090909091,325499315941.3333,9
HyperX,3432,99.0909090909091,325499315941.3333,9
HyperX,3433,99.0909090909091,325499315941.3333,9
HyperX,3434,99.0909090909091,325499315941.3333,9
HyperX,3435,99.0909090909091,325499315941.3333,9
HyperX,3436,99.0909090909091,325499315941.3333,9
HyperX,3437,99.0909090909091,325499315941.3333,9
HyperX,3438,99.0909090909091,325499315941.3333,9
HyperX,3439,99.0909090909091,325499315941.3333,9
HyperX,3440,99.0909090909091,325499315941.3333,9
HyperX,3441,99.0909090909091,325499315941.3333,9
HyperX,3442,99.0909090909091,325499315941.3333,9
HyperX,3443,99.0909090909091,325499315941.3333,9
HyperX,3444,99.0909090909091,325499315941.3333,9
HyperX,3445,99.0909090909091,325499315941.3333,9
HyperX,3446,99.0909090909091,325499315941.3333,9
HyperX,3447,99.09109477124183,325499315941.3333,9
HyperX,3448,99.10028594771242,325499315941.3333,9
HyperX,3449,99.109477124183,325499315941.3333,9
HyperX,3450,99.1186683006536,325499315941.3333,9
HyperX,3451,99.12785947712419,325499315941.3333,9
HyperX,3452,99.13705065359477,325499315941.3333,9
HyperX,3453,99.14624183006535,325499315941.3333,9
HyperX,3454,99.15543300653594,325499315941.3333,9
HyperX,3455,99.16462418300654,325499315941.3333,9
HyperX,3456,99.17381535947713,325499315941.3333,9
HyperX,3457,99.18300653594773,325499315941.3333,9
HyperX,3458,99.18300653594773,325499315941.3333,8
HyperX,3459,99.18300653594773,325499315941.3333,8
HyperX,3460,99.18300653594773,325499315941.3333,8
HyperX,3461,99.18300653594773,325499315941.3333,8
HyperX,3462,99.18300653594773,325499315941.3333,8
HyperX,3463,99.18300653594773,325499315941.3333,8
HyperX,3464,99.18300653594773,325499315941.3333,8
HyperX,3465,99.18300653594773,325499315941.3333,8
HyperX,3466,99.18300653594773,325499315941.3333,8
HyperX,3467,99.18300653594773,325499315941.3333,8
HyperX,3468,99.18300653594773,325499315941.3333,8
HyperX,3469,99.19117647058823,325499315941.3333,8
HyperX,3470,99.20036764705884,325499315941.3333,8
HyperX,3471,99.2095588235294,325499315941.3333,8
HyperX,3472,99.21875,325499315941.3333,8
HyperX,3473,99.22794117647058,325499315941.3333,8
HyperX,3474,99.23713235294119,325499315941.3333,8
HyperX,3475,99.24632352941177,325499315941.3333,8
HyperX,3476,99.25551470588236,325499315941.3333,8
HyperX,3477,99.26470588235293,325499315941.3333,8
HyperX,3478,99.27389705882354,325499315941.3333,8
HyperX,3479,99.2830882352941,325499315941.3333,8
HyperX,3480,99.29227941176471,325499315941.3333,8
HyperX,3481,99.3014705882353,325499315941.3333,8
HyperX,3482,99.31066176470588,325499315941.3333,8
HyperX,3483,99.31985294117648,325499315941.3333,8
HyperX,3484,99.32904411764706,325499315941.3333,8
HyperX,3485,99.33823529411765,325499315941.3333,8
HyperX,3486,99.34742647058823,325499315941.3333,8
HyperX,3487,99.35661764705883,325499315941.3333,8
HyperX,3488,99.3658088235294,325499315941.3333,8
HyperX,3489,99.375,325499315941.3333,8
HyperX,3490,99.38419117647058,325499315941.3333,8
HyperX,3491,99.39338235294117,325499315941.3333,8
HyperX,3492,99.40257352941177,325499315941.3333,8
HyperX,3493,99.41176470588236,325499315941.3333,8
HyperX,3494,99.42095588235294,325499315941.3333,8
HyperX,3495,99.43014705882352,325499315941.3333,8
HyperX,3496,99.4393382352941,325499315941.3333,8
HyperX,3497,99.44852941176471,325499315941.3333,8
HyperX,3498,99.45772058823529,325499315941.3333,8
HyperX,3499,99.46691176470588,325499315941.3333,8
HyperX,3500,99.47610294117648,325499315941.3333,8
HyperX,3501,99.48529411764707,325499315941.3333,8
HyperX,3502,99.49448529411765,325499315941.3333,8
HyperX,3503,99.50367647058823,325499315941.3333,8
HyperX,3504,99.51286764705883,325499315941.3333,8
HyperX,3505,99.5220588235294,325499315941.3333,8
HyperX,3506,99.53125,325499315941.3333,8
HyperX,3507,99.54044117647058,325499315941.3333,8
HyperX,3508,99.54963235294117,325499315941.3333,8
HyperX,3509,99.55882352941177,325499315941.3333,8
HyperX,3510,99.56801470588236,325499315941.3333,8
HyperX,3511,99.57720588235293,325499315941.3333,8
HyperX,3512,99.58639705882354,325499315941.3333,8
HyperX,3513,99.59558823529412,325499315941.3333,8
HyperX,3514,99.60477941176471,325499315941.3333,8
HyperX,3515,99.61397058823529,325499315941.3333,8
HyperX,3516,99.62316176470588,325499315941.3333,8
HyperX,3517,99.63235294117648,325499315941.3333,8
HyperX,3518,99.64154411764707,325499315941.3333,8
HyperX,3519,99.65073529411764,325499315941.3333,8
HyperX,3520,99.65992647058823,325499315941.3333,8
HyperX,3521,99.66911764705883,325499315941.3333,8
HyperX,3522,99.66911764705883,325499315941.3333,5
HyperX,3523,99.66911764705883,325499315941.3333,5
HyperX,3524,99.66911764705883,325499315941.3333,5
HyperX,3525,99.66911764705883,325499315941.3333,5
HyperX,3526,99.66911764705883,325499315941.3333,5
HyperX,3527,99.66911764705883,325499315941.3333,5
HyperX,3528,99.66911764705883,325499315941.3333,5
HyperX,3529,99.66911764705883,325499315941.3333,5
HyperX,3530,99.66911764705883,325499315941.3333,5
HyperX,3531,99.66911764705883,325499315941.3333,5
HyperX,3532,99.66911764705883,325499315941.3333,5
HyperX,3533,99.66911764705883,325499315941.3333,5
HyperX,3534,99.66911764705883,325499315941.3333,5
HyperX,3535,99.66911764705883,325499315941.3333,5
HyperX,3536,99.66911764705883,325499315941.3333,5
HyperX,3537,99.66911764705883,325499315941.3333,5
HyperX,3538,99.66911764705883,325499315941.3333,5
HyperX,3539,99.66911764705883,325499315941.3333,5
HyperX,3540,99.66911764705883,325499315941.3333,5
HyperX,3541,99.66911764705883,325499315941.3333,5
HyperX,3542,99.66911764705883,325499315941.3333,5
HyperX,3543,99.67279411764704,325499315941.3333,5
HyperX,3544,99.68198529411765,325499315941.3333,5
HyperX,3545,99.69117647058823,325499315941.3333,5
HyperX,3546,99.70036764705883,325499315941.3333,5
HyperX,3547,99.7095588235294,325499315941.3333,5
HyperX,3548,99.71875,325499315941.3333,5
HyperX,3549,99.72794117647058,325499315941.3333,5
HyperX,3550,99.73713235294119,325499315941.3333,5
HyperX,3551,99.74632352941175,325499315941.3333,5
HyperX,3552,99.75551470588235,325499315941.3333,5
HyperX,3553,99.76470588235294,325499315941.3333,5
HyperX,3554,99.76470588235294,325499315941.3333,2
HyperX,3555,99.76470588235294,325499315941.3333,2
HyperX,3556,99.76470588235294,325499315941.3333,2
HyperX,3557,99.76470588235294,325499315941.3333,2
HyperX,3558,99.76470588235294,325499315941.3333,2
HyperX,3559,99.76470588235294,325499315941.3333,2
HyperX,3560,99.76470588235294,325499315941.3333,2
HyperX,3561,99.76470588235294,325499315941.3333,2
HyperX,3562,99.76470588235294,325499315941.3333,2
HyperX,3563,99.76470588235294,325499315941.3333,2
HyperX,3564,99.76470588235294,325499315941.3333,2
HyperX,3565,99.76470588235294,325499315941.3333,2
HyperX,3566,99.76470588235294,325499315941.3333,2
HyperX,3567,99.76470588235294,325499315941.3333,2
HyperX,3568,99.76470588235294,325499315941.3333,2
HyperX,3569,99.76470588235294,325499315941.3333,2
HyperX,3570,99.76470588235294,325499315941.3333,2
HyperX,3571,99.76470588235294,325499315941.3333,2
HyperX,3572,99.76470588235294,325499315941.3333,2
HyperX,3573,99.76470588235294,325499315941.3333,2
HyperX,3574,99.76470588235294,325499315941.3333,2
HyperX,3575,99.76470588235294,325499315941.3333,2
HyperX,3576,99.76470588235294,325499315941.3333,2
HyperX,3577,99.76470588235294,325499315941.3333,2
HyperX,3578,99.76470588235294,325499315941.3333,2
HyperX,3579,99.76470588235294,325499315941.3333,2
HyperX,3580,99.76470588235294,325499315941.3333,2
HyperX,3581,99.76470588235294,325499315941.3333,2
HyperX,3582,99.76470588235294,325499315941.3333,2
HyperX,3583,99.76470588235294,325499315941.3333,2
HyperX,3584,99.76470588235294,325499315941.3333,2
HyperX,3585,99.76470588235294,325499315941.3333,2
HyperX,3586,99.76470588235294,325499315941.3333,1
HyperX,3587,99.76470588235294,325499315941.3333,1
HyperX,3588,99.76470588235294,325499315941.3333,1
HyperX,3589,99.76470588235294,325499315941.3333,1
HyperX,3590,99.76470588235294,325499315941.3333,1
HyperX,3591,99.76470588235294,325499315941.3333,1
HyperX,3592,99.76470588235294,325499315941.3333,1
HyperX,3593,99.76470588235294,325499315941.3333,1
HyperX,3594,99.76470588235294,325499315941.3333,1
HyperX,3595,99.76470588235294,325499315941.3333,1
HyperX,3596,99.76470588235294,325499315941.3333,1
HyperX,3597,99.76470588235294,325499315941.3333,1
HyperX,3598,99.76470588235294,325499315941.3333,1
HyperX,3599,99.76470588235294,325499315941.3333,1
HyperX,3600,99.76470588235294,325499315941.3333,1
HyperX,3601,99.76470588235294,325499315941.3333,1
HyperX,3602,99.76470588235294,325499315941.3333,1
HyperX,3603,99.76470588235294,325499315941.3333,1
HyperX,3604,99.76470588235294,325499315941.3333,1
HyperX,3605,99.76470588235294,325499315941.3333,1
HyperX,3606,99.76470588235294,325499315941.3333,1
HyperX,3607,99.76470588235294,325499315941.3333,1
HyperX,3608,99.76470588235294,325499315941.3333,1
HyperX,3609,99.76470588235294,325499315941.3333,1
HyperX,3610,99.76470588235294,325499315941.3333,1
HyperX,3611,99.76470588235294,325499315941.3333,1
HyperX,3612,99.76470588235294,325499315941.3333,1
HyperX,3613,99.76470588235294,325499315941.3333,1
HyperX,3614,99.76470588235294,325499315941.3333,1
HyperX,3615,99.76470588235294,325499315941.3333,1
HyperX,3616,99.76470588235294,325499315941.3333,1
HyperX,3617,99.76470588235294,325499315941.3333,1
HyperX,3618,99.76470588235294,325499315941.3333,1
HyperX,3619,99.76470588235294,325499315941.3333,1
HyperX,3620,99.76470588235294,325499315941.3333,1
HyperX,3621,99.76470588235294,325499315941.3333,1
HyperX,3622,99.76470588235294,325499315941.3333,1
HyperX,3623,99.76470588235294,325499315941.3333,1
HyperX,3624,99.77022058823528,325499315941.3333,1
HyperX,3625,99.77941176470588,325499315941.3333,1
HyperX,3626,99.78860294117648,325499315941.3333,1
HyperX,3627,99.79779411764706,325499315941.3333,1
HyperX,3628,99.80698529411764,325499315941.3333,1
HyperX,3629,99.81617647058825,325499315941.3333,1
HyperX,3630,99.82536764705884,325499315941.3333,1
HyperX,3631,99.8345588235294,325499315941.3333,1
HyperX,3632,99.84375,325499315941.3333,1
HyperX,3633,99.8529411764706,325499315941.3333,1
HyperX,3634,99.86213235294116,325499315941.3333,1
HyperX,3635,99.87132352941175,325499315941.3333,1
HyperX,3636,99.88051470588236,325499315941.3333,1
HyperX,3637,99.88970588235294,325499315941.3333,1
HyperX,3638,99.89889705882354,325499315941.3333,1
HyperX,3639,99.90808823529412,325499315941.3333,1
HyperX,3640,99.91727941176472,325499315941.3333,1
HyperX,3641,99.92647058823528,325499315941.3333,1
HyperX,3642,99.93566176470588,325499315941.3333,1
HyperX,3643,99.94485294117646,325499315941.3333,1
HyperX,3644,99.95404411764706,325499315941.3333,1
HyperX,3645,99.96323529411764,325499315941.3333,1
HyperX,3646,99.97242647058825,325499315941.3333,1
HyperX,3647,99.9816176470588,325499315941.3333,1
HyperX,3648,99.9908088235294,325499315941.3333,1
HyperX,3649,100.0,325499315941.3333,1
Dragonfly+,0,0.0,5802120.533333334,12
Dragonfly+,1,0.0,58021205.333333336,12
Dragonfly+,2,69.2262575075075,58021205.333333336,12
Dragonfly+,3,69.2332957957958,58021205.333333336,12
Dragonfly+,4,69.24033408408408,58021205.333333336,12
Dragonfly+,5,69.24737237237237,58021205.333333336,12
Dragonfly+,6,69.25441066066067,58021205.333333336,12
Dragonfly+,7,69.26144894894894,58021205.333333336,12
Dragonfly+,8,69.26848723723724,58021205.333333336,12
Dragonfly+,9,69.27552552552554,58021205.333333336,12
Dragonfly+,10,69.28256381381381,58021205.333333336,12
Dragonfly+,11,69.28960210210211,58021205.333333336,12
Dragonfly+,12,69.29664039039038,58021205.333333336,12
Dragonfly+,13,69.30367867867868,58021205.333333336,12
Dragonfly+,14,69.31071696696696,58021205.333333336,12
Dragonfly+,15,69.31775525525525,58021205.333333336,12
Dragonfly+,16,69.32479354354355,58021205.333333336,12
Dragonfly+,17,69.33183183183182,58021205.333333336,12
Dragonfly+,18,69.33887012012012,58021205.333333336,12
Dragonfly+,19,69.3459084084084,58021205.333333336,12
Dragonfly+,20,69.35294669669669,58021205.333333336,12
Dragonfly+,21,69.35998498498498,58021205.333333336,12
Dragonfly+,22,69.36702327327328,58021205.333333336,12
Dragonfly+,23,69.37406156156156,58021205.333333336,12
Dragonfly+,24,69.38109984984985,58021205.333333336,12
Dragonfly+,25,69.38813813813813,58021205.333333336,12
Dragonfly+,26,69.39517642642643,58021205.333333336,12
Dragonfly+,27,69.40221471471472,58021205.333333336,12
Dragonfly+,28,69.409253003003,58021205.333333336,12
Dragonfly+,29,69.41629129129129,58021205.333333336,12
Dragonfly+,30,69.42332957957957,58021205.333333336,12
Dragonfly+,31,69.43036786786787,58021205.333333336,12
Dragonfly+,32,69.43740615615616,58021205.333333336,12
Dragonfly+,33,69.44444444444444,58021205.333333336,12
Dragonfly+,34,69.45148273273273,58021205.333333336,12
Dragonfly+,35,69.45852102102101,58021205.333333336,12
Dragonfly+,36,69.46555930930931,58021205.333333336,12
Dragonfly+,37,69.4725975975976,58021205.333333336,12
Dragonfly+,38,69.47963588588588,58021205.333333336,12
Dragonfly+,39,69.48667417417418,58021205.333333336,12
Dragonfly+,40,69.49371246246247,58021205.333333336,12
Dragonfly+,41,69.50075075075075,58021205.333333336,12
Dragonfly+,42,69.50778903903904,58021205.333333336,12
Dragonfly+,43,69.51482732732732,58021205.333333336,12
Dragonfly+,44,69.52186561561562,58021205.333333336,12
Dragonfly+,45,69.52890390390391,58021205.333333336,12
Dragonfly+,46,69.5359421921922,58021205.333333336,12
Dragonfly+,47,69.54298048048048,58021205.333333336,12
Dragonfly+,48,69.55001876876877,58021205.333333336,12
Dragonfly+,49,69.55705705705707,58021205.333333336,12
Dragonfly+,50,69.56409534534535,58021205.333333336,12
Dragonfly+,51,69.57113363363364,58021205.333333336,12
Dragonfly+,52,69.57817192192192,58021205.333333336,12
Dragonfly+,53,69.5852102102102,58021205.333333336,12
Dragonfly+,54,69.5922484984985,58021205.333333336,12
Dragonfly+,55,69.59928678678678,58021205.333333336,12
Dragonfly+,56,69.60632507507508,58021205.333333336,12
Dragonfly+,57,69.61336336336336,58021205.333333336,12
Dragonfly+,58,69.62040165165165,58021205.333333336,12
Dragonfly+,59,69.62743993993995,58021205.333333336,12
Dragonfly+,60,69.63447822822822,58021205.333333336,12
Dragonfly+,61,69.64151651651652,58021205.333333336,12
Dragonfly+,62,69.6485548048048,58021205.333333336,12
Dragonfly+,63,69.65559309309309,58021205.333333336,12
Dragonfly+,64,69.66263138138139,58021205.333333336,12
Dragonfly+,65,69.66966966966966,58021205.333333336,12
Dragonfly+,66,69.67670795795796,58021205.333333336,12
Dragonfly+,67,69.68374624624626,58021205.333333336,12
Dragonfly+,68,69.69078453453453,58021205.333333336,12
Dragonfly+,69,69.69782282282283,58021205.333333336,12
Dragonfly+,70,69.7048611111111,58021205.333333336,12
Dragonfly+,71,69.7118993993994,58021205.333333336,12
Dragonfly+,72,69.71893768768768,58021205.333333336,12
Dragonfly+,73,69.72597597597597,58021205.333333336,12
Dragonfly+,74,69.73301426426427,58021205.333333336,12
Dragonfly+,75,69.74005255255254,58021205.333333336,12
Dragonfly+,76,69.74709084084084,58021205.333333336,12
Dragonfly+,77,69.75412912912913,58021205.333333336,12
Dragonfly+,78,69.76116741741741,58021205.333333336,12
Dragonfly+,79,69.76820570570571,58021205.333333336,12
Dragonfly+,80,69.775243993994,58021205.333333336,12
Dragonfly+,81,69.78228228228228,58021205.333333336,12
Dragonfly+,82,69.78932057057057,58021205.333333336,12
Dragonfly+,83,69.79635885885885,58021205.333333336,12
Dragonfly+,84,69.80339714714715,58021205.333333336,12
Dragonfly+,85,69.81043543543544,58021205.333333336,12
Dragonfly+,86,69.81747372372372,58021205.333333336,12
Dragonfly+,87,69.82451201201201,58021205.333333336,12
Dragonfly+,88,69.8315503003003,58021205.333333336,12
Dragonfly+,89,69.83858858858859,58021205.333333336,12
Dragonfly+,90,69.84562687687688,58021205.333333336,12
Dragonfly+,91,69.85266516516516,58021205.333333336,12
Dragonfly+,92,69.85970345345345,58021205.333333336,12
Dragonfly+,93,69.86674174174175,58021205.333333336,12
Dragonfly+,94,69.87378003003003,58021205.333333336,12
Dragonfly+,95,69.88081831831832,58021205.333333336,12
Dragonfly+,96,69.8878566066066,58021205.333333336,12
Dragonfly+,97,69.89489489489489,58021205.333333336,12
Dragonfly+,98,69.90193318318319,58021205.333333336,12
Dragonfly+,99,69.90897147147147,58021205.333333336,12
Dragonfly+,100,69.91600975975976,58021205.333333336,12
Dragonfly+,101,69.92304804804805,58021205.333333336,12
Dragonfly+,102,69.93008633633633,58021205.333333336,12
Dragonfly+,103,69.93712462462463,58021205.333333336,12
Dragonfly+,104,69.94416291291292,58021205.333333336,12
Dragonfly+,105,69.9512012012012,58021205.333333336,12
Dragonfly+,106,69.95823948948949,58021205.333333336,12
Dragonfly+,107,69.96527777777779,58021205.333333336,12
Dragonfly+,108,69.97231606606606,58021205.333333336,12
Dragonfly+,109,69.97935435435436,58021205.333333336,12
Dragonfly+,110,69.98639264264266,58021205.333333336,12
Dragonfly+,111,69.99343093093093,58021205.333333336,12
Dragonfly+,112,70.00046921921923,58021205.333333336,12
Dragonfly+,113,70.0075075075075,58021205.333333336,12
Dragonfly+,114,70.0145457957958,58021205.333333336,12
Dragonfly+,115,70.02158408408408,58021205.333333336,12
Dragonfly+,116,70.02862237237237,58021205.333333336,12
Dragonfly+,117,70.03566066066067,58021205.333333336,12
Dragonfly+,118,70.04269894894894,58021205.333333336,12
Dragonfly+,119,70.04973723723724,58021205.333333336,12
Dragonfly+,120,70.05677552552554,58021205.333333336,12
Dragonfly+,121,70.06381381381381,58021205.333333336,12
Dragonfly+,122,70.07085210210211,58021205.333333336,12
Dragonfly+,123,70.07789039039038,58021205.333333336,12
Dragonfly+,124,70.08492867867868,58021205.333333336,12
Dragonfly+,125,70.09196696696696,58021205.333333336,12
Dragonfly+,126,70.09900525525525,58021205.333333336,12
Dragonfly+,127,70.10604354354355,58021205.333333336,12
Dragonfly+,128,70.11308183183182,58021205.333333336,12
Dragonfly+,129,70.12012012012012,58021205.333333336,12
Dragonfly+,130,70.1271584084084,4207099538.6666665,12
Dragonfly+,131,70.13419669669669,4207099538.6666665,12
Dragonfly+,132,70.14123498498498,4207099538.6666665,12
Dragonfly+,133,70.14827327327328,4207099538.6666665,12
Dragonfly+,134,70.15531156156156,4207099538.6666665,12
Dragonfly+,135,70.16234984984985,4207099538.6666665,12
Dragonfly+,136,70.16938813813813,4207099538.6666665,12
Dragonfly+,137,70.17642642642643,4207099538.6666665,12
Dragonfly+,138,70.18346471471472,4207099538.6666665,12
Dragonfly+,139,70.190503003003,4207099538.6666665,12
Dragonfly+,140,70.19754129129129,4207099538.6666665,12
Dragonfly+,141,70.20457957957957,4207099538.6666665,12
Dragonfly+,142,70.21161786786787,4207099538.6666665,12
Dragonfly+,143,70.21865615615616,4207099538.6666665,12
Dragonfly+,144,70.22569444444444,4207099538.6666665,12
Dragonfly+,145,70.23273273273273,4207099538.6666665,12
Dragonfly+,146,70.23977102102101,4207099538.6666665,12
Dragonfly+,147,70.24680930930931,4207099538.6666665,12
Dragonfly+,148,70.2538475975976,4207099538.6666665,12
Dragonfly+,149,70.26088588588588,4207099538.6666665,12
Dragonfly+,150,70.26792417417418,4207099538.6666665,12
Dragonfly+,151,70.27496246246247,4207099538.6666665,12
Dragonfly+,152,70.28200075075075,4207099538.6666665,12
Dragonfly+,153,70.28903903903904,4207099538.6666665,12
Dragonfly+,154,70.29607732732732,4207099538.6666665,12
Dragonfly+,155,70.30311561561562,4207099538.6666665,12
Dragonfly+,156,70.31015390390391,4207099538.6666665,12
Dragonfly+,157,70.3171921921922,4207099538.6666665,12
Dragonfly+,158,70.32423048048048,4207099538.6666665,12
Dragonfly+,159,70.33126876876877,4207099538.6666665,12
Dragonfly+,160,70.33830705705707,4207099538.6666665,12
Dragonfly+,161,70.34534534534535,4207099538.6666665,12
Dragonfly+,162,70.35238363363364,4207099538.6666665,12
Dragonfly+,163,70.35942192192192,4207099538.6666665,12
Dragonfly+,164,70.3664602102102,4207099538.6666665,12
Dragonfly+,165,70.3734984984985,4207099538.6666665,12
Dragonfly+,166,70.38053678678678,4207099538.6666665,12
Dragonfly+,167,70.38757507507508,4207099538.6666665,12
Dragonfly+,168,70.39461336336336,4207099538.6666665,12
Dragonfly+,169,70.40165165165165,4207099538.6666665,12
Dragonfly+,170,70.40868993993995,4207099538.6666665,12
Dragonfly+,171,70.41572822822822,4207099538.6666665,12
Dragonfly+,172,70.42276651651652,4207099538.6666665,12
Dragonfly+,173,70.4298048048048,4207099538.6666665,12
Dragonfly+,174,70.43684309309309,4207099538.6666665,12
Dragonfly+,175,70.44388138138139,4207099538.6666665,12
Dragonfly+,176,70.45091966966966,4207099538.6666665,12
Dragonfly+,177,70.45795795795796,4207099538.6666665,12
Dragonfly+,178,70.46499624624626,4207099538.6666665,12
Dragonfly+,179,70.47203453453453,4207099538.6666665,12
Dragonfly+,180,70.47907282282283,4207099538.6666665,12
Dragonfly+,181,70.4861111111111,4207099538.6666665,12
Dragonfly+,182,70.4931493993994,4207099538.6666665,12
Dragonfly+,183,70.50018768768768,4207099538.6666665,12
Dragonfly+,184,70.50722597597597,4207099538.6666665,12
Dragonfly+,185,70.51426426426427,4207099538.6666665,12
Dragonfly+,186,70.52130255255254,4207099538.6666665,12
Dragonfly+,187,70.52834084084084,4207099538.6666665,12
Dragonfly+,188,70.53537912912913,4207099538.6666665,12
Dragonfly+,189,70.54241741741741,4207099538.6666665,12
Dragonfly+,190,70.54945570570571,4207099538.6666665,12
Dragonfly+,191,70.556493993994,4207099538.6666665,12
Dragonfly+,192,70.56353228228228,4207099538.6666665,12
Dragonfly+,193,70.57057057057057,4207099538.6666665,12
Dragonfly+,194,70.57760885885885,4207099538.6666665,12
Dragonfly+,195,70.58464714714715,4207099538.6666665,12
Dragonfly+,196,70.59168543543544,4207099538.6666665,12
Dragonfly+,197,70.59872372372372,4207099538.6666665,12
Dragonfly+,198,70.60576201201201,4207099538.6666665,12
Dragonfly+,199,70.6128003003003,4207099538.6666665,12
Dragonfly+,200,70.61983858858859,4207099538.6666665,12
Dragonfly+,201,70.62687687687688,4207099538.6666665,12
Dragonfly+,202,70.63391516516516,4207099538.6666665,12
Dragonfly+,203,70.64095345345345,4207099538.6666665,12
Dragonfly+,204,70.64799174174175,4207099538.6666665,12
Dragonfly+,205,70.65503003003003,4207099538.6666665,12
Dragonfly+,206,70.66206831831832,4207099538.6666665,12
Dragonfly+,207,70.6691066066066,4207099538.6666665,12
Dragonfly+,208,70.67614489489489,4207099538.6666665,12
Dragonfly+,209,70.68318318318319,4207099538.6666665,12
Dragonfly+,210,70.69022147147147,4207099538.6666665,12
Dragonfly+,211,70.69725975975976,4207099538.6666665,12
Dragonfly+,212,70.70429804804805,4207099538.6666665,12
Dragonfly+,213,70.71133633633633,4207099538.6666665,12
Dragonfly+,214,70.71837462462463,4207099538.6666665,12
Dragonfly+,215,70.72541291291292,4207099538.6666665,12
Dragonfly+,216,70.7324512012012,4207099538.6666665,12
Dragonfly+,217,70.73948948948949,4207099538.6666665,12
Dragonfly+,218,70.74652777777779,4207099538.6666665,12
Dragonfly+,219,70.75356606606606,4207099538.6666665,12
Dragonfly+,220,70.76060435435436,4207099538.6666665,12
Dragonfly+,221,70.76764264264266,4207099538.6666665,12
Dragonfly+,222,70.77468093093093,4207099538.6666665,12
Dragonfly+,223,70.78171921921923,4207099538.6666665,12
Dragonfly+,224,70.7887575075075,4207099538.6666665,12
Dragonfly+,225,70.7957957957958,4207099538.6666665,12
Dragonfly+,226,70.80283408408408,4207099538.6666665,12
Dragonfly+,227,70.80987237237237,4207099538.6666665,12
Dragonfly+,228,70.81691066066067,4207099538.6666665,12
Dragonfly+,229,70.82394894894894,4207099538.6666665,12
Dragonfly+,230,70.83098723723724,4207099538.6666665,12
Dragonfly+,231,70.83802552552554,4207099538.6666665,12
Dragonfly+,232,70.84506381381381,4207099538.6666665,12
Dragonfly+,233,70.85210210210211,4207099538.6666665,12
Dragonfly+,234,70.85914039039038,4207099538.6666665,12
Dragonfly+,235,70.86617867867868,4207099538.6666665,12
Dragonfly+,236,70.87321696696696,4207099538.6666665,12
Dragonfly+,237,70.88025525525525,4207099538.6666665,12
Dragonfly+,238,70.88729354354355,4207099538.6666665,12
Dragonfly+,239,70.89433183183182,4207099538.6666665,12
Dragonfly+,240,70.90137012012012,4207099538.6666665,12
Dragonfly+,241,70.9084084084084,4207099538.6666665,12
Dragonfly+,242,70.91544669669669,4207099538.6666665,12
Dragonfly+,243,70.92248498498498,4207099538.6666665,12
Dragonfly+,244,70.92952327327328,4207099538.6666665,12
Dragonfly+,245,70.93656156156156,4207099538.6666665,12
Dragonfly+,246,70.94359984984985,4207099538.6666665,12
Dragonfly+,247,70.95063813813813,4207099538.6666665,12
Dragonfly+,248,70.95767642642643,4207099538.6666665,12
Dragonfly+,249,70.96471471471472,4207099538.6666665,12
Dragonfly+,250,70.971753003003,4207099538.6666665,12
Dragonfly+,251,70.97879129129129,4207099538.6666665,12
Dragonfly+,252,70.98582957957957,4207099538.6666665,12
Dragonfly+,253,70.99286786786787,4207099538.6666665,12
Dragonfly+,254,70.99990615615616,4207099538.6666665,12
Dragonfly+,255,71.00694444444444,4207099538.6666665,12
Dragonfly+,256,71.01398273273273,4207099538.6666665,12
Dragonfly+,257,71.02102102102101,4207099538.6666665,12
Dragonfly+,258,71.02805930930931,6975872042.666667,12
Dragonfly+,259,71.0350975975976,6975872042.666667,12
Dragonfly+,260,71.04213588588588,6975872042.666667,12
Dragonfly+,261,71.04917417417418,6975872042.666667,12
Dragonfly+,262,71.05621246246247,6975872042.666667,12
Dragonfly+,263,71.06325075075075,6975872042.666667,12
Dragonfly+,264,71.07028903903904,6975872042.666667,12
Dragonfly+,265,71.07732732732732,6975872042.666667,12
Dragonfly+,266,71.08436561561562,6975872042.666667,12
Dragonfly+,267,71.09140390390391,6975872042.666667,12
Dragonfly+,268,71.0984421921922,6975872042.666667,12
Dragonfly+,269,71.10548048048048,6975872042.666667,12
Dragonfly+,270,71.11251876876877,6975872042.666667,12
Dragonfly+,271,71.11955705705707,6975872042.666667,12
Dragonfly+,272,71.12659534534535,6975872042.666667,12
Dragonfly+,273,71.13363363363364,6975872042.666667,12
Dragonfly+,274,71.14067192192192,6975872042.666667,12
Dragonfly+,275,71.1477102102102,6975872042.666667,12
Dragonfly+,276,71.1547484984985,6975872042.666667,12
Dragonfly+,277,71.16178678678678,6975872042.666667,12
Dragonfly+,278,71.16882507507508,6975872042.666667,12
Dragonfly+,279,71.17586336336336,6975872042.666667,12
Dragonfly+,280,71.18290165165165,6975872042.666667,12
Dragonfly+,281,71.18993993993995,6975872042.666667,12
Dragonfly+,282,71.19697822822822,6975872042.666667,12
Dragonfly+,283,71.20401651651652,6975872042.666667,12
Dragonfly+,284,71.2110548048048,6975872042.666667,12
Dragonfly+,285,71.21809309309309,6975872042.666667,12
Dragonfly+,286,71.22513138138139,6975872042.666667,12
Dragonfly+,287,71.23216966966966,6975872042.666667,12
Dragonfly+,288,71.23920795795796,6975872042.666667,12
Dragonfly+,289,71.24624624624626,6975872042.666667,12
Dragonfly+,290,71.25328453453453,6975872042.666667,12
Dragonfly+,291,71.26032282282283,6975872042.666667,12
Dragonfly+,292,71.2673611111111,6975872042.666667,12
Dragonfly+,293,71.2743993993994,6975872042.666667,12
Dragonfly+,294,71.28143768768768,6975872042.666667,12
Dragonfly+,295,71.28847597597597,6975872042.666667,12
Dragonfly+,296,71.29551426426427,6975872042.666667,12
Dragonfly+,297,71.30255255255254,6975872042.666667,12
Dragonfly+,298,71.30959084084084,6975872042.666667,12
Dragonfly+,299,71.31662912912913,6975872042.666667,12
Dragonfly+,300,71.32366741741741,6975872042.666667,12
Dragonfly+,301,71.33070570570571,6975872042.666667,12
Dragonfly+,302,71.337743993994,6975872042.666667,12
Dragonfly+,303,71.34478228228228,6975872042.666667,12
Dragonfly+,304,71.35182057057057,6975872042.666667,12
Dragonfly+,305,71.35885885885885,6975872042.666667,12
Dragonfly+,306,71.36589714714715,6975872042.666667,12
Dragonfly+,307,71.37293543543544,6975872042.666667,12
Dragonfly+,308,71.37997372372372,6975872042.666667,12
Dragonfly+,309,71.38701201201201,6975872042.666667,12
Dragonfly+,310,71.3940503003003,6975872042.666667,12
Dragonfly+,311,71.40108858858859,6975872042.666667,12
Dragonfly+,312,71.40812687687688,6975872042.666667,12
Dragonfly+,313,71.41516516516516,6975872042.666667,12
Dragonfly+,314,71.42220345345345,6975872042.666667,12
Dragonfly+,315,71.42924174174175,6975872042.666667,12
Dragonfly+,316,71.43628003003003,6975872042.666667,12
Dragonfly+,317,71.44331831831832,6975872042.666667,12
Dragonfly+,318,71.4503566066066,6975872042.666667,12
Dragonfly+,319,71.45739489489489,6975872042.666667,12
Dragonfly+,320,71.46443318318319,6975872042.666667,12
Dragonfly+,321,71.47147147147147,6975872042.666667,12
Dragonfly+,322,71.47850975975976,6975872042.666667,12
Dragonfly+,323,71.48554804804805,6975872042.666667,12
Dragonfly+,324,71.49258633633633,6975872042.666667,12
Dragonfly+,325,71.49962462462463,6975872042.666667,12
Dragonfly+,326,71.50666291291292,6975872042.666667,12
Dragonfly+,327,71.5137012012012,6975872042.666667,12
Dragonfly+,328,71.52073948948949,6975872042.666667,12
Dragonfly+,329,71.52777777777779,6975872042.666667,12
Dragonfly+,330,71.53481606606606,6975872042.666667,12
Dragonfly+,331,71.54185435435436,6975872042.666667,12
Dragonfly+,332,71.54889264264266,6975872042.666667,12
Dragonfly+,333,71.55593093093093,6975872042.666667,12
Dragonfly+,334,71.56296921921923,6975872042.666667,12
Dragonfly+,335,71.5700075075075,6975872042.666667,12
Dragonfly+,336,71.5770457957958,6975872042.666667,12
Dragonfly+,337,71.58408408408408,6975872042.666667,12
Dragonfly+,338,71.59112237237237,6975872042.666667,12
Dragonfly+,339,71.59816066066067,6975872042.666667,12
Dragonfly+,340,71.60519894894894,6975872042.666667,12
Dragonfly+,341,71.61223723723724,6975872042.666667,12
Dragonfly+,342,71.61927552552554,6975872042.666667,12
Dragonfly+,343,71.62631381381381,6975872042.666667,12
Dragonfly+,344,71.63335210210211,6975872042.666667,12
Dragonfly+,345,71.64039039039038,6975872042.666667,12
Dragonfly+,346,71.64742867867868,6975872042.666667,12
Dragonfly+,347,71.65446696696696,6975872042.666667,12
Dragonfly+,348,71.66150525525525,6975872042.666667,12
Dragonfly+,349,71.66854354354355,6975872042.666667,12
Dragonfly+,350,71.67558183183182,6975872042.666667,12
Dragonfly+,351,71.68262012012012,6975872042.666667,12
Dragonfly+,352,71.6896584084084,6975872042.666667,12
Dragonfly+,353,71.69669669669669,6975872042.666667,12
Dragonfly+,354,71.70373498498498,6975872042.666667,12
Dragonfly+,355,71.71077327327328,6975872042.666667,12
Dragonfly+,356,71.71781156156156,6975872042.666667,12
Dragonfly+,357,71.72484984984985,6975872042.666667,12
Dragonfly+,358,71.73188813813813,6975872042.666667,12
Dragonfly+,359,71.73892642642643,6975872042.666667,12
Dragonfly+,360,71.74596471471472,6975872042.666667,12
Dragonfly+,361,71.753003003003,6975872042.666667,12
Dragonfly+,362,71.76004129129129,6975872042.666667,12
Dragonfly+,363,71.76707957957957,6975872042.666667,12
Dragonfly+,364,71.77411786786787,6975872042.666667,12
Dragonfly+,365,71.78115615615616,6975872042.666667,12
Dragonfly+,366,71.78819444444444,6975872042.666667,12
Dragonfly+,367,71.79523273273273,6975872042.666667,12
Dragonfly+,368,71.80227102102101,6975872042.666667,12
Dragonfly+,369,71.80930930930931,6975872042.666667,12
Dragonfly+,370,71.8163475975976,6975872042.666667,12
Dragonfly+,371,71.82338588588588,6975872042.666667,12
Dragonfly+,372,71.83042417417418,6975872042.666667,12
Dragonfly+,373,71.83746246246247,6975872042.666667,12
Dragonfly+,374,71.84450075075075,6975872042.666667,12
Dragonfly+,375,71.85153903903904,6975872042.666667,12
Dragonfly+,376,71.85857732732732,6975872042.666667,12
Dragonfly+,377,71.86561561561562,6975872042.666667,12
Dragonfly+,378,71.87265390390391,6975872042.666667,12
Dragonfly+,379,71.8796921921922,6975872042.666667,12
Dragonfly+,380,71.88673048048048,6975872042.666667,12
Dragonfly+,381,71.89376876876877,6975872042.666667,12
Dragonfly+,382,71.90080705705707,6975872042.666667,12
Dragonfly+,383,71.90784534534535,6975872042.666667,12
Dragonfly+,384,71.91488363363364,6975872042.666667,12
Dragonfly+,385,71.92192192192192,6975872042.666667,12
Dragonfly+,386,71.9289602102102,6975872042.666667,12
Dragonfly+,387,71.9359984984985,6975872042.666667,12
Dragonfly+,388,71.94303678678678,6975872042.666667,12
Dragonfly+,389,71.95007507507508,6975872042.666667,12
Dragonfly+,390,71.95711336336336,6975872042.666667,12
Dragonfly+,391,71.96415165165165,6975872042.666667,12
Dragonfly+,392,71.97118993993995,6975872042.666667,12
Dragonfly+,393,71.97822822822822,6975872042.666667,12
Dragonfly+,394,71.98526651651652,6975872042.666667,12
Dragonfly+,395,71.9923048048048,6975872042.666667,12
Dragonfly+,396,71.99934309309309,6975872042.666667,12
Dragonfly+,397,72.00638138138139,6975872042.666667,12
Dragonfly+,398,72.01341966966966,6975872042.666667,12
Dragonfly+,399,72.02045795795796,6975872042.666667,12
Dragonfly+,400,72.02749624624626,6975872042.666667,12
Dragonfly+,401,72.03453453453453,6975872042.666667,12
Dragonfly+,402,72.04157282282283,6975872042.666667,12
Dragonfly+,403,72.0486111111111,6975872042.666667,12
Dragonfly+,404,72.0556493993994,6975872042.666667,12
Dragonfly+,405,72.06268768768768,6975872042.666667,12
Dragonfly+,406,72.06972597597597,6975872042.666667,12
Dragonfly+,407,72.07676426426427,6975872042.666667,12
Dragonfly+,408,72.08380255255254,6975872042.666667,12
Dragonfly+,409,72.09084084084084,6975872042.666667,12
Dragonfly+,410,72.09787912912913,6975872042.666667,12
Dragonfly+,411,72.10491741741741,6975872042.666667,12
Dragonfly+,412,72.11195570570571,6975872042.666667,12
Dragonfly+,413,72.118993993994,6975872042.666667,12
Dragonfly+,414,72.12603228228228,6975872042.666667,12
Dragonfly+,415,72.13307057057057,6975872042.666667,12
Dragonfly+,416,72.14010885885885,6975872042.666667,12
Dragonfly+,417,72.14714714714715,6975872042.666667,12
Dragonfly+,418,72.15418543543544,6975872042.666667,12
Dragonfly+,419,72.16122372372372,6975872042.666667,12
Dragonfly+,420,72.16826201201201,6975872042.666667,12
Dragonfly+,421,72.1753003003003,6975872042.666667,12
Dragonfly+,422,72.18233858858859,6975872042.666667,12
Dragonfly+,423,72.18937687687688,6975872042.666667,12
Dragonfly+,424,72.19641516516516,6975872042.666667,12
Dragonfly+,425,72.20345345345345,6975872042.666667,12
Dragonfly+,426,72.21049174174175,6975872042.666667,12
Dragonfly+,427,72.21753003003003,6975872042.666667,12
Dragonfly+,428,72.22456831831832,6975872042.666667,12
Dragonfly+,429,72.2316066066066,6975872042.666667,12
Dragonfly+,430,72.23864489489489,6975872042.666667,12
Dragonfly+,431,72.24568318318319,6975872042.666667,12
Dragonfly+,432,72.25272147147147,6975872042.666667,12
Dragonfly+,433,72.25975975975976,6975872042.666667,12
Dragonfly+,434,72.26679804804805,6975872042.666667,12
Dragonfly+,435,72.27383633633633,6975872042.666667,12
Dragonfly+,436,72.28087462462463,6975872042.666667,12
Dragonfly+,437,72.28791291291292,6975872042.666667,12
Dragonfly+,438,72.2949512012012,6975872042.666667,12
Dragonfly+,439,72.30198948948949,6975872042.666667,12
Dragonfly+,440,72.30902777777779,6975872042.666667,12
Dragonfly+,441,72.31606606606606,6975872042.666667,12
Dragonfly+,442,72.32310435435436,6975872042.666667,12
Dragonfly+,443,72.33014264264266,6975872042.666667,12
Dragonfly+,444,72.33718093093093,6975872042.666667,12
Dragonfly+,445,72.34421921921923,6975872042.666667,12
Dragonfly+,446,72.3512575075075,6975872042.666667,12
Dragonfly+,447,72.3582957957958,6975872042.666667,12
Dragonfly+,448,72.36533408408408,6975872042.666667,12
Dragonfly+,449,72.37237237237237,6975872042.666667,12
Dragonfly+,450,72.37941066066067,6975872042.666667,12
Dragonfly+,451,72.38644894894894,6975872042.666667,12
Dragonfly+,452,72.39348723723724,6975872042.666667,12
Dragonfly+,453,72.40052552552554,6975872042.666667,12
Dragonfly+,454,72.40756381381381,6975872042.666667,12
Dragonfly+,455,72.41460210210211,6975872042.666667,12
Dragonfly+,456,72.42164039039038,6975872042.666667,12
Dragonfly+,457,72.42867867867868,6975872042.666667,12
Dragonfly+,458,72.43571696696696,6975872042.666667,12
Dragonfly+,459,72.44275525525525,6975872042.666667,12
Dragonfly+,460,72.44979354354355,6975872042.666667,12
Dragonfly+,461,72.45683183183182,6975872042.666667,12
Dragonfly+,462,72.46387012012012,6975872042.666667,12
Dragonfly+,463,72.4709084084084,6975872042.666667,12
Dragonfly+,464,72.47794669669669,6975872042.666667,12
Dragonfly+,465,72.48498498498498,6975872042.666667,12
Dragonfly+,466,72.49202327327328,6975872042.666667,12
Dragonfly+,467,72.49906156156156,6975872042.666667,12
Dragonfly+,468,72.50609984984985,6975872042.666667,12
Dragonfly+,469,72.51313813813813,6975872042.666667,12
Dragonfly+,470,72.52017642642643,6975872042.666667,12
Dragonfly+,471,72.52721471471472,6975872042.666667,12
Dragonfly+,472,72.534253003003,6975872042.666667,12
Dragonfly+,473,72.54129129129129,6975872042.666667,12
Dragonfly+,474,72.54832957957957,6975872042.666667,12
Dragonfly+,475,72.55536786786787,6975872042.666667,12
Dragonfly+,476,72.56240615615616,6975872042.666667,12
Dragonfly+,477,72.56944444444444,6975872042.666667,12
Dragonfly+,478,72.57648273273273,6975872042.666667,12
Dragonfly+,479,72.58352102102101,6975872042.666667,12
Dragonfly+,480,72.59055930930931,6975872042.666667,12
Dragonfly+,481,72.5975975975976,6975872042.666667,12
Dragonfly+,482,72.60463588588588,6975872042.666667,12
Dragonfly+,483,72.61167417417418,6975872042.666667,12
Dragonfly+,484,72.61871246246247,6975872042.666667,12
Dragonfly+,485,72.62575075075075,6975872042.666667,12
Dragonfly+,486,72.63278903903904,6975872042.666667,12
Dragonfly+,487,72.63982732732732,6975872042.666667,12
Dragonfly+,488,72.64686561561562,6975872042.666667,12
Dragonfly+,489,72.65390390390391,6975872042.666667,12
Dragonfly+,490,72.6609421921922,6975872042.666667,12
Dragonfly+,491,72.66798048048048,6975872042.666667,12
Dragonfly+,492,72.67501876876877,6975872042.666667,12
Dragonfly+,493,72.68205705705707,6975872042.666667,12
Dragonfly+,494,72.68909534534535,6975872042.666667,12
Dragonfly+,495,72.69613363363364,6975872042.666667,12
Dragonfly+,496,72.70317192192192,6975872042.666667,12
Dragonfly+,497,72.7102102102102,6975872042.666667,12
Dragonfly+,498,72.7172484984985,6975872042.666667,12
Dragonfly+,499,72.72428678678678,6975872042.666667,12
Dragonfly+,500,72.73132507507508,6975872042.666667,12
Dragonfly+,501,72.73836336336336,6975872042.666667,12
Dragonfly+,502,72.74540165165165,6975872042.666667,12
Dragonfly+,503,72.75243993993995,6975872042.666667,12
Dragonfly+,504,72.75947822822822,6975872042.666667,12
Dragonfly+,505,72.76651651651652,6975872042.666667,12
Dragonfly+,506,72.7735548048048,6975872042.666667,12
Dragonfly+,507,72.78059309309309,6975872042.666667,12
Dragonfly+,508,72.78763138138139,6975872042.666667,12
Dragonfly+,509,72.79466966966966,6975872042.666667,12
Dragonfly+,510,72.80170795795796,6975872042.666667,12
Dragonfly+,511,72.80874624624626,6975872042.666667,12
Dragonfly+,512,72.81578453453453,6975872042.666667,12
Dragonfly+,513,72.82282282282283,6975872042.666667,12
Dragonfly+,514,72.8298611111111,6975872042.666667,12
Dragonfly+,515,72.8368993993994,6975872042.666667,12
Dragonfly+,516,72.84393768768768,6975872042.666667,12
Dragonfly+,517,72.85097597597597,6975872042.666667,12
Dragonfly+,518,72.85801426426427,6975872042.666667,12
Dragonfly+,519,72.86505255255254,6975872042.666667,12
Dragonfly+,520,72.87209084084084,6975872042.666667,12
Dragonfly+,521,72.87912912912913,6975872042.666667,12
Dragonfly+,522,72.88616741741741,6975872042.666667,12
Dragonfly+,523,72.89320570570571,6975872042.666667,12
Dragonfly+,524,72.900243993994,6975872042.666667,12
Dragonfly+,525,72.90728228228228,6975872042.666667,12
Dragonfly+,526,72.91432057057057,6975872042.666667,12
Dragonfly+,527,72.92135885885885,6975872042.666667,12
Dragonfly+,528,72.92839714714715,6975872042.666667,12
Dragonfly+,529,72.93543543543544,6975872042.666667,12
Dragonfly+,530,72.94247372372372,6975872042.666667,12
Dragonfly+,531,72.94951201201201,6975872042.666667,12
Dragonfly+,532,72.9565503003003,6975872042.666667,12
Dragonfly+,533,72.96358858858859,6975872042.666667,12
Dragonfly+,534,72.97062687687688,6975872042.666667,12
Dragonfly+,535,72.97766516516516,6975872042.666667,12
Dragonfly+,536,72.98470345345345,6975872042.666667,12
Dragonfly+,537,72.99174174174175,6975872042.666667,12
Dragonfly+,538,72.99878003003003,6975872042.666667,12
Dragonfly+,539,73.00581831831832,6975872042.666667,12
Dragonfly+,540,73.0128566066066,6975872042.666667,12
Dragonfly+,541,73.01989489489489,6975872042.666667,12
Dragonfly+,542,73.02693318318319,6975872042.666667,12
Dragonfly+,543,73.03397147147147,6975872042.666667,12
Dragonfly+,544,73.04100975975976,6975872042.666667,12
Dragonfly+,545,73.04804804804805,6975872042.666667,12
Dragonfly+,546,73.05508633633633,6975872042.666667,12
Dragonfly+,547,73.06212462462463,6975872042.666667,12
Dragonfly+,548,73.06916291291292,6975872042.666667,12
Dragonfly+,549,73.0762012012012,6975872042.666667,12
Dragonfly+,550,73.08323948948949,6975872042.666667,12
Dragonfly+,551,73.09027777777779,6975872042.666667,12
Dragonfly+,552,73.09731606606606,6975872042.666667,12
Dragonfly+,553,73.10435435435436,6975872042.666667,12
Dragonfly+,554,73.11139264264266,6975872042.666667,12
Dragonfly+,555,73.11843093093093,6975872042.666667,12
Dragonfly+,556,73.12546921921923,6975872042.666667,12
Dragonfly+,557,73.1325075075075,6975872042.666667,12
Dragonfly+,558,73.1395457957958,6975872042.666667,12
Dragonfly+,559,73.14658408408408,6975872042.666667,12
Dragonfly+,560,73.15362237237237,6975872042.666667,12
Dragonfly+,561,73.16066066066067,6975872042.666667,12
Dragonfly+,562,73.16769894894894,6975872042.666667,12
Dragonfly+,563,73.17473723723724,6975872042.666667,12
Dragonfly+,564,73.18177552552554,6975872042.666667,12
Dragonfly+,565,73.18881381381381,6975872042.666667,12
Dragonfly+,566,73.19585210210211,6975872042.666667,12
Dragonfly+,567,73.20289039039038,6975872042.666667,12
Dragonfly+,568,73.20992867867868,6975872042.666667,12
Dragonfly+,569,73.21696696696696,6975872042.666667,12
Dragonfly+,570,73.22400525525525,6975872042.666667,12
Dragonfly+,571,73.23104354354355,6975872042.666667,12
Dragonfly+,572,73.23808183183182,6975872042.666667,12
Dragonfly+,573,73.24512012012012,6975872042.666667,12
Dragonfly+,574,73.2521584084084,6975872042.666667,12
Dragonfly+,575,73.25919669669669,6975872042.666667,12
Dragonfly+,576,73.26623498498498,6975872042.666667,12
Dragonfly+,577,73.27327327327328,6975872042.666667,12
Dragonfly+,578,73.28031156156156,6975872042.666667,12
Dragonfly+,579,73.28734984984985,6975872042.666667,12
Dragonfly+,580,73.29438813813813,6975872042.666667,12
Dragonfly+,581,73.30142642642643,6975872042.666667,12
Dragonfly+,582,73.30846471471472,6975872042.666667,12
Dragonfly+,583,73.315503003003,6975872042.666667,12
Dragonfly+,584,73.32254129129129,6975872042.666667,12
Dragonfly+,585,73.32957957957957,6975872042.666667,12
Dragonfly+,586,73.33661786786787,6975872042.666667,12
Dragonfly+,587,73.34365615615616,6975872042.666667,12
Dragonfly+,588,73.35069444444444,6975872042.666667,12
Dragonfly+,589,73.35773273273273,6975872042.666667,12
Dragonfly+,590,73.36477102102101,6975872042.666667,12
Dragonfly+,591,73.37180930930931,6975872042.666667,12
Dragonfly+,592,73.3788475975976,6975872042.666667,12
Dragonfly+,593,73.38588588588588,6975872042.666667,12
Dragonfly+,594,73.39292417417418,6975872042.666667,12
Dragonfly+,595,73.39996246246247,6975872042.666667,12
Dragonfly+,596,73.40700075075075,6975872042.666667,12
Dragonfly+,597,73.41403903903904,6975872042.666667,12
Dragonfly+,598,73.42107732732732,6975872042.666667,12
Dragonfly+,599,73.42811561561562,6975872042.666667,12
Dragonfly+,600,73.43515390390391,6975872042.666667,12
Dragonfly+,601,73.4421921921922,6975872042.666667,12
Dragonfly+,602,73.44923048048048,6975872042.666667,12
Dragonfly+,603,73.45626876876877,6975872042.666667,12
Dragonfly+,604,73.46330705705707,6975872042.666667,12
Dragonfly+,605,73.47034534534535,6975872042.666667,12
Dragonfly+,606,73.47738363363364,6975872042.666667,12
Dragonfly+,607,73.48442192192192,6975872042.666667,12
Dragonfly+,608,73.4914602102102,6975872042.666667,12
Dragonfly+,609,73.4984984984985,6975872042.666667,12
Dragonfly+,610,73.50553678678678,6975872042.666667,12
Dragonfly+,611,73.51257507507508,6975872042.666667,12
Dragonfly+,612,73.51961336336336,6975872042.666667,12
Dragonfly+,613,73.52665165165165,6975872042.666667,12
Dragonfly+,614,73.53368993993995,6975872042.666667,12
Dragonfly+,615,73.54072822822822,6975872042.666667,12
Dragonfly+,616,73.54776651651652,6975872042.666667,12
Dragonfly+,617,73.5548048048048,6975872042.666667,12
Dragonfly+,618,73.56184309309309,6975872042.666667,12
Dragonfly+,619,73.56888138138139,6975872042.666667,12
Dragonfly+,620,73.57591966966966,6975872042.666667,12
Dragonfly+,621,73.58295795795796,6975872042.666667,12
Dragonfly+,622,73.58999624624626,6975872042.666667,12
Dragonfly+,623,73.59703453453453,6975872042.666667,12
Dragonfly+,624,73.60407282282283,6975872042.666667,12
Dragonfly+,625,73.6111111111111,6975872042.666667,12
Dragonfly+,626,73.6181493993994,6975872042.666667,12
Dragonfly+,627,73.62518768768768,6975872042.666667,12
Dragonfly+,628,73.63222597597597,6975872042.666667,12
Dragonfly+,629,73.63926426426427,6975872042.666667,12
Dragonfly+,630,73.64630255255254,6975872042.666667,12
Dragonfly+,631,73.65334084084084,6975872042.666667,12
Dragonfly+,632,73.66037912912913,6975872042.666667,12
Dragonfly+,633,73.66741741741741,6975872042.666667,12
Dragonfly+,634,73.67445570570571,6975872042.666667,12
Dragonfly+,635,73.681493993994,6975872042.666667,12
Dragonfly+,636,73.68853228228228,6975872042.666667,12
Dragonfly+,637,73.69557057057057,6975872042.666667,12
Dragonfly+,638,73.70260885885885,6975872042.666667,12
Dragonfly+,639,73.70964714714715,6975872042.666667,12
Dragonfly+,640,73.71668543543544,6975872042.666667,12
Dragonfly+,641,73.72372372372372,6975872042.666667,12
Dragonfly+,642,73.73076201201201,6975872042.666667,12
Dragonfly+,643,73.7378003003003,6975872042.666667,12
Dragonfly+,644,73.74483858858859,6975872042.666667,12
Dragonfly+,645,73.75187687687688,6975872042.666667,12
Dragonfly+,646,73.75891516516516,6975872042.666667,12
Dragonfly+,647,73.76595345345345,6975872042.666667,12
Dragonfly+,648,73.77299174174175,6975872042.666667,12
Dragonfly+,649,73.78003003003003,6975872042.666667,12
Dragonfly+,650,73.78706831831832,6975872042.666667,12
Dragonfly+,651,73.7941066066066,6975872042.666667,12
Dragonfly+,652,73.80114489489489,6975872042.666667,12
Dragonfly+,653,73.80818318318319,6975872042.666667,12
Dragonfly+,654,73.81522147147147,6975872042.666667,12
Dragonfly+,655,73.82225975975976,6975872042.666667,12
Dragonfly+,656,73.82929804804805,6975872042.666667,12
Dragonfly+,657,73.83633633633633,6975872042.666667,12
Dragonfly+,658,73.84337462462463,6975872042.666667,12
Dragonfly+,659,73.85041291291292,6975872042.666667,12
Dragonfly+,660,73.8574512012012,6975872042.666667,12
Dragonfly+,661,73.86448948948949,6975872042.666667,12
Dragonfly+,662,73.87152777777779,6975872042.666667,12
Dragonfly+,663,73.87856606606606,6975872042.666667,12
Dragonfly+,664,73.88560435435436,6975872042.666667,12
Dragonfly+,665,73.89264264264266,6975872042.666667,12
Dragonfly+,666,73.89968093093093,6975872042.666667,12
Dragonfly+,667,73.90671921921923,6975872042.666667,12
Dragonfly+,668,73.9137575075075,6975872042.666667,12
Dragonfly+,669,73.9207957957958,6975872042.666667,12
Dragonfly+,670,73.92783408408408,6975872042.666667,12
Dragonfly+,671,73.93487237237237,6975872042.666667,12
Dragonfly+,672,73.94191066066067,6975872042.666667,12
Dragonfly+,673,73.94894894894894,6975872042.666667,12
Dragonfly+,674,73.95598723723724,6975872042.666667,12
Dragonfly+,675,73.96302552552554,6975872042.666667,12
Dragonfly+,676,73.97006381381381,6975872042.666667,12
Dragonfly+,677,73.97710210210211,6975872042.666667,12
Dragonfly+,678,73.98414039039038,6975872042.666667,12
Dragonfly+,679,73.99117867867868,6975872042.666667,12
Dragonfly+,680,73.99821696696696,6975872042.666667,12
Dragonfly+,681,74.00525525525525,6975872042.666667,12
Dragonfly+,682,74.01229354354355,6975872042.666667,12
Dragonfly+,683,74.01933183183182,6975872042.666667,12
Dragonfly+,684,74.02637012012012,6975872042.666667,12
Dragonfly+,685,74.0334084084084,6975872042.666667,12
Dragonfly+,686,74.04044669669669,6975872042.666667,12
Dragonfly+,687,74.04748498498498,6975872042.666667,12
Dragonfly+,688,74.05452327327328,6975872042.666667,12
Dragonfly+,689,74.06156156156156,6975872042.666667,12
Dragonfly+,690,74.06859984984985,6975872042.666667,12
Dragonfly+,691,74.07563813813813,6975872042.666667,12
Dragonfly+,692,74.08267642642643,6975872042.666667,12
Dragonfly+,693,74.08971471471472,6975872042.666667,12
Dragonfly+,694,74.096753003003,6975872042.666667,12
Dragonfly+,695,74.10379129129129,6975872042.666667,12
Dragonfly+,696,74.11082957957957,6975872042.666667,12
Dragonfly+,697,74.11786786786787,6975872042.666667,12
Dragonfly+,698,74.12490615615616,6975872042.666667,12
Dragonfly+,699,74.13194444444444,6975872042.666667,12
Dragonfly+,700,74.13898273273273,6975872042.666667,12
Dragonfly+,701,74.14602102102101,6975872042.666667,12
Dragonfly+,702,74.15305930930931,6975872042.666667,12
Dragonfly+,703,74.1600975975976,6975872042.666667,12
Dragonfly+,704,74.16713588588588,6975872042.666667,12
Dragonfly+,705,74.17417417417418,6975872042.666667,12
Dragonfly+,706,74.18121246246247,6975872042.666667,12
Dragonfly+,707,74.18825075075075,6975872042.666667,12
Dragonfly+,708,74.19528903903904,6975872042.666667,12
Dragonfly+,709,74.20232732732732,6975872042.666667,12
Dragonfly+,710,74.20936561561562,6975872042.666667,12
Dragonfly+,711,74.21640390390391,6975872042.666667,12
Dragonfly+,712,74.2234421921922,6975872042.666667,12
Dragonfly+,713,74.23048048048048,6975872042.666667,12
Dragonfly+,714,74.23751876876877,6975872042.666667,12
Dragonfly+,715,74.24455705705707,6975872042.666667,12
Dragonfly+,716,74.25159534534535,6975872042.666667,12
Dragonfly+,717,74.25863363363364,6975872042.666667,12
Dragonfly+,718,74.26567192192192,6975872042.666667,12
Dragonfly+,719,74.2727102102102,6975872042.666667,12
Dragonfly+,720,74.2797484984985,6975872042.666667,12
Dragonfly+,721,74.28678678678678,6975872042.666667,12
Dragonfly+,722,74.29382507507508,6975872042.666667,12
Dragonfly+,723,74.30086336336336,6975872042.666667,12
Dragonfly+,724,74.30790165165165,6975872042.666667,12
Dragonfly+,725,74.31493993993995,6975872042.666667,12
Dragonfly+,726,74.32197822822822,6975872042.666667,12
Dragonfly+,727,74.32901651651652,6975872042.666667,12
Dragonfly+,728,74.3360548048048,6975872042.666667,12
Dragonfly+,729,74.34309309309309,6975872042.666667,12
Dragonfly+,730,74.35013138138139,6975872042.666667,12
Dragonfly+,731,74.35716966966966,6975872042.666667,12
Dragonfly+,732,74.36420795795796,6975872042.666667,12
Dragonfly+,733,74.37124624624626,6975872042.666667,12
Dragonfly+,734,74.37828453453453,6975872042.666667,12
Dragonfly+,735,74.38532282282283,6975872042.666667,12
Dragonfly+,736,74.3923611111111,6975872042.666667,12
Dragonfly+,737,74.3993993993994,6975872042.666667,12
Dragonfly+,738,74.40643768768768,6975872042.666667,12
Dragonfly+,739,74.41347597597597,6975872042.666667,12
Dragonfly+,740,74.42051426426427,6975872042.666667,12
Dragonfly+,741,74.42755255255254,6975872042.666667,12
Dragonfly+,742,74.43459084084084,6975872042.666667,12
Dragonfly+,743,74.44162912912913,6975872042.666667,12
Dragonfly+,744,74.44866741741741,6975872042.666667,12
Dragonfly+,745,74.45570570570571,6975872042.666667,12
Dragonfly+,746,74.462743993994,6975872042.666667,12
Dragonfly+,747,74.46978228228228,6975872042.666667,12
Dragonfly+,748,74.47682057057057,6975872042.666667,12
Dragonfly+,749,74.48385885885885,6975872042.666667,12
Dragonfly+,750,74.49089714714715,6975872042.666667,12
Dragonfly+,751,74.49793543543544,6975872042.666667,12
Dragonfly+,752,74.50497372372372,6975872042.666667,12
Dragonfly+,753,74.51201201201201,6975872042.666667,12
Dragonfly+,754,74.5190503003003,6975872042.666667,12
Dragonfly+,755,74.52608858858859,6975872042.666667,12
Dragonfly+,756,74.53312687687688,6975872042.666667,12
Dragonfly+,757,74.54016516516516,6975872042.666667,12
Dragonfly+,758,74.54720345345345,6975872042.666667,12
Dragonfly+,759,74.55424174174175,6975872042.666667,12
Dragonfly+,760,74.56128003003003,6975872042.666667,12
Dragonfly+,761,74.56831831831832,6975872042.666667,12
Dragonfly+,762,74.5753566066066,6975872042.666667,12
Dragonfly+,763,74.58239489489489,6975872042.666667,12
Dragonfly+,764,74.58943318318319,6975872042.666667,12
Dragonfly+,765,74.59647147147147,6975872042.666667,12
Dragonfly+,766,74.60350975975976,6975872042.666667,12
Dragonfly+,767,74.61054804804805,6975872042.666667,12
Dragonfly+,768,74.61758633633633,6975872042.666667,12
Dragonfly+,769,74.62462462462463,6975872042.666667,12
Dragonfly+,770,74.63166291291292,6975872042.666667,12
Dragonfly+,771,74.6387012012012,6975872042.666667,12
Dragonfly+,772,74.64573948948949,6975872042.666667,12
Dragonfly+,773,74.65277777777779,6975872042.666667,12
Dragonfly+,774,74.65981606606606,6975872042.666667,12
Dragonfly+,775,74.66685435435436,6975872042.666667,12
Dragonfly+,776,74.67389264264266,6975872042.666667,12
Dragonfly+,777,74.68093093093093,6975872042.666667,12
Dragonfly+,778,74.68796921921923,6975872042.666667,12
Dragonfly+,779,74.6950075075075,6975872042.666667,12
Dragonfly+,780,74.7020457957958,6975872042.666667,12
Dragonfly+,781,74.70908408408408,6975872042.666667,12
Dragonfly+,782,74.71612237237237,6975872042.666667,12
Dragonfly+,783,74.72316066066067,6975872042.666667,12
Dragonfly+,784,74.73019894894894,6975872042.666667,12
Dragonfly+,785,74.73723723723724,6975872042.666667,12
Dragonfly+,786,74.74427552552554,6975872042.666667,12
Dragonfly+,787,74.75131381381381,6975872042.666667,12
Dragonfly+,788,74.75835210210211,6975872042.666667,12
Dragonfly+,789,74.76539039039038,6975872042.666667,12
Dragonfly+,790,74.77242867867868,6975872042.666667,12
Dragonfly+,791,74.77946696696696,6975872042.666667,12
Dragonfly+,792,74.78650525525525,6975872042.666667,12
Dragonfly+,793,74.79354354354355,6975872042.666667,12
Dragonfly+,794,74.80058183183182,6975872042.666667,12
Dragonfly+,795,74.80762012012012,6975872042.666667,12
Dragonfly+,796,74.8146584084084,6975872042.666667,12
Dragonfly+,797,74.82169669669669,6975872042.666667,12
Dragonfly+,798,74.82873498498498,6975872042.666667,12
Dragonfly+,799,74.83577327327328,6975872042.666667,12
Dragonfly+,800,74.84281156156156,6975872042.666667,12
Dragonfly+,801,74.84984984984985,6975872042.666667,12
Dragonfly+,802,74.85688813813813,6975872042.666667,12
Dragonfly+,803,74.86392642642643,6975872042.666667,12
Dragonfly+,804,74.87096471471472,6975872042.666667,12
Dragonfly+,805,74.878003003003,6975872042.666667,12
Dragonfly+,806,74.88504129129129,6975872042.666667,12
Dragonfly+,807,74.89207957957957,6975872042.666667,12
Dragonfly+,808,74.89911786786787,6975872042.666667,12
Dragonfly+,809,74.90615615615616,6975872042.666667,12
Dragonfly+,810,74.91319444444444,6975872042.666667,12
Dragonfly+,811,74.92023273273273,6975872042.666667,12
Dragonfly+,812,74.92727102102101,6975872042.666667,12
Dragonfly+,813,74.93430930930931,6975872042.666667,12
Dragonfly+,814,74.9413475975976,6975872042.666667,12
Dragonfly+,815,74.94838588588588,6975872042.666667,12
Dragonfly+,816,74.95542417417418,6975872042.666667,12
Dragonfly+,817,74.96246246246247,6975872042.666667,12
Dragonfly+,818,74.96950075075075,6975872042.666667,12
Dragonfly+,819,74.97653903903904,6975872042.666667,12
Dragonfly+,820,74.98357732732732,6975872042.666667,12
Dragonfly+,821,74.99061561561562,6975872042.666667,12
Dragonfly+,822,74.99765390390391,6975872042.666667,12
Dragonfly+,823,75.0046921921922,6975872042.666667,12
Dragonfly+,824,75.01173048048048,6975872042.666667,12
Dragonfly+,825,75.01876876876877,6975872042.666667,12
Dragonfly+,826,75.02580705705707,6975872042.666667,12
Dragonfly+,827,75.03284534534535,6975872042.666667,12
Dragonfly+,828,75.03988363363364,6975872042.666667,12
Dragonfly+,829,75.04692192192192,6975872042.666667,12
Dragonfly+,830,75.0539602102102,6975872042.666667,12
Dragonfly+,831,75.0609984984985,6975872042.666667,12
Dragonfly+,832,75.06803678678678,6975872042.666667,12
Dragonfly+,833,75.07507507507508,6975872042.666667,12
Dragonfly+,834,75.08211336336336,6975872042.666667,12
Dragonfly+,835,75.08915165165165,6975872042.666667,12
Dragonfly+,836,75.09618993993995,6975872042.666667,12
Dragonfly+,837,75.10322822822822,6975872042.666667,12
Dragonfly+,838,75.11026651651652,6975872042.666667,12
Dragonfly+,839,75.1173048048048,6975872042.666667,12
Dragonfly+,840,75.12434309309309,6975872042.666667,12
Dragonfly+,841,75.13138138138139,6975872042.666667,12
Dragonfly+,842,75.13841966966966,6975872042.666667,12
Dragonfly+,843,75.14545795795796,6975872042.666667,12
Dragonfly+,844,75.15249624624626,6975872042.666667,12
Dragonfly+,845,75.15953453453453,6975872042.666667,12
Dragonfly+,846,75.16657282282283,6975872042.666667,12
Dragonfly+,847,75.1736111111111,6975872042.666667,12
Dragonfly+,848,75.1806493993994,6975872042.666667,12
Dragonfly+,849,75.18768768768768,6975872042.666667,12
Dragonfly+,850,75.19472597597597,6975872042.666667,12
Dragonfly+,851,75.20176426426427,6975872042.666667,12
Dragonfly+,852,75.20880255255254,6975872042.666667,12
Dragonfly+,853,75.21584084084084,6975872042.666667,12
Dragonfly+,854,75.22287912912913,6975872042.666667,12
Dragonfly+,855,75.22991741741741,6975872042.666667,12
Dragonfly+,856,75.23695570570571,6975872042.666667,12
Dragonfly+,857,75.243993993994,6975872042.666667,12
Dragonfly+,858,75.25103228228228,6975872042.666667,12
Dragonfly+,859,75.25807057057057,6975872042.666667,12
Dragonfly+,860,75.26510885885885,6975872042.666667,12
Dragonfly+,861,75.27214714714715,6975872042.666667,12
Dragonfly+,862,75.27918543543544,6975872042.666667,12
Dragonfly+,863,75.28622372372372,6975872042.666667,12
Dragonfly+,864,75.29326201201201,6975872042.666667,12
Dragonfly+,865,75.3003003003003,6975872042.666667,12
Dragonfly+,866,75.30733858858859,6975872042.666667,12
Dragonfly+,867,75.31437687687688,6975872042.666667,12
Dragonfly+,868,75.32141516516516,6975872042.666667,12
Dragonfly+,869,75.32845345345345,6975872042.666667,12
Dragonfly+,870,75.33549174174175,6975872042.666667,12
Dragonfly+,871,75.34253003003003,6975872042.666667,12
Dragonfly+,872,75.34956831831832,6975872042.666667,12
Dragonfly+,873,75.3566066066066,6975872042.666667,12
Dragonfly+,874,75.36364489489489,6975872042.666667,12
Dragonfly+,875,75.37068318318319,6975872042.666667,12
Dragonfly+,876,75.37772147147147,6975872042.666667,12
Dragonfly+,877,75.38475975975976,6975872042.666667,12
Dragonfly+,878,75.39179804804805,6975872042.666667,12
Dragonfly+,879,75.39883633633633,6975872042.666667,12
Dragonfly+,880,75.40587462462463,6975872042.666667,12
Dragonfly+,881,75.41291291291292,6975872042.666667,12
Dragonfly+,882,75.4199512012012,6975872042.666667,12
Dragonfly+,883,75.42698948948949,6975872042.666667,12
Dragonfly+,884,75.43402777777779,6975872042.666667,12
Dragonfly+,885,75.44106606606606,6975872042.666667,12
Dragonfly+,886,75.44810435435436,6975872042.666667,12
Dragonfly+,887,75.45514264264266,6975872042.666667,12
Dragonfly+,888,75.46218093093093,6975872042.666667,12
Dragonfly+,889,75.46921921921923,6975872042.666667,12
Dragonfly+,890,75.4762575075075,6975872042.666667,12
Dragonfly+,891,75.4832957957958,6975872042.666667,12
Dragonfly+,892,75.49033408408408,6975872042.666667,12
Dragonfly+,893,75.49737237237237,6975872042.666667,12
Dragonfly+,894,75.50441066066067,6975872042.666667,12
Dragonfly+,895,75.51144894894894,6975872042.666667,12
Dragonfly+,896,75.51848723723724,6975872042.666667,12
Dragonfly+,897,75.52552552552554,6975872042.666667,12
Dragonfly+,898,75.53256381381381,6975872042.666667,12
Dragonfly+,899,75.53960210210211,6975872042.666667,12
Dragonfly+,900,75.54664039039038,6975872042.666667,12
Dragonfly+,901,75.55367867867868,6975872042.666667,12
Dragonfly+,902,75.56071696696696,6975872042.666667,12
Dragonfly+,903,75.56775525525525,6975872042.666667,12
Dragonfly+,904,75.57479354354355,6975872042.666667,12
Dragonfly+,905,75.58183183183182,6975872042.666667,12
Dragonfly+,906,75.58887012012012,6975872042.666667,12
Dragonfly+,907,75.5959084084084,6975872042.666667,12
Dragonfly+,908,75.60294669669669,6975872042.666667,12
Dragonfly+,909,75.60998498498498,6975872042.666667,12
Dragonfly+,910,75.61702327327328,6975872042.666667,12
Dragonfly+,911,75.62406156156156,6975872042.666667,12
Dragonfly+,912,75.63109984984985,6975872042.666667,12
Dragonfly+,913,75.63813813813813,6975872042.666667,12
Dragonfly+,914,75.64517642642643,6975872042.666667,12
Dragonfly+,915,75.65221471471472,6975872042.666667,12
Dragonfly+,916,75.659253003003,6975872042.666667,12
Dragonfly+,917,75.66629129129129,6975872042.666667,12
Dragonfly+,918,75.67332957957957,6975872042.666667,12
Dragonfly+,919,75.68036786786787,6975872042.666667,12
Dragonfly+,920,75.68740615615616,6975872042.666667,12
Dragonfly+,921,75.69444444444444,6975872042.666667,12
Dragonfly+,922,75.70148273273273,6975872042.666667,12
Dragonfly+,923,75.70852102102101,6975872042.666667,12
Dragonfly+,924,75.71555930930931,6975872042.666667,12
Dragonfly+,925,75.7225975975976,6975872042.666667,12
Dragonfly+,926,75.72963588588588,6975872042.666667,12
Dragonfly+,927,75.73667417417418,6975872042.666667,12
Dragonfly+,928,75.74371246246247,6975872042.666667,12
Dragonfly+,929,75.75075075075075,6975872042.666667,12
Dragonfly+,930,75.75778903903904,6975872042.666667,12
Dragonfly+,931,75.76482732732732,6975872042.666667,12
Dragonfly+,932,75.77186561561562,6975872042.666667,12
Dragonfly+,933,75.77890390390391,6975872042.666667,12
Dragonfly+,934,75.7859421921922,6975872042.666667,12
Dragonfly+,935,75.79298048048048,6975872042.666667,12
Dragonfly+,936,75.80001876876877,6975872042.666667,12
Dragonfly+,937,75.80705705705707,6975872042.666667,12
Dragonfly+,938,75.81409534534535,6975872042.666667,12
Dragonfly+,939,75.82113363363364,6975872042.666667,12
Dragonfly+,940,75.82817192192192,6975872042.666667,12
Dragonfly+,941,75.8352102102102,6975872042.666667,12
Dragonfly+,942,75.8422484984985,6975872042.666667,12
Dragonfly+,943,75.84928678678678,6975872042.666667,12
Dragonfly+,944,75.85632507507508,6975872042.666667,12
Dragonfly+,945,75.86336336336336,6975872042.666667,12
Dragonfly+,946,75.87040165165165,6975872042.666667,12
Dragonfly+,947,75.87743993993995,6975872042.666667,12
Dragonfly+,948,75.88447822822822,6975872042.666667,12
Dragonfly+,949,75.89151651651652,6975872042.666667,12
Dragonfly+,950,75.8985548048048,6975872042.666667,12
Dragonfly+,951,75.90559309309309,6975872042.666667,12
Dragonfly+,952,75.91263138138139,6975872042.666667,12
Dragonfly+,953,75.91966966966966,6975872042.666667,12
Dragonfly+,954,75.92670795795796,6975872042.666667,12
Dragonfly+,955,75.93374624624626,6975872042.666667,12
Dragonfly+,956,75.94078453453453,6975872042.666667,12
Dragonfly+,957,75.94782282282283,6975872042.666667,12
Dragonfly+,958,75.9548611111111,6975872042.666667,12
Dragonfly+,959,75.9618993993994,6975872042.666667,12
Dragonfly+,960,75.96893768768768,6975872042.666667,12
Dragonfly+,961,75.97597597597597,6975872042.666667,12
Dragonfly+,962,75.98301426426427,6975872042.666667,12
Dragonfly+,963,75.99005255255254,6975872042.666667,12
Dragonfly+,964,75.99709084084084,6975872042.666667,12
Dragonfly+,965,76.00412912912913,6975872042.666667,12
Dragonfly+,966,76.01116741741741,6975872042.666667,12
Dragonfly+,967,76.01820570570571,6975872042.666667,12
Dragonfly+,968,76.025243993994,6975872042.666667,12
Dragonfly+,969,76.03228228228228,6975872042.666667,12
Dragonfly+,970,76.03932057057057,6975872042.666667,12
Dragonfly+,971,76.04635885885885,6975872042.666667,12
Dragonfly+,972,76.05339714714715,6975872042.666667,12
Dragonfly+,973,76.06043543543544,6975872042.666667,12
Dragonfly+,974,76.06747372372372,6975872042.666667,12
Dragonfly+,975,76.07451201201201,6975872042.666667,12
Dragonfly+,976,76.0815503003003,6975872042.666667,12
Dragonfly+,977,76.08858858858859,6975872042.666667,12
Dragonfly+,978,76.09562687687688,6975872042.666667,12
Dragonfly+,979,76.10266516516516,6975872042.666667,12
Dragonfly+,980,76.10970345345345,6975872042.666667,12
Dragonfly+,981,76.11674174174175,6975872042.666667,12
Dragonfly+,982,76.12378003003003,6975872042.666667,12
Dragonfly+,983,76.13081831831832,6975872042.666667,12
Dragonfly+,984,76.1378566066066,6975872042.666667,12
Dragonfly+,985,76.14489489489489,6975872042.666667,12
Dragonfly+,986,76.15193318318319,6975872042.666667,12
Dragonfly+,987,76.15897147147147,6975872042.666667,12
Dragonfly+,988,76.16600975975976,6975872042.666667,12
Dragonfly+,989,76.17304804804805,6975872042.666667,12
Dragonfly+,990,76.18008633633633,6975872042.666667,12
Dragonfly+,991,76.18712462462463,6975872042.666667,12
Dragonfly+,992,76.19416291291292,6975872042.666667,12
Dragonfly+,993,76.2012012012012,6975872042.666667,12
Dragonfly+,994,76.20823948948949,6975872042.666667,12
Dragonfly+,995,76.21527777777779,6975872042.666667,12
Dragonfly+,996,76.22231606606606,6975872042.666667,12
Dragonfly+,997,76.22935435435436,6975872042.666667,12
Dragonfly+,998,76.23639264264266,6975872042.666667,12
Dragonfly+,999,76.24343093093093,6975872042.666667,12
Dragonfly+,1000,76.25046921921923,6975872042.666667,12
Dragonfly+,1001,76.2575075075075,6975872042.666667,12
Dragonfly+,1002,76.2645457957958,6975872042.666667,12
Dragonfly+,1003,76.27158408408408,6975872042.666667,12
Dragonfly+,1004,76.27862237237237,6975872042.666667,12
Dragonfly+,1005,76.28566066066067,6975872042.666667,12
Dragonfly+,1006,76.29269894894894,6975872042.666667,12
Dragonfly+,1007,76.29973723723724,6975872042.666667,12
Dragonfly+,1008,76.30677552552554,6975872042.666667,12
Dragonfly+,1009,76.31381381381381,6975872042.666667,12
Dragonfly+,1010,76.32085210210211,6975872042.666667,12
Dragonfly+,1011,76.32789039039038,6975872042.666667,12
Dragonfly+,1012,76.33492867867868,6975872042.666667,12
Dragonfly+,1013,76.34196696696696,6975872042.666667,12
Dragonfly+,1014,76.34900525525525,6975872042.666667,12
Dragonfly+,1015,76.35604354354355,6975872042.666667,12
Dragonfly+,1016,76.36308183183182,6975872042.666667,12
Dragonfly+,1017,76.37012012012012,6975872042.666667,12
Dragonfly+,1018,76.3771584084084,6975872042.666667,12
Dragonfly+,1019,76.38419669669669,6975872042.666667,12
Dragonfly+,1020,76.39123498498498,6975872042.666667,12
Dragonfly+,1021,76.39827327327328,6975872042.666667,12
Dragonfly+,1022,76.40531156156156,6975872042.666667,12
Dragonfly+,1023,76.41234984984985,6975872042.666667,12
Dragonfly+,1024,76.41938813813813,6975872042.666667,12
Dragonfly+,1025,76.42642642642643,6975872042.666667,12
Dragonfly+,1026,76.43346471471472,6975872042.666667,12
Dragonfly+,1027,76.440503003003,6975872042.666667,12
Dragonfly+,1028,76.44754129129129,6975872042.666667,12
Dragonfly+,1029,76.45457957957957,6975872042.666667,12
Dragonfly+,1030,76.46161786786787,6975872042.666667,12
Dragonfly+,1031,76.46865615615616,6975872042.666667,12
Dragonfly+,1032,76.47569444444444,6975872042.666667,12
Dragonfly+,1033,76.48273273273273,6975872042.666667,12
Dragonfly+,1034,76.48977102102101,6975872042.666667,12
Dragonfly+,1035,76.49680930930931,6975872042.666667,12
Dragonfly+,1036,76.5038475975976,6975872042.666667,12
Dragonfly+,1037,76.51088588588588,6975872042.666667,12
Dragonfly+,1038,76.51792417417418,6975872042.666667,12
Dragonfly+,1039,76.52496246246247,6975872042.666667,12
Dragonfly+,1040,76.53200075075075,6975872042.666667,12
Dragonfly+,1041,76.53903903903904,6975872042.666667,12
Dragonfly+,1042,76.54607732732732,6975872042.666667,12
Dragonfly+,1043,76.55311561561562,6975872042.666667,12
Dragonfly+,1044,76.56015390390391,6975872042.666667,12
Dragonfly+,1045,76.5671921921922,6975872042.666667,12
Dragonfly+,1046,76.57423048048048,6975872042.666667,12
Dragonfly+,1047,76.58126876876877,6975872042.666667,12
Dragonfly+,1048,76.58830705705707,6975872042.666667,12
Dragonfly+,1049,76.59534534534535,6975872042.666667,12
Dragonfly+,1050,76.60238363363364,6975872042.666667,12
Dragonfly+,1051,76.60942192192192,6975872042.666667,12
Dragonfly+,1052,76.6164602102102,6975872042.666667,12
Dragonfly+,1053,76.6234984984985,6975872042.666667,12
Dragonfly+,1054,76.63053678678678,6975872042.666667,12
Dragonfly+,1055,76.63757507507508,6975872042.666667,12
Dragonfly+,1056,76.64461336336336,6975872042.666667,12
Dragonfly+,1057,76.65165165165165,6975872042.666667,12
Dragonfly+,1058,76.65868993993995,6975872042.666667,12
Dragonfly+,1059,76.66572822822822,6975872042.666667,12
Dragonfly+,1060,76.67276651651652,6975872042.666667,12
Dragonfly+,1061,76.6798048048048,6975872042.666667,12
Dragonfly+,1062,76.68684309309309,6975872042.666667,12
Dragonfly+,1063,76.69388138138139,6975872042.666667,12
Dragonfly+,1064,76.70091966966966,6975872042.666667,12
Dragonfly+,1065,76.70795795795796,6975872042.666667,12
Dragonfly+,1066,76.71499624624626,6975872042.666667,12
Dragonfly+,1067,76.72203453453453,6975872042.666667,12
Dragonfly+,1068,76.72907282282283,6975872042.666667,12
Dragonfly+,1069,76.7361111111111,6975872042.666667,12
Dragonfly+,1070,76.7431493993994,6975872042.666667,12
Dragonfly+,1071,76.75018768768768,6975872042.666667,12
Dragonfly+,1072,76.75722597597597,6975872042.666667,12
Dragonfly+,1073,76.76426426426427,6975872042.666667,12
Dragonfly+,1074,76.77130255255254,6975872042.666667,12
Dragonfly+,1075,76.77834084084084,6975872042.666667,12
Dragonfly+,1076,76.78537912912913,6975872042.666667,12
Dragonfly+,1077,76.79241741741741,6975872042.666667,12
Dragonfly+,1078,76.79945570570571,6975872042.666667,12
Dragonfly+,1079,76.806493993994,6975872042.666667,12
Dragonfly+,1080,76.81353228228228,6975872042.666667,12
Dragonfly+,1081,76.82057057057057,6975872042.666667,12
Dragonfly+,1082,76.82760885885885,6975872042.666667,12
Dragonfly+,1083,76.83464714714715,6975872042.666667,12
Dragonfly+,1084,76.84168543543544,6975872042.666667,12
Dragonfly+,1085,76.84872372372372,6975872042.666667,12
Dragonfly+,1086,76.85576201201201,6975872042.666667,12
Dragonfly+,1087,76.8628003003003,6975872042.666667,12
Dragonfly+,1088,76.86983858858859,6975872042.666667,12
Dragonfly+,1089,76.87687687687688,6975872042.666667,12
Dragonfly+,1090,76.88391516516516,6975872042.666667,12
Dragonfly+,1091,76.89095345345345,6975872042.666667,12
Dragonfly+,1092,76.89799174174175,6975872042.666667,12
Dragonfly+,1093,76.90503003003003,6975872042.666667,12
Dragonfly+,1094,76.91206831831832,6975872042.666667,12
Dragonfly+,1095,76.9191066066066,6975872042.666667,12
Dragonfly+,1096,76.92614489489489,6975872042.666667,12
Dragonfly+,1097,76.93318318318319,6975872042.666667,12
Dragonfly+,1098,76.94022147147147,6975872042.666667,12
Dragonfly+,1099,76.94725975975976,6975872042.666667,12
Dragonfly+,1100,76.95429804804805,6975872042.666667,12
Dragonfly+,1101,76.96133633633633,6975872042.666667,12
Dragonfly+,1102,76.96837462462463,6975872042.666667,12
Dragonfly+,1103,76.97541291291292,6975872042.666667,12
Dragonfly+,1104,76.9824512012012,6975872042.666667,12
Dragonfly+,1105,76.98948948948949,6975872042.666667,12
Dragonfly+,1106,76.99652777777779,6975872042.666667,12
Dragonfly+,1107,77.00356606606606,6975872042.666667,12
Dragonfly+,1108,77.01060435435436,6975872042.666667,12
Dragonfly+,1109,77.01764264264266,6975872042.666667,12
Dragonfly+,1110,77.02468093093093,6975872042.666667,12
Dragonfly+,1111,77.03171921921923,6975872042.666667,12
Dragonfly+,1112,77.0387575075075,6975872042.666667,12
Dragonfly+,1113,77.0457957957958,6975872042.666667,12
Dragonfly+,1114,77.05283408408408,6975872042.666667,12
Dragonfly+,1115,77.05987237237237,6975872042.666667,12
Dragonfly+,1116,77.06691066066067,6975872042.666667,12
Dragonfly+,1117,77.07394894894894,6975872042.666667,12
Dragonfly+,1118,77.08098723723724,6975872042.666667,12
Dragonfly+,1119,77.08802552552554,6975872042.666667,12
Dragonfly+,1120,77.09506381381381,6975872042.666667,12
Dragonfly+,1121,77.10210210210211,6975872042.666667,12
Dragonfly+,1122,77.10914039039038,6975872042.666667,12
Dragonfly+,1123,77.11617867867868,6975872042.666667,12
Dragonfly+,1124,77.12321696696696,6975872042.666667,12
Dragonfly+,1125,77.13025525525525,6975872042.666667,12
Dragonfly+,1126,77.13729354354355,6975872042.666667,12
Dragonfly+,1127,77.14433183183182,6975872042.666667,12
Dragonfly+,1128,77.15137012012012,6975872042.666667,12
Dragonfly+,1129,77.1584084084084,6975872042.666667,12
Dragonfly+,1130,77.16544669669669,6975872042.666667,12
Dragonfly+,1131,77.17248498498498,6975872042.666667,12
Dragonfly+,1132,77.17952327327328,6975872042.666667,12
Dragonfly+,1133,77.18656156156156,6975872042.666667,12
Dragonfly+,1134,77.19359984984985,6975872042.666667,12
Dragonfly+,1135,77.20063813813813,6975872042.666667,12
Dragonfly+,1136,77.20767642642643,6975872042.666667,12
Dragonfly+,1137,77.21471471471472,6975872042.666667,12
Dragonfly+,1138,77.221753003003,6975872042.666667,12
Dragonfly+,1139,77.22879129129129,6975872042.666667,12
Dragonfly+,1140,77.23582957957957,6975872042.666667,12
Dragonfly+,1141,77.24286786786787,6975872042.666667,12
Dragonfly+,1142,77.24990615615616,6975872042.666667,12
Dragonfly+,1143,77.25694444444444,6975872042.666667,12
Dragonfly+,1144,77.26398273273273,6975872042.666667,12
Dragonfly+,1145,77.27102102102101,6975872042.666667,12
Dragonfly+,1146,77.27805930930931,6975872042.666667,12
Dragonfly+,1147,77.2850975975976,6975872042.666667,12
Dragonfly+,1148,77.29213588588588,6975872042.666667,12
Dragonfly+,1149,77.29917417417418,6975872042.666667,12
Dragonfly+,1150,77.30621246246247,6975872042.666667,12
Dragonfly+,1151,77.31325075075075,6975872042.666667,12
Dragonfly+,1152,77.32028903903904,6975872042.666667,12
Dragonfly+,1153,77.32732732732732,6975872042.666667,12
Dragonfly+,1154,77.33436561561562,6975872042.666667,12
Dragonfly+,1155,77.34140390390391,6975872042.666667,12
Dragonfly+,1156,77.3484421921922,6975872042.666667,12
Dragonfly+,1157,77.35548048048048,6975872042.666667,12
Dragonfly+,1158,77.36251876876877,6975872042.666667,12
Dragonfly+,1159,77.36955705705707,6975872042.666667,12
Dragonfly+,1160,77.37659534534535,6975872042.666667,12
Dragonfly+,1161,77.38363363363364,6975872042.666667,12
Dragonfly+,1162,77.39067192192192,6975872042.666667,12
Dragonfly+,1163,77.3977102102102,6975872042.666667,12
Dragonfly+,1164,77.4047484984985,6975872042.666667,12
Dragonfly+,1165,77.41178678678678,6975872042.666667,12
Dragonfly+,1166,77.41882507507508,6975872042.666667,12
Dragonfly+,1167,77.42586336336336,6975872042.666667,12
Dragonfly+,1168,77.43290165165165,6975872042.666667,12
Dragonfly+,1169,77.43993993993995,6975872042.666667,12
Dragonfly+,1170,77.44697822822822,6975872042.666667,12
Dragonfly+,1171,77.45401651651652,6975872042.666667,12
Dragonfly+,1172,77.4610548048048,6975872042.666667,12
Dragonfly+,1173,77.46809309309309,6975872042.666667,12
Dragonfly+,1174,77.47513138138139,6975872042.666667,12
Dragonfly+,1175,77.48216966966966,6975872042.666667,12
Dragonfly+,1176,77.48920795795796,6975872042.666667,12
Dragonfly+,1177,77.49624624624626,6975872042.666667,12
Dragonfly+,1178,77.50328453453453,6975872042.666667,12
Dragonfly+,1179,77.51032282282283,6975872042.666667,12
Dragonfly+,1180,77.5173611111111,6975872042.666667,12
Dragonfly+,1181,77.5243993993994,6975872042.666667,12
Dragonfly+,1182,77.53143768768768,6975872042.666667,12
Dragonfly+,1183,77.53847597597597,6975872042.666667,12
Dragonfly+,1184,77.54551426426427,6975872042.666667,12
Dragonfly+,1185,77.55255255255254,6975872042.666667,12
Dragonfly+,1186,77.55959084084084,6975872042.666667,12
Dragonfly+,1187,77.56662912912913,6975872042.666667,12
Dragonfly+,1188,77.57366741741741,6975872042.666667,12
Dragonfly+,1189,77.58070570570571,6975872042.666667,12
Dragonfly+,1190,77.587743993994,6975872042.666667,12
Dragonfly+,1191,77.59478228228228,6975872042.666667,12
Dragonfly+,1192,77.60182057057057,6975872042.666667,12
Dragonfly+,1193,77.60885885885885,6975872042.666667,12
Dragonfly+,1194,77.61589714714715,6975872042.666667,12
Dragonfly+,1195,77.62293543543544,6975872042.666667,12
Dragonfly+,1196,77.62997372372372,6975872042.666667,12
Dragonfly+,1197,77.63701201201201,6975872042.666667,12
Dragonfly+,1198,77.6440503003003,6975872042.666667,12
Dragonfly+,1199,77.65108858858859,6975872042.666667,12
Dragonfly+,1200,77.65812687687688,6975872042.666667,12
Dragonfly+,1201,77.66516516516516,6975872042.666667,12
Dragonfly+,1202,77.67220345345345,6975872042.666667,12
Dragonfly+,1203,77.67924174174175,6975872042.666667,12
Dragonfly+,1204,77.68628003003003,6975872042.666667,12
Dragonfly+,1205,77.69331831831832,6975872042.666667,12
Dragonfly+,1206,77.7003566066066,6975872042.666667,12
Dragonfly+,1207,77.70739489489489,6975872042.666667,12
Dragonfly+,1208,77.71443318318319,6975872042.666667,12
Dragonfly+,1209,77.72147147147147,6975872042.666667,12
Dragonfly+,1210,77.72850975975976,6975872042.666667,12
Dragonfly+,1211,77.73554804804805,6975872042.666667,12
Dragonfly+,1212,77.74258633633633,6975872042.666667,12
Dragonfly+,1213,77.74962462462463,6975872042.666667,12
Dragonfly+,1214,77.75666291291292,6975872042.666667,12
Dragonfly+,1215,77.7637012012012,6975872042.666667,12
Dragonfly+,1216,77.77073948948949,6975872042.666667,12
Dragonfly+,1217,77.77777777777779,6975872042.666667,12
Dragonfly+,1218,77.78481606606606,6975872042.666667,12
Dragonfly+,1219,77.79185435435436,6975872042.666667,12
Dragonfly+,1220,77.79889264264266,6975872042.666667,12
Dragonfly+,1221,77.80593093093093,6975872042.666667,12
Dragonfly+,1222,77.81296921921923,6975872042.666667,12
Dragonfly+,1223,77.8200075075075,6975872042.666667,12
Dragonfly+,1224,77.8270457957958,6975872042.666667,12
Dragonfly+,1225,77.83408408408408,6975872042.666667,12
Dragonfly+,1226,77.84112237237237,6975872042.666667,12
Dragonfly+,1227,77.84816066066067,6975872042.666667,12
Dragonfly+,1228,77.85519894894894,6975872042.666667,12
Dragonfly+,1229,77.86223723723724,6975872042.666667,12
Dragonfly+,1230,77.86927552552554,6975872042.666667,12
Dragonfly+,1231,77.87631381381381,6975872042.666667,12
Dragonfly+,1232,77.88335210210211,6975872042.666667,12
Dragonfly+,1233,77.89039039039038,6975872042.666667,12
Dragonfly+,1234,77.89742867867868,6975872042.666667,12
Dragonfly+,1235,77.90446696696696,6975872042.666667,12
Dragonfly+,1236,77.91150525525525,6975872042.666667,12
Dragonfly+,1237,77.91854354354355,6975872042.666667,12
Dragonfly+,1238,77.92558183183182,6975872042.666667,12
Dragonfly+,1239,77.93262012012012,6975872042.666667,12
Dragonfly+,1240,77.9396584084084,6975872042.666667,12
Dragonfly+,1241,77.94669669669669,6975872042.666667,12
Dragonfly+,1242,77.95373498498498,6975872042.666667,12
Dragonfly+,1243,77.96077327327328,6975872042.666667,12
Dragonfly+,1244,77.96781156156156,6975872042.666667,12
Dragonfly+,1245,77.97484984984985,6975872042.666667,12
Dragonfly+,1246,77.98188813813813,6975872042.666667,12
Dragonfly+,1247,77.98892642642643,6975872042.666667,12
Dragonfly+,1248,77.99596471471472,6975872042.666667,12
Dragonfly+,1249,78.003003003003,6975872042.666667,12
Dragonfly+,1250,78.01004129129129,6975872042.666667,12
Dragonfly+,1251,78.01707957957957,6975872042.666667,12
Dragonfly+,1252,78.02411786786787,6975872042.666667,12
Dragonfly+,1253,78.03115615615616,6975872042.666667,12
Dragonfly+,1254,78.03819444444444,6975872042.666667,12
Dragonfly+,1255,78.04523273273273,6975872042.666667,12
Dragonfly+,1256,78.05227102102101,6975872042.666667,12
Dragonfly+,1257,78.05930930930931,6975872042.666667,12
Dragonfly+,1258,78.0663475975976,6975872042.666667,12
Dragonfly+,1259,78.07338588588588,6975872042.666667,12
Dragonfly+,1260,78.08042417417418,6975872042.666667,12
Dragonfly+,1261,78.08746246246247,6975872042.666667,12
Dragonfly+,1262,78.09450075075075,6975872042.666667,12
Dragonfly+,1263,78.10153903903904,6975872042.666667,12
Dragonfly+,1264,78.10857732732732,6975872042.666667,12
Dragonfly+,1265,78.11561561561562,6975872042.666667,12
Dragonfly+,1266,78.12265390390391,6975872042.666667,12
Dragonfly+,1267,78.1296921921922,6975872042.666667,12
Dragonfly+,1268,78.13673048048048,6975872042.666667,12
Dragonfly+,1269,78.14376876876877,6975872042.666667,12
Dragonfly+,1270,78.15080705705707,6975872042.666667,12
Dragonfly+,1271,78.15784534534535,6975872042.666667,12
Dragonfly+,1272,78.16488363363364,6975872042.666667,12
Dragonfly+,1273,78.17192192192192,6975872042.666667,12
Dragonfly+,1274,78.1789602102102,6975872042.666667,12
Dragonfly+,1275,78.1859984984985,6975872042.666667,12
Dragonfly+,1276,78.19303678678678,6975872042.666667,12
Dragonfly+,1277,78.20007507507508,6975872042.666667,12
Dragonfly+,1278,78.20711336336336,6975872042.666667,12
Dragonfly+,1279,78.21415165165165,6975872042.666667,12
Dragonfly+,1280,78.22118993993995,6975872042.666667,12
Dragonfly+,1281,78.22822822822822,6975872042.666667,12
Dragonfly+,1282,78.23526651651652,6975872042.666667,12
Dragonfly+,1283,78.2423048048048,6975872042.666667,12
Dragonfly+,1284,78.24934309309309,6975872042.666667,12
Dragonfly+,1285,78.25638138138139,6975872042.666667,12
Dragonfly+,1286,78.26341966966966,6975872042.666667,12
Dragonfly+,1287,78.27045795795796,6975872042.666667,12
Dragonfly+,1288,78.27749624624626,6975872042.666667,12
Dragonfly+,1289,78.28453453453453,6975872042.666667,12
Dragonfly+,1290,78.29157282282283,6975872042.666667,12
Dragonfly+,1291,78.2986111111111,6975872042.666667,12
Dragonfly+,1292,78.3056493993994,6975872042.666667,12
Dragonfly+,1293,78.31268768768768,6975872042.666667,12
Dragonfly+,1294,78.31972597597597,6975872042.666667,12
Dragonfly+,1295,78.32676426426427,6975872042.666667,12
Dragonfly+,1296,78.33380255255254,6975872042.666667,12
Dragonfly+,1297,78.34084084084084,6975872042.666667,12
Dragonfly+,1298,78.34787912912913,6975872042.666667,12
Dragonfly+,1299,78.35491741741741,6975872042.666667,12
Dragonfly+,1300,78.36195570570571,6975872042.666667,12
Dragonfly+,1301,78.368993993994,6975872042.666667,12
Dragonfly+,1302,78.37603228228228,6975872042.666667,12
Dragonfly+,1303,78.38307057057057,6975872042.666667,12
Dragonfly+,1304,78.39010885885885,6975872042.666667,12
Dragonfly+,1305,78.39714714714715,6975872042.666667,12
Dragonfly+,1306,78.40418543543544,6975872042.666667,12
Dragonfly+,1307,78.41122372372372,6975872042.666667,12
Dragonfly+,1308,78.41826201201201,6975872042.666667,12
Dragonfly+,1309,78.4253003003003,6975872042.666667,12
Dragonfly+,1310,78.43233858858859,6975872042.666667,12
Dragonfly+,1311,78.43937687687688,6975872042.666667,12
Dragonfly+,1312,78.44641516516516,6975872042.666667,12
Dragonfly+,1313,78.45345345345345,6975872042.666667,12
Dragonfly+,1314,78.46049174174175,6975872042.666667,12
Dragonfly+,1315,78.46753003003003,6975872042.666667,12
Dragonfly+,1316,78.47456831831832,6975872042.666667,12
Dragonfly+,1317,78.4816066066066,6975872042.666667,12
Dragonfly+,1318,78.48864489489489,6975872042.666667,12
Dragonfly+,1319,78.49568318318319,6975872042.666667,12
Dragonfly+,1320,78.50272147147147,6975872042.666667,12
Dragonfly+,1321,78.50975975975976,6975872042.666667,12
Dragonfly+,1322,78.51679804804805,6975872042.666667,12
Dragonfly+,1323,78.52383633633633,6975872042.666667,12
Dragonfly+,1324,78.53087462462463,6975872042.666667,12
Dragonfly+,1325,78.53791291291292,6975872042.666667,12
Dragonfly+,1326,78.5449512012012,6975872042.666667,12
Dragonfly+,1327,78.55198948948949,6975872042.666667,12
Dragonfly+,1328,78.55902777777779,6975872042.666667,12
Dragonfly+,1329,78.56606606606606,6975872042.666667,12
Dragonfly+,1330,78.57310435435436,6975872042.666667,12
Dragonfly+,1331,78.58014264264266,6975872042.666667,12
Dragonfly+,1332,78.58718093093093,6975872042.666667,12
Dragonfly+,1333,78.59421921921923,6975872042.666667,12
Dragonfly+,1334,78.6012575075075,6975872042.666667,12
Dragonfly+,1335,78.6082957957958,6975872042.666667,12
Dragonfly+,1336,78.61533408408408,6975872042.666667,12
Dragonfly+,1337,78.62237237237237,6975872042.666667,12
Dragonfly+,1338,78.62941066066067,6975872042.666667,12
Dragonfly+,1339,78.63644894894894,6975872042.666667,12
Dragonfly+,1340,78.64348723723724,6975872042.666667,12
Dragonfly+,1341,78.65052552552554,6975872042.666667,12
Dragonfly+,1342,78.65756381381381,6975872042.666667,12
Dragonfly+,1343,78.66460210210211,6975872042.666667,12
Dragonfly+,1344,78.67164039039038,6975872042.666667,12
Dragonfly+,1345,78.67867867867868,6975872042.666667,12
Dragonfly+,1346,78.68571696696696,6975872042.666667,12
Dragonfly+,1347,78.69275525525525,6975872042.666667,12
Dragonfly+,1348,78.69979354354355,6975872042.666667,12
Dragonfly+,1349,78.70683183183182,6975872042.666667,12
Dragonfly+,1350,78.71387012012012,6975872042.666667,12
Dragonfly+,1351,78.7209084084084,6975872042.666667,12
Dragonfly+,1352,78.72794669669669,6975872042.666667,12
Dragonfly+,1353,78.73498498498498,6975872042.666667,12
Dragonfly+,1354,78.74202327327328,6975872042.666667,12
Dragonfly+,1355,78.74906156156156,6975872042.666667,12
Dragonfly+,1356,78.75609984984985,6975872042.666667,12
Dragonfly+,1357,78.76313813813813,6975872042.666667,12
Dragonfly+,1358,78.77017642642643,6975872042.666667,12
Dragonfly+,1359,78.77721471471472,6975872042.666667,12
Dragonfly+,1360,78.784253003003,6975872042.666667,12
Dragonfly+,1361,78.79129129129129,6975872042.666667,12
Dragonfly+,1362,78.79832957957957,6975872042.666667,12
Dragonfly+,1363,78.80536786786787,6975872042.666667,12
Dragonfly+,1364,78.81240615615616,6975872042.666667,12
Dragonfly+,1365,78.81944444444444,6975872042.666667,12
Dragonfly+,1366,78.82648273273273,6975872042.666667,12
Dragonfly+,1367,78.83352102102101,6975872042.666667,12
Dragonfly+,1368,78.84055930930931,6975872042.666667,12
Dragonfly+,1369,78.8475975975976,6975872042.666667,12
Dragonfly+,1370,78.85463588588588,6975872042.666667,12
Dragonfly+,1371,78.86167417417418,6975872042.666667,12
Dragonfly+,1372,78.86871246246247,6975872042.666667,12
Dragonfly+,1373,78.87575075075075,6975872042.666667,12
Dragonfly+,1374,78.88278903903904,6975872042.666667,12
Dragonfly+,1375,78.88982732732732,6975872042.666667,12
Dragonfly+,1376,78.89686561561562,6975872042.666667,12
Dragonfly+,1377,78.90390390390391,6975872042.666667,12
Dragonfly+,1378,78.9109421921922,6975872042.666667,12
Dragonfly+,1379,78.91798048048048,6975872042.666667,12
Dragonfly+,1380,78.92501876876877,6975872042.666667,12
Dragonfly+,1381,78.93205705705707,6975872042.666667,12
Dragonfly+,1382,78.93909534534535,6975872042.666667,12
Dragonfly+,1383,78.94613363363364,6975872042.666667,12
Dragonfly+,1384,78.95317192192192,6975872042.666667,12
Dragonfly+,1385,78.9602102102102,6975872042.666667,12
Dragonfly+,1386,78.9672484984985,6975872042.666667,12
Dragonfly+,1387,78.97428678678678,6975872042.666667,12
Dragonfly+,1388,78.98132507507508,6975872042.666667,12
Dragonfly+,1389,78.98836336336336,6975872042.666667,12
Dragonfly+,1390,78.99540165165165,6975872042.666667,12
Dragonfly+,1391,79.00243993993995,6975872042.666667,12
Dragonfly+,1392,79.00947822822822,6975872042.666667,12
Dragonfly+,1393,79.01651651651652,6975872042.666667,12
Dragonfly+,1394,79.0235548048048,6975872042.666667,12
Dragonfly+,1395,79.03059309309309,6975872042.666667,12
Dragonfly+,1396,79.03763138138139,6975872042.666667,12
Dragonfly+,1397,79.04466966966966,6975872042.666667,12
Dragonfly+,1398,79.05170795795796,6975872042.666667,12
Dragonfly+,1399,79.05874624624626,6975872042.666667,12
Dragonfly+,1400,79.06578453453453,6975872042.666667,12
Dragonfly+,1401,79.07282282282283,6975872042.666667,12
Dragonfly+,1402,79.0798611111111,6975872042.666667,12
Dragonfly+,1403,79.0868993993994,6975872042.666667,12
Dragonfly+,1404,79.09393768768768,6975872042.666667,12
Dragonfly+,1405,79.10097597597597,6975872042.666667,12
Dragonfly+,1406,79.10801426426427,6975872042.666667,12
Dragonfly+,1407,79.11505255255254,6975872042.666667,12
Dragonfly+,1408,79.12209084084084,6975872042.666667,12
Dragonfly+,1409,79.12912912912913,6975872042.666667,12
Dragonfly+,1410,79.13616741741741,6975872042.666667,12
Dragonfly+,1411,79.14320570570571,6975872042.666667,12
Dragonfly+,1412,79.150243993994,6975872042.666667,12
Dragonfly+,1413,79.15728228228228,6975872042.666667,12
Dragonfly+,1414,79.16432057057057,6975872042.666667,12
Dragonfly+,1415,79.17135885885885,6975872042.666667,12
Dragonfly+,1416,79.17839714714715,6975872042.666667,12
Dragonfly+,1417,79.18543543543544,6975872042.666667,12
Dragonfly+,1418,79.19247372372372,6975872042.666667,12
Dragonfly+,1419,79.19951201201201,6975872042.666667,12
Dragonfly+,1420,79.2065503003003,6975872042.666667,12
Dragonfly+,1421,79.21358858858859,6975872042.666667,12
Dragonfly+,1422,79.22062687687688,6975872042.666667,12
Dragonfly+,1423,79.22766516516516,6975872042.666667,12
Dragonfly+,1424,79.23470345345345,6975872042.666667,12
Dragonfly+,1425,79.24174174174175,6975872042.666667,12
Dragonfly+,1426,79.24878003003003,6975872042.666667,12
Dragonfly+,1427,79.25581831831832,6975872042.666667,12
Dragonfly+,1428,79.2628566066066,6975872042.666667,12
Dragonfly+,1429,79.26989489489489,6975872042.666667,12
Dragonfly+,1430,79.27693318318319,6975872042.666667,12
Dragonfly+,1431,79.28397147147147,6975872042.666667,12
Dragonfly+,1432,79.29100975975976,6975872042.666667,12
Dragonfly+,1433,79.29804804804805,6975872042.666667,12
Dragonfly+,1434,79.30508633633633,6975872042.666667,12
Dragonfly+,1435,79.31212462462463,6975872042.666667,12
Dragonfly+,1436,79.31916291291292,6975872042.666667,12
Dragonfly+,1437,79.3262012012012,6975872042.666667,12
Dragonfly+,1438,79.33323948948949,6975872042.666667,12
Dragonfly+,1439,79.34027777777779,6975872042.666667,12
Dragonfly+,1440,79.34731606606606,6975872042.666667,12
Dragonfly+,1441,79.35435435435436,6975872042.666667,12
Dragonfly+,1442,79.36139264264266,6975872042.666667,12
Dragonfly+,1443,79.36843093093093,6975872042.666667,12
Dragonfly+,1444,79.37546921921923,6975872042.666667,12
Dragonfly+,1445,79.3825075075075,6975872042.666667,12
Dragonfly+,1446,79.3895457957958,6975872042.666667,12
Dragonfly+,1447,79.39658408408408,6975872042.666667,12
Dragonfly+,1448,79.40362237237237,6975872042.666667,12
Dragonfly+,1449,79.41066066066067,6975872042.666667,12
Dragonfly+,1450,79.41769894894894,6975872042.666667,12
Dragonfly+,1451,79.42473723723724,6975872042.666667,12
Dragonfly+,1452,79.43177552552554,6975872042.666667,12
Dragonfly+,1453,79.43881381381381,6975872042.666667,12
Dragonfly+,1454,79.44585210210211,6975872042.666667,12
Dragonfly+,1455,79.45289039039038,6975872042.666667,12
Dragonfly+,1456,79.45992867867868,6975872042.666667,12
Dragonfly+,1457,79.46696696696696,6975872042.666667,12
Dragonfly+,1458,79.47400525525525,6975872042.666667,12
Dragonfly+,1459,79.48104354354355,6975872042.666667,12
Dragonfly+,1460,79.48808183183182,6975872042.666667,12
Dragonfly+,1461,79.49512012012012,6975872042.666667,12
Dragonfly+,1462,79.5021584084084,6975872042.666667,12
Dragonfly+,1463,79.50919669669669,6975872042.666667,12
Dragonfly+,1464,79.51623498498498,6975872042.666667,12
Dragonfly+,1465,79.52327327327328,6975872042.666667,12
Dragonfly+,1466,79.53031156156156,6975872042.666667,12
Dragonfly+,1467,79.53734984984985,6975872042.666667,12
Dragonfly+,1468,79.54438813813813,6975872042.666667,12
Dragonfly+,1469,79.55142642642643,6975872042.666667,12
Dragonfly+,1470,79.55846471471472,6975872042.666667,12
Dragonfly+,1471,79.565503003003,6975872042.666667,12
Dragonfly+,1472,79.57254129129129,6975872042.666667,12
Dragonfly+,1473,79.57957957957957,6975872042.666667,12
Dragonfly+,1474,79.58661786786787,6975872042.666667,12
Dragonfly+,1475,79.59365615615616,6975872042.666667,12
Dragonfly+,1476,79.60069444444444,6975872042.666667,12
Dragonfly+,1477,79.60773273273273,6975872042.666667,12
Dragonfly+,1478,79.61477102102101,6975872042.666667,12
Dragonfly+,1479,79.62180930930931,6975872042.666667,12
Dragonfly+,1480,79.6288475975976,6975872042.666667,12
Dragonfly+,1481,79.63588588588588,6975872042.666667,12
Dragonfly+,1482,79.64292417417418,6975872042.666667,12
Dragonfly+,1483,79.64996246246247,6975872042.666667,12
Dragonfly+,1484,79.65700075075075,6975872042.666667,12
Dragonfly+,1485,79.66403903903904,6975872042.666667,12
Dragonfly+,1486,79.67107732732732,6975872042.666667,12
Dragonfly+,1487,79.67811561561562,6975872042.666667,12
Dragonfly+,1488,79.68515390390391,6975872042.666667,12
Dragonfly+,1489,79.6921921921922,6975872042.666667,12
Dragonfly+,1490,79.69923048048048,6975872042.666667,12
Dragonfly+,1491,79.70626876876877,6975872042.666667,12
Dragonfly+,1492,79.71330705705707,6975872042.666667,12
Dragonfly+,1493,79.72034534534535,6975872042.666667,12
Dragonfly+,1494,79.72738363363364,6975872042.666667,12
Dragonfly+,1495,79.73442192192192,6975872042.666667,12
Dragonfly+,1496,79.7414602102102,6975872042.666667,12
Dragonfly+,1497,79.7484984984985,6975872042.666667,12
Dragonfly+,1498,79.75553678678678,6975872042.666667,12
Dragonfly+,1499,79.76257507507508,6975872042.666667,12
Dragonfly+,1500,79.76961336336336,6975872042.666667,12
Dragonfly+,1501,79.77665165165165,6975872042.666667,12
Dragonfly+,1502,79.78368993993995,6975872042.666667,12
Dragonfly+,1503,79.79072822822822,6975872042.666667,12
Dragonfly+,1504,79.79776651651652,6975872042.666667,12
Dragonfly+,1505,79.8048048048048,6975872042.666667,12
Dragonfly+,1506,79.81184309309309,6975872042.666667,12
Dragonfly+,1507,79.81888138138139,6975872042.666667,12
Dragonfly+,1508,79.82591966966966,6975872042.666667,12
Dragonfly+,1509,79.83295795795796,6975872042.666667,12
Dragonfly+,1510,79.83999624624626,6975872042.666667,12
Dragonfly+,1511,79.84703453453453,6975872042.666667,12
Dragonfly+,1512,79.85407282282283,6975872042.666667,12
Dragonfly+,1513,79.8611111111111,6975872042.666667,12
Dragonfly+,1514,79.8681493993994,6975872042.666667,12
Dragonfly+,1515,79.87518768768768,6975872042.666667,12
Dragonfly+,1516,79.88222597597597,6975872042.666667,12
Dragonfly+,1517,79.88926426426427,6975872042.666667,12
Dragonfly+,1518,79.89630255255254,6975872042.666667,12
Dragonfly+,1519,79.90334084084084,6975872042.666667,12
Dragonfly+,1520,79.91037912912913,6975872042.666667,12
Dragonfly+,1521,79.91741741741741,6975872042.666667,12
Dragonfly+,1522,79.92445570570571,6975872042.666667,12
Dragonfly+,1523,79.931493993994,6975872042.666667,12
Dragonfly+,1524,79.93853228228228,6975872042.666667,12
Dragonfly+,1525,79.94557057057057,6975872042.666667,12
Dragonfly+,1526,79.95260885885885,6975872042.666667,12
Dragonfly+,1527,79.95964714714715,6975872042.666667,12
Dragonfly+,1528,79.96668543543544,6975872042.666667,12
Dragonfly+,1529,79.97372372372372,6975872042.666667,12
Dragonfly+,1530,79.98076201201201,6975872042.666667,12
Dragonfly+,1531,79.9878003003003,6975872042.666667,12
Dragonfly+,1532,79.99483858858859,6975872042.666667,12
Dragonfly+,1533,80.00187687687688,6975872042.666667,12
Dragonfly+,1534,80.00891516516516,6975872042.666667,12
Dragonfly+,1535,80.01595345345345,6975872042.666667,12
Dragonfly+,1536,80.02299174174175,6975872042.666667,12
Dragonfly+,1537,80.03003003003003,6975872042.666667,12
Dragonfly+,1538,80.03706831831832,6975872042.666667,12
Dragonfly+,1539,80.0441066066066,6975872042.666667,12
Dragonfly+,1540,80.05114489489489,6975872042.666667,12
Dragonfly+,1541,80.05818318318319,6975872042.666667,12
Dragonfly+,1542,80.06522147147147,6975872042.666667,12
Dragonfly+,1543,80.07225975975976,6975872042.666667,12
Dragonfly+,1544,80.07929804804805,6975872042.666667,12
Dragonfly+,1545,80.08633633633633,6975872042.666667,12
Dragonfly+,1546,80.09337462462463,6975872042.666667,12
Dragonfly+,1547,80.10041291291292,6975872042.666667,12
Dragonfly+,1548,80.1074512012012,6975872042.666667,12
Dragonfly+,1549,80.11448948948949,6975872042.666667,12
Dragonfly+,1550,80.12152777777779,6975872042.666667,12
Dragonfly+,1551,80.12856606606606,6975872042.666667,12
Dragonfly+,1552,80.13560435435436,6975872042.666667,12
Dragonfly+,1553,80.14264264264266,6975872042.666667,12
Dragonfly+,1554,80.14968093093093,6975872042.666667,12
Dragonfly+,1555,80.15671921921923,6975872042.666667,12
Dragonfly+,1556,80.1637575075075,6975872042.666667,12
Dragonfly+,1557,80.1707957957958,6975872042.666667,12
Dragonfly+,1558,80.17783408408408,6975872042.666667,12
Dragonfly+,1559,80.18487237237237,6975872042.666667,12
Dragonfly+,1560,80.19191066066067,6975872042.666667,12
Dragonfly+,1561,80.19894894894894,6975872042.666667,12
Dragonfly+,1562,80.20598723723724,6975872042.666667,12
Dragonfly+,1563,80.21302552552554,6975872042.666667,12
Dragonfly+,1564,80.22006381381381,6975872042.666667,12
Dragonfly+,1565,80.22710210210211,6975872042.666667,12
Dragonfly+,1566,80.23414039039038,6975872042.666667,12
Dragonfly+,1567,80.24117867867868,6975872042.666667,12
Dragonfly+,1568,80.24821696696696,6975872042.666667,12
Dragonfly+,1569,80.25525525525525,6975872042.666667,12
Dragonfly+,1570,80.26229354354355,6975872042.666667,12
Dragonfly+,1571,80.26933183183182,6975872042.666667,12
Dragonfly+,1572,80.27637012012012,6975872042.666667,12
Dragonfly+,1573,80.2834084084084,6975872042.666667,12
Dragonfly+,1574,80.29044669669669,6975872042.666667,12
Dragonfly+,1575,80.29748498498498,6975872042.666667,12
Dragonfly+,1576,80.30452327327328,6975872042.666667,12
Dragonfly+,1577,80.31156156156156,6975872042.666667,12
Dragonfly+,1578,80.31859984984985,6975872042.666667,12
Dragonfly+,1579,80.32563813813813,6975872042.666667,12
Dragonfly+,1580,80.33267642642643,6975872042.666667,12
Dragonfly+,1581,80.33971471471472,6975872042.666667,12
Dragonfly+,1582,80.346753003003,6975872042.666667,12
Dragonfly+,1583,80.35379129129129,6975872042.666667,12
Dragonfly+,1584,80.36082957957957,6975872042.666667,12
Dragonfly+,1585,80.36786786786787,6975872042.666667,12
Dragonfly+,1586,80.37490615615616,6975872042.666667,12
Dragonfly+,1587,80.38194444444444,6975872042.666667,12
Dragonfly+,1588,80.38898273273273,6975872042.666667,12
Dragonfly+,1589,80.39602102102101,6975872042.666667,12
Dragonfly+,1590,80.40305930930931,6975872042.666667,12
Dragonfly+,1591,80.4100975975976,6975872042.666667,12
Dragonfly+,1592,80.41713588588588,6975872042.666667,12
Dragonfly+,1593,80.42417417417418,6975872042.666667,12
Dragonfly+,1594,80.43121246246247,6975872042.666667,12
Dragonfly+,1595,80.43825075075075,6975872042.666667,12
Dragonfly+,1596,80.44528903903904,6975872042.666667,12
Dragonfly+,1597,80.45232732732732,6975872042.666667,12
Dragonfly+,1598,80.45936561561562,6975872042.666667,12
Dragonfly+,1599,80.46640390390391,6975872042.666667,12
Dragonfly+,1600,80.4734421921922,6975872042.666667,12
Dragonfly+,1601,80.48048048048048,6975872042.666667,12
Dragonfly+,1602,80.48751876876877,6975872042.666667,12
Dragonfly+,1603,80.49455705705707,6975872042.666667,12
Dragonfly+,1604,80.50159534534535,6975872042.666667,12
Dragonfly+,1605,80.50863363363364,6975872042.666667,12
Dragonfly+,1606,80.51567192192192,6975872042.666667,12
Dragonfly+,1607,80.5227102102102,6975872042.666667,12
Dragonfly+,1608,80.5297484984985,6975872042.666667,12
Dragonfly+,1609,80.53678678678678,6975872042.666667,12
Dragonfly+,1610,80.54382507507508,6975872042.666667,12
Dragonfly+,1611,80.55086336336336,6975872042.666667,12
Dragonfly+,1612,80.55790165165165,6975872042.666667,12
Dragonfly+,1613,80.56493993993995,6975872042.666667,12
Dragonfly+,1614,80.57197822822822,6975872042.666667,12
Dragonfly+,1615,80.57901651651652,6975872042.666667,12
Dragonfly+,1616,80.5860548048048,6975872042.666667,12
Dragonfly+,1617,80.59309309309309,6975872042.666667,12
Dragonfly+,1618,80.60013138138139,6975872042.666667,12
Dragonfly+,1619,80.60716966966966,6975872042.666667,12
Dragonfly+,1620,80.61420795795796,6975872042.666667,12
Dragonfly+,1621,80.62124624624626,6975872042.666667,12
Dragonfly+,1622,80.62828453453453,6975872042.666667,12
Dragonfly+,1623,80.63532282282283,6975872042.666667,12
Dragonfly+,1624,80.6423611111111,6975872042.666667,12
Dragonfly+,1625,80.6493993993994,6975872042.666667,12
Dragonfly+,1626,80.65643768768768,6975872042.666667,12
Dragonfly+,1627,80.66347597597597,6975872042.666667,12
Dragonfly+,1628,80.67051426426427,6975872042.666667,12
Dragonfly+,1629,80.67755255255254,6975872042.666667,12
Dragonfly+,1630,80.68459084084084,6975872042.666667,12
Dragonfly+,1631,80.69162912912913,6975872042.666667,12
Dragonfly+,1632,80.69866741741741,6975872042.666667,12
Dragonfly+,1633,80.70570570570571,6975872042.666667,12
Dragonfly+,1634,80.712743993994,6975872042.666667,12
Dragonfly+,1635,80.71978228228228,6975872042.666667,12
Dragonfly+,1636,80.72682057057057,6975872042.666667,12
Dragonfly+,1637,80.73385885885885,6975872042.666667,12
Dragonfly+,1638,80.74089714714715,6975872042.666667,12
Dragonfly+,1639,80.74793543543544,6975872042.666667,12
Dragonfly+,1640,80.75497372372372,6975872042.666667,12
Dragonfly+,1641,80.76201201201201,6975872042.666667,12
Dragonfly+,1642,80.7690503003003,6975872042.666667,12
Dragonfly+,1643,80.77608858858859,6975872042.666667,12
Dragonfly+,1644,80.78312687687688,6975872042.666667,12
Dragonfly+,1645,80.79016516516516,6975872042.666667,12
Dragonfly+,1646,80.79720345345345,6975872042.666667,12
Dragonfly+,1647,80.80424174174175,6975872042.666667,12
Dragonfly+,1648,80.81128003003003,6975872042.666667,12
Dragonfly+,1649,80.81831831831832,6975872042.666667,12
Dragonfly+,1650,80.8253566066066,6975872042.666667,12
Dragonfly+,1651,80.83239489489489,6975872042.666667,12
Dragonfly+,1652,80.83943318318319,6975872042.666667,12
Dragonfly+,1653,80.84647147147147,6975872042.666667,12
Dragonfly+,1654,80.85350975975976,6975872042.666667,12
Dragonfly+,1655,80.86054804804805,6975872042.666667,12
Dragonfly+,1656,80.86758633633633,6975872042.666667,12
Dragonfly+,1657,80.87462462462463,6975872042.666667,12
Dragonfly+,1658,80.88166291291292,6975872042.666667,12
Dragonfly+,1659,80.8887012012012,6975872042.666667,12
Dragonfly+,1660,80.89573948948949,6975872042.666667,12
Dragonfly+,1661,80.90277777777779,6975872042.666667,12
Dragonfly+,1662,80.90981606606606,6975872042.666667,12
Dragonfly+,1663,80.91685435435436,6975872042.666667,12
Dragonfly+,1664,80.92389264264266,6975872042.666667,12
Dragonfly+,1665,80.93093093093093,6975872042.666667,12
Dragonfly+,1666,80.93796921921923,6975872042.666667,12
Dragonfly+,1667,80.9450075075075,6975872042.666667,12
Dragonfly+,1668,80.9520457957958,6975872042.666667,12
Dragonfly+,1669,80.95908408408408,6975872042.666667,12
Dragonfly+,1670,80.96612237237237,6975872042.666667,12
Dragonfly+,1671,80.97316066066067,6975872042.666667,12
Dragonfly+,1672,80.98019894894894,6975872042.666667,12
Dragonfly+,1673,80.98723723723724,6975872042.666667,12
Dragonfly+,1674,80.99427552552554,6975872042.666667,12
Dragonfly+,1675,81.00131381381381,6975872042.666667,12
Dragonfly+,1676,81.00835210210211,6975872042.666667,12
Dragonfly+,1677,81.01539039039038,6975872042.666667,12
Dragonfly+,1678,81.02242867867868,6975872042.666667,12
Dragonfly+,1679,81.02946696696696,6975872042.666667,12
Dragonfly+,1680,81.03650525525525,6975872042.666667,12
Dragonfly+,1681,81.04354354354355,6975872042.666667,12
Dragonfly+,1682,81.05058183183182,6975872042.666667,12
Dragonfly+,1683,81.05762012012012,6975872042.666667,12
Dragonfly+,1684,81.0646584084084,6975872042.666667,12
Dragonfly+,1685,81.07169669669669,6975872042.666667,12
Dragonfly+,1686,81.07873498498498,6975872042.666667,12
Dragonfly+,1687,81.08577327327328,6975872042.666667,12
Dragonfly+,1688,81.09281156156156,6975872042.666667,12
Dragonfly+,1689,81.09984984984985,6975872042.666667,12
Dragonfly+,1690,81.10688813813813,6975872042.666667,12
Dragonfly+,1691,81.11392642642643,6975872042.666667,12
Dragonfly+,1692,81.12096471471472,6975872042.666667,12
Dragonfly+,1693,81.128003003003,6975872042.666667,12
Dragonfly+,1694,81.13504129129129,6975872042.666667,12
Dragonfly+,1695,81.14207957957957,6975872042.666667,12
Dragonfly+,1696,81.14911786786787,6975872042.666667,12
Dragonfly+,1697,81.15615615615616,6975872042.666667,12
Dragonfly+,1698,81.16319444444444,6975872042.666667,12
Dragonfly+,1699,81.17023273273273,6975872042.666667,12
Dragonfly+,1700,81.17727102102101,6975872042.666667,12
Dragonfly+,1701,81.18430930930931,6975872042.666667,12
Dragonfly+,1702,81.1913475975976,6975872042.666667,12
Dragonfly+,1703,81.19838588588588,6975872042.666667,12
Dragonfly+,1704,81.20542417417418,6975872042.666667,12
Dragonfly+,1705,81.21246246246247,6975872042.666667,12
Dragonfly+,1706,81.21950075075075,6975872042.666667,12
Dragonfly+,1707,81.22653903903904,6975872042.666667,12
Dragonfly+,1708,81.23357732732732,6975872042.666667,12
Dragonfly+,1709,81.24061561561562,6975872042.666667,12
Dragonfly+,1710,81.24765390390391,6975872042.666667,12
Dragonfly+,1711,81.2546921921922,6975872042.666667,12
Dragonfly+,1712,81.26173048048048,6975872042.666667,12
Dragonfly+,1713,81.26876876876877,6975872042.666667,12
Dragonfly+,1714,81.27580705705707,6975872042.666667,12
Dragonfly+,1715,81.28284534534535,6975872042.666667,12
Dragonfly+,1716,81.28988363363364,6975872042.666667,12
Dragonfly+,1717,81.29692192192192,6975872042.666667,12
Dragonfly+,1718,81.3039602102102,6975872042.666667,12
Dragonfly+,1719,81.3109984984985,6975872042.666667,12
Dragonfly+,1720,81.31803678678678,6975872042.666667,12
Dragonfly+,1721,81.32507507507508,6975872042.666667,12
Dragonfly+,1722,81.33211336336336,6975872042.666667,12
Dragonfly+,1723,81.33915165165165,6975872042.666667,12
Dragonfly+,1724,81.34618993993995,6975872042.666667,12
Dragonfly+,1725,81.35322822822822,6975872042.666667,12
Dragonfly+,1726,81.36026651651652,6975872042.666667,12
Dragonfly+,1727,81.3673048048048,6975872042.666667,12
Dragonfly+,1728,81.37434309309309,6975872042.666667,12
Dragonfly+,1729,81.38138138138139,6975872042.666667,12
Dragonfly+,1730,81.38841966966966,6975872042.666667,12
Dragonfly+,1731,81.39545795795796,6975872042.666667,12
Dragonfly+,1732,81.40249624624626,6975872042.666667,12
Dragonfly+,1733,81.40953453453453,6975872042.666667,12
Dragonfly+,1734,81.41657282282283,6975872042.666667,12
Dragonfly+,1735,81.4236111111111,6975872042.666667,12
Dragonfly+,1736,81.4306493993994,6975872042.666667,12
Dragonfly+,1737,81.43768768768768,6975872042.666667,12
Dragonfly+,1738,81.44472597597597,6975872042.666667,12
Dragonfly+,1739,81.45176426426427,6975872042.666667,12
Dragonfly+,1740,81.45880255255254,6975872042.666667,12
Dragonfly+,1741,81.46584084084084,6975872042.666667,12
Dragonfly+,1742,81.47287912912913,6975872042.666667,12
Dragonfly+,1743,81.47991741741741,6975872042.666667,12
Dragonfly+,1744,81.48695570570571,6975872042.666667,12
Dragonfly+,1745,81.493993993994,6975872042.666667,12
Dragonfly+,1746,81.50103228228228,6975872042.666667,12
Dragonfly+,1747,81.50807057057057,6975872042.666667,12
Dragonfly+,1748,81.51510885885885,6975872042.666667,12
Dragonfly+,1749,81.52214714714715,6975872042.666667,12
Dragonfly+,1750,81.52918543543544,6975872042.666667,12
Dragonfly+,1751,81.53622372372372,6975872042.666667,12
Dragonfly+,1752,81.54326201201201,6975872042.666667,12
Dragonfly+,1753,81.5503003003003,6975872042.666667,12
Dragonfly+,1754,81.55733858858859,6975872042.666667,12
Dragonfly+,1755,81.56437687687688,6975872042.666667,12
Dragonfly+,1756,81.57141516516516,6975872042.666667,12
Dragonfly+,1757,81.57845345345345,6975872042.666667,12
Dragonfly+,1758,81.58549174174175,6975872042.666667,12
Dragonfly+,1759,81.59253003003003,6975872042.666667,12
Dragonfly+,1760,81.59956831831832,6975872042.666667,12
Dragonfly+,1761,81.6066066066066,6975872042.666667,12
Dragonfly+,1762,81.61364489489489,6975872042.666667,12
Dragonfly+,1763,81.62068318318319,6975872042.666667,12
Dragonfly+,1764,81.62772147147147,6975872042.666667,12
Dragonfly+,1765,81.63475975975976,6975872042.666667,12
Dragonfly+,1766,81.64179804804805,6975872042.666667,12
Dragonfly+,1767,81.64883633633633,6975872042.666667,12
Dragonfly+,1768,81.65587462462463,6975872042.666667,12
Dragonfly+,1769,81.66291291291292,6975872042.666667,12
Dragonfly+,1770,81.6699512012012,6975872042.666667,12
Dragonfly+,1771,81.67698948948949,6975872042.666667,12
Dragonfly+,1772,81.68402777777779,6975872042.666667,12
Dragonfly+,1773,81.69106606606606,6975872042.666667,12
Dragonfly+,1774,81.69810435435436,6975872042.666667,12
Dragonfly+,1775,81.70514264264266,6975872042.666667,12
Dragonfly+,1776,81.71218093093093,6975872042.666667,12
Dragonfly+,1777,81.71921921921923,6975872042.666667,12
Dragonfly+,1778,81.7262575075075,6975872042.666667,12
Dragonfly+,1779,81.7332957957958,6975872042.666667,12
Dragonfly+,1780,81.74033408408408,6975872042.666667,12
Dragonfly+,1781,81.74737237237237,6975872042.666667,12
Dragonfly+,1782,81.75441066066067,6975872042.666667,12
Dragonfly+,1783,81.76144894894894,6975872042.666667,12
Dragonfly+,1784,81.76848723723724,6975872042.666667,12
Dragonfly+,1785,81.77552552552554,6975872042.666667,12
Dragonfly+,1786,81.78256381381381,6975872042.666667,12
Dragonfly+,1787,81.78960210210211,6975872042.666667,12
Dragonfly+,1788,81.79664039039038,6975872042.666667,12
Dragonfly+,1789,81.80367867867868,6975872042.666667,12
Dragonfly+,1790,81.81071696696696,6975872042.666667,12
Dragonfly+,1791,81.81775525525525,6975872042.666667,12
Dragonfly+,1792,81.82479354354355,6975872042.666667,12
Dragonfly+,1793,81.83183183183182,6975872042.666667,12
Dragonfly+,1794,81.83887012012012,6975872042.666667,12
Dragonfly+,1795,81.8459084084084,6975872042.666667,12
Dragonfly+,1796,81.85294669669669,6975872042.666667,12
Dragonfly+,1797,81.85998498498498,6975872042.666667,12
Dragonfly+,1798,81.86702327327328,6975872042.666667,12
Dragonfly+,1799,81.87406156156156,6975872042.666667,12
Dragonfly+,1800,81.88109984984985,6975872042.666667,12
Dragonfly+,1801,81.88813813813813,6975872042.666667,12
Dragonfly+,1802,81.89517642642643,6975872042.666667,12
Dragonfly+,1803,81.90221471471472,6975872042.666667,12
Dragonfly+,1804,81.909253003003,6975872042.666667,12
Dragonfly+,1805,81.91629129129129,6975872042.666667,12
Dragonfly+,1806,81.92332957957957,6975872042.666667,12
Dragonfly+,1807,81.93036786786787,6975872042.666667,12
Dragonfly+,1808,81.93740615615616,6975872042.666667,12
Dragonfly+,1809,81.94444444444444,6975872042.666667,12
Dragonfly+,1810,81.95148273273273,6975872042.666667,12
Dragonfly+,1811,81.95852102102101,6975872042.666667,12
Dragonfly+,1812,81.96555930930931,6975872042.666667,12
Dragonfly+,1813,81.9725975975976,6975872042.666667,12
Dragonfly+,1814,81.97963588588588,6975872042.666667,12
Dragonfly+,1815,81.98667417417418,6975872042.666667,12
Dragonfly+,1816,81.99371246246247,6975872042.666667,12
Dragonfly+,1817,82.00075075075075,6975872042.666667,12
Dragonfly+,1818,82.00778903903904,6975872042.666667,12
Dragonfly+,1819,82.01482732732732,6975872042.666667,12
Dragonfly+,1820,82.02186561561562,6975872042.666667,12
Dragonfly+,1821,82.02890390390391,6975872042.666667,12
Dragonfly+,1822,82.0359421921922,6975872042.666667,12
Dragonfly+,1823,82.04298048048048,6975872042.666667,12
Dragonfly+,1824,82.05001876876877,6975872042.666667,12
Dragonfly+,1825,82.05705705705707,6975872042.666667,12
Dragonfly+,1826,82.06409534534535,6975872042.666667,12
Dragonfly+,1827,82.07113363363364,6975872042.666667,12
Dragonfly+,1828,82.07817192192192,6975872042.666667,12
Dragonfly+,1829,82.0852102102102,6975872042.666667,12
Dragonfly+,1830,82.0922484984985,6975872042.666667,12
Dragonfly+,1831,82.09928678678678,6975872042.666667,12
Dragonfly+,1832,82.10632507507508,6975872042.666667,12
Dragonfly+,1833,82.11336336336336,6975872042.666667,12
Dragonfly+,1834,82.12040165165165,6975872042.666667,12
Dragonfly+,1835,82.12743993993995,6975872042.666667,12
Dragonfly+,1836,82.13447822822822,6975872042.666667,12
Dragonfly+,1837,82.14151651651652,6975872042.666667,12
Dragonfly+,1838,82.1485548048048,6975872042.666667,12
Dragonfly+,1839,82.15559309309309,6975872042.666667,12
Dragonfly+,1840,82.16263138138139,6975872042.666667,12
Dragonfly+,1841,82.16966966966966,6975872042.666667,12
Dragonfly+,1842,82.17670795795796,6975872042.666667,12
Dragonfly+,1843,82.18374624624626,6975872042.666667,12
Dragonfly+,1844,82.19078453453453,6975872042.666667,12
Dragonfly+,1845,82.19782282282283,6975872042.666667,12
Dragonfly+,1846,82.2048611111111,6975872042.666667,12
Dragonfly+,1847,82.2118993993994,6975872042.666667,12
Dragonfly+,1848,82.21893768768768,6975872042.666667,12
Dragonfly+,1849,82.22597597597597,6975872042.666667,12
Dragonfly+,1850,82.23301426426427,6975872042.666667,12
Dragonfly+,1851,82.24005255255254,6975872042.666667,12
Dragonfly+,1852,82.24709084084084,6975872042.666667,12
Dragonfly+,1853,82.25412912912913,6975872042.666667,12
Dragonfly+,1854,82.26116741741741,6975872042.666667,12
Dragonfly+,1855,82.26820570570571,6975872042.666667,12
Dragonfly+,1856,82.275243993994,6975872042.666667,12
Dragonfly+,1857,82.28228228228228,6975872042.666667,12
Dragonfly+,1858,82.28932057057057,6975872042.666667,12
Dragonfly+,1859,82.29635885885885,6975872042.666667,12
Dragonfly+,1860,82.30339714714715,6975872042.666667,12
Dragonfly+,1861,82.31043543543544,6975872042.666667,12
Dragonfly+,1862,82.31747372372372,6975872042.666667,12
Dragonfly+,1863,82.32451201201201,6975872042.666667,12
Dragonfly+,1864,82.3315503003003,6975872042.666667,12
Dragonfly+,1865,82.33858858858859,6975872042.666667,12
Dragonfly+,1866,82.34562687687688,6975872042.666667,12
Dragonfly+,1867,82.35266516516516,6975872042.666667,12
Dragonfly+,1868,82.35970345345345,6975872042.666667,12
Dragonfly+,1869,82.36674174174175,6975872042.666667,12
Dragonfly+,1870,82.37378003003003,6975872042.666667,12
Dragonfly+,1871,82.38081831831832,6975872042.666667,12
Dragonfly+,1872,82.3878566066066,6975872042.666667,12
Dragonfly+,1873,82.39489489489489,6975872042.666667,12
Dragonfly+,1874,82.40193318318319,6975872042.666667,12
Dragonfly+,1875,82.40897147147147,6975872042.666667,12
Dragonfly+,1876,82.41600975975976,6975872042.666667,12
Dragonfly+,1877,82.42304804804805,6975872042.666667,12
Dragonfly+,1878,82.43008633633633,6975872042.666667,12
Dragonfly+,1879,82.43712462462463,6975872042.666667,12
Dragonfly+,1880,82.44416291291292,6975872042.666667,12
Dragonfly+,1881,82.4512012012012,6975872042.666667,12
Dragonfly+,1882,82.45823948948949,6975872042.666667,12
Dragonfly+,1883,82.46527777777779,6975872042.666667,12
Dragonfly+,1884,82.47231606606606,6975872042.666667,12
Dragonfly+,1885,82.47935435435436,6975872042.666667,12
Dragonfly+,1886,82.48639264264266,6975872042.666667,12
Dragonfly+,1887,82.49343093093093,6975872042.666667,12
Dragonfly+,1888,82.50046921921923,6975872042.666667,12
Dragonfly+,1889,82.5075075075075,6975872042.666667,12
Dragonfly+,1890,82.5145457957958,6975872042.666667,12
Dragonfly+,1891,82.52158408408408,6975872042.666667,12
Dragonfly+,1892,82.52862237237237,6975872042.666667,12
Dragonfly+,1893,82.53566066066067,6975872042.666667,12
Dragonfly+,1894,82.54269894894894,6975872042.666667,12
Dragonfly+,1895,82.54973723723724,6975872042.666667,12
Dragonfly+,1896,82.55677552552554,6975872042.666667,12
Dragonfly+,1897,82.56381381381381,6975872042.666667,12
Dragonfly+,1898,82.57085210210211,6975872042.666667,12
Dragonfly+,1899,82.57789039039038,6975872042.666667,12
Dragonfly+,1900,82.58492867867868,6975872042.666667,12
Dragonfly+,1901,82.59196696696696,6975872042.666667,12
Dragonfly+,1902,82.59900525525525,6975872042.666667,12
Dragonfly+,1903,82.60604354354355,6975872042.666667,12
Dragonfly+,1904,82.61308183183182,6975872042.666667,12
Dragonfly+,1905,82.62012012012012,6975872042.666667,12
Dragonfly+,1906,82.6271584084084,6975872042.666667,12
Dragonfly+,1907,82.63419669669669,6975872042.666667,12
Dragonfly+,1908,82.64123498498498,6975872042.666667,12
Dragonfly+,1909,82.64827327327328,6975872042.666667,12
Dragonfly+,1910,82.65531156156156,6975872042.666667,12
Dragonfly+,1911,82.66234984984985,6975872042.666667,12
Dragonfly+,1912,82.66938813813813,6975872042.666667,12
Dragonfly+,1913,82.67642642642643,6975872042.666667,12
Dragonfly+,1914,82.68346471471472,6975872042.666667,12
Dragonfly+,1915,82.690503003003,6975872042.666667,12
Dragonfly+,1916,82.69754129129129,6975872042.666667,12
Dragonfly+,1917,82.70457957957957,6975872042.666667,12
Dragonfly+,1918,82.71161786786787,6975872042.666667,12
Dragonfly+,1919,82.71865615615616,6975872042.666667,12
Dragonfly+,1920,82.72569444444444,6975872042.666667,12
Dragonfly+,1921,82.73273273273273,6975872042.666667,12
Dragonfly+,1922,82.73977102102101,7722298690.666667,12
Dragonfly+,1923,82.74680930930931,7722298690.666667,12
Dragonfly+,1924,82.7538475975976,7722298690.666667,12
Dragonfly+,1925,82.76088588588588,7722298690.666667,12
Dragonfly+,1926,82.76792417417418,7722298690.666667,12
Dragonfly+,1927,82.77496246246247,7722298690.666667,12
Dragonfly+,1928,82.78200075075075,7722298690.666667,12
Dragonfly+,1929,82.78903903903904,7722298690.666667,12
Dragonfly+,1930,82.79607732732732,7722298690.666667,12
Dragonfly+,1931,82.80311561561562,7722298690.666667,12
Dragonfly+,1932,82.81015390390391,7722298690.666667,12
Dragonfly+,1933,82.8171921921922,7722298690.666667,12
Dragonfly+,1934,82.82423048048048,7722298690.666667,12
Dragonfly+,1935,82.83126876876877,7722298690.666667,12
Dragonfly+,1936,82.83830705705707,7722298690.666667,12
Dragonfly+,1937,82.84534534534535,7722298690.666667,12
Dragonfly+,1938,82.85238363363364,7722298690.666667,12
Dragonfly+,1939,82.85942192192192,7722298690.666667,12
Dragonfly+,1940,82.8664602102102,7722298690.666667,12
Dragonfly+,1941,82.8734984984985,7722298690.666667,12
Dragonfly+,1942,82.88053678678678,7722298690.666667,12
Dragonfly+,1943,82.88757507507508,7722298690.666667,12
Dragonfly+,1944,82.89461336336336,7722298690.666667,12
Dragonfly+,1945,82.90165165165165,7722298690.666667,12
Dragonfly+,1946,82.90868993993995,7722298690.666667,12
Dragonfly+,1947,82.91572822822822,7722298690.666667,12
Dragonfly+,1948,82.92276651651652,7722298690.666667,12
Dragonfly+,1949,82.9298048048048,7722298690.666667,12
Dragonfly+,1950,82.93684309309309,7722298690.666667,12
Dragonfly+,1951,82.94388138138139,7722298690.666667,12
Dragonfly+,1952,82.95091966966966,7722298690.666667,12
Dragonfly+,1953,82.95795795795796,7722298690.666667,12
Dragonfly+,1954,82.96499624624626,7722298690.666667,12
Dragonfly+,1955,82.97203453453453,7722298690.666667,12
Dragonfly+,1956,82.97907282282283,7722298690.666667,12
Dragonfly+,1957,82.9861111111111,7722298690.666667,12
Dragonfly+,1958,82.9931493993994,7722298690.666667,12
Dragonfly+,1959,83.00018768768768,7722298690.666667,12
Dragonfly+,1960,83.00722597597597,7722298690.666667,12
Dragonfly+,1961,83.01426426426427,7722298690.666667,12
Dragonfly+,1962,83.02130255255254,7722298690.666667,12
Dragonfly+,1963,83.02834084084084,7722298690.666667,12
Dragonfly+,1964,83.03537912912913,7722298690.666667,12
Dragonfly+,1965,83.04241741741741,7722298690.666667,12
Dragonfly+,1966,83.04945570570571,7722298690.666667,12
Dragonfly+,1967,83.056493993994,7722298690.666667,12
Dragonfly+,1968,83.06353228228228,7722298690.666667,12
Dragonfly+,1969,83.07057057057057,7722298690.666667,12
Dragonfly+,1970,83.07760885885885,7722298690.666667,12
Dragonfly+,1971,83.08464714714715,7722298690.666667,12
Dragonfly+,1972,83.09168543543544,7722298690.666667,12
Dragonfly+,1973,83.09872372372372,7722298690.666667,12
Dragonfly+,1974,83.10576201201201,7722298690.666667,12
Dragonfly+,1975,83.1128003003003,7722298690.666667,12
Dragonfly+,1976,83.11983858858859,7722298690.666667,12
Dragonfly+,1977,83.12687687687688,7722298690.666667,12
Dragonfly+,1978,83.13391516516516,7722298690.666667,12
Dragonfly+,1979,83.14095345345345,7722298690.666667,12
Dragonfly+,1980,83.14799174174175,7722298690.666667,12
Dragonfly+,1981,83.15503003003003,7722298690.666667,12
Dragonfly+,1982,83.16206831831832,7722298690.666667,12
Dragonfly+,1983,83.1691066066066,7722298690.666667,12
Dragonfly+,1984,83.17614489489489,7722298690.666667,12
Dragonfly+,1985,83.18318318318319,7722298690.666667,12
Dragonfly+,1986,83.19022147147147,7722298690.666667,12
Dragonfly+,1987,83.19725975975976,7722298690.666667,12
Dragonfly+,1988,83.20429804804805,7722298690.666667,12
Dragonfly+,1989,83.21133633633633,7722298690.666667,12
Dragonfly+,1990,83.21837462462463,7722298690.666667,12
Dragonfly+,1991,83.22541291291292,7722298690.666667,12
Dragonfly+,1992,83.2324512012012,7722298690.666667,12
Dragonfly+,1993,83.23948948948949,7722298690.666667,12
Dragonfly+,1994,83.24652777777779,7722298690.666667,12
Dragonfly+,1995,83.25356606606606,7722298690.666667,12
Dragonfly+,1996,83.26060435435436,7722298690.666667,12
Dragonfly+,1997,83.26764264264266,7722298690.666667,12
Dragonfly+,1998,83.27468093093093,7722298690.666667,12
Dragonfly+,1999,83.28171921921923,7722298690.666667,12
Dragonfly+,2000,83.2887575075075,7722298690.666667,12
Dragonfly+,2001,83.2957957957958,7722298690.666667,12
Dragonfly+,2002,83.30283408408408,7722298690.666667,12
Dragonfly+,2003,83.30987237237237,7722298690.666667,12
Dragonfly+,2004,83.31691066066067,7722298690.666667,12
Dragonfly+,2005,83.32394894894894,7722298690.666667,12
Dragonfly+,2006,83.33098723723724,7722298690.666667,12
Dragonfly+,2007,83.33802552552554,7722298690.666667,12
Dragonfly+,2008,83.34506381381381,7722298690.666667,12
Dragonfly+,2009,83.35210210210211,7722298690.666667,12
Dragonfly+,2010,83.35914039039038,7722298690.666667,12
Dragonfly+,2011,83.36617867867868,7722298690.666667,12
Dragonfly+,2012,83.37321696696696,7722298690.666667,12
Dragonfly+,2013,83.38025525525525,7722298690.666667,12
Dragonfly+,2014,83.38729354354355,7722298690.666667,12
Dragonfly+,2015,83.39433183183182,7722298690.666667,12
Dragonfly+,2016,83.40137012012012,7722298690.666667,12
Dragonfly+,2017,83.4084084084084,7722298690.666667,12
Dragonfly+,2018,83.41544669669669,7722298690.666667,12
Dragonfly+,2019,83.42248498498498,7722298690.666667,12
Dragonfly+,2020,83.42952327327328,7722298690.666667,12
Dragonfly+,2021,83.43656156156156,7722298690.666667,12
Dragonfly+,2022,83.44359984984985,7722298690.666667,12
Dragonfly+,2023,83.45063813813813,7722298690.666667,12
Dragonfly+,2024,83.45767642642643,7722298690.666667,12
Dragonfly+,2025,83.46471471471472,7722298690.666667,12
Dragonfly+,2026,83.471753003003,7722298690.666667,12
Dragonfly+,2027,83.47879129129129,7722298690.666667,12
Dragonfly+,2028,83.48582957957957,7722298690.666667,12
Dragonfly+,2029,83.49286786786787,7722298690.666667,12
Dragonfly+,2030,83.49990615615616,7722298690.666667,12
Dragonfly+,2031,83.50694444444444,7722298690.666667,12
Dragonfly+,2032,83.51398273273273,7722298690.666667,12
Dragonfly+,2033,83.52102102102101,7722298690.666667,12
Dragonfly+,2034,83.52805930930931,7722298690.666667,12
Dragonfly+,2035,83.5350975975976,7722298690.666667,12
Dragonfly+,2036,83.54213588588588,7722298690.666667,12
Dragonfly+,2037,83.54917417417418,7722298690.666667,12
Dragonfly+,2038,83.55621246246247,7722298690.666667,12
Dragonfly+,2039,83.56325075075075,7722298690.666667,12
Dragonfly+,2040,83.57028903903904,7722298690.666667,12
Dragonfly+,2041,83.57732732732732,7722298690.666667,12
Dragonfly+,2042,83.58436561561562,7722298690.666667,12
Dragonfly+,2043,83.59140390390391,7722298690.666667,12
Dragonfly+,2044,83.5984421921922,7722298690.666667,12
Dragonfly+,2045,83.60548048048048,7722298690.666667,12
Dragonfly+,2046,83.61251876876877,7722298690.666667,12
Dragonfly+,2047,83.61955705705707,7722298690.666667,12
Dragonfly+,2048,83.62659534534535,7722298690.666667,12
Dragonfly+,2049,83.63363363363364,7722298690.666667,12
Dragonfly+,2050,83.64067192192192,27915881357.333332,12
Dragonfly+,2051,83.6477102102102,27915881357.333332,12
Dragonfly+,2052,83.6547484984985,27915881357.333332,12
Dragonfly+,2053,83.66178678678678,27915881357.333332,12
Dragonfly+,2054,83.66882507507508,27915881357.333332,12
Dragonfly+,2055,83.67586336336336,27915881357.333332,12
Dragonfly+,2056,83.68290165165165,27915881357.333332,12
Dragonfly+,2057,83.68993993993995,27915881357.333332,12
Dragonfly+,2058,83.69697822822822,27915881357.333332,12
Dragonfly+,2059,83.70401651651652,27915881357.333332,12
Dragonfly+,2060,83.7110548048048,27915881357.333332,12
Dragonfly+,2061,83.71809309309309,27915881357.333332,12
Dragonfly+,2062,83.72513138138139,27915881357.333332,12
Dragonfly+,2063,83.73216966966966,27915881357.333332,12
Dragonfly+,2064,83.73920795795796,27915881357.333332,12
Dragonfly+,2065,83.74624624624626,27915881357.333332,12
Dragonfly+,2066,83.75328453453453,27915881357.333332,12
Dragonfly+,2067,83.76032282282283,27915881357.333332,12
Dragonfly+,2068,83.7673611111111,27915881357.333332,12
Dragonfly+,2069,83.7743993993994,27915881357.333332,12
Dragonfly+,2070,83.78143768768768,27915881357.333332,12
Dragonfly+,2071,83.78847597597597,27915881357.333332,12
Dragonfly+,2072,83.79551426426427,27915881357.333332,12
Dragonfly+,2073,83.80255255255254,27915881357.333332,12
Dragonfly+,2074,83.80959084084084,27915881357.333332,12
Dragonfly+,2075,83.81662912912913,27915881357.333332,12
Dragonfly+,2076,83.82366741741741,27915881357.333332,12
Dragonfly+,2077,83.83070570570571,27915881357.333332,12
Dragonfly+,2078,83.837743993994,27915881357.333332,12
Dragonfly+,2079,83.84478228228228,27915881357.333332,12
Dragonfly+,2080,83.85182057057057,27915881357.333332,12
Dragonfly+,2081,83.85885885885885,27915881357.333332,12
Dragonfly+,2082,83.86589714714715,27915881357.333332,12
Dragonfly+,2083,83.87293543543544,27915881357.333332,12
Dragonfly+,2084,83.87997372372372,27915881357.333332,12
Dragonfly+,2085,83.88701201201201,27915881357.333332,12
Dragonfly+,2086,83.8940503003003,27915881357.333332,12
Dragonfly+,2087,83.90108858858859,27915881357.333332,12
Dragonfly+,2088,83.90812687687688,27915881357.333332,12
Dragonfly+,2089,83.91516516516516,27915881357.333332,12
Dragonfly+,2090,83.92220345345345,27915881357.333332,12
Dragonfly+,2091,83.92924174174175,27915881357.333332,12
Dragonfly+,2092,83.93628003003003,27915881357.333332,12
Dragonfly+,2093,83.94331831831832,27915881357.333332,12
Dragonfly+,2094,83.9503566066066,27915881357.333332,12
Dragonfly+,2095,83.95739489489489,27915881357.333332,12
Dragonfly+,2096,83.96443318318319,27915881357.333332,12
Dragonfly+,2097,83.97147147147147,27915881357.333332,12
Dragonfly+,2098,83.97850975975976,27915881357.333332,12
Dragonfly+,2099,83.98554804804805,27915881357.333332,12
Dragonfly+,2100,83.99258633633633,27915881357.333332,12
Dragonfly+,2101,83.99962462462463,27915881357.333332,12
Dragonfly+,2102,84.00666291291292,27915881357.333332,12
Dragonfly+,2103,84.0137012012012,27915881357.333332,12
Dragonfly+,2104,84.02073948948949,27915881357.333332,12
Dragonfly+,2105,84.02777777777779,27915881357.333332,12
Dragonfly+,2106,84.03481606606606,27915881357.333332,12
Dragonfly+,2107,84.04185435435436,27915881357.333332,12
Dragonfly+,2108,84.04889264264266,27915881357.333332,12
Dragonfly+,2109,84.05593093093093,27915881357.333332,12
Dragonfly+,2110,84.06296921921923,27915881357.333332,12
Dragonfly+,2111,84.0700075075075,27915881357.333332,12
Dragonfly+,2112,84.0770457957958,27915881357.333332,12
Dragonfly+,2113,84.08408408408408,27915881357.333332,12
Dragonfly+,2114,84.09112237237237,27915881357.333332,12
Dragonfly+,2115,84.09816066066067,27915881357.333332,12
Dragonfly+,2116,84.10519894894894,27915881357.333332,12
Dragonfly+,2117,84.11223723723724,27915881357.333332,12
Dragonfly+,2118,84.11927552552554,27915881357.333332,12
Dragonfly+,2119,84.12631381381381,27915881357.333332,12
Dragonfly+,2120,84.13335210210211,27915881357.333332,12
Dragonfly+,2121,84.14039039039038,27915881357.333332,12
Dragonfly+,2122,84.14742867867868,27915881357.333332,12
Dragonfly+,2123,84.15446696696696,27915881357.333332,12
Dragonfly+,2124,84.16150525525525,27915881357.333332,12
Dragonfly+,2125,84.16854354354355,27915881357.333332,12
Dragonfly+,2126,84.17558183183182,27915881357.333332,12
Dragonfly+,2127,84.18262012012012,27915881357.333332,12
Dragonfly+,2128,84.1896584084084,27915881357.333332,12
Dragonfly+,2129,84.19669669669669,27915881357.333332,12
Dragonfly+,2130,84.20373498498498,27915881357.333332,12
Dragonfly+,2131,84.21077327327328,27915881357.333332,12
Dragonfly+,2132,84.21781156156156,27915881357.333332,12
Dragonfly+,2133,84.22484984984985,27915881357.333332,12
Dragonfly+,2134,84.23188813813813,27915881357.333332,12
Dragonfly+,2135,84.23892642642643,27915881357.333332,12
Dragonfly+,2136,84.24596471471472,27915881357.333332,12
Dragonfly+,2137,84.253003003003,27915881357.333332,12
Dragonfly+,2138,84.26004129129129,27915881357.333332,12
Dragonfly+,2139,84.26707957957957,27915881357.333332,12
Dragonfly+,2140,84.27411786786787,27915881357.333332,12
Dragonfly+,2141,84.28115615615616,27915881357.333332,12
Dragonfly+,2142,84.28819444444444,27915881357.333332,12
Dragonfly+,2143,84.29523273273273,27915881357.333332,12
Dragonfly+,2144,84.30227102102101,27915881357.333332,12
Dragonfly+,2145,84.30930930930931,27915881357.333332,12
Dragonfly+,2146,84.3163475975976,27915881357.333332,12
Dragonfly+,2147,84.32338588588588,27915881357.333332,12
Dragonfly+,2148,84.33042417417418,27915881357.333332,12
Dragonfly+,2149,84.33746246246247,27915881357.333332,12
Dragonfly+,2150,84.34450075075075,27915881357.333332,12
Dragonfly+,2151,84.35153903903904,27915881357.333332,12
Dragonfly+,2152,84.35857732732732,27915881357.333332,12
Dragonfly+,2153,84.36561561561562,27915881357.333332,12
Dragonfly+,2154,84.37265390390391,27915881357.333332,12
Dragonfly+,2155,84.3796921921922,27915881357.333332,12
Dragonfly+,2156,84.38673048048048,27915881357.333332,12
Dragonfly+,2157,84.39376876876877,27915881357.333332,12
Dragonfly+,2158,84.40080705705707,27915881357.333332,12
Dragonfly+,2159,84.40784534534535,27915881357.333332,12
Dragonfly+,2160,84.41488363363364,27915881357.333332,12
Dragonfly+,2161,84.42192192192192,27915881357.333332,12
Dragonfly+,2162,84.4289602102102,27915881357.333332,12
Dragonfly+,2163,84.4359984984985,27915881357.333332,12
Dragonfly+,2164,84.44303678678678,27915881357.333332,12
Dragonfly+,2165,84.45007507507508,27915881357.333332,12
Dragonfly+,2166,84.45711336336336,27915881357.333332,12
Dragonfly+,2167,84.46415165165165,27915881357.333332,12
Dragonfly+,2168,84.47118993993995,27915881357.333332,12
Dragonfly+,2169,84.47822822822822,27915881357.333332,12
Dragonfly+,2170,84.48526651651652,27915881357.333332,12
Dragonfly+,2171,84.4923048048048,27915881357.333332,12
Dragonfly+,2172,84.49934309309309,27915881357.333332,12
Dragonfly+,2173,84.50638138138139,27915881357.333332,12
Dragonfly+,2174,84.51341966966966,27915881357.333332,12
Dragonfly+,2175,84.52045795795796,27915881357.333332,12
Dragonfly+,2176,84.52749624624626,27915881357.333332,12
Dragonfly+,2177,84.53453453453453,27915881357.333332,12
Dragonfly+,2178,84.54157282282283,49761149317.333336,12
Dragonfly+,2179,84.5486111111111,49761149317.333336,12
Dragonfly+,2180,84.5556493993994,49761149317.333336,12
Dragonfly+,2181,84.56268768768768,49761149317.333336,12
Dragonfly+,2182,84.56972597597597,49761149317.333336,12
Dragonfly+,2183,84.57676426426427,49761149317.333336,12
Dragonfly+,2184,84.58380255255254,49761149317.333336,12
Dragonfly+,2185,84.59084084084084,49761149317.333336,12
Dragonfly+,2186,84.59787912912913,49761149317.333336,12
Dragonfly+,2187,84.60491741741741,49761149317.333336,12
Dragonfly+,2188,84.61195570570571,49761149317.333336,12
Dragonfly+,2189,84.618993993994,49761149317.333336,12
Dragonfly+,2190,84.62603228228228,49761149317.333336,12
Dragonfly+,2191,84.63307057057057,49761149317.333336,12
Dragonfly+,2192,84.64010885885885,49761149317.333336,12
Dragonfly+,2193,84.64714714714715,49761149317.333336,12
Dragonfly+,2194,84.65418543543544,49761149317.333336,12
Dragonfly+,2195,84.66122372372372,49761149317.333336,12
Dragonfly+,2196,84.66826201201201,49761149317.333336,12
Dragonfly+,2197,84.6753003003003,49761149317.333336,12
Dragonfly+,2198,84.68233858858859,49761149317.333336,12
Dragonfly+,2199,84.68937687687688,49761149317.333336,12
Dragonfly+,2200,84.69641516516516,49761149317.333336,12
Dragonfly+,2201,84.70345345345345,49761149317.333336,12
Dragonfly+,2202,84.71049174174175,49761149317.333336,12
Dragonfly+,2203,84.71753003003003,49761149317.333336,12
Dragonfly+,2204,84.72456831831832,49761149317.333336,12
Dragonfly+,2205,84.7316066066066,49761149317.333336,12
Dragonfly+,2206,84.73864489489489,49761149317.333336,12
Dragonfly+,2207,84.74568318318319,49761149317.333336,12
Dragonfly+,2208,84.75272147147147,49761149317.333336,12
Dragonfly+,2209,84.75975975975976,49761149317.333336,12
Dragonfly+,2210,84.76679804804805,49761149317.333336,12
Dragonfly+,2211,84.77383633633633,49761149317.333336,12
Dragonfly+,2212,84.78087462462463,49761149317.333336,12
Dragonfly+,2213,84.78791291291292,49761149317.333336,12
Dragonfly+,2214,84.7949512012012,49761149317.333336,12
Dragonfly+,2215,84.80198948948949,49761149317.333336,12
Dragonfly+,2216,84.80902777777779,49761149317.333336,12
Dragonfly+,2217,84.81606606606606,49761149317.333336,12
Dragonfly+,2218,84.82310435435436,49761149317.333336,12
Dragonfly+,2219,84.83014264264266,49761149317.333336,12
Dragonfly+,2220,84.83718093093093,49761149317.333336,12
Dragonfly+,2221,84.84421921921923,49761149317.333336,12
Dragonfly+,2222,84.8512575075075,49761149317.333336,12
Dragonfly+,2223,84.8582957957958,49761149317.333336,12
Dragonfly+,2224,84.86533408408408,49761149317.333336,12
Dragonfly+,2225,84.87237237237237,49761149317.333336,12
Dragonfly+,2226,84.87941066066067,49761149317.333336,12
Dragonfly+,2227,84.88644894894894,49761149317.333336,12
Dragonfly+,2228,84.89348723723724,49761149317.333336,12
Dragonfly+,2229,84.90052552552554,49761149317.333336,12
Dragonfly+,2230,84.90756381381381,49761149317.333336,12
Dragonfly+,2231,84.91460210210211,49761149317.333336,12
Dragonfly+,2232,84.92164039039038,49761149317.333336,12
Dragonfly+,2233,84.92867867867868,49761149317.333336,12
Dragonfly+,2234,84.93571696696696,49761149317.333336,12
Dragonfly+,2235,84.94275525525525,49761149317.333336,12
Dragonfly+,2236,84.94979354354355,49761149317.333336,12
Dragonfly+,2237,84.95683183183182,49761149317.333336,12
Dragonfly+,2238,84.96387012012012,49761149317.333336,12
Dragonfly+,2239,84.9709084084084,49761149317.333336,12
Dragonfly+,2240,84.97794669669669,49761149317.333336,12
Dragonfly+,2241,84.98498498498498,49761149317.333336,12
Dragonfly+,2242,84.99202327327328,49761149317.333336,12
Dragonfly+,2243,84.99906156156156,49761149317.333336,12
Dragonfly+,2244,85.00609984984985,49761149317.333336,12
Dragonfly+,2245,85.01313813813813,49761149317.333336,12
Dragonfly+,2246,85.02017642642643,49761149317.333336,12
Dragonfly+,2247,85.02721471471472,49761149317.333336,12
Dragonfly+,2248,85.034253003003,49761149317.333336,12
Dragonfly+,2249,85.04129129129129,49761149317.333336,12
Dragonfly+,2250,85.04832957957957,49761149317.333336,12
Dragonfly+,2251,85.05536786786787,49761149317.333336,12
Dragonfly+,2252,85.06240615615616,49761149317.333336,12
Dragonfly+,2253,85.06944444444444,49761149317.333336,12
Dragonfly+,2254,85.07648273273273,49761149317.333336,12
Dragonfly+,2255,85.08352102102101,49761149317.333336,12
Dragonfly+,2256,85.09055930930931,49761149317.333336,12
Dragonfly+,2257,85.0975975975976,49761149317.333336,12
Dragonfly+,2258,85.10463588588588,49761149317.333336,12
Dragonfly+,2259,85.11167417417418,49761149317.333336,12
Dragonfly+,2260,85.11871246246247,49761149317.333336,12
Dragonfly+,2261,85.12575075075075,49761149317.333336,12
Dragonfly+,2262,85.13278903903904,49761149317.333336,12
Dragonfly+,2263,85.13982732732732,49761149317.333336,12
Dragonfly+,2264,85.14686561561562,49761149317.333336,12
Dragonfly+,2265,85.15390390390391,49761149317.333336,12
Dragonfly+,2266,85.1609421921922,49761149317.333336,12
Dragonfly+,2267,85.16798048048048,49761149317.333336,12
Dragonfly+,2268,85.17501876876877,49761149317.333336,12
Dragonfly+,2269,85.18205705705707,49761149317.333336,12
Dragonfly+,2270,85.18909534534535,49761149317.333336,12
Dragonfly+,2271,85.19613363363364,49761149317.333336,12
Dragonfly+,2272,85.20317192192192,49761149317.333336,12
Dragonfly+,2273,85.2102102102102,49761149317.333336,12
Dragonfly+,2274,85.2172484984985,49761149317.333336,12
Dragonfly+,2275,85.22428678678678,49761149317.333336,12
Dragonfly+,2276,85.23132507507508,49761149317.333336,12
Dragonfly+,2277,85.23836336336336,49761149317.333336,12
Dragonfly+,2278,85.24540165165165,49761149317.333336,12
Dragonfly+,2279,85.25243993993995,49761149317.333336,12
Dragonfly+,2280,85.25947822822822,49761149317.333336,12
Dragonfly+,2281,85.26651651651652,49761149317.333336,12
Dragonfly+,2282,85.2735548048048,49761149317.333336,12
Dragonfly+,2283,85.28059309309309,49761149317.333336,12
Dragonfly+,2284,85.28763138138139,49761149317.333336,12
Dragonfly+,2285,85.29466966966966,49761149317.333336,12
Dragonfly+,2286,85.30170795795796,49761149317.333336,12
Dragonfly+,2287,85.30874624624626,49761149317.333336,12
Dragonfly+,2288,85.31578453453453,49761149317.333336,12
Dragonfly+,2289,85.32282282282283,49761149317.333336,12
Dragonfly+,2290,85.3298611111111,49761149317.333336,12
Dragonfly+,2291,85.3368993993994,49761149317.333336,12
Dragonfly+,2292,85.34393768768768,49761149317.333336,12
Dragonfly+,2293,85.35097597597597,49761149317.333336,12
Dragonfly+,2294,85.35801426426427,49761149317.333336,12
Dragonfly+,2295,85.36505255255254,49761149317.333336,12
Dragonfly+,2296,85.37209084084084,49761149317.333336,12
Dragonfly+,2297,85.37912912912913,49761149317.333336,12
Dragonfly+,2298,85.38616741741741,49761149317.333336,12
Dragonfly+,2299,85.39320570570571,49761149317.333336,12
Dragonfly+,2300,85.40024399399401,49761149317.333336,12
Dragonfly+,2301,85.40728228228228,49761149317.333336,12
Dragonfly+,2302,85.41432057057057,49761149317.333336,12
Dragonfly+,2303,85.42135885885885,49761149317.333336,12
Dragonfly+,2304,85.42839714714715,49761149317.333336,12
Dragonfly+,2305,85.43543543543542,49761149317.333336,12
Dragonfly+,2306,85.44247372372372,52488169898.666664,12
Dragonfly+,2307,85.44951201201201,52488169898.666664,12
Dragonfly+,2308,85.45655030030031,52488169898.666664,12
Dragonfly+,2309,85.46358858858859,52488169898.666664,12
Dragonfly+,2310,85.47062687687689,52488169898.666664,12
Dragonfly+,2311,85.47766516516516,52488169898.666664,12
Dragonfly+,2312,85.48470345345345,52488169898.666664,12
Dragonfly+,2313,85.49174174174175,52488169898.666664,12
Dragonfly+,2314,85.49878003003003,52488169898.666664,12
Dragonfly+,2315,85.5058183183183,52488169898.666664,12
Dragonfly+,2316,85.5128566066066,52488169898.666664,12
Dragonfly+,2317,85.51989489489489,52488169898.666664,12
Dragonfly+,2318,85.52693318318319,52488169898.666664,12
Dragonfly+,2319,85.53397147147147,52488169898.666664,12
Dragonfly+,2320,85.54100975975977,52488169898.666664,12
Dragonfly+,2321,85.54804804804805,52488169898.666664,12
Dragonfly+,2322,85.55508633633633,52488169898.666664,12
Dragonfly+,2323,85.56212462462463,52488169898.666664,12
Dragonfly+,2324,85.56916291291292,52488169898.666664,12
Dragonfly+,2325,85.57620120120119,52488169898.666664,12
Dragonfly+,2326,85.58323948948949,52488169898.666664,12
Dragonfly+,2327,85.59027777777777,52488169898.666664,12
Dragonfly+,2328,85.59731606606607,52488169898.666664,12
Dragonfly+,2329,85.60435435435436,52488169898.666664,12
Dragonfly+,2330,85.61139264264266,52488169898.666664,12
Dragonfly+,2331,85.61843093093093,52488169898.666664,12
Dragonfly+,2332,85.62546921921921,52488169898.666664,12
Dragonfly+,2333,85.63250750750751,52488169898.666664,12
Dragonfly+,2334,85.6395457957958,52488169898.666664,12
Dragonfly+,2335,85.64658408408407,52488169898.666664,12
Dragonfly+,2336,85.65362237237237,52488169898.666664,12
Dragonfly+,2337,85.66066066066065,52488169898.666664,12
Dragonfly+,2338,85.66769894894895,52488169898.666664,12
Dragonfly+,2339,85.67473723723724,52488169898.666664,12
Dragonfly+,2340,85.68177552552554,52488169898.666664,12
Dragonfly+,2341,85.68881381381381,52488169898.666664,12
Dragonfly+,2342,85.6958521021021,52488169898.666664,12
Dragonfly+,2343,85.7028903903904,52488169898.666664,12
Dragonfly+,2344,85.70992867867868,52488169898.666664,12
Dragonfly+,2345,85.71696696696698,52488169898.666664,12
Dragonfly+,2346,85.72400525525525,52488169898.666664,12
Dragonfly+,2347,85.73104354354354,52488169898.666664,12
Dragonfly+,2348,85.73808183183183,52488169898.666664,12
Dragonfly+,2349,85.74512012012012,52488169898.666664,12
Dragonfly+,2350,85.75215840840842,52488169898.666664,12
Dragonfly+,2351,85.75919669669669,52488169898.666664,12
Dragonfly+,2352,85.76623498498498,52488169898.666664,12
Dragonfly+,2353,85.77327327327328,52488169898.666664,12
Dragonfly+,2354,85.78031156156156,52488169898.666664,12
Dragonfly+,2355,85.78734984984986,52488169898.666664,12
Dragonfly+,2356,85.79438813813813,52488169898.666664,12
Dragonfly+,2357,85.80142642642642,52488169898.666664,12
Dragonfly+,2358,85.80846471471472,52488169898.666664,12
Dragonfly+,2359,85.815503003003,52488169898.666664,12
Dragonfly+,2360,85.8225412912913,52488169898.666664,12
Dragonfly+,2361,85.82957957957957,52488169898.666664,12
Dragonfly+,2362,85.83661786786787,52488169898.666664,12
Dragonfly+,2363,85.84365615615616,52488169898.666664,12
Dragonfly+,2364,85.85069444444444,52488169898.666664,12
Dragonfly+,2365,85.85773273273274,52488169898.666664,12
Dragonfly+,2366,85.86477102102101,52488169898.666664,12
Dragonfly+,2367,85.87180930930931,52488169898.666664,12
Dragonfly+,2368,85.8788475975976,52488169898.666664,12
Dragonfly+,2369,85.88588588588588,52488169898.666664,12
Dragonfly+,2370,85.89292417417418,52488169898.666664,12
Dragonfly+,2371,85.89996246246248,52488169898.666664,12
Dragonfly+,2372,85.90700075075075,52488169898.666664,12
Dragonfly+,2373,85.91403903903904,52488169898.666664,12
Dragonfly+,2374,85.92107732732732,52488169898.666664,12
Dragonfly+,2375,85.92811561561562,52488169898.666664,12
Dragonfly+,2376,85.9351539039039,52488169898.666664,12
Dragonfly+,2377,85.9421921921922,52488169898.666664,12
Dragonfly+,2378,85.94923048048048,52488169898.666664,12
Dragonfly+,2379,85.95626876876877,52488169898.666664,12
Dragonfly+,2380,85.96330705705707,52488169898.666664,12
Dragonfly+,2381,85.97034534534536,52488169898.666664,12
Dragonfly+,2382,85.97738363363364,52488169898.666664,12
Dragonfly+,2383,85.98442192192192,52488169898.666664,12
Dragonfly+,2384,85.99146021021022,52488169898.666664,12
Dragonfly+,2385,85.9984984984985,52488169898.666664,12
Dragonfly+,2386,86.00553678678678,52488169898.666664,12
Dragonfly+,2387,86.01257507507506,52488169898.666664,12
Dragonfly+,2388,86.01961336336336,52488169898.666664,12
Dragonfly+,2389,86.02665165165165,52488169898.666664,12
Dragonfly+,2390,86.03368993993995,52488169898.666664,12
Dragonfly+,2391,86.04072822822822,52488169898.666664,12
Dragonfly+,2392,86.04776651651652,52488169898.666664,12
Dragonfly+,2393,86.0548048048048,52488169898.666664,12
Dragonfly+,2394,86.0618430930931,52488169898.666664,12
Dragonfly+,2395,86.06888138138139,52488169898.666664,12
Dragonfly+,2396,86.07591966966966,52488169898.666664,12
Dragonfly+,2397,86.08295795795794,52488169898.666664,12
Dragonfly+,2398,86.08999624624624,52488169898.666664,12
Dragonfly+,2399,86.09703453453454,52488169898.666664,12
Dragonfly+,2400,86.10407282282283,52488169898.666664,12
Dragonfly+,2401,86.1111111111111,52488169898.666664,12
Dragonfly+,2402,86.1181493993994,52488169898.666664,12
Dragonfly+,2403,86.12518768768768,52488169898.666664,12
Dragonfly+,2404,86.13222597597597,52488169898.666664,12
Dragonfly+,2405,86.13926426426427,52488169898.666664,12
Dragonfly+,2406,86.14630255255254,52488169898.666664,12
Dragonfly+,2407,86.15334084084084,52488169898.666664,12
Dragonfly+,2408,86.16037912912913,52488169898.666664,12
Dragonfly+,2409,86.16741741741741,52488169898.666664,12
Dragonfly+,2410,86.17445570570571,52488169898.666664,12
Dragonfly+,2411,86.18149399399401,52488169898.666664,12
Dragonfly+,2412,86.18853228228228,52488169898.666664,12
Dragonfly+,2413,86.19557057057057,52488169898.666664,12
Dragonfly+,2414,86.20260885885885,52488169898.666664,12
Dragonfly+,2415,86.20964714714715,52488169898.666664,12
Dragonfly+,2416,86.21668543543542,52488169898.666664,12
Dragonfly+,2417,86.22372372372372,52488169898.666664,12
Dragonfly+,2418,86.23076201201201,52488169898.666664,12
Dragonfly+,2419,86.23780030030031,52488169898.666664,12
Dragonfly+,2420,86.24483858858859,52488169898.666664,12
Dragonfly+,2421,86.25187687687689,52488169898.666664,12
Dragonfly+,2422,86.25891516516516,52488169898.666664,12
Dragonfly+,2423,86.26595345345345,52488169898.666664,12
Dragonfly+,2424,86.27299174174175,52488169898.666664,12
Dragonfly+,2425,86.28003003003003,52488169898.666664,12
Dragonfly+,2426,86.2870683183183,52488169898.666664,12
Dragonfly+,2427,86.2941066066066,52488169898.666664,12
Dragonfly+,2428,86.30114489489489,52488169898.666664,12
Dragonfly+,2429,86.30818318318319,52488169898.666664,12
Dragonfly+,2430,86.31522147147147,52488169898.666664,12
Dragonfly+,2431,86.32225975975977,52488169898.666664,12
Dragonfly+,2432,86.32929804804805,52488169898.666664,12
Dragonfly+,2433,86.33633633633633,52488169898.666664,12
Dragonfly+,2434,86.34337462462463,52500053760.0,12
Dragonfly+,2435,86.35041291291292,52500053760.0,12
Dragonfly+,2436,86.35745120120119,52500053760.0,12
Dragonfly+,2437,86.36448948948949,52500053760.0,12
Dragonfly+,2438,86.37152777777777,52500053760.0,12
Dragonfly+,2439,86.37856606606607,52500053760.0,12
Dragonfly+,2440,86.38560435435436,52500053760.0,12
Dragonfly+,2441,86.39264264264266,52500053760.0,12
Dragonfly+,2442,86.39968093093093,52500053760.0,12
Dragonfly+,2443,86.40671921921921,52500053760.0,12
Dragonfly+,2444,86.41375750750751,52500053760.0,12
Dragonfly+,2445,86.4207957957958,52500053760.0,12
Dragonfly+,2446,86.42783408408407,52500053760.0,12
Dragonfly+,2447,86.43487237237237,52500053760.0,12
Dragonfly+,2448,86.44191066066065,52500053760.0,12
Dragonfly+,2449,86.44894894894895,52500053760.0,12
Dragonfly+,2450,86.45598723723724,52500053760.0,12
Dragonfly+,2451,86.46302552552554,52500053760.0,12
Dragonfly+,2452,86.47006381381381,52500053760.0,12
Dragonfly+,2453,86.4771021021021,52500053760.0,12
Dragonfly+,2454,86.4841403903904,52500053760.0,12
Dragonfly+,2455,86.49117867867868,52500053760.0,12
Dragonfly+,2456,86.49821696696698,52500053760.0,12
Dragonfly+,2457,86.50525525525525,52500053760.0,12
Dragonfly+,2458,86.51229354354354,52500053760.0,12
Dragonfly+,2459,86.51933183183183,52500053760.0,12
Dragonfly+,2460,86.52637012012012,52500053760.0,12
Dragonfly+,2461,86.53340840840842,52500053760.0,12
Dragonfly+,2462,86.54044669669669,52500053760.0,12
Dragonfly+,2463,86.54748498498498,52500053760.0,12
Dragonfly+,2464,86.55452327327328,52500053760.0,12
Dragonfly+,2465,86.56156156156156,52500053760.0,12
Dragonfly+,2466,86.56859984984986,52500053760.0,12
Dragonfly+,2467,86.57563813813813,52500053760.0,12
Dragonfly+,2468,86.58267642642642,52500053760.0,12
Dragonfly+,2469,86.58971471471472,52500053760.0,12
Dragonfly+,2470,86.596753003003,52500053760.0,12
Dragonfly+,2471,86.6037912912913,52500053760.0,12
Dragonfly+,2472,86.61082957957957,52500053760.0,12
Dragonfly+,2473,86.61786786786787,52500053760.0,12
Dragonfly+,2474,86.62490615615616,52500053760.0,12
Dragonfly+,2475,86.63194444444444,52500053760.0,12
Dragonfly+,2476,86.63898273273274,52500053760.0,12
Dragonfly+,2477,86.64602102102101,52500053760.0,12
Dragonfly+,2478,86.65305930930931,52500053760.0,12
Dragonfly+,2479,86.6600975975976,52500053760.0,12
Dragonfly+,2480,86.66713588588588,52500053760.0,12
Dragonfly+,2481,86.67417417417418,52500053760.0,12
Dragonfly+,2482,86.68121246246248,52500053760.0,12
Dragonfly+,2483,86.68825075075075,52500053760.0,12
Dragonfly+,2484,86.69528903903904,52500053760.0,12
Dragonfly+,2485,86.70232732732732,52500053760.0,12
Dragonfly+,2486,86.70936561561562,52500053760.0,12
Dragonfly+,2487,86.7164039039039,52500053760.0,12
Dragonfly+,2488,86.7234421921922,52500053760.0,12
Dragonfly+,2489,86.73048048048048,52500053760.0,12
Dragonfly+,2490,86.73751876876877,52500053760.0,12
Dragonfly+,2491,86.74455705705707,52500053760.0,12
Dragonfly+,2492,86.75159534534536,52500053760.0,12
Dragonfly+,2493,86.75863363363364,52500053760.0,12
Dragonfly+,2494,86.76567192192192,52500053760.0,12
Dragonfly+,2495,86.77271021021022,52500053760.0,12
Dragonfly+,2496,86.7797484984985,52500053760.0,12
Dragonfly+,2497,86.78678678678678,52500053760.0,12
Dragonfly+,2498,86.79382507507506,52500053760.0,12
Dragonfly+,2499,86.80086336336336,52500053760.0,12
Dragonfly+,2500,86.80790165165165,52500053760.0,12
Dragonfly+,2501,86.81493993993995,52500053760.0,12
Dragonfly+,2502,86.82197822822822,52500053760.0,12
Dragonfly+,2503,86.82901651651652,52500053760.0,12
Dragonfly+,2504,86.8360548048048,52500053760.0,12
Dragonfly+,2505,86.8430930930931,52500053760.0,12
Dragonfly+,2506,86.85013138138139,52500053760.0,12
Dragonfly+,2507,86.85716966966966,52500053760.0,12
Dragonfly+,2508,86.86420795795794,52500053760.0,12
Dragonfly+,2509,86.87124624624624,52500053760.0,12
Dragonfly+,2510,86.87828453453454,52500053760.0,12
Dragonfly+,2511,86.88532282282283,52500053760.0,12
Dragonfly+,2512,86.8923611111111,52500053760.0,12
Dragonfly+,2513,86.8993993993994,52500053760.0,12
Dragonfly+,2514,86.90643768768768,52500053760.0,12
Dragonfly+,2515,86.91347597597597,52500053760.0,12
Dragonfly+,2516,86.92051426426427,52500053760.0,12
Dragonfly+,2517,86.92755255255254,52500053760.0,12
Dragonfly+,2518,86.93459084084084,52500053760.0,12
Dragonfly+,2519,86.94162912912913,52500053760.0,12
Dragonfly+,2520,86.94866741741741,52500053760.0,12
Dragonfly+,2521,86.95570570570571,52500053760.0,12
Dragonfly+,2522,86.96274399399401,52500053760.0,12
Dragonfly+,2523,86.96978228228228,52500053760.0,12
Dragonfly+,2524,86.97682057057057,52500053760.0,12
Dragonfly+,2525,86.98385885885885,52500053760.0,12
Dragonfly+,2526,86.99089714714715,52500053760.0,12
Dragonfly+,2527,86.99793543543542,52500053760.0,12
Dragonfly+,2528,87.00497372372372,52500053760.0,12
Dragonfly+,2529,87.01201201201201,52500053760.0,12
Dragonfly+,2530,87.01905030030031,52500053760.0,12
Dragonfly+,2531,87.02608858858859,52500053760.0,12
Dragonfly+,2532,87.03312687687689,52500053760.0,12
Dragonfly+,2533,87.04016516516516,52500053760.0,12
Dragonfly+,2534,87.04720345345345,52500053760.0,12
Dragonfly+,2535,87.05424174174175,52500053760.0,12
Dragonfly+,2536,87.06128003003003,52500053760.0,12
Dragonfly+,2537,87.0683183183183,52500053760.0,12
Dragonfly+,2538,87.0753566066066,52500053760.0,12
Dragonfly+,2539,87.08239489489489,52500053760.0,12
Dragonfly+,2540,87.08943318318319,52500053760.0,12
Dragonfly+,2541,87.09647147147147,52500053760.0,12
Dragonfly+,2542,87.10350975975977,52500053760.0,12
Dragonfly+,2543,87.11054804804805,52500053760.0,12
Dragonfly+,2544,87.11758633633633,52500053760.0,12
Dragonfly+,2545,87.12462462462463,52500053760.0,12
Dragonfly+,2546,87.13166291291292,52500053760.0,12
Dragonfly+,2547,87.13870120120119,52500053760.0,12
Dragonfly+,2548,87.14573948948949,52500053760.0,12
Dragonfly+,2549,87.15277777777777,52500053760.0,12
Dragonfly+,2550,87.15981606606607,52500053760.0,12
Dragonfly+,2551,87.16685435435436,52500053760.0,12
Dragonfly+,2552,87.17389264264266,52500053760.0,12
Dragonfly+,2553,87.18093093093093,52500053760.0,12
Dragonfly+,2554,87.18796921921921,52500053760.0,12
Dragonfly+,2555,87.19500750750751,52500053760.0,12
Dragonfly+,2556,87.2020457957958,52500053760.0,12
Dragonfly+,2557,87.20908408408407,52500053760.0,12
Dragonfly+,2558,87.21612237237237,52500053760.0,12
Dragonfly+,2559,87.22316066066065,52500053760.0,12
Dragonfly+,2560,87.23019894894895,52500053760.0,12
Dragonfly+,2561,87.23723723723724,52500053760.0,12
Dragonfly+,2562,87.24427552552554,52500053760.0,12
Dragonfly+,2563,87.25131381381381,52500053760.0,12
Dragonfly+,2564,87.2583521021021,52500053760.0,12
Dragonfly+,2565,87.2653903903904,52500053760.0,12
Dragonfly+,2566,87.27242867867868,52500053760.0,12
Dragonfly+,2567,87.27946696696698,52500053760.0,12
Dragonfly+,2568,87.28650525525525,52500053760.0,12
Dragonfly+,2569,87.29354354354354,52500053760.0,12
Dragonfly+,2570,87.30058183183183,52500053760.0,12
Dragonfly+,2571,87.30762012012012,52500053760.0,12
Dragonfly+,2572,87.31465840840842,52500053760.0,12
Dragonfly+,2573,87.32169669669669,52500053760.0,12
Dragonfly+,2574,87.32873498498498,52500053760.0,12
Dragonfly+,2575,87.33577327327328,52500053760.0,12
Dragonfly+,2576,87.34281156156156,52500053760.0,12
Dragonfly+,2577,87.34984984984986,52500053760.0,12
Dragonfly+,2578,87.35688813813813,52500053760.0,12
Dragonfly+,2579,87.36392642642642,52500053760.0,12
Dragonfly+,2580,87.37096471471472,52500053760.0,12
Dragonfly+,2581,87.378003003003,52500053760.0,12
Dragonfly+,2582,87.3850412912913,52500053760.0,12
Dragonfly+,2583,87.39207957957957,52500053760.0,12
Dragonfly+,2584,87.39911786786787,52500053760.0,12
Dragonfly+,2585,87.40615615615616,52500053760.0,12
Dragonfly+,2586,87.41319444444444,52500053760.0,12
Dragonfly+,2587,87.42023273273274,52500053760.0,12
Dragonfly+,2588,87.42727102102101,52500053760.0,12
Dragonfly+,2589,87.43430930930931,52500053760.0,12
Dragonfly+,2590,87.4413475975976,52500053760.0,12
Dragonfly+,2591,87.44838588588588,52500053760.0,12
Dragonfly+,2592,87.45542417417418,52500053760.0,12
Dragonfly+,2593,87.46246246246248,52500053760.0,12
Dragonfly+,2594,87.46950075075075,52500053760.0,12
Dragonfly+,2595,87.47653903903904,52500053760.0,12
Dragonfly+,2596,87.48357732732732,52500053760.0,12
Dragonfly+,2597,87.49061561561562,52500053760.0,12
Dragonfly+,2598,87.4976539039039,52500053760.0,12
Dragonfly+,2599,87.5046921921922,52500053760.0,12
Dragonfly+,2600,87.51173048048048,52500053760.0,12
Dragonfly+,2601,87.51876876876877,52500053760.0,12
Dragonfly+,2602,87.52580705705707,52500053760.0,12
Dragonfly+,2603,87.53284534534536,52500053760.0,12
Dragonfly+,2604,87.53988363363364,52500053760.0,12
Dragonfly+,2605,87.54692192192192,52500053760.0,12
Dragonfly+,2606,87.55396021021022,52500053760.0,12
Dragonfly+,2607,87.5609984984985,52500053760.0,12
Dragonfly+,2608,87.56803678678678,52500053760.0,12
Dragonfly+,2609,87.57507507507506,52500053760.0,12
Dragonfly+,2610,87.58211336336336,52500053760.0,12
Dragonfly+,2611,87.58915165165165,52500053760.0,12
Dragonfly+,2612,87.59618993993995,52500053760.0,12
Dragonfly+,2613,87.60322822822822,52500053760.0,12
Dragonfly+,2614,87.61026651651652,52500053760.0,12
Dragonfly+,2615,87.6173048048048,52500053760.0,12
Dragonfly+,2616,87.6243430930931,52500053760.0,12
Dragonfly+,2617,87.63138138138139,52500053760.0,12
Dragonfly+,2618,87.63841966966966,52500053760.0,12
Dragonfly+,2619,87.64545795795794,52500053760.0,12
Dragonfly+,2620,87.65249624624624,52500053760.0,12
Dragonfly+,2621,87.65953453453454,52500053760.0,12
Dragonfly+,2622,87.66657282282283,52500053760.0,12
Dragonfly+,2623,87.6736111111111,52500053760.0,12
Dragonfly+,2624,87.6806493993994,52500053760.0,12
Dragonfly+,2625,87.68768768768768,52500053760.0,12
Dragonfly+,2626,87.69472597597597,52500053760.0,12
Dragonfly+,2627,87.70176426426427,52500053760.0,12
Dragonfly+,2628,87.70880255255254,52500053760.0,12
Dragonfly+,2629,87.71584084084084,52500053760.0,12
Dragonfly+,2630,87.72287912912913,52500053760.0,12
Dragonfly+,2631,87.72991741741741,52500053760.0,12
Dragonfly+,2632,87.73695570570571,52500053760.0,12
Dragonfly+,2633,87.74399399399401,52500053760.0,12
Dragonfly+,2634,87.75103228228228,52500053760.0,12
Dragonfly+,2635,87.75807057057057,52500053760.0,12
Dragonfly+,2636,87.76510885885885,52500053760.0,12
Dragonfly+,2637,87.77214714714715,52500053760.0,12
Dragonfly+,2638,87.77918543543542,52500053760.0,12
Dragonfly+,2639,87.78622372372372,52500053760.0,12
Dragonfly+,2640,87.79326201201201,52500053760.0,12
Dragonfly+,2641,87.80030030030031,52500053760.0,12
Dragonfly+,2642,87.80733858858859,52500053760.0,12
Dragonfly+,2643,87.81437687687689,52500053760.0,12
Dragonfly+,2644,87.82141516516516,52500053760.0,12
Dragonfly+,2645,87.82845345345345,52500053760.0,12
Dragonfly+,2646,87.83549174174175,52500053760.0,12
Dragonfly+,2647,87.84253003003003,52500053760.0,12
Dragonfly+,2648,87.8495683183183,52500053760.0,12
Dragonfly+,2649,87.8566066066066,52500053760.0,12
Dragonfly+,2650,87.86364489489489,52500053760.0,12
Dragonfly+,2651,87.87068318318319,52500053760.0,12
Dragonfly+,2652,87.87772147147147,52500053760.0,12
Dragonfly+,2653,87.88475975975977,52500053760.0,12
Dragonfly+,2654,87.89179804804805,52500053760.0,12
Dragonfly+,2655,87.89883633633633,52500053760.0,12
Dragonfly+,2656,87.90587462462463,52500053760.0,12
Dragonfly+,2657,87.91291291291292,52500053760.0,12
Dragonfly+,2658,87.91995120120119,52500053760.0,12
Dragonfly+,2659,87.92698948948949,52500053760.0,12
Dragonfly+,2660,87.93402777777777,52500053760.0,12
Dragonfly+,2661,87.94106606606607,52500053760.0,12
Dragonfly+,2662,87.94810435435436,52500053760.0,12
Dragonfly+,2663,87.95514264264266,52500053760.0,12
Dragonfly+,2664,87.96218093093093,52500053760.0,12
Dragonfly+,2665,87.96921921921921,52500053760.0,12
Dragonfly+,2666,87.97625750750751,52500053760.0,12
Dragonfly+,2667,87.9832957957958,52500053760.0,12
Dragonfly+,2668,87.99033408408407,52500053760.0,12
Dragonfly+,2669,87.99737237237237,52500053760.0,12
Dragonfly+,2670,88.00441066066065,52500053760.0,12
Dragonfly+,2671,88.01144894894895,52500053760.0,12
Dragonfly+,2672,88.01848723723724,52500053760.0,12
Dragonfly+,2673,88.02552552552554,52500053760.0,12
Dragonfly+,2674,88.03256381381381,52500053760.0,12
Dragonfly+,2675,88.0396021021021,52500053760.0,12
Dragonfly+,2676,88.0466403903904,52500053760.0,12
Dragonfly+,2677,88.05367867867868,52500053760.0,12
Dragonfly+,2678,88.06071696696698,52500053760.0,12
Dragonfly+,2679,88.06775525525525,52500053760.0,12
Dragonfly+,2680,88.07479354354354,52500053760.0,12
Dragonfly+,2681,88.08183183183183,52500053760.0,12
Dragonfly+,2682,88.08887012012012,52500053760.0,12
Dragonfly+,2683,88.09590840840842,52500053760.0,12
Dragonfly+,2684,88.10294669669669,52500053760.0,12
Dragonfly+,2685,88.10998498498498,52500053760.0,12
Dragonfly+,2686,88.11702327327328,52500053760.0,12
Dragonfly+,2687,88.12406156156156,52500053760.0,12
Dragonfly+,2688,88.13109984984986,52500053760.0,12
Dragonfly+,2689,88.13813813813813,52500053760.0,12
Dragonfly+,2690,88.14517642642642,52500053760.0,12
Dragonfly+,2691,88.15221471471472,52500053760.0,12
Dragonfly+,2692,88.159253003003,52500053760.0,12
Dragonfly+,2693,88.1662912912913,52500053760.0,12
Dragonfly+,2694,88.17332957957957,52500053760.0,12
Dragonfly+,2695,88.18036786786787,52500053760.0,12
Dragonfly+,2696,88.18740615615616,52500053760.0,12
Dragonfly+,2697,88.19444444444444,52500053760.0,12
Dragonfly+,2698,88.20148273273274,52500053760.0,12
Dragonfly+,2699,88.20852102102101,52500053760.0,12
Dragonfly+,2700,88.21555930930931,52500053760.0,12
Dragonfly+,2701,88.2225975975976,52500053760.0,12
Dragonfly+,2702,88.22963588588588,52500053760.0,12
Dragonfly+,2703,88.23667417417418,52500053760.0,12
Dragonfly+,2704,88.24371246246248,52500053760.0,12
Dragonfly+,2705,88.25075075075075,52500053760.0,12
Dragonfly+,2706,88.25778903903904,52500053760.0,12
Dragonfly+,2707,88.26482732732732,52500053760.0,12
Dragonfly+,2708,88.27186561561562,52500053760.0,12
Dragonfly+,2709,88.2789039039039,52500053760.0,12
Dragonfly+,2710,88.2859421921922,52500053760.0,12
Dragonfly+,2711,88.29298048048048,52500053760.0,12
Dragonfly+,2712,88.30001876876877,52500053760.0,12
Dragonfly+,2713,88.30705705705707,52500053760.0,12
Dragonfly+,2714,88.31409534534536,52500053760.0,12
Dragonfly+,2715,88.32113363363364,52500053760.0,12
Dragonfly+,2716,88.32817192192192,52500053760.0,12
Dragonfly+,2717,88.33521021021022,52500053760.0,12
Dragonfly+,2718,88.3422484984985,52500053760.0,12
Dragonfly+,2719,88.34928678678678,52500053760.0,12
Dragonfly+,2720,88.35632507507506,52500053760.0,12
Dragonfly+,2721,88.36336336336336,52500053760.0,12
Dragonfly+,2722,88.37040165165165,52500053760.0,12
Dragonfly+,2723,88.37743993993995,52500053760.0,12
Dragonfly+,2724,88.38447822822822,52500053760.0,12
Dragonfly+,2725,88.39151651651652,52500053760.0,12
Dragonfly+,2726,88.3985548048048,52500053760.0,12
Dragonfly+,2727,88.4055930930931,52500053760.0,12
Dragonfly+,2728,88.41263138138139,52500053760.0,12
Dragonfly+,2729,88.41966966966966,52500053760.0,12
Dragonfly+,2730,88.42670795795794,52500053760.0,12
Dragonfly+,2731,88.43374624624624,52500053760.0,12
Dragonfly+,2732,88.44078453453454,52500053760.0,12
Dragonfly+,2733,88.44782282282283,52500053760.0,12
Dragonfly+,2734,88.4548611111111,52500053760.0,12
Dragonfly+,2735,88.4618993993994,52500053760.0,12
Dragonfly+,2736,88.46893768768768,52500053760.0,12
Dragonfly+,2737,88.47597597597597,52500053760.0,12
Dragonfly+,2738,88.48301426426427,52500053760.0,12
Dragonfly+,2739,88.49005255255254,52500053760.0,12
Dragonfly+,2740,88.49709084084084,52500053760.0,12
Dragonfly+,2741,88.50412912912913,52500053760.0,12
Dragonfly+,2742,88.51116741741741,52500053760.0,12
Dragonfly+,2743,88.51820570570571,52500053760.0,12
Dragonfly+,2744,88.52524399399401,52500053760.0,12
Dragonfly+,2745,88.53228228228228,52500053760.0,12
Dragonfly+,2746,88.53932057057057,52500053760.0,12
Dragonfly+,2747,88.54635885885885,52500053760.0,12
Dragonfly+,2748,88.55339714714715,52500053760.0,12
Dragonfly+,2749,88.56043543543542,52500053760.0,12
Dragonfly+,2750,88.56747372372372,52500053760.0,12
Dragonfly+,2751,88.57451201201201,52500053760.0,12
Dragonfly+,2752,88.58155030030031,52500053760.0,12
Dragonfly+,2753,88.58858858858859,52500053760.0,12
Dragonfly+,2754,88.59562687687689,52500053760.0,12
Dragonfly+,2755,88.60266516516516,52500053760.0,12
Dragonfly+,2756,88.60970345345345,52500053760.0,12
Dragonfly+,2757,88.61674174174175,52500053760.0,12
Dragonfly+,2758,88.62378003003003,52500053760.0,12
Dragonfly+,2759,88.6308183183183,52500053760.0,12
Dragonfly+,2760,88.6378566066066,52500053760.0,12
Dragonfly+,2761,88.64489489489489,52500053760.0,12
Dragonfly+,2762,88.65193318318319,52500053760.0,12
Dragonfly+,2763,88.65897147147147,52500053760.0,12
Dragonfly+,2764,88.66600975975977,52500053760.0,12
Dragonfly+,2765,88.67304804804805,52500053760.0,12
Dragonfly+,2766,88.68008633633633,52500053760.0,12
Dragonfly+,2767,88.68712462462463,52500053760.0,12
Dragonfly+,2768,88.69416291291292,52500053760.0,12
Dragonfly+,2769,88.70120120120119,52500053760.0,12
Dragonfly+,2770,88.70823948948949,52500053760.0,12
Dragonfly+,2771,88.71527777777777,52500053760.0,12
Dragonfly+,2772,88.72231606606607,52500053760.0,12
Dragonfly+,2773,88.72935435435436,52500053760.0,12
Dragonfly+,2774,88.73639264264266,52500053760.0,12
Dragonfly+,2775,88.74343093093093,52500053760.0,12
Dragonfly+,2776,88.75046921921921,52500053760.0,12
Dragonfly+,2777,88.75750750750751,52500053760.0,12
Dragonfly+,2778,88.7645457957958,52500053760.0,12
Dragonfly+,2779,88.77158408408407,52500053760.0,12
Dragonfly+,2780,88.77862237237237,52500053760.0,12
Dragonfly+,2781,88.78566066066065,52500053760.0,12
Dragonfly+,2782,88.79269894894895,52500053760.0,12
Dragonfly+,2783,88.79973723723724,52500053760.0,12
Dragonfly+,2784,88.80677552552554,52500053760.0,12
Dragonfly+,2785,88.81381381381381,52500053760.0,12
Dragonfly+,2786,88.8208521021021,52500053760.0,12
Dragonfly+,2787,88.8278903903904,52500053760.0,12
Dragonfly+,2788,88.83492867867868,52500053760.0,12
Dragonfly+,2789,88.84196696696698,52500053760.0,12
Dragonfly+,2790,88.84900525525525,52500053760.0,12
Dragonfly+,2791,88.85604354354354,52500053760.0,12
Dragonfly+,2792,88.86308183183183,52500053760.0,12
Dragonfly+,2793,88.87012012012012,52500053760.0,12
Dragonfly+,2794,88.87715840840842,52500053760.0,12
Dragonfly+,2795,88.88419669669669,52500053760.0,12
Dragonfly+,2796,88.89123498498498,52500053760.0,12
Dragonfly+,2797,88.89827327327328,52500053760.0,12
Dragonfly+,2798,88.90531156156156,52500053760.0,12
Dragonfly+,2799,88.91234984984986,52500053760.0,12
Dragonfly+,2800,88.91938813813813,52500053760.0,12
Dragonfly+,2801,88.92642642642642,52500053760.0,12
Dragonfly+,2802,88.93346471471472,52500053760.0,12
Dragonfly+,2803,88.940503003003,52500053760.0,12
Dragonfly+,2804,88.9475412912913,52500053760.0,12
Dragonfly+,2805,88.95457957957957,52500053760.0,12
Dragonfly+,2806,88.96161786786787,52500053760.0,12
Dragonfly+,2807,88.96865615615616,52500053760.0,12
Dragonfly+,2808,88.97569444444444,52500053760.0,12
Dragonfly+,2809,88.98273273273274,52500053760.0,12
Dragonfly+,2810,88.98977102102101,52500053760.0,12
Dragonfly+,2811,88.99680930930931,52500053760.0,12
Dragonfly+,2812,89.0038475975976,52500053760.0,12
Dragonfly+,2813,89.01088588588588,52500053760.0,12
Dragonfly+,2814,89.01792417417418,52500053760.0,12
Dragonfly+,2815,89.02496246246248,52500053760.0,12
Dragonfly+,2816,89.03200075075075,52500053760.0,12
Dragonfly+,2817,89.03903903903904,52500053760.0,12
Dragonfly+,2818,89.04607732732732,52500053760.0,12
Dragonfly+,2819,89.05311561561562,52500053760.0,12
Dragonfly+,2820,89.0601539039039,52500053760.0,12
Dragonfly+,2821,89.0671921921922,52500053760.0,12
Dragonfly+,2822,89.07423048048048,52500053760.0,12
Dragonfly+,2823,89.08126876876877,52500053760.0,12
Dragonfly+,2824,89.08830705705707,52500053760.0,12
Dragonfly+,2825,89.09534534534536,52500053760.0,12
Dragonfly+,2826,89.10238363363364,52500053760.0,12
Dragonfly+,2827,89.10942192192192,52500053760.0,12
Dragonfly+,2828,89.1164602102102,52500053760.0,12
Dragonfly+,2829,89.1234984984985,52500053760.0,12
Dragonfly+,2830,89.13053678678678,52500053760.0,12
Dragonfly+,2831,89.13757507507506,52500053760.0,12
Dragonfly+,2832,89.14461336336336,52500053760.0,12
Dragonfly+,2833,89.15165165165165,52500053760.0,12
Dragonfly+,2834,89.15868993993995,52500053760.0,12
Dragonfly+,2835,89.16572822822822,52500053760.0,12
Dragonfly+,2836,89.17276651651652,52500053760.0,12
Dragonfly+,2837,89.1798048048048,52500053760.0,12
Dragonfly+,2838,89.1868430930931,52500053760.0,12
Dragonfly+,2839,89.19388138138139,52500053760.0,12
Dragonfly+,2840,89.20091966966966,52500053760.0,12
Dragonfly+,2841,89.20795795795794,52500053760.0,12
Dragonfly+,2842,89.21499624624624,52500053760.0,12
Dragonfly+,2843,89.22203453453454,52500053760.0,12
Dragonfly+,2844,89.22907282282283,52500053760.0,12
Dragonfly+,2845,89.2361111111111,52500053760.0,12
Dragonfly+,2846,89.2431493993994,52500053760.0,12
Dragonfly+,2847,89.25018768768768,52500053760.0,12
Dragonfly+,2848,89.25722597597598,52500053760.0,12
Dragonfly+,2849,89.26426426426427,52500053760.0,12
Dragonfly+,2850,89.27130255255254,52500053760.0,12
Dragonfly+,2851,89.27834084084084,52500053760.0,12
Dragonfly+,2852,89.28537912912913,52500053760.0,12
Dragonfly+,2853,89.29241741741741,52500053760.0,12
Dragonfly+,2854,89.29945570570571,52500053760.0,12
Dragonfly+,2855,89.30649399399401,52500053760.0,12
Dragonfly+,2856,89.31353228228228,52500053760.0,12
Dragonfly+,2857,89.32057057057057,52500053760.0,12
Dragonfly+,2858,89.32760885885885,52500053760.0,12
Dragonfly+,2859,89.33464714714715,52500053760.0,12
Dragonfly+,2860,89.34168543543542,52500053760.0,12
Dragonfly+,2861,89.34872372372372,52500053760.0,12
Dragonfly+,2862,89.35576201201201,52500053760.0,12
Dragonfly+,2863,89.36280030030031,52500053760.0,12
Dragonfly+,2864,89.36983858858859,52500053760.0,12
Dragonfly+,2865,89.37687687687689,52500053760.0,12
Dragonfly+,2866,89.38391516516516,52500053760.0,12
Dragonfly+,2867,89.39095345345345,52500053760.0,12
Dragonfly+,2868,89.39799174174175,52500053760.0,12
Dragonfly+,2869,89.40503003003003,52500053760.0,12
Dragonfly+,2870,89.4120683183183,52500053760.0,12
Dragonfly+,2871,89.4191066066066,52500053760.0,12
Dragonfly+,2872,89.42614489489489,52500053760.0,12
Dragonfly+,2873,89.43318318318319,52500053760.0,12
Dragonfly+,2874,89.44022147147147,52500053760.0,12
Dragonfly+,2875,89.44725975975977,52500053760.0,12
Dragonfly+,2876,89.45429804804805,52500053760.0,12
Dragonfly+,2877,89.46133633633633,52500053760.0,12
Dragonfly+,2878,89.46837462462463,52500053760.0,12
Dragonfly+,2879,89.47541291291292,52500053760.0,12
Dragonfly+,2880,89.48245120120119,52500053760.0,12
Dragonfly+,2881,89.48948948948949,52500053760.0,12
Dragonfly+,2882,89.49652777777779,52500053760.0,12
Dragonfly+,2883,89.50356606606607,52500053760.0,12
Dragonfly+,2884,89.51060435435436,52500053760.0,12
Dragonfly+,2885,89.51764264264266,52500053760.0,12
Dragonfly+,2886,89.52468093093093,52500053760.0,12
Dragonfly+,2887,89.53171921921921,52500053760.0,12
Dragonfly+,2888,89.53875750750751,52500053760.0,12
Dragonfly+,2889,89.5457957957958,52500053760.0,12
Dragonfly+,2890,89.55283408408407,52500053760.0,12
Dragonfly+,2891,89.55987237237237,52500053760.0,12
Dragonfly+,2892,89.56691066066065,52500053760.0,12
Dragonfly+,2893,89.57394894894895,52500053760.0,12
Dragonfly+,2894,89.58098723723724,52500053760.0,12
Dragonfly+,2895,89.58802552552554,52500053760.0,12
Dragonfly+,2896,89.59506381381381,52500053760.0,12
Dragonfly+,2897,89.6021021021021,52500053760.0,12
Dragonfly+,2898,89.6091403903904,52500053760.0,12
Dragonfly+,2899,89.61617867867868,52500053760.0,12
Dragonfly+,2900,89.62321696696698,52500053760.0,12
Dragonfly+,2901,89.63025525525525,52500053760.0,12
Dragonfly+,2902,89.63729354354354,52500053760.0,12
Dragonfly+,2903,89.64433183183183,52500053760.0,12
Dragonfly+,2904,89.65137012012012,52500053760.0,12
Dragonfly+,2905,89.65840840840842,52500053760.0,12
Dragonfly+,2906,89.66544669669669,52500053760.0,12
Dragonfly+,2907,89.67248498498498,52500053760.0,12
Dragonfly+,2908,89.67952327327328,52500053760.0,12
Dragonfly+,2909,89.68656156156156,52500053760.0,12
Dragonfly+,2910,89.69359984984986,52500053760.0,12
Dragonfly+,2911,89.70063813813813,52500053760.0,12
Dragonfly+,2912,89.70767642642642,52500053760.0,12
Dragonfly+,2913,89.71471471471472,52500053760.0,12
Dragonfly+,2914,89.721753003003,52500053760.0,12
Dragonfly+,2915,89.7287912912913,52500053760.0,12
Dragonfly+,2916,89.73582957957957,52500053760.0,12
Dragonfly+,2917,89.74286786786787,52500053760.0,12
Dragonfly+,2918,89.74990615615616,52500053760.0,12
Dragonfly+,2919,89.75694444444444,52500053760.0,12
Dragonfly+,2920,89.76398273273274,52500053760.0,12
Dragonfly+,2921,89.77102102102101,52500053760.0,12
Dragonfly+,2922,89.77805930930931,52500053760.0,12
Dragonfly+,2923,89.7850975975976,52500053760.0,12
Dragonfly+,2924,89.79213588588588,52500053760.0,12
Dragonfly+,2925,89.79917417417418,52500053760.0,12
Dragonfly+,2926,89.80621246246248,52500053760.0,12
Dragonfly+,2927,89.81325075075075,52500053760.0,12
Dragonfly+,2928,89.82028903903904,52500053760.0,12
Dragonfly+,2929,89.82732732732732,52500053760.0,12
Dragonfly+,2930,89.83436561561562,52500053760.0,12
Dragonfly+,2931,89.8414039039039,52500053760.0,12
Dragonfly+,2932,89.8484421921922,52500053760.0,12
Dragonfly+,2933,89.85548048048048,52500053760.0,12
Dragonfly+,2934,89.86251876876877,52500053760.0,12
Dragonfly+,2935,89.86955705705707,52500053760.0,12
Dragonfly+,2936,89.87659534534536,52500053760.0,12
Dragonfly+,2937,89.88363363363364,52500053760.0,12
Dragonfly+,2938,89.89067192192192,52500053760.0,12
Dragonfly+,2939,89.8977102102102,52500053760.0,12
Dragonfly+,2940,89.9047484984985,52500053760.0,12
Dragonfly+,2941,89.91178678678678,52500053760.0,12
Dragonfly+,2942,89.91882507507506,52500053760.0,12
Dragonfly+,2943,89.92586336336336,52500053760.0,12
Dragonfly+,2944,89.93290165165165,52500053760.0,12
Dragonfly+,2945,89.93993993993995,52500053760.0,12
Dragonfly+,2946,89.94697822822822,52500053760.0,12
Dragonfly+,2947,89.95401651651652,52500053760.0,12
Dragonfly+,2948,89.9610548048048,52500053760.0,12
Dragonfly+,2949,89.9680930930931,52500053760.0,12
Dragonfly+,2950,89.97513138138136,52500053760.0,12
Dragonfly+,2951,89.98216966966966,52500053760.0,12
Dragonfly+,2952,89.98920795795794,52500053760.0,12
Dragonfly+,2953,89.99624624624624,52500053760.0,12
Dragonfly+,2954,90.00328453453454,52500053760.0,12
Dragonfly+,2955,90.01032282282283,52500053760.0,12
Dragonfly+,2956,90.0173611111111,52500053760.0,12
Dragonfly+,2957,90.0243993993994,52500053760.0,12
Dragonfly+,2958,90.03143768768768,52500053760.0,12
Dragonfly+,2959,90.03847597597598,52500053760.0,12
Dragonfly+,2960,90.04551426426424,52500053760.0,12
Dragonfly+,2961,90.05255255255254,52500053760.0,12
Dragonfly+,2962,90.05959084084084,52500053760.0,12
Dragonfly+,2963,90.06662912912913,52500053760.0,12
Dragonfly+,2964,90.07366741741741,52500053760.0,12
Dragonfly+,2965,90.08070570570571,52500053760.0,12
Dragonfly+,2966,90.08774399399401,52500053760.0,12
Dragonfly+,2967,90.09478228228228,52500053760.0,12
Dragonfly+,2968,90.10182057057057,52500053760.0,12
Dragonfly+,2969,90.10885885885885,52500053760.0,12
Dragonfly+,2970,90.11589714714715,52500053760.0,12
Dragonfly+,2971,90.12293543543545,52500053760.0,12
Dragonfly+,2972,90.12997372372372,52500053760.0,12
Dragonfly+,2973,90.13701201201201,52500053760.0,12
Dragonfly+,2974,90.14405030030031,52500053760.0,12
Dragonfly+,2975,90.1510885885886,52500053760.0,12
Dragonfly+,2976,90.15812687687689,52500053760.0,12
Dragonfly+,2977,90.16516516516516,52500053760.0,12
Dragonfly+,2978,90.17220345345345,52500053760.0,12
Dragonfly+,2979,90.17924174174175,52500053760.0,12
Dragonfly+,2980,90.18628003003005,52500053760.0,12
Dragonfly+,2981,90.19331831831833,52500053760.0,12
Dragonfly+,2982,90.2003566066066,52500053760.0,12
Dragonfly+,2983,90.20739489489489,52500053760.0,12
Dragonfly+,2984,90.21443318318319,52500053760.0,12
Dragonfly+,2985,90.22147147147149,52500053760.0,12
Dragonfly+,2986,90.22850975975977,52500053760.0,12
Dragonfly+,2987,90.23554804804805,52500053760.0,12
Dragonfly+,2988,90.24258633633633,52500053760.0,12
Dragonfly+,2989,90.24962462462463,52500053760.0,12
Dragonfly+,2990,90.25666291291293,52500053760.0,12
Dragonfly+,2991,90.26370120120119,52500053760.0,12
Dragonfly+,2992,90.27073948948949,52500053760.0,12
Dragonfly+,2993,90.27777777777779,52500053760.0,12
Dragonfly+,2994,90.28481606606606,52500053760.0,12
Dragonfly+,2995,90.29185435435436,52500053760.0,12
Dragonfly+,2996,90.29889264264266,52500053760.0,12
Dragonfly+,2997,90.30593093093093,52500053760.0,12
Dragonfly+,2998,90.31296921921921,52500053760.0,12
Dragonfly+,2999,90.3200075075075,52500053760.0,12
Dragonfly+,3000,90.3270457957958,52500053760.0,12
Dragonfly+,3001,90.33408408408407,52500053760.0,12
Dragonfly+,3002,90.34112237237237,52500053760.0,12
Dragonfly+,3003,90.34816066066065,52500053760.0,12
Dragonfly+,3004,90.35519894894894,52500053760.0,12
Dragonfly+,3005,90.36223723723724,52500053760.0,12
Dragonfly+,3006,90.36927552552554,52500053760.0,12
Dragonfly+,3007,90.37631381381381,52500053760.0,12
Dragonfly+,3008,90.3833521021021,52500053760.0,12
Dragonfly+,3009,90.39039039039038,52500053760.0,12
Dragonfly+,3010,90.3974286786787,52500053760.0,12
Dragonfly+,3011,90.40446696696698,52500053760.0,12
Dragonfly+,3012,90.41150525525525,52500053760.0,12
Dragonfly+,3013,90.41854354354354,52500053760.0,12
Dragonfly+,3014,90.42558183183182,52500053760.0,12
Dragonfly+,3015,90.43262012012012,52500053760.0,12
Dragonfly+,3016,90.43965840840842,52500053760.0,12
Dragonfly+,3017,90.44669669669669,52500053760.0,12
Dragonfly+,3018,90.45373498498498,52500053760.0,12
Dragonfly+,3019,90.46077327327328,52500053760.0,12
Dragonfly+,3020,90.46781156156156,52500053760.0,12
Dragonfly+,3021,90.47484984984986,52500053760.0,12
Dragonfly+,3022,90.48188813813813,52500053760.0,12
Dragonfly+,3023,90.48892642642642,52500053760.0,12
Dragonfly+,3024,90.49596471471473,52500053760.0,12
Dragonfly+,3025,90.503003003003,52500053760.0,12
Dragonfly+,3026,90.5100412912913,52500053760.0,12
Dragonfly+,3027,90.51707957957957,52500053760.0,12
Dragonfly+,3028,90.52411786786787,52500053760.0,12
Dragonfly+,3029,90.53115615615616,52500053760.0,12
Dragonfly+,3030,90.53819444444444,52500053760.0,12
Dragonfly+,3031,90.54523273273274,52500053760.0,12
Dragonfly+,3032,90.55227102102101,52500053760.0,12
Dragonfly+,3033,90.55930930930931,52500053760.0,12
Dragonfly+,3034,90.5663475975976,52500053760.0,12
Dragonfly+,3035,90.57338588588588,52500053760.0,12
Dragonfly+,3036,90.58042417417418,52500053760.0,12
Dragonfly+,3037,90.58746246246248,52500053760.0,12
Dragonfly+,3038,90.59450075075075,52500053760.0,12
Dragonfly+,3039,90.60153903903904,52500053760.0,12
Dragonfly+,3040,90.60857732732732,52500053760.0,12
Dragonfly+,3041,90.61561561561562,52500053760.0,12
Dragonfly+,3042,90.6226539039039,52500053760.0,12
Dragonfly+,3043,90.6296921921922,52500053760.0,12
Dragonfly+,3044,90.63673048048048,52500053760.0,12
Dragonfly+,3045,90.64376876876877,52500053760.0,12
Dragonfly+,3046,90.65080705705707,52500053760.0,12
Dragonfly+,3047,90.65784534534536,52500053760.0,12
Dragonfly+,3048,90.66488363363364,52500053760.0,12
Dragonfly+,3049,90.67192192192192,52500053760.0,12
Dragonfly+,3050,90.6789602102102,52500053760.0,12
Dragonfly+,3051,90.6859984984985,52500053760.0,12
Dragonfly+,3052,90.69303678678678,52500053760.0,12
Dragonfly+,3053,90.70007507507506,52500053760.0,12
Dragonfly+,3054,90.70711336336336,52500053760.0,12
Dragonfly+,3055,90.71415165165165,52500053760.0,12
Dragonfly+,3056,90.72118993993995,52500053760.0,12
Dragonfly+,3057,90.72822822822822,52500053760.0,12
Dragonfly+,3058,90.73526651651652,52500053760.0,12
Dragonfly+,3059,90.7423048048048,52500053760.0,12
Dragonfly+,3060,90.7493430930931,52500053760.0,12
Dragonfly+,3061,90.75638138138136,52500053760.0,12
Dragonfly+,3062,90.76341966966966,52500053760.0,12
Dragonfly+,3063,90.77045795795794,52500053760.0,12
Dragonfly+,3064,90.77749624624624,52500053760.0,12
Dragonfly+,3065,90.78453453453454,52500053760.0,12
Dragonfly+,3066,90.79157282282283,52500053760.0,12
Dragonfly+,3067,90.7986111111111,52500053760.0,12
Dragonfly+,3068,90.8056493993994,52500053760.0,12
Dragonfly+,3069,90.81268768768768,52500053760.0,12
Dragonfly+,3070,90.81972597597598,52500053760.0,12
Dragonfly+,3071,90.82676426426424,52500053760.0,12
Dragonfly+,3072,90.83380255255254,52500053760.0,12
Dragonfly+,3073,90.84084084084084,52500053760.0,12
Dragonfly+,3074,90.84787912912913,113461422938.66667,12
Dragonfly+,3075,90.85491741741741,113461422938.66667,12
Dragonfly+,3076,90.86195570570571,113461422938.66667,12
Dragonfly+,3077,90.86899399399401,113461422938.66667,12
Dragonfly+,3078,90.87603228228228,113461422938.66667,12
Dragonfly+,3079,90.88307057057057,113461422938.66667,12
Dragonfly+,3080,90.89010885885885,113461422938.66667,12
Dragonfly+,3081,90.89714714714715,113461422938.66667,12
Dragonfly+,3082,90.90418543543545,113461422938.66667,12
Dragonfly+,3083,90.91122372372372,113461422938.66667,12
Dragonfly+,3084,90.91826201201201,113461422938.66667,12
Dragonfly+,3085,90.92530030030031,113461422938.66667,12
Dragonfly+,3086,90.9323385885886,113461422938.66667,12
Dragonfly+,3087,90.93937687687689,113461422938.66667,12
Dragonfly+,3088,90.94641516516515,113461422938.66667,12
Dragonfly+,3089,90.95345345345345,113461422938.66667,12
Dragonfly+,3090,90.96049174174175,113461422938.66667,12
Dragonfly+,3091,90.96753003003005,113461422938.66667,12
Dragonfly+,3092,90.97456831831833,113461422938.66667,12
Dragonfly+,3093,90.98160660660659,113461422938.66667,12
Dragonfly+,3094,90.9886448948949,113461422938.66667,12
Dragonfly+,3095,90.99568318318319,113461422938.66667,12
Dragonfly+,3096,91.00272147147149,113461422938.66667,12
Dragonfly+,3097,91.00975975975977,113461422938.66667,12
Dragonfly+,3098,91.01679804804805,113461422938.66667,12
Dragonfly+,3099,91.02383633633633,113461422938.66667,12
Dragonfly+,3100,91.03087462462463,113461422938.66667,12
Dragonfly+,3101,91.03791291291293,113461422938.66667,12
Dragonfly+,3102,91.04495120120119,113461422938.66667,12
Dragonfly+,3103,91.05198948948949,113461422938.66667,12
Dragonfly+,3104,91.05902777777779,113461422938.66667,12
Dragonfly+,3105,91.06606606606606,113461422938.66667,12
Dragonfly+,3106,91.07310435435436,113461422938.66667,12
Dragonfly+,3107,91.08014264264266,113461422938.66667,12
Dragonfly+,3108,91.08718093093093,113461422938.66667,12
Dragonfly+,3109,91.09421921921923,113461422938.66667,12
Dragonfly+,3110,91.1012575075075,113461422938.66667,12
Dragonfly+,3111,91.1082957957958,113461422938.66667,12
Dragonfly+,3112,91.11533408408407,113461422938.66667,12
Dragonfly+,3113,91.12237237237237,113461422938.66667,12
Dragonfly+,3114,91.12941066066065,113461422938.66667,12
Dragonfly+,3115,91.13644894894894,113461422938.66667,12
Dragonfly+,3116,91.14348723723724,113461422938.66667,12
Dragonfly+,3117,91.15052552552554,113461422938.66667,12
Dragonfly+,3118,91.15756381381384,113461422938.66667,12
Dragonfly+,3119,91.1646021021021,113461422938.66667,12
Dragonfly+,3120,91.17164039039038,113461422938.66667,12
Dragonfly+,3121,91.1786786786787,113461422938.66667,12
Dragonfly+,3122,91.18571696696695,113461422938.66667,12
Dragonfly+,3123,91.19275525525525,113461422938.66667,12
Dragonfly+,3124,91.19979354354354,113461422938.66667,12
Dragonfly+,3125,91.20683183183182,113461422938.66667,12
Dragonfly+,3126,91.21387012012012,113461422938.66667,12
Dragonfly+,3127,91.22090840840842,113461422938.66667,12
Dragonfly+,3128,91.22794669669669,113461422938.66667,12
Dragonfly+,3129,91.23498498498498,113461422938.66667,12
Dragonfly+,3130,91.24202327327328,113461422938.66667,12
Dragonfly+,3131,91.24906156156156,113461422938.66667,12
Dragonfly+,3132,91.25609984984983,113461422938.66667,12
Dragonfly+,3133,91.26313813813813,113461422938.66667,12
Dragonfly+,3134,91.27017642642642,113461422938.66667,12
Dragonfly+,3135,91.27721471471473,113461422938.66667,12
Dragonfly+,3136,91.284253003003,113461422938.66667,12
Dragonfly+,3137,91.2912912912913,113461422938.66667,12
Dragonfly+,3138,91.29832957957957,113461422938.66667,12
Dragonfly+,3139,91.30536786786787,113461422938.66667,12
Dragonfly+,3140,91.31240615615616,113461422938.66667,12
Dragonfly+,3141,91.31944444444444,113461422938.66667,12
Dragonfly+,3142,91.32648273273271,113461422938.66667,12
Dragonfly+,3143,91.33352102102101,113461422938.66667,12
Dragonfly+,3144,91.34055930930931,113461422938.66667,12
Dragonfly+,3145,91.3475975975976,113461422938.66667,12
Dragonfly+,3146,91.35463588588588,113461422938.66667,12
Dragonfly+,3147,91.36167417417418,113461422938.66667,12
Dragonfly+,3148,91.36871246246248,113461422938.66667,12
Dragonfly+,3149,91.37575075075075,113461422938.66667,12
Dragonfly+,3150,91.38278903903904,113461422938.66667,12
Dragonfly+,3151,91.38982732732732,113461422938.66667,12
Dragonfly+,3152,91.39686561561562,113461422938.66667,12
Dragonfly+,3153,91.4039039039039,113461422938.66667,12
Dragonfly+,3154,91.4109421921922,113461422938.66667,12
Dragonfly+,3155,91.41798048048048,113461422938.66667,12
Dragonfly+,3156,91.42501876876878,113461422938.66667,12
Dragonfly+,3157,91.43205705705707,113461422938.66667,12
Dragonfly+,3158,91.43909534534536,113461422938.66667,12
Dragonfly+,3159,91.44613363363364,113461422938.66667,12
Dragonfly+,3160,91.45317192192192,113461422938.66667,12
Dragonfly+,3161,91.46021021021022,113461422938.66667,12
Dragonfly+,3162,91.4672484984985,113461422938.66667,12
Dragonfly+,3163,91.47428678678678,113461422938.66667,12
Dragonfly+,3164,91.48132507507506,113461422938.66667,12
Dragonfly+,3165,91.48836336336336,113461422938.66667,12
Dragonfly+,3166,91.49540165165166,113461422938.66667,12
Dragonfly+,3167,91.50243993993995,113461422938.66667,12
Dragonfly+,3168,91.50947822822822,113461422938.66667,12
Dragonfly+,3169,91.51651651651652,113461422938.66667,12
Dragonfly+,3170,91.5235548048048,113461422938.66667,12
Dragonfly+,3171,91.5305930930931,113461422938.66667,12
Dragonfly+,3172,91.53763138138136,113461422938.66667,12
Dragonfly+,3173,91.54466966966966,113461422938.66667,12
Dragonfly+,3174,91.55170795795794,113461422938.66667,12
Dragonfly+,3175,91.55874624624624,113461422938.66667,12
Dragonfly+,3176,91.56578453453454,113461422938.66667,12
Dragonfly+,3177,91.57282282282283,113461422938.66667,12
Dragonfly+,3178,91.5798611111111,113461422938.66667,12
Dragonfly+,3179,91.5868993993994,113461422938.66667,12
Dragonfly+,3180,91.59393768768768,113461422938.66667,12
Dragonfly+,3181,91.60097597597598,113461422938.66667,12
Dragonfly+,3182,91.60801426426424,113461422938.66667,12
Dragonfly+,3183,91.61505255255254,113461422938.66667,12
Dragonfly+,3184,91.62209084084084,113461422938.66667,12
Dragonfly+,3185,91.62912912912913,113461422938.66667,12
Dragonfly+,3186,91.63616741741741,113461422938.66667,12
Dragonfly+,3187,91.64320570570571,113461422938.66667,12
Dragonfly+,3188,91.65024399399401,113461422938.66667,12
Dragonfly+,3189,91.65728228228228,113461422938.66667,12
Dragonfly+,3190,91.66432057057057,113461422938.66667,12
Dragonfly+,3191,91.67135885885885,113461422938.66667,12
Dragonfly+,3192,91.67839714714715,113461422938.66667,12
Dragonfly+,3193,91.68543543543545,113461422938.66667,12
Dragonfly+,3194,91.69247372372372,113461422938.66667,12
Dragonfly+,3195,91.69951201201201,113461422938.66667,12
Dragonfly+,3196,91.70655030030031,113461422938.66667,12
Dragonfly+,3197,91.7135885885886,113461422938.66667,12
Dragonfly+,3198,91.72062687687689,113461422938.66667,12
Dragonfly+,3199,91.72766516516515,113461422938.66667,12
Dragonfly+,3200,91.73470345345345,113461422938.66667,12
Dragonfly+,3201,91.74174174174175,113461422938.66667,12
Dragonfly+,3202,91.74878003003005,167631475829.33334,12
Dragonfly+,3203,91.75581831831833,167631475829.33334,12
Dragonfly+,3204,91.76285660660659,167631475829.33334,12
Dragonfly+,3205,91.7698948948949,167631475829.33334,12
Dragonfly+,3206,91.77693318318319,167631475829.33334,12
Dragonfly+,3207,91.78397147147149,167631475829.33334,12
Dragonfly+,3208,91.79100975975977,167631475829.33334,12
Dragonfly+,3209,91.79804804804805,167631475829.33334,12
Dragonfly+,3210,91.80508633633633,167631475829.33334,12
Dragonfly+,3211,91.81212462462463,167631475829.33334,12
Dragonfly+,3212,91.81916291291293,167631475829.33334,12
Dragonfly+,3213,91.82620120120119,167631475829.33334,12
Dragonfly+,3214,91.83323948948949,167631475829.33334,12
Dragonfly+,3215,91.84027777777779,167631475829.33334,12
Dragonfly+,3216,91.84731606606606,167631475829.33334,12
Dragonfly+,3217,91.85435435435436,167631475829.33334,12
Dragonfly+,3218,91.86139264264266,167631475829.33334,12
Dragonfly+,3219,91.86843093093093,167631475829.33334,12
Dragonfly+,3220,91.87546921921923,167631475829.33334,12
Dragonfly+,3221,91.8825075075075,167631475829.33334,12
Dragonfly+,3222,91.8895457957958,167631475829.33334,12
Dragonfly+,3223,91.89658408408407,167631475829.33334,12
Dragonfly+,3224,91.90362237237237,167631475829.33334,12
Dragonfly+,3225,91.91066066066065,167631475829.33334,12
Dragonfly+,3226,91.91769894894894,167631475829.33334,12
Dragonfly+,3227,91.92473723723724,167631475829.33334,12
Dragonfly+,3228,91.93177552552554,167631475829.33334,12
Dragonfly+,3229,91.93881381381384,167631475829.33334,12
Dragonfly+,3230,91.9458521021021,167631475829.33334,12
Dragonfly+,3231,91.95289039039038,167631475829.33334,12
Dragonfly+,3232,91.9599286786787,167631475829.33334,12
Dragonfly+,3233,91.96696696696695,167631475829.33334,12
Dragonfly+,3234,91.97400525525525,167631475829.33334,12
Dragonfly+,3235,91.98104354354354,167631475829.33334,12
Dragonfly+,3236,91.98808183183182,167631475829.33334,12
Dragonfly+,3237,91.99512012012012,167631475829.33334,12
Dragonfly+,3238,92.00215840840842,167631475829.33334,12
Dragonfly+,3239,92.00919669669669,167631475829.33334,12
Dragonfly+,3240,92.01623498498498,167631475829.33334,12
Dragonfly+,3241,92.02327327327328,167631475829.33334,12
Dragonfly+,3242,92.03031156156156,167631475829.33334,12
Dragonfly+,3243,92.03734984984983,167631475829.33334,12
Dragonfly+,3244,92.04438813813813,167631475829.33334,12
Dragonfly+,3245,92.05142642642642,167631475829.33334,12
Dragonfly+,3246,92.05846471471473,167631475829.33334,12
Dragonfly+,3247,92.065503003003,167631475829.33334,12
Dragonfly+,3248,92.0725412912913,167631475829.33334,12
Dragonfly+,3249,92.07957957957957,167631475829.33334,12
Dragonfly+,3250,92.08661786786787,167631475829.33334,12
Dragonfly+,3251,92.09365615615616,167631475829.33334,12
Dragonfly+,3252,92.10069444444444,167631475829.33334,12
Dragonfly+,3253,92.10773273273271,167631475829.33334,12
Dragonfly+,3254,92.11477102102101,167631475829.33334,12
Dragonfly+,3255,92.12180930930931,167631475829.33334,12
Dragonfly+,3256,92.1288475975976,167631475829.33334,12
Dragonfly+,3257,92.13588588588588,167631475829.33334,12
Dragonfly+,3258,92.14292417417418,167631475829.33334,12
Dragonfly+,3259,92.14996246246248,167631475829.33334,12
Dragonfly+,3260,92.15700075075075,167631475829.33334,12
Dragonfly+,3261,92.16403903903904,167631475829.33334,12
Dragonfly+,3262,92.17107732732732,167631475829.33334,12
Dragonfly+,3263,92.17811561561562,167631475829.33334,12
Dragonfly+,3264,92.1851539039039,167631475829.33334,12
Dragonfly+,3265,92.1921921921922,167631475829.33334,12
Dragonfly+,3266,92.19923048048048,167631475829.33334,12
Dragonfly+,3267,92.20626876876878,167631475829.33334,12
Dragonfly+,3268,92.21330705705707,167631475829.33334,12
Dragonfly+,3269,92.22034534534536,167631475829.33334,12
Dragonfly+,3270,92.22738363363364,167631475829.33334,12
Dragonfly+,3271,92.23442192192192,167631475829.33334,12
Dragonfly+,3272,92.24146021021022,167631475829.33334,12
Dragonfly+,3273,92.2484984984985,167631475829.33334,12
Dragonfly+,3274,92.25553678678678,167631475829.33334,12
Dragonfly+,3275,92.26257507507506,167631475829.33334,12
Dragonfly+,3276,92.26961336336336,167631475829.33334,12
Dragonfly+,3277,92.27665165165166,167631475829.33334,12
Dragonfly+,3278,92.28368993993995,167631475829.33334,12
Dragonfly+,3279,92.29072822822822,167631475829.33334,12
Dragonfly+,3280,92.29776651651652,167631475829.33334,12
Dragonfly+,3281,92.3048048048048,167631475829.33334,12
Dragonfly+,3282,92.3118430930931,167631475829.33334,12
Dragonfly+,3283,92.31888138138136,167631475829.33334,12
Dragonfly+,3284,92.32591966966966,167631475829.33334,12
Dragonfly+,3285,92.33295795795794,167631475829.33334,12
Dragonfly+,3286,92.33999624624624,167631475829.33334,12
Dragonfly+,3287,92.34703453453454,167631475829.33334,12
Dragonfly+,3288,92.35407282282283,167631475829.33334,12
Dragonfly+,3289,92.3611111111111,167631475829.33334,12
Dragonfly+,3290,92.3681493993994,167631475829.33334,12
Dragonfly+,3291,92.37518768768768,167631475829.33334,12
Dragonfly+,3292,92.38222597597598,167631475829.33334,12
Dragonfly+,3293,92.38926426426424,167631475829.33334,12
Dragonfly+,3294,92.39630255255254,167631475829.33334,12
Dragonfly+,3295,92.40334084084084,167631475829.33334,12
Dragonfly+,3296,92.41037912912913,167631475829.33334,12
Dragonfly+,3297,92.41741741741741,167631475829.33334,12
Dragonfly+,3298,92.42445570570571,167631475829.33334,12
Dragonfly+,3299,92.43149399399401,167631475829.33334,12
Dragonfly+,3300,92.43853228228228,167631475829.33334,12
Dragonfly+,3301,92.44557057057057,167631475829.33334,12
Dragonfly+,3302,92.45260885885885,167631475829.33334,12
Dragonfly+,3303,92.45964714714715,167631475829.33334,12
Dragonfly+,3304,92.46668543543545,167631475829.33334,12
Dragonfly+,3305,92.47372372372372,167631475829.33334,12
Dragonfly+,3306,92.48076201201201,167631475829.33334,12
Dragonfly+,3307,92.48780030030031,167631475829.33334,12
Dragonfly+,3308,92.4948385885886,167631475829.33334,12
Dragonfly+,3309,92.50187687687689,167631475829.33334,12
Dragonfly+,3310,92.50891516516515,167631475829.33334,12
Dragonfly+,3311,92.51595345345345,167631475829.33334,12
Dragonfly+,3312,92.52299174174175,167631475829.33334,12
Dragonfly+,3313,92.53003003003005,167631475829.33334,12
Dragonfly+,3314,92.53706831831833,167631475829.33334,12
Dragonfly+,3315,92.54410660660659,167631475829.33334,12
Dragonfly+,3316,92.5511448948949,167631475829.33334,12
Dragonfly+,3317,92.55818318318319,167631475829.33334,12
Dragonfly+,3318,92.56522147147149,167631475829.33334,12
Dragonfly+,3319,92.57225975975977,167631475829.33334,12
Dragonfly+,3320,92.57929804804805,167631475829.33334,12
Dragonfly+,3321,92.58633633633633,167631475829.33334,12
Dragonfly+,3322,92.59337462462463,167631475829.33334,12
Dragonfly+,3323,92.60041291291293,167631475829.33334,12
Dragonfly+,3324,92.60745120120119,167631475829.33334,12
Dragonfly+,3325,92.61448948948949,167631475829.33334,12
Dragonfly+,3326,92.62152777777779,167631475829.33334,12
Dragonfly+,3327,92.62856606606606,167631475829.33334,12
Dragonfly+,3328,92.63560435435436,167631475829.33334,12
Dragonfly+,3329,92.64264264264266,167631475829.33334,12
Dragonfly+,3330,92.64968093093093,244527135477.33334,12
Dragonfly+,3331,92.65671921921923,244527135477.33334,12
Dragonfly+,3332,92.6637575075075,244527135477.33334,12
Dragonfly+,3333,92.6707957957958,244527135477.33334,12
Dragonfly+,3334,92.67783408408407,244527135477.33334,12
Dragonfly+,3335,92.68487237237237,244527135477.33334,12
Dragonfly+,3336,92.69191066066065,244527135477.33334,12
Dragonfly+,3337,92.69894894894894,244527135477.33334,12
Dragonfly+,3338,92.70598723723724,244527135477.33334,12
Dragonfly+,3339,92.71302552552554,244527135477.33334,12
Dragonfly+,3340,92.72006381381384,244527135477.33334,12
Dragonfly+,3341,92.7271021021021,244527135477.33334,12
Dragonfly+,3342,92.73414039039038,244527135477.33334,12
Dragonfly+,3343,92.7411786786787,244527135477.33334,12
Dragonfly+,3344,92.74821696696695,244527135477.33334,12
Dragonfly+,3345,92.75525525525525,244527135477.33334,12
Dragonfly+,3346,92.76229354354354,244527135477.33334,12
Dragonfly+,3347,92.76933183183182,244527135477.33334,12
Dragonfly+,3348,92.77637012012012,244527135477.33334,12
Dragonfly+,3349,92.78340840840842,244527135477.33334,12
Dragonfly+,3350,92.79044669669669,244527135477.33334,12
Dragonfly+,3351,92.79748498498498,244527135477.33334,12
Dragonfly+,3352,92.80452327327328,244527135477.33334,12
Dragonfly+,3353,92.81156156156156,244527135477.33334,12
Dragonfly+,3354,92.81859984984983,244527135477.33334,12
Dragonfly+,3355,92.82563813813813,244527135477.33334,12
Dragonfly+,3356,92.83267642642642,244527135477.33334,12
Dragonfly+,3357,92.83971471471473,244527135477.33334,12
Dragonfly+,3358,92.846753003003,244527135477.33334,12
Dragonfly+,3359,92.8537912912913,244527135477.33334,12
Dragonfly+,3360,92.86082957957957,244527135477.33334,12
Dragonfly+,3361,92.86786786786787,244527135477.33334,12
Dragonfly+,3362,92.87490615615616,244527135477.33334,12
Dragonfly+,3363,92.88194444444444,244527135477.33334,12
Dragonfly+,3364,92.88898273273271,244527135477.33334,12
Dragonfly+,3365,92.89602102102101,244527135477.33334,12
Dragonfly+,3366,92.90305930930931,244527135477.33334,12
Dragonfly+,3367,92.9100975975976,244527135477.33334,12
Dragonfly+,3368,92.91713588588588,244527135477.33334,12
Dragonfly+,3369,92.92417417417418,244527135477.33334,12
Dragonfly+,3370,92.93121246246248,244527135477.33334,12
Dragonfly+,3371,92.93825075075075,244527135477.33334,12
Dragonfly+,3372,92.94528903903904,244527135477.33334,12
Dragonfly+,3373,92.95232732732732,244527135477.33334,12
Dragonfly+,3374,92.95936561561562,244527135477.33334,12
Dragonfly+,3375,92.9664039039039,244527135477.33334,12
Dragonfly+,3376,92.9734421921922,244527135477.33334,12
Dragonfly+,3377,92.98048048048048,244527135477.33334,12
Dragonfly+,3378,92.98751876876878,244527135477.33334,12
Dragonfly+,3379,92.99455705705707,244527135477.33334,12
Dragonfly+,3380,93.00159534534536,244527135477.33334,12
Dragonfly+,3381,93.00863363363364,244527135477.33334,12
Dragonfly+,3382,93.01567192192192,244527135477.33334,12
Dragonfly+,3383,93.02271021021022,244527135477.33334,12
Dragonfly+,3384,93.0297484984985,244527135477.33334,12
Dragonfly+,3385,93.03678678678678,244527135477.33334,12
Dragonfly+,3386,93.04382507507506,244527135477.33334,12
Dragonfly+,3387,93.05086336336336,244527135477.33334,12
Dragonfly+,3388,93.05790165165166,244527135477.33334,12
Dragonfly+,3389,93.06493993993995,244527135477.33334,12
Dragonfly+,3390,93.07197822822822,244527135477.33334,12
Dragonfly+,3391,93.07901651651652,244527135477.33334,12
Dragonfly+,3392,93.0860548048048,244527135477.33334,12
Dragonfly+,3393,93.0930930930931,244527135477.33334,12
Dragonfly+,3394,93.10013138138136,244527135477.33334,12
Dragonfly+,3395,93.10716966966966,244527135477.33334,12
Dragonfly+,3396,93.11420795795794,244527135477.33334,12
Dragonfly+,3397,93.12124624624624,244527135477.33334,12
Dragonfly+,3398,93.12828453453454,244527135477.33334,12
Dragonfly+,3399,93.13532282282283,244527135477.33334,12
Dragonfly+,3400,93.1423611111111,244527135477.33334,12
Dragonfly+,3401,93.1493993993994,244527135477.33334,12
Dragonfly+,3402,93.15643768768768,244527135477.33334,12
Dragonfly+,3403,93.16347597597598,244527135477.33334,12
Dragonfly+,3404,93.17051426426424,244527135477.33334,12
Dragonfly+,3405,93.17755255255254,244527135477.33334,12
Dragonfly+,3406,93.18459084084084,244527135477.33334,12
Dragonfly+,3407,93.19162912912913,244527135477.33334,12
Dragonfly+,3408,93.19866741741741,244527135477.33334,12
Dragonfly+,3409,93.20570570570571,244527135477.33334,12
Dragonfly+,3410,93.21274399399401,244527135477.33334,12
Dragonfly+,3411,93.21978228228228,244527135477.33334,12
Dragonfly+,3412,93.22682057057057,244527135477.33334,12
Dragonfly+,3413,93.23385885885885,244527135477.33334,12
Dragonfly+,3414,93.24089714714715,244527135477.33334,12
Dragonfly+,3415,93.24793543543545,244527135477.33334,12
Dragonfly+,3416,93.25497372372372,244527135477.33334,12
Dragonfly+,3417,93.26201201201201,244527135477.33334,12
Dragonfly+,3418,93.26905030030031,244527135477.33334,12
Dragonfly+,3419,93.2760885885886,244527135477.33334,12
Dragonfly+,3420,93.28312687687689,244527135477.33334,12
Dragonfly+,3421,93.29016516516515,244527135477.33334,12
Dragonfly+,3422,93.29720345345345,244527135477.33334,12
Dragonfly+,3423,93.30424174174175,244527135477.33334,12
Dragonfly+,3424,93.31128003003005,244527135477.33334,12
Dragonfly+,3425,93.31831831831833,244527135477.33334,12
Dragonfly+,3426,93.32535660660659,244527135477.33334,12
Dragonfly+,3427,93.3323948948949,244527135477.33334,12
Dragonfly+,3428,93.33943318318319,244527135477.33334,12
Dragonfly+,3429,93.34647147147149,244527135477.33334,12
Dragonfly+,3430,93.35350975975977,244527135477.33334,12
Dragonfly+,3431,93.36054804804805,244527135477.33334,12
Dragonfly+,3432,93.36758633633633,244527135477.33334,12
Dragonfly+,3433,93.37462462462463,244527135477.33334,12
Dragonfly+,3434,93.38166291291293,244527135477.33334,12
Dragonfly+,3435,93.38870120120119,244527135477.33334,12
Dragonfly+,3436,93.39573948948949,244527135477.33334,12
Dragonfly+,3437,93.40277777777779,244527135477.33334,12
Dragonfly+,3438,93.40981606606606,244527135477.33334,12
Dragonfly+,3439,93.41685435435436,244527135477.33334,12
Dragonfly+,3440,93.42389264264266,244527135477.33334,12
Dragonfly+,3441,93.43093093093093,244527135477.33334,12
Dragonfly+,3442,93.43796921921923,244527135477.33334,12
Dragonfly+,3443,93.4450075075075,244527135477.33334,12
Dragonfly+,3444,93.4520457957958,244527135477.33334,12
Dragonfly+,3445,93.45908408408407,244527135477.33334,12
Dragonfly+,3446,93.46612237237237,244527135477.33334,12
Dragonfly+,3447,93.47316066066065,244527135477.33334,12
Dragonfly+,3448,93.48019894894894,244527135477.33334,12
Dragonfly+,3449,93.48723723723724,244527135477.33334,12
Dragonfly+,3450,93.49427552552554,244527135477.33334,12
Dragonfly+,3451,93.50131381381384,244527135477.33334,12
Dragonfly+,3452,93.5083521021021,244527135477.33334,12
Dragonfly+,3453,93.51539039039038,244527135477.33334,12
Dragonfly+,3454,93.5224286786787,244527135477.33334,12
Dragonfly+,3455,93.52946696696695,244527135477.33334,12
Dragonfly+,3456,93.53650525525525,244527135477.33334,12
Dragonfly+,3457,93.54354354354354,244527135477.33334,12
Dragonfly+,3458,93.55058183183182,325267868672.0,12
Dragonfly+,3459,93.55762012012012,325267868672.0,12
Dragonfly+,3460,93.56465840840842,325267868672.0,12
Dragonfly+,3461,93.57169669669669,325267868672.0,12
Dragonfly+,3462,93.57873498498498,325267868672.0,12
Dragonfly+,3463,93.58577327327328,325267868672.0,12
Dragonfly+,3464,93.59281156156156,325267868672.0,12
Dragonfly+,3465,93.59984984984983,325267868672.0,12
Dragonfly+,3466,93.60688813813813,325267868672.0,12
Dragonfly+,3467,93.61392642642642,325267868672.0,12
Dragonfly+,3468,93.62096471471473,325267868672.0,12
Dragonfly+,3469,93.628003003003,325267868672.0,12
Dragonfly+,3470,93.6350412912913,325267868672.0,12
Dragonfly+,3471,93.64207957957957,325267868672.0,12
Dragonfly+,3472,93.64911786786787,325267868672.0,12
Dragonfly+,3473,93.65615615615616,325267868672.0,12
Dragonfly+,3474,93.66319444444444,325267868672.0,12
Dragonfly+,3475,93.67023273273271,325267868672.0,12
Dragonfly+,3476,93.67727102102101,325267868672.0,12
Dragonfly+,3477,93.68430930930931,325267868672.0,12
Dragonfly+,3478,93.6913475975976,325267868672.0,12
Dragonfly+,3479,93.69838588588588,325267868672.0,12
Dragonfly+,3480,93.70542417417418,325267868672.0,12
Dragonfly+,3481,93.71246246246248,325267868672.0,12
Dragonfly+,3482,93.71950075075075,325267868672.0,12
Dragonfly+,3483,93.72653903903904,325267868672.0,12
Dragonfly+,3484,93.73357732732732,325267868672.0,12
Dragonfly+,3485,93.74061561561562,325267868672.0,12
Dragonfly+,3486,93.7476539039039,325267868672.0,12
Dragonfly+,3487,93.7546921921922,325267868672.0,12
Dragonfly+,3488,93.76173048048048,325267868672.0,12
Dragonfly+,3489,93.76876876876878,325267868672.0,12
Dragonfly+,3490,93.77580705705707,325267868672.0,12
Dragonfly+,3491,93.78284534534536,325267868672.0,12
Dragonfly+,3492,93.78988363363364,325267868672.0,12
Dragonfly+,3493,93.79692192192192,325267868672.0,12
Dragonfly+,3494,93.80396021021022,325267868672.0,12
Dragonfly+,3495,93.8109984984985,325267868672.0,12
Dragonfly+,3496,93.81803678678678,325267868672.0,12
Dragonfly+,3497,93.82507507507506,325267868672.0,12
Dragonfly+,3498,93.83211336336336,325267868672.0,12
Dragonfly+,3499,93.83915165165166,325267868672.0,12
Dragonfly+,3500,93.84618993993995,325267868672.0,12
Dragonfly+,3501,93.85322822822822,325267868672.0,12
Dragonfly+,3502,93.86026651651652,325267868672.0,12
Dragonfly+,3503,93.8673048048048,325267868672.0,12
Dragonfly+,3504,93.8743430930931,325267868672.0,12
Dragonfly+,3505,93.88138138138136,325267868672.0,12
Dragonfly+,3506,93.88841966966966,325267868672.0,12
Dragonfly+,3507,93.89545795795794,325267868672.0,12
Dragonfly+,3508,93.90249624624624,325267868672.0,12
Dragonfly+,3509,93.90953453453454,325267868672.0,12
Dragonfly+,3510,93.91657282282283,325267868672.0,12
Dragonfly+,3511,93.9236111111111,325267868672.0,12
Dragonfly+,3512,93.9306493993994,325267868672.0,12
Dragonfly+,3513,93.93768768768768,325267868672.0,12
Dragonfly+,3514,93.94472597597598,325267868672.0,12
Dragonfly+,3515,93.95176426426424,325267868672.0,12
Dragonfly+,3516,93.95880255255254,325267868672.0,12
Dragonfly+,3517,93.96584084084084,325267868672.0,12
Dragonfly+,3518,93.97287912912913,325267868672.0,12
Dragonfly+,3519,93.97991741741741,325267868672.0,12
Dragonfly+,3520,93.98695570570571,325267868672.0,12
Dragonfly+,3521,93.99399399399401,325267868672.0,12
Dragonfly+,3522,94.00103228228228,325267868672.0,12
Dragonfly+,3523,94.00807057057057,325267868672.0,12
Dragonfly+,3524,94.01510885885885,325267868672.0,12
Dragonfly+,3525,94.02214714714715,325267868672.0,12
Dragonfly+,3526,94.02918543543545,325267868672.0,12
Dragonfly+,3527,94.03622372372372,325267868672.0,12
Dragonfly+,3528,94.04326201201201,325267868672.0,12
Dragonfly+,3529,94.05030030030031,325267868672.0,12
Dragonfly+,3530,94.0573385885886,325267868672.0,12
Dragonfly+,3531,94.06437687687689,325267868672.0,12
Dragonfly+,3532,94.07141516516515,325267868672.0,12
Dragonfly+,3533,94.07845345345345,325267868672.0,12
Dragonfly+,3534,94.08549174174175,325267868672.0,12
Dragonfly+,3535,94.09253003003005,325267868672.0,12
Dragonfly+,3536,94.09956831831833,325267868672.0,12
Dragonfly+,3537,94.10660660660659,325267868672.0,12
Dragonfly+,3538,94.1136448948949,325267868672.0,12
Dragonfly+,3539,94.12068318318319,325267868672.0,12
Dragonfly+,3540,94.12772147147149,325267868672.0,12
Dragonfly+,3541,94.13475975975977,325267868672.0,12
Dragonfly+,3542,94.14179804804805,325267868672.0,12
Dragonfly+,3543,94.14883633633633,325267868672.0,12
Dragonfly+,3544,94.15587462462463,325267868672.0,12
Dragonfly+,3545,94.16291291291293,325267868672.0,12
Dragonfly+,3546,94.16995120120119,325267868672.0,12
Dragonfly+,3547,94.17698948948949,325267868672.0,12
Dragonfly+,3548,94.18402777777779,325267868672.0,12
Dragonfly+,3549,94.19106606606606,325267868672.0,12
Dragonfly+,3550,94.19810435435436,325267868672.0,12
Dragonfly+,3551,94.20514264264266,325267868672.0,12
Dragonfly+,3552,94.21218093093093,325267868672.0,12
Dragonfly+,3553,94.21921921921923,325267868672.0,12
Dragonfly+,3554,94.2262575075075,325267868672.0,12
Dragonfly+,3555,94.2332957957958,325267868672.0,12
Dragonfly+,3556,94.24033408408407,325267868672.0,12
Dragonfly+,3557,94.24737237237237,325267868672.0,12
Dragonfly+,3558,94.25441066066065,325267868672.0,12
Dragonfly+,3559,94.26144894894894,325267868672.0,12
Dragonfly+,3560,94.26848723723724,325267868672.0,12
Dragonfly+,3561,94.27552552552554,325267868672.0,12
Dragonfly+,3562,94.28256381381384,325267868672.0,12
Dragonfly+,3563,94.2896021021021,325267868672.0,12
Dragonfly+,3564,94.29664039039038,325267868672.0,12
Dragonfly+,3565,94.3036786786787,325267868672.0,12
Dragonfly+,3566,94.31071696696695,325267868672.0,12
Dragonfly+,3567,94.31775525525525,325267868672.0,12
Dragonfly+,3568,94.32479354354354,325267868672.0,12
Dragonfly+,3569,94.33183183183182,325267868672.0,12
Dragonfly+,3570,94.33887012012012,325267868672.0,12
Dragonfly+,3571,94.34590840840842,325267868672.0,12
Dragonfly+,3572,94.35294669669669,325267868672.0,12
Dragonfly+,3573,94.35998498498498,325267868672.0,12
Dragonfly+,3574,94.36702327327328,325267868672.0,12
Dragonfly+,3575,94.37406156156156,325267868672.0,12
Dragonfly+,3576,94.38109984984983,325267868672.0,12
Dragonfly+,3577,94.38813813813813,325267868672.0,12
Dragonfly+,3578,94.39517642642642,325267868672.0,12
Dragonfly+,3579,94.40221471471473,325267868672.0,12
Dragonfly+,3580,94.409253003003,325267868672.0,12
Dragonfly+,3581,94.4162912912913,325267868672.0,12
Dragonfly+,3582,94.42332957957957,325267868672.0,12
Dragonfly+,3583,94.43036786786787,325267868672.0,12
Dragonfly+,3584,94.43740615615616,325267868672.0,12
Dragonfly+,3585,94.44444444444444,325267868672.0,12
Dragonfly+,3586,94.45148273273271,325267868672.0,12
Dragonfly+,3587,94.45852102102101,325267868672.0,12
Dragonfly+,3588,94.46555930930931,325267868672.0,12
Dragonfly+,3589,94.4725975975976,325267868672.0,12
Dragonfly+,3590,94.47963588588588,325267868672.0,12
Dragonfly+,3591,94.48667417417418,325267868672.0,12
Dragonfly+,3592,94.49371246246248,325267868672.0,12
Dragonfly+,3593,94.50075075075075,325267868672.0,12
Dragonfly+,3594,94.50778903903904,325267868672.0,12
Dragonfly+,3595,94.51482732732732,325267868672.0,12
Dragonfly+,3596,94.52186561561562,325267868672.0,12
Dragonfly+,3597,94.5289039039039,325267868672.0,12
Dragonfly+,3598,94.5359421921922,325267868672.0,12
Dragonfly+,3599,94.54298048048048,325267868672.0,12
Dragonfly+,3600,94.55001876876878,325267868672.0,12
Dragonfly+,3601,94.55705705705707,325267868672.0,12
Dragonfly+,3602,94.56409534534536,325267868672.0,12
Dragonfly+,3603,94.57113363363364,325267868672.0,12
Dragonfly+,3604,94.57817192192192,325267868672.0,12
Dragonfly+,3605,94.58521021021022,325267868672.0,12
Dragonfly+,3606,94.5922484984985,325267868672.0,12
Dragonfly+,3607,94.59928678678678,325267868672.0,12
Dragonfly+,3608,94.60632507507506,325267868672.0,12
Dragonfly+,3609,94.61336336336336,325267868672.0,12
Dragonfly+,3610,94.62040165165166,325267868672.0,12
Dragonfly+,3611,94.62743993993995,325267868672.0,12
Dragonfly+,3612,94.63447822822822,325267868672.0,12
Dragonfly+,3613,94.64151651651652,325267868672.0,12
Dragonfly+,3614,94.6485548048048,325267868672.0,12
Dragonfly+,3615,94.6555930930931,325267868672.0,12
Dragonfly+,3616,94.66263138138136,325267868672.0,12
Dragonfly+,3617,94.66966966966966,325267868672.0,12
Dragonfly+,3618,94.67670795795794,325267868672.0,12
Dragonfly+,3619,94.68374624624624,325267868672.0,12
Dragonfly+,3620,94.69078453453454,325267868672.0,12
Dragonfly+,3621,94.69782282282283,325267868672.0,12
Dragonfly+,3622,94.7048611111111,325267868672.0,12
Dragonfly+,3623,94.7118993993994,325267868672.0,12
Dragonfly+,3624,94.71893768768768,325267868672.0,12
Dragonfly+,3625,94.72597597597598,325267868672.0,12
Dragonfly+,3626,94.73301426426424,325267868672.0,12
Dragonfly+,3627,94.74005255255254,325267868672.0,12
Dragonfly+,3628,94.74709084084084,325267868672.0,12
Dragonfly+,3629,94.75412912912913,325267868672.0,12
Dragonfly+,3630,94.76116741741741,325267868672.0,12
Dragonfly+,3631,94.76820570570571,325267868672.0,12
Dragonfly+,3632,94.77524399399401,325267868672.0,12
Dragonfly+,3633,94.78228228228228,325267868672.0,12
Dragonfly+,3634,94.78932057057057,325267868672.0,12
Dragonfly+,3635,94.79635885885885,325267868672.0,12
Dragonfly+,3636,94.80339714714715,325267868672.0,12
Dragonfly+,3637,94.81043543543545,325267868672.0,12
Dragonfly+,3638,94.81747372372372,325267868672.0,12
Dragonfly+,3639,94.82451201201201,325267868672.0,12
Dragonfly+,3640,94.83155030030031,325267868672.0,12
Dragonfly+,3641,94.8385885885886,325267868672.0,12
Dragonfly+,3642,94.84562687687689,325267868672.0,12
Dragonfly+,3643,94.85266516516515,325267868672.0,12
Dragonfly+,3644,94.85970345345345,325267868672.0,12
Dragonfly+,3645,94.86674174174175,325267868672.0,12
Dragonfly+,3646,94.87378003003005,325267868672.0,12
Dragonfly+,3647,94.88081831831833,325267868672.0,12
Dragonfly+,3648,94.88785660660659,325267868672.0,12
Dragonfly+,3649,94.8948948948949,325267868672.0,12
Dragonfly+,3650,94.90193318318319,325267868672.0,12
Dragonfly+,3651,94.90897147147149,325267868672.0,12
Dragonfly+,3652,94.91600975975977,325267868672.0,12
Dragonfly+,3653,94.92304804804805,325267868672.0,12
Dragonfly+,3654,94.93008633633633,325267868672.0,12
Dragonfly+,3655,94.93712462462463,325267868672.0,12
Dragonfly+,3656,94.94416291291293,325267868672.0,12
Dragonfly+,3657,94.95120120120119,325267868672.0,12
Dragonfly+,3658,94.95823948948949,325267868672.0,12
Dragonfly+,3659,94.96527777777779,325267868672.0,12
Dragonfly+,3660,94.97231606606606,325267868672.0,12
Dragonfly+,3661,94.97935435435436,325267868672.0,12
Dragonfly+,3662,94.98639264264266,325267868672.0,12
Dragonfly+,3663,94.99343093093093,325267868672.0,12
Dragonfly+,3664,95.00046921921923,325267868672.0,12
Dragonfly+,3665,95.0075075075075,325267868672.0,12
Dragonfly+,3666,95.0145457957958,325267868672.0,12
Dragonfly+,3667,95.02158408408407,325267868672.0,12
Dragonfly+,3668,95.02862237237237,325267868672.0,12
Dragonfly+,3669,95.03566066066065,325267868672.0,12
Dragonfly+,3670,95.04269894894894,325267868672.0,12
Dragonfly+,3671,95.04973723723724,325267868672.0,12
Dragonfly+,3672,95.05677552552554,325267868672.0,12
Dragonfly+,3673,95.06381381381384,325267868672.0,12
Dragonfly+,3674,95.0708521021021,325267868672.0,12
Dragonfly+,3675,95.07789039039038,325267868672.0,12
Dragonfly+,3676,95.0849286786787,325267868672.0,12
Dragonfly+,3677,95.09196696696695,325267868672.0,12
Dragonfly+,3678,95.09900525525525,325267868672.0,12
Dragonfly+,3679,95.10604354354354,325267868672.0,12
Dragonfly+,3680,95.11308183183182,325267868672.0,12
Dragonfly+,3681,95.12012012012012,325267868672.0,12
Dragonfly+,3682,95.12715840840842,325267868672.0,12
Dragonfly+,3683,95.13419669669669,325267868672.0,12
Dragonfly+,3684,95.14123498498498,325267868672.0,12
Dragonfly+,3685,95.14827327327328,325267868672.0,12
Dragonfly+,3686,95.15531156156156,325267868672.0,12
Dragonfly+,3687,95.16234984984983,325267868672.0,12
Dragonfly+,3688,95.16938813813813,325267868672.0,12
Dragonfly+,3689,95.17642642642642,325267868672.0,12
Dragonfly+,3690,95.18346471471473,325267868672.0,12
Dragonfly+,3691,95.190503003003,325267868672.0,12
Dragonfly+,3692,95.1975412912913,325267868672.0,12
Dragonfly+,3693,95.20457957957957,325267868672.0,12
Dragonfly+,3694,95.21161786786787,325267868672.0,12
Dragonfly+,3695,95.21865615615616,325267868672.0,12
Dragonfly+,3696,95.22569444444444,325267868672.0,12
Dragonfly+,3697,95.23273273273271,325267868672.0,12
Dragonfly+,3698,95.23977102102101,325267868672.0,12
Dragonfly+,3699,95.24680930930931,325267868672.0,12
Dragonfly+,3700,95.2538475975976,325267868672.0,12
Dragonfly+,3701,95.26088588588588,325267868672.0,12
Dragonfly+,3702,95.26792417417418,325267868672.0,12
Dragonfly+,3703,95.27496246246248,325267868672.0,12
Dragonfly+,3704,95.28200075075075,325267868672.0,12
Dragonfly+,3705,95.28903903903904,325267868672.0,12
Dragonfly+,3706,95.29607732732732,325267868672.0,12
Dragonfly+,3707,95.30311561561562,325267868672.0,12
Dragonfly+,3708,95.3101539039039,325267868672.0,12
Dragonfly+,3709,95.3171921921922,325267868672.0,12
Dragonfly+,3710,95.32423048048048,325267868672.0,12
Dragonfly+,3711,95.33126876876878,325267868672.0,12
Dragonfly+,3712,95.33830705705707,325267868672.0,12
Dragonfly+,3713,95.34534534534536,325267868672.0,12
Dragonfly+,3714,95.35238363363364,325267868672.0,12
Dragonfly+,3715,95.35942192192192,325267868672.0,12
Dragonfly+,3716,95.36646021021022,325267868672.0,12
Dragonfly+,3717,95.3734984984985,325267868672.0,12
Dragonfly+,3718,95.38053678678678,325267868672.0,12
Dragonfly+,3719,95.38757507507506,325267868672.0,12
Dragonfly+,3720,95.39461336336336,325267868672.0,12
Dragonfly+,3721,95.40165165165166,325267868672.0,12
Dragonfly+,3722,95.40868993993995,325267868672.0,12
Dragonfly+,3723,95.41572822822822,325267868672.0,12
Dragonfly+,3724,95.42276651651652,325267868672.0,12
Dragonfly+,3725,95.4298048048048,325267868672.0,12
Dragonfly+,3726,95.4368430930931,325267868672.0,12
Dragonfly+,3727,95.44388138138136,325267868672.0,12
Dragonfly+,3728,95.45091966966966,325267868672.0,12
Dragonfly+,3729,95.45795795795794,325267868672.0,12
Dragonfly+,3730,95.46499624624624,325267868672.0,12
Dragonfly+,3731,95.47203453453454,325267868672.0,12
Dragonfly+,3732,95.47907282282283,325267868672.0,12
Dragonfly+,3733,95.4861111111111,325267868672.0,12
Dragonfly+,3734,95.4931493993994,325267868672.0,12
Dragonfly+,3735,95.50018768768768,325267868672.0,12
Dragonfly+,3736,95.50722597597598,325267868672.0,12
Dragonfly+,3737,95.51426426426424,325267868672.0,12
Dragonfly+,3738,95.52130255255254,325267868672.0,12
Dragonfly+,3739,95.52834084084084,325267868672.0,12
Dragonfly+,3740,95.53537912912913,325267868672.0,12
Dragonfly+,3741,95.54241741741741,325267868672.0,12
Dragonfly+,3742,95.54945570570571,325267868672.0,12
Dragonfly+,3743,95.55649399399401,325267868672.0,12
Dragonfly+,3744,95.56353228228228,325267868672.0,12
Dragonfly+,3745,95.57057057057057,325267868672.0,12
Dragonfly+,3746,95.57760885885885,325267868672.0,12
Dragonfly+,3747,95.58464714714715,325267868672.0,12
Dragonfly+,3748,95.59168543543545,325267868672.0,12
Dragonfly+,3749,95.59872372372372,325267868672.0,12
Dragonfly+,3750,95.60576201201201,325267868672.0,12
Dragonfly+,3751,95.61280030030031,325267868672.0,12
Dragonfly+,3752,95.6198385885886,325267868672.0,12
Dragonfly+,3753,95.62687687687689,325267868672.0,12
Dragonfly+,3754,95.63391516516515,325267868672.0,12
Dragonfly+,3755,95.64095345345345,325267868672.0,12
Dragonfly+,3756,95.64799174174175,325267868672.0,12
Dragonfly+,3757,95.65503003003005,325267868672.0,12
Dragonfly+,3758,95.66206831831833,325267868672.0,12
Dragonfly+,3759,95.66910660660659,325267868672.0,12
Dragonfly+,3760,95.6761448948949,325267868672.0,12
Dragonfly+,3761,95.68318318318319,325267868672.0,12
Dragonfly+,3762,95.69022147147149,325267868672.0,12
Dragonfly+,3763,95.69725975975977,325267868672.0,12
Dragonfly+,3764,95.70429804804805,325267868672.0,12
Dragonfly+,3765,95.71133633633633,325267868672.0,12
Dragonfly+,3766,95.71837462462463,325267868672.0,12
Dragonfly+,3767,95.72541291291293,325267868672.0,12
Dragonfly+,3768,95.73245120120119,325267868672.0,12
Dragonfly+,3769,95.73948948948949,325267868672.0,12
Dragonfly+,3770,95.74652777777779,325267868672.0,12
Dragonfly+,3771,95.75356606606606,325267868672.0,12
Dragonfly+,3772,95.76060435435436,325267868672.0,12
Dragonfly+,3773,95.76764264264266,325267868672.0,12
Dragonfly+,3774,95.77468093093093,325267868672.0,12
Dragonfly+,3775,95.78171921921923,325267868672.0,12
Dragonfly+,3776,95.7887575075075,325267868672.0,12
Dragonfly+,3777,95.7957957957958,325267868672.0,12
Dragonfly+,3778,95.80283408408407,325267868672.0,12
Dragonfly+,3779,95.80987237237237,325267868672.0,12
Dragonfly+,3780,95.81691066066065,325267868672.0,12
Dragonfly+,3781,95.82394894894894,325267868672.0,12
Dragonfly+,3782,95.83098723723724,325267868672.0,12
Dragonfly+,3783,95.83802552552554,325267868672.0,12
Dragonfly+,3784,95.84506381381384,325267868672.0,12
Dragonfly+,3785,95.8521021021021,325267868672.0,12
Dragonfly+,3786,95.85914039039038,325267868672.0,12
Dragonfly+,3787,95.8661786786787,325267868672.0,12
Dragonfly+,3788,95.87321696696695,325267868672.0,12
Dragonfly+,3789,95.88025525525525,325267868672.0,12
Dragonfly+,3790,95.88729354354354,325267868672.0,12
Dragonfly+,3791,95.89433183183182,325267868672.0,12
Dragonfly+,3792,95.90137012012012,325267868672.0,12
Dragonfly+,3793,95.90840840840842,325267868672.0,12
Dragonfly+,3794,95.91544669669669,325267868672.0,12
Dragonfly+,3795,95.92248498498498,325267868672.0,12
Dragonfly+,3796,95.92952327327328,325267868672.0,12
Dragonfly+,3797,95.93656156156156,325267868672.0,12
Dragonfly+,3798,95.94359984984983,325267868672.0,12
Dragonfly+,3799,95.95063813813813,325267868672.0,12
Dragonfly+,3800,95.95767642642642,325267868672.0,12
Dragonfly+,3801,95.96471471471473,325267868672.0,12
Dragonfly+,3802,95.971753003003,325267868672.0,12
Dragonfly+,3803,95.9787912912913,325267868672.0,12
Dragonfly+,3804,95.98582957957957,325267868672.0,12
Dragonfly+,3805,95.99286786786787,325267868672.0,12
Dragonfly+,3806,95.99990615615616,325267868672.0,12
Dragonfly+,3807,96.00694444444444,325267868672.0,12
Dragonfly+,3808,96.01398273273271,325267868672.0,12
Dragonfly+,3809,96.02102102102101,325267868672.0,12
Dragonfly+,3810,96.02805930930931,325267868672.0,12
Dragonfly+,3811,96.0350975975976,325267868672.0,12
Dragonfly+,3812,96.04213588588588,325267868672.0,12
Dragonfly+,3813,96.04917417417418,325267868672.0,12
Dragonfly+,3814,96.05621246246248,325267868672.0,12
Dragonfly+,3815,96.06325075075075,325267868672.0,12
Dragonfly+,3816,96.07028903903904,325267868672.0,12
Dragonfly+,3817,96.07732732732732,325267868672.0,12
Dragonfly+,3818,96.08436561561562,325267868672.0,12
Dragonfly+,3819,96.0914039039039,325267868672.0,12
Dragonfly+,3820,96.0984421921922,325267868672.0,12
Dragonfly+,3821,96.10548048048048,325267868672.0,12
Dragonfly+,3822,96.11251876876878,325267868672.0,12
Dragonfly+,3823,96.11955705705707,325267868672.0,12
Dragonfly+,3824,96.12659534534536,325267868672.0,12
Dragonfly+,3825,96.13363363363364,325267868672.0,12
Dragonfly+,3826,96.14067192192192,325267868672.0,12
Dragonfly+,3827,96.14771021021022,325267868672.0,12
Dragonfly+,3828,96.1547484984985,325267868672.0,12
Dragonfly+,3829,96.16178678678678,325267868672.0,12
Dragonfly+,3830,96.16882507507506,325267868672.0,12
Dragonfly+,3831,96.17586336336336,325267868672.0,12
Dragonfly+,3832,96.18290165165166,325267868672.0,12
Dragonfly+,3833,96.18993993993995,325267868672.0,12
Dragonfly+,3834,96.19697822822822,325267868672.0,12
Dragonfly+,3835,96.20401651651652,325267868672.0,12
Dragonfly+,3836,96.2110548048048,325267868672.0,12
Dragonfly+,3837,96.2180930930931,325267868672.0,12
Dragonfly+,3838,96.22513138138136,325267868672.0,12
Dragonfly+,3839,96.23216966966966,325267868672.0,12
Dragonfly+,3840,96.23920795795794,325267868672.0,12
Dragonfly+,3841,96.24624624624624,325267868672.0,12
Dragonfly+,3842,96.25328453453454,325267868672.0,12
Dragonfly+,3843,96.26032282282283,325267868672.0,12
Dragonfly+,3844,96.2673611111111,325267868672.0,12
Dragonfly+,3845,96.2743993993994,325267868672.0,12
Dragonfly+,3846,96.28143768768768,325267868672.0,12
Dragonfly+,3847,96.28847597597598,325267868672.0,12
Dragonfly+,3848,96.29551426426424,325267868672.0,12
Dragonfly+,3849,96.30255255255254,325267868672.0,12
Dragonfly+,3850,96.30959084084084,325267868672.0,12
Dragonfly+,3851,96.31662912912913,325267868672.0,12
Dragonfly+,3852,96.32366741741741,325267868672.0,12
Dragonfly+,3853,96.33070570570571,325267868672.0,12
Dragonfly+,3854,96.33774399399401,325267868672.0,12
Dragonfly+,3855,96.34478228228228,325267868672.0,12
Dragonfly+,3856,96.35182057057057,325267868672.0,12
Dragonfly+,3857,96.35885885885885,325267868672.0,12
Dragonfly+,3858,96.36589714714715,325267868672.0,12
Dragonfly+,3859,96.37293543543545,325267868672.0,12
Dragonfly+,3860,96.37997372372372,325267868672.0,12
Dragonfly+,3861,96.38701201201201,325267868672.0,12
Dragonfly+,3862,96.39405030030031,325267868672.0,12
Dragonfly+,3863,96.4010885885886,325267868672.0,12
Dragonfly+,3864,96.40812687687689,325267868672.0,12
Dragonfly+,3865,96.41516516516515,325267868672.0,12
Dragonfly+,3866,96.42220345345345,325267868672.0,12
Dragonfly+,3867,96.42924174174175,325267868672.0,12
Dragonfly+,3868,96.43628003003005,325267868672.0,12
Dragonfly+,3869,96.44331831831833,325267868672.0,12
Dragonfly+,3870,96.45035660660659,325267868672.0,12
Dragonfly+,3871,96.4573948948949,325267868672.0,12
Dragonfly+,3872,96.46443318318319,325267868672.0,12
Dragonfly+,3873,96.47147147147149,325267868672.0,12
Dragonfly+,3874,96.47850975975977,325267868672.0,12
Dragonfly+,3875,96.48554804804805,325267868672.0,12
Dragonfly+,3876,96.49258633633633,325267868672.0,12
Dragonfly+,3877,96.49962462462463,325267868672.0,12
Dragonfly+,3878,96.50666291291293,325267868672.0,12
Dragonfly+,3879,96.51370120120119,325267868672.0,12
Dragonfly+,3880,96.52073948948949,325267868672.0,12
Dragonfly+,3881,96.52777777777779,325267868672.0,12
Dragonfly+,3882,96.53481606606606,325267868672.0,12
Dragonfly+,3883,96.54185435435436,325267868672.0,12
Dragonfly+,3884,96.54889264264266,325267868672.0,12
Dragonfly+,3885,96.55593093093093,325267868672.0,12
Dragonfly+,3886,96.56296921921923,325267868672.0,12
Dragonfly+,3887,96.5700075075075,325267868672.0,12
Dragonfly+,3888,96.5770457957958,325267868672.0,12
Dragonfly+,3889,96.58408408408407,325267868672.0,12
Dragonfly+,3890,96.59112237237237,325267868672.0,12
Dragonfly+,3891,96.59816066066065,325267868672.0,12
Dragonfly+,3892,96.60519894894894,325267868672.0,12
Dragonfly+,3893,96.61223723723724,325267868672.0,12
Dragonfly+,3894,96.61927552552554,325267868672.0,12
Dragonfly+,3895,96.62631381381384,325267868672.0,12
Dragonfly+,3896,96.6333521021021,325267868672.0,12
Dragonfly+,3897,96.64039039039038,325267868672.0,12
Dragonfly+,3898,96.6474286786787,325267868672.0,12
Dragonfly+,3899,96.65446696696695,325267868672.0,12
Dragonfly+,3900,96.66150525525525,325267868672.0,12
Dragonfly+,3901,96.66854354354354,325267868672.0,12
Dragonfly+,3902,96.67558183183182,325267868672.0,12
Dragonfly+,3903,96.68262012012012,325267868672.0,12
Dragonfly+,3904,96.68965840840842,325267868672.0,12
Dragonfly+,3905,96.69669669669669,325267868672.0,12
Dragonfly+,3906,96.70373498498498,325267868672.0,12
Dragonfly+,3907,96.71077327327328,325267868672.0,12
Dragonfly+,3908,96.71781156156156,325267868672.0,12
Dragonfly+,3909,96.72484984984983,325267868672.0,12
Dragonfly+,3910,96.73188813813813,325267868672.0,12
Dragonfly+,3911,96.73892642642642,325267868672.0,12
Dragonfly+,3912,96.74596471471473,325267868672.0,12
Dragonfly+,3913,96.753003003003,325267868672.0,12
Dragonfly+,3914,96.7600412912913,325267868672.0,12
Dragonfly+,3915,96.76707957957957,325267868672.0,12
Dragonfly+,3916,96.77411786786787,325267868672.0,12
Dragonfly+,3917,96.78115615615616,325267868672.0,12
Dragonfly+,3918,96.78819444444444,325267868672.0,12
Dragonfly+,3919,96.79523273273271,325267868672.0,12
Dragonfly+,3920,96.80227102102101,325267868672.0,12
Dragonfly+,3921,96.80930930930931,325267868672.0,12
Dragonfly+,3922,96.8163475975976,325267868672.0,12
Dragonfly+,3923,96.82338588588588,325267868672.0,12
Dragonfly+,3924,96.83042417417418,325267868672.0,12
Dragonfly+,3925,96.83746246246248,325267868672.0,12
Dragonfly+,3926,96.84450075075075,325267868672.0,12
Dragonfly+,3927,96.85153903903904,325267868672.0,12
Dragonfly+,3928,96.85857732732732,325267868672.0,12
Dragonfly+,3929,96.86561561561562,325267868672.0,12
Dragonfly+,3930,96.8726539039039,325267868672.0,12
Dragonfly+,3931,96.8796921921922,325267868672.0,12
Dragonfly+,3932,96.88673048048048,325267868672.0,12
Dragonfly+,3933,96.89376876876878,325267868672.0,12
Dragonfly+,3934,96.90080705705707,325267868672.0,12
Dragonfly+,3935,96.90784534534536,325267868672.0,12
Dragonfly+,3936,96.91488363363364,325267868672.0,12
Dragonfly+,3937,96.92192192192192,325267868672.0,12
Dragonfly+,3938,96.92896021021022,325267868672.0,12
Dragonfly+,3939,96.9359984984985,325267868672.0,12
Dragonfly+,3940,96.94303678678678,325267868672.0,12
Dragonfly+,3941,96.95007507507506,325267868672.0,12
Dragonfly+,3942,96.95711336336336,325267868672.0,12
Dragonfly+,3943,96.96415165165166,325267868672.0,12
Dragonfly+,3944,96.97118993993995,325267868672.0,12
Dragonfly+,3945,96.97822822822822,325267868672.0,12
Dragonfly+,3946,96.98526651651652,325267868672.0,12
Dragonfly+,3947,96.9923048048048,325267868672.0,12
Dragonfly+,3948,96.9993430930931,325267868672.0,12
Dragonfly+,3949,97.00638138138136,325267868672.0,12
Dragonfly+,3950,97.01341966966966,325267868672.0,12
Dragonfly+,3951,97.02045795795794,325267868672.0,12
Dragonfly+,3952,97.02749624624624,325267868672.0,12
Dragonfly+,3953,97.03453453453454,325267868672.0,12
Dragonfly+,3954,97.04157282282283,325267868672.0,12
Dragonfly+,3955,97.0486111111111,325267868672.0,12
Dragonfly+,3956,97.0556493993994,325267868672.0,12
Dragonfly+,3957,97.06268768768768,325267868672.0,12
Dragonfly+,3958,97.06972597597598,325267868672.0,12
Dragonfly+,3959,97.07676426426424,325267868672.0,12
Dragonfly+,3960,97.08380255255254,325267868672.0,12
Dragonfly+,3961,97.09084084084084,325267868672.0,12
Dragonfly+,3962,97.09787912912913,325267868672.0,12
Dragonfly+,3963,97.10491741741741,325267868672.0,12
Dragonfly+,3964,97.11195570570571,325267868672.0,12
Dragonfly+,3965,97.11899399399401,325267868672.0,12
Dragonfly+,3966,97.12603228228228,325267868672.0,12
Dragonfly+,3967,97.13307057057057,325267868672.0,12
Dragonfly+,3968,97.14010885885885,325267868672.0,12
Dragonfly+,3969,97.14714714714715,325267868672.0,12
Dragonfly+,3970,97.15418543543545,325459801554.6667,12
Dragonfly+,3971,97.16122372372372,325459801554.6667,12
Dragonfly+,3972,97.16826201201201,325459801554.6667,12
Dragonfly+,3973,97.17530030030031,325459801554.6667,12
Dragonfly+,3974,97.1823385885886,325459801554.6667,12
Dragonfly+,3975,97.18937687687689,325459801554.6667,12
Dragonfly+,3976,97.19641516516515,325459801554.6667,12
Dragonfly+,3977,97.20345345345345,325459801554.6667,12
Dragonfly+,3978,97.21049174174175,325459801554.6667,12
Dragonfly+,3979,97.21753003003005,325459801554.6667,12
Dragonfly+,3980,97.22456831831833,325459801554.6667,12
Dragonfly+,3981,97.23160660660659,325459801554.6667,12
Dragonfly+,3982,97.2386448948949,325459801554.6667,12
Dragonfly+,3983,97.24568318318319,325459801554.6667,12
Dragonfly+,3984,97.25272147147149,325459801554.6667,12
Dragonfly+,3985,97.25975975975977,325459801554.6667,12
Dragonfly+,3986,97.26679804804805,325459801554.6667,12
Dragonfly+,3987,97.27383633633633,325459801554.6667,12
Dragonfly+,3988,97.28087462462463,325459801554.6667,12
Dragonfly+,3989,97.28791291291293,325459801554.6667,12
Dragonfly+,3990,97.29495120120119,325459801554.6667,12
Dragonfly+,3991,97.30198948948949,325459801554.6667,12
Dragonfly+,3992,97.30902777777779,325459801554.6667,12
Dragonfly+,3993,97.31606606606606,325459801554.6667,12
Dragonfly+,3994,97.32310435435436,325459801554.6667,12
Dragonfly+,3995,97.33014264264266,325459801554.6667,12
Dragonfly+,3996,97.33718093093093,325459801554.6667,12
Dragonfly+,3997,97.34421921921923,325459801554.6667,12
Dragonfly+,3998,97.3512575075075,325459801554.6667,12
Dragonfly+,3999,97.3582957957958,325459801554.6667,12
Dragonfly+,4000,97.36533408408407,325459801554.6667,12
Dragonfly+,4001,97.37237237237237,325459801554.6667,12
Dragonfly+,4002,97.37941066066065,325459801554.6667,12
Dragonfly+,4003,97.38644894894894,325459801554.6667,12
Dragonfly+,4004,97.39348723723724,325459801554.6667,12
Dragonfly+,4005,97.40052552552554,325459801554.6667,12
Dragonfly+,4006,97.40756381381384,325459801554.6667,12
Dragonfly+,4007,97.4146021021021,325459801554.6667,12
Dragonfly+,4008,97.42164039039038,325459801554.6667,12
Dragonfly+,4009,97.4286786786787,325459801554.6667,12
Dragonfly+,4010,97.43571696696695,325459801554.6667,12
Dragonfly+,4011,97.44275525525525,325459801554.6667,12
Dragonfly+,4012,97.44979354354354,325459801554.6667,12
Dragonfly+,4013,97.45683183183182,325459801554.6667,12
Dragonfly+,4014,97.46387012012012,325459801554.6667,12
Dragonfly+,4015,97.47090840840842,325459801554.6667,12
Dragonfly+,4016,97.47794669669669,325459801554.6667,12
Dragonfly+,4017,97.48498498498498,325459801554.6667,12
Dragonfly+,4018,97.49202327327328,325459801554.6667,12
Dragonfly+,4019,97.49906156156156,325459801554.6667,12
Dragonfly+,4020,97.50609984984983,325459801554.6667,12
Dragonfly+,4021,97.51313813813813,325459801554.6667,12
Dragonfly+,4022,97.52017642642642,325459801554.6667,12
Dragonfly+,4023,97.52721471471473,325459801554.6667,12
Dragonfly+,4024,97.534253003003,325459801554.6667,12
Dragonfly+,4025,97.5412912912913,325459801554.6667,12
Dragonfly+,4026,97.54832957957957,325459801554.6667,12
Dragonfly+,4027,97.55536786786787,325459801554.6667,12
Dragonfly+,4028,97.56240615615616,325459801554.6667,12
Dragonfly+,4029,97.56944444444444,325459801554.6667,12
Dragonfly+,4030,97.57648273273271,325459801554.6667,12
Dragonfly+,4031,97.58352102102101,325459801554.6667,12
Dragonfly+,4032,97.59055930930931,325459801554.6667,12
Dragonfly+,4033,97.5975975975976,325459801554.6667,12
Dragonfly+,4034,97.60463588588588,325459801554.6667,12
Dragonfly+,4035,97.61167417417418,325459801554.6667,12
Dragonfly+,4036,97.61871246246248,325459801554.6667,12
Dragonfly+,4037,97.62575075075075,325459801554.6667,12
Dragonfly+,4038,97.63278903903904,325459801554.6667,12
Dragonfly+,4039,97.63982732732732,325459801554.6667,12
Dragonfly+,4040,97.64686561561562,325459801554.6667,12
Dragonfly+,4041,97.6539039039039,325459801554.6667,12
Dragonfly+,4042,97.6609421921922,325459801554.6667,12
Dragonfly+,4043,97.66798048048048,325459801554.6667,12
Dragonfly+,4044,97.67501876876878,325459801554.6667,12
Dragonfly+,4045,97.68205705705707,325459801554.6667,12
Dragonfly+,4046,97.68909534534536,325459801554.6667,12
Dragonfly+,4047,97.69613363363364,325459801554.6667,12
Dragonfly+,4048,97.70317192192192,325459801554.6667,12
Dragonfly+,4049,97.71021021021022,325459801554.6667,12
Dragonfly+,4050,97.7172484984985,325459801554.6667,12
Dragonfly+,4051,97.72428678678678,325459801554.6667,12
Dragonfly+,4052,97.73132507507506,325459801554.6667,12
Dragonfly+,4053,97.73836336336336,325459801554.6667,12
Dragonfly+,4054,97.74540165165166,325459801554.6667,12
Dragonfly+,4055,97.75243993993995,325459801554.6667,12
Dragonfly+,4056,97.75947822822822,325459801554.6667,12
Dragonfly+,4057,97.76651651651652,325459801554.6667,12
Dragonfly+,4058,97.7735548048048,325459801554.6667,12
Dragonfly+,4059,97.7805930930931,325459801554.6667,12
Dragonfly+,4060,97.78763138138136,325459801554.6667,12
Dragonfly+,4061,97.79466966966966,325459801554.6667,12
Dragonfly+,4062,97.80170795795794,325459801554.6667,12
Dragonfly+,4063,97.80874624624624,325459801554.6667,12
Dragonfly+,4064,97.81578453453454,325459801554.6667,12
Dragonfly+,4065,97.82282282282283,325459801554.6667,12
Dragonfly+,4066,97.8298611111111,325459801554.6667,12
Dragonfly+,4067,97.8368993993994,325459801554.6667,12
Dragonfly+,4068,97.84393768768768,325459801554.6667,12
Dragonfly+,4069,97.85097597597598,325459801554.6667,12
Dragonfly+,4070,97.85801426426424,325459801554.6667,12
Dragonfly+,4071,97.86505255255254,325459801554.6667,12
Dragonfly+,4072,97.87209084084084,325459801554.6667,12
Dragonfly+,4073,97.87912912912913,325459801554.6667,12
Dragonfly+,4074,97.88616741741741,325459801554.6667,12
Dragonfly+,4075,97.89320570570571,325459801554.6667,12
Dragonfly+,4076,97.90024399399401,325459801554.6667,12
Dragonfly+,4077,97.90728228228228,325459801554.6667,12
Dragonfly+,4078,97.91432057057057,325459801554.6667,12
Dragonfly+,4079,97.92135885885885,325459801554.6667,12
Dragonfly+,4080,97.92839714714715,325459801554.6667,12
Dragonfly+,4081,97.93543543543545,325459801554.6667,12
Dragonfly+,4082,97.94247372372372,325459801554.6667,12
Dragonfly+,4083,97.94951201201201,325459801554.6667,12
Dragonfly+,4084,97.95655030030031,325459801554.6667,12
Dragonfly+,4085,97.9635885885886,325459801554.6667,12
Dragonfly+,4086,97.97062687687689,325459801554.6667,12
Dragonfly+,4087,97.97766516516515,325459801554.6667,12
Dragonfly+,4088,97.98470345345345,325459801554.6667,12
Dragonfly+,4089,97.99174174174175,325459801554.6667,12
Dragonfly+,4090,97.99878003003005,325459801554.6667,12
Dragonfly+,4091,98.00581831831833,325459801554.6667,12
Dragonfly+,4092,98.01285660660659,325459801554.6667,12
Dragonfly+,4093,98.0198948948949,325459801554.6667,12
Dragonfly+,4094,98.02693318318319,325459801554.6667,12
Dragonfly+,4095,98.03397147147149,325459801554.6667,12
Dragonfly+,4096,98.04100975975977,325459801554.6667,12
Dragonfly+,4097,98.04804804804805,325459801554.6667,12
Dragonfly+,4098,98.05508633633633,325524622149.3333,12
Dragonfly+,4099,98.06212462462463,325524622149.3333,12
Dragonfly+,4100,98.06916291291293,325524622149.3333,12
Dragonfly+,4101,98.07620120120119,325524622149.3333,12
Dragonfly+,4102,98.08323948948949,325524622149.3333,12
Dragonfly+,4103,98.09027777777779,325524622149.3333,12
Dragonfly+,4104,98.09731606606606,325524622149.3333,12
Dragonfly+,4105,98.10435435435436,325524622149.3333,12
Dragonfly+,4106,98.11139264264266,325524622149.3333,12
Dragonfly+,4107,98.11843093093093,325524622149.3333,12
Dragonfly+,4108,98.12546921921923,325524622149.3333,12
Dragonfly+,4109,98.1325075075075,325524622149.3333,12
Dragonfly+,4110,98.1395457957958,325524622149.3333,12
Dragonfly+,4111,98.14658408408407,325524622149.3333,12
Dragonfly+,4112,98.15362237237237,325524622149.3333,12
Dragonfly+,4113,98.16066066066065,325524622149.3333,12
Dragonfly+,4114,98.16769894894894,325524622149.3333,12
Dragonfly+,4115,98.17473723723724,325524622149.3333,12
Dragonfly+,4116,98.18177552552554,325524622149.3333,12
Dragonfly+,4117,98.18881381381384,325524622149.3333,12
Dragonfly+,4118,98.1958521021021,325524622149.3333,12
Dragonfly+,4119,98.20289039039038,325524622149.3333,12
Dragonfly+,4120,98.2099286786787,325524622149.3333,12
Dragonfly+,4121,98.21696696696695,325524622149.3333,12
Dragonfly+,4122,98.22400525525525,325524622149.3333,12
Dragonfly+,4123,98.23104354354354,325524622149.3333,12
Dragonfly+,4124,98.23808183183182,325524622149.3333,12
Dragonfly+,4125,98.24512012012012,325524622149.3333,12
Dragonfly+,4126,98.25215840840842,325524622149.3333,12
Dragonfly+,4127,98.25919669669669,325524622149.3333,12
Dragonfly+,4128,98.26623498498498,325524622149.3333,12
Dragonfly+,4129,98.27327327327328,325524622149.3333,12
Dragonfly+,4130,98.28031156156156,325524622149.3333,12
Dragonfly+,4131,98.28734984984983,325524622149.3333,12
Dragonfly+,4132,98.29438813813813,325524622149.3333,12
Dragonfly+,4133,98.30142642642642,325524622149.3333,12
Dragonfly+,4134,98.30846471471473,325524622149.3333,12
Dragonfly+,4135,98.315503003003,325524622149.3333,12
Dragonfly+,4136,98.3225412912913,325524622149.3333,12
Dragonfly+,4137,98.32957957957957,325524622149.3333,12
Dragonfly+,4138,98.33661786786787,325524622149.3333,12
Dragonfly+,4139,98.34365615615616,325524622149.3333,12
Dragonfly+,4140,98.35069444444444,325524622149.3333,12
Dragonfly+,4141,98.35773273273271,325524622149.3333,12
Dragonfly+,4142,98.36477102102101,325524622149.3333,12
Dragonfly+,4143,98.37180930930931,325524622149.3333,12
Dragonfly+,4144,98.3788475975976,325524622149.3333,12
Dragonfly+,4145,98.38588588588588,325524622149.3333,12
Dragonfly+,4146,98.39292417417418,325524622149.3333,12
Dragonfly+,4147,98.39996246246248,325524622149.3333,12
Dragonfly+,4148,98.40700075075075,325524622149.3333,12
Dragonfly+,4149,98.41403903903904,325524622149.3333,12
Dragonfly+,4150,98.42107732732732,325524622149.3333,12
Dragonfly+,4151,98.42811561561562,325524622149.3333,12
Dragonfly+,4152,98.4351539039039,325524622149.3333,12
Dragonfly+,4153,98.4421921921922,325524622149.3333,12
Dragonfly+,4154,98.44923048048048,325524622149.3333,12
Dragonfly+,4155,98.45626876876878,325524622149.3333,12
Dragonfly+,4156,98.46330705705707,325524622149.3333,12
Dragonfly+,4157,98.47034534534536,325524622149.3333,12
Dragonfly+,4158,98.47738363363364,325524622149.3333,12
Dragonfly+,4159,98.48442192192192,325524622149.3333,12
Dragonfly+,4160,98.49146021021022,325524622149.3333,12
Dragonfly+,4161,98.4984984984985,325524622149.3333,12
Dragonfly+,4162,98.50553678678678,325524622149.3333,12
Dragonfly+,4163,98.51257507507506,325524622149.3333,12
Dragonfly+,4164,98.51961336336336,325524622149.3333,12
Dragonfly+,4165,98.52665165165166,325524622149.3333,12
Dragonfly+,4166,98.53368993993995,325524622149.3333,12
Dragonfly+,4167,98.54072822822822,325524622149.3333,12
Dragonfly+,4168,98.54776651651652,325524622149.3333,12
Dragonfly+,4169,98.5548048048048,325524622149.3333,12
Dragonfly+,4170,98.5618430930931,325524622149.3333,12
Dragonfly+,4171,98.56888138138136,325524622149.3333,12
Dragonfly+,4172,98.57591966966966,325524622149.3333,12
Dragonfly+,4173,98.58295795795794,325524622149.3333,12
Dragonfly+,4174,98.58999624624624,325524622149.3333,12
Dragonfly+,4175,98.59703453453454,325524622149.3333,12
Dragonfly+,4176,98.60407282282283,325524622149.3333,12
Dragonfly+,4177,98.6111111111111,325524622149.3333,12
Dragonfly+,4178,98.6181493993994,325524622149.3333,12
Dragonfly+,4179,98.62518768768768,325524622149.3333,12
Dragonfly+,4180,98.63222597597598,325524622149.3333,12
Dragonfly+,4181,98.63926426426424,325524622149.3333,12
Dragonfly+,4182,98.64630255255254,325524622149.3333,12
Dragonfly+,4183,98.65334084084084,325524622149.3333,12
Dragonfly+,4184,98.66037912912913,325524622149.3333,12
Dragonfly+,4185,98.66741741741741,325524622149.3333,12
Dragonfly+,4186,98.67445570570571,325524622149.3333,12
Dragonfly+,4187,98.68149399399401,325524622149.3333,12
Dragonfly+,4188,98.68853228228228,325524622149.3333,12
Dragonfly+,4189,98.69557057057057,325524622149.3333,12
Dragonfly+,4190,98.70260885885885,325524622149.3333,12
Dragonfly+,4191,98.70964714714715,325524622149.3333,12
Dragonfly+,4192,98.71668543543545,325524622149.3333,12
Dragonfly+,4193,98.72372372372372,325524622149.3333,12
Dragonfly+,4194,98.73076201201201,325524622149.3333,12
Dragonfly+,4195,98.73780030030031,325524622149.3333,12
Dragonfly+,4196,98.7448385885886,325524622149.3333,12
Dragonfly+,4197,98.75187687687689,325524622149.3333,12
Dragonfly+,4198,98.75891516516515,325524622149.3333,12
Dragonfly+,4199,98.76595345345345,325524622149.3333,12
Dragonfly+,4200,98.77299174174175,325524622149.3333,12
Dragonfly+,4201,98.78003003003005,325524622149.3333,12
Dragonfly+,4202,98.78706831831833,325524622149.3333,12
Dragonfly+,4203,98.79410660660659,325524622149.3333,12
Dragonfly+,4204,98.8011448948949,325524622149.3333,12
Dragonfly+,4205,98.80818318318319,325524622149.3333,12
Dragonfly+,4206,98.81522147147149,325524622149.3333,12
Dragonfly+,4207,98.82225975975977,325524622149.3333,12
Dragonfly+,4208,98.82929804804805,325524622149.3333,12
Dragonfly+,4209,98.83633633633633,325524622149.3333,12
Dragonfly+,4210,98.84337462462463,325524622149.3333,12
Dragonfly+,4211,98.85041291291293,325524622149.3333,12
Dragonfly+,4212,98.85745120120119,325524622149.3333,12
Dragonfly+,4213,98.86448948948949,325524622149.3333,12
Dragonfly+,4214,98.87152777777779,325524622149.3333,12
Dragonfly+,4215,98.87856606606606,325524622149.3333,12
Dragonfly+,4216,98.88560435435436,325524622149.3333,12
Dragonfly+,4217,98.89264264264266,325524622149.3333,12
Dragonfly+,4218,98.89968093093093,325524622149.3333,12
Dragonfly+,4219,98.90671921921923,325524622149.3333,12
Dragonfly+,4220,98.9137575075075,325524622149.3333,12
Dragonfly+,4221,98.9207957957958,325524622149.3333,12
Dragonfly+,4222,98.92783408408407,325524622149.3333,12
Dragonfly+,4223,98.93487237237237,325524622149.3333,12
Dragonfly+,4224,98.94191066066065,325524622149.3333,12
Dragonfly+,4225,98.94894894894894,325524622149.3333,12
Dragonfly+,4226,98.94894894894894,325524622149.3333,10
Dragonfly+,4227,98.94894894894894,325524622149.3333,10
Dragonfly+,4228,98.94894894894894,325524622149.3333,10
Dragonfly+,4229,98.94894894894894,325524622149.3333,10
Dragonfly+,4230,98.94894894894894,325524622149.3333,10
Dragonfly+,4231,98.94894894894894,325524622149.3333,10
Dragonfly+,4232,98.94894894894894,325524622149.3333,10
Dragonfly+,4233,98.94894894894894,325524622149.3333,10
Dragonfly+,4234,98.94894894894894,325524622149.3333,10
Dragonfly+,4235,98.94894894894894,325524622149.3333,10
Dragonfly+,4236,98.94894894894894,325524622149.3333,10
Dragonfly+,4237,98.94894894894894,325524622149.3333,10
Dragonfly+,4238,98.94894894894894,325524622149.3333,10
Dragonfly+,4239,98.94894894894894,325524622149.3333,10
Dragonfly+,4240,98.94894894894894,325524622149.3333,10
Dragonfly+,4241,98.94894894894894,325524622149.3333,10
Dragonfly+,4242,98.94894894894894,325524622149.3333,10
Dragonfly+,4243,98.94894894894894,325524622149.3333,10
Dragonfly+,4244,98.94894894894894,325524622149.3333,10
Dragonfly+,4245,98.94894894894894,325524622149.3333,10
Dragonfly+,4246,98.94894894894894,325524622149.3333,10
Dragonfly+,4247,98.94894894894894,325524622149.3333,10
Dragonfly+,4248,98.94894894894894,325524622149.3333,10
Dragonfly+,4249,98.94894894894894,325524622149.3333,10
Dragonfly+,4250,98.94894894894894,325524622149.3333,10
Dragonfly+,4251,98.94894894894894,325524622149.3333,10
Dragonfly+,4252,98.94894894894894,325524622149.3333,10
Dragonfly+,4253,98.94894894894894,325524622149.3333,10
Dragonfly+,4254,98.94894894894894,325524622149.3333,10
Dragonfly+,4255,98.9498873873874,325524622149.3333,10
Dragonfly+,4256,98.95692567567566,325524622149.3333,10
Dragonfly+,4257,98.96396396396396,325524622149.3333,10
Dragonfly+,4258,98.97100225225226,325524622149.3333,10
Dragonfly+,4259,98.97804054054055,325524622149.3333,10
Dragonfly+,4260,98.98507882882883,325524622149.3333,10
Dragonfly+,4261,98.9921171171171,325524622149.3333,10
Dragonfly+,4262,98.99915540540542,325524622149.3333,10
Dragonfly+,4263,99.00619369369369,325524622149.3333,10
Dragonfly+,4264,99.01323198198199,325524622149.3333,10
Dragonfly+,4265,99.02027027027027,325524622149.3333,10
Dragonfly+,4266,99.02730855855857,325524622149.3333,10
Dragonfly+,4267,99.03434684684684,325524622149.3333,10
Dragonfly+,4268,99.04138513513514,325524622149.3333,10
Dragonfly+,4269,99.04842342342343,325524622149.3333,10
Dragonfly+,4270,99.0554617117117,325524622149.3333,10
Dragonfly+,4271,99.06250000000001,325524622149.3333,10
Dragonfly+,4272,99.0695382882883,325524622149.3333,10
Dragonfly+,4273,99.07657657657657,325524622149.3333,10
Dragonfly+,4274,99.08361486486486,325524622149.3333,10
Dragonfly+,4275,99.09065315315316,325524622149.3333,10
Dragonfly+,4276,99.09769144144146,325524622149.3333,10
Dragonfly+,4277,99.10472972972973,325524622149.3333,10
Dragonfly+,4278,99.11176801801801,325524622149.3333,10
Dragonfly+,4279,99.11880630630631,325524622149.3333,10
Dragonfly+,4280,99.12584459459461,325524622149.3333,10
Dragonfly+,4281,99.1328828828829,325524622149.3333,10
Dragonfly+,4282,99.13992117117115,325524622149.3333,10
Dragonfly+,4283,99.14695945945945,325524622149.3333,10
Dragonfly+,4284,99.15399774774774,325524622149.3333,10
Dragonfly+,4285,99.16103603603604,325524622149.3333,10
Dragonfly+,4286,99.16807432432434,325524622149.3333,10
Dragonfly+,4287,99.1751126126126,325524622149.3333,10
Dragonfly+,4288,99.1821509009009,325524622149.3333,10
Dragonfly+,4289,99.1891891891892,325524622149.3333,10
Dragonfly+,4290,99.19622747747746,325524622149.3333,10
Dragonfly+,4291,99.20326576576576,325524622149.3333,10
Dragonfly+,4292,99.21030405405403,325524622149.3333,10
Dragonfly+,4293,99.21734234234233,325524622149.3333,10
Dragonfly+,4294,99.22438063063063,325524622149.3333,10
Dragonfly+,4295,99.23141891891892,325524622149.3333,10
Dragonfly+,4296,99.2384572072072,325524622149.3333,10
Dragonfly+,4297,99.24549549549548,325524622149.3333,10
Dragonfly+,4298,99.25253378378379,325524622149.3333,10
Dragonfly+,4299,99.25957207207207,325524622149.3333,10
Dragonfly+,4300,99.26661036036035,325524622149.3333,10
Dragonfly+,4301,99.27364864864865,325524622149.3333,10
Dragonfly+,4302,99.28068693693695,325524622149.3333,10
Dragonfly+,4303,99.28772522522523,325524622149.3333,10
Dragonfly+,4304,99.29476351351352,325524622149.3333,10
Dragonfly+,4305,99.3018018018018,325524622149.3333,10
Dragonfly+,4306,99.30884009009009,325524622149.3333,10
Dragonfly+,4307,99.3158783783784,325524622149.3333,10
Dragonfly+,4308,99.32291666666667,325524622149.3333,10
Dragonfly+,4309,99.32995495495496,325524622149.3333,10
Dragonfly+,4310,99.33699324324324,325524622149.3333,10
Dragonfly+,4311,99.34403153153154,325524622149.3333,10
Dragonfly+,4312,99.35106981981983,325524622149.3333,10
Dragonfly+,4313,99.35810810810811,325524622149.3333,10
Dragonfly+,4314,99.3651463963964,325524622149.3333,10
Dragonfly+,4315,99.3721846846847,325524622149.3333,10
Dragonfly+,4316,99.37922297297298,325524622149.3333,10
Dragonfly+,4317,99.38626126126128,325524622149.3333,10
Dragonfly+,4318,99.39329954954955,325524622149.3333,10
Dragonfly+,4319,99.40033783783784,325524622149.3333,10
Dragonfly+,4320,99.40737612612614,325524622149.3333,10
Dragonfly+,4321,99.41441441441442,325524622149.3333,10
Dragonfly+,4322,99.42145270270271,325524622149.3333,10
Dragonfly+,4323,99.42849099099098,325524622149.3333,10
Dragonfly+,4324,99.43552927927928,325524622149.3333,10
Dragonfly+,4325,99.44256756756758,325524622149.3333,10
Dragonfly+,4326,99.44960585585584,325524622149.3333,10
Dragonfly+,4327,99.45664414414414,325524622149.3333,10
Dragonfly+,4328,99.46368243243244,325524622149.3333,10
Dragonfly+,4329,99.47072072072072,325524622149.3333,10
Dragonfly+,4330,99.47775900900902,325524622149.3333,10
Dragonfly+,4331,99.48479729729729,325524622149.3333,10
Dragonfly+,4332,99.49183558558558,325524622149.3333,10
Dragonfly+,4333,99.49887387387386,325524622149.3333,10
Dragonfly+,4334,99.50591216216216,325524622149.3333,10
Dragonfly+,4335,99.51295045045045,325524622149.3333,10
Dragonfly+,4336,99.51998873873872,325524622149.3333,10
Dragonfly+,4337,99.52702702702702,325524622149.3333,10
Dragonfly+,4338,99.53406531531532,325524622149.3333,10
Dragonfly+,4339,99.5411036036036,325524622149.3333,10
Dragonfly+,4340,99.54814189189189,325524622149.3333,10
Dragonfly+,4341,99.55518018018017,325524622149.3333,10
Dragonfly+,4342,99.56221846846847,325524622149.3333,10
Dragonfly+,4343,99.56925675675674,325524622149.3333,10
Dragonfly+,4344,99.57629504504504,325524622149.3333,10
Dragonfly+,4345,99.58333333333333,325524622149.3333,10
Dragonfly+,4346,99.5903716216216,325524622149.3333,10
Dragonfly+,4347,99.59740990990991,325524622149.3333,10
Dragonfly+,4348,99.60444819819818,325524622149.3333,10
Dragonfly+,4349,99.61148648648648,325524622149.3333,10
Dragonfly+,4350,99.61852477477476,325524622149.3333,10
Dragonfly+,4351,99.62556306306308,325524622149.3333,10
Dragonfly+,4352,99.63260135135135,325524622149.3333,10
Dragonfly+,4353,99.63963963963963,325524622149.3333,10
Dragonfly+,4354,99.63963963963963,325524622149.3333,4
Dragonfly+,4355,99.63963963963963,325524622149.3333,4
Dragonfly+,4356,99.63963963963963,325524622149.3333,4
Dragonfly+,4357,99.63963963963963,325524622149.3333,4
Dragonfly+,4358,99.63963963963963,325524622149.3333,4
Dragonfly+,4359,99.63963963963963,325524622149.3333,4
Dragonfly+,4360,99.63963963963963,325524622149.3333,4
Dragonfly+,4361,99.63963963963963,325524622149.3333,4
Dragonfly+,4362,99.63963963963963,325524622149.3333,4
Dragonfly+,4363,99.63963963963963,325524622149.3333,4
Dragonfly+,4364,99.63963963963963,325524622149.3333,4
Dragonfly+,4365,99.63963963963963,325524622149.3333,4
Dragonfly+,4366,99.63963963963963,325524622149.3333,4
Dragonfly+,4367,99.63963963963963,325524622149.3333,4
Dragonfly+,4368,99.63963963963963,325524622149.3333,4
Dragonfly+,4369,99.63963963963963,325524622149.3333,4
Dragonfly+,4370,99.63963963963963,325524622149.3333,4
Dragonfly+,4371,99.63963963963963,325524622149.3333,4
Dragonfly+,4372,99.63963963963963,325524622149.3333,4
Dragonfly+,4373,99.63963963963963,325524622149.3333,4
Dragonfly+,4374,99.63963963963963,325524622149.3333,4
Dragonfly+,4375,99.63963963963963,325524622149.3333,4
Dragonfly+,4376,99.63963963963963,325524622149.3333,4
Dragonfly+,4377,99.63963963963963,325524622149.3333,4
Dragonfly+,4378,99.63963963963963,325524622149.3333,4
Dragonfly+,4379,99.63963963963963,325524622149.3333,4
Dragonfly+,4380,99.63963963963963,325524622149.3333,4
Dragonfly+,4381,99.63963963963963,325524622149.3333,4
Dragonfly+,4382,99.63963963963963,325524622149.3333,4
Dragonfly+,4383,99.63963963963963,325524622149.3333,4
Dragonfly+,4384,99.63963963963963,325524622149.3333,4
Dragonfly+,4385,99.63963963963963,325524622149.3333,4
Dragonfly+,4386,99.63963963963963,325524622149.3333,4
Dragonfly+,4387,99.63963963963963,325524622149.3333,4
Dragonfly+,4388,99.63963963963963,325524622149.3333,4
Dragonfly+,4389,99.63963963963963,325524622149.3333,4
Dragonfly+,4390,99.63963963963963,325524622149.3333,4
Dragonfly+,4391,99.63963963963963,325524622149.3333,4
Dragonfly+,4392,99.63963963963963,325524622149.3333,4
Dragonfly+,4393,99.63963963963963,325524622149.3333,4
Dragonfly+,4394,99.63963963963963,325524622149.3333,4
Dragonfly+,4395,99.63963963963963,325524622149.3333,4
Dragonfly+,4396,99.63963963963963,325524622149.3333,4
Dragonfly+,4397,99.63963963963963,325524622149.3333,4
Dragonfly+,4398,99.63963963963963,325524622149.3333,4
Dragonfly+,4399,99.63963963963963,325524622149.3333,4
Dragonfly+,4400,99.63963963963963,325524622149.3333,4
Dragonfly+,4401,99.63963963963963,325524622149.3333,4
Dragonfly+,4402,99.63963963963963,325524622149.3333,4
Dragonfly+,4403,99.63963963963963,325524622149.3333,4
Dragonfly+,4404,99.63963963963963,325524622149.3333,4
Dragonfly+,4405,99.63963963963963,325524622149.3333,4
Dragonfly+,4406,99.63963963963963,325524622149.3333,4
Dragonfly+,4407,99.63963963963963,325524622149.3333,4
Dragonfly+,4408,99.63963963963963,325524622149.3333,4
Dragonfly+,4409,99.63963963963963,325524622149.3333,4
Dragonfly+,4410,99.63963963963963,325524622149.3333,4
Dragonfly+,4411,99.63963963963963,325524622149.3333,4
Dragonfly+,4412,99.63963963963963,325524622149.3333,4
Dragonfly+,4413,99.63963963963963,325524622149.3333,4
Dragonfly+,4414,99.63963963963963,325524622149.3333,4
Dragonfly+,4415,99.63963963963963,325524622149.3333,4
Dragonfly+,4416,99.63963963963963,325524622149.3333,4
Dragonfly+,4417,99.63963963963963,325524622149.3333,4
Dragonfly+,4418,99.63963963963963,325524622149.3333,4
Dragonfly+,4419,99.63963963963963,325524622149.3333,4
Dragonfly+,4420,99.63963963963963,325524622149.3333,4
Dragonfly+,4421,99.63963963963963,325524622149.3333,4
Dragonfly+,4422,99.63963963963963,325524622149.3333,4
Dragonfly+,4423,99.63963963963963,325524622149.3333,4
Dragonfly+,4424,99.63963963963963,325524622149.3333,4
Dragonfly+,4425,99.63963963963963,325524622149.3333,4
Dragonfly+,4426,99.63963963963963,325524622149.3333,4
Dragonfly+,4427,99.63963963963963,325524622149.3333,4
Dragonfly+,4428,99.63963963963963,325524622149.3333,4
Dragonfly+,4429,99.63963963963963,325524622149.3333,4
Dragonfly+,4430,99.6410472972973,325524622149.3333,4
Dragonfly+,4431,99.6480855855856,325524622149.3333,4
Dragonfly+,4432,99.65512387387388,325524622149.3333,4
Dragonfly+,4433,99.66216216216216,325524622149.3333,4
Dragonfly+,4434,99.66920045045045,325524622149.3333,4
Dragonfly+,4435,99.67623873873876,325524622149.3333,4
Dragonfly+,4436,99.68327702702705,325524622149.3333,4
Dragonfly+,4437,99.69031531531532,325524622149.3333,4
Dragonfly+,4438,99.6973536036036,325524622149.3333,4
Dragonfly+,4439,99.7043918918919,325524622149.3333,4
Dragonfly+,4440,99.7114301801802,325524622149.3333,4
Dragonfly+,4441,99.71846846846849,325524622149.3333,4
Dragonfly+,4442,99.72550675675676,325524622149.3333,4
Dragonfly+,4443,99.73254504504504,325524622149.3333,4
Dragonfly+,4444,99.73958333333334,325524622149.3333,4
Dragonfly+,4445,99.74662162162164,325524622149.3333,4
Dragonfly+,4446,99.75365990990991,325524622149.3333,4
Dragonfly+,4447,99.7606981981982,325524622149.3333,4
Dragonfly+,4448,99.76773648648648,325524622149.3333,4
Dragonfly+,4449,99.77477477477478,325524622149.3333,4
Dragonfly+,4450,99.78181306306308,325524622149.3333,4
Dragonfly+,4451,99.78885135135135,325524622149.3333,4
Dragonfly+,4452,99.79588963963964,325524622149.3333,4
Dragonfly+,4453,99.80292792792793,325524622149.3333,4
Dragonfly+,4454,99.8099662162162,325524622149.3333,4
Dragonfly+,4455,99.8170045045045,325524622149.3333,4
Dragonfly+,4456,99.8240427927928,325524622149.3333,4
Dragonfly+,4457,99.83108108108108,325524622149.3333,4
Dragonfly+,4458,99.83811936936937,325524622149.3333,4
Dragonfly+,4459,99.84515765765764,325524622149.3333,4
Dragonfly+,4460,99.85219594594594,325524622149.3333,4
Dragonfly+,4461,99.85923423423422,325524622149.3333,4
Dragonfly+,4462,99.86627252252252,325524622149.3333,4
Dragonfly+,4463,99.8733108108108,325524622149.3333,4
Dragonfly+,4464,99.88034909909908,325524622149.3333,4
Dragonfly+,4465,99.88738738738738,325524622149.3333,4
Dragonfly+,4466,99.89442567567568,325524622149.3333,4
Dragonfly+,4467,99.90146396396396,325524622149.3333,4
Dragonfly+,4468,99.90850225225223,325524622149.3333,4
Dragonfly+,4469,99.91554054054052,325524622149.3333,4
Dragonfly+,4470,99.92257882882885,325524622149.3333,4
Dragonfly+,4471,99.92961711711712,325524622149.3333,4
Dragonfly+,4472,99.9366554054054,325524622149.3333,4
Dragonfly+,4473,99.94369369369367,325524622149.3333,4
Dragonfly+,4474,99.95073198198196,325524622149.3333,4
Dragonfly+,4475,99.95777027027027,325524622149.3333,4
Dragonfly+,4476,99.96480855855856,325524622149.3333,4
Dragonfly+,4477,99.97184684684684,325524622149.3333,4
Dragonfly+,4478,99.97888513513512,325524622149.3333,4
Dragonfly+,4479,99.98592342342344,325524622149.3333,4
Dragonfly+,4480,99.99296171171171,325524622149.3333,4
Dragonfly+,4481,100.0,325524622149.3333,4
